date,adjClose
2013-01-02 00:00:00+00:00,69.1545435786
2013-01-03 00:00:00+00:00,69.8202022868
2013-01-04 00:00:00+00:00,70.2048050961
2013-01-07 00:00:00+00:00,70.4192951243
2013-01-08 00:00:00+00:00,69.5243539721
2013-01-09 00:00:00+00:00,69.8497871183
2013-01-10 00:00:00+00:00,70.323144422
2013-01-11 00:00:00+00:00,70.4045027085
2013-01-14 00:00:00+00:00,69.9903150678
2013-01-15 00:00:00+00:00,70.7595206863
2013-01-16 00:00:00+00:00,70.4045027085
2013-01-17 00:00:00+00:00,70.7817093099
2013-01-18 00:00:00+00:00,72.2017812208
2013-01-22 00:00:00+00:00,72.2757432995
2013-01-23 00:00:00+00:00,71.6322732148
2013-01-24 00:00:00+00:00,71.4473680181
2013-01-25 00:00:00+00:00,70.6929548154
2013-01-28 00:00:00+00:00,72.076045687
2013-01-29 00:00:00+00:00,72.926609592
2013-01-30 00:00:00+00:00,72.9635906313
2013-01-31 00:00:00+00:00,72.7712892267
2013-02-01 00:00:00+00:00,73.5848720924
2013-02-04 00:00:00+00:00,72.6751385244
2013-02-05 00:00:00+00:00,72.8082702661
2013-02-06 00:00:00+00:00,72.2609508837
2013-02-07 00:00:00+00:00,71.0849538325
2013-02-08 00:00:00+00:00,71.6322732148
2013-02-11 00:00:00+00:00,71.4473680181
2013-02-12 00:00:00+00:00,71.905932906
2013-02-13 00:00:00+00:00,71.284651445
2013-02-14 00:00:00+00:00,71.055369001
2013-02-15 00:00:00+00:00,70.715143439
2013-02-19 00:00:00+00:00,70.7077472312
2013-02-20 00:00:00+00:00,68.9474497583
2013-02-21 00:00:00+00:00,67.6974906283
2013-02-22 00:00:00+00:00,67.7048868362
2013-02-25 00:00:00+00:00,65.9445893633
2013-02-26 00:00:00+00:00,66.528889785
2013-02-27 00:00:00+00:00,68.2300175949
2013-02-28 00:00:00+00:00,68.3187720894
2013-03-01 00:00:00+00:00,67.5717550946
2013-03-04 00:00:00+00:00,66.3809656276
2013-03-05 00:00:00+00:00,66.7211911896
2013-03-06 00:00:00+00:00,66.299607341
2013-03-07 00:00:00+00:00,66.3070035489
2013-03-08 00:00:00+00:00,66.9430774257
2013-03-11 00:00:00+00:00,67.4386233529
2013-03-12 00:00:00+00:00,66.3735694197
2013-03-13 00:00:00+00:00,66.0333438577
2013-03-14 00:00:00+00:00,65.6043638013
2013-03-15 00:00:00+00:00,65.7005145036
2013-03-18 00:00:00+00:00,66.0925135207
2013-03-19 00:00:00+00:00,65.2863268629
2013-03-20 00:00:00+00:00,64.3026312163
2013-03-21 00:00:00+00:00,64.2212729297
2013-03-22 00:00:00+00:00,64.7020264412
2013-03-25 00:00:00+00:00,64.0807449802
2013-03-26 00:00:00+00:00,64.3470084635
2013-03-27 00:00:00+00:00,64.2730463848
2013-03-28 00:00:00+00:00,64.3248198399
2013-04-01 00:00:00+00:00,63.3411241933
2013-04-02 00:00:00+00:00,62.7790123952
2013-04-03 00:00:00+00:00,62.2169005971
2013-04-04 00:00:00+00:00,62.5941071985
2013-04-05 00:00:00+00:00,62.5719185749
2013-04-08 00:00:00+00:00,62.2686740522
2013-04-09 00:00:00+00:00,63.5334255979
2013-04-10 00:00:00+00:00,64.0289715251
2013-04-11 00:00:00+00:00,63.3855014405
2013-04-12 00:00:00+00:00,62.904747929
2013-04-15 00:00:00+00:00,60.8486021413
2013-04-16 00:00:00+00:00,61.1000732089
2013-04-17 00:00:00+00:00,60.2569055118
2013-04-18 00:00:00+00:00,59.8944913262
2013-04-19 00:00:00+00:00,59.8721593011
2013-04-22 00:00:00+00:00,61.5693932089
2013-04-23 00:00:00+00:00,62.604110372
2013-04-24 00:00:00+00:00,62.3659021042
2013-04-25 00:00:00+00:00,62.9093147151
2013-04-26 00:00:00+00:00,63.0358628573
2013-04-29 00:00:00+00:00,63.1251909577
2013-04-30 00:00:00+00:00,63.0284188489
2013-05-01 00:00:00+00:00,61.8448215185
2013-05-02 00:00:00+00:00,62.7232145059
2013-05-03 00:00:00+00:00,64.7479847819
2013-05-06 00:00:00+00:00,65.2020692923
2013-05-07 00:00:00+00:00,66.8397511332
2013-05-08 00:00:00+00:00,67.2268395683
2013-05-09 00:00:00+00:00,66.9588552671
2013-05-10 00:00:00+00:00,65.9688021542
2013-05-13 00:00:00+00:00,65.5593816939
2013-05-14 00:00:00+00:00,65.1722932588
2013-05-15 00:00:00+00:00,64.7628727986
2013-05-16 00:00:00+00:00,64.5991046145
2013-05-17 00:00:00+00:00,65.2616213592
2013-05-20 00:00:00+00:00,65.7529259115
2013-05-21 00:00:00+00:00,65.581713719
2013-05-22 00:00:00+00:00,65.2839533843
2013-05-23 00:00:00+00:00,64.7256527568
2013-05-24 00:00:00+00:00,64.1747961376
2013-05-28 00:00:00+00:00,64.1599081208
2013-05-29 00:00:00+00:00,64.3832283719
2013-05-30 00:00:00+00:00,64.3236763049
2013-05-31 00:00:00+00:00,63.8695917945
2013-06-03 00:00:00+00:00,64.1152440706
2013-06-04 00:00:00+00:00,63.9589198949
2013-06-05 00:00:00+00:00,62.8423186397
2013-06-06 00:00:00+00:00,62.5296702883
2013-06-07 00:00:00+00:00,63.0135308322
2013-06-10 00:00:00+00:00,62.380790121
2013-06-11 00:00:00+00:00,62.1723578867
2013-06-12 00:00:00+00:00,61.9415936273
2013-06-13 00:00:00+00:00,63.3782872422
2013-06-14 00:00:00+00:00,62.4328981795
2013-06-17 00:00:00+00:00,62.4701182214
2013-06-18 00:00:00+00:00,62.9390907485
2013-06-19 00:00:00+00:00,62.7157704975
2013-06-20 00:00:00+00:00,61.9341496189
2013-06-21 00:00:00+00:00,61.874597552
2013-06-24 00:00:00+00:00,60.6835562131
2013-06-25 00:00:00+00:00,61.2865208909
2013-06-26 00:00:00+00:00,61.1153086984
2013-06-27 00:00:00+00:00,61.7554934181
2013-06-28 00:00:00+00:00,61.4056250248
2013-07-01 00:00:00+00:00,61.5768372172
2013-07-02 00:00:00+00:00,61.3981810164
2013-07-03 00:00:00+00:00,60.9292084893
2013-07-05 00:00:00+00:00,61.1450847319
2013-07-08 00:00:00+00:00,61.9341496189
2013-07-09 00:00:00+00:00,63.5197234012
2013-07-10 00:00:00+00:00,63.2442950916
2013-07-11 00:00:00+00:00,64.5395525476
2013-07-12 00:00:00+00:00,64.8894209409
2013-07-15 00:00:00+00:00,65.0606331333
2013-07-16 00:00:00+00:00,65.6338217776
2013-07-17 00:00:00+00:00,64.5172205225
2013-07-18 00:00:00+00:00,64.2566802296
2013-07-19 00:00:00+00:00,64.2042074389
2013-07-22 00:00:00+00:00,64.4665713923
2013-07-23 00:00:00+00:00,64.1067579705
2013-07-24 00:00:00+00:00,62.5475664764
2013-07-25 00:00:00+00:00,61.5730717926
2013-07-26 00:00:00+00:00,61.513102889
2013-07-29 00:00:00+00:00,62.2327297324
2013-07-30 00:00:00+00:00,62.3601636526
2013-07-31 00:00:00+00:00,62.1502724899
2013-08-01 00:00:00+00:00,63.2971777717
2013-08-02 00:00:00+00:00,63.1922321903
2013-08-05 00:00:00+00:00,62.6375198318
2013-08-06 00:00:00+00:00,61.8654201977
2013-08-07 00:00:00+00:00,61.7904590682
2013-08-08 00:00:00+00:00,62.9373643499
2013-08-09 00:00:00+00:00,63.3496505623
2013-08-12 00:00:00+00:00,64.7064470068
2013-08-13 00:00:00+00:00,64.8938498306
2013-08-14 00:00:00+00:00,64.3316413591
2013-08-15 00:00:00+00:00,64.3616258109
2013-08-16 00:00:00+00:00,63.8368979043
2013-08-19 00:00:00+00:00,63.1172710608
2013-08-20 00:00:00+00:00,62.8624032204
2013-08-21 00:00:00+00:00,62.1727608288
2013-08-22 00:00:00+00:00,63.0947827219
2013-08-23 00:00:00+00:00,62.8848915593
2013-08-26 00:00:00+00:00,62.6375198318
2013-08-27 00:00:00+00:00,61.9928541179
2013-08-28 00:00:00+00:00,61.8054512941
2013-08-29 00:00:00+00:00,61.8654201977
2013-08-30 00:00:00+00:00,61.8729163107
2013-09-03 00:00:00+00:00,61.8504279718
2013-09-04 00:00:00+00:00,62.6225276059
2013-09-05 00:00:00+00:00,62.1802569417
2013-09-06 00:00:00+00:00,62.5100859116
2013-09-09 00:00:00+00:00,64.1592307612
2013-09-10 00:00:00+00:00,64.9238342824
2013-09-11 00:00:00+00:00,65.3136321559
2013-09-12 00:00:00+00:00,65.0962448803
2013-09-13 00:00:00+00:00,65.2236788005
2013-09-16 00:00:00+00:00,65.3511127207
2013-09-17 00:00:00+00:00,65.2686554782
2013-09-18 00:00:00+00:00,65.8458561755
2013-09-19 00:00:00+00:00,65.778391159
2013-09-20 00:00:00+00:00,63.5295572732
2013-09-23 00:00:00+00:00,63.7394484359
2013-09-24 00:00:00+00:00,63.7994173395
2013-09-25 00:00:00+00:00,63.3421544494
2013-09-26 00:00:00+00:00,63.1172710608
2013-09-27 00:00:00+00:00,62.8174265427
2013-09-30 00:00:00+00:00,62.5175820246
2013-10-01 00:00:00+00:00,62.7874420909
2013-10-02 00:00:00+00:00,63.0198215924
2013-10-03 00:00:00+00:00,62.9448604629
2013-10-04 00:00:00+00:00,63.1172710608
2013-10-07 00:00:00+00:00,62.615031493
2013-10-08 00:00:00+00:00,62.1052958122
2013-10-09 00:00:00+00:00,62.60753538
2013-10-10 00:00:00+00:00,63.5145650473
2013-10-11 00:00:00+00:00,64.1742229871
2013-10-14 00:00:00+00:00,64.6464781031
2013-10-15 00:00:00+00:00,64.2791685685
2013-10-16 00:00:00+00:00,64.668966442
2013-10-17 00:00:00+00:00,64.8038964751
2013-10-18 00:00:00+00:00,65.9286233912
2013-10-21 00:00:00+00:00,66.2003694918
2013-10-22 00:00:00+00:00,67.3099994023
2013-10-23 00:00:00+00:00,63.2262593915
2013-10-24 00:00:00+00:00,63.8074941065
2013-10-25 00:00:00+00:00,63.9886581735
2013-10-28 00:00:00+00:00,63.6187815367
2013-10-29 00:00:00+00:00,63.460262978
2013-10-30 00:00:00+00:00,63.0224498161
2013-10-31 00:00:00+00:00,62.9243192798
2013-11-01 00:00:00+00:00,63.097934844
2013-11-04 00:00:00+00:00,63.3243899278
2013-11-05 00:00:00+00:00,63.4451659725
2013-11-06 00:00:00+00:00,63.5734905199
2013-11-07 00:00:00+00:00,63.1432258608
2013-11-08 00:00:00+00:00,63.5885875255
2013-11-11 00:00:00+00:00,63.5206510004
2013-11-12 00:00:00+00:00,63.2941959166
2013-11-13 00:00:00+00:00,63.5583935143
2013-11-14 00:00:00+00:00,63.2262593915
2013-11-15 00:00:00+00:00,63.2111623859
2013-11-18 00:00:00+00:00,63.4376174697
2013-11-19 00:00:00+00:00,63.1583228663
2013-11-20 00:00:00+00:00,62.4110210899
2013-11-21 00:00:00+00:00,61.9883049335
2013-11-22 00:00:00+00:00,62.5619911457
2013-11-25 00:00:00+00:00,63.7093635702
2013-11-26 00:00:00+00:00,63.679169559
2013-11-27 00:00:00+00:00,63.9131731456
2013-11-29 00:00:00+00:00,63.8603336261
2013-12-02 00:00:00+00:00,63.5961360283
2013-12-03 00:00:00+00:00,63.3092929222
2013-12-04 00:00:00+00:00,63.3847779501
2013-12-05 00:00:00+00:00,63.716912073
2013-12-06 00:00:00+00:00,64.5396988774
2013-12-09 00:00:00+00:00,64.9850605422
2013-12-10 00:00:00+00:00,65.2341611343
2013-12-11 00:00:00+00:00,64.373631816
2013-12-12 00:00:00+00:00,64.5925383969
2013-12-13 00:00:00+00:00,64.954866531
2013-12-16 00:00:00+00:00,65.9588174024
2013-12-17 00:00:00+00:00,65.611586274
2013-12-18 00:00:00+00:00,66.555149123
2013-12-19 00:00:00+00:00,66.0795934471
2013-12-20 00:00:00+00:00,67.1288353353
2013-12-23 00:00:00+00:00,67.9063311229
2013-12-24 00:00:00+00:00,68.6234388882
2013-12-26 00:00:00+00:00,68.8046029553
2013-12-27 00:00:00+00:00,68.5932448771
2013-12-30 00:00:00+00:00,68.5932448771
2013-12-31 00:00:00+00:00,68.5479538603
2014-01-02 00:00:00+00:00,67.8383945978
2014-01-03 00:00:00+00:00,67.8006520838
2014-01-06 00:00:00+00:00,66.9099287543
2014-01-07 00:00:00+00:00,67.1288353353
2014-01-08 00:00:00+00:00,67.2873538939
2014-01-09 00:00:00+00:00,67.7176185531
2014-01-10 00:00:00+00:00,68.3214987765
2014-01-13 00:00:00+00:00,67.8534916034
2014-01-14 00:00:00+00:00,68.3592412905
2014-01-15 00:00:00+00:00,69.7557143071
2014-01-16 00:00:00+00:00,69.906684363
2014-01-17 00:00:00+00:00,69.4736139349
2014-01-21 00:00:00+00:00,68.835404883
2014-01-22 00:00:00+00:00,68.1060231094
2014-01-23 00:00:00+00:00,67.2246867997
2014-01-24 00:00:00+00:00,65.469611907
2014-01-27 00:00:00+00:00,69.3596480328
2014-01-28 00:00:00+00:00,70.2561797962
2014-01-29 00:00:00+00:00,68.8506003366
2014-01-30 00:00:00+00:00,70.8108138532
2014-01-31 00:00:00+00:00,71.3502524566
2014-02-03 00:00:00+00:00,70.2181911621
2014-02-04 00:00:00+00:00,70.2789729766
2014-02-05 00:00:00+00:00,69.8686957289
2014-02-06 00:00:00+00:00,71.2894706421
2014-02-07 00:00:00+00:00,72.0796342302
2014-02-10 00:00:00+00:00,71.7985183383
2014-02-11 00:00:00+00:00,72.1480137714
2014-02-12 00:00:00+00:00,73.0673387152
2014-02-13 00:00:00+00:00,73.0217523544
2014-02-14 00:00:00+00:00,73.3560523339
2014-02-18 00:00:00+00:00,73.3636500608
2014-02-19 00:00:00+00:00,73.0977296225
2014-02-20 00:00:00+00:00,73.6371682259
2014-02-21 00:00:00+00:00,74.0778363807
2014-02-24 00:00:00+00:00,73.9410772982
2014-02-25 00:00:00+00:00,73.2496841586
2014-02-26 00:00:00+00:00,73.8499045765
2014-02-27 00:00:00+00:00,73.4700182361
2014-02-28 00:00:00+00:00,73.6751568599
2014-03-03 00:00:00+00:00,73.1737068906
2014-03-04 00:00:00+00:00,73.7131454939
2014-03-05 00:00:00+00:00,73.2192932514
2014-03-06 00:00:00+00:00,74.1538136488
2014-03-07 00:00:00+00:00,73.7359386744
2014-03-10 00:00:00+00:00,73.5080068701
2014-03-11 00:00:00+00:00,73.5763864114
2014-03-12 00:00:00+00:00,73.5611909578
2014-03-13 00:00:00+00:00,72.641866014
2014-03-14 00:00:00+00:00,72.4747160242
2014-03-17 00:00:00+00:00,72.6874523748
2014-03-18 00:00:00+00:00,73.2496841586
2014-03-19 00:00:00+00:00,72.9685682667
2014-03-20 00:00:00+00:00,73.0977296225
2014-03-21 00:00:00+00:00,73.9942613858
2014-03-24 00:00:00+00:00,73.5839841382
2014-03-25 00:00:00+00:00,74.9059886028
2014-03-26 00:00:00+00:00,74.305768185
2014-03-27 00:00:00+00:00,74.7996204275
2014-03-28 00:00:00+00:00,75.5138067475
2014-03-31 00:00:00+00:00,75.4986112939
2014-04-01 00:00:00+00:00,75.8329112734
2014-04-02 00:00:00+00:00,77.9754702334
2014-04-03 00:00:00+00:00,77.9146884189
2014-04-04 00:00:00+00:00,77.6259748002
2014-04-07 00:00:00+00:00,76.8206157585
2014-04-08 00:00:00+00:00,77.79312479
2014-04-09 00:00:00+00:00,78.2489883985
2014-04-10 00:00:00+00:00,77.6943543415
2014-04-11 00:00:00+00:00,77.07893847
2014-04-14 00:00:00+00:00,78.0894361355
2014-04-15 00:00:00+00:00,77.8766997849
2014-04-16 00:00:00+00:00,78.6592656461
2014-04-17 00:00:00+00:00,78.582845491
2014-04-21 00:00:00+00:00,78.4376471963
2014-04-22 00:00:00+00:00,79.2400588249
2014-04-23 00:00:00+00:00,79.0031563441
2014-04-24 00:00:00+00:00,80.455139291
2014-04-25 00:00:00+00:00,80.0042603759
2014-04-28 00:00:00+00:00,79.675653709
2014-04-29 00:00:00+00:00,80.470423322
2014-04-30 00:00:00+00:00,80.5468434771
2014-05-01 00:00:00+00:00,80.2946569653
2014-05-02 00:00:00+00:00,80.2488048722
2014-05-05 00:00:00+00:00,79.8743461122
2014-05-06 00:00:00+00:00,79.3776151041
2014-05-07 00:00:00+00:00,79.9507662673
2014-05-08 00:00:00+00:00,80.1953107637
2014-05-09 00:00:00+00:00,80.2870149498
2014-05-12 00:00:00+00:00,81.158204718
2014-05-13 00:00:00+00:00,81.8841961914
2014-05-14 00:00:00+00:00,81.4103912298
2014-05-15 00:00:00+00:00,80.2335208412
2014-05-16 00:00:00+00:00,81.0282904543
2014-05-19 00:00:00+00:00,80.5392014616
2014-05-20 00:00:00+00:00,77.6123095212
2014-05-21 00:00:00+00:00,78.6210555686
2014-05-22 00:00:00+00:00,78.7738958788
2014-05-23 00:00:00+00:00,79.4998873522
2014-05-27 00:00:00+00:00,79.2324168094
2014-05-28 00:00:00+00:00,78.6439816151
2014-05-29 00:00:00+00:00,79.1712806853
2014-05-30 00:00:00+00:00,78.1243245604
2014-06-02 00:00:00+00:00,79.2935529335
2014-06-03 00:00:00+00:00,79.8514200657
2014-06-04 00:00:00+00:00,79.7138637865
2014-06-05 00:00:00+00:00,81.7389978967
2014-06-06 00:00:00+00:00,82.671323789
2014-06-09 00:00:00+00:00,83.106918673
2014-06-10 00:00:00+00:00,83.5348715416
2014-06-11 00:00:00+00:00,83.06106658
2014-06-12 00:00:00+00:00,81.5020954159
2014-06-13 00:00:00+00:00,81.593799602
2014-06-16 00:00:00+00:00,81.6243676641
2014-06-17 00:00:00+00:00,81.5173794469
2014-06-18 00:00:00+00:00,82.1363827033
2014-06-19 00:00:00+00:00,81.9606163465
2014-06-20 00:00:00+00:00,83.5883656502
2014-06-23 00:00:00+00:00,83.1298447196
2014-06-24 00:00:00+00:00,82.3885692151
2014-06-25 00:00:00+00:00,82.8700161922
2014-06-26 00:00:00+00:00,82.9311523163
2014-06-27 00:00:00+00:00,83.1298447196
2014-06-30 00:00:00+00:00,83.045782549
2014-07-01 00:00:00+00:00,83.4278833245
2014-07-02 00:00:00+00:00,83.7259219294
2014-07-03 00:00:00+00:00,84.8875082869
2014-07-07 00:00:00+00:00,84.18444286
2014-07-08 00:00:00+00:00,83.6495017743
2014-07-09 00:00:00+00:00,84.169158829
2014-07-10 00:00:00+00:00,83.5730816192
2014-07-11 00:00:00+00:00,84.0316025498
2014-07-14 00:00:00+00:00,84.1309487514
2014-07-15 00:00:00+00:00,83.9475403792
2014-07-16 00:00:00+00:00,85.1320527832
2014-07-17 00:00:00+00:00,83.8864042551
2014-07-18 00:00:00+00:00,84.7324209845
2014-07-21 00:00:00+00:00,84.7785673516
2014-07-22 00:00:00+00:00,84.6478193116
2014-07-23 00:00:00+00:00,83.3557210339
2014-07-24 00:00:00+00:00,80.7869066008
2014-07-25 00:00:00+00:00,80.6407764385
2014-07-28 00:00:00+00:00,80.1024021561
2014-07-29 00:00:00+00:00,80.5177194597
2014-07-30 00:00:00+00:00,79.5101904455
2014-07-31 00:00:00+00:00,77.487441356
2014-08-01 00:00:00+00:00,77.3105469489
2014-08-04 00:00:00+00:00,78.3026938407
2014-08-05 00:00:00+00:00,78.0642709443
2014-08-06 00:00:00+00:00,78.0565798831
2014-08-07 00:00:00+00:00,78.402677636
2014-08-08 00:00:00+00:00,79.4332798337
2014-08-11 00:00:00+00:00,80.3715892973
2014-08-12 00:00:00+00:00,81.2637523938
2014-08-13 00:00:00+00:00,80.879199335
2014-08-14 00:00:00+00:00,81.2637523938
2014-08-15 00:00:00+00:00,81.3252808832
2014-08-18 00:00:00+00:00,82.2789724691
2014-08-19 00:00:00+00:00,82.5250864268
2014-08-20 00:00:00+00:00,82.8327288739
2014-08-21 00:00:00+00:00,83.0403875256
2014-08-22 00:00:00+00:00,82.532777488
2014-08-25 00:00:00+00:00,83.0403875256
2014-08-26 00:00:00+00:00,83.1096070762
2014-08-27 00:00:00+00:00,83.4864690739
2014-08-28 00:00:00+00:00,83.5633796857
2014-08-29 00:00:00+00:00,83.8864042551
2014-09-02 00:00:00+00:00,83.7710383374
2014-09-03 00:00:00+00:00,83.4172495233
2014-09-04 00:00:00+00:00,83.6941277257
2014-09-05 00:00:00+00:00,83.4787780127
2014-09-08 00:00:00+00:00,82.9942411586
2014-09-09 00:00:00+00:00,82.6019970386
2014-09-10 00:00:00+00:00,81.4714110456
2014-09-11 00:00:00+00:00,81.2099149656
2014-09-12 00:00:00+00:00,80.7715244785
2014-09-15 00:00:00+00:00,80.6484674997
2014-09-16 00:00:00+00:00,80.6484674997
2014-09-17 00:00:00+00:00,79.9793451773
2014-09-18 00:00:00+00:00,80.2485323185
2014-09-19 00:00:00+00:00,78.8410681231
2014-09-22 00:00:00+00:00,77.6028072737
2014-09-23 00:00:00+00:00,76.9029207066
2014-09-24 00:00:00+00:00,77.833539109
2014-09-25 00:00:00+00:00,76.5337497701
2014-09-26 00:00:00+00:00,77.2028720925
2014-09-29 00:00:00+00:00,76.7798637277
2014-09-30 00:00:00+00:00,76.1645788336
2014-10-01 00:00:00+00:00,75.0724481465
2014-10-02 00:00:00+00:00,74.918626923
2014-10-03 00:00:00+00:00,74.9032448006
2014-10-06 00:00:00+00:00,75.3723995324
2014-10-07 00:00:00+00:00,72.8343493441
2014-10-08 00:00:00+00:00,74.3341062735
2014-10-09 00:00:00+00:00,71.9114220028
2014-10-10 00:00:00+00:00,71.6268527393
2014-10-13 00:00:00+00:00,70.5116488687
2014-10-14 00:00:00+00:00,71.3730477205
2014-10-15 00:00:00+00:00,71.2115354358
2014-10-16 00:00:00+00:00,72.2498286946
2014-10-17 00:00:00+00:00,73.6523618342
2014-10-20 00:00:00+00:00,72.8619840428
2014-10-21 00:00:00+00:00,74.3032611918
2014-10-22 00:00:00+00:00,73.2804193442
2014-10-23 00:00:00+00:00,76.922356226
2014-10-24 00:00:00+00:00,77.0540858579
2014-10-27 00:00:00+00:00,76.3566936891
2014-10-28 00:00:00+00:00,78.3868797807
2014-10-29 00:00:00+00:00,77.6352459987
2014-10-30 00:00:00+00:00,77.611999593
2014-10-31 00:00:00+00:00,78.5805998276
2014-11-03 00:00:00+00:00,77.6584924043
2014-11-04 00:00:00+00:00,76.4109353022
2014-11-05 00:00:00+00:00,77.0308394523
2014-11-06 00:00:00+00:00,78.1931597337
2014-11-07 00:00:00+00:00,78.8518078932
2014-11-10 00:00:00+00:00,79.2005039777
2014-11-11 00:00:00+00:00,79.4484656377
2014-11-12 00:00:00+00:00,79.804910524
2014-11-13 00:00:00+00:00,78.3481357713
2014-11-14 00:00:00+00:00,78.5263582144
2014-11-17 00:00:00+00:00,78.805315082
2014-11-18 00:00:00+00:00,79.0687743458
2014-11-19 00:00:00+00:00,78.4953630069
2014-11-20 00:00:00+00:00,79.1075183551
2014-11-21 00:00:00+00:00,82.4859959732
2014-11-24 00:00:00+00:00,82.1063046813
2014-11-25 00:00:00+00:00,82.3232711338
2014-11-26 00:00:00+00:00,81.9745750494
2014-11-28 00:00:00+00:00,77.9529468756
2014-12-01 00:00:00+00:00,76.7131385754
2014-12-02 00:00:00+00:00,77.1083274711
2014-12-03 00:00:00+00:00,77.6274971968
2014-12-04 00:00:00+00:00,77.2323083011
2014-12-05 00:00:00+00:00,76.5426649341
2014-12-08 00:00:00+00:00,73.8073378718
2014-12-09 00:00:00+00:00,73.9623139093
2014-12-10 00:00:00+00:00,72.0793550533
2014-12-11 00:00:00+00:00,71.8236445914
2014-12-12 00:00:00+00:00,70.1266569805
2014-12-15 00:00:00+00:00,69.5454968398
2014-12-16 00:00:00+00:00,69.2277959629
2014-12-17 00:00:00+00:00,69.5454968398
2014-12-18 00:00:00+00:00,71.0487644038
2014-12-19 00:00:00+00:00,71.0642620075
2014-12-22 00:00:00+00:00,71.536938922
2014-12-23 00:00:00+00:00,72.4512975434
2014-12-24 00:00:00+00:00,72.6217711847
2014-12-26 00:00:00+00:00,73.0169600804
2014-12-29 00:00:00+00:00,72.6140223828
2014-12-30 00:00:00+00:00,71.7461565727
2014-12-31 00:00:00+00:00,70.9247835738
2015-01-02 00:00:00+00:00,71.1959916394
2015-01-05 00:00:00+00:00,67.4378227294
2015-01-06 00:00:00+00:00,67.0038898244
2015-01-07 00:00:00+00:00,68.0422292758
2015-01-08 00:00:00+00:00,68.7396214447
2015-01-09 00:00:00+00:00,67.9182484458
2015-01-12 00:00:00+00:00,67.3293395032
2015-01-13 00:00:00+00:00,66.9264018056
2015-01-14 00:00:00+00:00,66.6939377493
2015-01-15 00:00:00+00:00,65.8803135523
2015-01-16 00:00:00+00:00,65.5209095647
2015-01-20 00:00:00+00:00,65.6068539965
2015-01-21 00:00:00+00:00,66.7006922196
2015-01-22 00:00:00+00:00,67.8335960936
2015-01-23 00:00:00+00:00,66.8882073436
2015-01-26 00:00:00+00:00,67.2163588105
2015-01-27 00:00:00+00:00,62.3878443685
2015-01-28 00:00:00+00:00,62.5128544511
2015-01-29 00:00:00+00:00,62.505041321
2015-01-30 00:00:00+00:00,62.4816019305
2015-02-02 00:00:00+00:00,63.1613442548
2015-02-03 00:00:00+00:00,65.5677883457
2015-02-04 00:00:00+00:00,64.0286017032
2015-02-05 00:00:00+00:00,65.2943287899
2015-02-06 00:00:00+00:00,65.013056104
2015-02-09 00:00:00+00:00,66.1537731081
2015-02-10 00:00:00+00:00,65.5521620854
2015-02-11 00:00:00+00:00,65.1693187073
2015-02-12 00:00:00+00:00,65.2630762693
2015-02-13 00:00:00+00:00,66.5131770957
2015-02-17 00:00:00+00:00,66.7085053498
2015-02-18 00:00:00+00:00,66.2553438002
2015-02-19 00:00:00+00:00,65.0833742755
2015-02-20 00:00:00+00:00,65.9740711143
2015-02-23 00:00:00+00:00,65.2318237486
2015-02-24 00:00:00+00:00,66.0209498953
2015-02-25 00:00:00+00:00,66.528803356
2015-02-26 00:00:00+00:00,65.4740307837
2015-02-27 00:00:00+00:00,64.7708490689
2015-03-02 00:00:00+00:00,64.8489803705
2015-03-03 00:00:00+00:00,64.7239702879
2015-03-04 00:00:00+00:00,63.8567128395
2015-03-05 00:00:00+00:00,63.6848239759
2015-03-06 00:00:00+00:00,62.551920102
2015-03-09 00:00:00+00:00,63.1379048643
2015-03-10 00:00:00+00:00,62.4347231495
2015-03-11 00:00:00+00:00,62.270647416
2015-03-12 00:00:00+00:00,62.6534907941
2015-03-13 00:00:00+00:00,61.9034302983
2015-03-16 00:00:00+00:00,62.4816019305
2015-03-17 00:00:00+00:00,61.2940061454
2015-03-18 00:00:00+00:00,63.5441876329
2015-03-19 00:00:00+00:00,62.5753594925
2015-03-20 00:00:00+00:00,63.4348038106
2015-03-23 00:00:00+00:00,63.356672509
2015-03-24 00:00:00+00:00,62.8800715689
2015-03-25 00:00:00+00:00,62.3956574987
2015-03-26 00:00:00+00:00,62.411283759
2015-03-27 00:00:00+00:00,62.2472080255
2015-03-30 00:00:00+00:00,63.5754401536
2015-03-31 00:00:00+00:00,62.5284807115
2015-04-01 00:00:00+00:00,62.223768635
2015-04-02 00:00:00+00:00,62.6925564449
2015-04-06 00:00:00+00:00,63.6691977156
2015-04-07 00:00:00+00:00,62.9269503499
2015-04-08 00:00:00+00:00,62.8488190482
2015-04-09 00:00:00+00:00,63.0363341722
2015-04-10 00:00:00+00:00,64.5364551639
2015-04-13 00:00:00+00:00,64.1770511763
2015-04-14 00:00:00+00:00,64.8489803705
2015-04-15 00:00:00+00:00,66.5366164862
2015-04-16 00:00:00+00:00,66.4428589242
2015-04-17 00:00:00+00:00,65.6077933508
2015-04-20 00:00:00+00:00,66.647686329
2015-04-21 00:00:00+00:00,66.1119838857
2015-04-22 00:00:00+00:00,66.8603917109
2015-04-23 00:00:00+00:00,66.797367894
2015-04-24 00:00:00+00:00,66.647686329
2015-04-27 00:00:00+00:00,67.2227786578
2015-04-28 00:00:00+00:00,67.9081626662
2015-04-29 00:00:00+00:00,68.9322996901
2015-04-30 00:00:00+00:00,68.4438651095
2015-05-01 00:00:00+00:00,68.8298859877
2015-05-04 00:00:00+00:00,68.774740148
2015-05-05 00:00:00+00:00,68.5384008348
2015-05-06 00:00:00+00:00,68.5305228577
2015-05-07 00:00:00+00:00,68.0893561396
2015-05-08 00:00:00+00:00,68.7826181251
2015-05-11 00:00:00+00:00,69.9328027828
2015-05-12 00:00:00+00:00,69.4522461792
2015-05-13 00:00:00+00:00,69.6728295382
2015-05-14 00:00:00+00:00,69.9091688515
2015-05-15 00:00:00+00:00,69.6649515611
2015-05-18 00:00:00+00:00,69.5546598816
2015-05-19 00:00:00+00:00,68.7274722854
2015-05-20 00:00:00+00:00,69.2710527058
2015-05-21 00:00:00+00:00,70.3739695008
2015-05-22 00:00:00+00:00,69.8225111033
2015-05-26 00:00:00+00:00,69.2001509118
2015-05-27 00:00:00+00:00,69.2631747287
2015-05-28 00:00:00+00:00,67.7584811011
2015-05-29 00:00:00+00:00,67.2149006807
2015-06-01 00:00:00+00:00,67.3803382
2015-06-02 00:00:00+00:00,67.8845287349
2015-06-03 00:00:00+00:00,67.9317965975
2015-06-04 00:00:00+00:00,67.3330703373
2015-06-05 00:00:00+00:00,67.7899930096
2015-06-08 00:00:00+00:00,67.8687727806
2015-06-09 00:00:00+00:00,68.3256954529
2015-06-10 00:00:00+00:00,69.7043414467
2015-06-11 00:00:00+00:00,69.4601241563
2015-06-12 00:00:00+00:00,69.2080288889
2015-06-15 00:00:00+00:00,68.6408145372
2015-06-16 00:00:00+00:00,68.2154037734
2015-06-17 00:00:00+00:00,68.7353502625
2015-06-18 00:00:00+00:00,68.8850318275
2015-06-19 00:00:00+00:00,68.9480556444
2015-06-22 00:00:00+00:00,69.5389039274
2015-06-23 00:00:00+00:00,69.6807075154
2015-06-24 00:00:00+00:00,69.4601241563
2015-06-25 00:00:00+00:00,68.3178174758
2015-06-26 00:00:00+00:00,68.3965972468
2015-06-29 00:00:00+00:00,67.1991447265
2015-06-30 00:00:00+00:00,66.8210018253
2015-07-01 00:00:00+00:00,66.135617817
2015-07-02 00:00:00+00:00,66.4743708326
2015-07-06 00:00:00+00:00,65.5053796484
2015-07-07 00:00:00+00:00,66.1671297254
2015-07-08 00:00:00+00:00,64.812117663
2015-07-09 00:00:00+00:00,64.3551949907
2015-07-10 00:00:00+00:00,64.7175819377
2015-07-13 00:00:00+00:00,65.8914005267
2015-07-14 00:00:00+00:00,66.5373946495
2015-07-15 00:00:00+00:00,66.3010553363
2015-07-16 00:00:00+00:00,66.5925404892
2015-07-17 00:00:00+00:00,66.1155165602
2015-07-20 00:00:00+00:00,65.3920302679
2015-07-21 00:00:00+00:00,65.3681790715
2015-07-22 00:00:00+00:00,63.4123809625
2015-07-23 00:00:00+00:00,61.1226661033
2015-07-24 00:00:00+00:00,60.5025349956
2015-07-27 00:00:00+00:00,59.8824038879
2015-07-28 00:00:00+00:00,61.8382019968
2015-07-29 00:00:00+00:00,61.4804340501
2015-07-30 00:00:00+00:00,62.2913747294
2015-07-31 00:00:00+00:00,62.5139858962
2015-08-03 00:00:00+00:00,61.4247812583
2015-08-04 00:00:00+00:00,60.9000549364
2015-08-05 00:00:00+00:00,61.1226661033
2015-08-06 00:00:00+00:00,61.5837892347
2015-08-07 00:00:00+00:00,61.4486324548
2015-08-10 00:00:00+00:00,63.7303969152
2015-08-11 00:00:00+00:00,62.044912366
2015-08-12 00:00:00+00:00,62.7445474619
2015-08-13 00:00:00+00:00,61.8223011992
2015-08-14 00:00:00+00:00,62.4026803128
2015-08-17 00:00:00+00:00,62.4424323069
2015-08-18 00:00:00+00:00,62.6650434738
2015-08-19 00:00:00+00:00,61.5440372406
2015-08-20 00:00:00+00:00,60.7489973589
2015-08-21 00:00:00+00:00,59.6279911257
2015-08-24 00:00:00+00:00,57.8948041837
2015-08-25 00:00:00+00:00,57.2905738736
2015-08-26 00:00:00+00:00,58.7295960595
2015-08-27 00:00:00+00:00,60.1527174477
2015-08-28 00:00:00+00:00,60.3832790133
2015-08-31 00:00:00+00:00,60.7728485554
2015-09-01 00:00:00+00:00,59.5484871376
2015-09-02 00:00:00+00:00,60.5025349956
2015-09-03 00:00:00+00:00,59.1907191908
2015-09-04 00:00:00+00:00,58.1174153506
2015-09-08 00:00:00+00:00,59.0714632086
2015-09-09 00:00:00+00:00,58.0061097671
2015-09-10 00:00:00+00:00,57.576788231
2015-09-11 00:00:00+00:00,57.7437466062
2015-09-14 00:00:00+00:00,57.8550521896
2015-09-15 00:00:00+00:00,59.2940743754
2015-09-16 00:00:00+00:00,60.13681665
2015-09-17 00:00:00+00:00,58.880653637
2015-09-18 00:00:00+00:00,57.1315658973
2015-09-21 00:00:00+00:00,57.3700778618
2015-09-22 00:00:00+00:00,56.9884587186
2015-09-23 00:00:00+00:00,55.8117996937
2015-09-24 00:00:00+00:00,52.3136242143
2015-09-25 00:00:00+00:00,51.6616915113
2015-09-28 00:00:00+00:00,50.7155940522
2015-09-29 00:00:00+00:00,51.1290147906
2015-09-30 00:00:00+00:00,51.9638066664
2015-10-01 00:00:00+00:00,51.1926179812
2015-10-02 00:00:00+00:00,52.2341202262
2015-10-05 00:00:00+00:00,55.0008590144
2015-10-06 00:00:00+00:00,56.3047244203
2015-10-07 00:00:00+00:00,55.9549068724
2015-10-08 00:00:00+00:00,57.1156650996
2015-10-09 00:00:00+00:00,56.6863435635
2015-10-12 00:00:00+00:00,56.0503116582
2015-10-13 00:00:00+00:00,55.7879484972
2015-10-14 00:00:00+00:00,56.2172700334
2015-10-15 00:00:00+00:00,56.3126748192
2015-10-16 00:00:00+00:00,55.3983789552
2015-10-19 00:00:00+00:00,55.0724126037
2015-10-20 00:00:00+00:00,55.8674524854
2015-10-21 00:00:00+00:00,55.3904285564
2015-10-22 00:00:00+00:00,56.9646075221
2015-10-23 00:00:00+00:00,57.6638062883
2015-10-26 00:00:00+00:00,57.4789606375
2015-10-27 00:00:00+00:00,56.5708059182
2015-10-28 00:00:00+00:00,57.8406151717
2015-10-29 00:00:00+00:00,57.8406151717
2015-10-30 00:00:00+00:00,58.6603654492
2015-11-02 00:00:00+00:00,59.7453290518
2015-11-03 00:00:00+00:00,60.0748365164
2015-11-04 00:00:00+00:00,59.9141011678
2015-11-05 00:00:00+00:00,59.6488878427
2015-11-06 00:00:00+00:00,59.3434906805
2015-11-09 00:00:00+00:00,57.7763210323
2015-11-10 00:00:00+00:00,58.2103064733
2015-11-11 00:00:00+00:00,57.7923945671
2015-11-12 00:00:00+00:00,55.1804451533
2015-11-13 00:00:00+00:00,55.9600115938
2015-11-16 00:00:00+00:00,56.5708059182
2015-11-17 00:00:00+00:00,55.7671291755
2015-11-18 00:00:00+00:00,56.5145485462
2015-11-19 00:00:00+00:00,56.2734455234
2015-11-20 00:00:00+00:00,57.1735634752
2015-11-23 00:00:00+00:00,57.0771222661
2015-11-24 00:00:00+00:00,57.3825194283
2015-11-25 00:00:00+00:00,57.4548503352
2015-11-27 00:00:00+00:00,57.2378576146
2015-11-30 00:00:00+00:00,58.3871153567
2015-12-01 00:00:00+00:00,57.5111077072
2015-12-02 00:00:00+00:00,57.0851590335
2015-12-03 00:00:00+00:00,55.9680483612
2015-12-04 00:00:00+00:00,56.2412984537
2015-12-07 00:00:00+00:00,54.9393421305
2015-12-08 00:00:00+00:00,53.4766504588
2015-12-09 00:00:00+00:00,52.9703341109
2015-12-10 00:00:00+00:00,53.34806218
2015-12-11 00:00:00+00:00,52.5845692744
2015-12-14 00:00:00+00:00,53.1391062269
2015-12-15 00:00:00+00:00,53.6454225748
2015-12-16 00:00:00+00:00,54.4249890152
2015-12-17 00:00:00+00:00,52.1586206008
2015-12-18 00:00:00+00:00,52.3273927168
2015-12-21 00:00:00+00:00,52.4318706933
2015-12-22 00:00:00+00:00,54.9795259677
2015-12-23 00:00:00+00:00,56.1689675469
2015-12-24 00:00:00+00:00,55.7590924081
2015-12-28 00:00:00+00:00,55.1161510139
2015-12-29 00:00:00+00:00,55.606393827
2015-12-30 00:00:00+00:00,55.2045554556
2015-12-31 00:00:00+00:00,54.6178714335
2016-01-04 00:00:00+00:00,54.6419817357
2016-01-05 00:00:00+00:00,54.0713712484
2016-01-06 00:00:00+00:00,53.2194739012
2016-01-07 00:00:00+00:00,51.3870909278
2016-01-08 00:00:00+00:00,50.8647010451
2016-01-11 00:00:00+00:00,49.4020093734
2016-01-12 00:00:00+00:00,49.5064873499
2016-01-13 00:00:00+00:00,48.9358768626
2016-01-14 00:00:00+00:00,50.0449507675
2016-01-15 00:00:00+00:00,48.7349576769
2016-01-19 00:00:00+00:00,48.0511867658
2016-01-20 00:00:00+00:00,47.8721039082
2016-01-21 00:00:00+00:00,48.5884353388
2016-01-22 00:00:00+00:00,49.6385120952
2016-01-25 00:00:00+00:00,47.1394922177
2016-01-26 00:00:00+00:00,48.1570084545
2016-01-27 00:00:00+00:00,47.4732375433
2016-01-28 00:00:00+00:00,49.7199133942
2016-01-29 00:00:00+00:00,50.6641684619
2016-02-01 00:00:00+00:00,51.038614437
2016-02-02 00:00:00+00:00,49.3861680685
2016-02-03 00:00:00+00:00,51.502601841
2016-02-04 00:00:00+00:00,53.6922967826
2016-02-05 00:00:00+00:00,53.8225388609
2016-02-08 00:00:00+00:00,52.5689588571
2016-02-09 00:00:00+00:00,52.039850414
2016-02-10 00:00:00+00:00,50.5827671629
2016-02-11 00:00:00+00:00,49.9885376807
2016-02-12 00:00:00+00:00,51.4049202823
2016-02-16 00:00:00+00:00,53.0817870405
2016-02-17 00:00:00+00:00,54.7505136688
2016-02-18 00:00:00+00:00,53.8225388609
2016-02-19 00:00:00+00:00,53.2527297683
2016-02-22 00:00:00+00:00,54.7912143183
2016-02-23 00:00:00+00:00,53.5457744445
2016-02-24 00:00:00+00:00,53.6271757434
2016-02-25 00:00:00+00:00,54.1074434072
2016-02-26 00:00:00+00:00,54.4330486029
2016-02-29 00:00:00+00:00,55.1086793842
2016-03-01 00:00:00+00:00,56.2401574395
2016-03-02 00:00:00+00:00,56.4762212064
2016-03-03 00:00:00+00:00,58.4054319913
2016-03-04 00:00:00+00:00,59.2927061498
2016-03-07 00:00:00+00:00,60.8637512194
2016-03-08 00:00:00+00:00,58.3891517315
2016-03-09 00:00:00+00:00,58.5031135501
2016-03-10 00:00:00+00:00,58.0879669255
2016-03-11 00:00:00+00:00,59.2601456302
2016-03-14 00:00:00+00:00,59.203164721
2016-03-15 00:00:00+00:00,58.967100954
2016-03-16 00:00:00+00:00,60.5137256339
2016-03-17 00:00:00+00:00,61.7835858974
2016-03-18 00:00:00+00:00,61.433560312
2016-03-21 00:00:00+00:00,61.7754457676
2016-03-22 00:00:00+00:00,61.4986813511
2016-03-23 00:00:00+00:00,59.9764770609
2016-03-24 00:00:00+00:00,61.2870379739
2016-03-28 00:00:00+00:00,61.3114583636
2016-03-29 00:00:00+00:00,61.8731273263
2016-03-30 00:00:00+00:00,62.280133821
2016-03-31 00:00:00+00:00,62.3045542107
2016-04-01 00:00:00+00:00,62.508057458
2016-04-04 00:00:00+00:00,61.6370635594
2016-04-05 00:00:00+00:00,61.2463373244
2016-04-06 00:00:00+00:00,61.2300570646
2016-04-07 00:00:00+00:00,60.3753434257
2016-04-08 00:00:00+00:00,60.5218657638
2016-04-11 00:00:00+00:00,60.7497894009
2016-04-12 00:00:00+00:00,61.9463884953
2016-04-13 00:00:00+00:00,64.4128478533
2016-04-14 00:00:00+00:00,64.3477268141
2016-04-15 00:00:00+00:00,64.4454083729
2016-04-18 00:00:00+00:00,64.510529412
2016-04-19 00:00:00+00:00,65.43850422
2016-04-20 00:00:00+00:00,64.9093957768
2016-04-21 00:00:00+00:00,64.6570517501
2016-04-22 00:00:00+00:00,64.3775780965
2016-04-25 00:00:00+00:00,63.1199466551
2016-04-26 00:00:00+00:00,63.8268506026
2016-04-27 00:00:00+00:00,64.6734913768
2016-04-28 00:00:00+00:00,63.909048736
2016-04-29 00:00:00+00:00,63.884389296
2016-05-02 00:00:00+00:00,63.9830270561
2016-05-03 00:00:00+00:00,62.7664946814
2016-05-04 00:00:00+00:00,61.0238942528
2016-05-05 00:00:00+00:00,59.8320213182
2016-05-06 00:00:00+00:00,60.3005506787
2016-05-09 00:00:00+00:00,58.1798388364
2016-05-10 00:00:00+00:00,59.6018665446
2016-05-11 00:00:00+00:00,59.5361080379
2016-05-12 00:00:00+00:00,58.9360616639
2016-05-13 00:00:00+00:00,57.5962320891
2016-05-16 00:00:00+00:00,58.1140803297
2016-05-17 00:00:00+00:00,58.4017737967
2016-05-18 00:00:00+00:00,58.0236623829
2016-05-19 00:00:00+00:00,57.0701640352
2016-05-20 00:00:00+00:00,57.4318358223
2016-05-23 00:00:00+00:00,57.8674859294
2016-05-24 00:00:00+00:00,58.43465305
2016-05-25 00:00:00+00:00,59.6511854247
2016-05-26 00:00:00+00:00,59.2484145709
2016-05-27 00:00:00+00:00,59.1497768108
2016-05-31 00:00:00+00:00,59.6018665446
2016-06-01 00:00:00+00:00,59.4045910244
2016-06-02 00:00:00+00:00,60.5142658256
2016-06-03 00:00:00+00:00,61.6814793202
2016-06-06 00:00:00+00:00,62.8158135615
2016-06-07 00:00:00+00:00,63.1363862818
2016-06-08 00:00:00+00:00,64.2049620163
2016-06-09 00:00:00+00:00,63.4240797488
2016-06-10 00:00:00+00:00,62.4952408411
2016-06-13 00:00:00+00:00,61.8376557737
2016-06-14 00:00:00+00:00,61.5335226801
2016-06-15 00:00:00+00:00,61.7061387603
2016-06-16 00:00:00+00:00,61.6403802535
2016-06-17 00:00:00+00:00,62.4130427077
2016-06-20 00:00:00+00:00,62.8240333748
2016-06-21 00:00:00+00:00,62.8733522549
2016-06-22 00:00:00+00:00,62.8240333748
2016-06-23 00:00:00+00:00,64.2953799631
2016-06-24 00:00:00+00:00,60.0292968384
2016-06-27 00:00:00+00:00,58.673027637
2016-06-28 00:00:00+00:00,59.610086358
2016-06-29 00:00:00+00:00,61.0156744395
2016-06-30 00:00:00+00:00,62.3144049476
2016-07-01 00:00:00+00:00,62.8404730015
2016-07-05 00:00:00+00:00,61.1389716396
2016-07-06 00:00:00+00:00,61.50886324
2016-07-07 00:00:00+00:00,61.6896991336
2016-07-08 00:00:00+00:00,63.596695829
2016-07-11 00:00:00+00:00,63.9501478027
2016-07-12 00:00:00+00:00,65.5941104711
2016-07-13 00:00:00+00:00,65.5036925244
2016-07-14 00:00:00+00:00,65.807825618
2016-07-15 00:00:00+00:00,66.3338936719
2016-07-18 00:00:00+00:00,66.2434757252
2016-07-19 00:00:00+00:00,66.1770828655
2016-07-20 00:00:00+00:00,66.1355873282
2016-07-21 00:00:00+00:00,66.4011587669
2016-07-22 00:00:00+00:00,65.878314997
2016-07-25 00:00:00+00:00,65.3056765825
2016-07-26 00:00:00+00:00,68.6751142102
2016-07-27 00:00:00+00:00,69.795493717
2016-07-28 00:00:00+00:00,68.816199037
2016-07-29 00:00:00+00:00,68.6834133177
2016-08-01 00:00:00+00:00,68.0111856136
2016-08-02 00:00:00+00:00,67.4219489841
2016-08-03 00:00:00+00:00,68.0775784733
2016-08-04 00:00:00+00:00,67.8618016794
2016-08-05 00:00:00+00:00,68.5174311685
2016-08-08 00:00:00+00:00,69.2477526248
2016-08-09 00:00:00+00:00,68.7415070699
2016-08-10 00:00:00+00:00,68.5921231356
2016-08-11 00:00:00+00:00,69.0817704756
2016-08-12 00:00:00+00:00,68.8825918966
2016-08-15 00:00:00+00:00,69.8369892542
2016-08-16 00:00:00+00:00,69.9531767586
2016-08-17 00:00:00+00:00,70.0527660481
2016-08-18 00:00:00+00:00,69.19795798
2016-08-19 00:00:00+00:00,69.5797169231
2016-08-22 00:00:00+00:00,69.3722392366
2016-08-23 00:00:00+00:00,69.7208017498
2016-08-24 00:00:00+00:00,69.0070785085
2016-08-25 00:00:00+00:00,68.7498061773
2016-08-26 00:00:00+00:00,68.6004222431
2016-08-29 00:00:00+00:00,68.9655829712
2016-08-30 00:00:00+00:00,68.4510383089
2016-08-31 00:00:00+00:00,68.0111856136
2016-09-01 00:00:00+00:00,67.5962302407
2016-09-02 00:00:00+00:00,67.7954088197
2016-09-06 00:00:00+00:00,68.1190740106
2016-09-07 00:00:00+00:00,69.4801276336
2016-09-08 00:00:00+00:00,69.3307436993
2016-09-09 00:00:00+00:00,67.0484891485
2016-09-12 00:00:00+00:00,67.9862882912
2016-09-13 00:00:00+00:00,66.5837391309
2016-09-14 00:00:00+00:00,67.2393686201
2016-09-15 00:00:00+00:00,68.0775784733
2016-09-16 00:00:00+00:00,68.0941766882
2016-09-19 00:00:00+00:00,67.9530918614
2016-09-20 00:00:00+00:00,67.8037079272
2016-09-21 00:00:00+00:00,69.2726499471
2016-09-22 00:00:00+00:00,69.2975472695
2016-09-23 00:00:00+00:00,68.417841879
2016-09-26 00:00:00+00:00,68.3597481268
2016-09-27 00:00:00+00:00,68.7830026071
2016-09-28 00:00:00+00:00,71.8619714739
2016-09-29 00:00:00+00:00,72.5922929301
2016-09-30 00:00:00+00:00,73.6711768996
2016-10-03 00:00:00+00:00,73.2645206342
2016-10-04 00:00:00+00:00,72.6254893599
2016-10-05 00:00:00+00:00,74.2106188843
2016-10-06 00:00:00+00:00,74.1027304874
2016-10-07 00:00:00+00:00,73.4222036758
2016-10-10 00:00:00+00:00,73.2147259894
2016-10-11 00:00:00+00:00,72.5922929301
2016-10-12 00:00:00+00:00,72.6835831121
2016-10-13 00:00:00+00:00,72.1773375572
2016-10-14 00:00:00+00:00,72.7582750793
2016-10-17 00:00:00+00:00,72.4429089959
2016-10-18 00:00:00+00:00,72.3848152437
2016-10-19 00:00:00+00:00,73.0321456254
2016-10-20 00:00:00+00:00,72.5341991779
2016-10-21 00:00:00+00:00,72.2830129866
2016-10-24 00:00:00+00:00,71.9983353031
2016-10-25 00:00:00+00:00,70.7340314735
2016-10-26 00:00:00+00:00,70.440980917
2016-10-27 00:00:00+00:00,69.5032191361
2016-10-28 00:00:00+00:00,70.2316590909
2016-10-31 00:00:00+00:00,69.879998423
2016-11-01 00:00:00+00:00,68.8585079117
2016-11-02 00:00:00+00:00,67.9123732578
2016-11-03 00:00:00+00:00,68.0463392265
2016-11-04 00:00:00+00:00,68.917118023
2016-11-07 00:00:00+00:00,70.1228117413
2016-11-08 00:00:00+00:00,70.9014889344
2016-11-09 00:00:00+00:00,76.3606021589
2016-11-10 00:00:00+00:00,78.2444985937
2016-11-11 00:00:00+00:00,77.8760921798
2016-11-14 00:00:00+00:00,78.8473454529
2016-11-15 00:00:00+00:00,79.0734130251
2016-11-16 00:00:00+00:00,78.1607698633
2016-11-17 00:00:00+00:00,77.6835160998
2016-11-18 00:00:00+00:00,77.3151096859
2016-11-21 00:00:00+00:00,77.7839905763
2016-11-22 00:00:00+00:00,78.3868374355
2016-11-23 00:00:00+00:00,80.5302929347
2016-11-25 00:00:00+00:00,80.2204966321
2016-11-28 00:00:00+00:00,79.4585651851
2016-11-29 00:00:00+00:00,78.7384981033
2016-11-30 00:00:00+00:00,80.011174806
2016-12-01 00:00:00+00:00,80.5805301729
2016-12-02 00:00:00+00:00,79.6595141381
2016-12-05 00:00:00+00:00,79.0817858981
2016-12-06 00:00:00+00:00,79.7264971225
2016-12-07 00:00:00+00:00,81.4931733347
2016-12-08 00:00:00+00:00,80.6056487921
2016-12-09 00:00:00+00:00,79.9860561868
2016-12-12 00:00:00+00:00,79.6092768999
2016-12-13 00:00:00+00:00,80.396326966
2016-12-14 00:00:00+00:00,78.487311912
2016-12-15 00:00:00+00:00,79.1487688825
2016-12-16 00:00:00+00:00,77.5160586389
2016-12-19 00:00:00+00:00,77.6249059885
2016-12-20 00:00:00+00:00,78.9896842946
2016-12-21 00:00:00+00:00,78.5542948964
2016-12-22 00:00:00+00:00,78.8054810877
2016-12-23 00:00:00+00:00,78.9729385485
2016-12-27 00:00:00+00:00,79.1655146285
2016-12-28 00:00:00+00:00,77.9933124024
2016-12-29 00:00:00+00:00,78.110532625
2016-12-30 00:00:00+00:00,77.6500246076
2017-01-03 00:00:00+00:00,78.6966337381
2017-01-04 00:00:00+00:00,78.3449730703
2017-01-05 00:00:00+00:00,77.8677193068
2017-01-06 00:00:00+00:00,77.9012107989
2017-01-09 00:00:00+00:00,77.340228305
2017-01-10 00:00:00+00:00,78.5626677694
2017-01-11 00:00:00+00:00,79.249243359
2017-01-12 00:00:00+00:00,78.6966337381
2017-01-13 00:00:00+00:00,79.1069045172
2017-01-17 00:00:00+00:00,78.3449730703
2017-01-18 00:00:00+00:00,78.7887353416
2017-01-19 00:00:00+00:00,78.8309451001
2017-01-20 00:00:00+00:00,79.8439793058
2017-01-23 00:00:00+00:00,79.7426758852
2017-01-24 00:00:00+00:00,81.2453432902
2017-01-25 00:00:00+00:00,82.8577560675
2017-01-26 00:00:00+00:00,82.0726545581
2017-01-27 00:00:00+00:00,83.5668800114
2017-01-30 00:00:00+00:00,81.7096506344
2017-01-31 00:00:00+00:00,80.7557100908
2017-02-01 00:00:00+00:00,80.2914027466
2017-02-02 00:00:00+00:00,79.160181217
2017-02-03 00:00:00+00:00,78.746525583
2017-02-06 00:00:00+00:00,78.4004055628
2017-02-07 00:00:00+00:00,78.7718514382
2017-02-08 00:00:00+00:00,78.4341733696
2017-02-09 00:00:00+00:00,79.3205782995
2017-02-10 00:00:00+00:00,81.3044369522
2017-02-13 00:00:00+00:00,83.1532243774
2017-02-14 00:00:00+00:00,82.8071043572
2017-02-15 00:00:00+00:00,83.5922058665
2017-02-16 00:00:00+00:00,82.9506175363
2017-02-17 00:00:00+00:00,83.4486926874
2017-02-21 00:00:00+00:00,82.8155463089
2017-02-22 00:00:00+00:00,82.899965826
2017-02-23 00:00:00+00:00,80.662848622
2017-02-24 00:00:00+00:00,80.60375496
2017-02-27 00:00:00+00:00,82.2583774958
2017-02-28 00:00:00+00:00,81.5999052622
2017-03-01 00:00:00+00:00,83.2207599911
2017-03-02 00:00:00+00:00,79.6582563681
2017-03-03 00:00:00+00:00,80.2998446983
2017-03-06 00:00:00+00:00,80.7557100908
2017-03-07 00:00:00+00:00,80.9836427871
2017-03-08 00:00:00+00:00,78.7043158244
2017-03-09 00:00:00+00:00,77.1509967092
2017-03-10 00:00:00+00:00,77.9276562668
2017-03-13 00:00:00+00:00,78.2062406733
2017-03-14 00:00:00+00:00,77.5477684397
2017-03-15 00:00:00+00:00,78.8140611967
2017-03-16 00:00:00+00:00,78.3835216593
2017-03-17 00:00:00+00:00,78.4341733696
2017-03-20 00:00:00+00:00,80.5362193463
2017-03-21 00:00:00+00:00,78.0289596874
2017-03-22 00:00:00+00:00,78.0289596874
2017-03-23 00:00:00+00:00,77.8601206531
2017-03-24 00:00:00+00:00,77.7925850394
2017-03-27 00:00:00+00:00,77.2523001297
2017-03-28 00:00:00+00:00,78.4679411765
2017-03-29 00:00:00+00:00,78.391963611
2017-03-30 00:00:00+00:00,78.6958738727
2017-03-31 00:00:00+00:00,78.3075440939
2017-04-03 00:00:00+00:00,77.89388846
2017-04-04 00:00:00+00:00,79.4640914787
2017-04-05 00:00:00+00:00,79.5569529475
2017-04-06 00:00:00+00:00,80.8907813182
2017-04-07 00:00:00+00:00,80.6375227668
2017-04-10 00:00:00+00:00,82.0051189444
2017-04-11 00:00:00+00:00,81.9713511375
2017-04-12 00:00:00+00:00,80.0803539537
2017-04-13 00:00:00+00:00,78.5945704522
2017-04-17 00:00:00+00:00,79.4725334304
2017-04-18 00:00:00+00:00,79.6835822232
2017-04-19 00:00:00+00:00,78.9069226656
2017-04-20 00:00:00+00:00,80.5615452014
2017-04-21 00:00:00+00:00,80.2721840629
2017-04-24 00:00:00+00:00,82.3913288712
2017-04-25 00:00:00+00:00,88.8679120001
2017-04-26 00:00:00+00:00,89.0721669214
2017-04-27 00:00:00+00:00,87.3870638208
2017-04-28 00:00:00+00:00,87.0296177086
2017-05-01 00:00:00+00:00,86.8083415439
2017-05-02 00:00:00+00:00,86.3913210796
2017-05-03 00:00:00+00:00,86.4168529448
2017-05-04 00:00:00+00:00,84.587069275
2017-05-05 00:00:00+00:00,84.799834818
2017-05-08 00:00:00+00:00,84.5700480315
2017-05-09 00:00:00+00:00,84.5019630578
2017-05-10 00:00:00+00:00,85.4125995818
2017-05-11 00:00:00+00:00,85.9487687502
2017-05-12 00:00:00+00:00,85.710471342
2017-05-15 00:00:00+00:00,87.1657876561
2017-05-16 00:00:00+00:00,87.0977026824
2017-05-17 00:00:00+00:00,85.225365904
2017-05-18 00:00:00+00:00,85.2934508777
2017-05-19 00:00:00+00:00,87.1742982778
2017-05-22 00:00:00+00:00,87.0551495738
2017-05-23 00:00:00+00:00,88.1955728842
2017-05-24 00:00:00+00:00,88.4679127793
2017-05-25 00:00:00+00:00,89.3785493033
2017-05-26 00:00:00+00:00,89.9232290934
2017-05-30 00:00:00+00:00,89.7615272807
2017-05-31 00:00:00+00:00,89.7274847938
2017-06-01 00:00:00+00:00,89.9147184717
2017-06-02 00:00:00+00:00,90.1700371233
2017-06-05 00:00:00+00:00,89.5317404943
2017-06-06 00:00:00+00:00,88.9785500825
2017-06-07 00:00:00+00:00,88.0934454236
2017-06-08 00:00:00+00:00,89.3700386816
2017-06-09 00:00:00+00:00,90.1445052581
2017-06-12 00:00:00+00:00,90.2721645839
2017-06-13 00:00:00+00:00,89.9998246889
2017-06-14 00:00:00+00:00,89.11472003
2017-06-15 00:00:00+00:00,90.5530151007
2017-06-16 00:00:00+00:00,91.5742897071
2017-06-19 00:00:00+00:00,91.4806728681
2017-06-20 00:00:00+00:00,91.0976948907
2017-06-21 00:00:00+00:00,88.0594029367
2017-06-22 00:00:00+00:00,88.3742959403
2017-06-23 00:00:00+00:00,88.6040827268
2017-06-26 00:00:00+00:00,88.7232314309
2017-06-27 00:00:00+00:00,88.4508915358
2017-06-28 00:00:00+00:00,90.5955682093
2017-06-29 00:00:00+00:00,89.9062078499
2017-06-30 00:00:00+00:00,91.455141003
2017-07-03 00:00:00+00:00,91.0381205387
2017-07-05 00:00:00+00:00,91.4806728681
2017-07-06 00:00:00+00:00,90.6466319396
2017-07-07 00:00:00+00:00,90.9955674301
2017-07-10 00:00:00+00:00,91.7785446283
2017-07-11 00:00:00+00:00,92.1189694971
2017-07-12 00:00:00+00:00,92.731734261
2017-07-13 00:00:00+00:00,92.3147137967
2017-07-14 00:00:00+00:00,92.5700324483
2017-07-17 00:00:00+00:00,92.6296068003
2017-07-18 00:00:00+00:00,91.7870552501
2017-07-19 00:00:00+00:00,92.4557197041
2017-07-20 00:00:00+00:00,92.0013707802
2017-07-21 00:00:00+00:00,91.3755694322
2017-07-24 00:00:00+00:00,92.7386162039
2017-07-25 00:00:00+00:00,98.1908032908
2017-07-26 00:00:00+00:00,97.3163959278
2017-07-27 00:00:00+00:00,98.0450687303
2017-07-28 00:00:00+00:00,97.8136079577
2017-07-31 00:00:00+00:00,97.6850186396
2017-08-01 00:00:00+00:00,96.9563458371
2017-08-02 00:00:00+00:00,96.9477732159
2017-08-03 00:00:00+00:00,97.3506864126
2017-08-04 00:00:00+00:00,98.0279234879
2017-08-07 00:00:00+00:00,98.3365378513
2017-08-08 00:00:00+00:00,98.0793592151
2017-08-09 00:00:00+00:00,98.0193508667
2017-08-10 00:00:00+00:00,96.9992089432
2017-08-11 00:00:00+00:00,96.742030307
2017-08-14 00:00:00+00:00,97.4792757307
2017-08-15 00:00:00+00:00,97.4278400035
2017-08-16 00:00:00+00:00,97.8307532001
2017-08-17 00:00:00+00:00,96.990636322
2017-08-18 00:00:00+00:00,97.659300776
2017-08-21 00:00:00+00:00,97.3849768974
2017-08-22 00:00:00+00:00,99.2880988051
2017-08-23 00:00:00+00:00,98.3708283361
2017-08-24 00:00:00+00:00,98.3965461997
2017-08-25 00:00:00+00:00,98.8851856084
2017-08-28 00:00:00+00:00,98.6451522147
2017-08-29 00:00:00+00:00,99.450978608
2017-08-30 00:00:00+00:00,100.7711622737
2017-08-31 00:00:00+00:00,100.7197265465
2017-09-01 00:00:00+00:00,101.3969636217
2017-09-05 00:00:00+00:00,101.4141088641
2017-09-06 00:00:00+00:00,100.282522865
2017-09-07 00:00:00+00:00,100.9597599402
2017-09-08 00:00:00+00:00,101.0026230463
2017-09-11 00:00:00+00:00,101.9027482729
2017-09-12 00:00:00+00:00,103.6772808625
2017-09-13 00:00:00+00:00,102.5542674845
2017-09-14 00:00:00+00:00,103.282940287
2017-09-15 00:00:00+00:00,104.0459035743
2017-09-18 00:00:00+00:00,106.1547683909
2017-09-19 00:00:00+00:00,106.9348769206
2017-09-20 00:00:00+00:00,107.0291757539
2017-09-21 00:00:00+00:00,106.9777400267
2017-09-22 00:00:00+00:00,106.6691256633
2017-09-25 00:00:00+00:00,106.57482683
2017-09-26 00:00:00+00:00,106.7377066329
2017-09-27 00:00:00+00:00,106.7462792541
2017-09-28 00:00:00+00:00,107.3549353597
2017-09-29 00:00:00+00:00,106.909159057
2017-10-02 00:00:00+00:00,106.9177316782
2017-10-03 00:00:00+00:00,107.5949687535
2017-10-04 00:00:00+00:00,108.6494011618
2017-10-05 00:00:00+00:00,108.3579320408
2017-10-06 00:00:00+00:00,108.8122809647
2017-10-09 00:00:00+00:00,108.7694178587
2017-10-10 00:00:00+00:00,109.8924312366
2017-10-11 00:00:00+00:00,110.2439087061
2017-10-12 00:00:00+00:00,111.4355030537
2017-10-13 00:00:00+00:00,112.0527317805
2017-10-16 00:00:00+00:00,112.7042509921
2017-10-17 00:00:00+00:00,111.90699722
2017-10-18 00:00:00+00:00,112.5499438104
2017-10-19 00:00:00+00:00,112.7728319618
2017-10-20 00:00:00+00:00,113.2786166129
2017-10-23 00:00:00+00:00,113.5545693939
2017-10-24 00:00:00+00:00,119.2116014051
2017-10-25 00:00:00+00:00,118.004307988
2017-10-26 00:00:00+00:00,118.0905432321
2017-10-27 00:00:00+00:00,118.8407898555
2017-10-30 00:00:00+00:00,117.7024846338
2017-10-31 00:00:00+00:00,117.1074614497
2017-11-01 00:00:00+00:00,117.5300141456
2017-11-02 00:00:00+00:00,117.685237585
2017-11-03 00:00:00+00:00,117.8232139755
2017-11-06 00:00:00+00:00,118.7545546115
2017-11-07 00:00:00+00:00,119.7031422963
2017-11-08 00:00:00+00:00,118.3923665864
2017-11-09 00:00:00+00:00,116.710779327
2017-11-10 00:00:00+00:00,117.6938611094
2017-11-13 00:00:00+00:00,117.7369787314
2017-11-14 00:00:00+00:00,118.6079546965
2017-11-15 00:00:00+00:00,115.6414623005
2017-11-16 00:00:00+00:00,117.5903788165
2017-11-17 00:00:00+00:00,117.3920377551
2017-11-20 00:00:00+00:00,118.0646726589
2017-11-21 00:00:00+00:00,118.659695843
2017-11-22 00:00:00+00:00,119.0132603437
2017-11-24 00:00:00+00:00,118.4786018304
2017-11-27 00:00:00+00:00,118.3061313423
2017-11-28 00:00:00+00:00,119.8583657356
2017-11-29 00:00:00+00:00,119.0563779657
2017-11-30 00:00:00+00:00,121.7210470075
2017-12-01 00:00:00+00:00,122.0401174106
2017-12-04 00:00:00+00:00,122.0228703618
2017-12-05 00:00:00+00:00,120.8500710424
2017-12-06 00:00:00+00:00,121.0225415306
2017-12-07 00:00:00+00:00,123.2215402544
2017-12-08 00:00:00+00:00,124.0580221219
2017-12-11 00:00:00+00:00,123.9804104022
2017-12-12 00:00:00+00:00,123.678587048
2017-12-13 00:00:00+00:00,128.1197021177
2017-12-14 00:00:00+00:00,126.1449150284
2017-12-15 00:00:00+00:00,126.4984795291
2017-12-18 00:00:00+00:00,129.1545250465
2017-12-19 00:00:00+00:00,130.137606829
2017-12-20 00:00:00+00:00,131.5259942585
2017-12-21 00:00:00+00:00,133.3541814329
2017-12-22 00:00:00+00:00,134.311392642
2017-12-26 00:00:00+00:00,134.9064158261
2017-12-27 00:00:00+00:00,135.8377564621
2017-12-28 00:00:00+00:00,136.6138736588
2017-12-29 00:00:00+00:00,135.8894976086
2018-01-02 00:00:00+00:00,135.4238272906
2018-01-03 00:00:00+00:00,135.6307918764
2018-01-04 00:00:00+00:00,137.4934731483
2018-01-05 00:00:00+00:00,139.6666012989
2018-01-08 00:00:00+00:00,143.1763757326
2018-01-09 00:00:00+00:00,143.5213167089
2018-01-10 00:00:00+00:00,143.0383993421
2018-01-11 00:00:00+00:00,145.9100329697
2018-01-12 00:00:00+00:00,146.8586206545
2018-01-16 00:00:00+00:00,146.0048917382
2018-01-17 00:00:00+00:00,145.3063862612
2018-01-18 00:00:00+00:00,145.5909625667
2018-01-19 00:00:00+00:00,147.6261143268
2018-01-22 00:00:00+00:00,148.0419381333
2018-01-23 00:00:00+00:00,146.7771407217
2018-01-24 00:00:00+00:00,145.8328741609
2018-01-25 00:00:00+00:00,146.7251627459
2018-01-26 00:00:00+00:00,144.7240106768
2018-01-29 00:00:00+00:00,140.8429884822
2018-01-30 00:00:00+00:00,141.8652220066
2018-01-31 00:00:00+00:00,141.0162484016
2018-02-01 00:00:00+00:00,140.5484466192
2018-02-02 00:00:00+00:00,136.4335235334
2018-02-05 00:00:00+00:00,130.8805431165
2018-02-06 00:00:00+00:00,135.4979199686
2018-02-07 00:00:00+00:00,133.7046798028
2018-02-08 00:00:00+00:00,126.4710781677
2018-02-09 00:00:00+00:00,129.2605628701
2018-02-12 00:00:00+00:00,131.9287656289
2018-02-13 00:00:00+00:00,133.3841489519
2018-02-14 00:00:00+00:00,136.9273143037
2018-02-15 00:00:00+00:00,138.5906095299
2018-02-16 00:00:00+00:00,135.393964017
2018-02-20 00:00:00+00:00,134.7615653111
2018-02-21 00:00:00+00:00,134.4756864441
2018-02-22 00:00:00+00:00,137.6203539813
2018-02-23 00:00:00+00:00,140.6957175507
2018-02-26 00:00:00+00:00,141.8045810348
2018-02-27 00:00:00+00:00,139.6994730141
2018-02-28 00:00:00+00:00,133.9559066859
2018-03-01 00:00:00+00:00,130.1441884591
2018-03-02 00:00:00+00:00,126.8089350106
2018-03-05 00:00:00+00:00,130.9151951004
2018-03-06 00:00:00+00:00,133.1935630405
2018-03-07 00:00:00+00:00,131.2530519432
2018-03-08 00:00:00+00:00,133.054955105
2018-03-09 00:00:00+00:00,137.0919112271
2018-03-12 00:00:00+00:00,133.8432877383
2018-03-13 00:00:00+00:00,133.1415850647
2018-03-14 00:00:00+00:00,132.1453405282
2018-03-15 00:00:00+00:00,133.9039287101
2018-03-16 00:00:00+00:00,135.5412349484
2018-03-19 00:00:00+00:00,131.8074836853
2018-03-20 00:00:00+00:00,133.4621159156
2018-03-21 00:00:00+00:00,134.9694772144
2018-03-22 00:00:00+00:00,127.259410801
2018-03-23 00:00:00+00:00,124.9983688528
2018-03-26 00:00:00+00:00,129.2432368782
2018-03-27 00:00:00+00:00,127.3373777647
2018-03-28 00:00:00+00:00,125.7520495022
2018-03-29 00:00:00+00:00,127.6752346076
2018-04-02 00:00:00+00:00,124.651849014
2018-04-03 00:00:00+00:00,125.6654195425
2018-04-04 00:00:00+00:00,125.7693754942
2018-04-05 00:00:00+00:00,128.3249593053
2018-04-06 00:00:00+00:00,123.8721793767
2018-04-09 00:00:00+00:00,123.9501463404
2018-04-10 00:00:00+00:00,128.2903073215
2018-04-11 00:00:00+00:00,127.1641178453
2018-04-12 00:00:00+00:00,130.0662214953
2018-04-13 00:00:00+00:00,130.1441884591
2018-04-16 00:00:00+00:00,131.7988206894
2018-04-17 00:00:00+00:00,132.8123912179
2018-04-18 00:00:00+00:00,135.099422154
2018-04-19 00:00:00+00:00,134.8828472547
2018-04-20 00:00:00+00:00,133.4361269277
2018-04-23 00:00:00+00:00,134.0804514558
2018-04-24 00:00:00+00:00,125.7651822084
2018-04-25 00:00:00+00:00,126.4182138247
2018-04-26 00:00:00+00:00,127.393407705
2018-04-27 00:00:00+00:00,126.0089806785
2018-04-30 00:00:00+00:00,125.6955255027
2018-05-01 00:00:00+00:00,125.747768032
2018-05-02 00:00:00+00:00,125.2601710918
2018-05-03 00:00:00+00:00,125.1905143861
2018-05-04 00:00:00+00:00,127.4456502343
2018-05-07 00:00:00+00:00,130.4495956692
2018-05-08 00:00:00+00:00,130.5453736396
2018-05-09 00:00:00+00:00,132.8788732818
2018-05-10 00:00:00+00:00,134.0630372793
2018-05-11 00:00:00+00:00,134.8379681307
2018-05-14 00:00:00+00:00,135.2036658358
2018-05-15 00:00:00+00:00,132.8614591054
2018-05-16 00:00:00+00:00,133.9150167796
2018-05-17 00:00:00+00:00,133.8192388093
2018-05-18 00:00:00+00:00,135.5780706291
2018-05-21 00:00:00+00:00,138.3730459468
2018-05-22 00:00:00+00:00,136.0047179518
2018-05-23 00:00:00+00:00,137.3456095372
2018-05-24 00:00:00+00:00,137.3107811843
2018-05-25 00:00:00+00:00,135.6999698642
2018-05-29 00:00:00+00:00,133.7582891917
2018-05-30 00:00:00+00:00,135.3603934237
2018-05-31 00:00:00+00:00,132.2693771066
2018-06-01 00:00:00+00:00,133.6712183096
2018-06-04 00:00:00+00:00,132.7830953114
2018-06-05 00:00:00+00:00,133.2271568105
2018-06-06 00:00:00+00:00,136.2746376865
2018-06-07 00:00:00+00:00,136.0830817457
2018-06-08 00:00:00+00:00,135.2384941887
2018-06-11 00:00:00+00:00,136.0917888339
2018-06-12 00:00:00+00:00,137.1279323318
2018-06-13 00:00:00+00:00,134.7073618074
2018-06-14 00:00:00+00:00,133.3403489573
2018-06-15 00:00:00+00:00,130.6237374336
2018-06-18 00:00:00+00:00,129.4569876125
2018-06-19 00:00:00+00:00,124.7725741516
2018-06-20 00:00:00+00:00,124.624553652
2018-06-21 00:00:00+00:00,121.4900018938
2018-06-22 00:00:00+00:00,121.8469925107
2018-06-25 00:00:00+00:00,118.9214108697
2018-06-26 00:00:00+00:00,118.0158736951
2018-06-27 00:00:00+00:00,117.206114491
2018-06-28 00:00:00+00:00,118.4425210178
2018-06-29 00:00:00+00:00,118.129065842
2018-07-02 00:00:00+00:00,118.6689053114
2018-07-03 00:00:00+00:00,116.52696161
2018-07-05 00:00:00+00:00,118.250965077
2018-07-06 00:00:00+00:00,117.9026815483
2018-07-09 00:00:00+00:00,122.7438225971
2018-07-10 00:00:00+00:00,122.9876210671
2018-07-11 00:00:00+00:00,119.0781384576
2018-07-12 00:00:00+00:00,121.3942239234
2018-07-13 00:00:00+00:00,122.5522666563
2018-07-16 00:00:00+00:00,120.2274741023
2018-07-17 00:00:00+00:00,120.9849907772
2018-07-18 00:00:00+00:00,122.8744289203
2018-07-19 00:00:00+00:00,122.1430335101
2018-07-20 00:00:00+00:00,119.8652262577
2018-07-23 00:00:00+00:00,119.392143213
2018-07-24 00:00:00+00:00,120.872717927
2018-07-25 00:00:00+00:00,123.0716780053
2018-07-26 00:00:00+00:00,124.9114454014
2018-07-27 00:00:00+00:00,124.8939238072
2018-07-30 00:00:00+00:00,122.4321398152
2018-07-31 00:00:00+00:00,125.9802626506
2018-08-01 00:00:00+00:00,121.3720833631
2018-08-02 00:00:00+00:00,120.9077611155
2018-08-03 00:00:00+00:00,121.3458009717
2018-08-06 00:00:00+00:00,122.1955982928
2018-08-07 00:00:00+00:00,124.7362294589
2018-08-08 00:00:00+00:00,122.3970966267
2018-08-09 00:00:00+00:00,121.3545617689
2018-08-10 00:00:00+00:00,119.0767545165
2018-08-13 00:00:00+00:00,118.2882827753
2018-08-14 00:00:00+00:00,118.200674804
2018-08-15 00:00:00+00:00,115.6600436379
2018-08-16 00:00:00+00:00,119.3746216187
2018-08-17 00:00:00+00:00,122.0729471331
2018-08-20 00:00:00+00:00,121.4859737257
2018-08-21 00:00:00+00:00,122.6423989462
2018-08-22 00:00:00+00:00,122.3270102497
2018-08-23 00:00:00+00:00,119.8389438663
2018-08-24 00:00:00+00:00,121.082977058
2018-08-27 00:00:00+00:00,124.4383623567
2018-08-28 00:00:00+00:00,124.4033191682
2018-08-29 00:00:00+00:00,124.2806680085
2018-08-30 00:00:00+00:00,121.8276448136
2018-08-31 00:00:00+00:00,121.643668074
2018-09-04 00:00:00+00:00,121.1092594494
2018-09-05 00:00:00+00:00,123.1680467736
2018-09-06 00:00:00+00:00,124.0266048918
2018-09-07 00:00:00+00:00,123.8075849637
2018-09-10 00:00:00+00:00,124.4471231538
2018-09-11 00:00:00+00:00,124.4296015596
2018-09-12 00:00:00+00:00,126.4007809126
2018-09-13 00:00:00+00:00,127.5046413503
2018-09-14 00:00:00+00:00,126.9439503343
2018-09-17 00:00:00+00:00,128.1003755547
2018-09-18 00:00:00+00:00,130.5972027352
2018-09-19 00:00:00+00:00,133.8299368742
2018-09-20 00:00:00+00:00,136.6684351425
2018-09-21 00:00:00+00:00,137.0013454333
2018-09-24 00:00:00+00:00,134.9162757176
2018-09-25 00:00:00+00:00,134.9951228917
2018-09-26 00:00:00+00:00,134.1891295563
2018-09-27 00:00:00+00:00,133.5758737576
2018-09-28 00:00:00+00:00,133.5933953518
2018-10-01 00:00:00+00:00,133.4094186122
2018-10-02 00:00:00+00:00,135.6346610818
2018-10-03 00:00:00+00:00,138.6133321042
2018-10-04 00:00:00+00:00,137.3254949269
2018-10-05 00:00:00+00:00,134.311780716
2018-10-08 00:00:00+00:00,134.3468239045
2018-10-09 00:00:00+00:00,130.9388738231
2018-10-10 00:00:00+00:00,125.9101762736
2018-10-11 00:00:00+00:00,123.5009570644
2018-10-12 00:00:00+00:00,124.4646447481
2018-10-15 00:00:00+00:00,124.2281032257
2018-10-16 00:00:00+00:00,125.9014154765
2018-10-17 00:00:00+00:00,123.825106558
2018-10-18 00:00:00+00:00,118.971624951
2018-10-19 00:00:00+00:00,115.8002163919
2018-10-22 00:00:00+00:00,113.4986738639
2018-10-23 00:00:00+00:00,104.9185938647
2018-10-24 00:00:00+00:00,99.0633285826
2018-10-25 00:00:00+00:00,101.9645067118
2018-10-26 00:00:00+00:00,101.4530528167
2018-10-29 00:00:00+00:00,100.5095085619
2018-10-30 00:00:00+00:00,103.5782319326
2018-10-31 00:00:00+00:00,106.9820457864
2018-11-01 00:00:00+00:00,109.9625874511
2018-11-02 00:00:00+00:00,110.9237680471
2018-11-05 00:00:00+00:00,111.4704946246
2018-11-06 00:00:00+00:00,114.0454004414
2018-11-07 00:00:00+00:00,119.1334848808
2018-11-08 00:00:00+00:00,115.8619435862
2018-11-09 00:00:00+00:00,111.9114031549
2018-11-12 00:00:00+00:00,110.2271325692
2018-11-13 00:00:00+00:00,111.0736769474
2018-11-14 00:00:00+00:00,110.3153142753
2018-11-15 00:00:00+00:00,114.1247639769
2018-11-16 00:00:00+00:00,114.6009451896
2018-11-19 00:00:00+00:00,111.0913132886
2018-11-20 00:00:00+00:00,107.8197719939
2018-11-21 00:00:00+00:00,109.2306792908
2018-11-23 00:00:00+00:00,107.8638628469
2018-11-26 00:00:00+00:00,110.0507691571
2018-11-27 00:00:00+00:00,109.874405745
2018-11-28 00:00:00+00:00,115.3152170086
2018-11-29 00:00:00+00:00,114.8390357959
2018-11-30 00:00:00+00:00,119.6361206053
2018-12-03 00:00:00+00:00,122.5284805639
2018-12-04 00:00:00+00:00,114.0365822708
2018-12-06 00:00:00+00:00,113.1988560633
2018-12-07 00:00:00+00:00,108.9484978314
2018-12-10 00:00:00+00:00,108.8074071017
2018-12-11 00:00:00+00:00,108.6751345426
2018-12-12 00:00:00+00:00,110.5534048816
2018-12-13 00:00:00+00:00,111.0207679237
2018-12-14 00:00:00+00:00,111.7879487664
2018-12-17 00:00:00+00:00,109.7597695271
2018-12-18 00:00:00+00:00,109.583406115
2018-12-19 00:00:00+00:00,107.8726810175
2018-12-20 00:00:00+00:00,107.1848637103
2018-12-21 00:00:00+00:00,105.8797744607
2018-12-24 00:00:00+00:00,103.1285052318
2018-12-26 00:00:00+00:00,110.0154964747
2018-12-27 00:00:00+00:00,111.6997670603
2018-12-28 00:00:00+00:00,110.7650409762
2018-12-31 00:00:00+00:00,112.0524938846
2019-01-02 00:00:00+00:00,111.4440401128
2019-01-03 00:00:00+00:00,107.1495910279
2019-01-04 00:00:00+00:00,113.00485631
2019-01-07 00:00:00+00:00,113.0754016748
2019-01-08 00:00:00+00:00,114.4333999481
2019-01-09 00:00:00+00:00,114.8743084783
2019-01-10 00:00:00+00:00,117.2463963712
2019-01-11 00:00:00+00:00,116.4880336992
2019-01-14 00:00:00+00:00,116.223488581
2019-01-15 00:00:00+00:00,115.2446716438
2019-01-16 00:00:00+00:00,116.1000341925
2019-01-17 00:00:00+00:00,118.6396673269
2019-01-18 00:00:00+00:00,121.2145731437
2019-01-22 00:00:00+00:00,117.3456453333
2019-01-23 00:00:00+00:00,116.9729504525
2019-01-24 00:00:00+00:00,117.7804560276
2019-01-25 00:00:00+00:00,121.4452890223
2019-01-28 00:00:00+00:00,110.3620531617
2019-01-29 00:00:00+00:00,112.2787696916
2019-01-30 00:00:00+00:00,115.4555498662
2019-01-31 00:00:00+00:00,118.162024596
2019-02-01 00:00:00+00:00,116.1654448773
2019-02-04 00:00:00+00:00,116.1388238144
2019-02-05 00:00:00+00:00,117.1326768299
2019-02-06 00:00:00+00:00,115.8371184347
2019-02-07 00:00:00+00:00,114.2753494103
2019-02-08 00:00:00+00:00,114.1156230328
2019-02-11 00:00:00+00:00,114.4084547249
2019-02-12 00:00:00+00:00,117.7272139017
2019-02-13 00:00:00+00:00,118.1087824702
2019-02-14 00:00:00+00:00,117.6828454635
2019-02-15 00:00:00+00:00,120.8596256382
2019-02-19 00:00:00+00:00,120.5046781326
2019-02-20 00:00:00+00:00,124.5067112577
2019-02-21 00:00:00+00:00,123.2377739253
2019-02-22 00:00:00+00:00,123.0603001726
2019-02-25 00:00:00+00:00,125.4828168979
2019-02-26 00:00:00+00:00,122.4391420379
2019-02-27 00:00:00+00:00,123.85893206
2019-02-28 00:00:00+00:00,121.871226029
2019-03-01 00:00:00+00:00,121.9865839683
2019-03-04 00:00:00+00:00,122.7674684805
2019-03-05 00:00:00+00:00,121.6937522762
2019-03-06 00:00:00+00:00,119.6439304317
2019-03-07 00:00:00+00:00,117.842571841
2019-03-08 00:00:00+00:00,116.5558871334
2019-03-11 00:00:00+00:00,118.1176561578
2019-03-12 00:00:00+00:00,117.5586138366
2019-03-13 00:00:00+00:00,118.4637299757
2019-03-14 00:00:00+00:00,118.6323300409
2019-03-15 00:00:00+00:00,117.7272139017
2019-03-18 00:00:00+00:00,118.9961512341
2019-03-19 00:00:00+00:00,119.0405196723
2019-03-20 00:00:00+00:00,118.0289192815
2019-03-21 00:00:00+00:00,118.9606564835
2019-03-22 00:00:00+00:00,115.1538444865
2019-03-25 00:00:00+00:00,116.5825081964
2019-03-26 00:00:00+00:00,116.9906978277
2019-03-27 00:00:00+00:00,116.4227818189
2019-03-28 00:00:00+00:00,117.4610032726
2019-03-29 00:00:00+00:00,120.2295938158
2019-04-01 00:00:00+00:00,124.4534691318
2019-04-02 00:00:00+00:00,124.400227006
2019-04-03 00:00:00+00:00,123.5749740556
2019-04-04 00:00:00+00:00,124.3469848802
2019-04-05 00:00:00+00:00,124.5510796958
2019-04-08 00:00:00+00:00,124.0719005634
2019-04-09 00:00:00+00:00,120.9927309528
2019-04-10 00:00:00+00:00,122.0398260941
2019-04-11 00:00:00+00:00,123.2289002377
2019-04-12 00:00:00+00:00,125.2964694575
2019-04-15 00:00:00+00:00,124.4534691318
2019-04-16 00:00:00+00:00,126.0329855315
2019-04-17 00:00:00+00:00,126.6630173538
2019-04-18 00:00:00+00:00,127.9763231244
2019-04-22 00:00:00+00:00,127.101484978
2019-04-23 00:00:00+00:00,126.7890427829
2019-04-24 00:00:00+00:00,122.9504672427
2019-04-25 00:00:00+00:00,121.522160065
2019-04-26 00:00:00+00:00,124.1109668246
2019-04-29 00:00:00+00:00,124.1020399048
2019-04-30 00:00:00+00:00,124.4591166992
2019-05-01 00:00:00+00:00,123.3253978769
2019-05-02 00:00:00+00:00,120.6651757584
2019-05-03 00:00:00+00:00,124.1377475842
2019-05-06 00:00:00+00:00,122.0845560162
2019-05-07 00:00:00+00:00,119.3261377792
2019-05-08 00:00:00+00:00,117.7907075632
2019-05-09 00:00:00+00:00,117.1211885736
2019-05-10 00:00:00+00:00,117.2461654517
2019-05-13 00:00:00+00:00,111.8543058558
2019-05-14 00:00:00+00:00,113.7914474656
2019-05-15 00:00:00+00:00,113.6396898279
2019-05-16 00:00:00+00:00,113.0237323575
2019-05-17 00:00:00+00:00,109.5868682111
2019-05-20 00:00:00+00:00,109.2922798557
2019-05-21 00:00:00+00:00,111.5418636606
2019-05-22 00:00:00+00:00,110.3010218
2019-05-23 00:00:00+00:00,109.1405222181
2019-05-24 00:00:00+00:00,109.7118450892
2019-05-28 00:00:00+00:00,108.5424185874
2019-05-29 00:00:00+00:00,108.4442224689
2019-05-30 00:00:00+00:00,108.7655915839
2019-05-31 00:00:00+00:00,106.9534268522
2019-06-03 00:00:00+00:00,107.7032881205
2019-06-04 00:00:00+00:00,108.9798376606
2019-06-05 00:00:00+00:00,109.9082373261
2019-06-06 00:00:00+00:00,110.1492641623
2019-06-07 00:00:00+00:00,111.1044445875
2019-06-10 00:00:00+00:00,112.2470903296
2019-06-11 00:00:00+00:00,113.6218359882
2019-06-12 00:00:00+00:00,113.4611514307
2019-06-13 00:00:00+00:00,113.5236398697
2019-06-14 00:00:00+00:00,113.5772013889
2019-06-17 00:00:00+00:00,113.6575436676
2019-06-18 00:00:00+00:00,116.3445465457
2019-06-19 00:00:00+00:00,116.5945003018
2019-06-20 00:00:00+00:00,119.2904300998
2019-06-21 00:00:00+00:00,119.5225300162
2019-06-24 00:00:00+00:00,119.9510221695
2019-06-25 00:00:00+00:00,119.3618454587
2019-06-26 00:00:00+00:00,120.6473219186
2019-06-27 00:00:00+00:00,120.9597641138
2019-06-28 00:00:00+00:00,121.6649907828
2019-07-01 00:00:00+00:00,121.9417252985
2019-07-02 00:00:00+00:00,121.2722063089
2019-07-03 00:00:00+00:00,121.0401063925
2019-07-05 00:00:00+00:00,120.9508371939
2019-07-08 00:00:00+00:00,120.370587403
2019-07-09 00:00:00+00:00,119.8796068106
2019-07-10 00:00:00+00:00,118.4066650336
2019-07-11 00:00:00+00:00,119.5850184552
2019-07-12 00:00:00+00:00,123.512863194
2019-07-15 00:00:00+00:00,124.6555089361
2019-07-16 00:00:00+00:00,124.1645283438
2019-07-17 00:00:00+00:00,121.1650832706
2019-07-18 00:00:00+00:00,120.4152220023
2019-07-19 00:00:00+00:00,122.5309020093
2019-07-22 00:00:00+00:00,121.6404550226
2019-07-23 00:00:00+00:00,124.2128574285
2019-07-24 00:00:00+00:00,118.6453151585
2019-07-25 00:00:00+00:00,121.1637510803
2019-07-26 00:00:00+00:00,119.5537509732
2019-07-29 00:00:00+00:00,120.9388907301
2019-07-30 00:00:00+00:00,119.5807342152
2019-07-31 00:00:00+00:00,118.4294492224
2019-08-01 00:00:00+00:00,114.0401751872
2019-08-02 00:00:00+00:00,112.0164320358
2019-08-05 00:00:00+00:00,109.4170463879
2019-08-06 00:00:00+00:00,109.8038061902
2019-08-07 00:00:00+00:00,108.6345323694
2019-08-08 00:00:00+00:00,109.7498397062
2019-08-09 00:00:00+00:00,107.3753144085
2019-08-12 00:00:00+00:00,104.9828002828
2019-08-13 00:00:00+00:00,107.0425210902
2019-08-14 00:00:00+00:00,103.6246437678
2019-08-15 00:00:00+00:00,103.6606214238
2019-08-16 00:00:00+00:00,104.7219622766
2019-08-19 00:00:00+00:00,105.5584427792
2019-08-20 00:00:00+00:00,104.9378282127
2019-08-21 00:00:00+00:00,105.8462640274
2019-08-22 00:00:00+00:00,106.0351467215
2019-08-23 00:00:00+00:00,102.5902861571
2019-08-26 00:00:00+00:00,102.9140850613
2019-08-27 00:00:00+00:00,101.9786660046
2019-08-28 00:00:00+00:00,103.3098392776
2019-08-29 00:00:00+00:00,105.9272137534
2019-08-30 00:00:00+00:00,107.0335266762
2019-09-03 00:00:00+00:00,105.261627117
2019-09-04 00:00:00+00:00,107.1234708163
2019-09-05 00:00:00+00:00,110.6222978648
2019-09-06 00:00:00+00:00,110.3614598586
2019-09-09 00:00:00+00:00,114.4539182315
2019-09-10 00:00:00+00:00,117.1882200895
2019-09-11 00:00:00+00:00,119.7066560113
2019-09-12 00:00:00+00:00,118.5014045344
2019-09-13 00:00:00+00:00,120.3272705777
2019-09-16 00:00:00+00:00,119.7606224953
2019-09-17 00:00:00+00:00,118.8791699227
2019-09-18 00:00:00+00:00,117.889784382
2019-09-19 00:00:00+00:00,117.0353150514
2019-09-20 00:00:00+00:00,115.2724099061
2019-09-23 00:00:00+00:00,115.5062646703
2019-09-24 00:00:00+00:00,113.3206220667
2019-09-25 00:00:00+00:00,113.8782757351
2019-09-26 00:00:00+00:00,113.680398627
2019-09-27 00:00:00+00:00,113.8602869071
2019-09-30 00:00:00+00:00,113.6084433149
2019-10-01 00:00:00+00:00,110.0646441964
2019-10-02 00:00:00+00:00,107.8969904208
2019-10-03 00:00:00+00:00,107.9689457329
2019-10-04 00:00:00+00:00,108.8683871335
2019-10-07 00:00:00+00:00,108.157828427
2019-10-08 00:00:00+00:00,106.1071020336
2019-10-09 00:00:00+00:00,107.4292808925
2019-10-10 00:00:00+00:00,110.3524654446
2019-10-11 00:00:00+00:00,115.4882758423
2019-10-14 00:00:00+00:00,115.4702870142
2019-10-15 00:00:00+00:00,117.8538067259
2019-10-16 00:00:00+00:00,117.0982759494
2019-10-17 00:00:00+00:00,118.7892257826
2019-10-18 00:00:00+00:00,118.4924101204
2019-10-21 00:00:00+00:00,119.8703342531
2019-10-22 00:00:00+00:00,121.1938666437
2019-10-23 00:00:00+00:00,122.6896395509
2019-10-24 00:00:00+00:00,121.3389112892
2019-10-25 00:00:00+00:00,126.669302013
2019-10-28 00:00:00+00:00,126.9684565945
2019-10-29 00:00:00+00:00,128.1197484685
2019-10-30 00:00:00+00:00,127.2222847242
2019-10-31 00:00:00+00:00,124.9197009761
2019-11-01 00:00:00+00:00,130.984380218
2019-11-04 00:00:00+00:00,133.1872457722
2019-11-05 00:00:00+00:00,132.6886548032
2019-11-06 00:00:00+00:00,131.8909092527
2019-11-07 00:00:00+00:00,133.2688333854
2019-11-08 00:00:00+00:00,134.3113417752
2019-11-11 00:00:00+00:00,134.1662971297
2019-11-12 00:00:00+00:00,132.6614589321
2019-11-13 00:00:00+00:00,130.984380218
2019-11-14 00:00:00+00:00,130.0325247316
2019-11-15 00:00:00+00:00,131.7277340264
2019-11-18 00:00:00+00:00,130.1685040868
2019-11-19 00:00:00+00:00,129.7968271826
2019-11-20 00:00:00+00:00,128.2919889851
2019-11-21 00:00:00+00:00,129.9600024088
2019-11-22 00:00:00+00:00,130.4313975069
2019-11-25 00:00:00+00:00,132.7339812549
2019-11-26 00:00:00+00:00,132.4348266735
2019-11-27 00:00:00+00:00,132.0722150596
2019-11-29 00:00:00+00:00,131.2019471863
2019-12-02 00:00:00+00:00,129.597390795
2019-12-03 00:00:00+00:00,126.9684565945
2019-12-04 00:00:00+00:00,127.0228483365
2019-12-05 00:00:00+00:00,127.8659203388
2019-12-06 00:00:00+00:00,129.3798238267
2019-12-09 00:00:00+00:00,129.4795420205
2019-12-10 00:00:00+00:00,129.5158031819
2019-12-11 00:00:00+00:00,130.540180991
2019-12-12 00:00:00+00:00,133.0603317074
2019-12-13 00:00:00+00:00,131.9271704141
2019-12-16 00:00:00+00:00,131.7730604782
2019-12-17 00:00:00+00:00,132.6886548032
2019-12-18 00:00:00+00:00,133.3685515792
2019-12-19 00:00:00+00:00,131.4648406064
2019-12-20 00:00:00+00:00,133.7764896448
2019-12-23 00:00:00+00:00,134.619561647
2019-12-24 00:00:00+00:00,133.6949020316
2019-12-26 00:00:00+00:00,134.3657335173
2019-12-27 00:00:00+00:00,134.4201252594
2019-12-30 00:00:00+00:00,133.731163193
2019-12-31 00:00:00+00:00,133.8762078386
2020-01-02 00:00:00+00:00,136.4598155874
2020-01-03 00:00:00+00:00,134.5651699049
2020-01-06 00:00:00+00:00,134.4745170015
2020-01-07 00:00:00+00:00,132.6977200935
2020-01-08 00:00:00+00:00,133.8762078386
2020-01-09 00:00:00+00:00,133.5407920957
2020-01-10 00:00:00+00:00,132.4710878349
2020-01-13 00:00:00+00:00,133.0965928688
2020-01-14 00:00:00+00:00,132.9696788039
2020-01-15 00:00:00+00:00,131.9634315754
2020-01-16 00:00:00+00:00,134.0484483552
2020-01-17 00:00:00+00:00,134.9005856477
2020-01-21 00:00:00+00:00,133.1387902065
2020-01-22 00:00:00+00:00,130.1994216466
2020-01-23 00:00:00+00:00,130.3089633321
2020-01-24 00:00:00+00:00,128.1455150442
2020-01-27 00:00:00+00:00,123.9007747325
2020-01-28 00:00:00+00:00,124.8227505851
2020-01-29 00:00:00+00:00,123.9464171014
2020-01-30 00:00:00+00:00,123.5721496761
2020-01-31 00:00:00+00:00,119.9025032131
2020-02-03 00:00:00+00:00,118.4602043545
2020-02-04 00:00:00+00:00,121.8742535514
2020-02-05 00:00:00+00:00,125.4617437503
2020-02-06 00:00:00+00:00,125.2883027484
2020-02-07 00:00:00+00:00,121.7464549184
2020-02-10 00:00:00+00:00,122.6136599283
2020-02-11 00:00:00+00:00,124.3206845268
2020-02-12 00:00:00+00:00,127.4243656149
2020-02-13 00:00:00+00:00,127.5430357741
2020-02-14 00:00:00+00:00,125.9638098087
2020-02-18 00:00:00+00:00,124.6766950045
2020-02-19 00:00:00+00:00,124.9322922706
2020-02-20 00:00:00+00:00,124.9961915871
2020-02-21 00:00:00+00:00,125.2517888532
2020-02-24 00:00:00+00:00,120.6510380638
2020-02-25 00:00:00+00:00,117.7573118728
2020-02-26 00:00:00+00:00,117.0726763386
2020-02-27 00:00:00+00:00,112.5266963919
2020-02-28 00:00:00+00:00,113.4121583494
2020-03-02 00:00:00+00:00,116.4793255424
2020-03-03 00:00:00+00:00,113.5399569824
2020-03-04 00:00:00+00:00,116.2967560666
2020-03-05 00:00:00+00:00,111.3399947994
2020-03-06 00:00:00+00:00,110.8288002672
2020-03-09 00:00:00+00:00,95.0000267178
2020-03-10 00:00:00+00:00,97.2091173747
2020-03-11 00:00:00+00:00,91.9146025773
2020-03-12 00:00:00+00:00,84.2192991735
2020-03-13 00:00:00+00:00,90.9561128295
2020-03-16 00:00:00+00:00,85.2690736592
2020-03-17 00:00:00+00:00,91.4673073616
2020-03-18 00:00:00+00:00,91.3942795713
2020-03-19 00:00:00+00:00,94.0324084962
2020-03-20 00:00:00+00:00,87.176924681
2020-03-23 00:00:00+00:00,83.8450317482
2020-03-24 00:00:00+00:00,92.5079533735
2020-03-25 00:00:00+00:00,95.5477351451
2020-03-26 00:00:00+00:00,100.8696353639
2020-03-27 00:00:00+00:00,96.2506276269
2020-03-30 00:00:00+00:00,101.9741806923
2020-03-31 00:00:00+00:00,105.9268098428
2020-04-01 00:00:00+00:00,101.6455556359
2020-04-02 00:00:00+00:00,106.565803008
2020-04-03 00:00:00+00:00,104.6762089337
2020-04-06 00:00:00+00:00,109.934209836
2020-04-07 00:00:00+00:00,111.2943524305
2020-04-08 00:00:00+00:00,116.2967560666
2020-04-09 00:00:00+00:00,114.1333077787
2020-04-13 00:00:00+00:00,104.1923998229
2020-04-14 00:00:00+00:00,106.3284626895
2020-04-15 00:00:00+00:00,101.8098681641
2020-04-16 00:00:00+00:00,103.3525802344
2020-04-17 00:00:00+00:00,107.1043829615
2020-04-20 00:00:00+00:00,105.5387986878
2020-04-21 00:00:00+00:00,101.1643720406
2020-04-22 00:00:00+00:00,101.8919082619
2020-04-23 00:00:00+00:00,103.9824237333
2020-04-24 00:00:00+00:00,105.0230768094
2020-04-27 00:00:00+00:00,106.0913578432
2020-04-28 00:00:00+00:00,106.3308001439
2020-04-29 00:00:00+00:00,110.5670870022
2020-04-30 00:00:00+00:00,107.1780575155
2020-05-01 00:00:00+00:00,102.1129319241
2020-05-04 00:00:00+00:00,99.2027870388
2020-05-05 00:00:00+00:00,100.2986960304
2020-05-06 00:00:00+00:00,99.1567404425
2020-05-07 00:00:00+00:00,98.8067863107
2020-05-08 00:00:00+00:00,103.2456781927
2020-05-11 00:00:00+00:00,100.0224164527
2020-05-12 00:00:00+00:00,96.6978522008
2020-05-13 00:00:00+00:00,96.2189675995
2020-05-14 00:00:00+00:00,97.7937611924
2020-05-15 00:00:00+00:00,99.3869734239
2020-05-18 00:00:00+00:00,105.9255900966
2020-05-19 00:00:00+00:00,103.2180502349
2020-05-20 00:00:00+00:00,106.5426144868
2020-05-21 00:00:00+00:00,105.0414954479
2020-05-22 00:00:00+00:00,103.577213686
2020-05-26 00:00:00+00:00,108.126617399
2020-05-27 00:00:00+00:00,112.7404863469
2020-05-28 00:00:00+00:00,111.1933207117
2020-05-29 00:00:00+00:00,110.631552237
2020-06-01 00:00:00+00:00,110.9722970495
2020-06-02 00:00:00+00:00,113.5693250801
2020-06-03 00:00:00+00:00,117.04123844
2020-06-04 00:00:00+00:00,118.7633811411
2020-06-05 00:00:00+00:00,124.4363218036
2020-06-08 00:00:00+00:00,126.8307448105
2020-06-09 00:00:00+00:00,123.5798551127
2020-06-10 00:00:00+00:00,121.9682242426
2020-06-11 00:00:00+00:00,111.9392755715
2020-06-12 00:00:00+00:00,113.4127666527
2020-06-15 00:00:00+00:00,113.8363953385
2020-06-16 00:00:00+00:00,119.8224528557
2020-06-17 00:00:00+00:00,118.0911008354
2020-06-18 00:00:00+00:00,117.5017044029
2020-06-19 00:00:00+00:00,117.3819832526
2020-06-22 00:00:00+00:00,115.8440269366
2020-06-23 00:00:00+00:00,116.2676556224
2020-06-24 00:00:00+00:00,112.4089508537
2020-06-25 00:00:00+00:00,114.8494204568
2020-06-26 00:00:00+00:00,112.7128583891
2020-06-29 00:00:00+00:00,115.3467236967
2020-06-30 00:00:00+00:00,116.4978886039
2020-07-01 00:00:00+00:00,116.0926785565
2020-07-02 00:00:00+00:00,117.6214255532
2020-07-06 00:00:00+00:00,119.1962191462
2020-07-07 00:00:00+00:00,117.1425409519
2020-07-08 00:00:00+00:00,117.9990076428
2020-07-09 00:00:00+00:00,115.7887710211
2020-07-10 00:00:00+00:00,117.8884958117
2020-07-13 00:00:00+00:00,120.2460815415
2020-07-14 00:00:00+00:00,126.0571619929
2020-07-15 00:00:00+00:00,127.4201412429
2020-07-16 00:00:00+00:00,127.6043276281
2020-07-17 00:00:00+00:00,127.0241405149
2020-07-20 00:00:00+00:00,124.9178965487
2020-07-21 00:00:00+00:00,126.0684439135
2020-07-22 00:00:00+00:00,127.0983693771
2020-07-23 00:00:00+00:00,126.7457822814
2020-07-24 00:00:00+00:00,127.6550858439
2020-07-27 00:00:00+00:00,129.7984442412
2020-07-28 00:00:00+00:00,128.0726231941
2020-07-29 00:00:00+00:00,130.3922751392
2020-07-30 00:00:00+00:00,126.8664041826
2020-07-31 00:00:00+00:00,123.2941401871
2020-08-03 00:00:00+00:00,122.2734933313
2020-08-04 00:00:00+00:00,122.032249529
2020-08-05 00:00:00+00:00,125.2333692132
2020-08-06 00:00:00+00:00,124.695209962
2020-08-07 00:00:00+00:00,125.1869761743
2020-08-10 00:00:00+00:00,131.7747876985
2020-08-11 00:00:00+00:00,132.2479966953
2020-08-12 00:00:00+00:00,132.2851111264
2020-08-13 00:00:00+00:00,130.5221756481
2020-08-14 00:00:00+00:00,129.8633944957
2020-08-17 00:00:00+00:00,128.7128471309
2020-08-18 00:00:00+00:00,128.3880958586
2020-08-19 00:00:00+00:00,128.0633445863
2020-08-20 00:00:00+00:00,127.5622997661
2020-08-21 00:00:00+00:00,128.4437675053
2020-08-24 00:00:00+00:00,131.4593150339
2020-08-25 00:00:00+00:00,130.9675488216
2020-08-26 00:00:00+00:00,131.5984941506
2020-08-27 00:00:00+00:00,133.0273997488
2020-08-28 00:00:00+00:00,133.2686435511
2020-08-31 00:00:00+00:00,132.0438673241
2020-09-01 00:00:00+00:00,135.514066634
2020-09-02 00:00:00+00:00,138.5017783393
2020-09-03 00:00:00+00:00,136.1728477864
2020-09-04 00:00:00+00:00,137.4904100913
2020-09-08 00:00:00+00:00,137.8058827558
2020-09-09 00:00:00+00:00,141.6750622003
2020-09-10 00:00:00+00:00,139.0492161984
2020-09-11 00:00:00+00:00,142.7328234872
2020-09-14 00:00:00+00:00,142.4359080383
2020-09-15 00:00:00+00:00,137.880111618
2020-09-16 00:00:00+00:00,140.2090421709
2020-09-17 00:00:00+00:00,142.7699379183
2020-09-18 00:00:00+00:00,141.3967039668
2020-09-21 00:00:00+00:00,134.8460068738
2020-09-22 00:00:00+00:00,136.5347134899
2020-09-23 00:00:00+00:00,133.9645391347
2020-09-24 00:00:00+00:00,134.669713326
2020-09-25 00:00:00+00:00,135.3841661251
2020-09-28 00:00:00+00:00,137.0264797022
2020-09-29 00:00:00+00:00,136.7759572922
2020-09-30 00:00:00+00:00,138.390435046
2020-10-01 00:00:00+00:00,136.1264547475
2020-10-02 00:00:00+00:00,139.1234450606
2020-10-05 00:00:00+00:00,142.4173508227
2020-10-06 00:00:00+00:00,140.5987436977
2020-10-07 00:00:00+00:00,143.6050126186
2020-10-08 00:00:00+00:00,145.3586694891
2020-10-09 00:00:00+00:00,147.4741920631
2020-10-12 00:00:00+00:00,150.8794411185
2020-10-13 00:00:00+00:00,150.4247893373
2020-10-14 00:00:00+00:00,151.8073018965
2020-10-15 00:00:00+00:00,153.1341428092
2020-10-16 00:00:00+00:00,156.5765062957
2020-10-19 00:00:00+00:00,155.4445161465
2020-10-20 00:00:00+00:00,156.7991928824
2020-10-21 00:00:00+00:00,155.3238942453
2020-10-22 00:00:00+00:00,157.4208596037
2020-10-23 00:00:00+00:00,157.3837451726
2020-10-26 00:00:00+00:00,152.3520209512
2020-10-27 00:00:00+00:00,147.4136496839
2020-10-28 00:00:00+00:00,141.1123252879
2020-10-29 00:00:00+00:00,144.3890139738
2020-10-30 00:00:00+00:00,146.6108142794
2020-11-02 00:00:00+00:00,152.4173680191
2020-11-03 00:00:00+00:00,156.5435685865
2020-11-04 00:00:00+00:00,144.9117905163
2020-11-05 00:00:00+00:00,152.2493327018
2020-11-06 00:00:00+00:00,150.5689795296
2020-11-09 00:00:00+00:00,159.4655160471
2020-11-10 00:00:00+00:00,160.8471397665
2020-11-11 00:00:00+00:00,158.1959158725
2020-11-12 00:00:00+00:00,157.8878511243
2020-11-13 00:00:00+00:00,160.2963573379
2020-11-16 00:00:00+00:00,161.6779810573
2020-11-17 00:00:00+00:00,160.4830632459
2020-11-18 00:00:00+00:00,161.2578927642
2020-11-19 00:00:00+00:00,161.4072574906
2020-11-20 00:00:00+00:00,160.7817926987
2020-11-23 00:00:00+00:00,163.1622930261
2020-11-24 00:00:00+00:00,165.1413756512
2020-11-25 00:00:00+00:00,163.0222635951
2020-11-27 00:00:00+00:00,163.4423518881
2020-11-30 00:00:00+00:00,162.0513928733
2020-12-01 00:00:00+00:00,161.7433281251
2020-12-02 00:00:00+00:00,162.3127811446
2020-12-03 00:00:00+00:00,163.0222635951
2020-12-04 00:00:00+00:00,170.0984175094
2020-12-07 00:00:00+00:00,166.8310641189
2020-12-08 00:00:00+00:00,166.9524229591
2020-12-09 00:00:00+00:00,168.1006642935
2020-12-10 00:00:00+00:00,166.9617582545
2020-12-11 00:00:00+00:00,167.3725112521
2020-12-14 00:00:00+00:00,166.2149346224
2020-12-15 00:00:00+00:00,169.6596586255
2020-12-16 00:00:00+00:00,167.5685524556
2020-12-17 00:00:00+00:00,167.2604877073
2020-12-18 00:00:00+00:00,168.9315055842
2020-12-21 00:00:00+00:00,168.1846819521
2020-12-22 00:00:00+00:00,164.8426461984
2020-12-23 00:00:00+00:00,166.5603405522
2020-12-24 00:00:00+00:00,167.624564228
2020-12-28 00:00:00+00:00,166.5136640752
2020-12-29 00:00:00+00:00,164.9079932662
2020-12-30 00:00:00+00:00,168.0726584072
2020-12-31 00:00:00+00:00,169.9210468967
2021-01-04 00:00:00+00:00,170.0424057369
2021-01-05 00:00:00+00:00,171.4333647518
2021-01-06 00:00:00+00:00,180.974036652
2021-01-07 00:00:00+00:00,181.3194425819
2021-01-08 00:00:00+00:00,181.3474484681
2021-01-11 00:00:00+00:00,180.974036652
2021-01-12 00:00:00+00:00,184.4094253597
2021-01-13 00:00:00+00:00,182.8691016185
2021-01-14 00:00:00+00:00,184.2787312241
2021-01-15 00:00:00+00:00,181.6835191025
2021-01-19 00:00:00+00:00,182.1222779864
2021-01-20 00:00:00+00:00,180.5080848598
2021-01-21 00:00:00+00:00,180.3673122035
2021-01-22 00:00:00+00:00,180.1326911095
2021-01-25 00:00:00+00:00,175.8156629804
2021-01-26 00:00:00+00:00,175.6936600115
2021-01-27 00:00:00+00:00,169.5184328181
2021-01-28 00:00:00+00:00,173.0002098527
2021-01-29 00:00:00+00:00,171.5924832888
2021-02-01 00:00:00+00:00,173.3568339155
2021-02-02 00:00:00+00:00,180.65824236
2021-02-03 00:00:00+00:00,179.6728337653
2021-02-04 00:00:00+00:00,179.8605306405
2021-02-05 00:00:00+00:00,181.1274845479
2021-02-08 00:00:00+00:00,185.3037400207
2021-02-09 00:00:00+00:00,185.1441976768
2021-02-10 00:00:00+00:00,185.5571308022
2021-02-11 00:00:00+00:00,186.148375959
2021-02-12 00:00:00+00:00,185.8105215837
2021-02-16 00:00:00+00:00,189.9304679938
2021-02-17 00:00:00+00:00,189.8553892438
2021-02-18 00:00:00+00:00,187.6217964291
2021-02-19 00:00:00+00:00,196.9972553443
2021-02-22 00:00:00+00:00,204.6459030079
2021-02-23 00:00:00+00:00,206.6354898848
2021-02-24 00:00:00+00:00,208.7846191056
2021-02-25 00:00:00+00:00,208.1746042613
2021-02-26 00:00:00+00:00,202.6000070684
2021-03-01 00:00:00+00:00,206.2413264469
2021-03-02 00:00:00+00:00,202.5436980059
2021-03-03 00:00:00+00:00,201.6896772238
2021-03-04 00:00:00+00:00,199.6813206594
2021-03-05 00:00:00+00:00,206.6167201973
2021-03-08 00:00:00+00:00,207.9493680111
2021-03-09 00:00:00+00:00,203.4634126943
2021-03-10 00:00:00+00:00,207.4613561356
2021-03-11 00:00:00+00:00,206.2413264469
2021-03-12 00:00:00+00:00,214.9129220802
2021-03-15 00:00:00+00:00,216.5458848943
2021-03-16 00:00:00+00:00,212.5291717654
2021-03-17 00:00:00+00:00,219.2581047406
2021-03-18 00:00:00+00:00,216.4895758317
2021-03-19 00:00:00+00:00,211.4311450456
2021-03-22 00:00:00+00:00,212.11623864
2021-03-23 00:00:00+00:00,204.8242150393
2021-03-24 00:00:00+00:00,207.6208984795
2021-03-25 00:00:00+00:00,210.4551212947
2021-03-26 00:00:00+00:00,215.3821642681
2021-03-29 00:00:00+00:00,216.0578730188
2021-03-30 00:00:00+00:00,218.7419383339
2021-03-31 00:00:00+00:00,217.606372239
2021-04-01 00:00:00+00:00,218.4228536461
2021-04-05 00:00:00+00:00,219.3331834907
2021-04-06 00:00:00+00:00,216.4520364567
2021-04-07 00:00:00+00:00,216.2361850502
2021-04-08 00:00:00+00:00,216.3018789565
2021-04-09 00:00:00+00:00,216.555269738
2021-04-12 00:00:00+00:00,216.7241969257
2021-04-13 00:00:00+00:00,215.2413916118
2021-04-14 00:00:00+00:00,218.2726961459
2021-04-15 00:00:00+00:00,218.2163870834
2021-04-16 00:00:00+00:00,219.0047139591
2021-04-19 00:00:00+00:00,218.0943841145
2021-04-20 00:00:00+00:00,213.6271984852
2021-04-21 00:00:00+00:00,218.1600780208
2021-04-22 00:00:00+00:00,214.8096887989
2021-04-23 00:00:00+00:00,216.9212786446
2021-04-26 00:00:00+00:00,217.3454869597
2021-04-27 00:00:00+00:00,217.1380962279
2021-04-28 00:00:00+00:00,218.9857591115
2021-04-29 00:00:00+00:00,214.4325898626
2021-04-30 00:00:00+00:00,215.0359083552
2021-05-03 00:00:00+00:00,215.0924694639
2021-05-04 00:00:00+00:00,220.0321396221
2021-05-05 00:00:00+00:00,224.2459422189
2021-05-06 00:00:00+00:00,223.4823672517
2021-05-07 00:00:00+00:00,227.1776930188
2021-05-10 00:00:00+00:00,228.7048429532
2021-05-11 00:00:00+00:00,225.5845551243
2021-05-12 00:00:00+00:00,223.7180385378
2021-05-13 00:00:00+00:00,226.3104226857
2021-05-14 00:00:00+00:00,228.3466225983
2021-05-17 00:00:00+00:00,230.7598965687
2021-05-18 00:00:00+00:00,225.7448115989
2021-05-19 00:00:00+00:00,223.2938302227
2021-05-20 00:00:00+00:00,221.5215821507
2021-05-21 00:00:00+00:00,223.6426237263
2021-05-24 00:00:00+00:00,225.3488838381
2021-05-25 00:00:00+00:00,223.5766357661
2021-05-26 00:00:00+00:00,224.0856857443
2021-05-27 00:00:00+00:00,227.4510717108
2021-05-28 00:00:00+00:00,227.2625346819
2021-06-01 00:00:00+00:00,228.8462457249
2021-06-02 00:00:00+00:00,229.5061253262
2021-06-03 00:00:00+00:00,229.8643456812
2021-06-04 00:00:00+00:00,230.0340290073
2021-06-07 00:00:00+00:00,226.0181902909
2021-06-08 00:00:00+00:00,226.3952643488
2021-06-09 00:00:00+00:00,221.2010692015
2021-06-10 00:00:00+00:00,212.7923177109
2021-06-11 00:00:00+00:00,208.0506114331
2021-06-14 00:00:00+00:00,206.4574735386
2021-06-15 00:00:00+00:00,206.8816818537
2021-06-16 00:00:00+00:00,204.7135060209
2021-06-17 00:00:00+00:00,197.4454035553
2021-06-18 00:00:00+00:00,196.88921932
2021-06-21 00:00:00+00:00,200.9898996994
2021-06-22 00:00:00+00:00,200.9144848878
2021-06-23 00:00:00+00:00,201.5366570833
2021-06-24 00:00:00+00:00,206.7685596363
2021-06-25 00:00:00+00:00,203.9122236479
2021-06-28 00:00:00+00:00,203.8745162421
2021-06-29 00:00:00+00:00,202.7715746228
2021-06-30 00:00:00+00:00,205.1565680389
2021-07-01 00:00:00+00:00,204.2892977058
2021-07-02 00:00:00+00:00,205.2791171077
2021-07-06 00:00:00+00:00,201.2821320942
2021-07-07 00:00:00+00:00,202.3850737135
2021-07-08 00:00:00+00:00,199.9529460402
2021-07-09 00:00:00+00:00,204.9586041585
2021-07-12 00:00:00+00:00,206.0521189263
2021-07-13 00:00:00+00:00,202.8564162858
2021-07-14 00:00:00+00:00,199.5098840222
2021-07-15 00:00:00+00:00,199.2930664389
2021-07-16 00:00:00+00:00,196.0313758383
2021-07-19 00:00:00+00:00,192.4868796943
2021-07-20 00:00:00+00:00,197.1123276601
2021-07-21 00:00:00+00:00,199.7378380834
2021-07-22 00:00:00+00:00,198.2497328976
2021-07-23 00:00:00+00:00,198.6004328459
2021-07-26 00:00:00+00:00,200.0221893927
2021-07-27 00:00:00+00:00,198.9511327941
2021-07-28 00:00:00+00:00,200.4108028489
2021-07-29 00:00:00+00:00,201.4723810706
2021-07-30 00:00:00+00:00,195.9654440456
2021-08-02 00:00:00+00:00,194.4583821059
2021-08-03 00:00:00+00:00,197.624160017
2021-08-04 00:00:00+00:00,193.8517659793
2021-08-05 00:00:00+00:00,196.3824926327
2021-08-06 00:00:00+00:00,197.4819843623
2021-08-09 00:00:00+00:00,197.9938167192
2021-08-10 00:00:00+00:00,202.9036159944
2021-08-11 00:00:00+00:00,210.0977041217
2021-08-12 00:00:00+00:00,208.7517745906
2021-08-13 00:00:00+00:00,207.1688856351
2021-08-16 00:00:00+00:00,206.3537452149
2021-08-17 00:00:00+00:00,202.3064782447
2021-08-18 00:00:00+00:00,198.8658274013
2021-08-19 00:00:00+00:00,193.7854173404
2021-08-20 00:00:00+00:00,194.2498578124
2021-08-23 00:00:00+00:00,198.2307761437
2021-08-24 00:00:00+00:00,201.5008162015
2021-08-25 00:00:00+00:00,203.557624006
2021-08-26 00:00:00+00:00,200.2212353093
2021-08-27 00:00:00+00:00,201.728297249
2021-08-30 00:00:00+00:00,200.4202812259
2021-08-31 00:00:00+00:00,199.8705353611
2021-09-01 00:00:00+00:00,197.1123276601
2021-09-02 00:00:00+00:00,200.7330676662
2021-09-03 00:00:00+00:00,199.3966165121
2021-09-07 00:00:00+00:00,197.3682438386
2021-09-08 00:00:00+00:00,195.9844007996
2021-09-09 00:00:00+00:00,194.7048199074
2021-09-10 00:00:00+00:00,194.3162064512
2021-09-13 00:00:00+00:00,195.4441333118
2021-09-14 00:00:00+00:00,191.7760014208
2021-09-15 00:00:00+00:00,194.9986495937
2021-09-16 00:00:00+00:00,192.9797552972
2021-09-17 00:00:00+00:00,189.3305801602
2021-09-20 00:00:00+00:00,180.8663895177
2021-09-21 00:00:00+00:00,179.9375085737
2021-09-22 00:00:00+00:00,181.3687434976
2021-09-23 00:00:00+00:00,186.3638481657
2021-09-24 00:00:00+00:00,186.5534157053
2021-09-27 00:00:00+00:00,189.5675395846
2021-09-28 00:00:00+00:00,190.0888503185
2021-09-29 00:00:00+00:00,187.5486452881
2021-09-30 00:00:00+00:00,181.9564028703
2021-10-01 00:00:00+00:00,184.1932998374
2021-10-04 00:00:00+00:00,183.0558945999
2021-10-05 00:00:00+00:00,182.4587568502
2021-10-06 00:00:00+00:00,181.8521407236
2021-10-07 00:00:00+00:00,185.5392293685
2021-10-08 00:00:00+00:00,184.9800051267
2021-10-11 00:00:00+00:00,182.8284135524
2021-10-12 00:00:00+00:00,180.0133355896
2021-10-13 00:00:00+00:00,179.0844546456
2021-10-14 00:00:00+00:00,184.1932998374
2021-10-15 00:00:00+00:00,188.6386586407
2021-10-18 00:00:00+00:00,187.8424749744
2021-10-19 00:00:00+00:00,190.6480745603
2021-10-20 00:00:00+00:00,193.5389795389
2021-10-21 00:00:00+00:00,191.5959122582
2021-10-22 00:00:00+00:00,191.235733933
2021-10-25 00:00:00+00:00,192.7225405362
2021-10-26 00:00:00+00:00,190.2731219655
2021-10-27 00:00:00+00:00,186.9278071083
2021-10-28 00:00:00+00:00,194.5143331093
2021-10-29 00:00:00+00:00,194.4380866168
2021-11-01 00:00:00+00:00,195.7438078004
2021-11-02 00:00:00+00:00,197.4021690117
2021-11-03 00:00:00+00:00,193.9996692851
2021-11-04 00:00:00+00:00,194.0377925314
2021-11-05 00:00:00+00:00,196.2203483784
2021-11-08 00:00:00+00:00,204.1976376533
2021-11-09 00:00:00+00:00,199.9659573211
2021-11-10 00:00:00+00:00,196.9732824916
2021-11-11 00:00:00+00:00,198.7460134416
2021-11-12 00:00:00+00:00,199.4512934969
2021-11-15 00:00:00+00:00,197.9644868937
2021-11-16 00:00:00+00:00,195.7914618582
2021-11-17 00:00:00+00:00,193.4564130263
2021-11-18 00:00:00+00:00,191.969606423
2021-11-19 00:00:00+00:00,191.0355868903
2021-11-22 00:00:00+00:00,192.8845643327
2021-11-23 00:00:00+00:00,195.6961537426
2021-11-24 00:00:00+00:00,197.3545149539
2021-11-26 00:00:00+00:00,189.4058181137
2021-11-29 00:00:00+00:00,186.7276600655
2021-11-30 00:00:00+00:00,184.2782414949
2021-12-01 00:00:00+00:00,182.4864489218
2021-12-02 00:00:00+00:00,187.5568406712
2021-12-03 00:00:00+00:00,188.5194526387
2021-12-06 00:00:00+00:00,191.8361750612
2021-12-07 00:00:00+00:00,194.8955655717
2021-12-08 00:00:00+00:00,194.6096412249
2021-12-09 00:00:00+00:00,194.5524563556
2021-12-10 00:00:00+00:00,193.9138919811
2021-12-13 00:00:00+00:00,191.8075826265
2021-12-14 00:00:00+00:00,192.1792842773
2021-12-15 00:00:00+00:00,193.0465881292
2021-12-16 00:00:00+00:00,196.4967419136
2021-12-17 00:00:00+00:00,191.9219523652
2021-12-20 00:00:00+00:00,186.2892427338
2021-12-21 00:00:00+00:00,189.0055240282
2021-12-22 00:00:00+00:00,192.6653556669
2021-12-23 00:00:00+00:00,196.5253343483
2021-12-27 00:00:00+00:00,196.6968889563
2021-12-28 00:00:00+00:00,196.9256284338
2021-12-29 00:00:00+00:00,197.6023160545
2021-12-30 00:00:00+00:00,196.4109646096
2021-12-31 00:00:00+00:00,197.0399981725
2022-01-03 00:00:00+00:00,197.287799273
2022-01-04 00:00:00+00:00,207.8479384805
2022-01-05 00:00:00+00:00,209.4395840108
2022-01-06 00:00:00+00:00,211.5744858001
2022-01-07 00:00:00+00:00,213.6712643431
2022-01-10 00:00:00+00:00,211.2409073955
2022-01-11 00:00:00+00:00,209.630200242
2022-01-12 00:00:00+00:00,211.965249074
2022-01-13 00:00:00+00:00,216.3494223912
2022-01-14 00:00:00+00:00,218.1983998336
2022-01-18 00:00:00+00:00,219.0847653086
2022-01-19 00:00:00+00:00,212.3178891017
2022-01-20 00:00:00+00:00,207.4998841293
2022-01-21 00:00:00+00:00,205.0669352963
2022-01-24 00:00:00+00:00,205.2968202254
2022-01-25 00:00:00+00:00,205.277663148
2022-01-26 00:00:00+00:00,205.2585060706
2022-01-27 00:00:00+00:00,203.2278558635
2022-01-28 00:00:00+00:00,192.681884741
2022-01-31 00:00:00+00:00,193.0650262895
2022-02-01 00:00:00+00:00,196.6952924616
2022-02-02 00:00:00+00:00,196.3025723744
2022-02-03 00:00:00+00:00,192.1359080344
2022-02-04 00:00:00+00:00,190.0477865951
2022-02-07 00:00:00+00:00,191.3983605535
2022-02-08 00:00:00+00:00,193.0075550572
2022-02-09 00:00:00+00:00,195.0190481869
2022-02-10 00:00:00+00:00,194.5113856351
2022-02-11 00:00:00+00:00,192.7585130507
2022-02-14 00:00:00+00:00,191.4654103245
2022-02-15 00:00:00+00:00,194.8370559513
2022-02-16 00:00:00+00:00,195.0573623417
2022-02-17 00:00:00+00:00,186.5324628876
2022-02-18 00:00:00+00:00,183.8600505868
2022-02-22 00:00:00+00:00,183.1512387221
2022-02-23 00:00:00+00:00,178.8025821466
2022-02-24 00:00:00+00:00,176.9060314815
2022-02-25 00:00:00+00:00,179.1761451564
2022-02-28 00:00:00+00:00,179.6742291694
2022-03-01 00:00:00+00:00,175.124423281
2022-03-02 00:00:00+00:00,184.4922341418
2022-03-03 00:00:00+00:00,186.6378268134
2022-03-04 00:00:00+00:00,187.4136884491
2022-03-07 00:00:00+00:00,188.4098564752
2022-03-08 00:00:00+00:00,201.1493129629
2022-03-09 00:00:00+00:00,200.9385851112
2022-03-10 00:00:00+00:00,202.8638713924
2022-03-11 00:00:00+00:00,205.775747161
2022-03-14 00:00:00+00:00,206.3600380225
2022-03-15 00:00:00+00:00,207.3370489712
2022-03-16 00:00:00+00:00,206.9730645001
2022-03-17 00:00:00+00:00,212.3562032565
2022-03-18 00:00:00+00:00,211.5994986982
2022-03-21 00:00:00+00:00,214.2814895378
2022-03-22 00:00:00+00:00,213.3236356665
2022-03-23 00:00:00+00:00,212.806394576
2022-03-24 00:00:00+00:00,212.8447087309
2022-03-25 00:00:00+00:00,213.9462406828
2022-03-28 00:00:00+00:00,212.4998813372
2022-03-29 00:00:00+00:00,211.7240197015
2022-03-30 00:00:00+00:00,213.6780415989
2022-03-31 00:00:00+00:00,213.4289995923
2022-04-01 00:00:00+00:00,210.507545285
2022-04-04 00:00:00+00:00,211.5037133111
2022-04-05 00:00:00+00:00,206.9155932678
2022-04-06 00:00:00+00:00,207.0975855034
2022-04-07 00:00:00+00:00,206.8006508033
2022-04-08 00:00:00+00:00,207.8830256778
2022-04-11 00:00:00+00:00,206.944328884
2022-04-12 00:00:00+00:00,207.5669339003
2022-04-13 00:00:00+00:00,209.0707644781
2022-04-14 00:00:00+00:00,218.2086904099
2022-04-18 00:00:00+00:00,220.2297620782
2022-04-19 00:00:00+00:00,222.3753547498
2022-04-20 00:00:00+00:00,225.1722880539
2022-04-21 00:00:00+00:00,222.768074837
2022-04-22 00:00:00+00:00,208.2470101489
2022-04-25 00:00:00+00:00,208.6321178884
2022-04-26 00:00:00+00:00,202.470394056
2022-04-27 00:00:00+00:00,205.9941298726
2022-04-28 00:00:00+00:00,204.5307204624
2022-04-29 00:00:00+00:00,202.7014586997
2022-05-02 00:00:00+00:00,204.1744958034
2022-05-03 00:00:00+00:00,205.666788294
2022-05-04 00:00:00+00:00,214.3028293529
2022-05-05 00:00:00+00:00,207.8907854898
2022-05-06 00:00:00+00:00,206.6584407233
2022-05-09 00:00:00+00:00,198.6096889672
2022-05-10 00:00:00+00:00,195.4325501161
2022-05-11 00:00:00+00:00,197.5698980705
2022-05-12 00:00:00+00:00,195.4710608901
2022-05-13 00:00:00+00:00,196.7226610435
2022-05-16 00:00:00+00:00,199.4761813812
2022-05-17 00:00:00+00:00,205.1565205392
2022-05-18 00:00:00+00:00,200.1982583928
2022-05-19 00:00:00+00:00,199.0621905612
2022-05-20 00:00:00+00:00,190.4550325827
2022-05-23 00:00:00+00:00,196.5493625608
2022-05-24 00:00:00+00:00,197.993516584
2022-05-25 00:00:00+00:00,201.5172524006
2022-05-26 00:00:00+00:00,205.0602436043
2022-05-27 00:00:00+00:00,209.0557364019
2022-05-31 00:00:00+00:00,207.8137639419
2022-06-01 00:00:00+00:00,209.4697272219
2022-06-02 00:00:00+00:00,211.8092567395
2022-06-03 00:00:00+00:00,214.601287851
2022-06-06 00:00:00+00:00,215.3041094757
2022-06-07 00:00:00+00:00,218.6449191161
2022-06-08 00:00:00+00:00,221.2443963579
2022-06-09 00:00:00+00:00,215.3426202496
2022-06-10 00:00:00+00:00,207.1687084782
2022-06-13 00:00:00+00:00,199.177722883
2022-06-14 00:00:00+00:00,198.9947967067
2022-06-15 00:00:00+00:00,198.3304858561
2022-06-16 00:00:00+00:00,187.5378414558
2022-06-17 00:00:00+00:00,185.4678873559
2022-06-21 00:00:00+00:00,189.059017027
2022-06-22 00:00:00+00:00,180.8369667881
2022-06-23 00:00:00+00:00,172.0179995529
2022-06-24 00:00:00+00:00,178.5840865118
2022-06-27 00:00:00+00:00,180.6059021444
2022-06-28 00:00:00+00:00,180.461486742
2022-06-29 00:00:00+00:00,176.6489201207
2022-06-30 00:00:00+00:00,172.1046487943
2022-07-01 00:00:00+00:00,171.6521472004
2022-07-05 00:00:00+00:00,167.2908020502
2022-07-06 00:00:00+00:00,165.8947864945
2022-07-07 00:00:00+00:00,173.5680582045
2022-07-08 00:00:00+00:00,172.4319903729
2022-07-11 00:00:00+00:00,168.5038914297
2022-07-12 00:00:00+00:00,167.9936236749
2022-07-13 00:00:00+00:00,167.3967066786
2022-07-14 00:00:00+00:00,163.6130231378
2022-07-15 00:00:00+00:00,166.9249496977
2022-07-18 00:00:00+00:00,167.0308543261
2022-07-19 00:00:00+00:00,173.9627936375
2022-07-20 00:00:00+00:00,174.4280125408
2022-07-21 00:00:00+00:00,175.4166027102
2022-07-22 00:00:00+00:00,173.1195843754
2022-07-25 00:00:00+00:00,176.21135167
2022-07-26 00:00:00+00:00,175.6492121618
2022-07-27 00:00:00+00:00,179.5454204766
2022-07-28 00:00:00+00:00,182.0556641421
2022-07-29 00:00:00+00:00,192.1450991066
2022-08-01 00:00:00+00:00,188.8594906023
2022-08-02 00:00:00+00:00,177.8590019523
2022-08-03 00:00:00+00:00,177.2387100813
2022-08-04 00:00:00+00:00,177.9849987386
2022-08-05 00:00:00+00:00,179.6811093234
2022-08-08 00:00:00+00:00,180.0881758638
2022-08-09 00:00:00+00:00,180.3014011944
2022-08-10 00:00:00+00:00,184.8469775617
2022-08-11 00:00:00+00:00,188.0259734006
2022-08-12 00:00:00+00:00,190.7785185783
2022-08-15 00:00:00+00:00,189.9159251951
2022-08-16 00:00:00+00:00,191.4375786912
2022-08-17 00:00:00+00:00,189.8965410742
2022-08-18 00:00:00+00:00,191.272813663
2022-08-19 00:00:00+00:00,189.5767030782
2022-08-22 00:00:00+00:00,185.8549518521
2022-08-23 00:00:00+00:00,191.1371248162
2022-08-24 00:00:00+00:00,188.1810463684
2022-08-25 00:00:00+00:00,192.7556989171
2022-08-26 00:00:00+00:00,186.0100248199
2022-08-29 00:00:00+00:00,185.8743359731
2022-08-30 00:00:00+00:00,181.1833786985
2022-08-31 00:00:00+00:00,179.0220492105
2022-09-01 00:00:00+00:00,176.8219514805
2022-09-02 00:00:00+00:00,175.2615297425
2022-09-06 00:00:00+00:00,175.0967647142
2022-09-07 00:00:00+00:00,175.2906059239
2022-09-08 00:00:00+00:00,177.5100877749
2022-09-09 00:00:00+00:00,183.6548541221
2022-09-12 00:00:00+00:00,186.4752437231
2022-09-13 00:00:00+00:00,178.6343667911
2022-09-14 00:00:00+00:00,178.9638968476
2022-09-15 00:00:00+00:00,176.8704117829
2022-09-16 00:00:00+00:00,173.9434095166
2022-09-19 00:00:00+00:00,176.5021134845
2022-09-20 00:00:00+00:00,172.5089845648
2022-09-21 00:00:00+00:00,166.6549800322
2022-09-22 00:00:00+00:00,165.2980915643
2022-09-23 00:00:00+00:00,159.1824013986
2022-09-26 00:00:00+00:00,157.6122876001
2022-09-27 00:00:00+00:00,157.4378305113
2022-09-28 00:00:00+00:00,162.5940066891
2022-09-29 00:00:00+00:00,160.791283439
2022-09-30 00:00:00+00:00,159.0273284308
2022-10-03 00:00:00+00:00,165.9571516773
2022-10-04 00:00:00+00:00,174.0984824843
2022-10-05 00:00:00+00:00,172.8869749237
2022-10-06 00:00:00+00:00,173.3037335246
2022-10-07 00:00:00+00:00,172.0825339035
2022-10-10 00:00:00+00:00,173.1680446778
2022-10-11 00:00:00+00:00,174.2147872101
2022-10-12 00:00:00+00:00,173.972485698
2022-10-13 00:00:00+00:00,177.5003957144
2022-10-14 00:00:00+00:00,172.7028257745
2022-10-17 00:00:00+00:00,175.232453561
2022-10-18 00:00:00+00:00,177.8977701943
2022-10-19 00:00:00+00:00,178.7312873959
2022-10-20 00:00:00+00:00,174.9804599884
2022-10-21 00:00:00+00:00,185.5254217956
2022-10-24 00:00:00+00:00,186.5787676874
2022-10-25 00:00:00+00:00,190.0314014439
2022-10-26 00:00:00+00:00,192.0990804167
2022-10-27 00:00:00+00:00,206.9044421182
2022-10-28 00:00:00+00:00,213.9267480636
2022-10-31 00:00:00+00:00,211.1178256854
2022-11-01 00:00:00+00:00,213.1074790366
2022-11-02 00:00:00+00:00,209.2452107667
2022-11-03 00:00:00+00:00,213.848722442
2022-11-04 00:00:00+00:00,222.2267235629
2022-11-07 00:00:00+00:00,222.9679669682
2022-11-08 00:00:00+00:00,224.1383512925
2022-11-09 00:00:00+00:00,219.9737337388
2022-11-10 00:00:00+00:00,226.7131968058
2022-11-11 00:00:00+00:00,230.6534906973
2022-11-14 00:00:00+00:00,230.6632439
2022-11-15 00:00:00+00:00,228.800382184
2022-11-16 00:00:00+00:00,226.6839371977
2022-11-17 00:00:00+00:00,224.7528030627
2022-11-18 00:00:00+00:00,225.7183701302
2022-11-21 00:00:00+00:00,226.4401071301
2022-11-22 00:00:00+00:00,231.4044873054
2022-11-23 00:00:00+00:00,231.0728784135
2022-11-25 00:00:00+00:00,229.8829876839
2022-11-28 00:00:00+00:00,226.5668987652
2022-11-29 00:00:00+00:00,229.3173019272
2022-11-30 00:00:00+00:00,230.5754650757
2022-12-01 00:00:00+00:00,229.8732344812
2022-12-02 00:00:00+00:00,230.3023754001
2022-12-05 00:00:00+00:00,226.8302352382
2022-12-06 00:00:00+00:00,222.6558644818
2022-12-07 00:00:00+00:00,223.3288354682
2022-12-08 00:00:00+00:00,225.2209567924
2022-12-09 00:00:00+00:00,221.6805442116
2022-12-12 00:00:00+00:00,227.3081421706
2022-12-13 00:00:00+00:00,229.6781704271
2022-12-14 00:00:00+00:00,228.6930969543
2022-12-15 00:00:00+00:00,224.9673735221
2022-12-16 00:00:00+00:00,226.9765332787
2022-12-19 00:00:00+00:00,226.5571455625
2022-12-20 00:00:00+00:00,229.3368083326
2022-12-21 00:00:00+00:00,235.7641689131
2022-12-22 00:00:00+00:00,231.677576981
2022-12-23 00:00:00+00:00,233.9500732106
2022-12-27 00:00:00+00:00,237.1393704941
2022-12-28 00:00:00+00:00,233.4721662782
2022-12-29 00:00:00+00:00,234.2719288997
2022-12-30 00:00:00+00:00,233.6477239268
symbol,CAT
date,"Index([2013-01-02 00:00:00+00:00, 2013-01-03 00:00:00+00:00,
       2013-01-04 00:00:00+00:00, 2013-01-07 00:00:00+00:00,
       2013-01-08 00:00:00+00:00, 2013-01-09 00:00:00+00:00,
       2013-01-10 00:00:00+00:00, 2013-01-11 00:00:00+00:00,
       2013-01-14 00:00:00+00:00, 2013-01-15 00:00:00+00:00,
       ...
       2022-12-19 00:00:00+00:00, 2022-12-20 00:00:00+00:00,
       2022-12-21 00:00:00+00:00, 2022-12-22 00:00:00+00:00,
       2022-12-23 00:00:00+00:00, 2022-12-27 00:00:00+00:00,
       2022-12-28 00:00:00+00:00, 2022-12-29 00:00:00+00:00,
       2022-12-30 00:00:00+00:00,                  'symbol'],
      dtype='object', name='date', length=2519)"
