date,adjClose
2013-01-02 00:00:00+00:00,14.4476887902
2013-01-03 00:00:00+00:00,14.5258228004
2013-01-04 00:00:00+00:00,14.5484816633
2013-01-07 00:00:00+00:00,14.4123864238
2013-01-08 00:00:00+00:00,14.4263795147
2013-01-09 00:00:00+00:00,14.4192764229
2013-01-10 00:00:00+00:00,14.5187197085
2013-01-11 00:00:00+00:00,14.5471320759
2013-01-14 00:00:00+00:00,14.8951835757
2013-01-15 00:00:00+00:00,14.9022866676
2013-01-16 00:00:00+00:00,14.9378021267
2013-01-17 00:00:00+00:00,14.8809773921
2013-01-18 00:00:00+00:00,14.927147489
2013-01-22 00:00:00+00:00,14.8241526574
2013-01-23 00:00:00+00:00,14.6465753616
2013-01-24 00:00:00+00:00,14.9306990349
2013-01-25 00:00:00+00:00,15.0230392288
2013-01-28 00:00:00+00:00,14.9591114022
2013-01-29 00:00:00+00:00,14.7602248309
2013-01-30 00:00:00+00:00,14.6181629942
2013-01-31 00:00:00+00:00,14.6110599024
2013-02-01 00:00:00+00:00,14.7957402901
2013-02-04 00:00:00+00:00,14.7886371982
2013-02-05 00:00:00+00:00,14.9733175859
2013-02-06 00:00:00+00:00,15.0514515961
2013-02-07 00:00:00+00:00,14.9839722237
2013-02-08 00:00:00+00:00,15.0301423206
2013-02-11 00:00:00+00:00,15.1082763308
2013-02-12 00:00:00+00:00,14.8951835757
2013-02-13 00:00:00+00:00,15.0159361369
2013-02-14 00:00:00+00:00,14.9093897594
2013-02-15 00:00:00+00:00,14.9093897594
2013-02-19 00:00:00+00:00,15.2432350756
2013-02-20 00:00:00+00:00,14.9910753155
2013-02-21 00:00:00+00:00,14.7460186472
2013-02-22 00:00:00+00:00,14.8454619329
2013-02-25 00:00:00+00:00,14.6749877289
2013-02-26 00:00:00+00:00,14.6380516514
2013-02-27 00:00:00+00:00,14.8383588411
2013-02-28 00:00:00+00:00,14.8134980197
2013-03-01 00:00:00+00:00,14.7957402901
2013-03-04 00:00:00+00:00,14.7318124636
2013-03-05 00:00:00+00:00,15.0713402532
2013-03-06 00:00:00+00:00,15.4243639174
2013-03-07 00:00:00+00:00,15.4861608163
2013-03-08 00:00:00+00:00,15.5060494735
2013-03-11 00:00:00+00:00,15.5415649326
2013-03-12 00:00:00+00:00,15.4137092796
2013-03-13 00:00:00+00:00,15.3249206317
2013-03-14 00:00:00+00:00,15.3355752694
2013-03-15 00:00:00+00:00,15.5735288459
2013-03-18 00:00:00+00:00,15.3924000041
2013-03-19 00:00:00+00:00,15.2858536266
2013-03-20 00:00:00+00:00,15.3924000041
2013-03-21 00:00:00+00:00,14.8028433819
2013-03-22 00:00:00+00:00,14.7389155554
2013-03-25 00:00:00+00:00,14.8099464737
2013-03-26 00:00:00+00:00,14.8063949278
2013-03-27 00:00:00+00:00,14.7957402901
2013-03-28 00:00:00+00:00,14.841910387
2013-04-01 00:00:00+00:00,14.7957402901
2013-04-02 00:00:00+00:00,15.0727608716
2013-04-03 00:00:00+00:00,15.0564237604
2013-04-04 00:00:00+00:00,15.0656577798
2013-04-05 00:00:00+00:00,14.7577569791
2013-04-08 00:00:00+00:00,14.7291150442
2013-04-09 00:00:00+00:00,15.0155343936
2013-04-10 00:00:00+00:00,15.3735585804
2013-04-11 00:00:00+00:00,15.5275089807
2013-04-12 00:00:00+00:00,15.4236819665
2013-04-15 00:00:00+00:00,15.0728182635
2013-04-16 00:00:00+00:00,15.1515835846
2013-04-17 00:00:00+00:00,14.7720779466
2013-04-18 00:00:00+00:00,14.7362755279
2013-04-19 00:00:00+00:00,14.6503497231
2013-04-22 00:00:00+00:00,14.7434360117
2013-04-23 00:00:00+00:00,14.9725714912
2013-04-24 00:00:00+00:00,14.6002263369
2013-04-25 00:00:00+00:00,14.7792384303
2013-04-26 00:00:00+00:00,14.8007198815
2013-04-29 00:00:00+00:00,15.0226948773
2013-04-30 00:00:00+00:00,14.9797319749
2013-05-01 00:00:00+00:00,14.5930658532
2013-05-02 00:00:00+00:00,14.843682784
2013-05-03 00:00:00+00:00,14.9152876213
2013-05-06 00:00:00+00:00,14.9009666538
2013-05-07 00:00:00+00:00,14.5930658532
2013-05-08 00:00:00+00:00,14.8365223002
2013-05-09 00:00:00+00:00,14.9152876213
2013-05-10 00:00:00+00:00,15.1086206822
2013-05-13 00:00:00+00:00,15.2303489057
2013-05-14 00:00:00+00:00,15.2303489057
2013-05-15 00:00:00+00:00,15.1873860033
2013-05-16 00:00:00+00:00,17.1042474993
2013-05-17 00:00:00+00:00,17.3570125752
2013-05-20 00:00:00+00:00,17.145778305
2013-05-21 00:00:00+00:00,17.1923214492
2013-05-22 00:00:00+00:00,16.7125690389
2013-05-23 00:00:00+00:00,16.8342972625
2013-05-24 00:00:00+00:00,16.8486182299
2013-05-28 00:00:00+00:00,17.1063956444
2013-05-29 00:00:00+00:00,17.2710867703
2013-05-30 00:00:00+00:00,17.4500988637
2013-05-31 00:00:00+00:00,17.2675065285
2013-06-03 00:00:00+00:00,17.4572593475
2013-06-04 00:00:00+00:00,17.44293838
2013-06-05 00:00:00+00:00,17.414296445
2013-06-06 00:00:00+00:00,17.578987571
2013-06-07 00:00:00+00:00,17.5360246685
2013-06-10 00:00:00+00:00,17.44293838
2013-06-11 00:00:00+00:00,17.2352843517
2013-06-12 00:00:00+00:00,17.1780004818
2013-06-13 00:00:00+00:00,17.4357778962
2013-06-14 00:00:00+00:00,17.2496053191
2013-06-17 00:00:00+00:00,17.686394827
2013-06-18 00:00:00+00:00,17.7723206318
2013-06-19 00:00:00+00:00,17.6720738595
2013-06-20 00:00:00+00:00,17.496642008
2013-06-21 00:00:00+00:00,17.5295802332
2013-06-24 00:00:00+00:00,17.224543626
2013-06-25 00:00:00+00:00,17.1887412074
2013-06-26 00:00:00+00:00,17.4608395893
2013-06-27 00:00:00+00:00,17.6362714408
2013-06-28 00:00:00+00:00,17.4250371706
2013-07-01 00:00:00+00:00,17.5467653942
2013-07-02 00:00:00+00:00,17.5359496357
2013-07-03 00:00:00+00:00,17.7306332871
2013-07-05 00:00:00+00:00,17.7162122759
2013-07-08 00:00:00+00:00,17.7558700567
2013-07-09 00:00:00+00:00,18.1380268539
2013-07-10 00:00:00+00:00,18.3218947469
2013-07-11 00:00:00+00:00,18.6535780048
2013-07-12 00:00:00+00:00,18.704051544
2013-07-15 00:00:00+00:00,18.6968410384
2013-07-16 00:00:00+00:00,18.5382099151
2013-07-17 00:00:00+00:00,18.5454204207
2013-07-18 00:00:00+00:00,18.6463674992
2013-07-19 00:00:00+00:00,18.6175254768
2013-07-22 00:00:00+00:00,18.5454204207
2013-07-23 00:00:00+00:00,18.430052331
2013-07-24 00:00:00+00:00,18.4516838478
2013-07-25 00:00:00+00:00,18.3867892973
2013-07-26 00:00:00+00:00,18.3839050951
2013-07-29 00:00:00+00:00,18.264210702
2013-07-30 00:00:00+00:00,18.5093678927
2013-07-31 00:00:00+00:00,18.4516838478
2013-08-01 00:00:00+00:00,18.6687200666
2013-08-02 00:00:00+00:00,18.8843141842
2013-08-05 00:00:00+00:00,18.9708402515
2013-08-06 00:00:00+00:00,18.8987351954
2013-08-07 00:00:00+00:00,18.833840645
2013-08-08 00:00:00+00:00,18.9347877235
2013-08-09 00:00:00+00:00,18.7855302574
2013-08-12 00:00:00+00:00,18.9924717683
2013-08-13 00:00:00+00:00,18.9784112824
2013-08-14 00:00:00+00:00,19.0191506391
2013-08-15 00:00:00+00:00,17.6549229783
2013-08-16 00:00:00+00:00,17.4998971077
2013-08-19 00:00:00+00:00,17.4998971077
2013-08-20 00:00:00+00:00,17.5359496357
2013-08-21 00:00:00+00:00,17.3556869956
2013-08-22 00:00:00+00:00,17.3124239619
2013-08-23 00:00:00+00:00,17.2042663778
2013-08-26 00:00:00+00:00,17.182634861
2013-08-27 00:00:00+00:00,16.9338724176
2013-08-28 00:00:00+00:00,16.9050303951
2013-08-29 00:00:00+00:00,16.9086356479
2013-08-30 00:00:00+00:00,16.8076885695
2013-09-03 00:00:00+00:00,16.9302671648
2013-09-04 00:00:00+00:00,17.1393718274
2013-09-05 00:00:00+00:00,17.0816877825
2013-09-06 00:00:00+00:00,16.980740704
2013-09-09 00:00:00+00:00,17.2475294115
2013-09-10 00:00:00+00:00,17.4169762932
2013-09-11 00:00:00+00:00,17.5756074166
2013-09-12 00:00:00+00:00,17.5143181189
2013-09-13 00:00:00+00:00,17.5359496357
2013-09-16 00:00:00+00:00,17.5792126694
2013-09-17 00:00:00+00:00,17.5720021638
2013-09-18 00:00:00+00:00,17.8784486521
2013-09-19 00:00:00+00:00,17.7486595511
2013-09-20 00:00:00+00:00,17.6729492423
2013-09-23 00:00:00+00:00,17.5035023605
2013-09-24 00:00:00+00:00,17.4061605348
2013-09-25 00:00:00+00:00,17.6152651974
2013-09-26 00:00:00+00:00,17.1393718274
2013-09-27 00:00:00+00:00,16.8221095807
2013-09-30 00:00:00+00:00,16.8949356873
2013-10-01 00:00:00+00:00,16.8797936255
2013-10-02 00:00:00+00:00,16.9378996277
2013-10-03 00:00:00+00:00,16.7091072442
2013-10-04 00:00:00+00:00,16.7200021196
2013-10-07 00:00:00+00:00,16.6255798661
2013-10-08 00:00:00+00:00,16.4403669842
2013-10-09 00:00:00+00:00,16.3423131056
2013-10-10 00:00:00+00:00,16.7127388693
2013-10-11 00:00:00+00:00,16.9088466266
2013-10-14 00:00:00+00:00,16.9524261282
2013-10-15 00:00:00+00:00,16.8362141239
2013-10-16 00:00:00+00:00,16.7018439939
2013-10-17 00:00:00+00:00,16.5464104382
2013-10-18 00:00:00+00:00,16.677148943
2013-10-21 00:00:00+00:00,16.6546328672
2013-10-22 00:00:00+00:00,16.4512618596
2013-10-23 00:00:00+00:00,16.164363474
2013-10-24 00:00:00+00:00,16.2511593147
2013-10-25 00:00:00+00:00,16.3096284794
2013-10-28 00:00:00+00:00,16.3786293569
2013-10-29 00:00:00+00:00,16.5783687394
2013-10-30 00:00:00+00:00,16.4912097361
2013-10-31 00:00:00+00:00,16.3858926072
2013-11-01 00:00:00+00:00,16.3895242324
2013-11-04 00:00:00+00:00,16.4004191078
2013-11-05 00:00:00+00:00,16.7526867458
2013-11-06 00:00:00+00:00,16.9088466266
2013-11-07 00:00:00+00:00,16.785371372
2013-11-08 00:00:00+00:00,17.0759013828
2013-11-11 00:00:00+00:00,17.028690256
2013-11-12 00:00:00+00:00,17.2356928887
2013-11-13 00:00:00+00:00,17.4281690208
2013-11-14 00:00:00+00:00,15.5179342001
2013-11-15 00:00:00+00:00,15.6414094546
2013-11-18 00:00:00+00:00,15.463459823
2013-11-19 00:00:00+00:00,15.5578820765
2013-11-20 00:00:00+00:00,15.4198803214
2013-11-21 00:00:00+00:00,15.5941983279
2013-11-22 00:00:00+00:00,15.5869350776
2013-11-25 00:00:00+00:00,15.4489333225
2013-11-26 00:00:00+00:00,15.4053538209
2013-11-27 00:00:00+00:00,15.4489333225
2013-11-29 00:00:00+00:00,15.434406822
2013-12-02 00:00:00+00:00,15.3181948177
2013-12-03 00:00:00+00:00,15.4416700722
2013-12-04 00:00:00+00:00,15.4336804969
2013-12-05 00:00:00+00:00,15.1874563128
2013-12-06 00:00:00+00:00,15.4561965728
2013-12-09 00:00:00+00:00,15.4126170712
2013-12-10 00:00:00+00:00,15.4053538209
2013-12-11 00:00:00+00:00,15.165666562
2013-12-12 00:00:00+00:00,14.896926302
2013-12-13 00:00:00+00:00,14.7008185448
2013-12-16 00:00:00+00:00,15.0204015566
2013-12-17 00:00:00+00:00,15.1947195631
2013-12-18 00:00:00+00:00,15.2528255652
2013-12-19 00:00:00+00:00,15.3036683171
2013-12-20 00:00:00+00:00,15.3472478187
2013-12-23 00:00:00+00:00,15.6668308306
2013-12-24 00:00:00+00:00,15.7539898338
2013-12-26 00:00:00+00:00,15.8338855868
2013-12-27 00:00:00+00:00,15.9936770927
2013-12-30 00:00:00+00:00,16.1607318489
2013-12-31 00:00:00+00:00,16.2914703537
2014-01-02 00:00:00+00:00,16.1026258467
2014-01-03 00:00:00+00:00,16.087987096
2014-01-06 00:00:00+00:00,16.1099452221
2014-01-07 00:00:00+00:00,16.3295264837
2014-01-08 00:00:00+00:00,16.3170835455
2014-01-09 00:00:00+00:00,16.1685002252
2014-01-10 00:00:00+00:00,16.2636521052
2014-01-13 00:00:00+00:00,16.241693979
2014-01-14 00:00:00+00:00,16.4027202375
2014-01-15 00:00:00+00:00,16.6735371267
2014-01-16 00:00:00+00:00,16.6735371267
2014-01-17 00:00:00+00:00,16.6442596252
2014-01-21 00:00:00+00:00,16.7101340037
2014-01-22 00:00:00+00:00,16.7174533791
2014-01-23 00:00:00+00:00,16.5125108683
2014-01-24 00:00:00+00:00,16.2490133544
2014-01-27 00:00:00+00:00,16.1026258467
2014-01-28 00:00:00+00:00,15.9196414621
2014-01-29 00:00:00+00:00,15.8464477083
2014-01-30 00:00:00+00:00,16.0850593458
2014-01-31 00:00:00+00:00,16.0367514683
2014-02-03 00:00:00+00:00,15.7732539544
2014-02-04 00:00:00+00:00,15.956238339
2014-02-05 00:00:00+00:00,16.087987096
2014-02-06 00:00:00+00:00,16.4612752406
2014-02-07 00:00:00+00:00,16.5930239975
2014-02-10 00:00:00+00:00,16.7101340037
2014-02-11 00:00:00+00:00,16.622301499
2014-02-12 00:00:00+00:00,16.7247727544
2014-02-13 00:00:00+00:00,16.3002489821
2014-02-14 00:00:00+00:00,16.5125108683
2014-02-18 00:00:00+00:00,16.4027202375
2014-02-19 00:00:00+00:00,16.3075683575
2014-02-20 00:00:00+00:00,16.3222071083
2014-02-21 00:00:00+00:00,16.1977777267
2014-02-24 00:00:00+00:00,16.1904583513
2014-02-25 00:00:00+00:00,15.9855158406
2014-02-26 00:00:00+00:00,16.051390219
2014-02-27 00:00:00+00:00,16.0440708436
2014-02-28 00:00:00+00:00,15.956238339
2014-03-03 00:00:00+00:00,15.7878927052
2014-03-04 00:00:00+00:00,15.9708770898
2014-03-05 00:00:00+00:00,16.0074739667
2014-03-06 00:00:00+00:00,15.9708770898
2014-03-07 00:00:00+00:00,15.9050027113
2014-03-10 00:00:00+00:00,15.8757252098
2014-03-11 00:00:00+00:00,15.8171702067
2014-03-12 00:00:00+00:00,15.9708770898
2014-03-13 00:00:00+00:00,15.7512958282
2014-03-14 00:00:00+00:00,15.626793253
2014-03-17 00:00:00+00:00,15.7439764529
2014-03-18 00:00:00+00:00,15.8318089575
2014-03-19 00:00:00+00:00,15.8318089575
2014-03-20 00:00:00+00:00,15.9781964652
2014-03-21 00:00:00+00:00,15.8391283329
2014-03-24 00:00:00+00:00,15.7878927052
2014-03-25 00:00:00+00:00,16.3514846098
2014-03-26 00:00:00+00:00,16.336845859
2014-03-27 00:00:00+00:00,16.1172645975
2014-03-28 00:00:00+00:00,16.3441652344
2014-03-31 00:00:00+00:00,16.4063799252
2014-04-01 00:00:00+00:00,17.0468252714
2014-04-02 00:00:00+00:00,16.9656499129
2014-04-03 00:00:00+00:00,17.0394456933
2014-04-04 00:00:00+00:00,16.7602762561
2014-04-07 00:00:00+00:00,16.8623358204
2014-04-08 00:00:00+00:00,16.9287520227
2014-04-09 00:00:00+00:00,17.0615844274
2014-04-10 00:00:00+00:00,16.7147442596
2014-04-11 00:00:00+00:00,16.5745322768
2014-04-14 00:00:00+00:00,16.8623358204
2014-04-15 00:00:00+00:00,16.8918541325
2014-04-16 00:00:00+00:00,16.9951682251
2014-04-17 00:00:00+00:00,17.1280006298
2014-04-21 00:00:00+00:00,17.2682126126
2014-04-22 00:00:00+00:00,17.356767549
2014-04-23 00:00:00+00:00,17.342008393
2014-04-24 00:00:00+00:00,17.2165555663
2014-04-25 00:00:00+00:00,16.973029491
2014-04-28 00:00:00+00:00,16.9877886471
2014-04-29 00:00:00+00:00,17.0911027396
2014-04-30 00:00:00+00:00,17.0542048494
2014-05-01 00:00:00+00:00,16.980409069
2014-05-02 00:00:00+00:00,16.9287520227
2014-05-05 00:00:00+00:00,16.9398213898
2014-05-06 00:00:00+00:00,16.7664013059
2014-05-07 00:00:00+00:00,16.8770949765
2014-05-08 00:00:00+00:00,16.9863127314
2014-05-09 00:00:00+00:00,16.9877886471
2014-05-12 00:00:00+00:00,17.1132414737
2014-05-13 00:00:00+00:00,16.8697153984
2014-05-14 00:00:00+00:00,16.8327437124
2014-05-15 00:00:00+00:00,17.8438196996
2014-05-16 00:00:00+00:00,17.9840316824
2014-05-19 00:00:00+00:00,17.9692725263
2014-05-20 00:00:00+00:00,17.7995422314
2014-05-21 00:00:00+00:00,18.0652070408
2014-05-22 00:00:00+00:00,17.9914112604
2014-05-23 00:00:00+00:00,18.094725353
2014-05-27 00:00:00+00:00,18.2349373357
2014-05-28 00:00:00+00:00,18.3161126942
2014-05-29 00:00:00+00:00,18.2127986016
2014-05-30 00:00:00+00:00,18.1685211334
2014-06-02 00:00:00+00:00,18.286594382
2014-06-03 00:00:00+00:00,18.2091088126
2014-06-04 00:00:00+00:00,18.0799661969
2014-06-05 00:00:00+00:00,18.2275577577
2014-06-06 00:00:00+00:00,18.3234922722
2014-06-09 00:00:00+00:00,18.3013535381
2014-06-10 00:00:00+00:00,18.4489450989
2014-06-11 00:00:00+00:00,18.478463411
2014-06-12 00:00:00+00:00,18.1980394455
2014-06-13 00:00:00+00:00,18.2275577577
2014-06-16 00:00:00+00:00,18.102104931
2014-06-17 00:00:00+00:00,18.0799661969
2014-06-18 00:00:00+00:00,18.1759007114
2014-06-19 00:00:00+00:00,18.2349373357
2014-06-20 00:00:00+00:00,18.3234922722
2014-06-23 00:00:00+00:00,18.2275577577
2014-06-24 00:00:00+00:00,18.102104931
2014-06-25 00:00:00+00:00,18.2423169138
2014-06-26 00:00:00+00:00,18.1906598675
2014-06-27 00:00:00+00:00,18.2275577577
2014-06-30 00:00:00+00:00,18.3382514283
2014-07-01 00:00:00+00:00,18.5079817232
2014-07-02 00:00:00+00:00,18.6112958158
2014-07-03 00:00:00+00:00,18.7302653455
2014-07-07 00:00:00+00:00,18.760007728
2014-07-08 00:00:00+00:00,18.6410381982
2014-07-09 00:00:00+00:00,18.9161552358
2014-07-10 00:00:00+00:00,18.9161552358
2014-07-11 00:00:00+00:00,18.9756400007
2014-07-14 00:00:00+00:00,18.9161552358
2014-07-15 00:00:00+00:00,19.0871739349
2014-07-16 00:00:00+00:00,19.3176773989
2014-07-17 00:00:00+00:00,19.0574315524
2014-07-18 00:00:00+00:00,19.2656282296
2014-07-21 00:00:00+00:00,19.2210146559
2014-07-22 00:00:00+00:00,19.295370612
2014-07-23 00:00:00+00:00,19.0946095305
2014-07-24 00:00:00+00:00,19.2061434647
2014-07-25 00:00:00+00:00,19.3102418032
2014-07-28 00:00:00+00:00,19.2730638252
2014-07-29 00:00:00+00:00,19.1169163173
2014-07-30 00:00:00+00:00,19.0574315524
2014-07-31 00:00:00+00:00,18.760007728
2014-08-01 00:00:00+00:00,18.5889890289
2014-08-04 00:00:00+00:00,18.7116763565
2014-08-05 00:00:00+00:00,18.5666822421
2014-08-06 00:00:00+00:00,18.5369398596
2014-08-07 00:00:00+00:00,18.4848906904
2014-08-08 00:00:00+00:00,18.6112958158
2014-08-11 00:00:00+00:00,18.760007728
2014-08-12 00:00:00+00:00,18.7005229631
2014-08-13 00:00:00+00:00,18.7377009412
2014-08-14 00:00:00+00:00,18.2469516308
2014-08-15 00:00:00+00:00,18.1651600791
2014-08-18 00:00:00+00:00,18.3138719913
2014-08-19 00:00:00+00:00,18.3213075869
2014-08-20 00:00:00+00:00,18.3733567562
2014-08-21 00:00:00+00:00,18.5071974772
2014-08-22 00:00:00+00:00,18.3287431825
2014-08-25 00:00:00+00:00,18.3659211606
2014-08-26 00:00:00+00:00,18.4477127123
2014-08-27 00:00:00+00:00,18.4402771167
2014-08-28 00:00:00+00:00,18.4774550947
2014-08-29 00:00:00+00:00,18.5815534333
2014-09-02 00:00:00+00:00,18.4997618816
2014-09-03 00:00:00+00:00,18.6187314114
2014-09-04 00:00:00+00:00,18.5220686684
2014-09-05 00:00:00+00:00,18.5889890289
2014-09-08 00:00:00+00:00,18.5518110509
2014-09-09 00:00:00+00:00,18.4848906904
2014-09-10 00:00:00+00:00,18.5369398596
2014-09-11 00:00:00+00:00,18.7228297499
2014-09-12 00:00:00+00:00,18.7079585587
2014-09-15 00:00:00+00:00,18.6336026026
2014-09-16 00:00:00+00:00,18.7525721324
2014-09-17 00:00:00+00:00,18.741418739
2014-09-18 00:00:00+00:00,18.7525721324
2014-09-19 00:00:00+00:00,18.7377009412
2014-09-22 00:00:00+00:00,18.5666822421
2014-09-23 00:00:00+00:00,18.3659211606
2014-09-24 00:00:00+00:00,18.5741178377
2014-09-25 00:00:00+00:00,18.2469516308
2014-09-26 00:00:00+00:00,18.5889890289
2014-09-29 00:00:00+00:00,18.6782161763
2014-09-30 00:00:00+00:00,18.8566704709
2014-10-01 00:00:00+00:00,18.7517863285
2014-10-02 00:00:00+00:00,18.7742615019
2014-10-03 00:00:00+00:00,18.9615546134
2014-10-06 00:00:00+00:00,18.7368028795
2014-10-07 00:00:00+00:00,18.4558632122
2014-10-08 00:00:00+00:00,18.4745925234
2014-10-09 00:00:00+00:00,18.1224814737
2014-10-10 00:00:00+00:00,17.4856848944
2014-10-13 00:00:00+00:00,17.1785241914
2014-10-14 00:00:00+00:00,17.2721707472
2014-10-15 00:00:00+00:00,17.2009993648
2014-10-16 00:00:00+00:00,17.0961152224
2014-10-17 00:00:00+00:00,17.4182593742
2014-10-20 00:00:00+00:00,17.1785241914
2014-10-21 00:00:00+00:00,17.6130442102
2014-10-22 00:00:00+00:00,17.4257510987
2014-10-23 00:00:00+00:00,17.6542486948
2014-10-24 00:00:00+00:00,17.8153207707
2014-10-27 00:00:00+00:00,17.8003373218
2014-10-28 00:00:00+00:00,18.0288349179
2014-10-29 00:00:00+00:00,18.0550559535
2014-10-30 00:00:00+00:00,18.0400725046
2014-10-31 00:00:00+00:00,18.3322497586
2014-11-03 00:00:00+00:00,18.4146587277
2014-11-04 00:00:00+00:00,18.6394104615
2014-11-05 00:00:00+00:00,18.841687022
2014-11-06 00:00:00+00:00,18.9240959911
2014-11-07 00:00:00+00:00,18.9765380623
2014-11-10 00:00:00+00:00,18.841687022
2014-11-11 00:00:00+00:00,18.841687022
2014-11-12 00:00:00+00:00,18.8117201242
2014-11-13 00:00:00+00:00,19.2387484185
2014-11-14 00:00:00+00:00,19.7182187841
2014-11-17 00:00:00+00:00,19.8268487888
2014-11-18 00:00:00+00:00,19.9242412068
2014-11-19 00:00:00+00:00,19.9204953445
2014-11-20 00:00:00+00:00,20.0853132827
2014-11-21 00:00:00+00:00,20.1377553539
2014-11-24 00:00:00+00:00,20.2501312209
2014-11-25 00:00:00+00:00,20.4374243324
2014-11-26 00:00:00+00:00,20.5460543371
2014-11-28 00:00:00+00:00,20.7071264131
2014-12-01 00:00:00+00:00,20.6696677907
2014-12-02 00:00:00+00:00,20.8419774534
2014-12-03 00:00:00+00:00,20.9393698714
2014-12-04 00:00:00+00:00,20.8045188311
2014-12-05 00:00:00+00:00,20.6022422706
2014-12-08 00:00:00+00:00,20.3999657101
2014-12-09 00:00:00+00:00,20.5423084749
2014-12-10 00:00:00+00:00,20.1302636295
2014-12-11 00:00:00+00:00,20.220164323
2014-12-12 00:00:00+00:00,20.1190260428
2014-12-15 00:00:00+00:00,19.9879208647
2014-12-16 00:00:00+00:00,19.9167494823
2014-12-17 00:00:00+00:00,20.0853132827
2014-12-18 00:00:00+00:00,20.7146181375
2014-12-19 00:00:00+00:00,20.8045188311
2014-12-22 00:00:00+00:00,21.1416464319
2014-12-23 00:00:00+00:00,21.1641216052
2014-12-24 00:00:00+00:00,21.2015802276
2014-12-26 00:00:00+00:00,21.2390388499
2014-12-29 00:00:00+00:00,21.3214478189
2014-12-30 00:00:00+00:00,21.2465305743
2014-12-31 00:00:00+00:00,20.8382315911
2015-01-02 00:00:00+00:00,20.8269940045
2015-01-05 00:00:00+00:00,20.4121136458
2015-01-06 00:00:00+00:00,20.4045703665
2015-01-07 00:00:00+00:00,20.5931523478
2015-01-08 00:00:00+00:00,20.751561212
2015-01-09 00:00:00+00:00,20.9627730309
2015-01-12 00:00:00+00:00,21.1588982914
2015-01-13 00:00:00+00:00,21.192843048
2015-01-14 00:00:00+00:00,21.0608356611
2015-01-15 00:00:00+00:00,20.6761284195
2015-01-16 00:00:00+00:00,20.8797969592
2015-01-20 00:00:00+00:00,21.1739848499
2015-01-21 00:00:00+00:00,21.0004894272
2015-01-22 00:00:00+00:00,21.4983458575
2015-01-23 00:00:00+00:00,21.2795907593
2015-01-26 00:00:00+00:00,21.0985520574
2015-01-27 00:00:00+00:00,20.2914211778
2015-01-28 00:00:00+00:00,20.219760025
2015-01-29 00:00:00+00:00,20.5328061138
2015-01-30 00:00:00+00:00,19.887855738
2015-02-02 00:00:00+00:00,20.2386182231
2015-02-03 00:00:00+00:00,20.4573733213
2015-02-04 00:00:00+00:00,20.1330123136
2015-02-05 00:00:00+00:00,20.5629792308
2015-02-06 00:00:00+00:00,20.5478926723
2015-02-09 00:00:00+00:00,20.4573733213
2015-02-10 00:00:00+00:00,20.7364746535
2015-02-11 00:00:00+00:00,20.3140510156
2015-02-12 00:00:00+00:00,22.2225006654
2015-02-13 00:00:00+00:00,22.1998708276
2015-02-17 00:00:00+00:00,22.1093514767
2015-02-18 00:00:00+00:00,22.2451305031
2015-02-19 00:00:00+00:00,22.1093514767
2015-02-20 00:00:00+00:00,22.3356498541
2015-02-23 00:00:00+00:00,22.3507364126
2015-02-24 00:00:00+00:00,22.3507364126
2015-02-25 00:00:00+00:00,22.2451305031
2015-02-26 00:00:00+00:00,22.5619482316
2015-02-27 00:00:00+00:00,22.2602170616
2015-03-02 00:00:00+00:00,22.7731600505
2015-03-03 00:00:00+00:00,22.2828468994
2015-03-04 00:00:00+00:00,22.1244380352
2015-03-05 00:00:00+00:00,22.1018081974
2015-03-06 00:00:00+00:00,21.8189352256
2015-03-09 00:00:00+00:00,22.1470678729
2015-03-10 00:00:00+00:00,21.6190383255
2015-03-11 00:00:00+00:00,21.3173071556
2015-03-12 00:00:00+00:00,21.3022205971
2015-03-13 00:00:00+00:00,21.0759222196
2015-03-16 00:00:00+00:00,21.3474802726
2015-03-17 00:00:00+00:00,21.2343310839
2015-03-18 00:00:00+00:00,21.2343310839
2015-03-19 00:00:00+00:00,21.3173071556
2015-03-20 00:00:00+00:00,21.4530861821
2015-03-23 00:00:00+00:00,21.4266847047
2015-03-24 00:00:00+00:00,21.1211818951
2015-03-25 00:00:00+00:00,20.7138448157
2015-03-26 00:00:00+00:00,20.4347434835
2015-03-27 00:00:00+00:00,20.4649166005
2015-03-30 00:00:00+00:00,20.8571671214
2015-03-31 00:00:00+00:00,20.9212849951
2015-04-01 00:00:00+00:00,20.7122621659
2015-04-02 00:00:00+00:00,20.621052204
2015-04-06 00:00:00+00:00,20.6894596754
2015-04-07 00:00:00+00:00,20.818673788
2015-04-08 00:00:00+00:00,20.9402870704
2015-04-09 00:00:00+00:00,20.9972932966
2015-04-10 00:00:00+00:00,21.3127277479
2015-04-13 00:00:00+00:00,21.267122767
2015-04-14 00:00:00+00:00,21.1379086544
2015-04-15 00:00:00+00:00,21.4723451811
2015-04-16 00:00:00+00:00,21.7383742365
2015-04-17 00:00:00+00:00,21.217717371
2015-04-20 00:00:00+00:00,21.6471642746
2015-04-21 00:00:00+00:00,21.8067817078
2015-04-22 00:00:00+00:00,21.7535758968
2015-04-23 00:00:00+00:00,21.7953804626
2015-04-24 00:00:00+00:00,21.9055924998
2015-04-27 00:00:00+00:00,21.9587983109
2015-04-28 00:00:00+00:00,22.2856340074
2015-04-29 00:00:00+00:00,22.0804115933
2015-04-30 00:00:00+00:00,21.91319333
2015-05-01 00:00:00+00:00,22.1412182345
2015-05-04 00:00:00+00:00,22.1716215552
2015-05-05 00:00:00+00:00,21.9587983109
2015-05-06 00:00:00+00:00,22.0196049521
2015-05-07 00:00:00+00:00,21.8941912546
2015-05-08 00:00:00+00:00,22.2172265361
2015-05-11 00:00:00+00:00,22.2020248758
2015-05-12 00:00:00+00:00,22.2172265361
2015-05-13 00:00:00+00:00,22.3084364979
2015-05-14 00:00:00+00:00,22.0804115933
2015-05-15 00:00:00+00:00,22.460453101
2015-05-18 00:00:00+00:00,22.6200705342
2015-05-19 00:00:00+00:00,22.6010684588
2015-05-20 00:00:00+00:00,22.513658912
2015-05-21 00:00:00+00:00,22.3692431391
2015-05-22 00:00:00+00:00,22.2400290265
2015-05-26 00:00:00+00:00,22.0044032918
2015-05-27 00:00:00+00:00,22.2780331773
2015-05-28 00:00:00+00:00,22.3084364979
2015-05-29 00:00:00+00:00,22.2780331773
2015-06-01 00:00:00+00:00,22.1792223853
2015-06-02 00:00:00+00:00,22.1032140838
2015-06-03 00:00:00+00:00,22.1108149139
2015-06-04 00:00:00+00:00,21.7459750666
2015-06-05 00:00:00+00:00,21.7231725762
2015-06-08 00:00:00+00:00,21.4913472565
2015-06-09 00:00:00+00:00,21.464744351
2015-06-10 00:00:00+00:00,21.7839792174
2015-06-11 00:00:00+00:00,21.9359958204
2015-06-12 00:00:00+00:00,21.6927692555
2015-06-15 00:00:00+00:00,21.6471642746
2015-06-16 00:00:00+00:00,21.8219833681
2015-06-17 00:00:00+00:00,21.9892016315
2015-06-18 00:00:00+00:00,22.2020248758
2015-06-19 00:00:00+00:00,22.065209933
2015-06-22 00:00:00+00:00,21.9968024616
2015-06-23 00:00:00+00:00,21.8789895943
2015-06-24 00:00:00+00:00,21.6699667651
2015-06-25 00:00:00+00:00,21.5863576334
2015-06-26 00:00:00+00:00,21.4951476716
2015-06-29 00:00:00+00:00,20.9326862403
2015-06-30 00:00:00+00:00,20.8718795991
2015-07-01 00:00:00+00:00,20.9478879006
2015-07-02 00:00:00+00:00,20.9325695182
2015-07-06 00:00:00+00:00,20.8483184151
2015-07-07 00:00:00+00:00,20.9555470918
2015-07-08 00:00:00+00:00,20.6721570178
2015-07-09 00:00:00+00:00,20.6108834883
2015-07-10 00:00:00+00:00,20.8942735623
2015-07-13 00:00:00+00:00,21.2848923129
2015-07-14 00:00:00+00:00,21.4687129014
2015-07-15 00:00:00+00:00,21.5299864309
2015-07-16 00:00:00+00:00,21.6908294459
2015-07-17 00:00:00+00:00,21.5836007692
2015-07-20 00:00:00+00:00,21.4687129014
2015-07-21 00:00:00+00:00,21.3231882688
2015-07-22 00:00:00+00:00,21.085753342
2015-07-23 00:00:00+00:00,21.453394519
2015-07-24 00:00:00+00:00,21.7521029754
2015-07-27 00:00:00+00:00,21.6065783428
2015-07-28 00:00:00+00:00,21.6065783428
2015-07-29 00:00:00+00:00,21.7521029754
2015-07-30 00:00:00+00:00,21.6755110635
2015-07-31 00:00:00+00:00,21.7674213578
2015-08-03 00:00:00+00:00,21.7214662106
2015-08-04 00:00:00+00:00,21.4687129014
2015-08-05 00:00:00+00:00,21.6525334899
2015-08-06 00:00:00+00:00,21.6065783428
2015-08-07 00:00:00+00:00,21.5606231957
2015-08-10 00:00:00+00:00,21.897627608
2015-08-11 00:00:00+00:00,21.4610537102
2015-08-12 00:00:00+00:00,21.369143416
2015-08-13 00:00:00+00:00,21.981878711
2015-08-14 00:00:00+00:00,22.2346320203
2015-08-17 00:00:00+00:00,22.0776186009
2015-08-18 00:00:00+00:00,21.6372151076
2015-08-19 00:00:00+00:00,21.2925515041
2015-08-20 00:00:00+00:00,20.7104529737
2015-08-21 00:00:00+00:00,20.273879076
2015-08-24 00:00:00+00:00,19.2935026039
2015-08-25 00:00:00+00:00,18.8569287061
2015-08-26 00:00:00+00:00,19.6688029721
2015-08-27 00:00:00+00:00,20.0441033403
2015-08-28 00:00:00+00:00,19.9138970901
2015-08-31 00:00:00+00:00,19.8219867959
2015-09-01 00:00:00+00:00,19.2398882656
2015-09-02 00:00:00+00:00,19.6458253985
2015-09-03 00:00:00+00:00,19.8373051783
2015-09-04 00:00:00+00:00,19.5462559131
2015-09-08 00:00:00+00:00,20.1436728258
2015-09-09 00:00:00+00:00,19.867941943
2015-09-10 00:00:00+00:00,20.113036061
2015-09-11 00:00:00+00:00,19.9292154725
2015-09-14 00:00:00+00:00,19.6841213545
2015-09-15 00:00:00+00:00,19.8985787078
2015-09-16 00:00:00+00:00,19.9675114285
2015-09-17 00:00:00+00:00,19.8219867959
2015-09-18 00:00:00+00:00,19.5615742955
2015-09-21 00:00:00+00:00,19.5615742955
2015-09-22 00:00:00+00:00,19.2552066479
2015-09-23 00:00:00+00:00,19.3624353246
2015-09-24 00:00:00+00:00,19.46200481
2015-09-25 00:00:00+00:00,19.9330450681
2015-09-28 00:00:00+00:00,19.6534845897
2015-09-29 00:00:00+00:00,19.6381662074
2015-09-30 00:00:00+00:00,20.1015472743
2015-10-01 00:00:00+00:00,19.867941943
2015-10-02 00:00:00+00:00,19.8911070522
2015-10-05 00:00:00+00:00,20.7327726844
2015-10-06 00:00:00+00:00,21.0261974002
2015-10-07 00:00:00+00:00,21.2655701947
2015-10-08 00:00:00+00:00,21.5512732075
2015-10-09 00:00:00+00:00,21.5512732075
2015-10-12 00:00:00+00:00,21.5898817228
2015-10-13 00:00:00+00:00,21.5049429892
2015-10-14 00:00:00+00:00,21.4817778801
2015-10-15 00:00:00+00:00,21.7365940807
2015-10-16 00:00:00+00:00,21.8138111112
2015-10-19 00:00:00+00:00,21.8138111112
2015-10-20 00:00:00+00:00,22.0068536874
2015-10-21 00:00:00+00:00,21.8369762203
2015-10-22 00:00:00+00:00,22.4006605428
2015-10-23 00:00:00+00:00,22.6631984465
2015-10-26 00:00:00+00:00,22.3543303245
2015-10-27 00:00:00+00:00,22.431547355
2015-10-28 00:00:00+00:00,22.6709201495
2015-10-29 00:00:00+00:00,22.5010426824
2015-10-30 00:00:00+00:00,22.277113294
2015-11-02 00:00:00+00:00,22.2153396697
2015-11-03 00:00:00+00:00,22.0917924209
2015-11-04 00:00:00+00:00,21.9836885782
2015-11-05 00:00:00+00:00,21.952801766
2015-11-06 00:00:00+00:00,21.9682451721
2015-11-09 00:00:00+00:00,21.7597591898
2015-11-10 00:00:00+00:00,21.6053251289
2015-11-11 00:00:00+00:00,21.4817778801
2015-11-12 00:00:00+00:00,21.4894995831
2015-11-13 00:00:00+00:00,20.2385836893
2015-11-16 00:00:00+00:00,20.6864424661
2015-11-17 00:00:00+00:00,20.7018858722
2015-11-18 00:00:00+00:00,20.9412586667
2015-11-19 00:00:00+00:00,21.1343012429
2015-11-20 00:00:00+00:00,21.2887353039
2015-11-23 00:00:00+00:00,21.1806314612
2015-11-24 00:00:00+00:00,21.0570842124
2015-11-25 00:00:00+00:00,21.0339191033
2015-11-27 00:00:00+00:00,21.0956927277
2015-11-30 00:00:00+00:00,21.0416408063
2015-12-01 00:00:00+00:00,21.2887353039
2015-12-02 00:00:00+00:00,21.1883531643
2015-12-03 00:00:00+00:00,20.8099897149
2015-12-04 00:00:00+00:00,21.2192399764
2015-12-07 00:00:00+00:00,21.2269616795
2015-12-08 00:00:00+00:00,20.9644237759
2015-12-09 00:00:00+00:00,20.6401122478
2015-12-10 00:00:00+00:00,20.67099906
2015-12-11 00:00:00+00:00,20.1999751741
2015-12-14 00:00:00+00:00,20.4547913747
2015-12-15 00:00:00+00:00,20.7327726844
2015-12-16 00:00:00+00:00,21.0300582518
2015-12-17 00:00:00+00:00,20.6323905448
2015-12-18 00:00:00+00:00,20.2849139076
2015-12-21 00:00:00+00:00,20.5667560689
2015-12-22 00:00:00+00:00,20.7636594966
2015-12-23 00:00:00+00:00,21.1574663521
2015-12-24 00:00:00+00:00,21.142022946
2015-12-28 00:00:00+00:00,21.0879710246
2015-12-29 00:00:00+00:00,21.4431693648
2015-12-30 00:00:00+00:00,21.2578484917
2015-12-31 00:00:00+00:00,20.9682846274
2016-01-04 00:00:00+00:00,20.5551735143
2016-01-05 00:00:00+00:00,20.4617762852
2016-01-06 00:00:00+00:00,20.2438494171
2016-01-07 00:00:00+00:00,19.7768632714
2016-01-08 00:00:00+00:00,19.2865278184
2016-01-11 00:00:00+00:00,19.6678998374
2016-01-12 00:00:00+00:00,19.7301646569
2016-01-13 00:00:00+00:00,19.1464319747
2016-01-14 00:00:00+00:00,19.1931305893
2016-01-15 00:00:00+00:00,18.3836879367
2016-01-19 00:00:00+00:00,18.5626992925
2016-01-20 00:00:00+00:00,17.8233045618
2016-01-21 00:00:00+00:00,17.8233045618
2016-01-22 00:00:00+00:00,18.189110376
2016-01-25 00:00:00+00:00,18.0334483274
2016-01-26 00:00:00+00:00,18.461518961
2016-01-27 00:00:00+00:00,18.2358089905
2016-01-28 00:00:00+00:00,17.9828581616
2016-01-29 00:00:00+00:00,18.516000678
2016-02-01 00:00:00+00:00,18.2747245027
2016-02-02 00:00:00+00:00,17.7688228448
2016-02-03 00:00:00+00:00,17.9789666104
2016-02-04 00:00:00+00:00,18.3214231173
2016-02-05 00:00:00+00:00,17.8155214594
2016-02-08 00:00:00+00:00,17.8466538691
2016-02-09 00:00:00+00:00,17.6287270011
2016-02-10 00:00:00+00:00,17.5197635671
2016-02-11 00:00:00+00:00,19.2086967941
2016-02-12 00:00:00+00:00,19.5433701986
2016-02-16 00:00:00+00:00,20.1115366759
2016-02-17 00:00:00+00:00,20.5940890264
2016-02-18 00:00:00+00:00,20.5707397192
2016-02-19 00:00:00+00:00,20.6641369483
2016-02-22 00:00:00+00:00,20.7264017677
2016-02-23 00:00:00+00:00,20.3294635439
2016-02-24 00:00:00+00:00,20.4851255924
2016-02-25 00:00:00+00:00,20.7030524604
2016-02-26 00:00:00+00:00,20.5551735143
2016-02-29 00:00:00+00:00,20.3761621584
2016-03-01 00:00:00+00:00,20.8820638163
2016-03-02 00:00:00+00:00,20.9365455333
2016-03-03 00:00:00+00:00,20.913196226
2016-03-04 00:00:00+00:00,20.858714509
2016-03-07 00:00:00+00:00,21.1233399916
2016-03-08 00:00:00+00:00,21.0532920697
2016-03-09 00:00:00+00:00,21.4891458057
2016-03-10 00:00:00+00:00,21.3101344499
2016-03-11 00:00:00+00:00,21.6837233665
2016-03-14 00:00:00+00:00,21.5591937276
2016-03-15 00:00:00+00:00,21.5280613179
2016-03-16 00:00:00+00:00,21.6992895713
2016-03-17 00:00:00+00:00,21.9405657466
2016-03-18 00:00:00+00:00,22.0495291806
2016-03-21 00:00:00+00:00,21.9405657466
2016-03-22 00:00:00+00:00,22.0106136685
2016-03-23 00:00:00+00:00,21.6603740592
2016-03-24 00:00:00+00:00,21.7615543908
2016-03-28 00:00:00+00:00,21.7148557762
2016-03-29 00:00:00+00:00,21.8705178248
2016-03-30 00:00:00+00:00,22.1507095122
2016-03-31 00:00:00+00:00,22.1584926146
2016-04-01 00:00:00+00:00,22.3297208681
2016-04-04 00:00:00+00:00,22.1040108976
2016-04-05 00:00:00+00:00,21.6641300837
2016-04-06 00:00:00+00:00,21.9940406941
2016-04-07 00:00:00+00:00,21.6798401128
2016-04-08 00:00:00+00:00,21.7505352436
2016-04-11 00:00:00+00:00,21.6955501419
2016-04-12 00:00:00+00:00,21.7112601709
2016-04-13 00:00:00+00:00,22.1747060284
2016-04-14 00:00:00+00:00,22.1904160575
2016-04-15 00:00:00+00:00,21.9154905488
2016-04-18 00:00:00+00:00,22.1432859703
2016-04-19 00:00:00+00:00,22.2532561738
2016-04-20 00:00:00+00:00,22.3396613336
2016-04-21 00:00:00+00:00,22.182561043
2016-04-22 00:00:00+00:00,22.1118659122
2016-04-25 00:00:00+00:00,22.1747060284
2016-04-26 00:00:00+00:00,22.3475163482
2016-04-27 00:00:00+00:00,22.4967616243
2016-04-28 00:00:00+00:00,21.962620636
2016-04-29 00:00:00+00:00,21.5934349529
2016-05-02 00:00:00+00:00,21.4991747785
2016-05-03 00:00:00+00:00,21.0985690373
2016-05-04 00:00:00+00:00,20.7686584269
2016-05-05 00:00:00+00:00,20.5879930926
2016-05-06 00:00:00+00:00,20.8393535577
2016-05-09 00:00:00+00:00,20.8236435286
2016-05-10 00:00:00+00:00,21.2321042844
2016-05-11 00:00:00+00:00,20.9728888048
2016-05-12 00:00:00+00:00,20.9493237612
2016-05-13 00:00:00+00:00,20.8393535577
2016-05-16 00:00:00+00:00,21.1849741972
2016-05-17 00:00:00+00:00,20.9336137321
2016-05-18 00:00:00+00:00,20.9885988338
2016-05-19 00:00:00+00:00,21.6562750692
2016-05-20 00:00:00+00:00,21.9704756505
2016-05-23 00:00:00+00:00,21.9469106069
2016-05-24 00:00:00+00:00,22.3632263772
2016-05-25 00:00:00+00:00,22.7167020312
2016-05-26 00:00:00+00:00,22.7009920022
2016-05-27 00:00:00+00:00,22.7167020312
2016-05-31 00:00:00+00:00,22.8188172202
2016-06-01 00:00:00+00:00,22.7009920022
2016-06-02 00:00:00+00:00,22.8423822638
2016-06-03 00:00:00+00:00,22.8816573364
2016-06-06 00:00:00+00:00,22.8580922928
2016-06-07 00:00:00+00:00,22.8345272492
2016-06-08 00:00:00+00:00,22.889512351
2016-06-09 00:00:00+00:00,22.889512351
2016-06-10 00:00:00+00:00,22.8031071911
2016-06-13 00:00:00+00:00,22.653861915
2016-06-14 00:00:00+00:00,22.7481220894
2016-06-15 00:00:00+00:00,22.5046166388
2016-06-16 00:00:00+00:00,22.6774269586
2016-06-17 00:00:00+00:00,22.7402670748
2016-06-20 00:00:00+00:00,22.6224418568
2016-06-21 00:00:00+00:00,22.5988768132
2016-06-22 00:00:00+00:00,22.5596017406
2016-06-23 00:00:00+00:00,22.9523524672
2016-06-24 00:00:00+00:00,21.7976653308
2016-06-27 00:00:00+00:00,21.4520446913
2016-06-28 00:00:00+00:00,21.8290853889
2016-06-29 00:00:00+00:00,22.198271072
2016-06-30 00:00:00+00:00,22.536036697
2016-07-01 00:00:00+00:00,22.6224418568
2016-07-05 00:00:00+00:00,22.4574865516
2016-07-06 00:00:00+00:00,22.7666436203
2016-07-07 00:00:00+00:00,22.7824978289
2016-07-08 00:00:00+00:00,23.1947072538
2016-07-11 00:00:00+00:00,23.3294680273
2016-07-12 00:00:00+00:00,23.4721559052
2016-07-13 00:00:00+00:00,23.5831353657
2016-07-14 00:00:00+00:00,23.59106247
2016-07-15 00:00:00+00:00,23.638625096
2016-07-18 00:00:00+00:00,23.7099690349
2016-07-19 00:00:00+00:00,23.7178961392
2016-07-20 00:00:00+00:00,24.2807205463
2016-07-21 00:00:00+00:00,24.2410850247
2016-07-22 00:00:00+00:00,24.3441373809
2016-07-25 00:00:00+00:00,24.4075542155
2016-07-26 00:00:00+00:00,24.4788981544
2016-07-27 00:00:00+00:00,24.3837729025
2016-07-28 00:00:00+00:00,24.1935223987
2016-07-29 00:00:00+00:00,24.201449503
2016-08-01 00:00:00+00:00,24.3599915895
2016-08-02 00:00:00+00:00,24.272793442
2016-08-03 00:00:00+00:00,24.3520644852
2016-08-04 00:00:00+00:00,24.4154813198
2016-08-05 00:00:00+00:00,24.6057318236
2016-08-08 00:00:00+00:00,24.5819505106
2016-08-09 00:00:00+00:00,24.5264607804
2016-08-10 00:00:00+00:00,24.4551168414
2016-08-11 00:00:00+00:00,24.5343878847
2016-08-12 00:00:00+00:00,24.4709710501
2016-08-15 00:00:00+00:00,24.7246383885
2016-08-16 00:00:00+00:00,24.6691486582
2016-08-17 00:00:00+00:00,24.3520644852
2016-08-18 00:00:00+00:00,24.1618139814
2016-08-19 00:00:00+00:00,24.1935223987
2016-08-22 00:00:00+00:00,24.2807205463
2016-08-23 00:00:00+00:00,24.5581691977
2016-08-24 00:00:00+00:00,24.6215860322
2016-08-25 00:00:00+00:00,24.8039094317
2016-08-26 00:00:00+00:00,24.8514720577
2016-08-29 00:00:00+00:00,25.0337954571
2016-08-30 00:00:00+00:00,25.0020870398
2016-08-31 00:00:00+00:00,24.9228159966
2016-09-01 00:00:00+00:00,25.0337954571
2016-09-02 00:00:00+00:00,25.2319730652
2016-09-06 00:00:00+00:00,25.2636814825
2016-09-07 00:00:00+00:00,25.2002646479
2016-09-08 00:00:00+00:00,24.9465973096
2016-09-09 00:00:00+00:00,24.4551168414
2016-09-12 00:00:00+00:00,24.9228159966
2016-09-13 00:00:00+00:00,24.6215860322
2016-09-14 00:00:00+00:00,24.5740234063
2016-09-15 00:00:00+00:00,24.8197636404
2016-09-16 00:00:00+00:00,24.4471897371
2016-09-19 00:00:00+00:00,24.589877615
2016-09-20 00:00:00+00:00,24.6532944495
2016-09-21 00:00:00+00:00,24.859399162
2016-09-22 00:00:00+00:00,25.0972122917
2016-09-23 00:00:00+00:00,24.8435449533
2016-09-26 00:00:00+00:00,24.6295131366
2016-09-27 00:00:00+00:00,24.9545244139
2016-09-28 00:00:00+00:00,24.9703786225
2016-09-29 00:00:00+00:00,24.883180475
2016-09-30 00:00:00+00:00,25.1447749177
2016-10-03 00:00:00+00:00,25.176483335
2016-10-04 00:00:00+00:00,25.0565953191
2016-10-05 00:00:00+00:00,25.2484161445
2016-10-06 00:00:00+00:00,25.1604982662
2016-10-07 00:00:00+00:00,25.1525057318
2016-10-10 00:00:00+00:00,25.1525057318
2016-10-11 00:00:00+00:00,24.8088267529
2016-10-12 00:00:00+00:00,24.2493493455
2016-10-13 00:00:00+00:00,24.1134762608
2016-10-14 00:00:00+00:00,24.1214687952
2016-10-17 00:00:00+00:00,24.1534389328
2016-10-18 00:00:00+00:00,24.3292746894
2016-10-19 00:00:00+00:00,24.2573418799
2016-10-20 00:00:00+00:00,24.1054837264
2016-10-21 00:00:00+00:00,24.097491192
2016-10-24 00:00:00+00:00,24.3452597582
2016-10-25 00:00:00+00:00,24.2493493455
2016-10-26 00:00:00+00:00,24.4171925677
2016-10-27 00:00:00+00:00,24.2813194831
2016-10-28 00:00:00+00:00,24.4491627053
2016-10-31 00:00:00+00:00,24.5210955148
2016-11-01 00:00:00+00:00,24.361244827
2016-11-02 00:00:00+00:00,24.2893120175
2016-11-03 00:00:00+00:00,24.2333642767
2016-11-04 00:00:00+00:00,24.1294613296
2016-11-07 00:00:00+00:00,24.728901409
2016-11-08 00:00:00+00:00,24.7768566154
2016-11-09 00:00:00+00:00,25.0645878535
2016-11-10 00:00:00+00:00,24.7768566154
2016-11-11 00:00:00+00:00,25.0645878535
2016-11-14 00:00:00+00:00,25.0725803879
2016-11-15 00:00:00+00:00,25.3363340228
2016-11-16 00:00:00+00:00,25.2324310757
2016-11-17 00:00:00+00:00,24.0175658481
2016-11-18 00:00:00+00:00,24.1214687952
2016-11-21 00:00:00+00:00,24.0175658481
2016-11-22 00:00:00+00:00,23.8896852979
2016-11-23 00:00:00+00:00,23.7458196788
2016-11-25 00:00:00+00:00,24.0495359857
2016-11-28 00:00:00+00:00,23.913662901
2016-11-29 00:00:00+00:00,23.8417300915
2016-11-30 00:00:00+00:00,23.8337375571
2016-12-01 00:00:00+00:00,23.5380137846
2016-12-02 00:00:00+00:00,23.3781630968
2016-12-05 00:00:00+00:00,23.6019540597
2016-12-06 00:00:00+00:00,23.4421033719
2016-12-07 00:00:00+00:00,23.9376405042
2016-12-08 00:00:00+00:00,23.9376405042
2016-12-09 00:00:00+00:00,24.0255583825
2016-12-12 00:00:00+00:00,24.1134762608
2016-12-13 00:00:00+00:00,24.4491627053
2016-12-14 00:00:00+00:00,24.3452597582
2016-12-15 00:00:00+00:00,24.4811328429
2016-12-16 00:00:00+00:00,24.4491627053
2016-12-19 00:00:00+00:00,24.5770432556
2016-12-20 00:00:00+00:00,24.4251851021
2016-12-21 00:00:00+00:00,24.3132896206
2016-12-22 00:00:00+00:00,24.3452597582
2016-12-23 00:00:00+00:00,24.4012074989
2016-12-27 00:00:00+00:00,24.5210955148
2016-12-28 00:00:00+00:00,24.3132896206
2016-12-29 00:00:00+00:00,24.3452597582
2016-12-30 00:00:00+00:00,24.1534389328
2017-01-03 00:00:00+00:00,24.4092000333
2017-01-04 00:00:00+00:00,24.2653344143
2017-01-05 00:00:00+00:00,24.3217654245
2017-01-06 00:00:00+00:00,24.3701348619
2017-01-09 00:00:00+00:00,24.3298269974
2017-01-10 00:00:00+00:00,24.4910584553
2017-01-11 00:00:00+00:00,24.3056422788
2017-01-12 00:00:00+00:00,24.2169649769
2017-01-13 00:00:00+00:00,24.2411496956
2017-01-17 00:00:00+00:00,24.1766571124
2017-01-18 00:00:00+00:00,24.208903404
2017-01-19 00:00:00+00:00,24.1685955395
2017-01-20 00:00:00+00:00,24.2653344143
2017-01-23 00:00:00+00:00,24.4023811535
2017-01-24 00:00:00+00:00,24.668413059
2017-01-25 00:00:00+00:00,24.749028788
2017-01-26 00:00:00+00:00,24.7812750796
2017-01-27 00:00:00+00:00,24.974752829
2017-01-30 00:00:00+00:00,24.8538292356
2017-01-31 00:00:00+00:00,24.7651519338
2017-02-01 00:00:00+00:00,24.5877973301
2017-02-02 00:00:00+00:00,25.1359842869
2017-02-03 00:00:00+00:00,25.2488463075
2017-02-06 00:00:00+00:00,25.2327231617
2017-02-07 00:00:00+00:00,25.3536467551
2017-02-08 00:00:00+00:00,25.208538443
2017-02-09 00:00:00+00:00,25.3939546196
2017-02-10 00:00:00+00:00,25.4020161925
2017-02-13 00:00:00+00:00,25.7728485457
2017-02-14 00:00:00+00:00,26.0469420241
2017-02-15 00:00:00+00:00,26.4580822417
2017-02-16 00:00:00+00:00,27.0868849276
2017-02-17 00:00:00+00:00,27.1997469481
2017-02-21 00:00:00+00:00,27.514148291
2017-02-22 00:00:00+00:00,27.4819019994
2017-02-23 00:00:00+00:00,27.441594135
2017-02-24 00:00:00+00:00,27.667318176
2017-02-27 00:00:00+00:00,27.6189487386
2017-02-28 00:00:00+00:00,27.5544561555
2017-03-01 00:00:00+00:00,27.7640570508
2017-03-02 00:00:00+00:00,27.7237491863
2017-03-03 00:00:00+00:00,27.6431334573
2017-03-06 00:00:00+00:00,27.5625177284
2017-03-07 00:00:00+00:00,27.5705793013
2017-03-08 00:00:00+00:00,27.4254709892
2017-03-09 00:00:00+00:00,27.4657788536
2017-03-10 00:00:00+00:00,27.6189487386
2017-03-13 00:00:00+00:00,27.4899635723
2017-03-14 00:00:00+00:00,27.5060867181
2017-03-15 00:00:00+00:00,27.6028255929
2017-03-16 00:00:00+00:00,27.59476402
2017-03-17 00:00:00+00:00,27.59476402
2017-03-20 00:00:00+00:00,27.6350718844
2017-03-21 00:00:00+00:00,27.3126089686
2017-03-22 00:00:00+00:00,27.4899635723
2017-03-23 00:00:00+00:00,27.3771015518
2017-03-24 00:00:00+00:00,27.4738404265
2017-03-27 00:00:00+00:00,27.4012862705
2017-03-28 00:00:00+00:00,27.4254709892
2017-03-29 00:00:00+00:00,27.1997469481
2017-03-30 00:00:00+00:00,27.1997469481
2017-03-31 00:00:00+00:00,27.2481163855
2017-04-03 00:00:00+00:00,27.0707617818
2017-04-04 00:00:00+00:00,27.1675006565
2017-04-05 00:00:00+00:00,26.8341072034
2017-04-06 00:00:00+00:00,26.8991595845
2017-04-07 00:00:00+00:00,26.8015810128
2017-04-10 00:00:00+00:00,26.842238751
2017-04-11 00:00:00+00:00,26.7690548223
2017-04-12 00:00:00+00:00,26.5251083932
2017-04-13 00:00:00+00:00,26.3624774404
2017-04-17 00:00:00+00:00,26.5169768455
2017-04-18 00:00:00+00:00,26.5657661314
2017-04-19 00:00:00+00:00,26.5495030361
2017-04-20 00:00:00+00:00,26.6958708935
2017-04-21 00:00:00+00:00,26.6877393459
2017-04-24 00:00:00+00:00,27.0617905372
2017-04-25 00:00:00+00:00,27.1756322042
2017-04-26 00:00:00+00:00,27.1593691089
2017-04-27 00:00:00+00:00,27.4439732762
2017-04-28 00:00:00+00:00,27.7041828006
2017-05-01 00:00:00+00:00,27.6228673242
2017-05-02 00:00:00+00:00,27.8424191104
2017-05-03 00:00:00+00:00,27.8505506581
2017-05-04 00:00:00+00:00,27.7936298246
2017-05-05 00:00:00+00:00,27.964392325
2017-05-08 00:00:00+00:00,27.8830768486
2017-05-09 00:00:00+00:00,27.5659464907
2017-05-10 00:00:00+00:00,27.4358417286
2017-05-11 00:00:00+00:00,27.3463947045
2017-05-12 00:00:00+00:00,27.2000268471
2017-05-15 00:00:00+00:00,27.8342875628
2017-05-16 00:00:00+00:00,27.8912083962
2017-05-17 00:00:00+00:00,27.5008941097
2017-05-18 00:00:00+00:00,25.5167964861
2017-05-19 00:00:00+00:00,25.3785601763
2017-05-22 00:00:00+00:00,25.6875589865
2017-05-23 00:00:00+00:00,25.8257952963
2017-05-24 00:00:00+00:00,25.6062435101
2017-05-25 00:00:00+00:00,25.565585772
2017-05-26 00:00:00+00:00,25.6143750578
2017-05-30 00:00:00+00:00,25.7607429152
2017-05-31 00:00:00+00:00,25.6387697007
2017-06-01 00:00:00+00:00,25.8745845822
2017-06-02 00:00:00+00:00,26.0046893444
2017-06-05 00:00:00+00:00,25.8257952963
2017-06-06 00:00:00+00:00,25.6631643436
2017-06-07 00:00:00+00:00,25.7038220818
2017-06-08 00:00:00+00:00,25.7038220818
2017-06-09 00:00:00+00:00,25.5086649385
2017-06-12 00:00:00+00:00,25.4110863668
2017-06-13 00:00:00+00:00,25.7770060105
2017-06-14 00:00:00+00:00,25.6956905341
2017-06-15 00:00:00+00:00,25.6794274389
2017-06-16 00:00:00+00:00,25.7200851771
2017-06-19 00:00:00+00:00,26.012820892
2017-06-20 00:00:00+00:00,25.8989792251
2017-06-21 00:00:00+00:00,25.8908476774
2017-06-22 00:00:00+00:00,25.8989792251
2017-06-23 00:00:00+00:00,26.0941363684
2017-06-26 00:00:00+00:00,26.2161095829
2017-06-27 00:00:00+00:00,25.8257952963
2017-06-28 00:00:00+00:00,26.0860048207
2017-06-29 00:00:00+00:00,25.541191129
2017-06-30 00:00:00+00:00,25.451744105
2017-07-03 00:00:00+00:00,25.4761387479
2017-07-05 00:00:00+00:00,25.5330595814
2017-07-06 00:00:00+00:00,25.21297301
2017-07-07 00:00:00+00:00,25.3607052737
2017-07-10 00:00:00+00:00,25.4263640576
2017-07-11 00:00:00+00:00,25.5166448854
2017-07-12 00:00:00+00:00,25.5740963213
2017-07-13 00:00:00+00:00,25.6643771492
2017-07-14 00:00:00+00:00,25.7874873689
2017-07-17 00:00:00+00:00,25.8531461528
2017-07-18 00:00:00+00:00,25.8613535008
2017-07-19 00:00:00+00:00,26.1814400722
2017-07-20 00:00:00+00:00,26.1486106803
2017-07-21 00:00:00+00:00,26.1321959843
2017-07-24 00:00:00+00:00,26.1486106803
2017-07-25 00:00:00+00:00,26.3620017279
2017-07-26 00:00:00+00:00,25.9844637206
2017-07-27 00:00:00+00:00,25.9105975887
2017-07-28 00:00:00+00:00,25.8695608488
2017-07-31 00:00:00+00:00,25.8121094129
2017-08-01 00:00:00+00:00,25.9762563726
2017-08-02 00:00:00+00:00,25.8695608488
2017-08-03 00:00:00+00:00,25.9023902407
2017-08-04 00:00:00+00:00,26.0993665924
2017-08-07 00:00:00+00:00,26.1321959843
2017-08-08 00:00:00+00:00,25.9926710686
2017-08-09 00:00:00+00:00,25.9516343286
2017-08-10 00:00:00+00:00,25.4427787536
2017-08-11 00:00:00+00:00,25.8285241089
2017-08-14 00:00:00+00:00,26.1321959843
2017-08-15 00:00:00+00:00,26.3373796839
2017-08-16 00:00:00+00:00,26.5425633836
2017-08-17 00:00:00+00:00,25.4756081455
2017-08-18 00:00:00+00:00,24.9257158305
2017-08-21 00:00:00+00:00,25.180143618
2017-08-22 00:00:00+00:00,25.6643771492
2017-08-23 00:00:00+00:00,25.3771199697
2017-08-24 00:00:00+00:00,25.6397551052
2017-08-25 00:00:00+00:00,25.8039020649
2017-08-28 00:00:00+00:00,25.8859755448
2017-08-29 00:00:00+00:00,25.8367314568
2017-08-30 00:00:00+00:00,26.2553062041
2017-08-31 00:00:00+00:00,26.4358678598
2017-09-01 00:00:00+00:00,26.5097339916
2017-09-05 00:00:00+00:00,25.9516343286
2017-09-06 00:00:00+00:00,26.1568180283
2017-09-07 00:00:00+00:00,26.0665372004
2017-09-08 00:00:00+00:00,25.8367314568
2017-09-11 00:00:00+00:00,26.4194531638
2017-09-12 00:00:00+00:00,26.6000148195
2017-09-13 00:00:00+00:00,26.4112458158
2017-09-14 00:00:00+00:00,26.4194531638
2017-09-15 00:00:00+00:00,26.6246368634
2017-09-18 00:00:00+00:00,26.6902956473
2017-09-19 00:00:00+00:00,26.6656736033
2017-09-20 00:00:00+00:00,26.7559544312
2017-09-21 00:00:00+00:00,26.838027911
2017-09-22 00:00:00+00:00,27.387920226
2017-09-25 00:00:00+00:00,27.6751774055
2017-09-26 00:00:00+00:00,27.7080067974
2017-09-27 00:00:00+00:00,27.4782010539
2017-09-28 00:00:00+00:00,27.37150553
2017-09-29 00:00:00+00:00,27.6013112736
2017-10-02 00:00:00+00:00,27.6997994494
2017-10-03 00:00:00+00:00,27.7818729293
2017-10-04 00:00:00+00:00,27.6833847535
2017-10-05 00:00:00+00:00,27.8075626157
2017-10-06 00:00:00+00:00,27.9400190021
2017-10-09 00:00:00+00:00,27.9482975262
2017-10-10 00:00:00+00:00,27.7744485191
2017-10-11 00:00:00+00:00,27.8075626157
2017-10-12 00:00:00+00:00,27.5343713188
2017-10-13 00:00:00+00:00,27.7082203259
2017-10-16 00:00:00+00:00,27.766169995
2017-10-17 00:00:00+00:00,27.8158411399
2017-10-18 00:00:00+00:00,27.7744485191
2017-10-19 00:00:00+00:00,27.9400190021
2017-10-20 00:00:00+00:00,28.3539452095
2017-10-23 00:00:00+00:00,28.436730451
2017-10-24 00:00:00+00:00,28.6271365064
2017-10-25 00:00:00+00:00,28.3953378303
2017-10-26 00:00:00+00:00,28.3705022578
2017-10-27 00:00:00+00:00,28.5029586442
2017-10-30 00:00:00+00:00,28.1800962024
2017-10-31 00:00:00+00:00,28.271159968
2017-11-01 00:00:00+00:00,28.660250603
2017-11-02 00:00:00+00:00,28.3208311129
2017-11-03 00:00:00+00:00,28.5360727408
2017-11-06 00:00:00+00:00,28.4864015959
2017-11-07 00:00:00+00:00,28.4781230718
2017-11-08 00:00:00+00:00,28.5609083132
2017-11-09 00:00:00+00:00,28.1883747266
2017-11-10 00:00:00+00:00,28.1387035817
2017-11-13 00:00:00+00:00,28.1055894851
2017-11-14 00:00:00+00:00,28.1800962024
2017-11-15 00:00:00+00:00,28.2380458714
2017-11-16 00:00:00+00:00,29.7033446458
2017-11-17 00:00:00+00:00,29.7199016941
2017-11-20 00:00:00+00:00,30.216613143
2017-11-21 00:00:00+00:00,30.3407910052
2017-11-22 00:00:00+00:00,30.1752205223
2017-11-24 00:00:00+00:00,30.2083346189
2017-11-27 00:00:00+00:00,30.5229185365
2017-11-28 00:00:00+00:00,31.2348716133
2017-11-29 00:00:00+00:00,31.0279085096
2017-11-30 00:00:00+00:00,30.8788950749
2017-12-01 00:00:00+00:00,31.1272507994
2017-12-04 00:00:00+00:00,31.2265930892
2017-12-05 00:00:00+00:00,30.8871735991
2017-12-06 00:00:00+00:00,30.9699588405
2017-12-07 00:00:00+00:00,30.9616803164
2017-12-08 00:00:00+00:00,31.1355293235
2017-12-11 00:00:00+00:00,31.4252776687
2017-12-12 00:00:00+00:00,31.383885048
2017-12-13 00:00:00+00:00,31.5825696275
2017-12-14 00:00:00+00:00,31.3756065238
2017-12-15 00:00:00+00:00,31.6156837241
2017-12-18 00:00:00+00:00,31.8557609245
2017-12-19 00:00:00+00:00,31.7067474898
2017-12-20 00:00:00+00:00,32.0710025523
2017-12-21 00:00:00+00:00,31.8971535452
2017-12-22 00:00:00+00:00,31.9137105935
2017-12-26 00:00:00+00:00,31.8557609245
2017-12-27 00:00:00+00:00,31.9219891176
2017-12-28 00:00:00+00:00,31.9468246901
2017-12-29 00:00:00+00:00,31.7067474898
2018-01-02 00:00:00+00:00,32.1703448421
2018-01-03 00:00:00+00:00,32.4269790907
2018-01-04 00:00:00+00:00,32.5180428564
2018-01-05 00:00:00+00:00,32.9684081588
2018-01-08 00:00:00+00:00,33.3103521847
2018-01-09 00:00:00+00:00,33.1018497299
2018-01-10 00:00:00+00:00,33.2853318902
2018-01-11 00:00:00+00:00,33.4437937558
2018-01-12 00:00:00+00:00,34.0859813167
2018-01-16 00:00:00+00:00,33.8107580763
2018-01-17 00:00:00+00:00,34.3612045571
2018-01-18 00:00:00+00:00,34.4446055391
2018-01-19 00:00:00+00:00,34.4362654409
2018-01-22 00:00:00+00:00,34.744849074
2018-01-23 00:00:00+00:00,35.1118133945
2018-01-24 00:00:00+00:00,35.1701940819
2018-01-25 00:00:00+00:00,34.9450114307
2018-01-26 00:00:00+00:00,35.4954579114
2018-01-29 00:00:00+00:00,35.737320759
2018-01-30 00:00:00+00:00,35.2369148674
2018-01-31 00:00:00+00:00,34.6447678957
2018-02-01 00:00:00+00:00,34.7782094668
2018-02-02 00:00:00+00:00,34.1360219059
2018-02-05 00:00:00+00:00,32.3429007943
2018-02-06 00:00:00+00:00,33.5021744432
2018-02-07 00:00:00+00:00,33.6439561125
2018-02-08 00:00:00+00:00,32.3345606961
2018-02-09 00:00:00+00:00,32.9684081588
2018-02-12 00:00:00+00:00,33.8607986655
2018-02-13 00:00:00+00:00,34.3862248517
2018-02-14 00:00:00+00:00,35.1034732963
2018-02-15 00:00:00+00:00,36.7631528368
2018-02-16 00:00:00+00:00,36.9716552917
2018-02-20 00:00:00+00:00,36.7464726404
2018-02-21 00:00:00+00:00,36.1209652759
2018-02-22 00:00:00+00:00,35.8123816428
2018-02-23 00:00:00+00:00,36.6964320513
2018-02-26 00:00:00+00:00,37.8306854056
2018-02-27 00:00:00+00:00,37.5638022634
2018-02-28 00:00:00+00:00,37.3469597104
2018-03-01 00:00:00+00:00,36.5296300874
2018-03-02 00:00:00+00:00,36.7464726404
2018-03-05 00:00:00+00:00,37.1301171573
2018-03-06 00:00:00+00:00,36.9382948989
2018-03-07 00:00:00+00:00,36.8632340152
2018-03-08 00:00:00+00:00,36.9799953899
2018-03-09 00:00:00+00:00,37.8390255038
2018-03-12 00:00:00+00:00,37.9891472713
2018-03-13 00:00:00+00:00,37.6638834417
2018-03-14 00:00:00+00:00,37.7639646201
2018-03-15 00:00:00+00:00,37.805665111
2018-03-16 00:00:00+00:00,37.5387819688
2018-03-19 00:00:00+00:00,36.9216147025
2018-03-20 00:00:00+00:00,37.0050156844
2018-03-21 00:00:00+00:00,36.9549750953
2018-03-22 00:00:00+00:00,35.9208029193
2018-03-23 00:00:00+00:00,35.3786965367
2018-03-26 00:00:00+00:00,36.7464726404
2018-03-27 00:00:00+00:00,35.5955390898
2018-03-28 00:00:00+00:00,34.744849074
2018-03-29 00:00:00+00:00,35.7706811518
2018-04-02 00:00:00+00:00,34.2027426914
2018-04-03 00:00:00+00:00,34.5113263246
2018-04-04 00:00:00+00:00,34.6364277975
2018-04-05 00:00:00+00:00,35.1576555945
2018-04-06 00:00:00+00:00,34.2413034998
2018-04-09 00:00:00+00:00,34.6112070976
2018-04-10 00:00:00+00:00,35.7377316911
2018-04-11 00:00:00+00:00,35.6704764915
2018-04-12 00:00:00+00:00,36.435504387
2018-04-13 00:00:00+00:00,36.1496697887
2018-04-16 00:00:00+00:00,36.4018767872
2018-04-17 00:00:00+00:00,37.4863668808
2018-04-18 00:00:00+00:00,37.5199944806
2018-04-19 00:00:00+00:00,37.461146181
2018-04-20 00:00:00+00:00,37.0660218833
2018-04-23 00:00:00+00:00,37.2005322825
2018-04-24 00:00:00+00:00,36.771780385
2018-04-25 00:00:00+00:00,36.7465596852
2018-04-26 00:00:00+00:00,37.1669046827
2018-04-27 00:00:00+00:00,37.5872496802
2018-04-30 00:00:00+00:00,37.2341598823
2018-05-01 00:00:00+00:00,37.6881324797
2018-05-02 00:00:00+00:00,36.8726631844
2018-05-03 00:00:00+00:00,37.3602633816
2018-05-04 00:00:00+00:00,38.0832567773
2018-05-07 00:00:00+00:00,38.4447534752
2018-05-08 00:00:00+00:00,38.4279396753
2018-05-09 00:00:00+00:00,38.7053673737
2018-05-10 00:00:00+00:00,38.9239467724
2018-05-11 00:00:00+00:00,38.6128914743
2018-05-14 00:00:00+00:00,38.4195327754
2018-05-15 00:00:00+00:00,38.2345809765
2018-05-16 00:00:00+00:00,37.965560178
2018-05-17 00:00:00+00:00,36.5363871864
2018-05-18 00:00:00+00:00,36.3262146876
2018-05-21 00:00:00+00:00,36.780187285
2018-05-22 00:00:00+00:00,36.6961182855
2018-05-23 00:00:00+00:00,36.7213389853
2018-05-24 00:00:00+00:00,36.6288630859
2018-05-25 00:00:00+00:00,36.3682491874
2018-05-29 00:00:00+00:00,36.1244490888
2018-05-30 00:00:00+00:00,36.0235662894
2018-05-31 00:00:00+00:00,35.9058696901
2018-06-01 00:00:00+00:00,36.7045251854
2018-06-04 00:00:00+00:00,36.6372699858
2018-06-05 00:00:00+00:00,36.7129320854
2018-06-06 00:00:00+00:00,37.2089391825
2018-06-07 00:00:00+00:00,36.6961182855
2018-06-08 00:00:00+00:00,36.5532009863
2018-06-11 00:00:00+00:00,36.7297458853
2018-06-12 00:00:00+00:00,36.939918384
2018-06-13 00:00:00+00:00,36.9987666837
2018-06-14 00:00:00+00:00,37.5704358803
2018-06-15 00:00:00+00:00,37.2005322825
2018-06-18 00:00:00+00:00,37.1669046827
2018-06-19 00:00:00+00:00,36.8390355846
2018-06-20 00:00:00+00:00,36.771780385
2018-06-21 00:00:00+00:00,36.2841801879
2018-06-22 00:00:00+00:00,36.3178077877
2018-06-25 00:00:00+00:00,35.5527798921
2018-06-26 00:00:00+00:00,35.7713592909
2018-06-27 00:00:00+00:00,35.5864074919
2018-06-28 00:00:00+00:00,36.0992283889
2018-06-29 00:00:00+00:00,36.1748904885
2018-07-02 00:00:00+00:00,35.9899386896
2018-07-03 00:00:00+00:00,35.8722420903
2018-07-05 00:00:00+00:00,36.0571938892
2018-07-06 00:00:00+00:00,36.1842751646
2018-07-09 00:00:00+00:00,36.1503868245
2018-07-10 00:00:00+00:00,36.3113564401
2018-07-11 00:00:00+00:00,36.0656659742
2018-07-12 00:00:00+00:00,36.9213465623
2018-07-13 00:00:00+00:00,35.3963712568
2018-07-16 00:00:00+00:00,36.006361379
2018-07-17 00:00:00+00:00,35.8708080185
2018-07-18 00:00:00+00:00,35.7606709131
2018-07-19 00:00:00+00:00,35.9216405287
2018-07-20 00:00:00+00:00,35.5912292125
2018-07-23 00:00:00+00:00,35.6335896377
2018-07-24 00:00:00+00:00,35.9131684437
2018-07-25 00:00:00+00:00,36.565518991
2018-07-26 00:00:00+00:00,36.8789861371
2018-07-27 00:00:00+00:00,36.0656659742
2018-07-30 00:00:00+00:00,35.726782573
2018-07-31 00:00:00+00:00,35.8284475934
2018-08-01 00:00:00+00:00,35.4641479371
2018-08-02 00:00:00+00:00,36.0317776341
2018-08-03 00:00:00+00:00,36.285940185
2018-08-06 00:00:00+00:00,36.6841281814
2018-08-07 00:00:00+00:00,36.9213465623
2018-08-08 00:00:00+00:00,37.1416207731
2018-08-09 00:00:00+00:00,37.0907882629
2018-08-10 00:00:00+00:00,37.0907882629
2018-08-13 00:00:00+00:00,37.0653720078
2018-08-14 00:00:00+00:00,37.2771741336
2018-08-15 00:00:00+00:00,37.1585649431
2018-08-16 00:00:00+00:00,38.2599359971
2018-08-17 00:00:00+00:00,38.8614540342
2018-08-20 00:00:00+00:00,39.1579770103
2018-08-21 00:00:00+00:00,38.785205269
2018-08-22 00:00:00+00:00,38.9631190546
2018-08-23 00:00:00+00:00,38.9885353097
2018-08-24 00:00:00+00:00,39.2426978606
2018-08-27 00:00:00+00:00,39.4714441564
2018-08-28 00:00:00+00:00,39.7764392175
2018-08-29 00:00:00+00:00,40.2254597241
2018-08-30 00:00:00+00:00,39.9458809181
2018-08-31 00:00:00+00:00,40.47115019
2018-09-04 00:00:00+00:00,40.4372618499
2018-09-05 00:00:00+00:00,40.0475459385
2018-09-06 00:00:00+00:00,40.0560180235
2018-09-07 00:00:00+00:00,39.8611600678
2018-09-10 00:00:00+00:00,39.8781042379
2018-09-11 00:00:00+00:00,39.8442158978
2018-09-12 00:00:00+00:00,39.7256067073
2018-09-13 00:00:00+00:00,40.0221296834
2018-09-14 00:00:00+00:00,40.1576830439
2018-09-17 00:00:00+00:00,39.911992578
2018-09-18 00:00:00+00:00,40.2085155541
2018-09-19 00:00:00+00:00,40.0560180235
2018-09-20 00:00:00+00:00,40.4372618499
2018-09-21 00:00:00+00:00,41.1404449074
2018-09-24 00:00:00+00:00,41.038779887
2018-09-25 00:00:00+00:00,41.0641961421
2018-09-26 00:00:00+00:00,41.013363632
2018-09-27 00:00:00+00:00,40.9455869517
2018-09-28 00:00:00+00:00,41.2166936727
2018-10-01 00:00:00+00:00,41.4030795433
2018-10-02 00:00:00+00:00,41.5216887338
2018-10-03 00:00:00+00:00,41.6318258392
2018-10-04 00:00:00+00:00,41.2675261829
2018-10-05 00:00:00+00:00,41.0542793547
2018-10-08 00:00:00+00:00,40.533957094
2018-10-09 00:00:00+00:00,40.5083674747
2018-10-10 00:00:00+00:00,38.9218110733
2018-10-11 00:00:00+00:00,37.6338002313
2018-10-12 00:00:00+00:00,38.9900500583
2018-10-15 00:00:00+00:00,38.1029432532
2018-10-16 00:00:00+00:00,39.0838786626
2018-10-17 00:00:00+00:00,39.1862371402
2018-10-18 00:00:00+00:00,38.7768032301
2018-10-19 00:00:00+00:00,38.6744447526
2018-10-22 00:00:00+00:00,39.0326994239
2018-10-23 00:00:00+00:00,38.7426837376
2018-10-24 00:00:00+00:00,37.5911508656
2018-10-25 00:00:00+00:00,38.7853331032
2018-10-26 00:00:00+00:00,37.7446885819
2018-10-29 00:00:00+00:00,37.3949637837
2018-10-30 00:00:00+00:00,38.026174395
2018-10-31 00:00:00+00:00,39.0241695508
2018-11-01 00:00:00+00:00,38.9388708195
2018-11-02 00:00:00+00:00,38.7938629764
2018-11-05 00:00:00+00:00,39.3568346027
2018-11-06 00:00:00+00:00,39.6639100352
2018-11-07 00:00:00+00:00,40.8580922728
2018-11-08 00:00:00+00:00,41.3187054216
2018-11-09 00:00:00+00:00,40.1842322959
2018-11-12 00:00:00+00:00,38.9132812001
2018-11-13 00:00:00+00:00,38.4867875438
2018-11-14 00:00:00+00:00,37.8129275669
2018-11-15 00:00:00+00:00,39.8942166096
2018-11-16 00:00:00+00:00,39.5359619383
2018-11-19 00:00:00+00:00,39.0241695508
2018-11-20 00:00:00+00:00,37.9494055369
2018-11-21 00:00:00+00:00,38.2906004619
2018-11-23 00:00:00+00:00,37.9920549025
2018-11-26 00:00:00+00:00,38.8706318345
2018-11-27 00:00:00+00:00,39.3397748564
2018-11-28 00:00:00+00:00,40.3377700121
2018-11-29 00:00:00+00:00,40.3804193778
2018-11-30 00:00:00+00:00,40.8325026534
2018-12-03 00:00:00+00:00,41.5746016154
2018-12-04 00:00:00+00:00,40.3889492509
2018-12-06 00:00:00+00:00,41.276056056
2018-12-07 00:00:00+00:00,39.6127307964
2018-12-10 00:00:00+00:00,39.9709854677
2018-12-11 00:00:00+00:00,40.1671725496
2018-12-12 00:00:00+00:00,40.4486583628
2018-12-13 00:00:00+00:00,40.4913077284
2018-12-14 00:00:00+00:00,39.0838786626
2018-12-17 00:00:00+00:00,37.7020392163
2018-12-18 00:00:00+00:00,37.5826209925
2018-12-19 00:00:00+00:00,36.7978726649
2018-12-20 00:00:00+00:00,36.2434309117
2018-12-21 00:00:00+00:00,35.6975190317
2018-12-24 00:00:00+00:00,34.3583289509
2018-12-26 00:00:00+00:00,36.2263711655
2018-12-27 00:00:00+00:00,36.601685583
2018-12-28 00:00:00+00:00,36.4822673593
2018-12-31 00:00:00+00:00,36.9599402543
2019-01-02 00:00:00+00:00,36.6358050755
2019-01-03 00:00:00+00:00,35.313674741
2019-01-04 00:00:00+00:00,36.9043808104
2019-01-07 00:00:00+00:00,37.1537347348
2019-01-08 00:00:00+00:00,37.4546791263
2019-01-09 00:00:00+00:00,37.2483172579
2019-01-10 00:00:00+00:00,37.1795299684
2019-01-11 00:00:00+00:00,37.394490248
2019-01-14 00:00:00+00:00,37.1537347348
2019-01-15 00:00:00+00:00,37.8502060409
2019-01-16 00:00:00+00:00,37.7986155738
2019-01-17 00:00:00+00:00,38.0135758534
2019-01-18 00:00:00+00:00,38.7186455707
2019-01-22 00:00:00+00:00,38.503685291
2019-01-23 00:00:00+00:00,39.0883772517
2019-01-24 00:00:00+00:00,39.2173534195
2019-01-25 00:00:00+00:00,39.6644708012
2019-01-28 00:00:00+00:00,39.3377311761
2019-01-29 00:00:00+00:00,39.518297811
2019-01-30 00:00:00+00:00,40.1631786499
2019-01-31 00:00:00+00:00,40.6618864987
2019-02-01 00:00:00+00:00,40.7048785547
2019-02-04 00:00:00+00:00,40.7134769658
2019-02-05 00:00:00+00:00,40.6360912652
2019-02-06 00:00:00+00:00,40.8252563113
2019-02-07 00:00:00+00:00,40.1545802388
2019-02-08 00:00:00+00:00,40.5759023869
2019-02-11 00:00:00+00:00,40.9112404231
2019-02-12 00:00:00+00:00,41.1777911699
2019-02-13 00:00:00+00:00,40.8424531336
2019-02-14 00:00:00+00:00,41.6163101404
2019-02-15 00:00:00+00:00,42.5019464925
2019-02-19 00:00:00+00:00,42.6911115386
2019-02-20 00:00:00+00:00,42.6739147163
2019-02-21 00:00:00+00:00,42.4847496702
2019-02-22 00:00:00+00:00,43.0866384532
2019-02-25 00:00:00+00:00,43.6713304138
2019-02-26 00:00:00+00:00,44.0066684501
2019-02-27 00:00:00+00:00,44.3592033087
2019-02-28 00:00:00+00:00,44.5139747101
2019-03-01 00:00:00+00:00,44.2044319074
2019-03-04 00:00:00+00:00,43.9894716277
2019-03-05 00:00:00+00:00,44.1098493843
2019-03-06 00:00:00+00:00,44.4279905982
2019-03-07 00:00:00+00:00,44.1012509731
2019-03-08 00:00:00+00:00,43.912085927
2019-03-11 00:00:00+00:00,44.6429508779
2019-03-12 00:00:00+00:00,44.8407143351
2019-03-13 00:00:00+00:00,45.2190444273
2019-03-14 00:00:00+00:00,45.3480205951
2019-03-15 00:00:00+00:00,45.7435475097
2019-03-18 00:00:00+00:00,46.0100982564
2019-03-19 00:00:00+00:00,45.8381300327
2019-03-20 00:00:00+00:00,45.7951379768
2019-03-21 00:00:00+00:00,46.3798299374
2019-03-22 00:00:00+00:00,45.3480205951
2019-03-25 00:00:00+00:00,45.3394221839
2019-03-26 00:00:00+00:00,45.7693427432
2019-03-27 00:00:00+00:00,45.6919570426
2019-03-28 00:00:00+00:00,45.8811220886
2019-03-29 00:00:00+00:00,46.4228219934
2019-04-01 00:00:00+00:00,47.2740647008
2019-04-02 00:00:00+00:00,47.5406154476
2019-04-03 00:00:00+00:00,47.8329614279
2019-04-04 00:00:00+00:00,47.7125836713
2019-04-05 00:00:00+00:00,47.7731545972
2019-04-08 00:00:00+00:00,48.015438301
2019-04-09 00:00:00+00:00,47.747195629
2019-04-10 00:00:00+00:00,48.3009869519
2019-04-11 00:00:00+00:00,48.1106211847
2019-04-12 00:00:00+00:00,48.7076774548
2019-04-15 00:00:00+00:00,48.9413081692
2019-04-16 00:00:00+00:00,49.2787747566
2019-04-17 00:00:00+00:00,48.7249834336
2019-04-18 00:00:00+00:00,48.8028603384
2019-04-22 00:00:00+00:00,48.7509424019
2019-04-23 00:00:00+00:00,49.0537970316
2019-04-24 00:00:00+00:00,49.2182038306
2019-04-25 00:00:00+00:00,48.7422894125
2019-04-26 00:00:00+00:00,48.3529048885
2019-04-29 00:00:00+00:00,48.569229624
2019-04-30 00:00:00+00:00,48.4134758144
2019-05-01 00:00:00+00:00,48.0933152058
2019-05-02 00:00:00+00:00,47.5395238828
2019-05-03 00:00:00+00:00,47.5395238828
2019-05-06 00:00:00+00:00,47.2366692531
2019-05-07 00:00:00+00:00,46.250228459
2019-05-08 00:00:00+00:00,46.2675344378
2019-05-09 00:00:00+00:00,45.7916200197
2019-05-10 00:00:00+00:00,46.1723515542
2019-05-13 00:00:00+00:00,44.3898357333
2019-05-14 00:00:00+00:00,45.0128509717
2019-05-15 00:00:00+00:00,45.3762765274
2019-05-16 00:00:00+00:00,48.3961698356
2019-05-17 00:00:00+00:00,48.7595953913
2019-05-20 00:00:00+00:00,48.465393751
2019-05-21 00:00:00+00:00,48.9066962115
2019-05-22 00:00:00+00:00,48.1884980895
2019-05-23 00:00:00+00:00,46.8905496762
2019-05-24 00:00:00+00:00,47.0463034858
2019-05-28 00:00:00+00:00,46.6655719512
2019-05-29 00:00:00+00:00,46.0165977446
2019-05-30 00:00:00+00:00,46.3540643321
2019-05-31 00:00:00+00:00,45.0215039611
2019-06-03 00:00:00+00:00,44.8051792256
2019-06-04 00:00:00+00:00,46.0598626917
2019-06-05 00:00:00+00:00,47.3751170838
2019-06-06 00:00:00+00:00,47.6779717136
2019-06-07 00:00:00+00:00,48.3961698356
2019-06-10 00:00:00+00:00,48.8201663173
2019-06-11 00:00:00+00:00,49.4172225873
2019-06-12 00:00:00+00:00,48.3355989096
2019-06-13 00:00:00+00:00,48.6038415817
2019-06-14 00:00:00+00:00,47.3751170838
2019-06-17 00:00:00+00:00,47.9375613962
2019-06-18 00:00:00+00:00,48.5000057086
2019-06-19 00:00:00+00:00,48.569229624
2019-06-20 00:00:00+00:00,49.67681227
2019-06-21 00:00:00+00:00,49.347998672
2019-06-24 00:00:00+00:00,49.4777935133
2019-06-25 00:00:00+00:00,48.5259646769
2019-06-26 00:00:00+00:00,48.9759201268
2019-06-27 00:00:00+00:00,48.2231100472
2019-06-28 00:00:00+00:00,47.357811105
2019-07-01 00:00:00+00:00,47.3664640944
2019-07-02 00:00:00+00:00,48.2923339625
2019-07-03 00:00:00+00:00,49.1749388835
2019-07-05 00:00:00+00:00,49.2794182154
2019-07-08 00:00:00+00:00,48.9224471648
2019-07-09 00:00:00+00:00,49.0530463297
2019-07-10 00:00:00+00:00,49.740868598
2019-07-11 00:00:00+00:00,49.8888809849
2019-07-12 00:00:00+00:00,50.4548106994
2019-07-15 00:00:00+00:00,50.5418768093
2019-07-16 00:00:00+00:00,50.1674925366
2019-07-17 00:00:00+00:00,49.810521486
2019-07-18 00:00:00+00:00,50.2719718685
2019-07-19 00:00:00+00:00,49.9411206508
2019-07-22 00:00:00+00:00,50.2632652576
2019-07-23 00:00:00+00:00,50.2458520356
2019-07-24 00:00:00+00:00,49.827934708
2019-07-25 00:00:00+00:00,49.2968314374
2019-07-26 00:00:00+00:00,49.2184719385
2019-07-29 00:00:00+00:00,49.5667363782
2019-07-30 00:00:00+00:00,49.1662322725
2019-07-31 00:00:00+00:00,48.2346248964
2019-08-01 00:00:00+00:00,48.2259182854
2019-08-02 00:00:00+00:00,46.3627035331
2019-08-05 00:00:00+00:00,44.7258606666
2019-08-06 00:00:00+00:00,45.7967738186
2019-08-07 00:00:00+00:00,45.5704019328
2019-08-08 00:00:00+00:00,46.2843440342
2019-08-09 00:00:00+00:00,45.6487614317
2019-08-12 00:00:00+00:00,44.8738730534
2019-08-13 00:00:00+00:00,45.9012531505
2019-08-14 00:00:00+00:00,44.0641582312
2019-08-15 00:00:00+00:00,40.2680758386
2019-08-16 00:00:00+00:00,40.886245219
2019-08-19 00:00:00+00:00,42.2270633118
2019-08-20 00:00:00+00:00,41.7307864853
2019-08-21 00:00:00+00:00,42.4621418086
2019-08-22 00:00:00+00:00,41.9484517601
2019-08-23 00:00:00+00:00,40.5815138343
2019-08-26 00:00:00+00:00,41.0081377729
2019-08-27 00:00:00+00:00,40.7382328322
2019-08-28 00:00:00+00:00,40.8078857201
2019-08-29 00:00:00+00:00,41.1561501598
2019-08-30 00:00:00+00:00,40.7556460542
2019-09-03 00:00:00+00:00,40.4857411134
2019-09-04 00:00:00+00:00,41.1996832148
2019-09-05 00:00:00+00:00,42.1574104239
2019-09-06 00:00:00+00:00,42.5230880856
2019-09-09 00:00:00+00:00,42.2967161998
2019-09-10 00:00:00+00:00,42.8452326923
2019-09-11 00:00:00+00:00,43.5591747936
2019-09-12 00:00:00+00:00,43.4721086837
2019-09-13 00:00:00+00:00,43.5591747936
2019-09-16 00:00:00+00:00,43.4982285167
2019-09-17 00:00:00+00:00,43.0193649121
2019-09-18 00:00:00+00:00,42.9584186352
2019-09-19 00:00:00+00:00,42.8278194703
2019-09-20 00:00:00+00:00,43.184790521
2019-09-23 00:00:00+00:00,43.0280715231
2019-09-24 00:00:00+00:00,42.7668731933
2019-09-25 00:00:00+00:00,43.1934971319
2019-09-26 00:00:00+00:00,42.5143814746
2019-09-27 00:00:00+00:00,42.5230880856
2019-09-30 00:00:00+00:00,43.0193649121
2019-10-01 00:00:00+00:00,41.5653608764
2019-10-02 00:00:00+00:00,40.5379807793
2019-10-03 00:00:00+00:00,41.2780427137
2019-10-04 00:00:00+00:00,41.6815254941
2019-10-07 00:00:00+00:00,41.900809614
2019-10-08 00:00:00+00:00,40.6903612726
2019-10-09 00:00:00+00:00,41.0850726882
2019-10-10 00:00:00+00:00,40.4798485176
2019-10-11 00:00:00+00:00,40.8394744741
2019-10-14 00:00:00+00:00,40.3921348696
2019-10-15 00:00:00+00:00,40.6640471782
2019-10-16 00:00:00+00:00,41.0412158643
2019-10-17 00:00:00+00:00,41.2517286193
2019-10-18 00:00:00+00:00,40.9710449459
2019-10-21 00:00:00+00:00,41.5674977518
2019-10-22 00:00:00+00:00,41.7078395885
2019-10-23 00:00:00+00:00,41.2692713489
2019-10-24 00:00:00+00:00,40.7079040022
2019-10-25 00:00:00+00:00,41.137700877
2019-10-28 00:00:00+00:00,41.3745277264
2019-10-29 00:00:00+00:00,41.4359272799
2019-10-30 00:00:00+00:00,41.7166109533
2019-10-31 00:00:00+00:00,41.6727541293
2019-11-01 00:00:00+00:00,41.2517286193
2019-11-04 00:00:00+00:00,41.646440035
2019-11-05 00:00:00+00:00,41.8920382492
2019-11-06 00:00:00+00:00,42.3393778536
2019-11-07 00:00:00+00:00,42.4709483255
2019-11-08 00:00:00+00:00,42.830574282
2019-11-11 00:00:00+00:00,42.1902646521
2019-11-12 00:00:00+00:00,42.4270915015
2019-11-13 00:00:00+00:00,42.5060337846
2019-11-14 00:00:00+00:00,39.3921992833
2019-11-15 00:00:00+00:00,39.5500838496
2019-11-18 00:00:00+00:00,39.6027120383
2019-11-19 00:00:00+00:00,39.8833957117
2019-11-20 00:00:00+00:00,39.5413124848
2019-11-21 00:00:00+00:00,39.3307997297
2019-11-22 00:00:00+00:00,39.3395710945
2019-11-25 00:00:00+00:00,39.8658529821
2019-11-26 00:00:00+00:00,39.743053875
2019-11-27 00:00:00+00:00,39.6816543214
2019-11-29 00:00:00+00:00,39.743053875
2019-12-02 00:00:00+00:00,39.2080006226
2019-12-03 00:00:00+00:00,38.8396033014
2019-12-04 00:00:00+00:00,38.4975200744
2019-12-05 00:00:00+00:00,38.1729795771
2019-12-06 00:00:00+00:00,38.4536632505
2019-12-09 00:00:00+00:00,38.5062914392
2019-12-10 00:00:00+00:00,38.6817187351
2019-12-11 00:00:00+00:00,38.8396033014
2019-12-12 00:00:00+00:00,40.0588230075
2019-12-13 00:00:00+00:00,39.7342825102
2019-12-16 00:00:00+00:00,40.3307353161
2019-12-17 00:00:00+00:00,40.7342180965
2019-12-18 00:00:00+00:00,40.9096453924
2019-12-19 00:00:00+00:00,41.9972946267
2019-12-20 00:00:00+00:00,41.6201259406
2019-12-23 00:00:00+00:00,42.1902646521
2019-12-24 00:00:00+00:00,41.9095809787
2019-12-26 00:00:00+00:00,41.9709805323
2019-12-27 00:00:00+00:00,41.900809614
2019-12-30 00:00:00+00:00,41.7429250477
2019-12-31 00:00:00+00:00,42.067465545
2020-01-02 00:00:00+00:00,42.7779460932
2020-01-03 00:00:00+00:00,42.0799994304
2020-01-06 00:00:00+00:00,42.2301904844
2020-01-07 00:00:00+00:00,41.95631268
2020-01-08 00:00:00+00:00,41.9828169837
2020-01-09 00:00:00+00:00,41.806121626
2020-01-10 00:00:00+00:00,41.6382610362
2020-01-13 00:00:00+00:00,42.3803815384
2020-01-14 00:00:00+00:00,42.2213557165
2020-01-15 00:00:00+00:00,42.41572061
2020-01-16 00:00:00+00:00,43.3345364699
2020-01-17 00:00:00+00:00,43.3080321662
2020-01-21 00:00:00+00:00,43.1136672728
2020-01-22 00:00:00+00:00,43.3522060056
2020-01-23 00:00:00+00:00,43.2903626305
2020-01-24 00:00:00+00:00,43.1578411122
2020-01-27 00:00:00+00:00,41.9386431442
2020-01-28 00:00:00+00:00,42.2036861808
2020-01-29 00:00:00+00:00,41.5675828931
2020-01-30 00:00:00+00:00,41.7354434829
2020-01-31 00:00:00+00:00,40.6134279617
2020-02-03 00:00:00+00:00,41.1081749632
2020-02-04 00:00:00+00:00,42.0711646625
2020-02-05 00:00:00+00:00,42.8044503969
2020-02-06 00:00:00+00:00,43.0164848261
2020-02-07 00:00:00+00:00,42.3803815384
2020-02-10 00:00:00+00:00,43.175510648
2020-02-11 00:00:00+00:00,43.405214613
2020-02-12 00:00:00+00:00,44.1119960437
2020-02-13 00:00:00+00:00,41.806121626
2020-02-14 00:00:00+00:00,41.4969047501
2020-02-18 00:00:00+00:00,41.1611835705
2020-02-19 00:00:00+00:00,40.896140534
2020-02-20 00:00:00+00:00,41.3908875355
2020-02-21 00:00:00+00:00,40.9049753018
2020-02-24 00:00:00+00:00,38.8729786886
2020-02-25 00:00:00+00:00,37.7597979352
2020-02-26 00:00:00+00:00,37.247381398
2020-02-27 00:00:00+00:00,35.3744106066
2020-02-28 00:00:00+00:00,35.2772281599
2020-03-02 00:00:00+00:00,36.3727393775
2020-03-03 00:00:00+00:00,35.3744106066
2020-03-04 00:00:00+00:00,36.5671042709
2020-03-05 00:00:00+00:00,34.9591765161
2020-03-06 00:00:00+00:00,35.0563589628
2020-03-09 00:00:00+00:00,33.5367788868
2020-03-10 00:00:00+00:00,35.4097496781
2020-03-11 00:00:00+00:00,32.7328150094
2020-03-12 00:00:00+00:00,29.3314293741
2020-03-13 00:00:00+00:00,33.2540663145
2020-03-16 00:00:00+00:00,29.7820025362
2020-03-17 00:00:00+00:00,31.3634259874
2020-03-18 00:00:00+00:00,32.7946583845
2020-03-19 00:00:00+00:00,33.3159096897
2020-03-20 00:00:00+00:00,31.4517736662
2020-03-23 00:00:00+00:00,30.5682968778
2020-03-24 00:00:00+00:00,34.1022040313
2020-03-25 00:00:00+00:00,33.2805706182
2020-03-26 00:00:00+00:00,35.8514880723
2020-03-27 00:00:00+00:00,34.2965689248
2020-03-30 00:00:00+00:00,35.6217841074
2020-03-31 00:00:00+00:00,34.7294725511
2020-04-01 00:00:00+00:00,33.8636652985
2020-04-02 00:00:00+00:00,35.4804278212
2020-04-03 00:00:00+00:00,34.8207414748
2020-04-06 00:00:00+00:00,36.9335207194
2020-04-07 00:00:00+00:00,36.2292609712
2020-04-08 00:00:00+00:00,37.2098758105
2020-04-09 00:00:00+00:00,36.7284830712
2020-04-13 00:00:00+00:00,36.7463124319
2020-04-14 00:00:00+00:00,38.1370025676
2020-04-15 00:00:00+00:00,37.0137528426
2020-04-16 00:00:00+00:00,36.9959234819
2020-04-17 00:00:00+00:00,37.8695621569
2020-04-20 00:00:00+00:00,37.9230502391
2020-04-21 00:00:00+00:00,36.149028848
2020-04-22 00:00:00+00:00,37.2277051712
2020-04-23 00:00:00+00:00,37.1028996462
2020-04-24 00:00:00+00:00,37.9052208783
2020-04-27 00:00:00+00:00,38.3866136176
2020-04-28 00:00:00+00:00,37.8784768373
2020-04-29 00:00:00+00:00,38.6362246676
2020-04-30 00:00:00+00:00,37.7804153533
2020-05-01 00:00:00+00:00,36.4788720212
2020-05-04 00:00:00+00:00,36.8622032766
2020-05-05 00:00:00+00:00,36.9602647605
2020-05-06 00:00:00+00:00,36.6839096694
2020-05-07 00:00:00+00:00,36.8800326373
2020-05-08 00:00:00+00:00,38.3242108551
2020-05-11 00:00:00+00:00,38.6183953069
2020-05-12 00:00:00+00:00,38.5292485033
2020-05-13 00:00:00+00:00,37.397084098
2020-05-14 00:00:00+00:00,39.0908733658
2020-05-15 00:00:00+00:00,39.4652899408
2020-05-18 00:00:00+00:00,40.169549689
2020-05-19 00:00:00+00:00,39.768389073
2020-05-20 00:00:00+00:00,40.5083075426
2020-05-21 00:00:00+00:00,39.795133114
2020-05-22 00:00:00+00:00,40.0269148033
2020-05-26 00:00:00+00:00,39.9734267212
2020-05-27 00:00:00+00:00,40.9718709212
2020-05-28 00:00:00+00:00,40.6509424283
2020-05-29 00:00:00+00:00,42.6300014676
2020-06-01 00:00:00+00:00,41.2749700533
2020-06-02 00:00:00+00:00,41.8009361944
2020-06-03 00:00:00+00:00,41.8455095962
2020-06-04 00:00:00+00:00,41.7741921533
2020-06-05 00:00:00+00:00,42.638916148
2020-06-08 00:00:00+00:00,42.9063565587
2020-06-09 00:00:00+00:00,42.8350391158
2020-06-10 00:00:00+00:00,42.2734142533
2020-06-11 00:00:00+00:00,38.9304091194
2020-06-12 00:00:00+00:00,40.1784643694
2020-06-15 00:00:00+00:00,40.4280754194
2020-06-16 00:00:00+00:00,41.4354342997
2020-06-17 00:00:00+00:00,41.1590792087
2020-06-18 00:00:00+00:00,40.8559800765
2020-06-19 00:00:00+00:00,40.4013313783
2020-06-22 00:00:00+00:00,40.2586964926
2020-06-23 00:00:00+00:00,40.5350515837
2020-06-24 00:00:00+00:00,39.893194598
2020-06-25 00:00:00+00:00,40.3121845748
2020-06-26 00:00:00+00:00,41.2838847337
2020-06-29 00:00:00+00:00,41.141249848
2020-06-30 00:00:00+00:00,41.5780691855
2020-07-01 00:00:00+00:00,41.0610177247
2020-07-02 00:00:00+00:00,40.9986149622
2020-07-06 00:00:00+00:00,41.7084310004
2020-07-07 00:00:00+00:00,40.9986149622
2020-07-08 00:00:00+00:00,41.1603451988
2020-07-09 00:00:00+00:00,41.9600113683
2020-07-10 00:00:00+00:00,41.9240713158
2020-07-13 00:00:00+00:00,41.2681653565
2020-07-14 00:00:00+00:00,41.5646707901
2020-07-15 00:00:00+00:00,41.6904609741
2020-07-16 00:00:00+00:00,41.1333901594
2020-07-17 00:00:00+00:00,42.004936434
2020-07-20 00:00:00+00:00,42.2026067231
2020-07-21 00:00:00+00:00,42.2475317888
2020-07-22 00:00:00+00:00,42.1397116312
2020-07-23 00:00:00+00:00,42.5979473013
2020-07-24 00:00:00+00:00,41.6904609741
2020-07-27 00:00:00+00:00,42.4002770122
2020-07-28 00:00:00+00:00,41.5826408164
2020-07-29 00:00:00+00:00,41.9689963815
2020-07-30 00:00:00+00:00,41.7264010267
2020-07-31 00:00:00+00:00,42.319411894
2020-08-03 00:00:00+00:00,42.3733219728
2020-08-04 00:00:00+00:00,42.831557643
2020-08-05 00:00:00+00:00,42.5260671962
2020-08-06 00:00:00+00:00,42.9214077744
2020-08-07 00:00:00+00:00,42.6159173276
2020-08-10 00:00:00+00:00,42.8854677219
2020-08-11 00:00:00+00:00,42.4002770122
2020-08-12 00:00:00+00:00,43.2179132081
2020-08-13 00:00:00+00:00,38.3839761382
2020-08-14 00:00:00+00:00,38.1863058491
2020-08-17 00:00:00+00:00,37.8179203103
2020-08-18 00:00:00+00:00,37.7190851658
2020-08-19 00:00:00+00:00,37.6202500212
2020-08-20 00:00:00+00:00,38.0155905994
2020-08-21 00:00:00+00:00,37.9616805206
2020-08-24 00:00:00+00:00,37.8987854286
2020-08-25 00:00:00+00:00,37.7011151395
2020-08-26 00:00:00+00:00,37.9616805206
2020-08-27 00:00:00+00:00,37.9976205732
2020-08-28 00:00:00+00:00,37.9167554549
2020-08-31 00:00:00+00:00,37.9347254812
2020-09-01 00:00:00+00:00,37.7640102315
2020-09-02 00:00:00+00:00,38.114425744
2020-09-03 00:00:00+00:00,36.7936288123
2020-09-04 00:00:00+00:00,36.6768236414
2020-09-08 00:00:00+00:00,35.9400525639
2020-09-09 00:00:00+00:00,36.0568577347
2020-09-10 00:00:00+00:00,35.5536969988
2020-09-11 00:00:00+00:00,35.8322324062
2020-09-14 00:00:00+00:00,36.2724980501
2020-09-15 00:00:00+00:00,36.4791533523
2020-09-16 00:00:00+00:00,36.3174231158
2020-09-17 00:00:00+00:00,36.2724980501
2020-09-18 00:00:00+00:00,35.7693373142
2020-09-21 00:00:00+00:00,35.0774913023
2020-09-22 00:00:00+00:00,35.3290716703
2020-09-23 00:00:00+00:00,34.3946303036
2020-09-24 00:00:00+00:00,34.0082747386
2020-09-25 00:00:00+00:00,34.547375527
2020-09-28 00:00:00+00:00,35.1583564206
2020-09-29 00:00:00+00:00,35.0954613286
2020-09-30 00:00:00+00:00,35.3919667623
2020-10-01 00:00:00+00:00,35.18531146
2020-10-02 00:00:00+00:00,34.7046873602
2020-10-05 00:00:00+00:00,34.9767387375
2020-10-06 00:00:00+00:00,34.9767387375
2020-10-07 00:00:00+00:00,35.7294142146
2020-10-08 00:00:00+00:00,36.083081005
2020-10-09 00:00:00+00:00,36.1374912805
2020-10-12 00:00:00+00:00,36.5999786218
2020-10-13 00:00:00+00:00,36.1012177635
2020-10-14 00:00:00+00:00,36.1737647974
2020-10-15 00:00:00+00:00,36.2463118314
2020-10-16 00:00:00+00:00,36.418611037
2020-10-19 00:00:00+00:00,35.6387304222
2020-10-20 00:00:00+00:00,35.5480466297
2020-10-21 00:00:00+00:00,35.4210893203
2020-10-22 00:00:00+00:00,35.2034482185
2020-10-23 00:00:00+00:00,35.2034482185
2020-10-26 00:00:00+00:00,34.1605846057
2020-10-27 00:00:00+00:00,33.4351142663
2020-10-28 00:00:00+00:00,32.3831822742
2020-10-29 00:00:00+00:00,32.3650455157
2020-10-30 00:00:00+00:00,32.5554814798
2020-11-02 00:00:00+00:00,32.5554814798
2020-11-03 00:00:00+00:00,33.2628150607
2020-11-04 00:00:00+00:00,33.163062889
2020-11-05 00:00:00+00:00,33.761575919
2020-11-06 00:00:00+00:00,34.0336272963
2020-11-09 00:00:00+00:00,34.6412087055
2020-11-10 00:00:00+00:00,35.1127644261
2020-11-11 00:00:00+00:00,35.6659355599
2020-11-12 00:00:00+00:00,35.0674225299
2020-11-13 00:00:00+00:00,37.543090063
2020-11-16 00:00:00+00:00,38.5768852967
2020-11-17 00:00:00+00:00,37.9783722667
2020-11-18 00:00:00+00:00,37.4705430291
2020-11-19 00:00:00+00:00,37.3345173405
2020-11-20 00:00:00+00:00,37.1531497556
2020-11-23 00:00:00+00:00,37.7607311648
2020-11-24 00:00:00+00:00,38.6403639513
2020-11-25 00:00:00+00:00,38.5406117797
2020-11-27 00:00:00+00:00,38.7219793645
2020-11-30 00:00:00+00:00,39.0121675003
2020-12-01 00:00:00+00:00,39.4837232209
2020-12-02 00:00:00+00:00,39.8011164944
2020-12-03 00:00:00+00:00,40.0006208377
2020-12-04 00:00:00+00:00,40.2454670772
2020-12-07 00:00:00+00:00,40.2182619395
2020-12-08 00:00:00+00:00,40.236398698
2020-12-09 00:00:00+00:00,40.5265868337
2020-12-10 00:00:00+00:00,40.1910568018
2020-12-11 00:00:00+00:00,40.1910568018
2020-12-14 00:00:00+00:00,40.1185097678
2020-12-15 00:00:00+00:00,40.5537919715
2020-12-16 00:00:00+00:00,40.5537919715
2020-12-17 00:00:00+00:00,40.6444757639
2020-12-18 00:00:00+00:00,41.2067152769
2020-12-21 00:00:00+00:00,40.6988860393
2020-12-22 00:00:00+00:00,40.5265868337
2020-12-23 00:00:00+00:00,40.2409328876
2020-12-24 00:00:00+00:00,40.3905611451
2020-12-28 00:00:00+00:00,40.7351595563
2020-12-29 00:00:00+00:00,40.4812449375
2020-12-30 00:00:00+00:00,40.3361508697
2020-12-31 00:00:00+00:00,40.5809971092
2021-01-04 00:00:00+00:00,40.1910568018
2021-01-05 00:00:00+00:00,40.2093420869
2021-01-06 00:00:00+00:00,40.5933330755
2021-01-07 00:00:00+00:00,41.1053210602
2021-01-08 00:00:00+00:00,41.1967474861
2021-01-11 00:00:00+00:00,41.4710267636
2021-01-12 00:00:00+00:00,41.8641603948
2021-01-13 00:00:00+00:00,41.4710267636
2021-01-14 00:00:00+00:00,41.2790312693
2021-01-15 00:00:00+00:00,41.5350252617
2021-01-19 00:00:00+00:00,41.3156018397
2021-01-20 00:00:00+00:00,41.4527414785
2021-01-21 00:00:00+00:00,41.242460699
2021-01-22 00:00:00+00:00,40.9316108511
2021-01-25 00:00:00+00:00,41.1693195583
2021-01-26 00:00:00+00:00,41.3796003378
2021-01-27 00:00:00+00:00,41.7818766115
2021-01-28 00:00:00+00:00,41.4527414785
2021-01-29 00:00:00+00:00,40.757900642
2021-02-01 00:00:00+00:00,41.507597334
2021-02-02 00:00:00+00:00,41.9007309651
2021-02-03 00:00:00+00:00,41.8458751096
2021-02-04 00:00:00+00:00,43.1989862121
2021-02-05 00:00:00+00:00,43.9578255466
2021-02-08 00:00:00+00:00,44.7440928089
2021-02-09 00:00:00+00:00,44.3418165352
2021-02-10 00:00:00+00:00,43.1898435695
2021-02-11 00:00:00+00:00,43.5006934174
2021-02-12 00:00:00+00:00,43.2355567824
2021-02-16 00:00:00+00:00,42.5224306608
2021-02-17 00:00:00+00:00,42.2847219536
2021-02-18 00:00:00+00:00,42.3670057369
2021-02-19 00:00:00+00:00,41.7635913263
2021-02-22 00:00:00+00:00,41.5350252617
2021-02-23 00:00:00+00:00,41.6081664024
2021-02-24 00:00:00+00:00,41.8184471818
2021-02-25 00:00:00+00:00,41.617309045
2021-02-26 00:00:00+00:00,41.023037277
2021-03-01 00:00:00+00:00,41.9830147484
2021-03-02 00:00:00+00:00,41.6127377237
2021-03-03 00:00:00+00:00,41.2607459842
2021-03-04 00:00:00+00:00,40.7396153569
2021-03-05 00:00:00+00:00,42.2847219536
2021-03-08 00:00:00+00:00,43.4366949193
2021-03-09 00:00:00+00:00,43.7841153375
2021-03-10 00:00:00+00:00,44.1498210409
2021-03-11 00:00:00+00:00,44.6160958127
2021-03-12 00:00:00+00:00,44.6343810979
2021-03-15 00:00:00+00:00,45.1737970104
2021-03-16 00:00:00+00:00,45.4115057176
2021-03-17 00:00:00+00:00,45.182939653
2021-03-18 00:00:00+00:00,44.6160958127
2021-03-19 00:00:00+00:00,44.7806633792
2021-03-22 00:00:00+00:00,45.9874922004
2021-03-23 00:00:00+00:00,45.7223555654
2021-03-24 00:00:00+00:00,45.3932204324
2021-03-25 00:00:00+00:00,46.1794876947
2021-03-26 00:00:00+00:00,48.0628720671
2021-03-29 00:00:00+00:00,48.0171588542
2021-03-30 00:00:00+00:00,47.3314606603
2021-03-31 00:00:00+00:00,47.2766048048
2021-04-01 00:00:00+00:00,47.5234561546
2021-04-05 00:00:00+00:00,48.2548675614
2021-04-06 00:00:00+00:00,47.9003908582
2021-04-07 00:00:00+00:00,47.6656075873
2021-04-08 00:00:00+00:00,47.7945082067
2021-04-09 00:00:00+00:00,47.9602375744
2021-04-12 00:00:00+00:00,47.4814638454
2021-04-13 00:00:00+00:00,47.5643285293
2021-04-14 00:00:00+00:00,47.2973201036
2021-04-15 00:00:00+00:00,47.5459141551
2021-04-16 00:00:00+00:00,48.6139478581
2021-04-19 00:00:00+00:00,48.6599837935
2021-04-20 00:00:00+00:00,47.6840219615
2021-04-21 00:00:00+00:00,47.8129225808
2021-04-22 00:00:00+00:00,47.4170135358
2021-04-23 00:00:00+00:00,47.7945082067
2021-04-26 00:00:00+00:00,47.5459141551
2021-04-27 00:00:00+00:00,47.2973201036
2021-04-28 00:00:00+00:00,47.0579332391
2021-04-29 00:00:00+00:00,47.3801847874
2021-04-30 00:00:00+00:00,46.8737894972
2021-05-03 00:00:00+00:00,47.1131763617
2021-05-04 00:00:00+00:00,46.6896457553
2021-05-05 00:00:00+00:00,47.0763476133
2021-05-06 00:00:00+00:00,48.2824891227
2021-05-07 00:00:00+00:00,49.194000645
2021-05-10 00:00:00+00:00,48.9454065934
2021-05-11 00:00:00+00:00,48.6415694193
2021-05-12 00:00:00+00:00,47.5090854067
2021-05-13 00:00:00+00:00,48.3285250581
2021-05-14 00:00:00+00:00,48.706019729
2021-05-17 00:00:00+00:00,48.7428484774
2021-05-18 00:00:00+00:00,48.7336412903
2021-05-19 00:00:00+00:00,48.3101106839
2021-05-20 00:00:00+00:00,48.6599837935
2021-05-21 00:00:00+00:00,48.2732819356
2021-05-24 00:00:00+00:00,49.1571718966
2021-05-25 00:00:00+00:00,49.0835143999
2021-05-26 00:00:00+00:00,48.7152269161
2021-05-27 00:00:00+00:00,48.7244341032
2021-05-28 00:00:00+00:00,48.706019729
2021-06-01 00:00:00+00:00,48.4482184904
2021-06-02 00:00:00+00:00,48.7612628516
2021-06-03 00:00:00+00:00,49.1019287741
2021-06-04 00:00:00+00:00,49.783260619
2021-06-07 00:00:00+00:00,49.6451528126
2021-06-08 00:00:00+00:00,49.8385037416
2021-06-09 00:00:00+00:00,49.7372246836
2021-06-10 00:00:00+00:00,50.6671505801
2021-06-11 00:00:00+00:00,50.4277637156
2021-06-14 00:00:00+00:00,49.87533249
2021-06-15 00:00:00+00:00,49.5254593804
2021-06-16 00:00:00+00:00,49.2308293934
2021-06-17 00:00:00+00:00,48.9177850322
2021-06-18 00:00:00+00:00,47.9418232002
2021-06-21 00:00:00+00:00,48.9638209676
2021-06-22 00:00:00+00:00,49.0374784644
2021-06-23 00:00:00+00:00,48.5771191097
2021-06-24 00:00:00+00:00,48.5955334839
2021-06-25 00:00:00+00:00,48.8533347225
2021-06-28 00:00:00+00:00,48.7612628516
2021-06-29 00:00:00+00:00,48.7152269161
2021-06-30 00:00:00+00:00,48.7980915999
2021-07-01 00:00:00+00:00,49.2032078321
2021-07-02 00:00:00+00:00,49.6359456255
2021-07-06 00:00:00+00:00,49.1167799634
2021-07-07 00:00:00+00:00,49.3763627945
2021-07-08 00:00:00+00:00,49.3763627945
2021-07-09 00:00:00+00:00,49.8213619334
2021-07-12 00:00:00+00:00,49.3485503483
2021-07-13 00:00:00+00:00,49.4319876868
2021-07-14 00:00:00+00:00,50.1458404723
2021-07-15 00:00:00+00:00,49.7379245949
2021-07-16 00:00:00+00:00,49.7842786718
2021-07-19 00:00:00+00:00,49.1909464866
2021-07-20 00:00:00+00:00,49.6730288871
2021-07-21 00:00:00+00:00,49.951153349
2021-07-22 00:00:00+00:00,50.563027165
2021-07-23 00:00:00+00:00,51.2027134273
2021-07-26 00:00:00+00:00,51.4252129968
2021-07-27 00:00:00+00:00,51.2490675043
2021-07-28 00:00:00+00:00,50.7762559191
2021-07-29 00:00:00+00:00,51.054380381
2021-07-30 00:00:00+00:00,51.3325048428
2021-08-02 00:00:00+00:00,51.406671366
2021-08-03 00:00:00+00:00,52.1483365976
2021-08-04 00:00:00+00:00,51.6291709355
2021-08-05 00:00:00+00:00,51.6940666432
2021-08-06 00:00:00+00:00,51.5364627815
2021-08-09 00:00:00+00:00,51.4252129968
2021-08-10 00:00:00+00:00,51.5550044123
2021-08-11 00:00:00+00:00,51.7867747972
2021-08-12 00:00:00+00:00,52.2781280131
2021-08-13 00:00:00+00:00,52.3522945363
2021-08-16 00:00:00+00:00,52.1761490438
2021-08-17 00:00:00+00:00,51.9258370281
2021-08-18 00:00:00+00:00,51.1285469041
2021-08-19 00:00:00+00:00,53.0939597679
2021-08-20 00:00:00+00:00,53.9746872304
2021-08-23 00:00:00+00:00,54.2713533231
2021-08-24 00:00:00+00:00,54.9944769239
2021-08-25 00:00:00+00:00,55.0222893701
2021-08-26 00:00:00+00:00,54.8832271392
2021-08-27 00:00:00+00:00,54.7163524621
2021-08-30 00:00:00+00:00,54.8183314314
2021-08-31 00:00:00+00:00,54.7163524621
2021-09-01 00:00:00+00:00,54.7348940928
2021-09-02 00:00:00+00:00,55.1891640472
2021-09-03 00:00:00+00:00,55.0871850779
2021-09-07 00:00:00+00:00,54.5865610465
2021-09-08 00:00:00+00:00,54.4011447386
2021-09-09 00:00:00+00:00,54.3269782155
2021-09-10 00:00:00+00:00,53.6687503224
2021-09-13 00:00:00+00:00,53.8634374457
2021-09-14 00:00:00+00:00,53.6502086916
2021-09-15 00:00:00+00:00,53.3628134144
2021-09-16 00:00:00+00:00,53.1495846603
2021-09-17 00:00:00+00:00,52.7045855213
2021-09-20 00:00:00+00:00,51.8145872434
2021-09-21 00:00:00+00:00,51.2305258735
2021-09-22 00:00:00+00:00,51.4715670738
2021-09-23 00:00:00+00:00,52.556252475
2021-09-24 00:00:00+00:00,52.5933357366
2021-09-27 00:00:00+00:00,52.1205241514
2021-09-28 00:00:00+00:00,51.4715670738
2021-09-29 00:00:00+00:00,51.4344838122
2021-09-30 00:00:00+00:00,50.4610481957
2021-10-01 00:00:00+00:00,51.1192760887
2021-10-04 00:00:00+00:00,50.6186520574
2021-10-05 00:00:00+00:00,51.0480191964
2021-10-06 00:00:00+00:00,50.3479640785
2021-10-07 00:00:00+00:00,51.3560434482
2021-10-08 00:00:00+00:00,51.4120478577
2021-10-11 00:00:00+00:00,51.2720368341
2021-10-12 00:00:00+00:00,50.6653223986
2021-10-13 00:00:00+00:00,50.9826807187
2021-10-14 00:00:00+00:00,51.9440897473
2021-10-15 00:00:00+00:00,51.5707270177
2021-10-18 00:00:00+00:00,51.5147226083
2021-10-19 00:00:00+00:00,52.0280963614
2021-10-20 00:00:00+00:00,52.4574635004
2021-10-21 00:00:00+00:00,51.9814260202
2021-10-22 00:00:00+00:00,51.4400500624
2021-10-25 00:00:00+00:00,51.4680522671
2021-10-26 00:00:00+00:00,52.0934348391
2021-10-27 00:00:00+00:00,52.4387953639
2021-10-28 00:00:00+00:00,52.4947997733
2021-10-29 00:00:00+00:00,52.2427799309
2021-11-01 00:00:00+00:00,52.364122818
2021-11-02 00:00:00+00:00,53.7829011903
2021-11-03 00:00:00+00:00,53.810903395
2021-11-04 00:00:00+00:00,53.3161977783
2021-11-05 00:00:00+00:00,53.2695274371
2021-11-08 00:00:00+00:00,53.2041889595
2021-11-09 00:00:00+00:00,53.614887962
2021-11-10 00:00:00+00:00,53.9229122138
2021-11-11 00:00:00+00:00,52.9801713217
2021-11-12 00:00:00+00:00,53.0361757312
2021-11-15 00:00:00+00:00,53.4562088019
2021-11-16 00:00:00+00:00,53.2041889595
2021-11-17 00:00:00+00:00,52.9801713217
2021-11-18 00:00:00+00:00,50.0586079631
2021-11-19 00:00:00+00:00,49.70391337
2021-11-22 00:00:00+00:00,50.9640125822
2021-11-23 00:00:00+00:00,51.6173973589
2021-11-24 00:00:00+00:00,51.8414149966
2021-11-26 00:00:00+00:00,51.0293510599
2021-11-29 00:00:00+00:00,52.0467644979
2021-11-30 00:00:00+00:00,51.18803022
2021-12-01 00:00:00+00:00,51.3653775165
2021-12-02 00:00:00+00:00,52.4107931592
2021-12-03 00:00:00+00:00,52.4854657051
2021-12-06 00:00:00+00:00,53.1668526865
2021-12-07 00:00:00+00:00,54.2122683292
2021-12-08 00:00:00+00:00,53.2228570959
2021-12-09 00:00:00+00:00,53.7175627126
2021-12-10 00:00:00+00:00,55.3043543131
2021-12-13 00:00:00+00:00,54.7069739459
2021-12-14 00:00:00+00:00,53.9229122138
2021-12-15 00:00:00+00:00,55.9390709534
2021-12-16 00:00:00+00:00,56.2937655464
2021-12-17 00:00:00+00:00,56.43377657
2021-12-20 00:00:00+00:00,56.3404358876
2021-12-21 00:00:00+00:00,56.9658184596
2021-12-22 00:00:00+00:00,57.4325218715
2021-12-23 00:00:00+00:00,58.1325769894
2021-12-27 00:00:00+00:00,59.1966607686
2021-12-28 00:00:00+00:00,59.2993355192
2021-12-29 00:00:00+00:00,59.7007004535
2021-12-30 00:00:00+00:00,59.3833421334
2021-12-31 00:00:00+00:00,59.1499904274
2022-01-03 00:00:00+00:00,58.9539749944
2022-01-04 00:00:00+00:00,57.5165284857
2022-01-05 00:00:00+00:00,56.6056544835
2022-01-06 00:00:00+00:00,57.2066435159
2022-01-07 00:00:00+00:00,57.4038430421
2022-01-10 00:00:00+00:00,58.0517843426
2022-01-11 00:00:00+00:00,58.5682592923
2022-01-12 00:00:00+00:00,58.3334979515
2022-01-13 00:00:00+00:00,57.7512898264
2022-01-14 00:00:00+00:00,57.6198234756
2022-01-18 00:00:00+00:00,56.0891795339
2022-01-19 00:00:00+00:00,55.3097718825
2022-01-20 00:00:00+00:00,54.5397546849
2022-01-21 00:00:00+00:00,53.2250911766
2022-01-24 00:00:00+00:00,53.4316811565
2022-01-25 00:00:00+00:00,52.6898353197
2022-01-26 00:00:00+00:00,51.9573799365
2022-01-27 00:00:00+00:00,51.2906577288
2022-01-28 00:00:00+00:00,52.2203126382
2022-01-31 00:00:00+00:00,52.2766553599
2022-02-01 00:00:00+00:00,51.994941751
2022-02-02 00:00:00+00:00,52.7461780415
2022-02-03 00:00:00+00:00,51.8353040393
2022-02-04 00:00:00+00:00,51.7883517712
2022-02-07 00:00:00+00:00,51.8071326784
2022-02-08 00:00:00+00:00,51.9667703901
2022-02-09 00:00:00+00:00,52.858863485
2022-02-10 00:00:00+00:00,51.5254190695
2022-02-11 00:00:00+00:00,50.6145450674
2022-02-14 00:00:00+00:00,49.938432406
2022-02-15 00:00:00+00:00,50.9619918517
2022-02-16 00:00:00+00:00,50.9432109444
2022-02-17 00:00:00+00:00,52.3705598962
2022-02-18 00:00:00+00:00,53.722785219
2022-02-22 00:00:00+00:00,52.8682539387
2022-02-23 00:00:00+00:00,51.1216295634
2022-02-24 00:00:00+00:00,51.3939527187
2022-02-25 00:00:00+00:00,52.6241021443
2022-02-28 00:00:00+00:00,52.3705598962
2022-03-01 00:00:00+00:00,51.2906577288
2022-03-02 00:00:00+00:00,52.7273971342
2022-03-03 00:00:00+00:00,52.6522735052
2022-03-04 00:00:00+00:00,53.0654534649
2022-03-07 00:00:00+00:00,52.2015317309
2022-03-08 00:00:00+00:00,51.0840677489
2022-03-09 00:00:00+00:00,52.5114167007
2022-03-10 00:00:00+00:00,51.3751718114
2022-03-11 00:00:00+00:00,51.3563909042
2022-03-14 00:00:00+00:00,50.9901632126
2022-03-15 00:00:00+00:00,52.2109221845
2022-03-16 00:00:00+00:00,52.4081217108
2022-03-17 00:00:00+00:00,52.7461780415
2022-03-18 00:00:00+00:00,52.5583689689
2022-03-21 00:00:00+00:00,52.5865403297
2022-03-22 00:00:00+00:00,52.7461780415
2022-03-23 00:00:00+00:00,51.1591913779
2022-03-24 00:00:00+00:00,51.1779722852
2022-03-25 00:00:00+00:00,51.6193236058
2022-03-28 00:00:00+00:00,51.7789613175
2022-03-29 00:00:00+00:00,52.2766553599
2022-03-30 00:00:00+00:00,52.6334925979
2022-03-31 00:00:00+00:00,52.3611694426
2022-04-01 00:00:00+00:00,52.2672649063
2022-04-04 00:00:00+00:00,52.4644644326
2022-04-05 00:00:00+00:00,51.9292085756
2022-04-06 00:00:00+00:00,51.4091600557
2022-04-07 00:00:00+00:00,51.6550011742
2022-04-08 00:00:00+00:00,51.3240612069
2022-04-11 00:00:00+00:00,50.0003013379
2022-04-12 00:00:00+00:00,48.9980260085
2022-04-13 00:00:00+00:00,49.3100551205
2022-04-14 00:00:00+00:00,48.3834232122
2022-04-18 00:00:00+00:00,48.3266906464
2022-04-19 00:00:00+00:00,49.0074814362
2022-04-20 00:00:00+00:00,50.1326773248
2022-04-21 00:00:00+00:00,49.9057470616
2022-04-22 00:00:00+00:00,48.5630763373
2022-04-25 00:00:00+00:00,49.1114911402
2022-04-26 00:00:00+00:00,48.128126666
2022-04-27 00:00:00+00:00,46.624713672
2022-04-28 00:00:00+00:00,47.8728301199
2022-04-29 00:00:00+00:00,46.31268456
2022-05-02 00:00:00+00:00,47.1447621919
2022-05-03 00:00:00+00:00,47.2014947577
2022-05-04 00:00:00+00:00,48.7710957453
2022-05-05 00:00:00+00:00,46.908376501
2022-05-06 00:00:00+00:00,46.6436245272
2022-05-09 00:00:00+00:00,46.2937737047
2022-05-10 00:00:00+00:00,46.8516439352
2022-05-11 00:00:00+00:00,46.000655448
2022-05-12 00:00:00+00:00,45.6602600531
2022-05-13 00:00:00+00:00,46.8610993629
2022-05-16 00:00:00+00:00,46.3315954153
2022-05-17 00:00:00+00:00,47.844463837
2022-05-18 00:00:00+00:00,45.7264480466
2022-05-19 00:00:00+00:00,39.4480440964
2022-05-20 00:00:00+00:00,40.601606268
2022-05-23 00:00:00+00:00,40.989278801
2022-05-24 00:00:00+00:00,41.3864067617
2022-05-25 00:00:00+00:00,41.6038815974
2022-05-26 00:00:00+00:00,42.5399689333
2022-05-27 00:00:00+00:00,43.1356608744
2022-05-31 00:00:00+00:00,42.5967014991
2022-06-01 00:00:00+00:00,42.7668991966
2022-06-02 00:00:00+00:00,43.2964031442
2022-06-03 00:00:00+00:00,42.7858100518
2022-06-06 00:00:00+00:00,42.8614534729
2022-06-07 00:00:00+00:00,43.0883837362
2022-06-08 00:00:00+00:00,42.4737809399
2022-06-09 00:00:00+00:00,41.8497227159
2022-06-10 00:00:00+00:00,41.1216547879
2022-06-13 00:00:00+00:00,40.885269097
2022-06-14 00:00:00+00:00,40.5732399851
2022-06-15 00:00:00+00:00,41.4147730447
2022-06-16 00:00:00+00:00,40.9609125181
2022-06-17 00:00:00+00:00,41.0271005116
2022-06-21 00:00:00+00:00,41.7362575843
2022-06-22 00:00:00+00:00,41.197298209
2022-06-23 00:00:00+00:00,40.5921508403
2022-06-24 00:00:00+00:00,41.6984358737
2022-06-27 00:00:00+00:00,41.3864067617
2022-06-28 00:00:00+00:00,40.7150713996
2022-06-29 00:00:00+00:00,40.5448737022
2022-06-30 00:00:00+00:00,40.3179434389
2022-07-01 00:00:00+00:00,40.2801217284
2022-07-05 00:00:00+00:00,40.0342806098
2022-07-06 00:00:00+00:00,40.7307778654
2022-07-07 00:00:00+00:00,41.2364539551
2022-07-08 00:00:00+00:00,41.3986519462
2022-07-11 00:00:00+00:00,41.26507713
2022-07-12 00:00:00+00:00,40.8929758565
2022-07-13 00:00:00+00:00,40.7403189237
2022-07-14 00:00:00+00:00,40.3872997668
2022-07-15 00:00:00+00:00,41.0933380807
2022-07-18 00:00:00+00:00,40.6449083408
2022-07-19 00:00:00+00:00,42.0092796771
2022-07-20 00:00:00+00:00,42.1046902601
2022-07-21 00:00:00+00:00,42.5340378834
2022-07-22 00:00:00+00:00,42.4195451838
2022-07-25 00:00:00+00:00,42.3050524843
2022-07-26 00:00:00+00:00,41.8184585112
2022-07-27 00:00:00+00:00,42.5912842331
2022-07-28 00:00:00+00:00,43.5263079462
2022-07-29 00:00:00+00:00,43.2877814888
2022-08-01 00:00:00+00:00,43.2019119641
2022-08-02 00:00:00+00:00,42.8584338654
2022-08-03 00:00:00+00:00,43.6121774708
2022-08-04 00:00:00+00:00,43.297322547
2022-08-05 00:00:00+00:00,42.9443033901
2022-08-08 00:00:00+00:00,42.9538444484
2022-08-09 00:00:00+00:00,42.8584338654
2022-08-10 00:00:00+00:00,43.907950278
2022-08-11 00:00:00+00:00,43.7934575784
2022-08-12 00:00:00+00:00,44.4708727175
2022-08-15 00:00:00+00:00,44.4517906009
2022-08-16 00:00:00+00:00,44.6235296502
2022-08-17 00:00:00+00:00,44.5185780089
2022-08-18 00:00:00+00:00,47.1042048071
2022-08-19 00:00:00+00:00,46.4649539013
2022-08-22 00:00:00+00:00,45.52038913
2022-08-23 00:00:00+00:00,45.2341573811
2022-08-24 00:00:00+00:00,44.9097613991
2022-08-25 00:00:00+00:00,45.100582565
2022-08-26 00:00:00+00:00,43.7839165201
2022-08-29 00:00:00+00:00,43.6121774708
2022-08-30 00:00:00+00:00,43.1637477309
2022-08-31 00:00:00+00:00,42.6676126995
2022-09-01 00:00:00+00:00,43.2114530224
2022-09-02 00:00:00+00:00,42.5435789417
2022-09-06 00:00:00+00:00,42.4290862421
2022-09-07 00:00:00+00:00,42.9538444484
2022-09-08 00:00:00+00:00,43.2877814888
2022-09-09 00:00:00+00:00,43.6694238206
2022-09-12 00:00:00+00:00,44.2705104932
2022-09-13 00:00:00+00:00,42.0856081435
2022-09-14 00:00:00+00:00,41.942492269
2022-09-15 00:00:00+00:00,41.3032413632
2022-09-16 00:00:00+00:00,41.3127824215
2022-09-19 00:00:00+00:00,41.3127824215
2022-09-20 00:00:00+00:00,40.6258262242
2022-09-21 00:00:00+00:00,39.6812614529
2022-09-22 00:00:00+00:00,39.2614548879
2022-09-23 00:00:00+00:00,38.7939430314
2022-09-26 00:00:00+00:00,38.717614565
2022-09-27 00:00:00+00:00,38.6603682152
2022-09-28 00:00:00+00:00,39.4427349955
2022-09-29 00:00:00+00:00,38.7080735067
2022-09-30 00:00:00+00:00,38.1642331838
2022-10-03 00:00:00+00:00,39.395029704
2022-10-04 00:00:00+00:00,40.2632660089
2022-10-05 00:00:00+00:00,40.426937822
2022-10-06 00:00:00+00:00,39.9744333977
2022-10-07 00:00:00+00:00,38.7709641841
2022-10-10 00:00:00+00:00,38.4051095432
2022-10-11 00:00:00+00:00,38.1066491782
2022-10-12 00:00:00+00:00,37.8081888133
2022-10-13 00:00:00+00:00,39.0983078102
2022-10-14 00:00:00+00:00,38.7035699082
2022-10-17 00:00:00+00:00,39.7626228161
2022-10-18 00:00:00+00:00,40.2343827478
2022-10-19 00:00:00+00:00,40.3210325312
2022-10-20 00:00:00+00:00,40.1573607181
2022-10-21 00:00:00+00:00,41.2067858724
2022-10-24 00:00:00+00:00,41.9192396468
2022-10-25 00:00:00+00:00,42.7087154509
2022-10-26 00:00:00+00:00,42.7279709583
2022-10-27 00:00:00+00:00,42.7664819731
2022-10-28 00:00:00+00:00,43.9410679256
2022-10-31 00:00:00+00:00,43.7388850977
2022-11-01 00:00:00+00:00,43.7677683588
2022-11-02 00:00:00+00:00,42.9108982788
2022-11-03 00:00:00+00:00,42.2177000118
2022-11-04 00:00:00+00:00,42.8627595102
2022-11-07 00:00:00+00:00,42.8916427714
2022-11-08 00:00:00+00:00,42.9494092936
2022-11-09 00:00:00+00:00,42.275466534
2022-11-10 00:00:00+00:00,43.960323433
2022-11-11 00:00:00+00:00,43.1227088604
2022-11-14 00:00:00+00:00,43.0745700918
2022-11-15 00:00:00+00:00,43.2286141512
2022-11-16 00:00:00+00:00,42.737598712
2022-11-17 00:00:00+00:00,44.8557045279
2022-11-18 00:00:00+00:00,46.0110349729
2022-11-21 00:00:00+00:00,45.8473631599
2022-11-22 00:00:00+00:00,46.5790724417
2022-11-23 00:00:00+00:00,46.7619997622
2022-11-25 00:00:00+00:00,46.5983279491
2022-11-28 00:00:00+00:00,46.2902398305
2022-11-29 00:00:00+00:00,46.4827949046
2022-11-30 00:00:00+00:00,47.8691914386
2022-12-01 00:00:00+00:00,48.1098852814
2022-12-02 00:00:00+00:00,47.8499359312
2022-12-05 00:00:00+00:00,47.493709044
2022-12-06 00:00:00+00:00,46.7812552696
2022-12-07 00:00:00+00:00,46.3865173675
2022-12-08 00:00:00+00:00,47.1663654179
2022-12-09 00:00:00+00:00,46.6560944714
2022-12-12 00:00:00+00:00,47.4648257829
2022-12-13 00:00:00+00:00,47.792169409
2022-12-14 00:00:00+00:00,47.4648257829
2022-12-15 00:00:00+00:00,46.3576341064
2022-12-16 00:00:00+00:00,46.0302904803
2022-12-19 00:00:00+00:00,45.6355525783
2022-12-20 00:00:00+00:00,45.6066693171
2022-12-21 00:00:00+00:00,45.8858741747
2022-12-22 00:00:00+00:00,45.5585305486
2022-12-23 00:00:00+00:00,45.7125746079
2022-12-27 00:00:00+00:00,45.7607133765
2022-12-28 00:00:00+00:00,45.3178367059
2022-12-29 00:00:00+00:00,45.7318301154
2022-12-30 00:00:00+00:00,45.8666186673
symbol,CSCO
date,"Index([2013-01-02 00:00:00+00:00, 2013-01-03 00:00:00+00:00,
       2013-01-04 00:00:00+00:00, 2013-01-07 00:00:00+00:00,
       2013-01-08 00:00:00+00:00, 2013-01-09 00:00:00+00:00,
       2013-01-10 00:00:00+00:00, 2013-01-11 00:00:00+00:00,
       2013-01-14 00:00:00+00:00, 2013-01-15 00:00:00+00:00,
       ...
       2022-12-19 00:00:00+00:00, 2022-12-20 00:00:00+00:00,
       2022-12-21 00:00:00+00:00, 2022-12-22 00:00:00+00:00,
       2022-12-23 00:00:00+00:00, 2022-12-27 00:00:00+00:00,
       2022-12-28 00:00:00+00:00, 2022-12-29 00:00:00+00:00,
       2022-12-30 00:00:00+00:00,                  'symbol'],
      dtype='object', name='date', length=2519)"
