date,adjClose
2013-01-02 00:00:00+00:00,69.5072297931
2013-01-03 00:00:00+00:00,69.2112935851
2013-01-04 00:00:00+00:00,69.5764914589
2013-01-07 00:00:00+00:00,69.104252829
2013-01-08 00:00:00+00:00,68.7957235909
2013-01-09 00:00:00+00:00,68.9720260127
2013-01-10 00:00:00+00:00,69.5576019137
2013-01-11 00:00:00+00:00,70.3509628117
2013-01-14 00:00:00+00:00,71.0561724989
2013-01-15 00:00:00+00:00,71.4276668877
2013-01-16 00:00:00+00:00,71.7613821861
2013-01-17 00:00:00+00:00,72.2462138461
2013-01-18 00:00:00+00:00,72.5610395993
2013-01-22 00:00:00+00:00,72.9829061086
2013-01-23 00:00:00+00:00,72.4162197528
2013-01-24 00:00:00+00:00,72.7247489909
2013-01-25 00:00:00+00:00,73.1655050454
2013-01-28 00:00:00+00:00,73.0647608044
2013-01-29 00:00:00+00:00,73.8014530669
2013-01-30 00:00:00+00:00,73.322917922
2013-01-31 00:00:00+00:00,72.5043709637
2013-02-01 00:00:00+00:00,73.3544004973
2013-02-04 00:00:00+00:00,72.535853539
2013-02-05 00:00:00+00:00,72.9199409579
2013-02-06 00:00:00+00:00,72.9829061086
2013-02-07 00:00:00+00:00,72.4225162679
2013-02-08 00:00:00+00:00,72.8129002018
2013-02-11 00:00:00+00:00,72.8129002018
2013-02-12 00:00:00+00:00,73.3544004973
2013-02-13 00:00:00+00:00,73.3103248919
2013-02-14 00:00:00+00:00,73.4245450813
2013-02-15 00:00:00+00:00,72.9486276255
2013-02-19 00:00:00+00:00,73.5578019689
2013-02-20 00:00:00+00:00,72.9676643237
2013-02-21 00:00:00+00:00,72.9676643237
2013-02-22 00:00:00+00:00,73.5831842332
2013-02-25 00:00:00+00:00,72.0475572425
2013-02-26 00:00:00+00:00,72.9486276255
2013-02-27 00:00:00+00:00,74.0210282926
2013-02-28 00:00:00+00:00,74.3383065964
2013-03-01 00:00:00+00:00,74.1796674445
2013-03-04 00:00:00+00:00,74.5540558431
2013-03-05 00:00:00+00:00,74.8332607505
2013-03-06 00:00:00+00:00,75.1759213186
2013-03-07 00:00:00+00:00,75.2330314133
2013-03-08 00:00:00+00:00,75.2393769794
2013-03-11 00:00:00+00:00,75.3409060367
2013-03-12 00:00:00+00:00,75.0363188649
2013-03-13 00:00:00+00:00,75.1061200918
2013-03-14 00:00:00+00:00,76.1467929285
2013-03-15 00:00:00+00:00,75.943734814
2013-03-18 00:00:00+00:00,75.5947286797
2013-03-19 00:00:00+00:00,75.8041323603
2013-03-20 00:00:00+00:00,76.3688877412
2013-03-21 00:00:00+00:00,76.3625421751
2013-03-22 00:00:00+00:00,76.8955697256
2013-03-25 00:00:00+00:00,76.2610131179
2013-03-26 00:00:00+00:00,76.7686584041
2013-03-27 00:00:00+00:00,76.267358684
2013-03-28 00:00:00+00:00,75.3980161314
2013-04-01 00:00:00+00:00,75.8993158515
2013-04-02 00:00:00+00:00,75.5122363207
2013-04-03 00:00:00+00:00,74.7380772593
2013-04-04 00:00:00+00:00,74.9220986755
2013-04-05 00:00:00+00:00,74.5730925413
2013-04-08 00:00:00+00:00,74.7571139575
2013-04-09 00:00:00+00:00,75.283795942
2013-04-10 00:00:00+00:00,75.9183525497
2013-04-11 00:00:00+00:00,76.7496217058
2013-04-12 00:00:00+00:00,76.108719532
2013-04-15 00:00:00+00:00,73.9702637639
2013-04-16 00:00:00+00:00,74.2494686713
2013-04-17 00:00:00+00:00,72.8534441343
2013-04-18 00:00:00+00:00,73.3483982884
2013-04-19 00:00:00+00:00,73.5451108368
2013-04-22 00:00:00+00:00,73.9702637639
2013-04-23 00:00:00+00:00,74.547710277
2013-04-24 00:00:00+00:00,75.0553555632
2013-04-25 00:00:00+00:00,75.201303583
2013-04-26 00:00:00+00:00,76.1721751928
2013-04-29 00:00:00+00:00,76.9844076507
2013-04-30 00:00:00+00:00,77.42225171
2013-05-01 00:00:00+00:00,76.3181232126
2013-05-02 00:00:00+00:00,77.4412884083
2013-05-03 00:00:00+00:00,78.3613954895
2013-05-06 00:00:00+00:00,78.2091019036
2013-05-07 00:00:00+00:00,78.075845016
2013-05-08 00:00:00+00:00,78.2789031305
2013-05-09 00:00:00+00:00,78.4565789806
2013-05-10 00:00:00+00:00,78.1964107715
2013-05-13 00:00:00+00:00,77.9552792605
2013-05-14 00:00:00+00:00,79.3195759672
2013-05-15 00:00:00+00:00,78.6913649255
2013-05-16 00:00:00+00:00,78.5314361292
2013-05-17 00:00:00+00:00,78.9536481514
2013-05-20 00:00:00+00:00,79.8236608032
2013-05-21 00:00:00+00:00,80.565730418
2013-05-22 00:00:00+00:00,79.919618081
2013-05-23 00:00:00+00:00,80.220284218
2013-05-24 00:00:00+00:00,80.2522699773
2013-05-28 00:00:00+00:00,80.8791908587
2013-05-29 00:00:00+00:00,80.2778585847
2013-05-30 00:00:00+00:00,80.0347668143
2013-05-31 00:00:00+00:00,78.5250389774
2013-06-03 00:00:00+00:00,79.3822573255
2013-06-04 00:00:00+00:00,78.6593791663
2013-06-05 00:00:00+00:00,77.7701750589
2013-06-06 00:00:00+00:00,77.1432541774
2013-06-07 00:00:00+00:00,77.853338033
2013-06-10 00:00:00+00:00,78.4866560663
2013-06-11 00:00:00+00:00,77.6934092367
2013-06-12 00:00:00+00:00,76.7466307626
2013-06-13 00:00:00+00:00,77.8277494256
2013-06-14 00:00:00+00:00,76.94494247
2013-06-17 00:00:00+00:00,77.5462747441
2013-06-18 00:00:00+00:00,77.7381892996
2013-06-19 00:00:00+00:00,77.0856798108
2013-06-20 00:00:00+00:00,75.4544060886
2013-06-21 00:00:00+00:00,76.0813269701
2013-06-24 00:00:00+00:00,74.7315279294
2013-06-25 00:00:00+00:00,75.1345484961
2013-06-26 00:00:00+00:00,75.5823491257
2013-06-27 00:00:00+00:00,75.9405896294
2013-06-28 00:00:00+00:00,75.7038950108
2013-07-01 00:00:00+00:00,76.1772842479
2013-07-02 00:00:00+00:00,76.2220643108
2013-07-03 00:00:00+00:00,76.1772842479
2013-07-05 00:00:00+00:00,77.0920769626
2013-07-08 00:00:00+00:00,77.5590690478
2013-07-09 00:00:00+00:00,78.8576908736
2013-07-10 00:00:00+00:00,78.6209962551
2013-07-11 00:00:00+00:00,79.1775484662
2013-07-12 00:00:00+00:00,79.3630658699
2013-07-15 00:00:00+00:00,79.7596892847
2013-07-16 00:00:00+00:00,79.401448781
2013-07-17 00:00:00+00:00,79.5485832736
2013-07-18 00:00:00+00:00,80.265064281
2013-07-19 00:00:00+00:00,81.1862541476
2013-07-22 00:00:00+00:00,81.2630199698
2013-07-23 00:00:00+00:00,81.4101544624
2013-07-24 00:00:00+00:00,80.8408079476
2013-07-25 00:00:00+00:00,81.730012055
2013-07-26 00:00:00+00:00,81.6020690179
2013-07-29 00:00:00+00:00,80.7128649106
2013-07-30 00:00:00+00:00,80.4633759884
2013-07-31 00:00:00+00:00,80.5337446587
2013-08-01 00:00:00+00:00,80.8855880106
2013-08-02 00:00:00+00:00,79.9324123847
2013-08-05 00:00:00+00:00,79.318285807
2013-08-06 00:00:00+00:00,78.7745278996
2013-08-07 00:00:00+00:00,78.8960737848
2013-08-08 00:00:00+00:00,78.7297478366
2013-08-09 00:00:00+00:00,78.3651101811
2013-08-12 00:00:00+00:00,77.9173095515
2013-08-13 00:00:00+00:00,78.3651101811
2013-08-14 00:00:00+00:00,78.0772383478
2013-08-15 00:00:00+00:00,77.5654661996
2013-08-16 00:00:00+00:00,77.3268032267
2013-08-19 00:00:00+00:00,76.5398604511
2013-08-20 00:00:00+00:00,76.3011974782
2013-08-21 00:00:00+00:00,75.9206267917
2013-08-22 00:00:00+00:00,76.3011974782
2013-08-23 00:00:00+00:00,77.101040955
2013-08-26 00:00:00+00:00,76.6559667623
2013-08-27 00:00:00+00:00,76.6366157104
2013-08-28 00:00:00+00:00,78.5717208963
2013-08-29 00:00:00+00:00,77.6428704071
2013-08-30 00:00:00+00:00,77.6815725108
2013-09-03 00:00:00+00:00,77.7589767182
2013-09-04 00:00:00+00:00,77.9589375874
2013-09-05 00:00:00+00:00,78.287905469
2013-09-06 00:00:00+00:00,78.1846998591
2013-09-09 00:00:00+00:00,78.8361852717
2013-09-10 00:00:00+00:00,79.3457629706
2013-09-11 00:00:00+00:00,79.932744877
2013-09-12 00:00:00+00:00,79.9133938251
2013-09-13 00:00:00+00:00,80.0746525906
2013-09-16 00:00:00+00:00,80.0359504869
2013-09-17 00:00:00+00:00,80.203659603
2013-09-18 00:00:00+00:00,81.1583114947
2013-09-19 00:00:00+00:00,80.9131981712
2013-09-20 00:00:00+00:00,80.577779939
2013-09-23 00:00:00+00:00,80.9648009761
2013-09-24 00:00:00+00:00,80.3004148623
2013-09-25 00:00:00+00:00,80.0295001363
2013-09-26 00:00:00+00:00,79.6553798004
2013-09-27 00:00:00+00:00,79.1070999977
2013-09-30 00:00:00+00:00,78.3717600271
2013-10-01 00:00:00+00:00,78.2556537159
2013-10-02 00:00:00+00:00,77.9395865356
2013-10-03 00:00:00+00:00,76.2753960757
2013-10-04 00:00:00+00:00,76.1979918683
2013-10-07 00:00:00+00:00,76.0302827522
2013-10-08 00:00:00+00:00,75.2949427816
2013-10-09 00:00:00+00:00,74.9079217444
2013-10-10 00:00:00+00:00,75.0691805099
2013-10-11 00:00:00+00:00,75.9012757398
2013-10-14 00:00:00+00:00,76.4882576462
2013-10-15 00:00:00+00:00,76.2108925695
2013-10-16 00:00:00+00:00,76.8623779821
2013-10-17 00:00:00+00:00,77.0952356395
2013-10-18 00:00:00+00:00,77.1784451625
2013-10-21 00:00:00+00:00,77.288101123
2013-10-22 00:00:00+00:00,77.8170298738
2013-10-23 00:00:00+00:00,77.4880619922
2013-10-24 00:00:00+00:00,77.7654270688
2013-10-25 00:00:00+00:00,77.7847781207
2013-10-28 00:00:00+00:00,77.9911893405
2013-10-29 00:00:00+00:00,78.3717600271
2013-10-30 00:00:00+00:00,77.5977179527
2013-10-31 00:00:00+00:00,77.3784060317
2013-11-01 00:00:00+00:00,76.1205876609
2013-11-04 00:00:00+00:00,76.1786408164
2013-11-05 00:00:00+00:00,76.4044030881
2013-11-06 00:00:00+00:00,78.1395474048
2013-11-07 00:00:00+00:00,77.3461542786
2013-11-08 00:00:00+00:00,78.1717991579
2013-11-11 00:00:00+00:00,78.1008453011
2013-11-12 00:00:00+00:00,77.4042074342
2013-11-13 00:00:00+00:00,77.4622605897
2013-11-14 00:00:00+00:00,77.7654270688
2013-11-15 00:00:00+00:00,78.0906421369
2013-11-18 00:00:00+00:00,78.4158572049
2013-11-19 00:00:00+00:00,79.391502409
2013-11-20 00:00:00+00:00,79.3524766009
2013-11-21 00:00:00+00:00,80.3021045995
2013-11-22 00:00:00+00:00,80.6728497771
2013-11-25 00:00:00+00:00,80.4842250376
2013-11-26 00:00:00+00:00,79.859812107
2013-11-27 00:00:00+00:00,79.625657258
2013-11-29 00:00:00+00:00,79.6386658607
2013-12-02 00:00:00+00:00,79.5736228471
2013-12-03 00:00:00+00:00,79.6907002716
2013-12-04 00:00:00+00:00,79.2028776696
2013-12-05 00:00:00+00:00,78.7670894784
2013-12-06 00:00:00+00:00,79.5411013403
2013-12-09 00:00:00+00:00,80.2240529832
2013-12-10 00:00:00+00:00,80.4321906267
2013-12-11 00:00:00+00:00,79.4175196145
2013-12-12 00:00:00+00:00,78.6955421634
2013-12-13 00:00:00+00:00,77.9865733151
2013-12-16 00:00:00+00:00,78.1947109587
2013-12-17 00:00:00+00:00,77.2320743573
2013-12-18 00:00:00+00:00,79.0923045464
2013-12-19 00:00:00+00:00,80.1460013669
2013-12-20 00:00:00+00:00,79.859812107
2013-12-23 00:00:00+00:00,79.8728207097
2013-12-24 00:00:00+00:00,80.3346261063
2013-12-26 00:00:00+00:00,81.1801852832
2013-12-27 00:00:00+00:00,81.4533659404
2013-12-30 00:00:00+00:00,80.8029358043
2013-12-31 00:00:00+00:00,81.2452282968
2014-01-02 00:00:00+00:00,80.7443970921
2014-01-03 00:00:00+00:00,80.8809874206
2014-01-06 00:00:00+00:00,80.6663454757
2014-01-07 00:00:00+00:00,81.3492971186
2014-01-08 00:00:00+00:00,80.1915314764
2014-01-09 00:00:00+00:00,80.1915314764
2014-01-10 00:00:00+00:00,78.7085507662
2014-01-13 00:00:00+00:00,77.5637937267
2014-01-14 00:00:00+00:00,77.7719313702
2014-01-15 00:00:00+00:00,77.5182636171
2014-01-16 00:00:00+00:00,77.2906130695
2014-01-17 00:00:00+00:00,77.5898109321
2014-01-21 00:00:00+00:00,78.2857711777
2014-01-22 00:00:00+00:00,78.3313012872
2014-01-23 00:00:00+00:00,77.0044238096
2014-01-24 00:00:00+00:00,75.6385205239
2014-01-27 00:00:00+00:00,75.7295807429
2014-01-28 00:00:00+00:00,75.9962570987
2014-01-29 00:00:00+00:00,75.4498957844
2014-01-30 00:00:00+00:00,75.7425893457
2014-01-31 00:00:00+00:00,72.6075160898
2014-02-03 00:00:00+00:00,72.2888053231
2014-02-04 00:00:00+00:00,72.0871719809
2014-02-05 00:00:00+00:00,71.2351085027
2014-02-06 00:00:00+00:00,72.3733612408
2014-02-07 00:00:00+00:00,72.8806967469
2014-02-10 00:00:00+00:00,72.646541898
2014-02-11 00:00:00+00:00,73.8758548551
2014-02-12 00:00:00+00:00,73.5181182803
2014-02-13 00:00:00+00:00,73.8331115569
2014-02-14 00:00:00+00:00,74.4696604699
2014-02-18 00:00:00+00:00,73.9643587554
2014-02-19 00:00:00+00:00,74.5484087891
2014-02-20 00:00:00+00:00,75.2046447819
2014-02-21 00:00:00+00:00,73.9446716757
2014-02-24 00:00:00+00:00,74.9093385852
2014-02-25 00:00:00+00:00,75.4474520993
2014-02-26 00:00:00+00:00,75.8018195355
2014-02-27 00:00:00+00:00,75.9199420142
2014-02-28 00:00:00+00:00,75.6836970567
2014-03-03 00:00:00+00:00,75.3621414202
2014-03-04 00:00:00+00:00,75.6771346968
2014-03-05 00:00:00+00:00,75.0930846632
2014-03-06 00:00:00+00:00,75.3687037802
2014-03-07 00:00:00+00:00,75.5196380585
2014-03-10 00:00:00+00:00,76.0183774131
2014-03-11 00:00:00+00:00,75.1455835426
2014-03-12 00:00:00+00:00,75.8936925745
2014-03-13 00:00:00+00:00,75.106209383
2014-03-14 00:00:00+00:00,74.8765267855
2014-03-17 00:00:00+00:00,75.5130756986
2014-03-18 00:00:00+00:00,76.2808718102
2014-03-19 00:00:00+00:00,75.5983863777
2014-03-20 00:00:00+00:00,75.8018195355
2014-03-21 00:00:00+00:00,75.8805678546
2014-03-24 00:00:00+00:00,76.024939773
2014-03-25 00:00:00+00:00,76.8386724042
2014-03-26 00:00:00+00:00,77.2455387197
2014-03-27 00:00:00+00:00,77.21928928
2014-03-28 00:00:00+00:00,77.7639651541
2014-03-31 00:00:00+00:00,78.0330219112
2014-04-01 00:00:00+00:00,78.0920831505
2014-04-02 00:00:00+00:00,78.321765748
2014-04-03 00:00:00+00:00,78.1183325903
2014-04-04 00:00:00+00:00,77.960835952
2014-04-07 00:00:00+00:00,77.0027314024
2014-04-08 00:00:00+00:00,77.3045999591
2014-04-09 00:00:00+00:00,78.1577067498
2014-04-10 00:00:00+00:00,76.576178007
2014-04-11 00:00:00+00:00,76.7992982446
2014-04-14 00:00:00+00:00,77.8952123527
2014-04-15 00:00:00+00:00,78.9451899413
2014-04-16 00:00:00+00:00,79.9492310103
2014-04-17 00:00:00+00:00,81.1632675971
2014-04-21 00:00:00+00:00,81.5307597531
2014-04-22 00:00:00+00:00,81.3732631148
2014-04-23 00:00:00+00:00,81.8260659499
2014-04-24 00:00:00+00:00,81.5701339127
2014-04-25 00:00:00+00:00,81.3667007549
2014-04-28 00:00:00+00:00,82.5085513825
2014-04-29 00:00:00+00:00,82.6660480208
2014-04-30 00:00:00+00:00,82.370741824
2014-05-01 00:00:00+00:00,81.9901249481
2014-05-02 00:00:00+00:00,81.8457530297
2014-05-05 00:00:00+00:00,82.2657440651
2014-05-06 00:00:00+00:00,82.0098120279
2014-05-07 00:00:00+00:00,82.8366693789
2014-05-08 00:00:00+00:00,82.0885603471
2014-05-09 00:00:00+00:00,82.0491861875
2014-05-12 00:00:00+00:00,82.186995746
2014-05-13 00:00:00+00:00,82.5872997016
2014-05-14 00:00:00+00:00,82.9613542176
2014-05-15 00:00:00+00:00,81.9507507886
2014-05-16 00:00:00+00:00,81.533749149
2014-05-19 00:00:00+00:00,81.3815104552
2014-05-20 00:00:00+00:00,81.0836521412
2014-05-21 00:00:00+00:00,82.1824183661
2014-05-22 00:00:00+00:00,81.831607463
2014-05-23 00:00:00+00:00,81.6595115482
2014-05-27 00:00:00+00:00,81.3087006451
2014-05-28 00:00:00+00:00,81.0968902885
2014-05-29 00:00:00+00:00,80.9645088156
2014-05-30 00:00:00+00:00,81.2756052769
2014-06-02 00:00:00+00:00,80.8916990055
2014-06-03 00:00:00+00:00,81.1167475094
2014-06-04 00:00:00+00:00,80.9843660365
2014-06-05 00:00:00+00:00,81.7587976529
2014-06-06 00:00:00+00:00,82.202275587
2014-06-09 00:00:00+00:00,82.3214189126
2014-06-10 00:00:00+00:00,82.9634690561
2014-06-11 00:00:00+00:00,82.8575638778
2014-06-12 00:00:00+00:00,83.4731377267
2014-06-13 00:00:00+00:00,84.2343311958
2014-06-16 00:00:00+00:00,85.0815726223
2014-06-17 00:00:00+00:00,85.2735257579
2014-06-18 00:00:00+00:00,86.2332914363
2014-06-19 00:00:00+00:00,87.3651530295
2014-06-20 00:00:00+00:00,87.596820607
2014-06-23 00:00:00+00:00,88.0204413203
2014-06-24 00:00:00+00:00,87.2195334093
2014-06-25 00:00:00+00:00,86.8621034325
2014-06-26 00:00:00+00:00,86.6569121496
2014-06-27 00:00:00+00:00,86.2862440255
2014-06-30 00:00:00+00:00,86.4120064247
2014-07-01 00:00:00+00:00,86.4053873511
2014-07-02 00:00:00+00:00,86.2001960681
2014-07-03 00:00:00+00:00,86.835627138
2014-07-07 00:00:00+00:00,86.3590538356
2014-07-08 00:00:00+00:00,85.9817666379
2014-07-09 00:00:00+00:00,86.9680086109
2014-07-10 00:00:00+00:00,86.2134342154
2014-07-11 00:00:00+00:00,85.0352391068
2014-07-14 00:00:00+00:00,85.5581459246
2014-07-15 00:00:00+00:00,85.5581459246
2014-07-16 00:00:00+00:00,86.6370549286
2014-07-17 00:00:00+00:00,86.1009099635
2014-07-18 00:00:00+00:00,86.3061012464
2014-07-21 00:00:00+00:00,86.9018178744
2014-07-22 00:00:00+00:00,87.7556783745
2014-07-23 00:00:00+00:00,88.6161579483
2014-07-24 00:00:00+00:00,89.2582080917
2014-07-25 00:00:00+00:00,88.4109666653
2014-07-28 00:00:00+00:00,88.192537235
2014-07-29 00:00:00+00:00,87.6497731962
2014-07-30 00:00:00+00:00,87.7225830063
2014-07-31 00:00:00+00:00,85.5449077774
2014-08-01 00:00:00+00:00,84.657951909
2014-08-04 00:00:00+00:00,84.8366668974
2014-08-05 00:00:00+00:00,82.7119442576
2014-08-06 00:00:00+00:00,83.2216129282
2014-08-07 00:00:00+00:00,83.1686603391
2014-08-08 00:00:00+00:00,84.6314756145
2014-08-11 00:00:00+00:00,84.5321895098
2014-08-12 00:00:00+00:00,84.1218069439
2014-08-13 00:00:00+00:00,84.4593796997
2014-08-14 00:00:00+00:00,84.0357589865
2014-08-15 00:00:00+00:00,84.174759533
2014-08-18 00:00:00+00:00,84.3082643063
2014-08-19 00:00:00+00:00,85.1960710484
2014-08-20 00:00:00+00:00,85.1026177071
2014-08-21 00:00:00+00:00,85.3963282082
2014-08-22 00:00:00+00:00,84.8489586379
2014-08-25 00:00:00+00:00,85.3362510603
2014-08-26 00:00:00+00:00,85.6099358454
2014-08-27 00:00:00+00:00,85.8702701533
2014-08-28 00:00:00+00:00,85.9436977785
2014-08-29 00:00:00+00:00,86.4109644849
2014-09-02 00:00:00+00:00,85.1359939004
2014-09-03 00:00:00+00:00,85.3496015376
2014-09-04 00:00:00+00:00,84.6420262394
2014-09-05 00:00:00+00:00,85.0425405591
2014-09-08 00:00:00+00:00,84.2481871583
2014-09-09 00:00:00+00:00,83.5606375761
2014-09-10 00:00:00+00:00,82.9598660964
2014-09-11 00:00:00+00:00,82.6594803566
2014-09-12 00:00:00+00:00,81.8784774331
2014-09-15 00:00:00+00:00,82.9331651418
2014-09-16 00:00:00+00:00,83.4137823255
2014-09-17 00:00:00+00:00,83.2535765976
2014-09-18 00:00:00+00:00,82.8664127552
2014-09-19 00:00:00+00:00,83.3069785069
2014-09-22 00:00:00+00:00,82.4325222421
2014-09-23 00:00:00+00:00,82.1454869796
2014-09-24 00:00:00+00:00,81.7049212279
2014-09-25 00:00:00+00:00,80.556780178
2014-09-26 00:00:00+00:00,81.0841240323
2014-09-29 00:00:00+00:00,80.4700020754
2014-09-30 00:00:00+00:00,79.6489477199
2014-10-01 00:00:00+00:00,78.5341828633
2014-10-02 00:00:00+00:00,78.1737199755
2014-10-03 00:00:00+00:00,78.5742342952
2014-10-06 00:00:00+00:00,78.8278933644
2014-10-07 00:00:00+00:00,77.4461189613
2014-10-08 00:00:00+00:00,78.7344400231
2014-10-09 00:00:00+00:00,76.4381579233
2014-10-10 00:00:00+00:00,76.0242931262
2014-10-13 00:00:00+00:00,74.782698735
2014-10-14 00:00:00+00:00,73.280770036
2014-10-15 00:00:00+00:00,72.9403328642
2014-10-16 00:00:00+00:00,74.1352005847
2014-10-17 00:00:00+00:00,74.6291682458
2014-10-20 00:00:00+00:00,74.4222358472
2014-10-21 00:00:00+00:00,76.8253217657
2014-10-22 00:00:00+00:00,76.0977207515
2014-10-23 00:00:00+00:00,77.5595980186
2014-10-24 00:00:00+00:00,77.372691336
2014-10-27 00:00:00+00:00,76.7785950951
2014-10-28 00:00:00+00:00,78.1870704528
2014-10-29 00:00:00+00:00,78.1937456915
2014-10-30 00:00:00+00:00,78.2337971235
2014-10-31 00:00:00+00:00,80.0694877556
2014-11-03 00:00:00+00:00,77.9534370996
2014-11-04 00:00:00+00:00,77.0122284482
2014-11-05 00:00:00+00:00,78.1336685435
2014-11-06 00:00:00+00:00,79.1216038656
2014-11-07 00:00:00+00:00,79.3018353094
2014-11-10 00:00:00+00:00,78.7144143072
2014-11-11 00:00:00+00:00,79.0615267176
2014-11-12 00:00:00+00:00,78.5341828633
2014-11-13 00:00:00+00:00,77.7331542238
2014-11-14 00:00:00+00:00,78.360626658
2014-11-17 00:00:00+00:00,77.9766380302
2014-11-18 00:00:00+00:00,77.7880120375
2014-11-19 00:00:00+00:00,78.461676297
2014-11-20 00:00:00+00:00,79.0275542749
2014-11-21 00:00:00+00:00,79.8831078844
2014-11-24 00:00:00+00:00,79.2161802675
2014-11-25 00:00:00+00:00,78.2461037339
2014-11-26 00:00:00+00:00,77.5454929041
2014-11-28 00:00:00+00:00,73.3418279252
2014-12-01 00:00:00+00:00,75.2685077072
2014-12-02 00:00:00+00:00,76.8111988613
2014-12-03 00:00:00+00:00,76.6023629409
2014-12-04 00:00:00+00:00,75.6390230499
2014-12-05 00:00:00+00:00,74.6891564441
2014-12-08 00:00:00+00:00,71.9473429082
2014-12-09 00:00:00+00:00,72.0888124027
2014-12-10 00:00:00+00:00,70.6404342449
2014-12-11 00:00:00+00:00,70.6741174578
2014-12-12 00:00:00+00:00,68.9697468815
2014-12-15 00:00:00+00:00,67.9457772071
2014-12-16 00:00:00+00:00,68.511655185
2014-12-17 00:00:00+00:00,71.4218847858
2014-12-18 00:00:00+00:00,73.4496142067
2014-12-19 00:00:00+00:00,76.0769048185
2014-12-22 00:00:00+00:00,75.4706069851
2014-12-23 00:00:00+00:00,76.7640423632
2014-12-24 00:00:00+00:00,76.4406835186
2014-12-26 00:00:00+00:00,76.2924773816
2014-12-29 00:00:00+00:00,76.3396338797
2014-12-30 00:00:00+00:00,76.1981643852
2014-12-31 00:00:00+00:00,75.571656624
2015-01-02 00:00:00+00:00,75.8411223277
2015-01-05 00:00:00+00:00,72.8096331603
2015-01-06 00:00:00+00:00,72.7759499473
2015-01-07 00:00:00+00:00,72.7153201639
2015-01-08 00:00:00+00:00,74.3792708848
2015-01-09 00:00:00+00:00,72.897209514
2015-01-12 00:00:00+00:00,71.3275717895
2015-01-13 00:00:00+00:00,70.1958158336
2015-01-14 00:00:00+00:00,69.9937165558
2015-01-15 00:00:00+00:00,69.1651095167
2015-01-16 00:00:00+00:00,70.8155869523
2015-01-20 00:00:00+00:00,71.7250337026
2015-01-21 00:00:00+00:00,72.863526301
2015-01-22 00:00:00+00:00,73.3755111382
2015-01-23 00:00:00+00:00,71.9810261212
2015-01-26 00:00:00+00:00,73.3485645678
2015-01-27 00:00:00+00:00,72.930892727
2015-01-28 00:00:00+00:00,69.8657203465
2015-01-29 00:00:00+00:00,69.3874187223
2015-01-30 00:00:00+00:00,69.0707965204
2015-02-02 00:00:00+00:00,71.4488313562
2015-02-03 00:00:00+00:00,73.7864463365
2015-02-04 00:00:00+00:00,72.9915225103
2015-02-05 00:00:00+00:00,73.6382401994
2015-02-06 00:00:00+00:00,73.8403394772
2015-02-09 00:00:00+00:00,74.3927441699
2015-02-10 00:00:00+00:00,74.2243281051
2015-02-11 00:00:00+00:00,74.0895952532
2015-02-12 00:00:00+00:00,75.4032405591
2015-02-13 00:00:00+00:00,76.7091599338
2015-02-17 00:00:00+00:00,76.4506967242
2015-02-18 00:00:00+00:00,75.1175706959
2015-02-19 00:00:00+00:00,73.6960230433
2015-02-20 00:00:00+00:00,73.8660646285
2015-02-23 00:00:00+00:00,73.3627415362
2015-02-24 00:00:00+00:00,73.4307581703
2015-02-25 00:00:00+00:00,73.8524613017
2015-02-26 00:00:00+00:00,72.8186084634
2015-02-27 00:00:00+00:00,72.5601452539
2015-03-02 00:00:00+00:00,72.0296155079
2015-03-03 00:00:00+00:00,71.5262924156
2015-03-04 00:00:00+00:00,71.5262924156
2015-03-05 00:00:00+00:00,71.233820889
2015-03-06 00:00:00+00:00,70.4312246067
2015-03-09 00:00:00+00:00,70.7032911431
2015-03-10 00:00:00+00:00,69.9959181485
2015-03-11 00:00:00+00:00,70.4244229433
2015-03-12 00:00:00+00:00,69.6626366414
2015-03-13 00:00:00+00:00,69.1185035686
2015-03-16 00:00:00+00:00,70.1455547435
2015-03-17 00:00:00+00:00,70.1727613971
2015-03-18 00:00:00+00:00,72.5737485807
2015-03-19 00:00:00+00:00,71.2474242158
2015-03-20 00:00:00+00:00,72.7982034732
2015-03-23 00:00:00+00:00,72.0432188348
2015-03-24 00:00:00+00:00,70.8733327283
2015-03-25 00:00:00+00:00,71.8731772495
2015-03-26 00:00:00+00:00,71.5875073863
2015-03-27 00:00:00+00:00,70.9277460356
2015-03-30 00:00:00+00:00,72.7097818489
2015-03-31 00:00:00+00:00,71.4038624742
2015-04-01 00:00:00+00:00,71.2746308695
2015-04-02 00:00:00+00:00,71.6079123765
2015-04-06 00:00:00+00:00,72.7233851757
2015-04-07 00:00:00+00:00,73.8252546481
2015-04-08 00:00:00+00:00,72.5465419271
2015-04-09 00:00:00+00:00,72.7437901659
2015-04-10 00:00:00+00:00,72.7165835123
2015-04-13 00:00:00+00:00,72.4377153125
2015-04-14 00:00:00+00:00,74.0293045504
2015-04-15 00:00:00+00:00,75.0971657057
2015-04-16 00:00:00+00:00,74.9271241204
2015-04-17 00:00:00+00:00,74.2129494624
2015-04-20 00:00:00+00:00,75.0155457448
2015-04-21 00:00:00+00:00,74.6346525938
2015-04-22 00:00:00+00:00,74.4782143354
2015-04-23 00:00:00+00:00,74.7978925156
2015-04-24 00:00:00+00:00,74.7298758816
2015-04-27 00:00:00+00:00,74.6142476036
2015-04-28 00:00:00+00:00,75.5800838078
2015-04-29 00:00:00+00:00,75.9949852757
2015-04-30 00:00:00+00:00,75.5392738273
2015-05-01 00:00:00+00:00,74.1653378186
2015-05-04 00:00:00+00:00,73.6756180531
2015-05-05 00:00:00+00:00,73.457964824
2015-05-06 00:00:00+00:00,73.4239565069
2015-05-07 00:00:00+00:00,73.1654932973
2015-05-08 00:00:00+00:00,73.9000729456
2015-05-11 00:00:00+00:00,73.0226583657
2015-05-12 00:00:00+00:00,73.1586916339
2015-05-13 00:00:00+00:00,73.2539149217
2015-05-14 00:00:00+00:00,73.7640396774
2015-05-15 00:00:00+00:00,74.206147799
2015-05-18 00:00:00+00:00,73.2582214456
2015-05-19 00:00:00+00:00,72.1385693035
2015-05-20 00:00:00+00:00,72.296557029
2015-05-21 00:00:00+00:00,72.4614137862
2015-05-22 00:00:00+00:00,72.0492718933
2015-05-26 00:00:00+00:00,70.9502268459
2015-05-27 00:00:00+00:00,70.826584278
2015-05-28 00:00:00+00:00,70.9158816881
2015-05-29 00:00:00+00:00,70.751024931
2015-06-01 00:00:00+00:00,70.4968707638
2015-06-02 00:00:00+00:00,70.4625256061
2015-06-03 00:00:00+00:00,70.1808953126
2015-06-04 00:00:00+00:00,69.645110852
2015-06-05 00:00:00+00:00,69.7824914829
2015-06-08 00:00:00+00:00,68.978814792
2015-06-09 00:00:00+00:00,68.978814792
2015-06-10 00:00:00+00:00,69.9473482401
2015-06-11 00:00:00+00:00,69.4596470002
2015-06-12 00:00:00+00:00,68.6010180569
2015-06-15 00:00:00+00:00,68.2026142272
2015-06-16 00:00:00+00:00,68.7177915932
2015-06-17 00:00:00+00:00,68.5254587099
2015-06-18 00:00:00+00:00,68.8620412557
2015-06-19 00:00:00+00:00,68.326256795
2015-06-22 00:00:00+00:00,68.8895173819
2015-06-23 00:00:00+00:00,68.7521367509
2015-06-24 00:00:00+00:00,68.1888761641
2015-06-25 00:00:00+00:00,67.5500562303
2015-06-26 00:00:00+00:00,67.7286510505
2015-06-29 00:00:00+00:00,66.4166660251
2015-06-30 00:00:00+00:00,66.265547331
2015-07-01 00:00:00+00:00,66.0045241323
2015-07-02 00:00:00+00:00,65.8534054382
2015-07-06 00:00:00+00:00,65.0978119681
2015-07-07 00:00:00+00:00,65.4412635454
2015-07-08 00:00:00+00:00,64.2666591509
2015-07-09 00:00:00+00:00,64.417777845
2015-07-10 00:00:00+00:00,64.8505268324
2015-07-13 00:00:00+00:00,64.9810384318
2015-07-14 00:00:00+00:00,65.6335964287
2015-07-15 00:00:00+00:00,64.7337532961
2015-07-16 00:00:00+00:00,64.8986100532
2015-07-17 00:00:00+00:00,63.9850288575
2015-07-20 00:00:00+00:00,63.840779195
2015-07-21 00:00:00+00:00,64.5002062235
2015-07-22 00:00:00+00:00,64.2323139932
2015-07-23 00:00:00+00:00,63.840779195
2015-07-24 00:00:00+00:00,62.2334258131
2015-07-27 00:00:00+00:00,61.2305472073
2015-07-28 00:00:00+00:00,63.4698514915
2015-07-29 00:00:00+00:00,64.053719173
2015-07-30 00:00:00+00:00,63.902600479
2015-07-31 00:00:00+00:00,60.7771911252
2015-08-03 00:00:00+00:00,58.7989100398
2015-08-04 00:00:00+00:00,58.5310178094
2015-08-05 00:00:00+00:00,57.7204720869
2015-08-06 00:00:00+00:00,58.5172797463
2015-08-07 00:00:00+00:00,57.5281392036
2015-08-10 00:00:00+00:00,58.9981119546
2015-08-11 00:00:00+00:00,58.9225526076
2015-08-12 00:00:00+00:00,59.6163247938
2015-08-13 00:00:00+00:00,58.9706358284
2015-08-14 00:00:00+00:00,59.0668022701
2015-08-17 00:00:00+00:00,57.9059359387
2015-08-18 00:00:00+00:00,58.0520400664
2015-08-19 00:00:00+00:00,56.2918331948
2015-08-20 00:00:00+00:00,55.1299575127
2015-08-21 00:00:00+00:00,52.7088033968
2015-08-24 00:00:00+00:00,50.1763318503
2015-08-25 00:00:00+00:00,48.7152905734
2015-08-26 00:00:00+00:00,50.8511937734
2015-08-27 00:00:00+00:00,54.0167832065
2015-08-28 00:00:00+00:00,55.9578809029
2015-08-31 00:00:00+00:00,56.3474919101
2015-09-01 00:00:00+00:00,54.3994368743
2015-09-02 00:00:00+00:00,54.3089914619
2015-09-03 00:00:00+00:00,54.4481382502
2015-09-04 00:00:00+00:00,53.3419212834
2015-09-08 00:00:00+00:00,53.4601960535
2015-09-09 00:00:00+00:00,52.1243868861
2015-09-10 00:00:00+00:00,52.6392300027
2015-09-11 00:00:00+00:00,52.729675415
2015-09-14 00:00:00+00:00,52.7157607362
2015-09-15 00:00:00+00:00,53.6897882541
2015-09-16 00:00:00+00:00,54.9768960456
2015-09-17 00:00:00+00:00,55.2482322827
2015-09-18 00:00:00+00:00,54.0863566007
2015-09-21 00:00:00+00:00,54.3298634801
2015-09-22 00:00:00+00:00,53.7454469694
2015-09-23 00:00:00+00:00,52.9592676157
2015-09-24 00:00:00+00:00,53.4949827505
2015-09-25 00:00:00+00:00,54.058527243
2015-09-28 00:00:00+00:00,52.7157607362
2015-09-29 00:00:00+00:00,53.0497130281
2015-09-30 00:00:00+00:00,54.8794932938
2015-10-01 00:00:00+00:00,54.5037969655
2015-10-02 00:00:00+00:00,56.7371029172
2015-10-05 00:00:00+00:00,58.4625230918
2015-10-06 00:00:00+00:00,60.5218955582
2015-10-07 00:00:00+00:00,61.3080749119
2015-10-08 00:00:00+00:00,62.5534386669
2015-10-09 00:00:00+00:00,62.3168891269
2015-10-12 00:00:00+00:00,61.7394299555
2015-10-13 00:00:00+00:00,61.4889657367
2015-10-14 00:00:00+00:00,62.4490785757
2015-10-15 00:00:00+00:00,63.1169831594
2015-10-16 00:00:00+00:00,63.513551506
2015-10-19 00:00:00+00:00,62.6369267399
2015-10-20 00:00:00+00:00,62.6090973822
2015-10-21 00:00:00+00:00,62.1499129809
2015-10-22 00:00:00+00:00,63.7431437066
2015-10-23 00:00:00+00:00,63.4787648089
2015-10-26 00:00:00+00:00,61.7603019738
2015-10-27 00:00:00+00:00,61.0158666565
2015-10-28 00:00:00+00:00,62.469950594
2015-10-29 00:00:00+00:00,62.5395239881
2015-10-30 00:00:00+00:00,63.22830059
2015-11-02 00:00:00+00:00,66.0668950707
2015-11-03 00:00:00+00:00,68.2793290042
2015-11-04 00:00:00+00:00,67.3261735046
2015-11-05 00:00:00+00:00,65.7816441548
2015-11-06 00:00:00+00:00,65.4198625053
2015-11-09 00:00:00+00:00,64.2301574656
2015-11-10 00:00:00+00:00,64.8632753522
2015-11-11 00:00:00+00:00,64.1397120532
2015-11-12 00:00:00+00:00,62.5186519699
2015-11-13 00:00:00+00:00,61.6976859191
2015-11-16 00:00:00+00:00,64.3693042538
2015-11-17 00:00:00+00:00,64.0736770501
2015-11-18 00:00:00+00:00,64.9042487178
2015-11-19 00:00:00+00:00,63.9329021911
2015-11-20 00:00:00+00:00,62.6518509747
2015-11-23 00:00:00+00:00,63.3557252694
2015-11-24 00:00:00+00:00,64.2989168244
2015-11-25 00:00:00+00:00,63.9610571629
2015-11-27 00:00:00+00:00,63.6091200155
2015-11-30 00:00:00+00:00,64.2778005955
2015-12-01 00:00:00+00:00,65.0942947774
2015-12-02 00:00:00+00:00,63.5246551002
2015-12-03 00:00:00+00:00,62.5392310875
2015-12-04 00:00:00+00:00,63.144562981
2015-12-07 00:00:00+00:00,61.4341484448
2015-12-08 00:00:00+00:00,60.8428940372
2015-12-09 00:00:00+00:00,61.6593882191
2015-12-10 00:00:00+00:00,62.8559745202
2015-12-11 00:00:00+00:00,60.8428940372
2015-12-14 00:00:00+00:00,62.877090749
2015-12-15 00:00:00+00:00,65.29137958
2015-12-16 00:00:00+00:00,65.7700141004
2015-12-17 00:00:00+00:00,63.7287786456
2015-12-18 00:00:00+00:00,63.2149504105
2015-12-21 00:00:00+00:00,62.8137420625
2015-12-22 00:00:00+00:00,63.5387325861
2015-12-23 00:00:00+00:00,66.0304475894
2015-12-24 00:00:00+00:00,64.7916288307
2015-12-28 00:00:00+00:00,63.6020812726
2015-12-29 00:00:00+00:00,64.2285293949
2015-12-30 00:00:00+00:00,63.412035213
2015-12-31 00:00:00+00:00,63.3205315547
2016-01-04 00:00:00+00:00,62.5392310875
2016-01-05 00:00:00+00:00,63.0741755515
2016-01-06 00:00:00+00:00,60.5824605482
2016-01-07 00:00:00+00:00,58.4356439492
2016-01-08 00:00:00+00:00,57.8091958269
2016-01-11 00:00:00+00:00,56.851926786
2016-01-12 00:00:00+00:00,57.8232733128
2016-01-13 00:00:00+00:00,57.2460963911
2016-01-14 00:00:00+00:00,60.1601359713
2016-01-15 00:00:00+00:00,58.8931622408
2016-01-19 00:00:00+00:00,57.3727937641
2016-01-20 00:00:00+00:00,55.5919917985
2016-01-21 00:00:00+00:00,57.0490115886
2016-01-22 00:00:00+00:00,58.8016585825
2016-01-25 00:00:00+00:00,56.9363917014
2016-01-26 00:00:00+00:00,59.2099056734
2016-01-27 00:00:00+00:00,58.6256900088
2016-01-28 00:00:00+00:00,60.4768794039
2016-01-29 00:00:00+00:00,60.864010266
2016-02-01 00:00:00+00:00,60.0334385983
2016-02-02 00:00:00+00:00,57.1827477046
2016-02-03 00:00:00+00:00,59.5618428208
2016-02-04 00:00:00+00:00,59.6815014509
2016-02-05 00:00:00+00:00,58.3371015479
2016-02-08 00:00:00+00:00,60.5261506046
2016-02-09 00:00:00+00:00,58.3652565197
2016-02-10 00:00:00+00:00,58.4497214351
2016-02-11 00:00:00+00:00,58.4145277204
2016-02-12 00:00:00+00:00,60.1319809995
2016-02-16 00:00:00+00:00,60.4487244322
2016-02-17 00:00:00+00:00,62.943365813
2016-02-18 00:00:00+00:00,61.8172134182
2016-02-19 00:00:00+00:00,61.6532798418
2016-02-22 00:00:00+00:00,63.3068707
2016-02-23 00:00:00+00:00,60.5199999002
2016-02-24 00:00:00+00:00,60.7765915851
2016-02-25 00:00:00+00:00,60.7979742255
2016-02-26 00:00:00+00:00,60.1208572792
2016-02-29 00:00:00+00:00,59.4722505202
2016-03-01 00:00:00+00:00,61.3895606101
2016-03-02 00:00:00+00:00,62.1094428371
2016-03-03 00:00:00+00:00,62.3874171624
2016-03-04 00:00:00+00:00,62.6725190345
2016-03-07 00:00:00+00:00,64.6254668584
2016-03-08 00:00:00+00:00,63.2498503255
2016-03-09 00:00:00+00:00,66.157889421
2016-03-10 00:00:00+00:00,66.9561746629
2016-03-11 00:00:00+00:00,67.4123376582
2016-03-14 00:00:00+00:00,67.1842561605
2016-03-15 00:00:00+00:00,67.1913837073
2016-03-16 00:00:00+00:00,67.996796496
2016-03-17 00:00:00+00:00,69.0588009696
2016-03-18 00:00:00+00:00,69.6290047138
2016-03-21 00:00:00+00:00,68.7380613635
2016-03-22 00:00:00+00:00,68.068071964
2016-03-23 00:00:00+00:00,66.7067105248
2016-03-24 00:00:00+00:00,67.6047814219
2016-03-28 00:00:00+00:00,67.4836131262
2016-03-29 00:00:00+00:00,67.9397761216
2016-03-30 00:00:00+00:00,67.889883294
2016-03-31 00:00:00+00:00,67.996796496
2016-04-01 00:00:00+00:00,67.1842561605
2016-04-04 00:00:00+00:00,66.5926697759
2016-04-05 00:00:00+00:00,66.0509762189
2016-04-06 00:00:00+00:00,67.5976538751
2016-04-07 00:00:00+00:00,67.5620161411
2016-04-08 00:00:00+00:00,68.6596583487
2016-04-11 00:00:00+00:00,67.8827557472
2016-04-12 00:00:00+00:00,69.5007088713
2016-04-13 00:00:00+00:00,69.5648567926
2016-04-14 00:00:00+00:00,69.8357035711
2016-04-15 00:00:00+00:00,69.3011375609
2016-04-18 00:00:00+00:00,70.3488869408
2016-04-19 00:00:00+00:00,71.6318453653
2016-04-20 00:00:00+00:00,72.4800234348
2016-04-21 00:00:00+00:00,72.2733245775
2016-04-22 00:00:00+00:00,72.7081049325
2016-04-25 00:00:00+00:00,72.3517275924
2016-04-26 00:00:00+00:00,72.907676243
2016-04-27 00:00:00+00:00,74.0195735441
2016-04-28 00:00:00+00:00,72.9860792578
2016-04-29 00:00:00+00:00,72.8292732281
2016-05-02 00:00:00+00:00,73.6346860168
2016-05-03 00:00:00+00:00,72.2163042031
2016-05-04 00:00:00+00:00,71.6959932865
2016-05-05 00:00:00+00:00,72.2875796711
2016-05-06 00:00:00+00:00,72.6011917304
2016-05-09 00:00:00+00:00,71.5249321633
2016-05-10 00:00:00+00:00,72.1806664691
2016-05-11 00:00:00+00:00,72.0880083607
2016-05-12 00:00:00+00:00,72.7865079473
2016-05-13 00:00:00+00:00,71.8029064886
2016-05-16 00:00:00+00:00,72.907676243
2016-05-17 00:00:00+00:00,72.5726815432
2016-05-18 00:00:00+00:00,72.0756577193
2016-05-19 00:00:00+00:00,71.9243895989
2016-05-20 00:00:00+00:00,71.881170136
2016-05-23 00:00:00+00:00,71.5858371391
2016-05-24 00:00:00+00:00,72.169299889
2016-05-25 00:00:00+00:00,73.3074124134
2016-05-26 00:00:00+00:00,73.1129248302
2016-05-27 00:00:00+00:00,73.4874935091
2016-05-31 00:00:00+00:00,72.7527626389
2016-06-01 00:00:00+00:00,72.8464048086
2016-06-02 00:00:00+00:00,72.4142101791
2016-06-03 00:00:00+00:00,72.5078523488
2016-06-06 00:00:00+00:00,72.8752177839
2016-06-07 00:00:00+00:00,74.4239152064
2016-06-08 00:00:00+00:00,74.2582405984
2016-06-09 00:00:00+00:00,74.0565497713
2016-06-10 00:00:00+00:00,73.4586805338
2016-06-13 00:00:00+00:00,73.5451194597
2016-06-14 00:00:00+00:00,72.954453466
2016-06-15 00:00:00+00:00,72.4862426173
2016-06-16 00:00:00+00:00,72.8031853457
2016-06-17 00:00:00+00:00,73.1633475369
2016-06-20 00:00:00+00:00,73.9124848948
2016-06-21 00:00:00+00:00,74.3662892558
2016-06-22 00:00:00+00:00,73.6819810924
2016-06-23 00:00:00+00:00,75.2306785149
2016-06-24 00:00:00+00:00,73.4010545832
2016-06-27 00:00:00+00:00,72.291755034
2016-06-28 00:00:00+00:00,73.2065669999
2016-06-29 00:00:00+00:00,74.4959476447
2016-06-30 00:00:00+00:00,75.5116050241
2016-07-01 00:00:00+00:00,75.0217844439
2016-07-05 00:00:00+00:00,74.6039963021
2016-07-06 00:00:00+00:00,75.3315239285
2016-07-07 00:00:00+00:00,74.2294276231
2016-07-08 00:00:00+00:00,75.4683855611
2016-07-11 00:00:00+00:00,75.9149866783
2016-07-12 00:00:00+00:00,76.9162375701
2016-07-13 00:00:00+00:00,76.8225954004
2016-07-14 00:00:00+00:00,76.8586116195
2016-07-15 00:00:00+00:00,77.0963186657
2016-07-18 00:00:00+00:00,76.4192137461
2016-07-19 00:00:00+00:00,76.383197527
2016-07-20 00:00:00+00:00,76.0590515548
2016-07-21 00:00:00+00:00,75.9149866783
2016-07-22 00:00:00+00:00,76.1094742616
2016-07-25 00:00:00+00:00,74.2438341108
2016-07-26 00:00:00+00:00,73.9629076016
2016-07-27 00:00:00+00:00,73.6603713609
2016-07-28 00:00:00+00:00,73.3218189011
2016-07-29 00:00:00+00:00,73.8188427251
2016-08-01 00:00:00+00:00,71.3913495558
2016-08-02 00:00:00+00:00,71.7371052595
2016-08-03 00:00:00+00:00,72.4718361297
2016-08-04 00:00:00+00:00,72.3133647655
2016-08-05 00:00:00+00:00,72.3998036914
2016-08-08 00:00:00+00:00,72.8968275154
2016-08-09 00:00:00+00:00,72.9832664413
2016-08-10 00:00:00+00:00,72.1332836699
2016-08-11 00:00:00+00:00,73.0408923919
2016-08-12 00:00:00+00:00,73.5883389226
2016-08-15 00:00:00+00:00,74.027736796
2016-08-16 00:00:00+00:00,73.9196881386
2016-08-17 00:00:00+00:00,74.4023054749
2016-08-18 00:00:00+00:00,75.3703652116
2016-08-19 00:00:00+00:00,74.4750919213
2016-08-22 00:00:00+00:00,74.1985034251
2016-08-23 00:00:00+00:00,74.0092586646
2016-08-24 00:00:00+00:00,74.3877481857
2016-08-25 00:00:00+00:00,74.1621102019
2016-08-26 00:00:00+00:00,73.7472274577
2016-08-29 00:00:00+00:00,74.2785685161
2016-08-30 00:00:00+00:00,74.0238159538
2016-08-31 00:00:00+00:00,73.2086077545
2016-09-01 00:00:00+00:00,72.939297903
2016-09-02 00:00:00+00:00,73.4633603168
2016-09-06 00:00:00+00:00,74.5551570123
2016-09-07 00:00:00+00:00,74.882696021
2016-09-08 00:00:00+00:00,75.7852479559
2016-09-09 00:00:00+00:00,73.7108342345
2016-09-12 00:00:00+00:00,74.4241414089
2016-09-13 00:00:00+00:00,72.3715636213
2016-09-14 00:00:00+00:00,71.6364205131
2016-09-15 00:00:00+00:00,72.4225141338
2016-09-16 00:00:00+00:00,71.2142591241
2016-09-19 00:00:00+00:00,71.3598320169
2016-09-20 00:00:00+00:00,71.1123580992
2016-09-21 00:00:00+00:00,72.5171365141
2016-09-22 00:00:00+00:00,72.7718890764
2016-09-23 00:00:00+00:00,72.218712084
2016-09-26 00:00:00+00:00,71.89845172
2016-09-27 00:00:00+00:00,72.0440246127
2016-09-28 00:00:00+00:00,74.3513549625
2016-09-29 00:00:00+00:00,73.7108342345
2016-09-30 00:00:00+00:00,74.9118105995
2016-10-03 00:00:00+00:00,74.5697143016
2016-10-04 00:00:00+00:00,73.7108342345
2016-10-05 00:00:00+00:00,74.4095841196
2016-10-06 00:00:00+00:00,74.3731908964
2016-10-07 00:00:00+00:00,74.4386986981
2016-10-10 00:00:00+00:00,75.683346931
2016-10-11 00:00:00+00:00,74.9991543351
2016-10-12 00:00:00+00:00,74.3513549625
2016-10-13 00:00:00+00:00,73.3614592919
2016-10-14 00:00:00+00:00,73.5725399864
2016-10-17 00:00:00+00:00,73.7763420362
2016-10-18 00:00:00+00:00,74.0893237556
2016-10-19 00:00:00+00:00,74.4386986981
2016-10-20 00:00:00+00:00,74.1475529127
2016-10-21 00:00:00+00:00,73.7326701684
2016-10-24 00:00:00+00:00,73.2668369116
2016-10-25 00:00:00+00:00,73.3469020026
2016-10-26 00:00:00+00:00,73.6526050774
2016-10-27 00:00:00+00:00,72.7282172085
2016-10-28 00:00:00+00:00,75.5668886168
2016-10-31 00:00:00+00:00,76.243802568
2016-11-01 00:00:00+00:00,77.5030080901
2016-11-02 00:00:00+00:00,76.7096358247
2016-11-03 00:00:00+00:00,76.7096358247
2016-11-04 00:00:00+00:00,76.2656385019
2016-11-07 00:00:00+00:00,77.7723179417
2016-11-08 00:00:00+00:00,78.0925783057
2016-11-09 00:00:00+00:00,78.347330868
2016-11-10 00:00:00+00:00,78.4565105375
2016-11-11 00:00:00+00:00,77.6194664043
2016-11-14 00:00:00+00:00,77.5830731811
2016-11-15 00:00:00+00:00,79.30811196
2016-11-16 00:00:00+00:00,79.6502082579
2016-11-17 00:00:00+00:00,79.4811307508
2016-11-18 00:00:00+00:00,80.2750599148
2016-11-21 00:00:00+00:00,80.9954771191
2016-11-22 00:00:00+00:00,81.3189297415
2016-11-23 00:00:00+00:00,81.5982751881
2016-11-25 00:00:00+00:00,81.5982751881
2016-11-28 00:00:00+00:00,81.2307153899
2016-11-29 00:00:00+00:00,80.3779766582
2016-11-30 00:00:00+00:00,82.009942162
2016-12-01 00:00:00+00:00,83.2816990636
2016-12-02 00:00:00+00:00,83.0685143807
2016-12-05 00:00:00+00:00,83.2522942797
2016-12-06 00:00:00+00:00,82.8920856775
2016-12-07 00:00:00+00:00,84.1270865993
2016-12-08 00:00:00+00:00,84.6637239046
2016-12-09 00:00:00+00:00,85.1342004462
2016-12-12 00:00:00+00:00,86.1192607052
2016-12-13 00:00:00+00:00,86.3177429962
2016-12-14 00:00:00+00:00,85.2444683857
2016-12-15 00:00:00+00:00,86.0457487456
2016-12-16 00:00:00+00:00,86.8029219298
2016-12-19 00:00:00+00:00,86.4868205034
2016-12-20 00:00:00+00:00,86.7073563823
2016-12-21 00:00:00+00:00,86.6779515984
2016-12-22 00:00:00+00:00,87.3101544512
2016-12-23 00:00:00+00:00,87.0528625925
2016-12-27 00:00:00+00:00,86.9058386733
2016-12-28 00:00:00+00:00,86.6779515984
2016-12-29 00:00:00+00:00,86.6117908348
2016-12-30 00:00:00+00:00,86.5235764832
2017-01-03 00:00:00+00:00,86.6338444227
2017-01-04 00:00:00+00:00,86.6117908348
2017-01-05 00:00:00+00:00,86.2368798407
2017-01-06 00:00:00+00:00,85.8913736304
2017-01-09 00:00:00+00:00,85.1562540341
2017-01-10 00:00:00+00:00,84.5093487894
2017-01-11 00:00:00+00:00,85.2224147978
2017-01-12 00:00:00+00:00,85.3914923049
2017-01-13 00:00:00+00:00,85.5532186161
2017-01-17 00:00:00+00:00,85.4797066565
2017-01-18 00:00:00+00:00,85.2297659937
2017-01-19 00:00:00+00:00,84.9651229391
2017-01-20 00:00:00+00:00,84.979825331
2017-01-23 00:00:00+00:00,84.8254502158
2017-01-24 00:00:00+00:00,85.5458674201
2017-01-25 00:00:00+00:00,86.1854214689
2017-01-26 00:00:00+00:00,85.6781889475
2017-01-27 00:00:00+00:00,83.6492588617
2017-01-30 00:00:00+00:00,82.201073257
2017-01-31 00:00:00+00:00,81.8555670468
2017-02-01 00:00:00+00:00,81.5982751881
2017-02-02 00:00:00+00:00,82.4877698996
2017-02-03 00:00:00+00:00,83.4875325505
2017-02-06 00:00:00+00:00,83.0538119887
2017-02-07 00:00:00+00:00,81.8849718306
2017-02-08 00:00:00+00:00,82.0246445539
2017-02-09 00:00:00+00:00,82.5245258794
2017-02-10 00:00:00+00:00,83.1052703605
2017-02-13 00:00:00+00:00,83.7374732133
2017-02-14 00:00:00+00:00,83.5095861384
2017-02-15 00:00:00+00:00,83.5466949129
2017-02-16 00:00:00+00:00,82.1439832368
2017-02-17 00:00:00+00:00,81.8842218153
2017-02-21 00:00:00+00:00,82.9158457464
2017-02-22 00:00:00+00:00,81.9213305898
2017-02-23 00:00:00+00:00,82.3963229034
2017-02-24 00:00:00+00:00,81.7283649623
2017-02-27 00:00:00+00:00,82.9381110111
2017-02-28 00:00:00+00:00,83.4947426286
2017-03-01 00:00:00+00:00,84.5189448049
2017-03-02 00:00:00+00:00,84.1330135501
2017-03-03 00:00:00+00:00,84.2740268932
2017-03-06 00:00:00+00:00,83.9920002069
2017-03-07 00:00:00+00:00,82.9826415405
2017-03-08 00:00:00+00:00,81.3498554624
2017-03-09 00:00:00+00:00,81.6689909231
2017-03-10 00:00:00+00:00,82.0920309525
2017-03-13 00:00:00+00:00,81.156889835
2017-03-14 00:00:00+00:00,79.6799606099
2017-03-15 00:00:00+00:00,80.8080673547
2017-03-16 00:00:00+00:00,80.0510483549
2017-03-17 00:00:00+00:00,79.9174567667
2017-03-20 00:00:00+00:00,79.9026132569
2017-03-21 00:00:00+00:00,80.1846399431
2017-03-22 00:00:00+00:00,80.4444013646
2017-03-23 00:00:00+00:00,80.0584701098
2017-03-24 00:00:00+00:00,80.1475311686
2017-03-27 00:00:00+00:00,78.8784110806
2017-03-28 00:00:00+00:00,79.5389472668
2017-03-29 00:00:00+00:00,80.2069052078
2017-03-30 00:00:00+00:00,79.9916743157
2017-03-31 00:00:00+00:00,79.6873823648
2017-04-03 00:00:00+00:00,80.0065178255
2017-04-04 00:00:00+00:00,80.6447887469
2017-04-05 00:00:00+00:00,80.6299452371
2017-04-06 00:00:00+00:00,81.1123593056
2017-04-07 00:00:00+00:00,80.7932238449
2017-04-10 00:00:00+00:00,81.2162638742
2017-04-11 00:00:00+00:00,80.8748631488
2017-04-12 00:00:00+00:00,80.8748631488
2017-04-13 00:00:00+00:00,78.7448194924
2017-04-17 00:00:00+00:00,78.7967717767
2017-04-18 00:00:00+00:00,78.4331057866
2017-04-19 00:00:00+00:00,77.3569513261
2017-04-20 00:00:00+00:00,77.8393653946
2017-04-21 00:00:00+00:00,77.8467871495
2017-04-24 00:00:00+00:00,78.6186496591
2017-04-25 00:00:00+00:00,79.2123900511
2017-04-26 00:00:00+00:00,78.7299759826
2017-04-27 00:00:00+00:00,78.2772489337
2017-04-28 00:00:00+00:00,79.1901247864
2017-05-01 00:00:00+00:00,78.6112279042
2017-05-02 00:00:00+00:00,78.1956096298
2017-05-03 00:00:00+00:00,79.2049682962
2017-05-04 00:00:00+00:00,77.7874131103
2017-05-05 00:00:00+00:00,78.5147450905
2017-05-08 00:00:00+00:00,79.1752812766
2017-05-09 00:00:00+00:00,77.9878004926
2017-05-10 00:00:00+00:00,79.0416896884
2017-05-11 00:00:00+00:00,78.8264587963
2017-05-12 00:00:00+00:00,78.6409149238
2017-05-15 00:00:00+00:00,79.3014511099
2017-05-16 00:00:00+00:00,79.598321306
2017-05-17 00:00:00+00:00,78.5073233356
2017-05-18 00:00:00+00:00,78.8597439848
2017-05-19 00:00:00+00:00,79.8720160622
2017-05-22 00:00:00+00:00,79.5720835948
2017-05-23 00:00:00+00:00,79.6845582701
2017-05-24 00:00:00+00:00,79.6470667116
2017-05-25 00:00:00+00:00,78.8147541147
2017-05-26 00:00:00+00:00,78.522319959
2017-05-30 00:00:00+00:00,78.0274313878
2017-05-31 00:00:00+00:00,77.5925293101
2017-06-01 00:00:00+00:00,78.1848959332
2017-06-02 00:00:00+00:00,77.3150917778
2017-06-05 00:00:00+00:00,77.3750782713
2017-06-06 00:00:00+00:00,78.1099128163
2017-06-07 00:00:00+00:00,77.809980349
2017-06-08 00:00:00+00:00,77.9824415177
2017-06-09 00:00:00+00:00,79.782036322
2017-06-12 00:00:00+00:00,81.0117594382
2017-06-13 00:00:00+00:00,81.0792442434
2017-06-14 00:00:00+00:00,79.9320025556
2017-06-15 00:00:00+00:00,79.7295481402
2017-06-16 00:00:00+00:00,81.2442071004
2017-06-19 00:00:00+00:00,80.5768573605
2017-06-20 00:00:00+00:00,79.8420228154
2017-06-21 00:00:00+00:00,78.3498587902
2017-06-22 00:00:00+00:00,78.3198655435
2017-06-23 00:00:00+00:00,78.7322726861
2017-06-26 00:00:00+00:00,78.0874178813
2017-06-27 00:00:00+00:00,78.0349296995
2017-06-28 00:00:00+00:00,78.1923942449
2017-06-29 00:00:00+00:00,78.0724212579
2017-06-30 00:00:00+00:00,78.2298858033
2017-07-03 00:00:00+00:00,79.7070532051
2017-07-05 00:00:00+00:00,78.4473368421
2017-07-06 00:00:00+00:00,77.8474719074
2017-07-07 00:00:00+00:00,77.6000276218
2017-07-10 00:00:00+00:00,77.262603596
2017-07-11 00:00:00+00:00,77.3225900895
2017-07-12 00:00:00+00:00,77.8999600892
2017-07-13 00:00:00+00:00,78.0799195696
2017-07-14 00:00:00+00:00,78.3123672318
2017-07-17 00:00:00+00:00,78.1399060631
2017-07-18 00:00:00+00:00,77.7724887905
2017-07-19 00:00:00+00:00,78.3273638552
2017-07-20 00:00:00+00:00,78.4548351538
2017-07-21 00:00:00+00:00,77.4200681414
2017-07-24 00:00:00+00:00,77.3825765829
2017-07-25 00:00:00+00:00,78.2748756734
2017-07-26 00:00:00+00:00,78.8222524264
2017-07-27 00:00:00+00:00,79.5645852831
2017-07-28 00:00:00+00:00,81.0717459317
2017-07-31 00:00:00+00:00,81.8740652819
2017-08-01 00:00:00+00:00,83.0662968397
2017-08-02 00:00:00+00:00,82.8263508658
2017-08-03 00:00:00+00:00,82.0540247623
2017-08-04 00:00:00+00:00,82.5639099569
2017-08-07 00:00:00+00:00,82.3164656713
2017-08-08 00:00:00+00:00,82.7438694373
2017-08-09 00:00:00+00:00,83.1487782682
2017-08-10 00:00:00+00:00,82.5639099569
2017-08-11 00:00:00+00:00,81.9040585286
2017-08-14 00:00:00+00:00,81.514146321
2017-08-15 00:00:00+00:00,81.4091699575
2017-08-16 00:00:00+00:00,80.921779698
2017-08-17 00:00:00+00:00,80.2249616774
2017-08-18 00:00:00+00:00,80.6491117769
2017-08-21 00:00:00+00:00,80.1189241525
2017-08-22 00:00:00+00:00,80.5582224698
2017-08-23 00:00:00+00:00,80.7475751928
2017-08-24 00:00:00+00:00,81.3762262332
2017-08-25 00:00:00+00:00,81.9745808378
2017-08-28 00:00:00+00:00,81.6185977186
2017-08-29 00:00:00+00:00,81.6943388078
2017-08-30 00:00:00+00:00,81.5958753918
2017-08-31 00:00:00+00:00,81.5125601937
2017-09-01 00:00:00+00:00,82.3760086106
2017-09-05 00:00:00+00:00,82.8910480171
2017-09-06 00:00:00+00:00,84.6709636132
2017-09-07 00:00:00+00:00,84.6785377221
2017-09-08 00:00:00+00:00,83.9059786123
2017-09-11 00:00:00+00:00,85.2238735644
2017-09-12 00:00:00+00:00,85.2011512376
2017-09-13 00:00:00+00:00,86.481175645
2017-09-14 00:00:00+00:00,86.6856765859
2017-09-15 00:00:00+00:00,86.8220105464
2017-09-18 00:00:00+00:00,87.2461606459
2017-09-19 00:00:00+00:00,88.1171831717
2017-09-20 00:00:00+00:00,88.1399054984
2017-09-21 00:00:00+00:00,88.2156465876
2017-09-22 00:00:00+00:00,88.8367235191
2017-09-25 00:00:00+00:00,89.3669111434
2017-09-26 00:00:00+00:00,89.0109280242
2017-09-27 00:00:00+00:00,88.9579092618
2017-09-28 00:00:00+00:00,89.0866691134
2017-09-29 00:00:00+00:00,88.9957798064
2017-10-02 00:00:00+00:00,88.9427610439
2017-10-03 00:00:00+00:00,89.2381512918
2017-10-04 00:00:00+00:00,89.0563726777
2017-10-05 00:00:00+00:00,89.8137835697
2017-10-06 00:00:00+00:00,88.6397966871
2017-10-09 00:00:00+00:00,89.1548360937
2017-10-10 00:00:00+00:00,89.9804139659
2017-10-11 00:00:00+00:00,90.3818417387
2017-10-12 00:00:00+00:00,90.2379336692
2017-10-13 00:00:00+00:00,90.253081887
2017-10-16 00:00:00+00:00,90.9877704523
2017-10-17 00:00:00+00:00,91.0559374325
2017-10-18 00:00:00+00:00,89.4880968862
2017-10-19 00:00:00+00:00,89.5259674308
2017-10-20 00:00:00+00:00,89.8592282232
2017-10-23 00:00:00+00:00,90.0788773819
2017-10-24 00:00:00+00:00,90.3061006495
2017-10-25 00:00:00+00:00,89.7607648073
2017-10-26 00:00:00+00:00,89.7077460448
2017-10-27 00:00:00+00:00,85.9964326742
2017-10-30 00:00:00+00:00,86.6402319323
2017-10-31 00:00:00+00:00,87.7763482703
2017-11-01 00:00:00+00:00,87.7839223792
2017-11-02 00:00:00+00:00,87.3521981708
2017-11-03 00:00:00+00:00,87.0946784675
2017-11-06 00:00:00+00:00,88.6473707961
2017-11-07 00:00:00+00:00,88.7988529745
2017-11-08 00:00:00+00:00,88.367128766
2017-11-09 00:00:00+00:00,88.7988529745
2017-11-10 00:00:00+00:00,88.7534083209
2017-11-13 00:00:00+00:00,88.7912788655
2017-11-14 00:00:00+00:00,88.556481489
2017-11-15 00:00:00+00:00,88.2004983698
2017-11-16 00:00:00+00:00,87.5945696562
2017-11-17 00:00:00+00:00,87.7016067493
2017-11-20 00:00:00+00:00,87.7092522559
2017-11-21 00:00:00+00:00,88.0533000551
2017-11-22 00:00:00+00:00,88.6190675469
2017-11-24 00:00:00+00:00,89.0777979458
2017-11-27 00:00:00+00:00,88.3744113342
2017-11-28 00:00:00+00:00,89.0319249059
2017-11-29 00:00:00+00:00,89.5900468911
2017-11-30 00:00:00+00:00,90.9738835943
2017-12-01 00:00:00+00:00,91.3714499399
2017-12-04 00:00:00+00:00,92.388302324
2017-12-05 00:00:00+00:00,92.0442545249
2017-12-06 00:00:00+00:00,91.4479050064
2017-12-07 00:00:00+00:00,91.4631960197
2017-12-08 00:00:00+00:00,91.6849157124
2017-12-11 00:00:00+00:00,92.0671910448
2017-12-12 00:00:00+00:00,91.5014235529
2017-12-13 00:00:00+00:00,91.6925612191
2017-12-14 00:00:00+00:00,91.3867409532
2017-12-15 00:00:00+00:00,91.5396510862
2017-12-18 00:00:00+00:00,91.5167145662
2017-12-19 00:00:00+00:00,91.6237516593
2017-12-20 00:00:00+00:00,92.4265298572
2017-12-21 00:00:00+00:00,95.4312139695
2017-12-22 00:00:00+00:00,95.5535420759
2017-12-26 00:00:00+00:00,96.3180927406
2017-12-27 00:00:00+00:00,95.9893359548
2017-12-28 00:00:00+00:00,96.0122724747
2017-12-29 00:00:00+00:00,95.7140977155
2018-01-02 00:00:00+00:00,97.5413738042
2018-01-03 00:00:00+00:00,98.2524059223
2018-01-04 00:00:00+00:00,97.9465856565
2018-01-05 00:00:00+00:00,97.7860300169
2018-01-08 00:00:00+00:00,98.2676969356
2018-01-09 00:00:00+00:00,97.740156977
2018-01-10 00:00:00+00:00,98.367088522
2018-01-11 00:00:00+00:00,101.3564816211
2018-01-12 00:00:00+00:00,102.1439688057
2018-01-16 00:00:00+00:00,100.9283332488
2018-01-17 00:00:00+00:00,101.1959259815
2018-01-18 00:00:00+00:00,100.6072219697
2018-01-19 00:00:00+00:00,100.3855022769
2018-01-22 00:00:00+00:00,101.3488361144
2018-01-23 00:00:00+00:00,100.1714280908
2018-01-24 00:00:00+00:00,100.4543118367
2018-01-25 00:00:00+00:00,99.8885443448
2018-01-26 00:00:00+00:00,100.3014017038
2018-01-29 00:00:00+00:00,98.2294694024
2018-01-30 00:00:00+00:00,95.7446797421
2018-01-31 00:00:00+00:00,95.8364258218
2018-02-01 00:00:00+00:00,96.0046269681
2018-02-02 00:00:00+00:00,90.6604178217
2018-02-05 00:00:00+00:00,86.10369586
2018-02-06 00:00:00+00:00,89.5900468911
2018-02-07 00:00:00+00:00,88.1450461348
2018-02-08 00:00:00+00:00,85.8590396473
2018-02-09 00:00:00+00:00,86.776500445
2018-02-12 00:00:00+00:00,87.143484764
2018-02-13 00:00:00+00:00,86.6159448054
2018-02-14 00:00:00+00:00,86.8758920314
2018-02-15 00:00:00+00:00,86.8911830447
2018-02-16 00:00:00+00:00,86.5900405815
2018-02-20 00:00:00+00:00,85.6943347934
2018-02-21 00:00:00+00:00,84.2117872821
2018-02-22 00:00:00+00:00,84.8526802167
2018-02-23 00:00:00+00:00,86.9375126544
2018-02-26 00:00:00+00:00,88.4895545803
2018-02-27 00:00:00+00:00,87.7251160198
2018-02-28 00:00:00+00:00,86.4201653458
2018-03-01 00:00:00+00:00,86.5128245652
2018-03-02 00:00:00+00:00,86.2039605004
2018-03-05 00:00:00+00:00,87.3699223452
2018-03-06 00:00:00+00:00,87.7560024263
2018-03-07 00:00:00+00:00,87.9027128571
2018-03-08 00:00:00+00:00,87.5243543776
2018-03-09 00:00:00+00:00,90.5126142051
2018-03-12 00:00:00+00:00,90.1805853354
2018-03-13 00:00:00+00:00,89.9257724819
2018-03-14 00:00:00+00:00,88.8987994662
2018-03-15 00:00:00+00:00,89.2462715392
2018-03-16 00:00:00+00:00,89.10728271
2018-03-19 00:00:00+00:00,87.9413208652
2018-03-20 00:00:00+00:00,88.4123385641
2018-03-21 00:00:00+00:00,90.3736253759
2018-03-22 00:00:00+00:00,87.7946104344
2018-03-23 00:00:00+00:00,87.2386551177
2018-03-26 00:00:00+00:00,89.0686747019
2018-03-27 00:00:00+00:00,88.53588419
2018-03-28 00:00:00+00:00,86.559154175
2018-03-29 00:00:00+00:00,88.0571448895
2018-04-02 00:00:00+00:00,86.6672565977
2018-04-03 00:00:00+00:00,88.6671514176
2018-04-04 00:00:00+00:00,88.3968953609
2018-04-05 00:00:00+00:00,90.5666654164
2018-04-06 00:00:00+00:00,88.6131002062
2018-04-09 00:00:00+00:00,89.555135604
2018-04-10 00:00:00+00:00,91.7712352694
2018-04-11 00:00:00+00:00,92.0800993342
2018-04-12 00:00:00+00:00,92.064656131
2018-04-13 00:00:00+00:00,92.5974466428
2018-04-16 00:00:00+00:00,93.1997315693
2018-04-17 00:00:00+00:00,93.7865732925
2018-04-18 00:00:00+00:00,95.6088712752
2018-04-19 00:00:00+00:00,95.5239336573
2018-04-20 00:00:00+00:00,94.4429094303
2018-04-23 00:00:00+00:00,95.4235528362
2018-04-24 00:00:00+00:00,94.6205062676
2018-04-25 00:00:00+00:00,94.7594950968
2018-04-26 00:00:00+00:00,95.91773534
2018-04-27 00:00:00+00:00,97.7709197291
2018-04-30 00:00:00+00:00,96.6049578843
2018-05-01 00:00:00+00:00,96.4119178438
2018-05-02 00:00:00+00:00,96.8983787459
2018-05-03 00:00:00+00:00,97.2999020302
2018-05-04 00:00:00+00:00,96.9292651524
2018-05-07 00:00:00+00:00,96.4736906567
2018-05-08 00:00:00+00:00,97.732311721
2018-05-09 00:00:00+00:00,99.3924560696
2018-05-10 00:00:00+00:00,99.4696720858
2018-05-11 00:00:00+00:00,100.2572754512
2018-05-14 00:00:00+00:00,100.6819635404
2018-05-15 00:00:00+00:00,100.180059435
2018-05-16 00:00:00+00:00,100.0410706058
2018-05-17 00:00:00+00:00,100.8286739712
2018-05-18 00:00:00+00:00,99.5825293832
2018-05-21 00:00:00+00:00,100.7585783381
2018-05-22 00:00:00+00:00,99.8707003192
2018-05-23 00:00:00+00:00,100.2367552919
2018-05-24 00:00:00+00:00,98.6089789239
2018-05-25 00:00:00+00:00,95.1665044997
2018-05-29 00:00:00+00:00,94.5434322058
2018-05-30 00:00:00+00:00,97.4796603911
2018-05-31 00:00:00+00:00,96.8098576751
2018-06-01 00:00:00+00:00,96.4593795097
2018-06-04 00:00:00+00:00,95.2210233255
2018-06-05 00:00:00+00:00,95.5870782982
2018-06-06 00:00:00+00:00,96.093324537
2018-06-07 00:00:00+00:00,98.8815730525
2018-06-08 00:00:00+00:00,98.4765760614
2018-06-11 00:00:00+00:00,99.348877273
2018-06-12 00:00:00+00:00,98.9750338966
2018-06-13 00:00:00+00:00,98.9672454929
2018-06-14 00:00:00+00:00,98.5310948872
2018-06-15 00:00:00+00:00,96.6073591795
2018-06-18 00:00:00+00:00,98.1105210887
2018-06-19 00:00:00+00:00,97.7756197307
2018-06-20 00:00:00+00:00,97.5809096389
2018-06-21 00:00:00+00:00,95.4780406467
2018-06-22 00:00:00+00:00,97.4329299691
2018-06-25 00:00:00+00:00,95.4936174541
2018-06-26 00:00:00+00:00,96.7008200236
2018-06-27 00:00:00+00:00,98.1338862998
2018-06-28 00:00:00+00:00,97.8690805748
2018-06-29 00:00:00+00:00,98.4687876578
2018-07-02 00:00:00+00:00,96.7709156567
2018-07-03 00:00:00+00:00,97.1447590331
2018-07-05 00:00:00+00:00,96.5606287575
2018-07-06 00:00:00+00:00,96.6852432163
2018-07-09 00:00:00+00:00,98.1260978961
2018-07-10 00:00:00+00:00,99.372242484
2018-07-11 00:00:00+00:00,96.2023621885
2018-07-12 00:00:00+00:00,96.7787040604
2018-07-13 00:00:00+00:00,96.6073591795
2018-07-16 00:00:00+00:00,95.78178839
2018-07-17 00:00:00+00:00,94.9484291969
2018-07-18 00:00:00+00:00,94.6524698572
2018-07-19 00:00:00+00:00,94.7615075087
2018-07-20 00:00:00+00:00,95.2288117291
2018-07-23 00:00:00+00:00,94.4967017837
2018-07-24 00:00:00+00:00,96.4593795097
2018-07-25 00:00:00+00:00,97.2771618956
2018-07-26 00:00:00+00:00,96.5372635465
2018-07-27 00:00:00+00:00,98.1105210887
2018-07-30 00:00:00+00:00,99.5591641722
2018-07-31 00:00:00+00:00,98.344173199
2018-08-01 00:00:00+00:00,97.6587936756
2018-08-02 00:00:00+00:00,96.3892838767
2018-08-03 00:00:00+00:00,96.6151475832
2018-08-06 00:00:00+00:00,96.8098576751
2018-08-07 00:00:00+00:00,97.4952371985
2018-08-08 00:00:00+00:00,96.4827447208
2018-08-09 00:00:00+00:00,95.4313102247
2018-08-10 00:00:00+00:00,96.0621709223
2018-08-13 00:00:00+00:00,95.3612145916
2018-08-14 00:00:00+00:00,95.4702522431
2018-08-15 00:00:00+00:00,91.8564329381
2018-08-16 00:00:00+00:00,92.5106588467
2018-08-17 00:00:00+00:00,92.6207344224
2018-08-20 00:00:00+00:00,92.5814217168
2018-08-21 00:00:00+00:00,92.7308099981
2018-08-22 00:00:00+00:00,93.5013390281
2018-08-23 00:00:00+00:00,92.8566106561
2018-08-24 00:00:00+00:00,93.5721018982
2018-08-27 00:00:00+00:00,94.6256824087
2018-08-28 00:00:00+00:00,94.2404178937
2018-08-29 00:00:00+00:00,94.5234693741
2018-08-30 00:00:00+00:00,94.201105188
2018-08-31 00:00:00+00:00,93.1396621365
2018-09-04 00:00:00+00:00,93.4620263225
2018-09-05 00:00:00+00:00,93.5013390281
2018-09-06 00:00:00+00:00,90.600061354
2018-09-07 00:00:00+00:00,90.1047212632
2018-09-10 00:00:00+00:00,90.0103707698
2018-09-11 00:00:00+00:00,90.4349479904
2018-09-12 00:00:00+00:00,91.0403636568
2018-09-13 00:00:00+00:00,91.4413532541
2018-09-14 00:00:00+00:00,92.2905076953
2018-09-17 00:00:00+00:00,92.3927207299
2018-09-18 00:00:00+00:00,92.8801982795
2018-09-19 00:00:00+00:00,93.9652289544
2018-09-20 00:00:00+00:00,93.8944660843
2018-09-21 00:00:00+00:00,95.2389606162
2018-09-24 00:00:00+00:00,96.4104792435
2018-09-25 00:00:00+00:00,97.0001698276
2018-09-26 00:00:00+00:00,95.8836889882
2018-09-27 00:00:00+00:00,96.2925411266
2018-09-28 00:00:00+00:00,96.1431528453
2018-10-01 00:00:00+00:00,97.8021490221
2018-10-02 00:00:00+00:00,98.0773379614
2018-10-03 00:00:00+00:00,98.5255028054
2018-10-04 00:00:00+00:00,98.242451325
2018-10-05 00:00:00+00:00,98.5412278876
2018-10-08 00:00:00+00:00,98.1559633726
2018-10-09 00:00:00+00:00,99.7127465149
2018-10-10 00:00:00+00:00,96.3947541612
2018-10-11 00:00:00+00:00,93.1160745131
2018-10-12 00:00:00+00:00,92.5971467991
2018-10-15 00:00:00+00:00,91.9445558859
2018-10-16 00:00:00+00:00,92.3927207299
2018-10-17 00:00:00+00:00,92.2197448252
2018-10-18 00:00:00+00:00,92.3612705654
2018-10-19 00:00:00+00:00,92.8880608206
2018-10-22 00:00:00+00:00,92.1568444962
2018-10-23 00:00:00+00:00,89.1612163286
2018-10-24 00:00:00+00:00,86.6530657105
2018-10-25 00:00:00+00:00,87.7302338443
2018-10-26 00:00:00+00:00,87.6909211387
2018-10-29 00:00:00+00:00,85.6466604468
2018-10-30 00:00:00+00:00,87.1562683423
2018-10-31 00:00:00+00:00,87.7852716321
2018-11-01 00:00:00+00:00,87.4078696582
2018-11-02 00:00:00+00:00,90.2069342978
2018-11-05 00:00:00+00:00,93.5170641104
2018-11-06 00:00:00+00:00,93.4856139459
2018-11-07 00:00:00+00:00,95.034534547
2018-11-08 00:00:00+00:00,93.8472908375
2018-11-09 00:00:00+00:00,93.9652289544
2018-11-12 00:00:00+00:00,92.2983702364
2018-11-13 00:00:00+00:00,90.6944118474
2018-11-14 00:00:00+00:00,90.985325869
2018-11-15 00:00:00+00:00,92.8330230327
2018-11-16 00:00:00+00:00,94.5079069883
2018-11-19 00:00:00+00:00,94.7936691797
2018-11-20 00:00:00+00:00,92.1583067473
2018-11-21 00:00:00+00:00,93.3251690291
2018-11-23 00:00:00+00:00,90.1738470844
2018-11-26 00:00:00+00:00,91.2692688183
2018-11-27 00:00:00+00:00,91.4518391073
2018-11-28 00:00:00+00:00,93.7776258323
2018-11-29 00:00:00+00:00,94.3412123766
2018-11-30 00:00:00+00:00,94.4126529244
2018-12-03 00:00:00+00:00,95.7858990112
2018-12-04 00:00:00+00:00,93.0632203536
2018-12-06 00:00:00+00:00,92.007487813
2018-12-07 00:00:00+00:00,91.6740985896
2018-12-10 00:00:00+00:00,91.2375174637
2018-12-11 00:00:00+00:00,91.6582229123
2018-12-12 00:00:00+00:00,91.777290492
2018-12-13 00:00:00+00:00,92.0313013289
2018-12-14 00:00:00+00:00,90.3564173734
2018-12-17 00:00:00+00:00,89.2609956394
2018-12-18 00:00:00+00:00,87.1098413648
2018-12-19 00:00:00+00:00,85.5937141823
2018-12-20 00:00:00+00:00,83.3314301665
2018-12-21 00:00:00+00:00,82.7202165904
2018-12-24 00:00:00+00:00,80.1642325445
2018-12-26 00:00:00+00:00,85.2444492816
2018-12-27 00:00:00+00:00,86.7764521414
2018-12-28 00:00:00+00:00,86.2446169517
2018-12-31 00:00:00+00:00,86.3557466929
2019-01-02 00:00:00+00:00,87.8639360367
2019-01-03 00:00:00+00:00,86.1811142425
2019-01-04 00:00:00+00:00,87.9671279392
2019-01-07 00:00:00+00:00,89.110176705
2019-01-08 00:00:00+00:00,88.7212226111
2019-01-09 00:00:00+00:00,89.9118984089
2019-01-10 00:00:00+00:00,90.0547795046
2019-01-11 00:00:00+00:00,89.3324361873
2019-01-14 00:00:00+00:00,88.6815334178
2019-01-15 00:00:00+00:00,88.9990469639
2019-01-16 00:00:00+00:00,88.427522581
2019-01-17 00:00:00+00:00,88.8720415455
2019-01-18 00:00:00+00:00,90.7850606606
2019-01-22 00:00:00+00:00,89.1736794143
2019-01-23 00:00:00+00:00,88.4195847423
2019-01-24 00:00:00+00:00,90.1024065365
2019-01-25 00:00:00+00:00,89.8722092156
2019-01-28 00:00:00+00:00,89.0387361572
2019-01-29 00:00:00+00:00,88.768849643
2019-01-30 00:00:00+00:00,89.7055146039
2019-01-31 00:00:00+00:00,91.0073201428
2019-02-01 00:00:00+00:00,93.9601961213
2019-02-04 00:00:00+00:00,95.0476800166
2019-02-05 00:00:00+00:00,94.8412962116
2019-02-06 00:00:00+00:00,94.3650258925
2019-02-07 00:00:00+00:00,93.8490663802
2019-02-08 00:00:00+00:00,93.3331068678
2019-02-11 00:00:00+00:00,92.8330230327
2019-02-12 00:00:00+00:00,94.2380204741
2019-02-13 00:00:00+00:00,94.9127367595
2019-02-14 00:00:00+00:00,94.7381043092
2019-02-15 00:00:00+00:00,95.6922202886
2019-02-19 00:00:00+00:00,95.6601491632
2019-02-20 00:00:00+00:00,96.4378739532
2019-02-21 00:00:00+00:00,95.5238468805
2019-02-22 00:00:00+00:00,95.7242914139
2019-02-25 00:00:00+00:00,95.9087003848
2019-02-26 00:00:00+00:00,96.1652693876
2019-02-27 00:00:00+00:00,96.2775183264
2019-02-28 00:00:00+00:00,95.8766292594
2019-03-01 00:00:00+00:00,97.8409856876
2019-03-04 00:00:00+00:00,97.9131457197
2019-03-05 00:00:00+00:00,98.8512261364
2019-03-06 00:00:00+00:00,99.0436528886
2019-03-07 00:00:00+00:00,97.7688256556
2019-03-08 00:00:00+00:00,97.5122566527
2019-03-11 00:00:00+00:00,99.1158129206
2019-03-12 00:00:00+00:00,99.3403107981
2019-03-13 00:00:00+00:00,99.9576799613
2019-03-14 00:00:00+00:00,99.9015554919
2019-03-15 00:00:00+00:00,100.470817967
2019-03-18 00:00:00+00:00,100.9278315034
2019-03-19 00:00:00+00:00,100.446764623
2019-03-20 00:00:00+00:00,99.973715524
2019-03-21 00:00:00+00:00,100.9117959407
2019-03-22 00:00:00+00:00,98.6908705096
2019-03-25 00:00:00+00:00,98.5305148828
2019-03-26 00:00:00+00:00,99.5247197689
2019-03-27 00:00:00+00:00,98.4503370694
2019-03-28 00:00:00+00:00,98.6347460402
2019-03-29 00:00:00+00:00,98.7630305417
2019-04-01 00:00:00+00:00,100.1741600574
2019-04-02 00:00:00+00:00,100.1661422761
2019-04-03 00:00:00+00:00,99.3322930168
2019-04-04 00:00:00+00:00,100.0619111187
2019-04-05 00:00:00+00:00,101.3607916957
2019-04-08 00:00:00+00:00,101.5692540105
2019-04-09 00:00:00+00:00,100.6552269378
2019-04-10 00:00:00+00:00,100.6151380311
2019-04-11 00:00:00+00:00,101.0160270981
2019-04-12 00:00:00+00:00,96.0209493235
2019-04-15 00:00:00+00:00,96.3256250144
2019-04-16 00:00:00+00:00,97.1514564924
2019-04-17 00:00:00+00:00,96.4298561718
2019-04-18 00:00:00+00:00,96.1011271369
2019-04-22 00:00:00+00:00,97.7367545302
2019-04-23 00:00:00+00:00,97.8329679063
2019-04-24 00:00:00+00:00,94.8343176852
2019-04-25 00:00:00+00:00,94.5296419943
2019-04-26 00:00:00+00:00,93.8882194872
2019-04-29 00:00:00+00:00,94.3853219302
2019-04-30 00:00:00+00:00,96.2614827637
2019-05-01 00:00:00+00:00,94.4574819623
2019-05-02 00:00:00+00:00,93.3109392307
2019-05-03 00:00:00+00:00,94.0245217699
2019-05-06 00:00:00+00:00,94.9305310613
2019-05-07 00:00:00+00:00,94.8262999039
2019-05-08 00:00:00+00:00,94.2089307408
2019-05-09 00:00:00+00:00,97.1674920551
2019-05-10 00:00:00+00:00,97.8089145622
2019-05-13 00:00:00+00:00,96.5661584546
2019-05-14 00:00:00+00:00,97.5282922154
2019-05-15 00:00:00+00:00,97.9291812823
2019-05-16 00:00:00+00:00,97.8089145622
2019-05-17 00:00:00+00:00,97.5822051576
2019-05-20 00:00:00+00:00,97.8413016201
2019-05-21 00:00:00+00:00,98.2461398426
2019-05-22 00:00:00+00:00,97.6226889799
2019-05-23 00:00:00+00:00,95.4365625782
2019-05-24 00:00:00+00:00,96.1166907921
2019-05-28 00:00:00+00:00,95.7928202141
2019-05-29 00:00:00+00:00,94.5459184887
2019-05-30 00:00:00+00:00,93.4204682301
2019-05-31 00:00:00+00:00,92.1816632691
2019-06-03 00:00:00+00:00,93.9143708616
2019-06-04 00:00:00+00:00,94.9750470046
2019-06-05 00:00:00+00:00,95.2584337603
2019-06-06 00:00:00+00:00,97.7117533888
2019-06-07 00:00:00+00:00,98.3594945449
2019-06-10 00:00:00+00:00,99.0153324654
2019-06-11 00:00:00+00:00,98.1084948469
2019-06-12 00:00:00+00:00,97.3150119308
2019-06-13 00:00:00+00:00,97.8979789712
2019-06-14 00:00:00+00:00,97.8170113267
2019-06-17 00:00:00+00:00,98.2866236648
2019-06-18 00:00:00+00:00,99.5335253902
2019-06-19 00:00:00+00:00,99.5011383324
2019-06-20 00:00:00+00:00,100.626588591
2019-06-21 00:00:00+00:00,101.1528782803
2019-06-24 00:00:00+00:00,101.1366847514
2019-06-25 00:00:00+00:00,100.1083956662
2019-06-26 00:00:00+00:00,100.3432018353
2019-06-27 00:00:00+00:00,99.6792671503
2019-06-28 00:00:00+00:00,100.7561368222
2019-07-01 00:00:00+00:00,101.0800074003
2019-07-02 00:00:00+00:00,99.5335253902
2019-07-03 00:00:00+00:00,99.8735894971
2019-07-05 00:00:00+00:00,100.0274280217
2019-07-08 00:00:00+00:00,100.0760086084
2019-07-09 00:00:00+00:00,99.8735894971
2019-07-10 00:00:00+00:00,101.5658132673
2019-07-11 00:00:00+00:00,101.5577165028
2019-07-12 00:00:00+00:00,102.0030385476
2019-07-15 00:00:00+00:00,101.7925226719
2019-07-16 00:00:00+00:00,101.0152332847
2019-07-17 00:00:00+00:00,100.5132338887
2019-07-18 00:00:00+00:00,100.9504591691
2019-07-19 00:00:00+00:00,101.2419426893
2019-07-22 00:00:00+00:00,101.4605553294
2019-07-23 00:00:00+00:00,101.8734903164
2019-07-24 00:00:00+00:00,102.4564573568
2019-07-25 00:00:00+00:00,101.7196517918
2019-07-26 00:00:00+00:00,100.1731697818
2019-07-29 00:00:00+00:00,100.5861047688
2019-07-30 00:00:00+00:00,100.6751691777
2019-07-31 00:00:00+00:00,99.6792671503
2019-08-01 00:00:00+00:00,97.7603339755
2019-08-02 00:00:00+00:00,97.7522372111
2019-08-05 00:00:00+00:00,96.1409810854
2019-08-06 00:00:00+00:00,96.6591740103
2019-08-07 00:00:00+00:00,96.4324646057
2019-08-08 00:00:00+00:00,99.7764283237
2019-08-09 00:00:00+00:00,99.1205904032
2019-08-12 00:00:00+00:00,98.416171896
2019-08-13 00:00:00+00:00,99.0963001099
2019-08-14 00:00:00+00:00,95.3313046404
2019-08-15 00:00:00+00:00,94.6916602488
2019-08-16 00:00:00+00:00,94.7321440711
2019-08-19 00:00:00+00:00,95.9591384248
2019-08-20 00:00:00+00:00,94.9939028665
2019-08-21 00:00:00+00:00,96.4253962792
2019-08-22 00:00:00+00:00,96.3026968438
2019-08-23 00:00:00+00:00,94.2168064425
2019-08-26 00:00:00+00:00,94.6748843345
2019-08-27 00:00:00+00:00,94.7485039958
2019-08-28 00:00:00+00:00,95.5665002316
2019-08-29 00:00:00+00:00,96.1309176343
2019-08-30 00:00:00+00:00,96.2945168815
2019-09-03 00:00:00+00:00,95.1084223395
2019-09-04 00:00:00+00:00,95.9100586506
2019-09-05 00:00:00+00:00,96.2290771826
2019-09-06 00:00:00+00:00,96.7362348488
2019-09-09 00:00:00+00:00,97.6605705953
2019-09-10 00:00:00+00:00,99.6728413354
2019-09-11 00:00:00+00:00,99.206583481
2019-09-12 00:00:00+00:00,99.321102954
2019-09-13 00:00:00+00:00,99.3865426529
2019-09-16 00:00:00+00:00,101.5296927908
2019-09-17 00:00:00+00:00,101.3415536565
2019-09-18 00:00:00+00:00,101.5787725649
2019-09-19 00:00:00+00:00,101.1534145223
2019-09-20 00:00:00+00:00,101.6932920379
2019-09-23 00:00:00+00:00,102.1677298547
2019-09-24 00:00:00+00:00,101.2188542212
2019-09-25 00:00:00+00:00,101.0307150869
2019-09-26 00:00:00+00:00,98.2904276969
2019-09-27 00:00:00+00:00,97.014353569
2019-09-30 00:00:00+00:00,97.014353569
2019-10-01 00:00:00+00:00,94.8957433182
2019-10-02 00:00:00+00:00,91.8527973209
2019-10-03 00:00:00+00:00,92.5562740838
2019-10-04 00:00:00+00:00,93.1288714488
2019-10-07 00:00:00+00:00,92.6462536697
2019-10-08 00:00:00+00:00,91.3783595042
2019-10-09 00:00:00+00:00,92.5480941214
2019-10-10 00:00:00+00:00,93.7341886633
2019-10-11 00:00:00+00:00,95.0102627912
2019-10-14 00:00:00+00:00,95.0348026783
2019-10-15 00:00:00+00:00,95.141142189
2019-10-16 00:00:00+00:00,94.159546706
2019-10-17 00:00:00+00:00,94.3558658026
2019-10-18 00:00:00+00:00,93.8568880987
2019-10-21 00:00:00+00:00,95.3865410597
2019-10-22 00:00:00+00:00,96.3599565803
2019-10-23 00:00:00+00:00,96.5071959028
2019-10-24 00:00:00+00:00,96.1799974085
2019-10-25 00:00:00+00:00,97.0716133055
2019-10-28 00:00:00+00:00,96.9161940207
2019-10-29 00:00:00+00:00,96.6298953382
2019-10-30 00:00:00+00:00,95.1820420008
2019-10-31 00:00:00+00:00,95.0020828289
2019-11-01 00:00:00+00:00,95.0593425654
2019-11-04 00:00:00+00:00,99.4438023894
2019-11-05 00:00:00+00:00,99.7464609967
2019-11-06 00:00:00+00:00,98.0777486756
2019-11-07 00:00:00+00:00,99.7055611849
2019-11-08 00:00:00+00:00,98.9202847985
2019-11-11 00:00:00+00:00,98.8221252502
2019-11-12 00:00:00+00:00,98.9448246856
2019-11-13 00:00:00+00:00,100.0245797168
2019-11-14 00:00:00+00:00,99.7628209214
2019-11-15 00:00:00+00:00,99.6564814107
2019-11-18 00:00:00+00:00,97.930005564
2019-11-19 00:00:00+00:00,96.1952690673
2019-11-20 00:00:00+00:00,96.9304669159
2019-11-21 00:00:00+00:00,98.1117398637
2019-11-22 00:00:00+00:00,97.9960907639
2019-11-25 00:00:00+00:00,97.7895745143
2019-11-26 00:00:00+00:00,97.3021961652
2019-11-27 00:00:00+00:00,97.5334943648
2019-11-29 00:00:00+00:00,96.7569932662
2019-12-02 00:00:00+00:00,96.4843918168
2019-12-03 00:00:00+00:00,95.7326726682
2019-12-04 00:00:00+00:00,96.6000409165
2019-12-05 00:00:00+00:00,96.0961412675
2019-12-06 00:00:00+00:00,97.4839304649
2019-12-09 00:00:00+00:00,96.897424316
2019-12-10 00:00:00+00:00,97.384802665
2019-12-11 00:00:00+00:00,96.0135347676
2019-12-12 00:00:00+00:00,98.1447824636
2019-12-13 00:00:00+00:00,97.4426272149
2019-12-16 00:00:00+00:00,98.5991182127
2019-12-17 00:00:00+00:00,97.9713088139
2019-12-18 00:00:00+00:00,97.930005564
2019-12-19 00:00:00+00:00,97.5830582647
2019-12-20 00:00:00+00:00,98.8634590122
2019-12-23 00:00:00+00:00,99.4004012612
2019-12-24 00:00:00+00:00,99.4086619112
2019-12-26 00:00:00+00:00,99.6234388108
2019-12-27 00:00:00+00:00,99.3756193113
2019-12-30 00:00:00+00:00,99.003890062
2019-12-31 00:00:00+00:00,99.5490929609
2020-01-02 00:00:00+00:00,100.3090727595
2020-01-03 00:00:00+00:00,99.9621254601
2020-01-06 00:00:00+00:00,99.6234388108
2020-01-07 00:00:00+00:00,98.3512987132
2020-01-08 00:00:00+00:00,97.2278503153
2020-01-09 00:00:00+00:00,97.0708979656
2020-01-10 00:00:00+00:00,96.1870084173
2020-01-13 00:00:00+00:00,96.368742717
2020-01-14 00:00:00+00:00,96.0713593175
2020-01-15 00:00:00+00:00,95.9309282678
2020-01-16 00:00:00+00:00,96.5587376666
2020-01-17 00:00:00+00:00,95.4765925187
2020-01-21 00:00:00+00:00,93.6014249722
2020-01-22 00:00:00+00:00,93.2627383229
2020-01-23 00:00:00+00:00,93.4279513226
2020-01-24 00:00:00+00:00,92.3953700745
2020-01-27 00:00:00+00:00,91.1893151768
2020-01-28 00:00:00+00:00,91.7923426257
2020-01-29 00:00:00+00:00,91.1727938768
2020-01-30 00:00:00+00:00,92.0236408252
2020-01-31 00:00:00+00:00,88.5046039319
2020-02-03 00:00:00+00:00,87.7941880333
2020-02-04 00:00:00+00:00,88.2650450824
2020-02-05 00:00:00+00:00,91.098448027
2020-02-06 00:00:00+00:00,90.4458566782
2020-02-07 00:00:00+00:00,89.9915209291
2020-02-10 00:00:00+00:00,90.6936761777
2020-02-11 00:00:00+00:00,91.8666884755
2020-02-12 00:00:00+00:00,92.5523224242
2020-02-13 00:00:00+00:00,92.2384177248
2020-02-14 00:00:00+00:00,91.9988588753
2020-02-18 00:00:00+00:00,92.1325781469
2020-02-19 00:00:00+00:00,92.5504508707
2020-02-20 00:00:00+00:00,91.7732076044
2020-02-21 00:00:00+00:00,91.1046112463
2020-02-24 00:00:00+00:00,87.5109058215
2020-02-25 00:00:00+00:00,84.167924031
2020-02-26 00:00:00+00:00,81.9364836858
2020-02-27 00:00:00+00:00,78.6687189855
2020-02-28 00:00:00+00:00,78.0084800819
2020-03-02 00:00:00+00:00,80.7246527867
2020-03-03 00:00:00+00:00,78.8860128019
2020-03-04 00:00:00+00:00,82.3459989551
2020-03-05 00:00:00+00:00,81.2261000553
2020-03-06 00:00:00+00:00,79.6632560682
2020-03-09 00:00:00+00:00,67.4195852604
2020-03-10 00:00:00+00:00,71.0216481397
2020-03-11 00:00:00+00:00,69.3919445168
2020-03-12 00:00:00+00:00,63.7339478364
2020-03-13 00:00:00+00:00,69.7178852414
2020-03-16 00:00:00+00:00,58.2514576999
2020-03-17 00:00:00+00:00,59.0788456931
2020-03-18 00:00:00+00:00,46.0077868921
2020-03-19 00:00:00+00:00,47.9634312396
2020-03-20 00:00:00+00:00,49.6349221348
2020-03-23 00:00:00+00:00,45.3141181706
2020-03-24 00:00:00+00:00,55.6188595399
2020-03-25 00:00:00+00:00,57.8920871574
2020-03-26 00:00:00+00:00,63.8342372901
2020-03-27 00:00:00+00:00,57.4825718881
2020-03-30 00:00:00+00:00,60.1318849571
2020-03-31 00:00:00+00:00,60.5581151354
2020-04-01 00:00:00+00:00,57.2987078896
2020-04-02 00:00:00+00:00,63.6169434737
2020-04-03 00:00:00+00:00,62.7728405716
2020-04-06 00:00:00+00:00,67.1855765351
2020-04-07 00:00:00+00:00,67.6285216223
2020-04-08 00:00:00+00:00,71.8573935874
2020-04-09 00:00:00+00:00,70.4616986898
2020-04-13 00:00:00+00:00,70.9631459584
2020-04-14 00:00:00+00:00,70.7124223241
2020-04-15 00:00:00+00:00,68.9406419751
2020-04-16 00:00:00+00:00,66.851278356
2020-04-17 00:00:00+00:00,72.85193067
2020-04-20 00:00:00+00:00,69.8432470586
2020-04-21 00:00:00+00:00,68.2302583446
2020-04-22 00:00:00+00:00,70.570345598
2020-04-23 00:00:00+00:00,72.5427048544
2020-04-24 00:00:00+00:00,72.7182113984
2020-04-27 00:00:00+00:00,74.974724107
2020-04-28 00:00:00+00:00,75.1418731965
2020-04-29 00:00:00+00:00,79.0782342549
2020-04-30 00:00:00+00:00,76.8885811821
2020-05-01 00:00:00+00:00,74.7490728362
2020-05-04 00:00:00+00:00,76.4205637314
2020-05-05 00:00:00+00:00,77.6323946305
2020-05-06 00:00:00+00:00,75.2588775592
2020-05-07 00:00:00+00:00,77.4234582686
2020-05-08 00:00:00+00:00,79.7886178854
2020-05-11 00:00:00+00:00,78.0335524453
2020-05-12 00:00:00+00:00,76.1364102792
2020-05-13 00:00:00+00:00,74.1306212049
2020-05-14 00:00:00+00:00,75.2588775592
2020-05-15 00:00:00+00:00,74.5150641108
2020-05-18 00:00:00+00:00,78.4263528057
2020-05-19 00:00:00+00:00,75.9434871794
2020-05-20 00:00:00+00:00,78.807680291
2020-05-21 00:00:00+00:00,77.9941816558
2020-05-22 00:00:00+00:00,76.5027674911
2020-05-26 00:00:00+00:00,79.0618986145
2020-05-27 00:00:00+00:00,79.5703352616
2020-05-28 00:00:00+00:00,77.002730194
2020-05-29 00:00:00+00:00,77.7060675558
2020-06-01 00:00:00+00:00,78.6297274646
2020-06-02 00:00:00+00:00,80.2397768468
2020-06-03 00:00:00+00:00,82.3497889321
2020-06-04 00:00:00+00:00,81.5871339615
2020-06-05 00:00:00+00:00,85.4258306466
2020-06-08 00:00:00+00:00,87.4849990671
2020-06-09 00:00:00+00:00,86.0359546231
2020-06-10 00:00:00+00:00,82.6887466967
2020-06-11 00:00:00+00:00,75.7316385764
2020-06-12 00:00:00+00:00,78.2907696999
2020-06-15 00:00:00+00:00,77.3077921823
2020-06-16 00:00:00+00:00,79.6804965351
2020-06-17 00:00:00+00:00,77.5704844499
2020-06-18 00:00:00+00:00,77.9094422146
2020-06-19 00:00:00+00:00,76.7993555352
2020-06-22 00:00:00+00:00,77.6128541705
2020-06-23 00:00:00+00:00,77.4857450087
2020-06-24 00:00:00+00:00,74.2656462441
2020-06-25 00:00:00+00:00,75.5960554706
2020-06-26 00:00:00+00:00,73.2657208383
2020-06-29 00:00:00+00:00,74.2910680765
2020-06-30 00:00:00+00:00,75.6130033588
2020-07-01 00:00:00+00:00,74.2486983559
2020-07-02 00:00:00+00:00,74.8334005
2020-07-06 00:00:00+00:00,75.053723047
2020-07-07 00:00:00+00:00,73.1386116765
2020-07-08 00:00:00+00:00,73.172507453
2020-07-09 00:00:00+00:00,70.1134136267
2020-07-10 00:00:00+00:00,72.2234257119
2020-07-13 00:00:00+00:00,72.3674827619
2020-07-14 00:00:00+00:00,74.8672962765
2020-07-15 00:00:00+00:00,75.3248892588
2020-07-16 00:00:00+00:00,74.8757702206
2020-07-17 00:00:00+00:00,73.8843187589
2020-07-20 00:00:00+00:00,72.2573214883
2020-07-21 00:00:00+00:00,77.4433752881
2020-07-22 00:00:00+00:00,77.146787244
2020-07-23 00:00:00+00:00,77.1213654117
2020-07-24 00:00:00+00:00,76.3756583293
2020-07-27 00:00:00+00:00,77.146787244
2020-07-28 00:00:00+00:00,75.5113160294
2020-07-29 00:00:00+00:00,76.3248146646
2020-07-30 00:00:00+00:00,73.1047159001
2020-07-31 00:00:00+00:00,71.1302869207
2020-08-03 00:00:00+00:00,71.8675200589
2020-08-04 00:00:00+00:00,73.2911426706
2020-08-05 00:00:00+00:00,73.892792703
2020-08-06 00:00:00+00:00,74.1215891941
2020-08-07 00:00:00+00:00,73.5538349383
2020-08-10 00:00:00+00:00,76.0367005647
2020-08-11 00:00:00+00:00,75.9434871794
2020-08-12 00:00:00+00:00,76.8756210323
2020-08-13 00:00:00+00:00,76.1129660617
2020-08-14 00:00:00+00:00,76.5620850999
2020-08-17 00:00:00+00:00,76.9179907529
2020-08-18 00:00:00+00:00,75.3503110912
2020-08-19 00:00:00+00:00,74.2840736639
2020-08-20 00:00:00+00:00,72.925480813
2020-08-21 00:00:00+00:00,73.1576454141
2020-08-24 00:00:00+00:00,74.9805674672
2020-08-25 00:00:00+00:00,74.0605077517
2020-08-26 00:00:00+00:00,72.8996847462
2020-08-27 00:00:00+00:00,73.0114677023
2020-08-28 00:00:00+00:00,73.6305733052
2020-08-31 00:00:00+00:00,72.1687961872
2020-09-01 00:00:00+00:00,71.4379076281
2020-09-02 00:00:00+00:00,71.5324932064
2020-09-03 00:00:00+00:00,70.7500125138
2020-09-04 00:00:00+00:00,70.4490584012
2020-09-08 00:00:00+00:00,67.903846478
2020-09-09 00:00:00+00:00,68.8153075046
2020-09-10 00:00:00+00:00,67.1987539858
2020-09-11 00:00:00+00:00,66.803214295
2020-09-14 00:00:00+00:00,66.4592667378
2020-09-15 00:00:00+00:00,65.6509899784
2020-09-16 00:00:00+00:00,67.5513002319
2020-09-17 00:00:00+00:00,67.7490700773
2020-09-18 00:00:00+00:00,67.2503461194
2020-09-21 00:00:00+00:00,65.6079965338
2020-09-22 00:00:00+00:00,64.9458974862
2020-09-23 00:00:00+00:00,61.8675668493
2020-09-24 00:00:00+00:00,61.7385865154
2020-09-25 00:00:00+00:00,61.7643825822
2020-09-28 00:00:00+00:00,63.5701072574
2020-09-29 00:00:00+00:00,61.8245734047
2020-09-30 00:00:00+00:00,61.910560294
2020-10-01 00:00:00+00:00,60.5519674431
2020-10-02 00:00:00+00:00,61.2140664907
2020-10-05 00:00:00+00:00,62.5124685191
2020-10-06 00:00:00+00:00,62.1685209619
2020-10-07 00:00:00+00:00,63.4411269235
2020-10-08 00:00:00+00:00,64.6793381294
2020-10-09 00:00:00+00:00,63.6302980799
2020-10-12 00:00:00+00:00,64.0688312154
2020-10-13 00:00:00+00:00,63.1143767442
2020-10-14 00:00:00+00:00,62.7274357423
2020-10-15 00:00:00+00:00,63.2089623224
2020-10-16 00:00:00+00:00,62.6758436087
2020-10-19 00:00:00+00:00,61.2914546911
2020-10-20 00:00:00+00:00,61.6354022482
2020-10-21 00:00:00+00:00,60.9389084449
2020-10-22 00:00:00+00:00,63.1143767442
2020-10-23 00:00:00+00:00,62.400685563
2020-10-26 00:00:00+00:00,60.9990992674
2020-10-27 00:00:00+00:00,59.7694867505
2020-10-28 00:00:00+00:00,57.508031562
2020-10-29 00:00:00+00:00,59.1589798365
2020-10-30 00:00:00+00:00,59.7608880616
2020-11-02 00:00:00+00:00,62.0395406279
2020-11-03 00:00:00+00:00,61.6869943818
2020-11-04 00:00:00+00:00,61.7127904486
2020-11-05 00:00:00+00:00,62.030941939
2020-11-06 00:00:00+00:00,61.179671735
2020-11-09 00:00:00+00:00,68.273590102
2020-11-10 00:00:00+00:00,71.4293089392
2020-11-11 00:00:00+00:00,70.9047889145
2020-11-12 00:00:00+00:00,69.3656235961
2020-11-13 00:00:00+00:00,71.3949141835
2020-11-16 00:00:00+00:00,76.4939367188
2020-11-17 00:00:00+00:00,75.9522193162
2020-11-18 00:00:00+00:00,73.54380795
2020-11-19 00:00:00+00:00,74.8090965301
2020-11-20 00:00:00+00:00,74.8614532989
2020-11-23 00:00:00+00:00,79.4339444434
2020-11-24 00:00:00+00:00,83.4392372589
2020-11-25 00:00:00+00:00,80.4025446668
2020-11-27 00:00:00+00:00,79.6782760313
2020-11-30 00:00:00+00:00,76.0743851102
2020-12-01 00:00:00+00:00,76.3099905699
2020-12-02 00:00:00+00:00,78.4217135794
2020-12-03 00:00:00+00:00,78.3606306824
2020-12-04 00:00:00+00:00,81.3973232746
2020-12-07 00:00:00+00:00,79.1983389837
2020-12-08 00:00:00+00:00,79.8789769785
2020-12-09 00:00:00+00:00,78.9191028833
2020-12-10 00:00:00+00:00,81.4584061715
2020-12-11 00:00:00+00:00,80.6730546391
2020-12-14 00:00:00+00:00,78.0464900694
2020-12-15 00:00:00+00:00,77.9854071725
2020-12-16 00:00:00+00:00,77.3920304591
2020-12-17 00:00:00+00:00,77.1476988712
2020-12-18 00:00:00+00:00,76.0831112383
2020-12-21 00:00:00+00:00,75.1232371431
2020-12-22 00:00:00+00:00,73.6136169752
2020-12-23 00:00:00+00:00,74.7741920176
2020-12-24 00:00:00+00:00,74.4600514046
2020-12-28 00:00:00+00:00,74.0848278946
2020-12-29 00:00:00+00:00,73.8317701786
2020-12-30 00:00:00+00:00,74.4600514046
2020-12-31 00:00:00+00:00,73.6921521284
2021-01-04 00:00:00+00:00,73.91903146
2021-01-05 00:00:00+00:00,75.9173148037
2021-01-06 00:00:00+00:00,78.3606306824
2021-01-07 00:00:00+00:00,78.7271280642
2021-01-08 00:00:00+00:00,79.4775750841
2021-01-11 00:00:00+00:00,79.9313337473
2021-01-12 00:00:00+00:00,81.4496800434
2021-01-13 00:00:00+00:00,81.3711448901
2021-01-14 00:00:00+00:00,83.3257975931
2021-01-15 00:00:00+00:00,80.3589140261
2021-01-19 00:00:00+00:00,82.4706370356
2021-01-20 00:00:00+00:00,83.2298101836
2021-01-21 00:00:00+00:00,80.289105001
2021-01-22 00:00:00+00:00,80.0447734131
2021-01-25 00:00:00+00:00,79.3205047776
2021-01-26 00:00:00+00:00,77.9766810443
2021-01-27 00:00:00+00:00,76.9644501803
2021-01-28 00:00:00+00:00,77.6799926876
2021-01-29 00:00:00+00:00,74.3466117388
2021-02-01 00:00:00+00:00,75.4024732435
2021-02-02 00:00:00+00:00,75.9696715725
2021-02-03 00:00:00+00:00,77.6276359188
2021-02-04 00:00:00+00:00,77.6625404313
2021-02-05 00:00:00+00:00,77.8894197629
2021-02-08 00:00:00+00:00,79.8266202097
2021-02-09 00:00:00+00:00,79.3728615465
2021-02-10 00:00:00+00:00,80.734137536
2021-02-11 00:00:00+00:00,80.2978311291
2021-02-12 00:00:00+00:00,80.7603159205
2021-02-16 00:00:00+00:00,82.3921018823
2021-02-17 00:00:00+00:00,84.8604146092
2021-02-18 00:00:00+00:00,84.0464906993
2021-02-19 00:00:00+00:00,84.7542506209
2021-02-22 00:00:00+00:00,87.0456233674
2021-02-23 00:00:00+00:00,88.142651246
2021-02-24 00:00:00+00:00,91.3983468857
2021-02-25 00:00:00+00:00,90.5490349797
2021-02-26 00:00:00+00:00,88.4699902097
2021-03-01 00:00:00+00:00,90.283625009
2021-03-02 00:00:00+00:00,90.6286579709
2021-03-03 00:00:00+00:00,91.6460628583
2021-03-04 00:00:00+00:00,92.4511397692
2021-03-05 00:00:00+00:00,96.4322893286
2021-03-08 00:00:00+00:00,97.0958142552
2021-03-09 00:00:00+00:00,96.8746392797
2021-03-10 00:00:00+00:00,98.5290280966
2021-03-11 00:00:00+00:00,98.3697821142
2021-03-12 00:00:00+00:00,98.697121078
2021-03-15 00:00:00+00:00,97.5381642062
2021-03-16 00:00:00+00:00,95.2290974618
2021-03-17 00:00:00+00:00,95.5741304236
2021-03-18 00:00:00+00:00,92.1149538064
2021-03-19 00:00:00+00:00,91.4602758788
2021-03-22 00:00:00+00:00,90.7171279611
2021-03-23 00:00:00+00:00,90.2128490169
2021-03-24 00:00:00+00:00,92.6280797496
2021-03-25 00:00:00+00:00,92.9554187134
2021-03-26 00:00:00+00:00,95.0875454774
2021-03-29 00:00:00+00:00,94.5921135323
2021-03-30 00:00:00+00:00,93.7162606292
2021-03-31 00:00:00+00:00,92.7077027408
2021-04-01 00:00:00+00:00,93.5570146468
2021-04-05 00:00:00+00:00,92.4599867682
2021-04-06 00:00:00+00:00,91.6372158593
2021-04-07 00:00:00+00:00,92.1768827995
2021-04-08 00:00:00+00:00,91.1417839141
2021-04-09 00:00:00+00:00,91.0533139239
2021-04-12 00:00:00+00:00,90.0447560355
2021-04-13 00:00:00+00:00,90.4517179904
2021-04-14 00:00:00+00:00,92.2476587917
2021-04-15 00:00:00+00:00,91.4956638749
2021-04-16 00:00:00+00:00,91.08870192
2021-04-19 00:00:00+00:00,91.3541118906
2021-04-20 00:00:00+00:00,89.6466410795
2021-04-21 00:00:00+00:00,90.8852209425
2021-04-22 00:00:00+00:00,89.3104551167
2021-04-23 00:00:00+00:00,89.841275058
2021-04-26 00:00:00+00:00,89.8147340609
2021-04-27 00:00:00+00:00,90.8586799454
2021-04-28 00:00:00+00:00,93.0881236987
2021-04-29 00:00:00+00:00,94.5744195342
2021-04-30 00:00:00+00:00,91.1860189092
2021-05-03 00:00:00+00:00,93.3623806683
2021-05-04 00:00:00+00:00,93.8755066116
2021-05-05 00:00:00+00:00,96.3969013325
2021-05-06 00:00:00+00:00,96.4499833267
2021-05-07 00:00:00+00:00,97.3346832288
2021-05-10 00:00:00+00:00,96.9365682728
2021-05-11 00:00:00+00:00,94.3974795538
2021-05-12 00:00:00+00:00,94.9902284882
2021-05-13 00:00:00+00:00,94.3797855558
2021-05-14 00:00:00+00:00,96.8480982826
2021-05-17 00:00:00+00:00,98.0335961514
2021-05-18 00:00:00+00:00,95.1229334735
2021-05-19 00:00:00+00:00,92.4532561167
2021-05-20 00:00:00+00:00,92.7757674752
2021-05-21 00:00:00+00:00,93.2774518107
2021-05-24 00:00:00+00:00,94.6033318403
2021-05-25 00:00:00+00:00,93.0534855895
2021-05-26 00:00:00+00:00,93.2774518107
2021-05-27 00:00:00+00:00,92.2830417885
2021-05-28 00:00:00+00:00,92.9818163987
2021-06-01 00:00:00+00:00,95.5439899694
2021-06-02 00:00:00+00:00,96.8250767547
2021-06-03 00:00:00+00:00,96.3861029612
2021-06-04 00:00:00+00:00,97.1565467621
2021-06-07 00:00:00+00:00,96.5294413427
2021-06-08 00:00:00+00:00,97.4073889299
2021-06-09 00:00:00+00:00,96.5563172893
2021-06-10 00:00:00+00:00,97.1207121667
2021-06-11 00:00:00+00:00,96.6727797243
2021-06-14 00:00:00+00:00,96.7265316174
2021-06-15 00:00:00+00:00,98.8138967991
2021-06-16 00:00:00+00:00,98.2495019217
2021-06-17 00:00:00+00:00,95.920253221
2021-06-18 00:00:00+00:00,92.3009590862
2021-06-21 00:00:00+00:00,95.0064710385
2021-06-22 00:00:00+00:00,95.3200237482
2021-06-23 00:00:00+00:00,95.2035613132
2021-06-24 00:00:00+00:00,95.982963763
2021-06-25 00:00:00+00:00,96.1263021446
2021-06-28 00:00:00+00:00,93.1609893757
2021-06-29 00:00:00+00:00,92.9549404522
2021-06-30 00:00:00+00:00,93.8328880393
2021-07-01 00:00:00+00:00,95.1498094201
2021-07-02 00:00:00+00:00,95.0243883362
2021-07-06 00:00:00+00:00,93.1609893757
2021-07-07 00:00:00+00:00,92.2113725978
2021-07-08 00:00:00+00:00,91.9157371858
2021-07-09 00:00:00+00:00,93.2326585665
2021-07-12 00:00:00+00:00,93.4207901923
2021-07-13 00:00:00+00:00,93.1072374826
2021-07-14 00:00:00+00:00,91.3513423083
2021-07-15 00:00:00+00:00,90.7511128354
2021-07-16 00:00:00+00:00,88.350194944
2021-07-19 00:00:00+00:00,85.9671943503
2021-07-20 00:00:00+00:00,86.4778373347
2021-07-21 00:00:00+00:00,89.4252328059
2021-07-22 00:00:00+00:00,88.529367921
2021-07-23 00:00:00+00:00,88.5652025164
2021-07-26 00:00:00+00:00,90.4375601257
2021-07-27 00:00:00+00:00,90.1329660649
2021-07-28 00:00:00+00:00,90.6436090493
2021-07-29 00:00:00+00:00,91.8888612392
2021-07-30 00:00:00+00:00,91.2080039267
2021-08-02 00:00:00+00:00,91.0467482474
2021-08-03 00:00:00+00:00,91.9157371858
2021-08-04 00:00:00+00:00,89.8552479506
2021-08-05 00:00:00+00:00,90.6884022935
2021-08-06 00:00:00+00:00,91.3334250106
2021-08-09 00:00:00+00:00,89.8104547064
2021-08-10 00:00:00+00:00,91.4498874456
2021-08-11 00:00:00+00:00,92.139703407
2021-08-12 00:00:00+00:00,91.9515717811
2021-08-13 00:00:00+00:00,91.3423836594
2021-08-16 00:00:00+00:00,90.4106841792
2021-08-17 00:00:00+00:00,90.2404698511
2021-08-18 00:00:00+00:00,87.8305933108
2021-08-19 00:00:00+00:00,85.6416405716
2021-08-20 00:00:00+00:00,85.6507233631
2021-08-23 00:00:00+00:00,87.8578416852
2021-08-24 00:00:00+00:00,88.866031536
2021-08-25 00:00:00+00:00,89.4745785631
2021-08-26 00:00:00+00:00,88.3028984662
2021-08-27 00:00:00+00:00,89.5926548519
2021-08-30 00:00:00+00:00,89.3655850657
2021-08-31 00:00:00+00:00,87.894172851
2021-09-01 00:00:00+00:00,86.9313969574
2021-09-02 00:00:00+00:00,88.7479552472
2021-09-03 00:00:00+00:00,88.5481338353
2021-09-07 00:00:00+00:00,88.157573803
2021-09-08 00:00:00+00:00,87.5490267759
2021-09-09 00:00:00+00:00,87.1947979094
2021-09-10 00:00:00+00:00,87.2583774495
2021-09-13 00:00:00+00:00,88.9841078248
2021-09-14 00:00:00+00:00,87.3764537384
2021-09-15 00:00:00+00:00,89.229343194
2021-09-16 00:00:00+00:00,88.3937263807
2021-09-17 00:00:00+00:00,87.8850900595
2021-09-20 00:00:00+00:00,86.0866973526
2021-09-21 00:00:00+00:00,86.1502768928
2021-09-22 00:00:00+00:00,88.684375707
2021-09-23 00:00:00+00:00,90.8824112377
2021-09-24 00:00:00+00:00,91.3728819759
2021-09-27 00:00:00+00:00,93.5255035493
2021-09-28 00:00:00+00:00,93.8797324158
2021-09-29 00:00:00+00:00,93.8524840414
2021-09-30 00:00:00+00:00,92.1449192491
2021-10-01 00:00:00+00:00,94.7607631863
2021-10-04 00:00:00+00:00,95.1149920528
2021-10-05 00:00:00+00:00,96.150430278
2021-10-06 00:00:00+00:00,95.3057306733
2021-10-07 00:00:00+00:00,95.9869400319
2021-10-08 00:00:00+00:00,98.1395616053
2021-10-11 00:00:00+00:00,97.303944792
2021-10-12 00:00:00+00:00,97.3221103749
2021-10-13 00:00:00+00:00,97.9034090277
2021-10-14 00:00:00+00:00,98.8298537554
2021-10-15 00:00:00+00:00,99.5564770714
2021-10-18 00:00:00+00:00,99.5110631141
2021-10-19 00:00:00+00:00,101.4547804842
2021-10-20 00:00:00+00:00,102.7808680357
2021-10-21 00:00:00+00:00,101.49111165
2021-10-22 00:00:00+00:00,102.4538875436
2021-10-25 00:00:00+00:00,103.4075806457
2021-10-26 00:00:00+00:00,103.6346504319
2021-10-27 00:00:00+00:00,101.7908437678
2021-10-28 00:00:00+00:00,102.7445368699
2021-10-29 00:00:00+00:00,103.9888792984
2021-11-01 00:00:00+00:00,104.0252104642
2021-11-02 00:00:00+00:00,103.3894150628
2021-11-03 00:00:00+00:00,102.644626164
2021-11-04 00:00:00+00:00,103.0987657364
2021-11-05 00:00:00+00:00,104.2159490846
2021-11-08 00:00:00+00:00,104.588343534
2021-11-09 00:00:00+00:00,105.3603808072
2021-11-10 00:00:00+00:00,103.6800643892
2021-11-11 00:00:00+00:00,103.6891471806
2021-11-12 00:00:00+00:00,103.7527267207
2021-11-15 00:00:00+00:00,106.105169706
2021-11-16 00:00:00+00:00,106.5229781127
2021-11-17 00:00:00+00:00,106.0506729573
2021-11-18 00:00:00+00:00,105.1594136195
2021-11-19 00:00:00+00:00,102.8256005082
2021-11-22 00:00:00+00:00,104.6632486273
2021-11-23 00:00:00+00:00,106.8592381297
2021-11-24 00:00:00+00:00,107.6769915428
2021-11-26 00:00:00+00:00,105.2145430631
2021-11-29 00:00:00+00:00,105.5269432434
2021-11-30 00:00:00+00:00,103.7076716054
2021-12-01 00:00:00+00:00,103.0001770795
2021-12-02 00:00:00+00:00,105.7934022206
2021-12-03 00:00:00+00:00,105.1226606571
2021-12-06 00:00:00+00:00,106.7673557238
2021-12-07 00:00:00+00:00,108.3477331063
2021-12-08 00:00:00+00:00,108.8347098579
2021-12-09 00:00:00+00:00,108.5498743994
2021-12-10 00:00:00+00:00,108.7336392113
2021-12-13 00:00:00+00:00,106.4733320247
2021-12-14 00:00:00+00:00,106.785732205
2021-12-15 00:00:00+00:00,106.1793083257
2021-12-16 00:00:00+00:00,107.17163831
2021-12-17 00:00:00+00:00,104.3784131689
2021-12-20 00:00:00+00:00,104.4243543719
2021-12-21 00:00:00+00:00,106.0966141603
2021-12-22 00:00:00+00:00,106.7030380396
2021-12-23 00:00:00+00:00,106.9603087763
2021-12-27 00:00:00+00:00,109.1471100381
2021-12-28 00:00:00+00:00,108.9357805044
2021-12-29 00:00:00+00:00,108.3752978281
2021-12-30 00:00:00+00:00,107.8975093171
2021-12-31 00:00:00+00:00,107.8240033923
2022-01-03 00:00:00+00:00,109.5789573461
2022-01-04 00:00:00+00:00,111.5728055554
2022-01-05 00:00:00+00:00,112.2986765625
2022-01-06 00:00:00+00:00,113.2542535845
2022-01-07 00:00:00+00:00,114.8805721699
2022-01-10 00:00:00+00:00,114.9540780947
2022-01-11 00:00:00+00:00,117.5819149051
2022-01-12 00:00:00+00:00,116.993867507
2022-01-13 00:00:00+00:00,116.5068907554
2022-01-14 00:00:00+00:00,118.4915507241
2022-01-18 00:00:00+00:00,118.8774568291
2022-01-19 00:00:00+00:00,118.4456095211
2022-01-20 00:00:00+00:00,118.0229504537
2022-01-21 00:00:00+00:00,116.6079614019
2022-01-24 00:00:00+00:00,116.856043898
2022-01-25 00:00:00+00:00,121.8268820604
2022-01-26 00:00:00+00:00,121.9187644664
2022-01-27 00:00:00+00:00,124.381212946
2022-01-28 00:00:00+00:00,120.0076104224
2022-01-31 00:00:00+00:00,120.6691637453
2022-02-01 00:00:00+00:00,123.8482949915
2022-02-02 00:00:00+00:00,124.4179659084
2022-02-03 00:00:00+00:00,123.3061887963
2022-02-04 00:00:00+00:00,124.8498132164
2022-02-07 00:00:00+00:00,127.3030734555
2022-02-08 00:00:00+00:00,125.3643546898
2022-02-09 00:00:00+00:00,126.6047671702
2022-02-10 00:00:00+00:00,124.996825066
2022-02-11 00:00:00+00:00,127.541967711
2022-02-14 00:00:00+00:00,125.5756842235
2022-02-15 00:00:00+00:00,124.6660484045
2022-02-16 00:00:00+00:00,124.7031900844
2022-02-17 00:00:00+00:00,124.062496107
2022-02-18 00:00:00+00:00,123.8860731277
2022-02-22 00:00:00+00:00,122.9389602917
2022-02-23 00:00:00+00:00,125.8638675796
2022-02-24 00:00:00+00:00,125.2138881822
2022-02-25 00:00:00+00:00,130.348725421
2022-02-28 00:00:00+00:00,133.7100474471
2022-03-01 00:00:00+00:00,139.0213076652
2022-03-02 00:00:00+00:00,143.1254632882
2022-03-03 00:00:00+00:00,145.0568306402
2022-03-04 00:00:00+00:00,147.3131876909
2022-03-07 00:00:00+00:00,150.4609450578
2022-03-08 00:00:00+00:00,158.3442666053
2022-03-09 00:00:00+00:00,154.3886777016
2022-03-10 00:00:00+00:00,158.6135437841
2022-03-11 00:00:00+00:00,158.6878271438
2022-03-14 00:00:00+00:00,154.8065215999
2022-03-15 00:00:00+00:00,146.9696271523
2022-03-16 00:00:00+00:00,146.4403582145
2022-03-17 00:00:00+00:00,148.975277864
2022-03-18 00:00:00+00:00,150.173097039
2022-03-21 00:00:00+00:00,152.8751542479
2022-03-22 00:00:00+00:00,152.36445615
2022-03-23 00:00:00+00:00,154.0079754832
2022-03-24 00:00:00+00:00,154.4165339615
2022-03-25 00:00:00+00:00,157.2114453699
2022-03-28 00:00:00+00:00,154.4629610613
2022-03-29 00:00:00+00:00,152.5780208091
2022-03-30 00:00:00+00:00,153.6551295246
2022-03-31 00:00:00+00:00,151.1944932348
2022-04-01 00:00:00+00:00,152.4851666095
2022-04-04 00:00:00+00:00,152.6244479089
2022-04-05 00:00:00+00:00,151.6866204928
2022-04-06 00:00:00+00:00,153.0330063872
2022-04-07 00:00:00+00:00,155.1593675584
2022-04-08 00:00:00+00:00,157.7871414076
2022-04-11 00:00:00+00:00,153.7294128843
2022-04-12 00:00:00+00:00,156.9328827711
2022-04-13 00:00:00+00:00,159.4028044809
2022-04-14 00:00:00+00:00,159.3285211212
2022-04-18 00:00:00+00:00,161.4641677124
2022-04-19 00:00:00+00:00,159.5513712003
2022-04-20 00:00:00+00:00,160.2013505976
2022-04-21 00:00:00+00:00,152.8194417281
2022-04-22 00:00:00+00:00,149.448834282
2022-04-25 00:00:00+00:00,146.2360789753
2022-04-26 00:00:00+00:00,145.344678659
2022-04-27 00:00:00+00:00,145.0754014801
2022-04-28 00:00:00+00:00,150.2288095588
2022-04-29 00:00:00+00:00,145.4746745385
2022-05-02 00:00:00+00:00,148.3345838866
2022-05-03 00:00:00+00:00,150.8787889561
2022-05-04 00:00:00+00:00,155.6143531365
2022-05-05 00:00:00+00:00,154.3793922816
2022-05-06 00:00:00+00:00,158.4928333246
2022-05-09 00:00:00+00:00,147.8703128886
2022-05-10 00:00:00+00:00,149.2909821427
2022-05-11 00:00:00+00:00,151.5009120935
2022-05-12 00:00:00+00:00,152.9401521876
2022-05-13 00:00:00+00:00,155.8743448955
2022-05-16 00:00:00+00:00,160.6470507557
2022-05-17 00:00:00+00:00,161.5941635918
2022-05-18 00:00:00+00:00,157.3692975093
2022-05-19 00:00:00+00:00,156.2456324075
2022-05-20 00:00:00+00:00,157.1445644889
2022-05-23 00:00:00+00:00,160.7964760698
2022-05-24 00:00:00+00:00,161.6579526479
2022-05-25 00:00:00+00:00,164.2517462579
2022-05-26 00:00:00+00:00,165.356683608
2022-05-27 00:00:00+00:00,166.9391786264
2022-05-31 00:00:00+00:00,163.5494555693
2022-06-01 00:00:00+00:00,165.1038589601
2022-06-02 00:00:00+00:00,164.804214933
2022-06-03 00:00:00+00:00,166.3024350687
2022-06-06 00:00:00+00:00,165.5814166284
2022-06-07 00:00:00+00:00,168.7370427893
2022-06-08 00:00:00+00:00,169.6078832432
2022-06-09 00:00:00+00:00,166.2275240619
2022-06-10 00:00:00+00:00,164.2423823821
2022-06-13 00:00:00+00:00,156.6857345723
2022-06-14 00:00:00+00:00,156.891739841
2022-06-15 00:00:00+00:00,153.8110246869
2022-06-16 00:00:00+00:00,145.5895416919
2022-06-17 00:00:00+00:00,138.9411898395
2022-06-21 00:00:00+00:00,144.7561567414
2022-06-22 00:00:00+00:00,138.4636321712
2022-06-23 00:00:00+00:00,133.3696837097
2022-06-24 00:00:00+00:00,135.5608306582
2022-06-27 00:00:00+00:00,138.1827158958
2022-06-28 00:00:00+00:00,140.4019544719
2022-06-29 00:00:00+00:00,137.6302472207
2022-06-30 00:00:00+00:00,135.5701945341
2022-07-01 00:00:00+00:00,137.1901450558
2022-07-05 00:00:00+00:00,133.5850528542
2022-07-06 00:00:00+00:00,131.8246441947
2022-07-07 00:00:00+00:00,134.3903461772
2022-07-08 00:00:00+00:00,133.6880554885
2022-07-11 00:00:00+00:00,132.5082071316
2022-07-12 00:00:00+00:00,130.0829632869
2022-07-13 00:00:00+00:00,129.212122833
2022-07-14 00:00:00+00:00,127.292528284
2022-07-15 00:00:00+00:00,128.8937510541
2022-07-18 00:00:00+00:00,130.7009790929
2022-07-19 00:00:00+00:00,135.4110086446
2022-07-20 00:00:00+00:00,137.1995089317
2022-07-21 00:00:00+00:00,136.1507548367
2022-07-22 00:00:00+00:00,135.017725859
2022-07-25 00:00:00+00:00,139.034828598
2022-07-26 00:00:00+00:00,137.9486189996
2022-07-27 00:00:00+00:00,139.7652109142
2022-07-28 00:00:00+00:00,140.823328885
2022-07-29 00:00:00+00:00,153.3615586461
2022-08-01 00:00:00+00:00,150.2995712437
2022-08-02 00:00:00+00:00,149.0167202525
2022-08-03 00:00:00+00:00,145.4771751817
2022-08-04 00:00:00+00:00,141.5256195737
2022-08-05 00:00:00+00:00,143.8665885358
2022-08-08 00:00:00+00:00,143.6512193913
2022-08-09 00:00:00+00:00,145.523994561
2022-08-10 00:00:00+00:00,145.9079134708
2022-08-11 00:00:00+00:00,149.4661862932
2022-08-12 00:00:00+00:00,149.6815554377
2022-08-15 00:00:00+00:00,146.8349371798
2022-08-16 00:00:00+00:00,146.4603821458
2022-08-17 00:00:00+00:00,147.6683221303
2022-08-18 00:00:00+00:00,150.2340241128
2022-08-19 00:00:00+00:00,148.9775076238
2022-08-22 00:00:00+00:00,148.2311557244
2022-08-23 00:00:00+00:00,153.039929355
2022-08-24 00:00:00+00:00,154.1736284427
2022-08-25 00:00:00+00:00,155.5246198556
2022-08-26 00:00:00+00:00,154.3814732755
2022-08-29 00:00:00+00:00,155.534067348
2022-08-30 00:00:00+00:00,151.7456228964
2022-08-31 00:00:00+00:00,149.3270648425
2022-09-01 00:00:00+00:00,146.9462967583
2022-09-02 00:00:00+00:00,149.1286675022
2022-09-06 00:00:00+00:00,148.4390005571
2022-09-07 00:00:00+00:00,146.5400545851
2022-09-08 00:00:00+00:00,147.3336439466
2022-09-09 00:00:00+00:00,151.1315358906
2022-09-12 00:00:00+00:00,153.5217514673
2022-09-13 00:00:00+00:00,150.6024763163
2022-09-14 00:00:00+00:00,154.2492083819
2022-09-15 00:00:00+00:00,151.7456228964
2022-09-16 00:00:00+00:00,147.8060185665
2022-09-19 00:00:00+00:00,148.2311557244
2022-09-20 00:00:00+00:00,147.6454111957
2022-09-21 00:00:00+00:00,146.4455796612
2022-09-22 00:00:00+00:00,146.3322097524
2022-09-23 00:00:00+00:00,136.7713474456
2022-09-26 00:00:00+00:00,133.171852842
2022-09-27 00:00:00+00:00,133.2285377964
2022-09-28 00:00:00+00:00,137.7255441778
2022-09-29 00:00:00+00:00,136.7713474456
2022-09-30 00:00:00+00:00,135.7321232818
2022-10-03 00:00:00+00:00,143.3468021546
2022-10-04 00:00:00+00:00,148.9208226694
2022-10-05 00:00:00+00:00,149.7710969853
2022-10-06 00:00:00+00:00,152.5014222883
2022-10-07 00:00:00+00:00,151.1882208449
2022-10-10 00:00:00+00:00,148.4578955419
2022-10-11 00:00:00+00:00,148.4862380191
2022-10-12 00:00:00+00:00,148.9302701618
2022-10-13 00:00:00+00:00,156.1481543539
2022-10-14 00:00:00+00:00,151.2921432613
2022-10-17 00:00:00+00:00,152.3974998719
2022-10-18 00:00:00+00:00,153.7295963
2022-10-19 00:00:00+00:00,158.7178722861
2022-10-20 00:00:00+00:00,159.6248315564
2022-10-21 00:00:00+00:00,163.6211208407
2022-10-24 00:00:00+00:00,163.5644358863
2022-10-25 00:00:00+00:00,165.2649845179
2022-10-26 00:00:00+00:00,167.3056428759
2022-10-27 00:00:00+00:00,168.0708897601
2022-10-28 00:00:00+00:00,170.0359681789
2022-10-31 00:00:00+00:00,170.9051374795
2022-11-01 00:00:00+00:00,172.1522064761
2022-11-02 00:00:00+00:00,168.637739304
2022-11-03 00:00:00+00:00,171.1224298047
2022-11-04 00:00:00+00:00,173.2859055638
2022-11-07 00:00:00+00:00,175.354906399
2022-11-08 00:00:00+00:00,175.0998241042
2022-11-09 00:00:00+00:00,168.0992322373
2022-11-10 00:00:00+00:00,171.2830371755
2022-11-11 00:00:00+00:00,176.1579432528
2022-11-14 00:00:00+00:00,176.2429706844
2022-11-15 00:00:00+00:00,177.6600945441
2022-11-16 00:00:00+00:00,174.7691618703
2022-11-17 00:00:00+00:00,175.260431475
2022-11-18 00:00:00+00:00,174.2131911327
2022-11-21 00:00:00+00:00,172.5471269517
2022-11-22 00:00:00+00:00,176.9740974898
2022-11-23 00:00:00+00:00,175.4032369762
2022-11-25 00:00:00+00:00,174.8891371718
2022-11-28 00:00:00+00:00,169.8052613281
2022-11-29 00:00:00+00:00,172.3471992499
2022-11-30 00:00:00+00:00,174.5178428686
2022-12-01 00:00:00+00:00,173.7371727952
2022-12-02 00:00:00+00:00,172.3471992499
2022-12-05 00:00:00+00:00,168.0915953133
2022-12-06 00:00:00+00:00,163.7598284427
2022-12-07 00:00:00+00:00,164.2453671469
2022-12-08 00:00:00+00:00,165.2164445552
2022-12-09 00:00:00+00:00,159.9421613765
2022-12-12 00:00:00+00:00,161.6082255575
2022-12-13 00:00:00+00:00,165.2069241885
2022-12-14 00:00:00+00:00,164.0644801787
2022-12-15 00:00:00+00:00,162.8363528681
2022-12-16 00:00:00+00:00,160.6276277824
2022-12-19 00:00:00+00:00,161.7319903253
2022-12-20 00:00:00+00:00,164.3881726481
2022-12-21 00:00:00+00:00,166.3208070981
2022-12-22 00:00:00+00:00,163.8264710099
2022-12-23 00:00:00+00:00,168.8913061202
2022-12-27 00:00:00+00:00,171.0143479051
2022-12-28 00:00:00+00:00,168.4914507168
2022-12-29 00:00:00+00:00,169.7671798611
2022-12-30 00:00:00+00:00,170.8810627707
symbol,CVX
date,"Index([2013-01-02 00:00:00+00:00, 2013-01-03 00:00:00+00:00,
       2013-01-04 00:00:00+00:00, 2013-01-07 00:00:00+00:00,
       2013-01-08 00:00:00+00:00, 2013-01-09 00:00:00+00:00,
       2013-01-10 00:00:00+00:00, 2013-01-11 00:00:00+00:00,
       2013-01-14 00:00:00+00:00, 2013-01-15 00:00:00+00:00,
       ...
       2022-12-19 00:00:00+00:00, 2022-12-20 00:00:00+00:00,
       2022-12-21 00:00:00+00:00, 2022-12-22 00:00:00+00:00,
       2022-12-23 00:00:00+00:00, 2022-12-27 00:00:00+00:00,
       2022-12-28 00:00:00+00:00, 2022-12-29 00:00:00+00:00,
       2022-12-30 00:00:00+00:00,                  'symbol'],
      dtype='object', name='date', length=2519)"
