date,adjClose
2013-01-02 00:00:00+00:00,103.7648624983
2013-01-03 00:00:00+00:00,102.5978724796
2013-01-04 00:00:00+00:00,103.0841183207
2013-01-07 00:00:00+00:00,102.7437462319
2013-01-08 00:00:00+00:00,101.6253807973
2013-01-09 00:00:00+00:00,101.8685037179
2013-01-10 00:00:00+00:00,102.9382445684
2013-01-11 00:00:00+00:00,102.7437462319
2013-01-14 00:00:00+00:00,102.6951216478
2013-01-15 00:00:00+00:00,103.0841183207
2013-01-16 00:00:00+00:00,102.6951216478
2013-01-17 00:00:00+00:00,103.5703641618
2013-01-18 00:00:00+00:00,107.1685833862
2013-01-22 00:00:00+00:00,107.0227096339
2013-01-23 00:00:00+00:00,106.6823375451
2013-01-24 00:00:00+00:00,107.2172079703
2013-01-25 00:00:00+00:00,108.3841979891
2013-01-28 00:00:00+00:00,109.4053142555
2013-01-29 00:00:00+00:00,109.4053142555
2013-01-30 00:00:00+00:00,108.0924504844
2013-01-31 00:00:00+00:00,108.335573405
2013-02-01 00:00:00+00:00,109.9888092648
2013-02-04 00:00:00+00:00,108.4814471573
2013-02-05 00:00:00+00:00,109.5998125919
2013-02-06 00:00:00+00:00,109.1135667508
2013-02-07 00:00:00+00:00,109.3080650872
2013-02-08 00:00:00+00:00,109.4053142555
2013-02-11 00:00:00+00:00,109.1621913349
2013-02-12 00:00:00+00:00,109.7943109284
2013-02-13 00:00:00+00:00,113.7329022416
2013-02-14 00:00:00+00:00,113.8301514098
2013-02-15 00:00:00+00:00,113.2466564004
2013-02-19 00:00:00+00:00,115.4833872696
2013-02-20 00:00:00+00:00,113.8301514098
2013-02-21 00:00:00+00:00,114.0246497462
2013-02-22 00:00:00+00:00,114.6619328274
2013-02-25 00:00:00+00:00,111.81866985
2013-02-26 00:00:00+00:00,112.9951924613
2013-02-27 00:00:00+00:00,114.5638892764
2013-02-28 00:00:00+00:00,113.8285626444
2013-03-01 00:00:00+00:00,113.6814973179
2013-03-04 00:00:00+00:00,114.0736715217
2013-03-05 00:00:00+00:00,115.6423683368
2013-03-06 00:00:00+00:00,116.0345425406
2013-03-07 00:00:00+00:00,116.083564316
2013-03-08 00:00:00+00:00,116.5247602953
2013-03-11 00:00:00+00:00,115.7894336632
2013-03-12 00:00:00+00:00,114.7599763783
2013-03-13 00:00:00+00:00,115.1521505821
2013-03-14 00:00:00+00:00,116.1325860915
2013-03-15 00:00:00+00:00,114.9070417047
2013-03-18 00:00:00+00:00,113.9756279708
2013-03-19 00:00:00+00:00,114.3187803991
2013-03-20 00:00:00+00:00,115.0050852557
2013-03-21 00:00:00+00:00,114.1717150727
2013-03-22 00:00:00+00:00,114.5638892764
2013-03-25 00:00:00+00:00,113.9266061953
2013-03-26 00:00:00+00:00,113.3383448896
2013-03-27 00:00:00+00:00,113.2403013387
2013-03-28 00:00:00+00:00,113.3383448896
2013-04-01 00:00:00+00:00,113.1422577878
2013-04-02 00:00:00+00:00,114.41682395
2013-04-03 00:00:00+00:00,112.750083584
2013-04-04 00:00:00+00:00,113.1422577878
2013-04-05 00:00:00+00:00,112.4069311557
2013-04-08 00:00:00+00:00,113.3383448896
2013-04-09 00:00:00+00:00,113.0442142368
2013-04-10 00:00:00+00:00,115.5933465613
2013-04-11 00:00:00+00:00,115.6423683368
2013-04-12 00:00:00+00:00,115.0050852557
2013-04-15 00:00:00+00:00,111.81866985
2013-04-16 00:00:00+00:00,113.2403013387
2013-04-17 00:00:00+00:00,111.5735609727
2013-04-18 00:00:00+00:00,111.1323649934
2013-04-19 00:00:00+00:00,106.6223616501
2013-04-22 00:00:00+00:00,104.6614906312
2013-04-23 00:00:00+00:00,105.3968172633
2013-04-24 00:00:00+00:00,107.651818935
2013-04-25 00:00:00+00:00,107.6027971595
2013-04-26 00:00:00+00:00,108.8773633218
2013-04-29 00:00:00+00:00,109.1714939746
2013-04-30 00:00:00+00:00,109.2695375255
2013-05-01 00:00:00+00:00,108.5832326689
2013-05-02 00:00:00+00:00,109.4166028519
2013-05-03 00:00:00+00:00,110.6421472387
2013-05-06 00:00:00+00:00,110.6911690142
2013-05-07 00:00:00+00:00,111.1813867689
2013-05-08 00:00:00+00:00,112.7991053595
2013-05-09 00:00:00+00:00,111.6716045236
2013-05-10 00:00:00+00:00,112.2598658293
2013-05-13 00:00:00+00:00,112.0147569519
2013-05-14 00:00:00+00:00,112.7991053595
2013-05-15 00:00:00+00:00,113.9266061953
2013-05-16 00:00:00+00:00,114.0736715217
2013-05-17 00:00:00+00:00,115.0050852557
2013-05-20 00:00:00+00:00,115.5443247858
2013-05-21 00:00:00+00:00,115.9855207651
2013-05-22 00:00:00+00:00,116.9659562745
2013-05-23 00:00:00+00:00,115.9855207651
2013-05-24 00:00:00+00:00,115.348237684
2013-05-28 00:00:00+00:00,115.6913901123
2013-05-29 00:00:00+00:00,115.8874772141
2013-05-30 00:00:00+00:00,115.6913901123
2013-05-31 00:00:00+00:00,114.3187803991
2013-06-03 00:00:00+00:00,115.8874772141
2013-06-04 00:00:00+00:00,115.9855207651
2013-06-05 00:00:00+00:00,114.3187803991
2013-06-06 00:00:00+00:00,114.6129110519
2013-06-07 00:00:00+00:00,116.9659562745
2013-06-10 00:00:00+00:00,116.5737820707
2013-06-11 00:00:00+00:00,115.5933465613
2013-06-12 00:00:00+00:00,115.2011723575
2013-06-13 00:00:00+00:00,116.083564316
2013-06-14 00:00:00+00:00,115.2992159085
2013-06-17 00:00:00+00:00,116.5247602953
2013-06-18 00:00:00+00:00,119.2699797217
2013-06-19 00:00:00+00:00,117.5542175802
2013-06-20 00:00:00+00:00,114.9070417047
2013-06-21 00:00:00+00:00,115.4506879235
2013-06-24 00:00:00+00:00,113.3255254318
2013-06-25 00:00:00+00:00,114.2151283353
2013-06-26 00:00:00+00:00,114.9070417047
2013-06-27 00:00:00+00:00,115.2529983894
2013-06-28 00:00:00+00:00,114.6105074035
2013-07-01 00:00:00+00:00,115.3518431565
2013-07-02 00:00:00+00:00,113.1772582812
2013-07-03 00:00:00+00:00,113.2266806647
2013-07-05 00:00:00+00:00,114.8576193212
2013-07-08 00:00:00+00:00,115.2529983894
2013-07-09 00:00:00+00:00,116.7356698953
2013-07-10 00:00:00+00:00,116.3402908271
2013-07-11 00:00:00+00:00,118.3171861682
2013-07-12 00:00:00+00:00,117.4275832647
2013-07-15 00:00:00+00:00,116.7850922788
2013-07-16 00:00:00+00:00,115.7966446082
2013-07-17 00:00:00+00:00,116.3402908271
2013-07-18 00:00:00+00:00,116.7850922788
2013-07-19 00:00:00+00:00,122.1721320835
2013-07-22 00:00:00+00:00,122.8640454529
2013-07-23 00:00:00+00:00,122.1227096999
2013-07-24 00:00:00+00:00,121.6779082482
2013-07-25 00:00:00+00:00,122.0238649329
2013-07-26 00:00:00+00:00,121.8261753988
2013-07-29 00:00:00+00:00,121.0354172623
2013-07-30 00:00:00+00:00,120.9859948788
2013-07-31 00:00:00+00:00,120.44234866
2013-08-01 00:00:00+00:00,121.6779082482
2013-08-02 00:00:00+00:00,122.0732873164
2013-08-05 00:00:00+00:00,121.1836844129
2013-08-06 00:00:00+00:00,120.1458143588
2013-08-07 00:00:00+00:00,120.2940815094
2013-08-08 00:00:00+00:00,120.2446591258
2013-08-09 00:00:00+00:00,119.8492800576
2013-08-12 00:00:00+00:00,119.9481248247
2013-08-13 00:00:00+00:00,119.60216814
2013-08-14 00:00:00+00:00,118.9596771541
2013-08-15 00:00:00+00:00,118.6137204694
2013-08-16 00:00:00+00:00,118.3666085517
2013-08-19 00:00:00+00:00,117.8723847165
2013-08-20 00:00:00+00:00,117.2298937306
2013-08-21 00:00:00+00:00,116.6862475118
2013-08-22 00:00:00+00:00,117.5264280318
2013-08-23 00:00:00+00:00,117.5264280318
2013-08-26 00:00:00+00:00,116.6862475118
2013-08-27 00:00:00+00:00,114.56108502
2013-08-28 00:00:00+00:00,114.6599297871
2013-08-29 00:00:00+00:00,114.2151283353
2013-08-30 00:00:00+00:00,114.3633954859
2013-09-03 00:00:00+00:00,113.9680164177
2013-09-04 00:00:00+00:00,114.5116626365
2013-09-05 00:00:00+00:00,114.462240253
2013-09-06 00:00:00+00:00,114.462240253
2013-09-09 00:00:00+00:00,115.5989550741
2013-09-10 00:00:00+00:00,117.9712294835
2013-09-11 00:00:00+00:00,119.0585219212
2013-09-12 00:00:00+00:00,117.8723847165
2013-09-13 00:00:00+00:00,117.5264280318
2013-09-16 00:00:00+00:00,119.3056338388
2013-09-17 00:00:00+00:00,120.8377277282
2013-09-18 00:00:00+00:00,122.8640454529
2013-09-19 00:00:00+00:00,121.8261753988
2013-09-20 00:00:00+00:00,119.5848925317
2013-09-23 00:00:00+00:00,120.9296622519
2013-09-24 00:00:00+00:00,121.1288873957
2013-09-25 00:00:00+00:00,120.6806308222
2013-09-26 00:00:00+00:00,120.7802433941
2013-09-27 00:00:00+00:00,119.7841176754
2013-09-30 00:00:00+00:00,118.9872171004
2013-10-01 00:00:00+00:00,120.3817931066
2013-10-02 00:00:00+00:00,121.1786936816
2013-10-03 00:00:00+00:00,120.0331491051
2013-10-04 00:00:00+00:00,119.7841176754
2013-10-07 00:00:00+00:00,119.2362485301
2013-10-08 00:00:00+00:00,117.8914788098
2013-10-09 00:00:00+00:00,117.3934159505
2013-10-10 00:00:00+00:00,120.7802433941
2013-10-11 00:00:00+00:00,121.5273376832
2013-10-14 00:00:00+00:00,121.4277251113
2013-10-15 00:00:00+00:00,120.4814056785
2013-10-16 00:00:00+00:00,121.3281125394
2013-10-17 00:00:00+00:00,122.9219136894
2013-10-18 00:00:00+00:00,127.2550605658
2013-10-21 00:00:00+00:00,130.193631436
2013-10-22 00:00:00+00:00,129.5959560047
2013-10-23 00:00:00+00:00,128.0021548548
2013-10-24 00:00:00+00:00,129.1975057173
2013-10-25 00:00:00+00:00,128.8986680016
2013-10-28 00:00:00+00:00,129.9446000063
2013-10-29 00:00:00+00:00,130.5422754375
2013-10-30 00:00:00+00:00,131.3391760125
2013-10-31 00:00:00+00:00,130.193631436
2013-11-01 00:00:00+00:00,132.1858828734
2013-11-04 00:00:00+00:00,131.6380137281
2013-11-05 00:00:00+00:00,131.5882074422
2013-11-06 00:00:00+00:00,133.9789091671
2013-11-07 00:00:00+00:00,132.484720589
2013-11-08 00:00:00+00:00,134.7260034561
2013-11-11 00:00:00+00:00,134.5267783124
2013-11-12 00:00:00+00:00,134.7260034561
2013-11-13 00:00:00+00:00,135.2240663155
2013-11-14 00:00:00+00:00,134.4271657405
2013-11-15 00:00:00+00:00,135.4730977452
2013-11-18 00:00:00+00:00,135.572710317
2013-11-19 00:00:00+00:00,134.6263908842
2013-11-20 00:00:00+00:00,134.2777468827
2013-11-21 00:00:00+00:00,134.028715453
2013-11-22 00:00:00+00:00,134.8754223139
2013-11-25 00:00:00+00:00,133.1322023062
2013-11-26 00:00:00+00:00,133.3812337359
2013-11-27 00:00:00+00:00,133.6302651655
2013-11-29 00:00:00+00:00,132.7835583046
2013-12-02 00:00:00+00:00,132.7835583046
2013-12-03 00:00:00+00:00,132.2854954453
2013-12-04 00:00:00+00:00,132.6839457328
2013-12-05 00:00:00+00:00,131.7376263
2013-12-06 00:00:00+00:00,134.1781343108
2013-12-09 00:00:00+00:00,135.4232914592
2013-12-10 00:00:00+00:00,135.1742600295
2013-12-11 00:00:00+00:00,132.3851080171
2013-12-12 00:00:00+00:00,132.1858828734
2013-12-13 00:00:00+00:00,133.6800714515
2013-12-16 00:00:00+00:00,134.3773594546
2013-12-17 00:00:00+00:00,134.6263908842
2013-12-18 00:00:00+00:00,136.5190297498
2013-12-19 00:00:00+00:00,137.166511467
2013-12-20 00:00:00+00:00,137.3673409127
2013-12-23 00:00:00+00:00,137.5681703585
2013-12-24 00:00:00+00:00,138.6225249489
2013-12-26 00:00:00+00:00,139.7270869007
2013-12-27 00:00:00+00:00,139.7270869007
2013-12-30 00:00:00+00:00,140.0283310693
2013-12-31 00:00:00+00:00,140.7312341295
2014-01-02 00:00:00+00:00,138.070243973
2014-01-03 00:00:00+00:00,137.9698292501
2014-01-06 00:00:00+00:00,136.8652672983
2014-01-07 00:00:00+00:00,137.0158893826
2014-01-08 00:00:00+00:00,136.6142304911
2014-01-09 00:00:00+00:00,136.6644378525
2014-01-10 00:00:00+00:00,135.359046455
2014-01-13 00:00:00+00:00,134.2042771417
2014-01-14 00:00:00+00:00,135.4092538164
2014-01-15 00:00:00+00:00,137.2669261899
2014-01-16 00:00:00+00:00,136.5640231296
2014-01-17 00:00:00+00:00,133.4511667201
2014-01-21 00:00:00+00:00,131.9951532382
2014-01-22 00:00:00+00:00,130.4889323948
2014-01-23 00:00:00+00:00,129.6354072503
2014-01-24 00:00:00+00:00,125.2673668046
2014-01-27 00:00:00+00:00,125.8698551419
2014-01-28 00:00:00+00:00,127.8279422383
2014-01-29 00:00:00+00:00,126.9744170937
2014-01-30 00:00:00+00:00,128.028771684
2014-01-31 00:00:00+00:00,126.1710993106
2014-02-03 00:00:00+00:00,122.2549251179
2014-02-04 00:00:00+00:00,123.3594870697
2014-02-05 00:00:00+00:00,123.1084502625
2014-02-06 00:00:00+00:00,125.2673668046
2014-02-07 00:00:00+00:00,126.4723434792
2014-02-10 00:00:00+00:00,125.769440419
2014-02-11 00:00:00+00:00,127.6773201539
2014-02-12 00:00:00+00:00,127.4764907081
2014-02-13 00:00:00+00:00,127.7275275154
2014-02-14 00:00:00+00:00,129.2337483587
2014-02-18 00:00:00+00:00,128.7818821057
2014-02-19 00:00:00+00:00,127.5266980696
2014-02-20 00:00:00+00:00,127.2254539009
2014-02-21 00:00:00+00:00,126.3138065402
2014-02-24 00:00:00+00:00,128.0864541861
2014-02-25 00:00:00+00:00,127.9851600349
2014-02-26 00:00:00+00:00,128.1371012617
2014-02-27 00:00:00+00:00,129.1500427736
2014-02-28 00:00:00+00:00,128.9981015468
2014-03-03 00:00:00+00:00,127.2254539009
2014-03-04 00:00:00+00:00,129.9097489076
2014-03-05 00:00:00+00:00,131.3278670243
2014-03-06 00:00:00+00:00,132.7966322166
2014-03-07 00:00:00+00:00,132.3408085363
2014-03-10 00:00:00+00:00,131.8849848559
2014-03-11 00:00:00+00:00,131.1759257975
2014-03-12 00:00:00+00:00,130.4668667392
2014-03-13 00:00:00+00:00,128.3396895641
2014-03-14 00:00:00+00:00,127.1748068253
2014-03-17 00:00:00+00:00,128.7955132444
2014-03-18 00:00:00+00:00,129.9097489076
2014-03-19 00:00:00+00:00,128.0358071105
2014-03-20 00:00:00+00:00,127.9851600349
2014-03-21 00:00:00+00:00,128.6435720176
2014-03-24 00:00:00+00:00,128.6942190932
2014-03-25 00:00:00+00:00,130.1629842856
2014-03-26 00:00:00+00:00,129.7578076808
2014-03-27 00:00:00+00:00,130.7201021171
2014-03-28 00:00:00+00:00,131.0746316463
2014-03-31 00:00:00+00:00,131.1252787219
2014-04-01 00:00:00+00:00,131.0239845707
2014-04-02 00:00:00+00:00,131.8849848559
2014-04-03 00:00:00+00:00,132.8472792922
2014-04-04 00:00:00+00:00,131.7836907047
2014-04-07 00:00:00+00:00,130.9226904195
2014-04-08 00:00:00+00:00,130.4162196636
2014-04-09 00:00:00+00:00,131.4291611755
2014-04-10 00:00:00+00:00,129.5552193784
2014-04-11 00:00:00+00:00,128.7955132444
2014-04-14 00:00:00+00:00,130.2136313612
2014-04-15 00:00:00+00:00,130.7707491927
2014-04-16 00:00:00+00:00,132.2901614607
2014-04-17 00:00:00+00:00,134.518632787
2014-04-21 00:00:00+00:00,134.6705740137
2014-04-22 00:00:00+00:00,134.6199269382
2014-04-23 00:00:00+00:00,133.8095737286
2014-04-24 00:00:00+00:00,134.012162031
2014-04-25 00:00:00+00:00,134.7212210893
2014-04-28 00:00:00+00:00,135.6328684501
2014-04-29 00:00:00+00:00,135.5315742989
2014-04-30 00:00:00+00:00,136.1899862817
2014-05-01 00:00:00+00:00,135.5822213745
2014-05-02 00:00:00+00:00,135.1263976941
2014-05-05 00:00:00+00:00,134.6199269382
2014-05-06 00:00:00+00:00,132.6446909898
2014-05-07 00:00:00+00:00,134.3666915602
2014-05-08 00:00:00+00:00,133.9108678798
2014-05-09 00:00:00+00:00,133.8095737286
2014-05-12 00:00:00+00:00,135.9873979793
2014-05-13 00:00:00+00:00,136.3419275085
2014-05-14 00:00:00+00:00,135.5315742989
2014-05-15 00:00:00+00:00,134.7212210893
2014-05-16 00:00:00+00:00,135.0757506185
2014-05-19 00:00:00+00:00,134.7718681649
2014-05-20 00:00:00+00:00,133.2018088214
2014-05-21 00:00:00+00:00,134.1641032578
2014-05-22 00:00:00+00:00,134.265397409
2014-05-23 00:00:00+00:00,134.265397409
2014-05-27 00:00:00+00:00,134.5692798626
2014-05-28 00:00:00+00:00,135.0251035429
2014-05-29 00:00:00+00:00,135.4302801477
2014-05-30 00:00:00+00:00,135.6835155257
2014-06-02 00:00:00+00:00,135.8861038281
2014-06-03 00:00:00+00:00,135.6835155257
2014-06-04 00:00:00+00:00,134.4679857114
2014-06-05 00:00:00+00:00,135.5822213745
2014-06-06 00:00:00+00:00,137.658751474
2014-06-09 00:00:00+00:00,138.9755754395
2014-06-10 00:00:00+00:00,138.8236342127
2014-06-11 00:00:00+00:00,137.5068102472
2014-06-12 00:00:00+00:00,136.5445158109
2014-06-13 00:00:00+00:00,136.9496924156
2014-06-16 00:00:00+00:00,135.8354567525
2014-06-17 00:00:00+00:00,136.0886921305
2014-06-18 00:00:00+00:00,136.1899862817
2014-06-19 00:00:00+00:00,137.5068102472
2014-06-20 00:00:00+00:00,137.7110535599
2014-06-23 00:00:00+00:00,136.2302895431
2014-06-24 00:00:00+00:00,135.7196812614
2014-06-25 00:00:00+00:00,134.9027080108
2014-06-26 00:00:00+00:00,134.2389172447
2014-06-27 00:00:00+00:00,134.953768839
2014-06-30 00:00:00+00:00,134.1878564165
2014-07-01 00:00:00+00:00,134.8005863545
2014-07-02 00:00:00+00:00,135.8728637459
2014-07-03 00:00:00+00:00,137.1493844501
2014-07-07 00:00:00+00:00,136.5877153402
2014-07-08 00:00:00+00:00,134.64740387
2014-07-09 00:00:00+00:00,134.3920997292
2014-07-10 00:00:00+00:00,133.7793697912
2014-07-11 00:00:00+00:00,135.566498777
2014-07-14 00:00:00+00:00,136.1281678868
2014-07-15 00:00:00+00:00,135.8728637459
2014-07-16 00:00:00+00:00,137.9663577007
2014-07-17 00:00:00+00:00,135.8728637459
2014-07-18 00:00:00+00:00,135.1069513235
2014-07-21 00:00:00+00:00,132.6560315716
2014-07-22 00:00:00+00:00,132.8602748842
2014-07-23 00:00:00+00:00,132.2986057744
2014-07-24 00:00:00+00:00,132.4517882589
2014-07-25 00:00:00+00:00,131.6858758364
2014-07-28 00:00:00+00:00,130.6646592732
2014-07-29 00:00:00+00:00,129.9498076789
2014-07-30 00:00:00+00:00,130.919963414
2014-07-31 00:00:00+00:00,128.4179828339
2014-08-01 00:00:00+00:00,129.4391993972
2014-08-04 00:00:00+00:00,129.0307127719
2014-08-05 00:00:00+00:00,127.7541920678
2014-08-06 00:00:00+00:00,129.8987468507
2014-08-07 00:00:00+00:00,130.2051118197
2014-08-08 00:00:00+00:00,131.0220850703
2014-08-11 00:00:00+00:00,131.6858758364
2014-08-12 00:00:00+00:00,130.7667809295
2014-08-13 00:00:00+00:00,131.8901191491
2014-08-14 00:00:00+00:00,132.1454232899
2014-08-15 00:00:00+00:00,130.919963414
2014-08-18 00:00:00+00:00,133.1155790251
2014-08-19 00:00:00+00:00,133.0134573687
2014-08-20 00:00:00+00:00,134.5963430418
2014-08-21 00:00:00+00:00,134.953768839
2014-08-22 00:00:00+00:00,133.5240656504
2014-08-25 00:00:00+00:00,133.7793697912
2014-08-26 00:00:00+00:00,132.8092140561
2014-08-27 00:00:00+00:00,133.421943994
2014-08-28 00:00:00+00:00,132.8092140561
2014-08-29 00:00:00+00:00,132.6560315716
2014-09-02 00:00:00+00:00,131.9922408054
2014-09-03 00:00:00+00:00,132.5028490871
2014-09-04 00:00:00+00:00,132.5539099152
2014-09-05 00:00:00+00:00,133.2687615095
2014-09-08 00:00:00+00:00,133.1666398532
2014-09-09 00:00:00+00:00,132.2475449463
2014-09-10 00:00:00+00:00,132.5028490871
2014-09-11 00:00:00+00:00,132.8602748842
2014-09-12 00:00:00+00:00,132.0943624618
2014-09-15 00:00:00+00:00,132.3496666026
2014-09-16 00:00:00+00:00,133.8304306194
2014-09-17 00:00:00+00:00,134.1367955883
2014-09-18 00:00:00+00:00,134.953768839
2014-09-19 00:00:00+00:00,135.365684196
2014-09-22 00:00:00+00:00,134.2844063838
2014-09-23 00:00:00+00:00,133.9754698661
2014-09-24 00:00:00+00:00,133.5120650895
2014-09-25 00:00:00+00:00,131.5554671437
2014-09-26 00:00:00+00:00,131.9673825007
2014-09-29 00:00:00+00:00,130.8861046885
2014-09-30 00:00:00+00:00,131.9158930811
2014-10-01 00:00:00+00:00,129.5473797783
2014-10-02 00:00:00+00:00,129.3414220998
2014-10-03 00:00:00+00:00,130.7831258493
2014-10-06 00:00:00+00:00,129.856316296
2014-10-07 00:00:00+00:00,127.7452500914
2014-10-08 00:00:00+00:00,130.0107845549
2014-10-09 00:00:00+00:00,127.5907818325
2014-10-10 00:00:00+00:00,124.9648214316
2014-10-13 00:00:00+00:00,123.3171600036
2014-10-14 00:00:00+00:00,124.089501298
2014-10-15 00:00:00+00:00,125.0163108512
2014-10-16 00:00:00+00:00,124.8618425923
2014-10-17 00:00:00+00:00,127.796739511
2014-10-20 00:00:00+00:00,128.8780173231
2014-10-21 00:00:00+00:00,131.0405729474
2014-10-22 00:00:00+00:00,129.7018480372
2014-10-23 00:00:00+00:00,130.9890835278
2014-10-24 00:00:00+00:00,132.0188719203
2014-10-27 00:00:00+00:00,131.4009988848
2014-10-28 00:00:00+00:00,133.2546179913
2014-10-29 00:00:00+00:00,132.1218507596
2014-10-30 00:00:00+00:00,132.1733401792
2014-10-31 00:00:00+00:00,132.894192054
2014-11-03 00:00:00+00:00,132.3278084381
2014-11-04 00:00:00+00:00,132.3278084381
2014-11-05 00:00:00+00:00,132.9456814736
2014-11-06 00:00:00+00:00,135.7261101334
2014-11-07 00:00:00+00:00,135.9835572315
2014-11-10 00:00:00+00:00,136.2924937492
2014-11-11 00:00:00+00:00,135.8290889726
2014-11-12 00:00:00+00:00,136.5499408474
2014-11-13 00:00:00+00:00,136.0350466511
2014-11-14 00:00:00+00:00,136.2410043296
2014-11-17 00:00:00+00:00,137.013345624
2014-11-18 00:00:00+00:00,139.072922409
2014-11-19 00:00:00+00:00,138.6095176324
2014-11-20 00:00:00+00:00,138.249091695
2014-11-21 00:00:00+00:00,138.9699435698
2014-11-24 00:00:00+00:00,139.0214329894
2014-11-25 00:00:00+00:00,138.3005811147
2014-11-26 00:00:00+00:00,138.3520705343
2014-11-28 00:00:00+00:00,136.3954725885
2014-12-01 00:00:00+00:00,133.9754698661
2014-12-02 00:00:00+00:00,134.129938125
2014-12-03 00:00:00+00:00,135.8290889726
2014-12-04 00:00:00+00:00,134.3358958035
2014-12-05 00:00:00+00:00,133.9239804465
2014-12-08 00:00:00+00:00,132.2763190184
2014-12-09 00:00:00+00:00,131.7099354026
2014-12-10 00:00:00+00:00,130.1137633942
2014-12-11 00:00:00+00:00,130.8346152689
2014-12-12 00:00:00+00:00,128.1571654484
2014-12-15 00:00:00+00:00,126.6124828596
2014-12-16 00:00:00+00:00,126.0975886634
2014-12-17 00:00:00+00:00,126.972908797
2014-12-18 00:00:00+00:00,130.6286575904
2014-12-19 00:00:00+00:00,133.122760838
2014-12-22 00:00:00+00:00,133.5904051969
2014-12-23 00:00:00+00:00,134.4737334304
2014-12-24 00:00:00+00:00,134.2139310088
2014-12-26 00:00:00+00:00,133.9541285872
2014-12-29 00:00:00+00:00,133.5384447126
2014-12-30 00:00:00+00:00,132.8629584164
2014-12-31 00:00:00+00:00,131.3041438866
2015-01-02 00:00:00+00:00,130.2129737158
2015-01-05 00:00:00+00:00,127.8227914369
2015-01-06 00:00:00+00:00,125.0688857678
2015-01-07 00:00:00+00:00,125.1208462521
2015-01-08 00:00:00+00:00,126.6277002975
2015-01-09 00:00:00+00:00,124.8610438305
2015-01-12 00:00:00+00:00,124.6012414088
2015-01-13 00:00:00+00:00,123.977715597
2015-01-14 00:00:00+00:00,123.5620317224
2015-01-15 00:00:00+00:00,122.5228220359
2015-01-16 00:00:00+00:00,122.5747825202
2015-01-20 00:00:00+00:00,123.9257551126
2015-01-21 00:00:00+00:00,124.9130043148
2015-01-22 00:00:00+00:00,126.1600559386
2015-01-23 00:00:00+00:00,127.199265625
2015-01-26 00:00:00+00:00,127.7708309526
2015-01-27 00:00:00+00:00,126.6796607818
2015-01-28 00:00:00+00:00,123.8737946283
2015-01-29 00:00:00+00:00,125.1208462521
2015-01-30 00:00:00+00:00,124.1335970499
2015-02-02 00:00:00+00:00,125.7963325483
2015-02-03 00:00:00+00:00,127.1473051407
2015-02-04 00:00:00+00:00,125.5365301267
2015-02-05 00:00:00+00:00,127.3031865937
2015-02-06 00:00:00+00:00,127.4071075623
2015-02-09 00:00:00+00:00,128.0306333742
2015-02-10 00:00:00+00:00,128.4463172488
2015-02-11 00:00:00+00:00,128.7061196704
2015-02-12 00:00:00+00:00,129.3296454823
2015-02-13 00:00:00+00:00,130.6806180747
2015-02-17 00:00:00+00:00,130.7845390434
2015-02-18 00:00:00+00:00,131.200222918
2015-02-19 00:00:00+00:00,131.1482624337
2015-02-20 00:00:00+00:00,132.1970290265
2015-02-23 00:00:00+00:00,131.9872757079
2015-02-24 00:00:00+00:00,133.14091896
2015-02-25 00:00:00+00:00,135.8677121014
2015-02-26 00:00:00+00:00,135.7628354421
2015-02-27 00:00:00+00:00,136.2872187385
2015-03-02 00:00:00+00:00,136.9164786942
2015-03-03 00:00:00+00:00,135.6055204532
2015-03-04 00:00:00+00:00,134.5567538604
2015-03-05 00:00:00+00:00,135.3957671346
2015-03-06 00:00:00+00:00,133.298233949
2015-03-09 00:00:00+00:00,134.4518772011
2015-03-10 00:00:00+00:00,131.9872757079
2015-03-11 00:00:00+00:00,132.0921523672
2015-03-12 00:00:00+00:00,133.1933572897
2015-03-13 00:00:00+00:00,131.3055774226
2015-03-16 00:00:00+00:00,133.4555489379
2015-03-17 00:00:00+00:00,132.7214123229
2015-03-18 00:00:00+00:00,134.4518772011
2015-03-19 00:00:00+00:00,132.8262889822
2015-03-20 00:00:00+00:00,133.1933572897
2015-03-23 00:00:00+00:00,133.5604255972
2015-03-24 00:00:00+00:00,132.5116590043
2015-03-25 00:00:00+00:00,130.6238791372
2015-03-26 00:00:00+00:00,130.0470575112
2015-03-27 00:00:00+00:00,130.361687489
2015-03-30 00:00:00+00:00,131.7250840597
2015-03-31 00:00:00+00:00,130.0994958408
2015-04-01 00:00:00+00:00,130.2568108298
2015-04-02 00:00:00+00:00,130.7811941262
2015-04-06 00:00:00+00:00,132.0397140376
2015-04-07 00:00:00+00:00,131.2007007633
2015-04-08 00:00:00+00:00,131.1482624337
2015-04-09 00:00:00+00:00,134.9238221679
2015-04-10 00:00:00+00:00,149.5016778082
2015-04-13 00:00:00+00:00,144.8871047998
2015-04-14 00:00:00+00:00,145.4114880962
2015-04-15 00:00:00+00:00,143.9956531959
2015-04-16 00:00:00+00:00,143.0517632623
2015-04-17 00:00:00+00:00,142.8944482734
2015-04-20 00:00:00+00:00,141.6883666916
2015-04-21 00:00:00+00:00,139.590833506
2015-04-22 00:00:00+00:00,141.1115450656
2015-04-23 00:00:00+00:00,140.7969150877
2015-04-24 00:00:00+00:00,140.5347234395
2015-04-27 00:00:00+00:00,140.9542300766
2015-04-28 00:00:00+00:00,142.212749988
2015-04-29 00:00:00+00:00,142.0554349991
2015-04-30 00:00:00+00:00,142.0029966695
2015-05-01 00:00:00+00:00,143.2090782512
2015-05-04 00:00:00+00:00,142.9993249327
2015-05-05 00:00:00+00:00,141.1639833952
2015-05-06 00:00:00+00:00,140.5871617691
2015-05-07 00:00:00+00:00,141.7932433509
2015-05-08 00:00:00+00:00,143.4712698994
2015-05-11 00:00:00+00:00,141.1639833952
2015-05-12 00:00:00+00:00,141.7408050213
2015-05-13 00:00:00+00:00,142.6846949548
2015-05-14 00:00:00+00:00,143.7334615476
2015-05-15 00:00:00+00:00,142.9993249327
2015-05-18 00:00:00+00:00,143.2090782512
2015-05-19 00:00:00+00:00,143.4188315698
2015-05-20 00:00:00+00:00,144.9395431294
2015-05-21 00:00:00+00:00,145.3590497665
2015-05-22 00:00:00+00:00,145.149296448
2015-05-26 00:00:00+00:00,144.3102831737
2015-05-27 00:00:00+00:00,144.3102831737
2015-05-28 00:00:00+00:00,144.8871047998
2015-05-29 00:00:00+00:00,142.9993249327
2015-06-01 00:00:00+00:00,143.0517632623
2015-06-02 00:00:00+00:00,143.3139549105
2015-06-03 00:00:00+00:00,144.3627215033
2015-06-04 00:00:00+00:00,142.946886603
2015-06-05 00:00:00+00:00,143.1042015919
2015-06-08 00:00:00+00:00,142.8420099437
2015-06-09 00:00:00+00:00,143.3139549105
2015-06-10 00:00:00+00:00,144.8871047998
2015-06-11 00:00:00+00:00,144.2578448441
2015-06-12 00:00:00+00:00,143.6285848884
2015-06-15 00:00:00+00:00,142.6846949548
2015-06-16 00:00:00+00:00,142.7371332845
2015-06-17 00:00:00+00:00,142.9993249327
2015-06-18 00:00:00+00:00,144.7297898108
2015-06-19 00:00:00+00:00,144.0423629685
2015-06-22 00:00:00+00:00,144.9941847502
2015-06-23 00:00:00+00:00,145.6816115926
2015-06-24 00:00:00+00:00,144.1481209442
2015-06-25 00:00:00+00:00,142.984783211
2015-06-26 00:00:00+00:00,143.2491781504
2015-06-29 00:00:00+00:00,140.869623696
2015-06-30 00:00:00+00:00,140.4994707809
2015-07-01 00:00:00+00:00,140.9753816718
2015-07-02 00:00:00+00:00,141.6099295263
2015-07-06 00:00:00+00:00,139.1246170962
2015-07-07 00:00:00+00:00,139.9706809022
2015-07-08 00:00:00+00:00,136.9036996055
2015-07-09 00:00:00+00:00,137.5911264479
2015-07-10 00:00:00+00:00,138.9131011447
2015-07-13 00:00:00+00:00,139.9706809022
2015-07-14 00:00:00+00:00,140.9753816718
2015-07-15 00:00:00+00:00,141.5570505384
2015-07-16 00:00:00+00:00,142.984783211
2015-07-17 00:00:00+00:00,144.0423629685
2015-07-20 00:00:00+00:00,143.5135730897
2015-07-21 00:00:00+00:00,141.9800824414
2015-07-22 00:00:00+00:00,140.8167447082
2015-07-23 00:00:00+00:00,138.8602221568
2015-07-24 00:00:00+00:00,136.1633937753
2015-07-27 00:00:00+00:00,137.2209735327
2015-07-28 00:00:00+00:00,138.0141583509
2015-07-29 00:00:00+00:00,138.8602221568
2015-07-30 00:00:00+00:00,138.1199163266
2015-07-31 00:00:00+00:00,138.0141583509
2015-08-03 00:00:00+00:00,136.7979416298
2015-08-04 00:00:00+00:00,136.9565785934
2015-08-05 00:00:00+00:00,138.0141583509
2015-08-06 00:00:00+00:00,137.6440054357
2015-08-07 00:00:00+00:00,136.3749097268
2015-08-10 00:00:00+00:00,138.7544641811
2015-08-11 00:00:00+00:00,135.9518778238
2015-08-12 00:00:00+00:00,136.7450626419
2015-08-13 00:00:00+00:00,136.3749097268
2015-08-14 00:00:00+00:00,137.9084003751
2015-08-17 00:00:00+00:00,138.5958272175
2015-08-18 00:00:00+00:00,137.8555213872
2015-08-19 00:00:00+00:00,136.0576357995
2015-08-20 00:00:00+00:00,133.2021704543
2015-08-21 00:00:00+00:00,130.0294311819
2015-08-24 00:00:00+00:00,126.222144055
2015-08-25 00:00:00+00:00,123.0494047825
2015-08-26 00:00:00+00:00,126.9624498852
2015-08-27 00:00:00+00:00,132.2503486726
2015-08-28 00:00:00+00:00,133.0435334907
2015-08-31 00:00:00+00:00,131.245647903
2015-09-01 00:00:00+00:00,126.2750230428
2015-09-02 00:00:00+00:00,129.9236732061
2015-09-03 00:00:00+00:00,129.6063992789
2015-09-04 00:00:00+00:00,126.9095708973
2015-09-08 00:00:00+00:00,131.9859537332
2015-09-09 00:00:00+00:00,129.8179152304
2015-09-10 00:00:00+00:00,130.5053420728
2015-09-11 00:00:00+00:00,131.9330747454
2015-09-14 00:00:00+00:00,130.9812529636
2015-09-15 00:00:00+00:00,133.7838393209
2015-09-16 00:00:00+00:00,137.115215557
2015-09-17 00:00:00+00:00,135.2644509814
2015-09-18 00:00:00+00:00,132.3297193033
2015-09-21 00:00:00+00:00,133.877123279
2015-09-22 00:00:00+00:00,133.9838407946
2015-09-23 00:00:00+00:00,134.143917068
2015-09-24 00:00:00+00:00,132.9166656389
2015-09-25 00:00:00+00:00,132.9700243967
2015-09-28 00:00:00+00:00,129.7151401719
2015-09-29 00:00:00+00:00,131.1024678743
2015-09-30 00:00:00+00:00,134.5707871302
2015-10-01 00:00:00+00:00,134.4107108569
2015-10-02 00:00:00+00:00,135.9047560748
2015-10-05 00:00:00+00:00,143.1081883756
2015-10-06 00:00:00+00:00,145.6160499914
2015-10-07 00:00:00+00:00,148.177270365
2015-10-08 00:00:00+00:00,149.5645980674
2015-10-09 00:00:00+00:00,149.7780330985
2015-10-12 00:00:00+00:00,149.8847506141
2015-10-13 00:00:00+00:00,148.7108579429
2015-10-14 00:00:00+00:00,147.2701714827
2015-10-15 00:00:00+00:00,149.5645980674
2015-10-16 00:00:00+00:00,154.6336800569
2015-10-19 00:00:00+00:00,154.6870388146
2015-10-20 00:00:00+00:00,153.5665049012
2015-10-21 00:00:00+00:00,153.9400162057
2015-10-22 00:00:00+00:00,157.8352055239
2015-10-23 00:00:00+00:00,157.4616942194
2015-10-26 00:00:00+00:00,157.6751292505
2015-10-27 00:00:00+00:00,157.1949004305
2015-10-28 00:00:00+00:00,156.821389126
2015-10-29 00:00:00+00:00,156.5545953371
2015-10-30 00:00:00+00:00,154.3135275102
2015-11-02 00:00:00+00:00,156.8747478838
2015-11-03 00:00:00+00:00,157.8885642817
2015-11-04 00:00:00+00:00,157.6217704927
2015-11-05 00:00:00+00:00,158.1553580706
2015-11-06 00:00:00+00:00,159.6494032885
2015-11-09 00:00:00+00:00,158.7423044062
2015-11-10 00:00:00+00:00,160.7165784442
2015-11-11 00:00:00+00:00,163.6513101223
2015-11-12 00:00:00+00:00,160.9300134753
2015-11-13 00:00:00+00:00,161.5703185687
2015-11-16 00:00:00+00:00,161.997188631
2015-11-17 00:00:00+00:00,161.7837535999
2015-11-18 00:00:00+00:00,162.8509287555
2015-11-19 00:00:00+00:00,161.5169598109
2015-11-20 00:00:00+00:00,163.5979513645
2015-11-23 00:00:00+00:00,163.22444006
2015-11-24 00:00:00+00:00,163.5979513645
2015-11-25 00:00:00+00:00,161.997188631
2015-11-27 00:00:00+00:00,161.997188631
2015-11-30 00:00:00+00:00,159.7561208041
2015-12-01 00:00:00+00:00,160.9833722331
2015-12-02 00:00:00+00:00,159.9161970774
2015-12-03 00:00:00+00:00,160.2363496241
2015-12-04 00:00:00+00:00,162.6908524822
2015-12-07 00:00:00+00:00,162.0505473888
2015-12-08 00:00:00+00:00,161.0900897487
2015-12-09 00:00:00+00:00,162.5841349666
2015-12-10 00:00:00+00:00,163.5445926067
2015-12-11 00:00:00+00:00,161.4636010532
2015-12-14 00:00:00+00:00,161.4636010532
2015-12-15 00:00:00+00:00,161.7837535999
2015-12-16 00:00:00+00:00,165.3054316136
2015-12-17 00:00:00+00:00,164.2382564579
2015-12-18 00:00:00+00:00,162.7867235858
2015-12-21 00:00:00+00:00,163.4318493067
2015-12-22 00:00:00+00:00,163.9156935974
2015-12-23 00:00:00+00:00,166.3886755277
2015-12-24 00:00:00+00:00,165.7435498068
2015-12-28 00:00:00+00:00,166.119873144
2015-12-29 00:00:00+00:00,168.1627712603
2015-12-30 00:00:00+00:00,166.9262802952
2015-12-31 00:00:00+00:00,167.4638850626
2016-01-04 00:00:00+00:00,165.0984240858
2016-01-05 00:00:00+00:00,165.2597055161
2016-01-06 00:00:00+00:00,162.6254421555
2016-01-07 00:00:00+00:00,155.7441011321
2016-01-08 00:00:00+00:00,152.9485563413
2016-01-11 00:00:00+00:00,153.647442539
2016-01-12 00:00:00+00:00,153.9700053995
2016-01-13 00:00:00+00:00,151.8195863297
2016-01-14 00:00:00+00:00,156.2279454228
2016-01-15 00:00:00+00:00,153.1635982483
2016-01-19 00:00:00+00:00,153.1635982483
2016-01-20 00:00:00+00:00,150.5293348878
2016-01-21 00:00:00+00:00,153.7012030158
2016-01-22 00:00:00+00:00,151.8195863297
2016-01-25 00:00:00+00:00,150.7443767947
2016-01-26 00:00:00+00:00,152.1959096669
2016-01-27 00:00:00+00:00,150.5293348878
2016-01-28 00:00:00+00:00,151.6583048994
2016-01-29 00:00:00+00:00,156.4429873298
2016-02-01 00:00:00+00:00,153.9700053995
2016-02-02 00:00:00+00:00,151.8195863297
2016-02-03 00:00:00+00:00,154.1312868297
2016-02-04 00:00:00+00:00,156.8730711437
2016-02-05 00:00:00+00:00,153.432400632
2016-02-08 00:00:00+00:00,151.4432629924
2016-02-09 00:00:00+00:00,152.0346282366
2016-02-10 00:00:00+00:00,152.1421491901
2016-02-11 00:00:00+00:00,147.5725086668
2016-02-12 00:00:00+00:00,151.9271072832
2016-02-16 00:00:00+00:00,155.1527358879
2016-02-17 00:00:00+00:00,157.7332387717
2016-02-18 00:00:00+00:00,156.3354663763
2016-02-19 00:00:00+00:00,156.0129035158
2016-02-22 00:00:00+00:00,158.1095621089
2016-02-23 00:00:00+00:00,157.0881130507
2016-02-24 00:00:00+00:00,155.6903406553
2016-02-25 00:00:00+00:00,158.3783644926
2016-02-26 00:00:00+00:00,159.2994839577
2016-02-29 00:00:00+00:00,157.8907130111
2016-03-01 00:00:00+00:00,161.900291859
2016-03-02 00:00:00+00:00,163.5257967974
2016-03-03 00:00:00+00:00,163.7425307892
2016-03-04 00:00:00+00:00,165.0429347398
2016-03-07 00:00:00+00:00,164.1218152748
2016-03-08 00:00:00+00:00,162.875594822
2016-03-09 00:00:00+00:00,162.8214113241
2016-03-10 00:00:00+00:00,162.2253928467
2016-03-11 00:00:00+00:00,164.3927327645
2016-03-14 00:00:00+00:00,164.0134482789
2016-03-15 00:00:00+00:00,164.0676317768
2016-03-16 00:00:00+00:00,163.4716132994
2016-03-17 00:00:00+00:00,167.7521096371
2016-03-18 00:00:00+00:00,167.5353756453
2016-03-21 00:00:00+00:00,168.4564951104
2016-03-22 00:00:00+00:00,168.2939446165
2016-03-23 00:00:00+00:00,168.3481281145
2016-03-24 00:00:00+00:00,168.5648621062
2016-03-28 00:00:00+00:00,170.6238350282
2016-03-29 00:00:00+00:00,170.5696515302
2016-03-30 00:00:00+00:00,172.4660739583
2016-03-31 00:00:00+00:00,172.2493399665
2016-04-01 00:00:00+00:00,173.0079089377
2016-04-04 00:00:00+00:00,169.2150640816
2016-04-05 00:00:00+00:00,167.860476633
2016-04-06 00:00:00+00:00,167.4270086494
2016-04-07 00:00:00+00:00,165.9640542049
2016-04-08 00:00:00+00:00,166.830990172
2016-04-11 00:00:00+00:00,166.3975221885
2016-04-12 00:00:00+00:00,166.9393571679
2016-04-13 00:00:00+00:00,167.860476633
2016-04-14 00:00:00+00:00,168.0772106247
2016-04-15 00:00:00+00:00,168.1313941227
2016-04-18 00:00:00+00:00,168.2939446165
2016-04-19 00:00:00+00:00,168.781596098
2016-04-20 00:00:00+00:00,168.781596098
2016-04-21 00:00:00+00:00,167.860476633
2016-04-22 00:00:00+00:00,166.6684396782
2016-04-25 00:00:00+00:00,166.2349716946
2016-04-26 00:00:00+00:00,167.4270086494
2016-04-27 00:00:00+00:00,167.5895591432
2016-04-28 00:00:00+00:00,167.4270086494
2016-04-29 00:00:00+00:00,166.6142561802
2016-05-02 00:00:00+00:00,167.3728251515
2016-05-03 00:00:00+00:00,165.9640542049
2016-05-04 00:00:00+00:00,162.92977832
2016-05-05 00:00:00+00:00,161.954475357
2016-05-06 00:00:00+00:00,163.2006958097
2016-05-09 00:00:00+00:00,161.8461083611
2016-05-10 00:00:00+00:00,165.1513017357
2016-05-11 00:00:00+00:00,164.3927327645
2016-05-12 00:00:00+00:00,163.0381453159
2016-05-13 00:00:00+00:00,160.5998879084
2016-05-16 00:00:00+00:00,162.3337598426
2016-05-17 00:00:00+00:00,160.979172394
2016-05-18 00:00:00+00:00,160.4373374145
2016-05-19 00:00:00+00:00,159.0827499659
2016-05-20 00:00:00+00:00,160.1664199248
2016-05-23 00:00:00+00:00,159.7871354392
2016-05-24 00:00:00+00:00,161.7377413652
2016-05-25 00:00:00+00:00,163.0381453159
2016-05-26 00:00:00+00:00,162.6588608303
2016-05-27 00:00:00+00:00,163.2006958097
2016-05-31 00:00:00+00:00,163.7967142871
2016-06-01 00:00:00+00:00,163.1465123118
2016-06-02 00:00:00+00:00,162.8214113241
2016-06-03 00:00:00+00:00,162.2253928467
2016-06-06 00:00:00+00:00,163.2006958097
2016-06-07 00:00:00+00:00,163.3090628056
2016-06-08 00:00:00+00:00,164.2301822707
2016-06-09 00:00:00+00:00,163.8508977851
2016-06-10 00:00:00+00:00,162.7672278262
2016-06-13 00:00:00+00:00,161.6293743693
2016-06-14 00:00:00+00:00,164.9345677439
2016-06-15 00:00:00+00:00,165.7473202131
2016-06-16 00:00:00+00:00,167.2644581556
2016-06-17 00:00:00+00:00,167.0460972441
2016-06-20 00:00:00+00:00,168.3016724849
2016-06-21 00:00:00+00:00,168.9021649913
2016-06-22 00:00:00+00:00,168.0287213456
2016-06-23 00:00:00+00:00,170.2669206877
2016-06-24 00:00:00+00:00,162.7880594713
2016-06-27 00:00:00+00:00,160.0585480784
2016-06-28 00:00:00+00:00,163.4431422055
2016-06-29 00:00:00+00:00,166.7731461049
2016-06-30 00:00:00+00:00,171.8500372956
2016-07-01 00:00:00+00:00,171.9046275235
2016-07-05 00:00:00+00:00,171.686266612
2016-07-06 00:00:00+00:00,173.2693832199
2016-07-07 00:00:00+00:00,173.7061050428
2016-07-08 00:00:00+00:00,175.7805337014
2016-07-11 00:00:00+00:00,175.8351239292
2016-07-12 00:00:00+00:00,176.1080750685
2016-07-13 00:00:00+00:00,176.6539773471
2016-07-14 00:00:00+00:00,178.1279134992
2016-07-15 00:00:00+00:00,179.4926691957
2016-07-18 00:00:00+00:00,179.6564398792
2016-07-19 00:00:00+00:00,179.765620335
2016-07-20 00:00:00+00:00,178.9467669171
2016-07-21 00:00:00+00:00,177.9095525878
2016-07-22 00:00:00+00:00,175.0162705113
2016-07-25 00:00:00+00:00,172.7234809413
2016-07-26 00:00:00+00:00,171.7954470678
2016-07-27 00:00:00+00:00,170.7582327385
2016-07-28 00:00:00+00:00,170.5944620549
2016-07-29 00:00:00+00:00,169.9939695485
2016-08-01 00:00:00+00:00,170.0485597763
2016-08-02 00:00:00+00:00,169.5026574977
2016-08-03 00:00:00+00:00,169.9393793206
2016-08-04 00:00:00+00:00,170.157740232
2016-08-05 00:00:00+00:00,170.7582327385
2016-08-08 00:00:00+00:00,170.7036425106
2016-08-09 00:00:00+00:00,170.8674131942
2016-08-10 00:00:00+00:00,170.7036425106
2016-08-11 00:00:00+00:00,170.8128229663
2016-08-12 00:00:00+00:00,170.539871827
2016-08-15 00:00:00+00:00,170.539871827
2016-08-16 00:00:00+00:00,170.2669206877
2016-08-17 00:00:00+00:00,170.8128229663
2016-08-18 00:00:00+00:00,171.5770861563
2016-08-19 00:00:00+00:00,170.5944620549
2016-08-22 00:00:00+00:00,170.9765936499
2016-08-23 00:00:00+00:00,170.4852815992
2016-08-24 00:00:00+00:00,170.4306913713
2016-08-25 00:00:00+00:00,170.3761011435
2016-08-26 00:00:00+00:00,170.4852815992
2016-08-29 00:00:00+00:00,171.1949545613
2016-08-30 00:00:00+00:00,171.2495447892
2016-08-31 00:00:00+00:00,170.539871827
2016-09-01 00:00:00+00:00,170.3215109156
2016-09-02 00:00:00+00:00,170.8128229663
2016-09-06 00:00:00+00:00,169.5026574977
2016-09-07 00:00:00+00:00,169.5572477256
2016-09-08 00:00:00+00:00,169.4480672699
2016-09-09 00:00:00+00:00,164.3711760791
2016-09-12 00:00:00+00:00,166.4456047377
2016-09-13 00:00:00+00:00,162.9518301548
2016-09-14 00:00:00+00:00,162.132976737
2016-09-15 00:00:00+00:00,163.661503117
2016-09-16 00:00:00+00:00,163.2764172273
2016-09-19 00:00:00+00:00,161.9011104784
2016-09-20 00:00:00+00:00,163.2214049573
2016-09-21 00:00:00+00:00,164.2116258165
2016-09-22 00:00:00+00:00,165.2568589457
2016-09-23 00:00:00+00:00,164.4316748963
2016-09-26 00:00:00+00:00,162.5062454479
2016-09-27 00:00:00+00:00,164.3766626264
2016-09-28 00:00:00+00:00,164.4866871663
2016-09-29 00:00:00+00:00,162.451233178
2016-09-30 00:00:00+00:00,162.9463436076
2016-10-03 00:00:00+00:00,163.0563681475
2016-10-04 00:00:00+00:00,162.2861963681
2016-10-05 00:00:00+00:00,162.2861963681
2016-10-06 00:00:00+00:00,161.0209141591
2016-10-07 00:00:00+00:00,159.97568103
2016-10-10 00:00:00+00:00,158.765411091
2016-10-11 00:00:00+00:00,159.0954847107
2016-10-12 00:00:00+00:00,158.9854601708
2016-10-13 00:00:00+00:00,158.2703006614
2016-10-14 00:00:00+00:00,158.9304479008
2016-10-17 00:00:00+00:00,158.710398821
2016-10-18 00:00:00+00:00,159.4255583304
2016-10-19 00:00:00+00:00,159.8656564901
2016-10-20 00:00:00+00:00,159.92066876
2016-10-21 00:00:00+00:00,159.4255583304
2016-10-24 00:00:00+00:00,159.0954847107
2016-10-25 00:00:00+00:00,157.6101534219
2016-10-26 00:00:00+00:00,158.8204233609
2016-10-27 00:00:00+00:00,157.500128882
2016-10-28 00:00:00+00:00,160.7458528093
2016-10-31 00:00:00+00:00,160.0857055699
2016-11-01 00:00:00+00:00,158.8754356309
2016-11-02 00:00:00+00:00,156.7299571026
2016-11-03 00:00:00+00:00,155.5746994335
2016-11-04 00:00:00+00:00,156.4548957528
2016-11-07 00:00:00+00:00,161.2409632389
2016-11-08 00:00:00+00:00,161.8460982085
2016-11-09 00:00:00+00:00,163.0013558775
2016-11-10 00:00:00+00:00,167.292312934
2016-11-11 00:00:00+00:00,168.9426810327
2016-11-14 00:00:00+00:00,167.8424356336
2016-11-15 00:00:00+00:00,169.1627301125
2016-11-16 00:00:00+00:00,169.1077178425
2016-11-17 00:00:00+00:00,169.3827791923
2016-11-18 00:00:00+00:00,168.7226319529
2016-11-21 00:00:00+00:00,169.822877352
2016-11-22 00:00:00+00:00,171.5282577206
2016-11-23 00:00:00+00:00,172.4084540399
2016-11-25 00:00:00+00:00,172.9585767394
2016-11-28 00:00:00+00:00,171.9133436103
2016-11-29 00:00:00+00:00,170.8130982112
2016-11-30 00:00:00+00:00,169.2177423825
2016-12-01 00:00:00+00:00,172.6835153896
2016-12-02 00:00:00+00:00,172.4084540399
2016-12-05 00:00:00+00:00,171.1431718309
2016-12-06 00:00:00+00:00,171.4732454506
2016-12-07 00:00:00+00:00,173.8387730587
2016-12-08 00:00:00+00:00,173.453687169
2016-12-09 00:00:00+00:00,174.8289939179
2016-12-12 00:00:00+00:00,175.2690920775
2016-12-13 00:00:00+00:00,174.6089448381
2016-12-14 00:00:00+00:00,173.2886503592
2016-12-15 00:00:00+00:00,171.9683558802
2016-12-16 00:00:00+00:00,174.663957108
2016-12-19 00:00:00+00:00,175.5991656973
2016-12-20 00:00:00+00:00,177.4145706058
2016-12-21 00:00:00+00:00,176.7544233663
2016-12-22 00:00:00+00:00,176.3693374766
2016-12-23 00:00:00+00:00,176.7019006523
2016-12-27 00:00:00+00:00,176.8127550442
2016-12-28 00:00:00+00:00,175.7042111254
2016-12-29 00:00:00+00:00,175.7596383213
2016-12-30 00:00:00+00:00,175.149939166
2017-01-03 00:00:00+00:00,175.6487839294
2017-01-04 00:00:00+00:00,175.7042111254
2017-01-05 00:00:00+00:00,174.7065215985
2017-01-06 00:00:00+00:00,175.2053663619
2017-01-09 00:00:00+00:00,174.3739584229
2017-01-10 00:00:00+00:00,173.8751136594
2017-01-11 00:00:00+00:00,174.4293856188
2017-01-12 00:00:00+00:00,173.9859680513
2017-01-13 00:00:00+00:00,173.8196864635
2017-01-17 00:00:00+00:00,173.3208417
2017-01-18 00:00:00+00:00,173.0991329163
2017-01-19 00:00:00+00:00,172.9882785244
2017-01-20 00:00:00+00:00,169.2192292006
2017-01-23 00:00:00+00:00,164.8959079174
2017-01-24 00:00:00+00:00,166.2815878158
2017-01-25 00:00:00+00:00,168.3323940655
2017-01-26 00:00:00+00:00,168.0552580859
2017-01-27 00:00:00+00:00,166.3370150118
2017-01-30 00:00:00+00:00,166.0598790321
2017-01-31 00:00:00+00:00,164.6187719377
2017-02-01 00:00:00+00:00,164.5633447417
2017-02-02 00:00:00+00:00,164.5079175458
2017-02-03 00:00:00+00:00,164.6187719377
2017-02-06 00:00:00+00:00,164.3970631539
2017-02-07 00:00:00+00:00,163.8427911945
2017-02-08 00:00:00+00:00,163.1222376473
2017-02-09 00:00:00+00:00,164.0090727823
2017-02-10 00:00:00+00:00,164.7296263295
2017-02-13 00:00:00+00:00,166.5032965996
2017-02-14 00:00:00+00:00,167.8335493021
2017-02-15 00:00:00+00:00,168.2215396737
2017-02-16 00:00:00+00:00,168.7758116331
2017-02-17 00:00:00+00:00,168.3323940655
2017-02-21 00:00:00+00:00,169.1638020046
2017-02-22 00:00:00+00:00,168.1106852818
2017-02-23 00:00:00+00:00,167.7226949102
2017-02-24 00:00:00+00:00,168.6724903178
2017-02-27 00:00:00+00:00,167.2757323655
2017-02-28 00:00:00+00:00,166.5494182303
2017-03-01 00:00:00+00:00,168.6724903178
2017-03-02 00:00:00+00:00,168.6724903178
2017-03-03 00:00:00+00:00,168.2813980911
2017-03-06 00:00:00+00:00,167.610954274
2017-03-07 00:00:00+00:00,166.8287698208
2017-03-08 00:00:00+00:00,166.4935479122
2017-03-09 00:00:00+00:00,165.7113634589
2017-03-10 00:00:00+00:00,169.1753231806
2017-03-13 00:00:00+00:00,166.8287698208
2017-03-14 00:00:00+00:00,165.0409196418
2017-03-15 00:00:00+00:00,166.2700666398
2017-03-16 00:00:00+00:00,166.2141963218
2017-03-17 00:00:00+00:00,166.9405104569
2017-03-20 00:00:00+00:00,166.1583260037
2017-03-21 00:00:00+00:00,164.2028648705
2017-03-22 00:00:00+00:00,164.9850493237
2017-03-23 00:00:00+00:00,165.4878821866
2017-03-24 00:00:00+00:00,166.0465853675
2017-03-27 00:00:00+00:00,164.4822164609
2017-03-28 00:00:00+00:00,165.4878821866
2017-03-29 00:00:00+00:00,165.8231040951
2017-03-30 00:00:00+00:00,166.8846401389
2017-03-31 00:00:00+00:00,166.4935479122
2017-04-03 00:00:00+00:00,166.9405104569
2017-04-04 00:00:00+00:00,167.7226949102
2017-04-05 00:00:00+00:00,167.4433433198
2017-04-06 00:00:00+00:00,167.2198620474
2017-04-07 00:00:00+00:00,167.5550839559
2017-04-10 00:00:00+00:00,167.6668245921
2017-04-11 00:00:00+00:00,167.8344355464
2017-04-12 00:00:00+00:00,166.3259369579
2017-04-13 00:00:00+00:00,165.152660278
2017-04-17 00:00:00+00:00,165.5996228228
2017-04-18 00:00:00+00:00,166.7170291846
2017-04-19 00:00:00+00:00,167.610954274
2017-04-20 00:00:00+00:00,169.1194528625
2017-04-21 00:00:00+00:00,165.0967899599
2017-04-24 00:00:00+00:00,165.0967899599
2017-04-25 00:00:00+00:00,164.538086779
2017-04-26 00:00:00+00:00,163.4765507353
2017-04-27 00:00:00+00:00,162.4708850096
2017-04-28 00:00:00+00:00,161.9680521468
2017-05-01 00:00:00+00:00,161.6887005564
2017-05-02 00:00:00+00:00,161.9680521468
2017-05-03 00:00:00+00:00,163.308939781
2017-05-04 00:00:00+00:00,163.1413288267
2017-05-05 00:00:00+00:00,163.2530694629
2017-05-08 00:00:00+00:00,162.4150146915
2017-05-09 00:00:00+00:00,161.6328302383
2017-05-10 00:00:00+00:00,160.3478129222
2017-05-11 00:00:00+00:00,161.2976083297
2017-05-12 00:00:00+00:00,157.9453892442
2017-05-15 00:00:00+00:00,157.4425563814
2017-05-16 00:00:00+00:00,156.6603719281
2017-05-17 00:00:00+00:00,153.1405418884
2017-05-18 00:00:00+00:00,153.531634115
2017-05-19 00:00:00+00:00,156.7162422462
2017-05-22 00:00:00+00:00,157.4425563814
2017-05-23 00:00:00+00:00,158.0012595623
2017-05-24 00:00:00+00:00,155.4870952482
2017-05-25 00:00:00+00:00,153.5875044331
2017-05-26 00:00:00+00:00,153.3640231607
2017-05-30 00:00:00+00:00,152.8611902979
2017-05-31 00:00:00+00:00,152.9729309341
2017-06-01 00:00:00+00:00,154.8725217492
2017-06-02 00:00:00+00:00,155.7664468387
2017-06-05 00:00:00+00:00,156.3251500196
2017-06-06 00:00:00+00:00,156.0457984291
2017-06-07 00:00:00+00:00,154.6490404768
2017-06-08 00:00:00+00:00,154.146207614
2017-06-09 00:00:00+00:00,156.1016687472
2017-06-12 00:00:00+00:00,161.6887005564
2017-06-13 00:00:00+00:00,158.9510549699
2017-06-14 00:00:00+00:00,160.2919426041
2017-06-15 00:00:00+00:00,163.0295881905
2017-06-16 00:00:00+00:00,163.3675901011
2017-06-19 00:00:00+00:00,162.2409170659
2017-06-20 00:00:00+00:00,158.4665623981
2017-06-21 00:00:00+00:00,156.4948845865
2017-06-22 00:00:00+00:00,155.199210596
2017-06-23 00:00:00+00:00,155.3118778996
2017-06-26 00:00:00+00:00,155.5372125066
2017-06-27 00:00:00+00:00,153.2838664362
2017-06-28 00:00:00+00:00,152.5515289634
2017-06-29 00:00:00+00:00,152.2135270528
2017-06-30 00:00:00+00:00,152.1571934011
2017-07-03 00:00:00+00:00,154.6358740785
2017-07-05 00:00:00+00:00,154.0725375609
2017-07-06 00:00:00+00:00,148.2138377779
2017-07-07 00:00:00+00:00,147.3124993498
2017-07-10 00:00:00+00:00,146.6928291804
2017-07-11 00:00:00+00:00,148.6081733402
2017-07-12 00:00:00+00:00,149.7348463754
2017-07-13 00:00:00+00:00,150.9178530624
2017-07-14 00:00:00+00:00,150.8615194106
2017-07-17 00:00:00+00:00,151.0868540176
2017-07-18 00:00:00+00:00,151.48118958
2017-07-19 00:00:00+00:00,151.7628578387
2017-07-20 00:00:00+00:00,150.3545165448
2017-07-21 00:00:00+00:00,145.9604917076
2017-07-24 00:00:00+00:00,143.2564764231
2017-07-25 00:00:00+00:00,143.3128100749
2017-07-26 00:00:00+00:00,144.1578148513
2017-07-27 00:00:00+00:00,145.2844878865
2017-07-28 00:00:00+00:00,143.8198129407
2017-07-31 00:00:00+00:00,144.2704821548
2017-08-01 00:00:00+00:00,143.3128100749
2017-08-02 00:00:00+00:00,143.763479289
2017-08-03 00:00:00+00:00,145.1154869312
2017-08-04 00:00:00+00:00,145.2281542347
2017-08-07 00:00:00+00:00,144.3831494583
2017-08-08 00:00:00+00:00,143.988813896
2017-08-09 00:00:00+00:00,144.8338186724
2017-08-10 00:00:00+00:00,142.5241389503
2017-08-11 00:00:00+00:00,141.9608024327
2017-08-14 00:00:00+00:00,142.8621408608
2017-08-15 00:00:00+00:00,141.6228005221
2017-08-16 00:00:00+00:00,141.3974659151
2017-08-17 00:00:00+00:00,139.4257881035
2017-08-18 00:00:00+00:00,138.2991150683
2017-08-21 00:00:00+00:00,137.9611131578
2017-08-22 00:00:00+00:00,138.5807833271
2017-08-23 00:00:00+00:00,137.3977766402
2017-08-24 00:00:00+00:00,136.8907737744
2017-08-25 00:00:00+00:00,137.9611131578
2017-08-28 00:00:00+00:00,137.8484458543
2017-08-29 00:00:00+00:00,137.679444899
2017-08-30 00:00:00+00:00,136.7781064709
2017-08-31 00:00:00+00:00,138.2991150683
2017-09-01 00:00:00+00:00,141.6228005221
2017-09-05 00:00:00+00:00,139.4821217553
2017-09-06 00:00:00+00:00,140.3834601834
2017-09-07 00:00:00+00:00,135.3134315251
2017-09-08 00:00:00+00:00,134.1867584899
2017-09-11 00:00:00+00:00,133.6234219724
2017-09-12 00:00:00+00:00,134.6937613558
2017-09-13 00:00:00+00:00,135.820434391
2017-09-14 00:00:00+00:00,136.6654391673
2017-09-15 00:00:00+00:00,136.1584363015
2017-09-18 00:00:00+00:00,139.1740640173
2017-09-19 00:00:00+00:00,137.6946994775
2017-09-20 00:00:00+00:00,138.3774831113
2017-09-21 00:00:00+00:00,140.8241244656
2017-09-22 00:00:00+00:00,141.5069080994
2017-09-25 00:00:00+00:00,142.8724753669
2017-09-26 00:00:00+00:00,141.8482999163
2017-09-27 00:00:00+00:00,138.661976292
2017-09-28 00:00:00+00:00,137.9222940221
2017-09-29 00:00:00+00:00,137.5809022052
2017-10-02 00:00:00+00:00,139.799949015
2017-10-03 00:00:00+00:00,141.1086176464
2017-10-04 00:00:00+00:00,139.2878612896
2017-10-05 00:00:00+00:00,139.6292531065
2017-10-06 00:00:00+00:00,138.7757735643
2017-10-09 00:00:00+00:00,133.3135044941
2017-10-10 00:00:00+00:00,132.9152140411
2017-10-11 00:00:00+00:00,131.2651535928
2017-10-12 00:00:00+00:00,131.1513563205
2017-10-13 00:00:00+00:00,130.7530658675
2017-10-16 00:00:00+00:00,132.9152140411
2017-10-17 00:00:00+00:00,131.9479372266
2017-10-18 00:00:00+00:00,131.5496467735
2017-10-19 00:00:00+00:00,134.1669840363
2017-10-20 00:00:00+00:00,135.58944994
2017-10-23 00:00:00+00:00,126.9977558817
2017-10-24 00:00:00+00:00,124.5511145274
2017-10-25 00:00:00+00:00,122.474314308
2017-10-26 00:00:00+00:00,121.307892267
2017-10-27 00:00:00+00:00,118.2922645511
2017-10-30 00:00:00+00:00,116.1301163775
2017-10-31 00:00:00+00:00,114.7076504738
2017-11-01 00:00:00+00:00,113.9110695677
2017-11-02 00:00:00+00:00,113.4558804786
2017-11-03 00:00:00+00:00,114.5938532015
2017-11-06 00:00:00+00:00,114.5369545654
2017-11-07 00:00:00+00:00,114.9921436546
2017-11-08 00:00:00+00:00,114.4800559292
2017-11-09 00:00:00+00:00,113.7403736593
2017-11-10 00:00:00+00:00,116.5853054667
2017-11-13 00:00:00+00:00,108.221205953
2017-11-14 00:00:00+00:00,101.8485587044
2017-11-15 00:00:00+00:00,103.8969096057
2017-11-16 00:00:00+00:00,103.8400109696
2017-11-17 00:00:00+00:00,103.612416425
2017-11-20 00:00:00+00:00,102.3037477936
2017-11-21 00:00:00+00:00,101.4502682514
2017-11-22 00:00:00+00:00,103.2710246081
2017-11-24 00:00:00+00:00,103.4986191527
2017-11-27 00:00:00+00:00,103.1003286997
2017-11-28 00:00:00+00:00,104.750389148
2017-11-29 00:00:00+00:00,105.148679601
2017-11-30 00:00:00+00:00,104.0676055142
2017-12-01 00:00:00+00:00,101.7347614321
2017-12-04 00:00:00+00:00,102.1330518852
2017-12-05 00:00:00+00:00,101.0519777984
2017-12-06 00:00:00+00:00,100.4829914369
2017-12-07 00:00:00+00:00,100.7674846176
2017-12-08 00:00:00+00:00,100.7674846176
2017-12-11 00:00:00+00:00,100.4260928007
2017-12-12 00:00:00+00:00,101.9054573406
2017-12-13 00:00:00+00:00,101.0519777984
2017-12-14 00:00:00+00:00,100.3691941646
2017-12-15 00:00:00+00:00,101.3933696152
2017-12-18 00:00:00+00:00,101.0519777984
2017-12-19 00:00:00+00:00,100.0847009838
2017-12-20 00:00:00+00:00,99.2881200778
2017-12-21 00:00:00+00:00,99.4019173501
2017-12-22 00:00:00+00:00,99.5726132585
2017-12-26 00:00:00+00:00,99.8571064393
2017-12-27 00:00:00+00:00,99.5706546136
2017-12-28 00:00:00+00:00,99.4560738833
2017-12-29 00:00:00+00:00,99.9716871695
2018-01-02 00:00:00+00:00,103.008076522
2018-01-03 00:00:00+00:00,103.9820127293
2018-01-04 00:00:00+00:00,106.1590466047
2018-01-05 00:00:00+00:00,106.2163369698
2018-01-08 00:00:00+00:00,104.7267874762
2018-01-09 00:00:00+00:00,106.3309177001
2018-01-10 00:00:00+00:00,108.4506612103
2018-01-11 00:00:00+00:00,108.9662744965
2018-01-12 00:00:00+00:00,107.4767250029
2018-01-16 00:00:00+00:00,104.3257549202
2018-01-17 00:00:00+00:00,99.3987835181
2018-01-18 00:00:00+00:00,96.07594234
2018-01-19 00:00:00+00:00,93.1541337179
2018-01-22 00:00:00+00:00,92.6385204316
2018-01-23 00:00:00+00:00,96.7634267217
2018-01-24 00:00:00+00:00,94.1853602904
2018-01-25 00:00:00+00:00,92.6958107967
2018-01-26 00:00:00+00:00,92.409358971
2018-01-29 00:00:00+00:00,93.2687144481
2018-01-30 00:00:00+00:00,91.3781323985
2018-01-31 00:00:00+00:00,92.6385204316
2018-02-01 00:00:00+00:00,91.7791649545
2018-02-02 00:00:00+00:00,89.6021310792
2018-02-05 00:00:00+00:00,85.4199344239
2018-02-06 00:00:00+00:00,87.482387569
2018-02-07 00:00:00+00:00,87.3678068387
2018-02-08 00:00:00+00:00,82.7845776275
2018-02-09 00:00:00+00:00,85.5918055194
2018-02-12 00:00:00+00:00,84.9043211377
2018-02-13 00:00:00+00:00,84.0449656606
2018-02-14 00:00:00+00:00,85.3626440588
2018-02-15 00:00:00+00:00,85.0761922331
2018-02-16 00:00:00+00:00,86.2219995359
2018-02-20 00:00:00+00:00,84.4459982166
2018-02-21 00:00:00+00:00,83.0137390881
2018-02-22 00:00:00+00:00,83.7585138349
2018-02-23 00:00:00+00:00,83.7012234697
2018-02-26 00:00:00+00:00,84.6254605819
2018-02-27 00:00:00+00:00,83.7589882892
2018-02-28 00:00:00+00:00,81.5061603284
2018-03-01 00:00:00+00:00,80.9862769528
2018-03-02 00:00:00+00:00,81.5639251479
2018-03-05 00:00:00+00:00,83.2968697332
2018-03-06 00:00:00+00:00,84.5676957624
2018-03-07 00:00:00+00:00,83.8167531088
2018-03-08 00:00:00+00:00,83.8745179283
2018-03-09 00:00:00+00:00,86.3006403477
2018-03-12 00:00:00+00:00,87.2248774598
2018-03-13 00:00:00+00:00,83.3546345527
2018-03-14 00:00:00+00:00,82.4303974405
2018-03-15 00:00:00+00:00,82.9502808161
2018-03-16 00:00:00+00:00,82.6614567186
2018-03-19 00:00:00+00:00,81.2751010503
2018-03-20 00:00:00+00:00,78.7912138114
2018-03-21 00:00:00+00:00,80.1775694796
2018-03-22 00:00:00+00:00,77.1160340456
2018-03-23 00:00:00+00:00,75.4986190993
2018-03-26 00:00:00+00:00,74.4588523482
2018-03-27 00:00:00+00:00,77.6359174212
2018-03-28 00:00:00+00:00,79.0222730894
2018-03-29 00:00:00+00:00,77.8669766992
2018-04-02 00:00:00+00:00,75.7874431969
2018-04-03 00:00:00+00:00,75.8452080164
2018-04-04 00:00:00+00:00,76.7116803091
2018-04-05 00:00:00+00:00,77.5781526017
2018-04-06 00:00:00+00:00,75.4408542798
2018-04-09 00:00:00+00:00,74.1122634311
2018-04-10 00:00:00+00:00,75.3830894603
2018-04-11 00:00:00+00:00,74.9209709042
2018-04-12 00:00:00+00:00,76.134032114
2018-04-13 00:00:00+00:00,77.9247415188
2018-04-16 00:00:00+00:00,77.0005044066
2018-04-17 00:00:00+00:00,79.6576861041
2018-04-18 00:00:00+00:00,78.9067434504
2018-04-19 00:00:00+00:00,80.8129824942
2018-04-20 00:00:00+00:00,83.9900475673
2018-04-23 00:00:00+00:00,83.8745179283
2018-04-24 00:00:00+00:00,84.7987550404
2018-04-25 00:00:00+00:00,81.1595714113
2018-04-26 00:00:00+00:00,83.0658104551
2018-04-27 00:00:00+00:00,83.0658104551
2018-04-30 00:00:00+00:00,81.2751010503
2018-05-01 00:00:00+00:00,81.1595714113
2018-05-02 00:00:00+00:00,81.9105140649
2018-05-03 00:00:00+00:00,80.4663935772
2018-05-04 00:00:00+00:00,81.4483955089
2018-05-07 00:00:00+00:00,81.2751010503
2018-05-08 00:00:00+00:00,82.4303974405
2018-05-09 00:00:00+00:00,84.4521661234
2018-05-10 00:00:00+00:00,84.8565198599
2018-05-11 00:00:00+00:00,84.3366364843
2018-05-14 00:00:00+00:00,84.972049499
2018-05-15 00:00:00+00:00,84.972049499
2018-05-16 00:00:00+00:00,86.8205237233
2018-05-17 00:00:00+00:00,86.8205237233
2018-05-18 00:00:00+00:00,86.4739348062
2018-05-21 00:00:00+00:00,88.149114572
2018-05-22 00:00:00+00:00,88.3224090305
2018-05-23 00:00:00+00:00,81.9105140649
2018-05-24 00:00:00+00:00,84.3366364843
2018-05-25 00:00:00+00:00,84.5099309429
2018-05-29 00:00:00+00:00,81.9105140649
2018-05-30 00:00:00+00:00,81.8527492454
2018-05-31 00:00:00+00:00,81.3328658698
2018-06-01 00:00:00+00:00,81.4483955089
2018-06-04 00:00:00+00:00,79.195567548
2018-06-05 00:00:00+00:00,79.7154509236
2018-06-06 00:00:00+00:00,78.7912138114
2018-06-07 00:00:00+00:00,79.5999212845
2018-06-08 00:00:00+00:00,80.4663935772
2018-06-11 00:00:00+00:00,80.7552176747
2018-06-12 00:00:00+00:00,80.7552176747
2018-06-13 00:00:00+00:00,80.2353342991
2018-06-14 00:00:00+00:00,78.7912138114
2018-06-15 00:00:00+00:00,77.5203877822
2018-06-18 00:00:00+00:00,76.9375277237
2018-06-19 00:00:00+00:00,75.4803775774
2018-06-20 00:00:00+00:00,75.0723755364
2018-06-21 00:00:00+00:00,74.3729434662
2018-06-22 00:00:00+00:00,76.0632376359
2018-06-25 00:00:00+00:00,74.3146574604
2018-06-26 00:00:00+00:00,80.0849720396
2018-06-27 00:00:00+00:00,81.3672641684
2018-06-28 00:00:00+00:00,80.6095460923
2018-06-29 00:00:00+00:00,79.3272539636
2018-07-02 00:00:00+00:00,77.9283898231
2018-07-03 00:00:00+00:00,77.9283898231
2018-07-05 00:00:00+00:00,78.2781058583
2018-07-06 00:00:00+00:00,80.726118104
2018-07-09 00:00:00+00:00,81.3089781625
2018-07-10 00:00:00+00:00,82.5912702912
2018-07-11 00:00:00+00:00,81.5421221859
2018-07-12 00:00:00+00:00,81.5421221859
2018-07-13 00:00:00+00:00,80.9592621274
2018-07-16 00:00:00+00:00,81.0175481333
2018-07-17 00:00:00+00:00,79.7935420104
2018-07-18 00:00:00+00:00,80.1432580455
2018-07-19 00:00:00+00:00,80.0266860338
2018-07-20 00:00:00+00:00,76.4712396769
2018-07-23 00:00:00+00:00,75.7135216008
2018-07-24 00:00:00+00:00,76.4712396769
2018-07-25 00:00:00+00:00,76.412953671
2018-07-26 00:00:00+00:00,76.6460976944
2018-07-27 00:00:00+00:00,76.1215236418
2018-07-30 00:00:00+00:00,76.7043837003
2018-07-31 00:00:00+00:00,79.4438259753
2018-08-01 00:00:00+00:00,77.1706717471
2018-08-02 00:00:00+00:00,76.7626697061
2018-08-03 00:00:00+00:00,76.5878116886
2018-08-06 00:00:00+00:00,76.3546676652
2018-08-07 00:00:00+00:00,76.7043837003
2018-08-08 00:00:00+00:00,76.0632376359
2018-08-09 00:00:00+00:00,75.4220915715
2018-08-10 00:00:00+00:00,74.4312294721
2018-08-13 00:00:00+00:00,72.5660772848
2018-08-14 00:00:00+00:00,71.9832172263
2018-08-15 00:00:00+00:00,71.2254991503
2018-08-16 00:00:00+00:00,71.6917871971
2018-08-17 00:00:00+00:00,71.6917871971
2018-08-20 00:00:00+00:00,71.6917871971
2018-08-21 00:00:00+00:00,73.6152253902
2018-08-22 00:00:00+00:00,72.6826492965
2018-08-23 00:00:00+00:00,73.0906513375
2018-08-24 00:00:00+00:00,72.8575073141
2018-08-27 00:00:00+00:00,74.4312294721
2018-08-28 00:00:00+00:00,74.3729434662
2018-08-29 00:00:00+00:00,75.5969495891
2018-08-30 00:00:00+00:00,74.4312294721
2018-08-31 00:00:00+00:00,75.4220915715
2018-09-04 00:00:00+00:00,73.8483694136
2018-09-05 00:00:00+00:00,73.2072233492
2018-09-06 00:00:00+00:00,72.9157933199
2018-09-07 00:00:00+00:00,72.2746472556
2018-09-10 00:00:00+00:00,72.9157933199
2018-09-11 00:00:00+00:00,71.8666452146
2018-09-12 00:00:00+00:00,73.4986533785
2018-09-13 00:00:00+00:00,74.081513437
2018-09-14 00:00:00+00:00,74.6060874896
2018-09-17 00:00:00+00:00,74.7237627065
2018-09-18 00:00:00+00:00,74.4884122728
2018-09-19 00:00:00+00:00,75.6651644414
2018-09-20 00:00:00+00:00,73.3116601042
2018-09-21 00:00:00+00:00,71.6053694597
2018-09-24 00:00:00+00:00,69.0753522972
2018-09-25 00:00:00+00:00,66.309984701
2018-09-26 00:00:00+00:00,67.0160360021
2018-09-27 00:00:00+00:00,67.8397625201
2018-09-28 00:00:00+00:00,66.4276599178
2018-10-01 00:00:00+00:00,71.1346685922
2018-10-02 00:00:00+00:00,72.4879335861
2018-10-03 00:00:00+00:00,73.429335321
2018-10-04 00:00:00+00:00,74.4884122728
2018-10-05 00:00:00+00:00,77.5479679111
2018-10-08 00:00:00+00:00,80.0779850736
2018-10-09 00:00:00+00:00,79.7249594231
2018-10-10 00:00:00+00:00,78.1363439954
2018-10-11 00:00:00+00:00,74.8414379233
2018-10-12 00:00:00+00:00,72.4879335861
2018-10-15 00:00:00+00:00,71.4876942428
2018-10-16 00:00:00+00:00,71.1935062007
2018-10-17 00:00:00+00:00,71.7230446765
2018-10-18 00:00:00+00:00,72.8409592367
2018-10-19 00:00:00+00:00,73.9000361885
2018-10-22 00:00:00+00:00,72.8409592367
2018-10-23 00:00:00+00:00,74.6649250981
2018-10-24 00:00:00+00:00,71.6053694597
2018-10-25 00:00:00+00:00,69.4283779478
2018-10-26 00:00:00+00:00,66.4864975262
2018-10-29 00:00:00+00:00,65.6627710082
2018-10-30 00:00:00+00:00,59.896685382
2018-10-31 00:00:00+00:00,59.4259845146
2018-11-01 00:00:00+00:00,56.3664288762
2018-11-02 00:00:00+00:00,54.6601382318
2018-11-05 00:00:00+00:00,54.6013006233
2018-11-06 00:00:00+00:00,55.4250271413
2018-11-07 00:00:00+00:00,54.1305997559
2018-11-08 00:00:00+00:00,53.5422236716
2018-11-09 00:00:00+00:00,50.4826680332
2018-11-12 00:00:00+00:00,47.0112491358
2018-11-13 00:00:00+00:00,50.6591808585
2018-11-14 00:00:00+00:00,48.952890214
2018-11-15 00:00:00+00:00,48.0703260876
2018-11-16 00:00:00+00:00,47.1877619611
2018-11-19 00:00:00+00:00,46.1286850094
2018-11-20 00:00:00+00:00,45.0107704492
2018-11-21 00:00:00+00:00,45.9521721841
2018-11-23 00:00:00+00:00,44.5400695817
2018-11-26 00:00:00+00:00,44.5989071902
2018-11-27 00:00:00+00:00,43.7751806721
2018-11-28 00:00:00+00:00,45.5403089251
2018-11-29 00:00:00+00:00,46.7170610937
2018-11-30 00:00:00+00:00,44.1282063227
2018-12-03 00:00:00+00:00,45.9521721841
2018-12-04 00:00:00+00:00,42.8337789373
2018-12-06 00:00:00+00:00,43.2456421963
2018-12-07 00:00:00+00:00,41.2451635096
2018-12-10 00:00:00+00:00,40.7744626422
2018-12-11 00:00:00+00:00,39.7742232989
2018-12-12 00:00:00+00:00,39.4800352567
2018-12-13 00:00:00+00:00,42.3630780698
2018-12-14 00:00:00+00:00,41.7747019855
2018-12-17 00:00:00+00:00,42.0688900277
2018-12-18 00:00:00+00:00,42.8337789373
2018-12-19 00:00:00+00:00,45.128445666
2018-12-20 00:00:00+00:00,43.8323284276
2018-12-21 00:00:00+00:00,42.1238102496
2018-12-24 00:00:00+00:00,40.7687785913
2018-12-26 00:00:00+00:00,43.5377563279
2018-12-27 00:00:00+00:00,42.8307832888
2018-12-28 00:00:00+00:00,44.2447293671
2018-12-31 00:00:00+00:00,44.5982158867
2019-01-02 00:00:00+00:00,47.4261080433
2019-01-03 00:00:00+00:00,47.4850224632
2019-01-04 00:00:00+00:00,48.486567602
2019-01-07 00:00:00+00:00,51.4912030184
2019-01-08 00:00:00+00:00,50.4307434597
2019-01-09 00:00:00+00:00,50.0772569401
2019-01-10 00:00:00+00:00,52.669491417
2019-01-11 00:00:00+00:00,52.669491417
2019-01-14 00:00:00+00:00,52.4338337373
2019-01-15 00:00:00+00:00,51.4322885985
2019-01-16 00:00:00+00:00,52.9051490967
2019-01-17 00:00:00+00:00,53.8477798156
2019-01-18 00:00:00+00:00,53.3764644562
2019-01-22 00:00:00+00:00,51.019887659
2019-01-23 00:00:00+00:00,51.4322885985
2019-01-24 00:00:00+00:00,51.7268606982
2019-01-25 00:00:00+00:00,53.9656086555
2019-01-28 00:00:00+00:00,52.6105769971
2019-01-29 00:00:00+00:00,52.4338337373
2019-01-30 00:00:00+00:00,53.6121221359
2019-01-31 00:00:00+00:00,59.8570506484
2019-02-01 00:00:00+00:00,60.0337939082
2019-02-04 00:00:00+00:00,60.1516227481
2019-02-05 00:00:00+00:00,62.6260283851
2019-02-06 00:00:00+00:00,61.6833976662
2019-02-07 00:00:00+00:00,59.2679064491
2019-02-08 00:00:00+00:00,57.7950459509
2019-02-11 00:00:00+00:00,59.0911631893
2019-02-12 00:00:00+00:00,58.7965910897
2019-02-13 00:00:00+00:00,61.094253467
2019-02-14 00:00:00+00:00,59.1500776093
2019-02-15 00:00:00+00:00,59.4446497089
2019-02-19 00:00:00+00:00,59.6803073886
2019-02-20 00:00:00+00:00,59.5035641289
2019-02-21 00:00:00+00:00,59.0911631893
2019-02-22 00:00:00+00:00,59.9159650684
2019-02-25 00:00:00+00:00,63.7454023638
2019-02-26 00:00:00+00:00,65.2788327772
2019-02-27 00:00:00+00:00,66.6260507144
2019-02-28 00:00:00+00:00,63.6254289451
2019-03-01 00:00:00+00:00,62.8905827975
2019-03-04 00:00:00+00:00,63.5641917661
2019-03-05 00:00:00+00:00,60.5635699968
2019-03-06 00:00:00+00:00,55.7870700375
2019-03-07 00:00:00+00:00,57.8691341223
2019-03-08 00:00:00+00:00,58.7264546279
2019-03-11 00:00:00+00:00,60.6880898555
2019-03-12 00:00:00+00:00,59.8298744434
2019-03-13 00:00:00+00:00,61.4237030659
2019-03-14 00:00:00+00:00,63.1401338901
2019-03-15 00:00:00+00:00,61.0558964607
2019-03-18 00:00:00+00:00,62.5271228814
2019-03-19 00:00:00+00:00,62.4658217806
2019-03-20 00:00:00+00:00,62.6497250832
2019-03-21 00:00:00+00:00,62.9562305875
2019-03-22 00:00:00+00:00,61.1784986624
2019-03-25 00:00:00+00:00,60.5654876538
2019-03-26 00:00:00+00:00,61.9141118728
2019-03-27 00:00:00+00:00,61.0558964607
2019-03-28 00:00:00+00:00,60.6267887546
2019-03-29 00:00:00+00:00,61.2397997633
2019-04-01 00:00:00+00:00,61.9141118728
2019-04-02 00:00:00+00:00,62.7723272849
2019-04-03 00:00:00+00:00,61.9141118728
2019-04-04 00:00:00+00:00,61.4850041667
2019-04-05 00:00:00+00:00,61.362401965
2019-04-08 00:00:00+00:00,58.1747447201
2019-04-09 00:00:00+00:00,56.5196149967
2019-04-10 00:00:00+00:00,56.1518083916
2019-04-11 00:00:00+00:00,55.9066039881
2019-04-12 00:00:00+00:00,55.1709907777
2019-04-15 00:00:00+00:00,55.048388576
2019-04-16 00:00:00+00:00,56.0292061898
2019-04-17 00:00:00+00:00,55.9066039881
2019-04-18 00:00:00+00:00,57.316529308
2019-04-22 00:00:00+00:00,57.1326260054
2019-04-23 00:00:00+00:00,57.1939271062
2019-04-24 00:00:00+00:00,57.1326260054
2019-04-25 00:00:00+00:00,55.9066039881
2019-04-26 00:00:00+00:00,58.665153527
2019-04-29 00:00:00+00:00,59.6459711408
2019-04-30 00:00:00+00:00,62.3432195788
2019-05-01 00:00:00+00:00,61.9141118728
2019-05-02 00:00:00+00:00,62.8336283857
2019-05-03 00:00:00+00:00,64.3661559074
2019-05-06 00:00:00+00:00,63.9370482013
2019-05-07 00:00:00+00:00,61.9754129737
2019-05-08 00:00:00+00:00,62.281918478
2019-05-09 00:00:00+00:00,61.5463052676
2019-05-10 00:00:00+00:00,62.0980151754
2019-05-13 00:00:00+00:00,60.5041865529
2019-05-14 00:00:00+00:00,63.2627360918
2019-05-15 00:00:00+00:00,62.8949294866
2019-05-16 00:00:00+00:00,62.0980151754
2019-05-17 00:00:00+00:00,61.3011008641
2019-05-20 00:00:00+00:00,60.5654876538
2019-05-21 00:00:00+00:00,61.0558964607
2019-05-22 00:00:00+00:00,60.6880898555
2019-05-23 00:00:00+00:00,58.6038524261
2019-05-24 00:00:00+00:00,57.9295403166
2019-05-28 00:00:00+00:00,57.3778304088
2019-05-29 00:00:00+00:00,57.4391315097
2019-05-30 00:00:00+00:00,58.0521425183
2019-05-31 00:00:00+00:00,57.8682392158
2019-06-03 00:00:00+00:00,58.4199491235
2019-06-04 00:00:00+00:00,61.3011008641
2019-06-05 00:00:00+00:00,60.6267887546
2019-06-06 00:00:00+00:00,60.8106920572
2019-06-07 00:00:00+00:00,61.1784986624
2019-06-10 00:00:00+00:00,61.6076063685
2019-06-11 00:00:00+00:00,62.0367140745
2019-06-12 00:00:00+00:00,63.0175316883
2019-06-13 00:00:00+00:00,63.2014349909
2019-06-14 00:00:00+00:00,62.711026184
2019-06-17 00:00:00+00:00,61.6076063685
2019-06-18 00:00:00+00:00,63.8757471004
2019-06-19 00:00:00+00:00,63.3853382935
2019-06-20 00:00:00+00:00,65.1630702186
2019-06-21 00:00:00+00:00,64.2435537056
2019-06-24 00:00:00+00:00,63.0175316883
2019-06-25 00:00:00+00:00,62.6497250832
2019-06-26 00:00:00+00:00,62.9562305875
2019-06-27 00:00:00+00:00,63.7531448987
2019-06-28 00:00:00+00:00,64.4274570082
2019-07-01 00:00:00+00:00,65.2251302855
2019-07-02 00:00:00+00:00,65.1637708026
2019-07-03 00:00:00+00:00,65.1024113197
2019-07-05 00:00:00+00:00,64.4274570082
2019-07-08 00:00:00+00:00,62.5866725223
2019-07-09 00:00:00+00:00,62.8934699366
2019-07-10 00:00:00+00:00,62.5866725223
2019-07-11 00:00:00+00:00,62.0344371765
2019-07-12 00:00:00+00:00,63.629783731
2019-07-15 00:00:00+00:00,63.0161889023
2019-07-16 00:00:00+00:00,63.6911432138
2019-07-17 00:00:00+00:00,61.2367638992
2019-07-18 00:00:00+00:00,61.7276397622
2019-07-19 00:00:00+00:00,61.6049207964
2019-07-22 00:00:00+00:00,62.6480320051
2019-07-23 00:00:00+00:00,65.3478492512
2019-07-24 00:00:00+00:00,65.5319276998
2019-07-25 00:00:00+00:00,63.9979406282
2019-07-26 00:00:00+00:00,64.4888164911
2019-07-29 00:00:00+00:00,63.6911432138
2019-07-30 00:00:00+00:00,64.5501759739
2019-07-31 00:00:00+00:00,64.1206595939
2019-08-01 00:00:00+00:00,61.8503587279
2019-08-02 00:00:00+00:00,61.359482865
2019-08-05 00:00:00+00:00,59.2732604476
2019-08-06 00:00:00+00:00,58.7210251018
2019-08-07 00:00:00+00:00,58.0460707903
2019-08-08 00:00:00+00:00,58.2301492389
2019-08-09 00:00:00+00:00,56.1439268214
2019-08-12 00:00:00+00:00,55.5303319928
2019-08-13 00:00:00+00:00,57.3711164787
2019-08-14 00:00:00+00:00,55.4076130271
2019-08-15 00:00:00+00:00,49.1489457748
2019-08-16 00:00:00+00:00,53.9349854383
2019-08-19 00:00:00+00:00,53.1986716439
2019-08-20 00:00:00+00:00,51.4192466408
2019-08-21 00:00:00+00:00,50.0693380178
2019-08-22 00:00:00+00:00,50.2534164664
2019-08-23 00:00:00+00:00,48.9035078434
2019-08-26 00:00:00+00:00,49.3943837063
2019-08-27 00:00:00+00:00,48.6580699119
2019-08-28 00:00:00+00:00,48.7194293948
2019-08-29 00:00:00+00:00,49.7625406035
2019-08-30 00:00:00+00:00,50.6215733636
2019-09-03 00:00:00+00:00,51.1124492265
2019-09-04 00:00:00+00:00,53.9963449212
2019-09-05 00:00:00+00:00,54.057704404
2019-09-06 00:00:00+00:00,53.4441095754
2019-09-09 00:00:00+00:00,54.978096647
2019-09-10 00:00:00+00:00,56.0825673386
2019-09-11 00:00:00+00:00,57.4324759616
2019-09-12 00:00:00+00:00,56.818881133
2019-09-13 00:00:00+00:00,57.3711164787
2019-09-16 00:00:00+00:00,57.6168171917
2019-09-17 00:00:00+00:00,57.4939668352
2019-09-18 00:00:00+00:00,57.6168171917
2019-09-19 00:00:00+00:00,57.8625179047
2019-09-20 00:00:00+00:00,57.5553920135
2019-09-23 00:00:00+00:00,57.3711164787
2019-09-24 00:00:00+00:00,55.0983848838
2019-09-25 00:00:00+00:00,56.2654632704
2019-09-26 00:00:00+00:00,55.405510775
2019-09-27 00:00:00+00:00,55.5283611315
2019-09-30 00:00:00+00:00,54.914109349
2019-10-01 00:00:00+00:00,52.887078467
2019-10-02 00:00:00+00:00,52.2728266846
2019-10-03 00:00:00+00:00,53.5013302495
2019-10-04 00:00:00+00:00,52.6413777541
2019-10-07 00:00:00+00:00,52.5799525758
2019-10-08 00:00:00+00:00,50.860047585
2019-10-09 00:00:00+00:00,51.2900238327
2019-10-10 00:00:00+00:00,51.9042756151
2019-10-11 00:00:00+00:00,54.0541568536
2019-10-14 00:00:00+00:00,53.5627554277
2019-10-15 00:00:00+00:00,54.6069834578
2019-10-16 00:00:00+00:00,54.6684086361
2019-10-17 00:00:00+00:00,55.5283611315
2019-10-18 00:00:00+00:00,55.0369597055
2019-10-21 00:00:00+00:00,53.9927316754
2019-10-22 00:00:00+00:00,55.6512114879
2019-10-23 00:00:00+00:00,56.1426129139
2019-10-24 00:00:00+00:00,54.9755345273
2019-10-25 00:00:00+00:00,55.2826604185
2019-10-28 00:00:00+00:00,55.7126366662
2019-10-29 00:00:00+00:00,55.7126366662
2019-10-30 00:00:00+00:00,62.1008552034
2019-10-31 00:00:00+00:00,61.3023278863
2019-11-01 00:00:00+00:00,63.759335016
2019-11-04 00:00:00+00:00,67.1377198193
2019-11-05 00:00:00+00:00,67.3834205323
2019-11-06 00:00:00+00:00,67.6905464235
2019-11-07 00:00:00+00:00,69.3490262361
2019-11-08 00:00:00+00:00,70.7618053357
2019-11-11 00:00:00+00:00,69.7175773055
2019-11-12 00:00:00+00:00,70.1475535532
2019-11-13 00:00:00+00:00,69.3490262361
2019-11-14 00:00:00+00:00,69.3490262361
2019-11-15 00:00:00+00:00,70.7618053357
2019-11-18 00:00:00+00:00,70.2704039097
2019-11-19 00:00:00+00:00,70.6389549792
2019-11-20 00:00:00+00:00,69.9632780185
2019-11-21 00:00:00+00:00,70.8232305139
2019-11-22 00:00:00+00:00,70.9460808704
2019-11-25 00:00:00+00:00,71.1303564051
2019-11-26 00:00:00+00:00,69.7175773055
2019-11-27 00:00:00+00:00,69.3490262361
2019-11-29 00:00:00+00:00,69.2261758796
2019-12-02 00:00:00+00:00,68.5504989189
2019-12-03 00:00:00+00:00,67.5062708888
2019-12-04 00:00:00+00:00,66.9534442846
2019-12-05 00:00:00+00:00,66.2777673239
2019-12-06 00:00:00+00:00,68.1819478495
2019-12-09 00:00:00+00:00,67.5062708888
2019-12-10 00:00:00+00:00,67.6291212453
2019-12-11 00:00:00+00:00,67.3834205323
2019-12-12 00:00:00+00:00,70.2704039097
2019-12-13 00:00:00+00:00,69.6561521273
2019-12-16 00:00:00+00:00,68.6119240972
2019-12-17 00:00:00+00:00,68.1819478495
2019-12-18 00:00:00+00:00,67.3219953541
2019-12-19 00:00:00+00:00,67.81339678
2019-12-20 00:00:00+00:00,67.81339678
2019-12-23 00:00:00+00:00,68.6126480567
2019-12-24 00:00:00+00:00,68.797090659
2019-12-26 00:00:00+00:00,69.0430141287
2019-12-27 00:00:00+00:00,68.7356097915
2019-12-30 00:00:00+00:00,68.1208011172
2019-12-31 00:00:00+00:00,68.6126480567
2020-01-02 00:00:00+00:00,73.3466748491
2020-01-03 00:00:00+00:00,73.5925983188
2020-01-06 00:00:00+00:00,74.6377730652
2020-01-07 00:00:00+00:00,74.0844452583
2020-01-08 00:00:00+00:00,73.4081557165
2020-01-09 00:00:00+00:00,73.2237131142
2020-01-10 00:00:00+00:00,71.7481722958
2020-01-13 00:00:00+00:00,74.5148113304
2020-01-14 00:00:00+00:00,73.9614835234
2020-01-15 00:00:00+00:00,72.9777896445
2020-01-16 00:00:00+00:00,72.7933470422
2020-01-17 00:00:00+00:00,72.6089044399
2020-01-21 00:00:00+00:00,71.6866914284
2020-01-22 00:00:00+00:00,69.9037462728
2020-01-23 00:00:00+00:00,72.3629809702
2020-01-24 00:00:00+00:00,71.9940957655
2020-01-27 00:00:00+00:00,70.3341123448
2020-01-28 00:00:00+00:00,72.1170575004
2020-01-29 00:00:00+00:00,79.55624246
2020-01-30 00:00:00+00:00,78.2651442438
2020-01-31 00:00:00+00:00,76.5436799557
2020-02-03 00:00:00+00:00,75.3755434744
2020-02-04 00:00:00+00:00,77.3429312323
2020-02-05 00:00:00+00:00,79.0643955205
2020-02-06 00:00:00+00:00,79.6177233274
2020-02-07 00:00:00+00:00,78.8799529182
2020-02-10 00:00:00+00:00,79.3717998577
2020-02-11 00:00:00+00:00,79.0029146531
2020-02-12 00:00:00+00:00,80.9088215435
2020-02-13 00:00:00+00:00,79.55624246
2020-02-14 00:00:00+00:00,78.8799529182
2020-02-18 00:00:00+00:00,78.3881059787
2020-02-19 00:00:00+00:00,77.5273738346
2020-02-20 00:00:00+00:00,77.0355268952
2020-02-21 00:00:00+00:00,75.314062607
2020-02-24 00:00:00+00:00,72.9163087771
2020-02-25 00:00:00+00:00,69.5963419356
2020-02-26 00:00:00+00:00,67.3215498405
2020-02-27 00:00:00+00:00,63.8786212642
2020-02-28 00:00:00+00:00,66.8911837685
2020-03-02 00:00:00+00:00,68.9200523938
2020-03-03 00:00:00+00:00,66.8911837685
2020-03-04 00:00:00+00:00,67.3215498405
2020-03-05 00:00:00+00:00,61.9727143738
2020-03-06 00:00:00+00:00,57.8534962557
2020-03-09 00:00:00+00:00,50.5294898148
2020-03-10 00:00:00+00:00,54.468451262
2020-03-11 00:00:00+00:00,50.5294898148
2020-03-12 00:00:00+00:00,44.4979550988
2020-03-13 00:00:00+00:00,48.3138240007
2020-03-16 00:00:00+00:00,40.9898175599
2020-03-17 00:00:00+00:00,43.5747610096
2020-03-18 00:00:00+00:00,40.6205399242
2020-03-19 00:00:00+00:00,39.8819846528
2020-03-20 00:00:00+00:00,40.1281697433
2020-03-23 00:00:00+00:00,37.6047725662
2020-03-24 00:00:00+00:00,43.1439371013
2020-03-25 00:00:00+00:00,46.528982095
2020-03-26 00:00:00+00:00,49.9755733613
2020-03-27 00:00:00+00:00,46.8982597307
2020-03-30 00:00:00+00:00,48.5600090912
2020-03-31 00:00:00+00:00,48.8677404542
2020-04-01 00:00:00+00:00,43.3285759191
2020-04-02 00:00:00+00:00,42.4669281026
2020-04-03 00:00:00+00:00,41.4206414681
2020-04-06 00:00:00+00:00,44.4979550988
2020-04-07 00:00:00+00:00,43.2670296465
2020-04-08 00:00:00+00:00,44.9287790071
2020-04-09 00:00:00+00:00,43.9440386453
2020-04-13 00:00:00+00:00,43.2054833739
2020-04-14 00:00:00+00:00,42.6515669204
2020-04-15 00:00:00+00:00,40.0050771981
2020-04-16 00:00:00+00:00,38.4048741101
2020-04-17 00:00:00+00:00,42.0976504669
2020-04-20 00:00:00+00:00,40.0666234707
2020-04-21 00:00:00+00:00,39.8819846528
2020-04-22 00:00:00+00:00,39.5742532898
2020-04-23 00:00:00+00:00,40.1281697433
2020-04-24 00:00:00+00:00,38.5279666554
2020-04-27 00:00:00+00:00,39.5742532898
2020-04-28 00:00:00+00:00,41.8514653764
2020-04-29 00:00:00+00:00,40.497447379
2020-04-30 00:00:00+00:00,41.8514653764
2020-05-01 00:00:00+00:00,40.0050771981
2020-05-04 00:00:00+00:00,38.2202352923
2020-05-05 00:00:00+00:00,38.1586890197
2020-05-06 00:00:00+00:00,36.8046710222
2020-05-07 00:00:00+00:00,37.6047725662
2020-05-08 00:00:00+00:00,38.7126054732
2020-05-11 00:00:00+00:00,38.0971427471
2020-05-12 00:00:00+00:00,36.9277635674
2020-05-13 00:00:00+00:00,35.6352918426
2020-05-14 00:00:00+00:00,35.0813753891
2020-05-15 00:00:00+00:00,33.7889036642
2020-05-18 00:00:00+00:00,38.589512928
2020-05-19 00:00:00+00:00,38.2202352923
2020-05-20 00:00:00+00:00,39.5127070172
2020-05-21 00:00:00+00:00,39.8819846528
2020-05-22 00:00:00+00:00,39.4511607446
2020-05-26 00:00:00+00:00,41.8514653764
2020-05-27 00:00:00+00:00,44.8672327344
2020-05-28 00:00:00+00:00,41.7283728312
2020-05-29 00:00:00+00:00,40.4359011064
2020-06-01 00:00:00+00:00,41.605280286
2020-06-02 00:00:00+00:00,43.3901221917
2020-06-03 00:00:00+00:00,45.2980566427
2020-06-04 00:00:00+00:00,47.636815002
2020-06-05 00:00:00+00:00,48.4984628186
2020-06-08 00:00:00+00:00,52.0681466301
2020-06-09 00:00:00+00:00,49.3601106351
2020-06-10 00:00:00+00:00,46.836713458
2020-06-11 00:00:00+00:00,42.7746594656
2020-06-12 00:00:00+00:00,44.621047644
2020-06-15 00:00:00+00:00,44.5595013714
2020-06-16 00:00:00+00:00,45.9750656415
2020-06-17 00:00:00+00:00,44.5595013714
2020-06-18 00:00:00+00:00,44.8056864618
2020-06-19 00:00:00+00:00,44.0055849179
2020-06-22 00:00:00+00:00,43.3285759191
2020-06-23 00:00:00+00:00,43.0823908287
2020-06-24 00:00:00+00:00,40.1897160159
2020-06-25 00:00:00+00:00,41.1129101051
2020-06-26 00:00:00+00:00,39.9435309255
2020-06-29 00:00:00+00:00,41.9160509712
2020-06-30 00:00:00+00:00,42.1009747254
2020-07-01 00:00:00+00:00,41.5462034626
2020-07-02 00:00:00+00:00,42.039333474
2020-07-06 00:00:00+00:00,43.1488759997
2020-07-07 00:00:00+00:00,41.6694859654
2020-07-08 00:00:00+00:00,42.2858984797
2020-07-09 00:00:00+00:00,40.5599434397
2020-07-10 00:00:00+00:00,41.2379972054
2020-07-13 00:00:00+00:00,41.2996384569
2020-07-14 00:00:00+00:00,42.4091809826
2020-07-15 00:00:00+00:00,44.0118535197
2020-07-16 00:00:00+00:00,43.4570822569
2020-07-17 00:00:00+00:00,43.5803647597
2020-07-20 00:00:00+00:00,42.3475397311
2020-07-21 00:00:00+00:00,43.3954410054
2020-07-22 00:00:00+00:00,43.5187235083
2020-07-23 00:00:00+00:00,43.3954410054
2020-07-24 00:00:00+00:00,42.2858984797
2020-07-27 00:00:00+00:00,41.3612797083
2020-07-28 00:00:00+00:00,42.470822234
2020-07-29 00:00:00+00:00,40.6215846912
2020-07-30 00:00:00+00:00,38.587423394
2020-07-31 00:00:00+00:00,37.4162396169
2020-08-03 00:00:00+00:00,37.6628046226
2020-08-04 00:00:00+00:00,37.8477283769
2020-08-05 00:00:00+00:00,39.450400914
2020-08-06 00:00:00+00:00,39.018912154
2020-08-07 00:00:00+00:00,39.450400914
2020-08-10 00:00:00+00:00,41.1147147026
2020-08-11 00:00:00+00:00,41.4845622112
2020-08-12 00:00:00+00:00,41.4229209597
2020-08-13 00:00:00+00:00,40.6832259426
2020-08-14 00:00:00+00:00,41.0530734512
2020-08-17 00:00:00+00:00,39.881889674
2020-08-18 00:00:00+00:00,39.6969659197
2020-08-19 00:00:00+00:00,39.3271184112
2020-08-20 00:00:00+00:00,38.6490646455
2020-08-21 00:00:00+00:00,38.8956296512
2020-08-24 00:00:00+00:00,40.8681496969
2020-08-25 00:00:00+00:00,40.6215846912
2020-08-26 00:00:00+00:00,39.9435309255
2020-08-27 00:00:00+00:00,39.9435309255
2020-08-28 00:00:00+00:00,40.744867194
2020-08-31 00:00:00+00:00,39.0805534055
2020-09-01 00:00:00+00:00,38.155934634
2020-09-02 00:00:00+00:00,39.6969659197
2020-09-03 00:00:00+00:00,38.9572709026
2020-09-04 00:00:00+00:00,39.5736834169
2020-09-08 00:00:00+00:00,37.8477283769
2020-09-09 00:00:00+00:00,37.9710108797
2020-09-10 00:00:00+00:00,36.9847508569
2020-09-11 00:00:00+00:00,36.6765445998
2020-09-14 00:00:00+00:00,37.9093696283
2020-09-15 00:00:00+00:00,37.6011633712
2020-09-16 00:00:00+00:00,41.607844714
2020-09-17 00:00:00+00:00,43.4570822569
2020-09-18 00:00:00+00:00,42.4091809826
2020-09-21 00:00:00+00:00,39.1421946569
2020-09-22 00:00:00+00:00,38.5257821426
2020-09-23 00:00:00+00:00,37.6628046226
2020-09-24 00:00:00+00:00,37.3545983655
2020-09-25 00:00:00+00:00,37.724445874
2020-09-28 00:00:00+00:00,38.2801251095
2020-09-29 00:00:00+00:00,37.7861880113
2020-09-30 00:00:00+00:00,38.4653515213
2020-10-01 00:00:00+00:00,38.5270936586
2020-10-02 00:00:00+00:00,39.4532257177
2020-10-05 00:00:00+00:00,39.5767099922
2020-10-06 00:00:00+00:00,38.0948986977
2020-10-07 00:00:00+00:00,38.9592886195
2020-10-08 00:00:00+00:00,41.0585212868
2020-10-09 00:00:00+00:00,42.231621895
2020-10-12 00:00:00+00:00,42.1698797577
2020-10-13 00:00:00+00:00,41.4907162477
2020-10-14 00:00:00+00:00,42.1081376204
2020-10-15 00:00:00+00:00,42.4168483068
2020-10-16 00:00:00+00:00,45.0100180723
2020-10-19 00:00:00+00:00,45.0100180723
2020-10-20 00:00:00+00:00,45.3187287587
2020-10-21 00:00:00+00:00,45.1952444841
2020-10-22 00:00:00+00:00,47.6649299751
2020-10-23 00:00:00+00:00,47.1092507396
2020-10-26 00:00:00+00:00,45.5656973078
2020-10-27 00:00:00+00:00,43.8369174641
2020-10-28 00:00:00+00:00,45.8126658569
2020-10-29 00:00:00+00:00,45.5039551705
2020-10-30 00:00:00+00:00,45.8126658569
2020-11-02 00:00:00+00:00,46.4300872296
2020-11-03 00:00:00+00:00,48.4675777596
2020-11-04 00:00:00+00:00,48.4675777596
2020-11-05 00:00:00+00:00,49.3319676814
2020-11-06 00:00:00+00:00,49.9493890542
2020-11-09 00:00:00+00:00,53.8391437024
2020-11-10 00:00:00+00:00,55.4444392715
2020-11-11 00:00:00+00:00,54.888760036
2020-11-12 00:00:00+00:00,54.0861122515
2020-11-13 00:00:00+00:00,57.1114769779
2020-11-16 00:00:00+00:00,59.0872253706
2020-11-17 00:00:00+00:00,59.7663888806
2020-11-18 00:00:00+00:00,60.075099567
2020-11-19 00:00:00+00:00,59.6429046061
2020-11-20 00:00:00+00:00,60.2603259788
2020-11-23 00:00:00+00:00,62.1743322343
2020-11-24 00:00:00+00:00,64.5205334507
2020-11-25 00:00:00+00:00,64.8292441371
2020-11-27 00:00:00+00:00,64.2118227643
2020-11-30 00:00:00+00:00,62.8534957443
2020-12-01 00:00:00+00:00,62.6682693325
2020-12-02 00:00:00+00:00,64.3970491761
2020-12-03 00:00:00+00:00,65.4466655098
2020-12-04 00:00:00+00:00,67.1754453534
2020-12-07 00:00:00+00:00,67.0519610789
2020-12-08 00:00:00+00:00,67.6693824516
2020-12-09 00:00:00+00:00,70.3242943544
2020-12-10 00:00:00+00:00,69.8920993935
2020-12-11 00:00:00+00:00,68.9042251971
2020-12-14 00:00:00+00:00,66.8667346671
2020-12-15 00:00:00+00:00,68.5955145107
2020-12-16 00:00:00+00:00,67.4841560398
2020-12-17 00:00:00+00:00,67.1754453534
2020-12-18 00:00:00+00:00,66.8049925298
2020-12-21 00:00:00+00:00,66.5577955177
2020-12-22 00:00:00+00:00,65.5690074691
2020-12-23 00:00:00+00:00,67.113988795
2020-12-24 00:00:00+00:00,65.8162044813
2020-12-28 00:00:00+00:00,65.7544052282
2020-12-29 00:00:00+00:00,65.2600112039
2020-12-30 00:00:00+00:00,66.1869999995
2020-12-31 00:00:00+00:00,66.7431932768
2021-01-04 00:00:00+00:00,64.7038179266
2021-01-05 00:00:00+00:00,66.5577955177
2021-01-06 00:00:00+00:00,70.2039514467
2021-01-07 00:00:00+00:00,69.6477581694
2021-01-08 00:00:00+00:00,70.0803529406
2021-01-11 00:00:00+00:00,70.760144724
2021-01-12 00:00:00+00:00,72.7995200741
2021-01-13 00:00:00+00:00,71.5017357604
2021-01-14 00:00:00+00:00,72.0579290377
2021-01-15 00:00:00+00:00,70.0185536876
2021-01-19 00:00:00+00:00,70.6365462179
2021-01-20 00:00:00+00:00,70.3893492058
2021-01-21 00:00:00+00:00,68.4117731087
2021-01-22 00:00:00+00:00,68.6589701208
2021-01-25 00:00:00+00:00,67.9173790844
2021-01-26 00:00:00+00:00,69.7713566754
2021-01-27 00:00:00+00:00,70.3275499527
2021-01-28 00:00:00+00:00,68.5353716148
2021-01-29 00:00:00+00:00,66.0016022404
2021-02-01 00:00:00+00:00,66.3723977586
2021-02-02 00:00:00+00:00,69.4623604103
2021-02-03 00:00:00+00:00,69.2151633981
2021-02-04 00:00:00+00:00,70.760144724
2021-02-05 00:00:00+00:00,70.4511484588
2021-02-08 00:00:00+00:00,71.7489327725
2021-02-09 00:00:00+00:00,71.3163380013
2021-02-10 00:00:00+00:00,70.4511484588
2021-02-11 00:00:00+00:00,70.821943977
2021-02-12 00:00:00+00:00,72.4905238089
2021-02-16 00:00:00+00:00,73.9737058817
2021-02-17 00:00:00+00:00,73.2939140984
2021-02-18 00:00:00+00:00,71.8725312786
2021-02-19 00:00:00+00:00,74.2827021469
2021-02-22 00:00:00+00:00,77.2490662926
2021-02-23 00:00:00+00:00,77.8052595699
2021-02-24 00:00:00+00:00,81.0806199807
2021-02-25 00:00:00+00:00,78.8558468714
2021-02-26 00:00:00+00:00,77.4962633047
2021-03-01 00:00:00+00:00,81.0188207276
2021-03-02 00:00:00+00:00,80.2154304382
2021-03-03 00:00:00+00:00,83.0581960778
2021-03-04 00:00:00+00:00,83.8615863672
2021-03-05 00:00:00+00:00,84.1087833793
2021-03-08 00:00:00+00:00,87.633930918
2021-03-09 00:00:00+00:00,86.5825711258
2021-03-10 00:00:00+00:00,81.9442191012
2021-03-11 00:00:00+00:00,75.8834391224
2021-03-12 00:00:00+00:00,77.8006246259
2021-03-15 00:00:00+00:00,82.5626660378
2021-03-16 00:00:00+00:00,81.3257721646
2021-03-17 00:00:00+00:00,84.170628073
2021-03-18 00:00:00+00:00,81.9442191012
2021-03-19 00:00:00+00:00,81.7586850202
2021-03-22 00:00:00+00:00,81.2020827773
2021-03-23 00:00:00+00:00,78.2953821752
2021-03-24 00:00:00+00:00,77.3058670766
2021-03-25 00:00:00+00:00,79.4704313547
2021-03-26 00:00:00+00:00,80.336257066
2021-03-29 00:00:00+00:00,80.0888782913
2021-03-30 00:00:00+00:00,82.2534425695
2021-03-31 00:00:00+00:00,81.2020827773
2021-04-01 00:00:00+00:00,82.1297531822
2021-04-05 00:00:00+00:00,83.2429576681
2021-04-06 00:00:00+00:00,82.8718895061
2021-04-07 00:00:00+00:00,82.8100448124
2021-04-08 00:00:00+00:00,83.1811129744
2021-04-09 00:00:00+00:00,84.1087833793
2021-04-12 00:00:00+00:00,84.0469386857
2021-04-13 00:00:00+00:00,83.1192682808
2021-04-14 00:00:00+00:00,84.6035409286
2021-04-15 00:00:00+00:00,83.799559911
2021-04-16 00:00:00+00:00,82.8100448124
2021-04-19 00:00:00+00:00,83.2429576681
2021-04-20 00:00:00+00:00,80.7691699216
2021-04-21 00:00:00+00:00,82.5626660378
2021-04-22 00:00:00+00:00,82.9337341998
2021-04-23 00:00:00+00:00,83.799559911
2021-04-26 00:00:00+00:00,83.9232492983
2021-04-27 00:00:00+00:00,83.4284917491
2021-04-28 00:00:00+00:00,81.6349956329
2021-04-29 00:00:00+00:00,81.6968403265
2021-04-30 00:00:00+00:00,81.1402380836
2021-05-03 00:00:00+00:00,83.1811129744
2021-05-04 00:00:00+00:00,81.1402380836
2021-05-05 00:00:00+00:00,81.6968403265
2021-05-06 00:00:00+00:00,81.6968403265
2021-05-07 00:00:00+00:00,82.2534425695
2021-05-10 00:00:00+00:00,82.5626660378
2021-05-11 00:00:00+00:00,80.9547040026
2021-05-12 00:00:00+00:00,79.2848972738
2021-05-13 00:00:00+00:00,80.2125676787
2021-05-14 00:00:00+00:00,82.0060637948
2021-05-17 00:00:00+00:00,81.3257721646
2021-05-18 00:00:00+00:00,80.2125676787
2021-05-19 00:00:00+00:00,80.9547040026
2021-05-20 00:00:00+00:00,80.7691699216
2021-05-21 00:00:00+00:00,81.8205297139
2021-05-24 00:00:00+00:00,81.5113062456
2021-05-25 00:00:00+00:00,81.1402380836
2021-05-26 00:00:00+00:00,82.8718895061
2021-05-27 00:00:00+00:00,88.7471354039
2021-05-28 00:00:00+00:00,86.9536392878
2021-06-01 00:00:00+00:00,87.5102415307
2021-06-02 00:00:00+00:00,87.1391733687
2021-06-03 00:00:00+00:00,87.1391733687
2021-06-04 00:00:00+00:00,86.3351923511
2021-06-07 00:00:00+00:00,86.0259688828
2021-06-08 00:00:00+00:00,85.9641241892
2021-06-09 00:00:00+00:00,84.9127643969
2021-06-10 00:00:00+00:00,84.2943174603
2021-06-11 00:00:00+00:00,84.6653856223
2021-06-14 00:00:00+00:00,83.3048023617
2021-06-15 00:00:00+00:00,83.7377152174
2021-06-16 00:00:00+00:00,83.1192682808
2021-06-17 00:00:00+00:00,80.3981017597
2021-06-18 00:00:00+00:00,79.0375184991
2021-06-21 00:00:00+00:00,81.5731509392
2021-06-22 00:00:00+00:00,80.5836358406
2021-06-23 00:00:00+00:00,80.0888782913
2021-06-24 00:00:00+00:00,81.3257721646
2021-06-25 00:00:00+00:00,81.4494615519
2021-06-28 00:00:00+00:00,79.7783859729
2021-06-29 00:00:00+00:00,81.0162197351
2021-06-30 00:00:00+00:00,83.3062121952
2021-07-01 00:00:00+00:00,83.4299955714
2021-07-02 00:00:00+00:00,82.6872953141
2021-07-06 00:00:00+00:00,79.9640610373
2021-07-07 00:00:00+00:00,80.3354111659
2021-07-08 00:00:00+00:00,79.6546025967
2021-07-09 00:00:00+00:00,81.4494615519
2021-07-12 00:00:00+00:00,81.1400031114
2021-07-13 00:00:00+00:00,79.7783859729
2021-07-14 00:00:00+00:00,79.2832524681
2021-07-15 00:00:00+00:00,78.9737940275
2021-07-16 00:00:00+00:00,77.6740685772
2021-07-19 00:00:00+00:00,74.2700257312
2021-07-20 00:00:00+00:00,78.6024438989
2021-07-21 00:00:00+00:00,80.954328047
2021-07-22 00:00:00+00:00,78.6024438989
2021-07-23 00:00:00+00:00,78.664335587
2021-07-26 00:00:00+00:00,79.9640610373
2021-07-27 00:00:00+00:00,80.954328047
2021-07-28 00:00:00+00:00,81.2637864876
2021-07-29 00:00:00+00:00,82.2540534973
2021-07-30 00:00:00+00:00,80.1497361016
2021-08-02 00:00:00+00:00,77.8287977975
2021-08-03 00:00:00+00:00,79.7319672069
2021-08-04 00:00:00+00:00,79.6159202917
2021-08-05 00:00:00+00:00,79.7010213628
2021-08-06 00:00:00+00:00,80.8614905149
2021-08-09 00:00:00+00:00,80.2348371728
2021-08-10 00:00:00+00:00,82.068378433
2021-08-11 00:00:00+00:00,82.0374325889
2021-08-12 00:00:00+00:00,82.4087827176
2021-08-13 00:00:00+00:00,81.1709489554
2021-08-16 00:00:00+00:00,79.9563245763
2021-08-17 00:00:00+00:00,78.6179168209
2021-08-18 00:00:00+00:00,78.4554511396
2021-08-19 00:00:00+00:00,76.9158953979
2021-08-20 00:00:00+00:00,77.4032924417
2021-08-23 00:00:00+00:00,78.115046855
2021-08-24 00:00:00+00:00,79.8944328882
2021-08-25 00:00:00+00:00,81.0007468131
2021-08-26 00:00:00+00:00,79.9795339593
2021-08-27 00:00:00+00:00,82.076114894
2021-08-30 00:00:00+00:00,81.3798334028
2021-08-31 00:00:00+00:00,81.5500355451
2021-09-01 00:00:00+00:00,80.1961548677
2021-09-02 00:00:00+00:00,82.2076347312
2021-09-03 00:00:00+00:00,81.0394291182
2021-09-07 00:00:00+00:00,79.9099058102
2021-09-08 00:00:00+00:00,79.3606170782
2021-09-09 00:00:00+00:00,79.9099058102
2021-09-10 00:00:00+00:00,78.9119023394
2021-09-13 00:00:00+00:00,80.8150717488
2021-09-14 00:00:00+00:00,77.6585956552
2021-09-15 00:00:00+00:00,79.0356857156
2021-09-16 00:00:00+00:00,78.4012959125
2021-09-17 00:00:00+00:00,77.7282238043
2021-09-20 00:00:00+00:00,77.2176173774
2021-09-21 00:00:00+00:00,74.9044155343
2021-09-22 00:00:00+00:00,76.2350868287
2021-09-23 00:00:00+00:00,79.6546025967
2021-09-24 00:00:00+00:00,80.36635701
2021-09-27 00:00:00+00:00,81.5664326686
2021-09-28 00:00:00+00:00,81.8606447656
2021-09-29 00:00:00+00:00,82.2864780638
2021-09-30 00:00:00+00:00,79.7701903925
2021-10-01 00:00:00+00:00,81.930326578
2021-10-04 00:00:00+00:00,81.2180236064
2021-10-05 00:00:00+00:00,81.2180236064
2021-10-06 00:00:00+00:00,80.776705461
2021-10-07 00:00:00+00:00,81.6903114463
2021-10-08 00:00:00+00:00,81.0786599816
2021-10-11 00:00:00+00:00,80.5831448709
2021-10-12 00:00:00+00:00,79.5301752607
2021-10-13 00:00:00+00:00,79.251448011
2021-10-14 00:00:00+00:00,79.545660108
2021-10-15 00:00:00+00:00,80.8386448498
2021-10-18 00:00:00+00:00,80.6141145653
2021-10-19 00:00:00+00:00,81.0864024052
2021-10-20 00:00:00+00:00,82.0696902029
2021-10-21 00:00:00+00:00,79.8630994757
2021-10-22 00:00:00+00:00,80.5599176001
2021-10-25 00:00:00+00:00,81.5277205506
2021-10-26 00:00:00+00:00,83.1845992019
2021-10-27 00:00:00+00:00,80.405069128
2021-10-28 00:00:00+00:00,81.4967508562
2021-10-29 00:00:00+00:00,81.1947963356
2021-11-01 00:00:00+00:00,82.2477659458
2021-11-02 00:00:00+00:00,82.6039174316
2021-11-03 00:00:00+00:00,82.0464629321
2021-11-04 00:00:00+00:00,81.4580387382
2021-11-05 00:00:00+00:00,84.1911142704
2021-11-08 00:00:00+00:00,83.9433567151
2021-11-09 00:00:00+00:00,86.1654322894
2021-11-10 00:00:00+00:00,84.3614475897
2021-11-11 00:00:00+00:00,82.8439325633
2021-11-12 00:00:00+00:00,83.3007355559
2021-11-15 00:00:00+00:00,82.5884325843
2021-11-16 00:00:00+00:00,80.0179479478
2021-11-17 00:00:00+00:00,78.9649783377
2021-11-18 00:00:00+00:00,77.9429784219
2021-11-19 00:00:00+00:00,77.393266346
2021-11-22 00:00:00+00:00,78.2294480953
2021-11-23 00:00:00+00:00,79.0346601501
2021-11-24 00:00:00+00:00,79.1507965041
2021-11-26 00:00:00+00:00,75.751872542
2021-11-29 00:00:00+00:00,76.1854482638
2021-11-30 00:00:00+00:00,73.5452818148
2021-12-01 00:00:00+00:00,72.0045395176
2021-12-02 00:00:00+00:00,73.7310999813
2021-12-03 00:00:00+00:00,71.8264637747
2021-12-06 00:00:00+00:00,74.3350090224
2021-12-07 00:00:00+00:00,75.5273422575
2021-12-08 00:00:00+00:00,76.0925391806
2021-12-09 00:00:00+00:00,75.7441301184
2021-12-10 00:00:00+00:00,75.0627968412
2021-12-13 00:00:00+00:00,72.1051910245
2021-12-14 00:00:00+00:00,71.3154638169
2021-12-15 00:00:00+00:00,71.292236546
2021-12-16 00:00:00+00:00,71.6406456082
2021-12-17 00:00:00+00:00,70.804463859
2021-12-20 00:00:00+00:00,69.728266978
2021-12-21 00:00:00+00:00,72.1150536228
2021-12-22 00:00:00+00:00,72.12280293
2021-12-23 00:00:00+00:00,72.8434885078
2021-12-27 00:00:00+00:00,73.3239455597
2021-12-28 00:00:00+00:00,73.8508984553
2021-12-29 00:00:00+00:00,73.4556837836
2021-12-30 00:00:00+00:00,73.385940018
2021-12-31 00:00:00+00:00,73.2077059504
2022-01-03 00:00:00+00:00,74.5793333404
2022-01-04 00:00:00+00:00,77.0048665215
2022-01-05 00:00:00+00:00,77.0048665215
2022-01-06 00:00:00+00:00,77.4543263442
2022-01-07 00:00:00+00:00,78.577975901
2022-01-10 00:00:00+00:00,77.043613058
2022-01-11 00:00:00+00:00,78.8801988852
2022-01-12 00:00:00+00:00,79.2289177132
2022-01-13 00:00:00+00:00,79.3994024735
2022-01-14 00:00:00+00:00,79.9418539837
2022-01-18 00:00:00+00:00,79.7326226869
2022-01-19 00:00:00+00:00,77.9735299325
2022-01-20 00:00:00+00:00,76.1369441053
2022-01-21 00:00:00+00:00,74.6258291841
2022-01-24 00:00:00+00:00,75.0985369287
2022-01-25 00:00:00+00:00,70.6039387016
2022-01-26 00:00:00+00:00,69.216812697
2022-01-27 00:00:00+00:00,69.6662725197
2022-01-28 00:00:00+00:00,71.3711201231
2022-01-31 00:00:00+00:00,73.2154552577
2022-02-01 00:00:00+00:00,75.9044648866
2022-02-02 00:00:00+00:00,75.9742086522
2022-02-03 00:00:00+00:00,76.1911892563
2022-02-04 00:00:00+00:00,76.7258914592
2022-02-07 00:00:00+00:00,77.4155798078
2022-02-08 00:00:00+00:00,76.9583706778
2022-02-09 00:00:00+00:00,76.9118748341
2022-02-10 00:00:00+00:00,76.5554066988
2022-02-11 00:00:00+00:00,75.0365424704
2022-02-14 00:00:00+00:00,74.8583084027
2022-02-15 00:00:00+00:00,78.2060091512
2022-02-16 00:00:00+00:00,78.5857252083
2022-02-17 00:00:00+00:00,76.2996795583
2022-02-18 00:00:00+00:00,71.8283292531
2022-02-22 00:00:00+00:00,72.9597281172
2022-02-23 00:00:00+00:00,71.7973320239
2022-02-24 00:00:00+00:00,71.7120896438
2022-02-25 00:00:00+00:00,74.6800743351
2022-02-28 00:00:00+00:00,74.0136339083
2022-03-01 00:00:00+00:00,71.5493541907
2022-03-02 00:00:00+00:00,72.9674774244
2022-03-03 00:00:00+00:00,71.6423458782
2022-03-04 00:00:00+00:00,69.0773251658
2022-03-07 00:00:00+00:00,66.2255800838
2022-03-08 00:00:00+00:00,68.3741495009
2022-03-09 00:00:00+00:00,70.7786856717
2022-03-10 00:00:00+00:00,70.840738218
2022-03-11 00:00:00+00:00,71.5776122058
2022-03-14 00:00:00+00:00,71.7094738668
2022-03-15 00:00:00+00:00,71.6319081839
2022-03-16 00:00:00+00:00,73.4547017327
2022-03-17 00:00:00+00:00,74.098496901
2022-03-18 00:00:00+00:00,74.1450363108
2022-03-21 00:00:00+00:00,73.5477805522
2022-03-22 00:00:00+00:00,73.6098330986
2022-03-23 00:00:00+00:00,72.6790449034
2022-03-24 00:00:00+00:00,73.0048207717
2022-03-25 00:00:00+00:00,72.9272550888
2022-03-28 00:00:00+00:00,71.3604282936
2022-03-29 00:00:00+00:00,73.4159188912
2022-03-30 00:00:00+00:00,73.3616229132
2022-03-31 00:00:00+00:00,70.972599879
2022-04-01 00:00:00+00:00,71.74050014
2022-04-04 00:00:00+00:00,71.3759414302
2022-04-05 00:00:00+00:00,69.886680318
2022-04-06 00:00:00+00:00,69.7393055205
2022-04-07 00:00:00+00:00,69.3902599473
2022-04-08 00:00:00+00:00,69.6074438595
2022-04-11 00:00:00+00:00,69.5531478814
2022-04-12 00:00:00+00:00,69.8091146351
2022-04-13 00:00:00+00:00,70.390857257
2022-04-14 00:00:00+00:00,70.4529098034
2022-04-18 00:00:00+00:00,70.1193773668
2022-04-19 00:00:00+00:00,71.2828626107
2022-04-20 00:00:00+00:00,70.8950341961
2022-04-21 00:00:00+00:00,71.1432443814
2022-04-22 00:00:00+00:00,69.0877537839
2022-04-25 00:00:00+00:00,69.7160358156
2022-04-26 00:00:00+00:00,62.5101838716
2022-04-27 00:00:00+00:00,60.6641206179
2022-04-28 00:00:00+00:00,60.2918053398
2022-04-29 00:00:00+00:00,57.8252166227
2022-05-02 00:00:00+00:00,58.600873452
2022-05-03 00:00:00+00:00,60.2375093618
2022-05-04 00:00:00+00:00,62.3860787789
2022-05-05 00:00:00+00:00,60.958870213
2022-05-06 00:00:00+00:00,60.6796337545
2022-05-09 00:00:00+00:00,56.5996788325
2022-05-10 00:00:00+00:00,56.8634021544
2022-05-11 00:00:00+00:00,56.188580713
2022-05-12 00:00:00+00:00,56.8401324495
2022-05-13 00:00:00+00:00,58.2130450374
2022-05-16 00:00:00+00:00,57.8872691691
2022-05-17 00:00:00+00:00,59.2601817569
2022-05-18 00:00:00+00:00,58.3293935618
2022-05-19 00:00:00+00:00,58.7482482496
2022-05-20 00:00:00+00:00,58.3681764032
2022-05-23 00:00:00+00:00,58.5310643374
2022-05-24 00:00:00+00:00,57.8019469179
2022-05-25 00:00:00+00:00,57.8097034861
2022-05-26 00:00:00+00:00,59.7333324228
2022-05-27 00:00:00+00:00,61.090731874
2022-05-31 00:00:00+00:00,60.7261731642
2022-06-01 00:00:00+00:00,60.1289174057
2022-06-02 00:00:00+00:00,60.5012326837
2022-06-03 00:00:00+00:00,59.7023061496
2022-06-06 00:00:00+00:00,59.7255758545
2022-06-07 00:00:00+00:00,60.5012326837
2022-06-08 00:00:00+00:00,59.8496809471
2022-06-09 00:00:00+00:00,58.0036176935
2022-06-10 00:00:00+00:00,55.2500359495
2022-06-13 00:00:00+00:00,52.5274804788
2022-06-14 00:00:00+00:00,52.7834472324
2022-06-15 00:00:00+00:00,53.5978869032
2022-06-16 00:00:00+00:00,50.6426343836
2022-06-17 00:00:00+00:00,51.1933507324
2022-06-21 00:00:00+00:00,50.9994365251
2022-06-22 00:00:00+00:00,50.0608917617
2022-06-23 00:00:00+00:00,49.6963330519
2022-06-24 00:00:00+00:00,52.031060108
2022-06-27 00:00:00+00:00,51.8061196275
2022-06-28 00:00:00+00:00,51.1615524069
2022-06-29 00:00:00+00:00,49.4608268487
2022-06-30 00:00:00+00:00,49.4452951085
2022-07-01 00:00:00+00:00,49.3443387968
2022-07-05 00:00:00+00:00,48.1716924074
2022-07-06 00:00:00+00:00,47.8144623815
2022-07-07 00:00:00+00:00,48.9249818098
2022-07-08 00:00:00+00:00,49.1191285631
2022-07-11 00:00:00+00:00,48.0785019658
2022-07-12 00:00:00+00:00,48.9405135501
2022-07-13 00:00:00+00:00,48.1561606671
2022-07-14 00:00:00+00:00,47.4417006153
2022-07-15 00:00:00+00:00,48.816259628
2022-07-18 00:00:00+00:00,49.4530609786
2022-07-19 00:00:00+00:00,51.8294172379
2022-07-20 00:00:00+00:00,52.7224923027
2022-07-21 00:00:00+00:00,52.9088731858
2022-07-22 00:00:00+00:00,52.9554684066
2022-07-25 00:00:00+00:00,53.0874881987
2022-07-26 00:00:00+00:00,55.5337372892
2022-07-27 00:00:00+00:00,55.5880983801
2022-07-28 00:00:00+00:00,56.7995741202
2022-07-29 00:00:00+00:00,57.3975461201
2022-08-01 00:00:00+00:00,58.8652955744
2022-08-02 00:00:00+00:00,57.7470102759
2022-08-03 00:00:00+00:00,58.0421133408
2022-08-04 00:00:00+00:00,57.211165237
2022-08-05 00:00:00+00:00,57.7470102759
2022-08-08 00:00:00+00:00,58.3838116264
2022-08-09 00:00:00+00:00,58.1896648732
2022-08-10 00:00:00+00:00,59.9059221716
2022-08-11 00:00:00+00:00,61.2727153142
2022-08-12 00:00:00+00:00,62.0725999375
2022-08-15 00:00:00+00:00,61.9794094959
2022-08-16 00:00:00+00:00,62.9579091321
2022-08-17 00:00:00+00:00,62.0648340673
2022-08-18 00:00:00+00:00,61.5134572882
2022-08-19 00:00:00+00:00,60.3563426391
2022-08-22 00:00:00+00:00,58.0731768213
2022-08-23 00:00:00+00:00,59.0982716782
2022-08-24 00:00:00+00:00,59.5952873665
2022-08-25 00:00:00+00:00,60.6825091845
2022-08-26 00:00:00+00:00,58.4537044576
2022-08-29 00:00:00+00:00,59.0594423276
2022-08-30 00:00:00+00:00,58.3449822758
2022-08-31 00:00:00+00:00,57.032550224
2022-09-01 00:00:00+00:00,56.7529788994
2022-09-02 00:00:00+00:00,56.2481973411
2022-09-06 00:00:00+00:00,56.0385188476
2022-09-07 00:00:00+00:00,57.1412724058
2022-09-08 00:00:00+00:00,57.2888239383
2022-09-09 00:00:00+00:00,57.4985024318
2022-09-12 00:00:00+00:00,58.4925338082
2022-09-13 00:00:00+00:00,55.0134239906
2022-09-14 00:00:00+00:00,54.3843885102
2022-09-15 00:00:00+00:00,53.5146110558
2022-09-16 00:00:00+00:00,51.5576117834
2022-09-19 00:00:00+00:00,52.0701592119
2022-09-20 00:00:00+00:00,51.712929186
2022-09-21 00:00:00+00:00,50.6490049784
2022-09-22 00:00:00+00:00,50.7577271602
2022-09-23 00:00:00+00:00,50.1286916798
2022-09-26 00:00:00+00:00,50.0355012382
2022-09-27 00:00:00+00:00,50.1288075342
2022-09-28 00:00:00+00:00,50.1210320096
2022-09-29 00:00:00+00:00,48.775866242
2022-09-30 00:00:00+00:00,48.1382732192
2022-10-03 00:00:00+00:00,49.4523368881
2022-10-04 00:00:00+00:00,52.5158936073
2022-10-05 00:00:00+00:00,52.4381383606
2022-10-06 00:00:00+00:00,51.4895243511
2022-10-07 00:00:00+00:00,50.1987872562
2022-10-10 00:00:00+00:00,50.5253592923
2022-10-11 00:00:00+00:00,49.7633578748
2022-10-12 00:00:00+00:00,50.3387467003
2022-10-13 00:00:00+00:00,52.826914594
2022-10-14 00:00:00+00:00,52.5392201813
2022-10-17 00:00:00+00:00,53.3634257961
2022-10-18 00:00:00+00:00,54.9729594024
2022-10-19 00:00:00+00:00,54.840775483
2022-10-20 00:00:00+00:00,54.4053461016
2022-10-21 00:00:00+00:00,56.621370632
2022-10-24 00:00:00+00:00,57.041248964
2022-10-25 00:00:00+00:00,56.761330076
2022-10-26 00:00:00+00:00,58.6741091443
2022-10-27 00:00:00+00:00,59.0939874764
2022-10-28 00:00:00+00:00,60.905684724
2022-10-31 00:00:00+00:00,60.5013574413
2022-11-01 00:00:00+00:00,60.812378428
2022-11-02 00:00:00+00:00,60.1825609299
2022-11-03 00:00:00+00:00,60.9445623473
2022-11-04 00:00:00+00:00,63.036178483
2022-11-07 00:00:00+00:00,64.8945288787
2022-11-08 00:00:00+00:00,65.3144072107
2022-11-09 00:00:00+00:00,64.653487614
2022-11-10 00:00:00+00:00,66.3874296149
2022-11-11 00:00:00+00:00,67.110553409
2022-11-14 00:00:00+00:00,66.737328225
2022-11-15 00:00:00+00:00,67.7559219565
2022-11-16 00:00:00+00:00,66.0142044308
2022-11-17 00:00:00+00:00,66.3952051396
2022-11-18 00:00:00+00:00,66.4651848616
2022-11-21 00:00:00+00:00,66.783981373
2022-11-22 00:00:00+00:00,67.8803303512
2022-11-23 00:00:00+00:00,68.3235352572
2022-11-25 00:00:00+00:00,68.5334744233
2022-11-28 00:00:00+00:00,66.4574093369
2022-11-29 00:00:00+00:00,66.6051443056
2022-11-30 00:00:00+00:00,66.8461855703
2022-12-01 00:00:00+00:00,66.2941233189
2022-12-02 00:00:00+00:00,67.5537583151
2022-12-05 00:00:00+00:00,65.8275918388
2022-12-06 00:00:00+00:00,66.3096743682
2022-12-07 00:00:00+00:00,66.0919596775
2022-12-08 00:00:00+00:00,65.026712798
2022-12-09 00:00:00+00:00,63.3316484204
2022-12-12 00:00:00+00:00,64.700140762
2022-12-13 00:00:00+00:00,64.4435484479
2022-12-14 00:00:00+00:00,63.4094036671
2022-12-15 00:00:00+00:00,61.3390831349
2022-12-16 00:00:00+00:00,60.4362365871
2022-12-19 00:00:00+00:00,60.7553461428
2022-12-20 00:00:00+00:00,62.522123439
2022-12-21 00:00:00+00:00,64.5846608113
2022-12-22 00:00:00+00:00,63.6428984639
2022-12-23 00:00:00+00:00,63.6584647837
2022-12-27 00:00:00+00:00,64.4756965727
2022-12-28 00:00:00+00:00,63.7985616618
2022-12-29 00:00:00+00:00,65.1839641232
2022-12-30 00:00:00+00:00,65.2150967628
symbol,GE
date,"Index([2013-01-02 00:00:00+00:00, 2013-01-03 00:00:00+00:00,
       2013-01-04 00:00:00+00:00, 2013-01-07 00:00:00+00:00,
       2013-01-08 00:00:00+00:00, 2013-01-09 00:00:00+00:00,
       2013-01-10 00:00:00+00:00, 2013-01-11 00:00:00+00:00,
       2013-01-14 00:00:00+00:00, 2013-01-15 00:00:00+00:00,
       ...
       2022-12-19 00:00:00+00:00, 2022-12-20 00:00:00+00:00,
       2022-12-21 00:00:00+00:00, 2022-12-22 00:00:00+00:00,
       2022-12-23 00:00:00+00:00, 2022-12-27 00:00:00+00:00,
       2022-12-28 00:00:00+00:00, 2022-12-29 00:00:00+00:00,
       2022-12-30 00:00:00+00:00,                  'symbol'],
      dtype='object', name='date', length=2519)"
