date,adjClose
2013-01-02 00:00:00+00:00,107.0789678541
2013-01-03 00:00:00+00:00,106.4933924564
2013-01-04 00:00:00+00:00,109.3968704698
2013-01-07 00:00:00+00:00,109.1935456789
2013-01-08 00:00:00+00:00,108.2094536912
2013-01-09 00:00:00+00:00,109.2423436287
2013-01-10 00:00:00+00:00,111.7229060771
2013-01-11 00:00:00+00:00,111.5277142779
2013-01-14 00:00:00+00:00,110.7144151145
2013-01-15 00:00:00+00:00,110.2752335662
2013-01-16 00:00:00+00:00,114.748378965
2013-01-17 00:00:00+00:00,114.6833150319
2013-01-18 00:00:00+00:00,117.481064154
2013-01-22 00:00:00+00:00,118.7010128991
2013-01-23 00:00:00+00:00,118.3838262254
2013-01-24 00:00:00+00:00,117.8958467274
2013-01-25 00:00:00+00:00,117.4891971457
2013-01-28 00:00:00+00:00,117.237074405
2013-01-29 00:00:00+00:00,119.636306937
2013-01-30 00:00:00+00:00,119.6769718952
2013-01-31 00:00:00+00:00,120.2544143012
2013-02-01 00:00:00+00:00,121.9135445946
2013-02-04 00:00:00+00:00,119.9778925857
2013-02-05 00:00:00+00:00,122.3608591345
2013-02-06 00:00:00+00:00,122.9057695739
2013-02-07 00:00:00+00:00,122.2063322934
2013-02-08 00:00:00+00:00,123.2961531724
2013-02-11 00:00:00+00:00,123.816664637
2013-02-12 00:00:00+00:00,125.3375340725
2013-02-13 00:00:00+00:00,125.6709867295
2013-02-14 00:00:00+00:00,126.8177385499
2013-02-15 00:00:00+00:00,126.0532373363
2013-02-19 00:00:00+00:00,129.0299122744
2013-02-20 00:00:00+00:00,126.2077641774
2013-02-21 00:00:00+00:00,122.7105777747
2013-02-22 00:00:00+00:00,125.3212680893
2013-02-25 00:00:00+00:00,120.0836214769
2013-02-26 00:00:00+00:00,120.7749257658
2013-02-27 00:00:00+00:00,123.7534965702
2013-02-28 00:00:00+00:00,122.2111681263
2013-03-01 00:00:00+00:00,122.839524159
2013-03-04 00:00:00+00:00,124.1860013719
2013-03-05 00:00:00+00:00,124.8225178726
2013-03-06 00:00:00+00:00,125.7772926236
2013-03-07 00:00:00+00:00,127.8092491449
2013-03-08 00:00:00+00:00,124.8388388085
2013-03-11 00:00:00+00:00,125.0999737831
2013-03-12 00:00:00+00:00,123.9167059293
2013-03-13 00:00:00+00:00,123.9656687371
2013-03-14 00:00:00+00:00,125.687527476
2013-03-15 00:00:00+00:00,126.3566858485
2013-03-18 00:00:00+00:00,123.9983106089
2013-03-19 00:00:00+00:00,121.4604050742
2013-03-20 00:00:00+00:00,122.5131054407
2013-03-21 00:00:00+00:00,118.636883161
2013-03-22 00:00:00+00:00,119.6324602518
2013-03-25 00:00:00+00:00,119.2325973219
2013-03-26 00:00:00+00:00,119.5834974441
2013-03-27 00:00:00+00:00,120.6443582785
2013-03-28 00:00:00+00:00,120.0812859895
2013-04-01 00:00:00+00:00,119.1754740462
2013-04-02 00:00:00+00:00,119.6977439955
2013-04-03 00:00:00+00:00,117.0292709735
2013-04-04 00:00:00+00:00,116.6865313193
2013-04-05 00:00:00+00:00,117.2577640763
2013-04-08 00:00:00+00:00,117.3638501597
2013-04-09 00:00:00+00:00,119.5671765082
2013-04-10 00:00:00+00:00,121.9663540876
2013-04-11 00:00:00+00:00,121.6480958372
2013-04-12 00:00:00+00:00,121.688898177
2013-04-15 00:00:00+00:00,119.5182137004
2013-04-16 00:00:00+00:00,117.5923432625
2013-04-17 00:00:00+00:00,114.7361794775
2013-04-18 00:00:00+00:00,113.1040858861
2013-04-19 00:00:00+00:00,113.2020115016
2013-04-22 00:00:00+00:00,113.8548489382
2013-04-23 00:00:00+00:00,116.6457289795
2013-04-24 00:00:00+00:00,117.4536153073
2013-04-25 00:00:00+00:00,118.1309341477
2013-04-26 00:00:00+00:00,117.6005037305
2013-04-29 00:00:00+00:00,118.4165505262
2013-04-30 00:00:00+00:00,119.1999554501
2013-05-01 00:00:00+00:00,116.3764335369
2013-05-02 00:00:00+00:00,117.2414431404
2013-05-03 00:00:00+00:00,118.6287226931
2013-05-06 00:00:00+00:00,121.1421468239
2013-05-07 00:00:00+00:00,121.8521075362
2013-05-08 00:00:00+00:00,122.6191915241
2013-05-09 00:00:00+00:00,121.2155910355
2013-05-10 00:00:00+00:00,121.6725772411
2013-05-13 00:00:00+00:00,122.1050820428
2013-05-14 00:00:00+00:00,126.0955508739
2013-05-15 00:00:00+00:00,126.9850418812
2013-05-16 00:00:00+00:00,126.0547485341
2013-05-17 00:00:00+00:00,129.0822821462
2013-05-20 00:00:00+00:00,129.6698358391
2013-05-21 00:00:00+00:00,131.1632014753
2013-05-22 00:00:00+00:00,130.0288964292
2013-05-23 00:00:00+00:00,128.4539261135
2013-05-24 00:00:00+00:00,129.5229474159
2013-05-28 00:00:00+00:00,131.5467434693
2013-05-29 00:00:00+00:00,133.3230747283
2013-05-30 00:00:00+00:00,134.5345817621
2013-05-31 00:00:00+00:00,132.6763919197
2013-06-03 00:00:00+00:00,133.8878989535
2013-06-04 00:00:00+00:00,132.3489575862
2013-06-05 00:00:00+00:00,129.5821374685
2013-06-06 00:00:00+00:00,130.7117859189
2013-06-07 00:00:00+00:00,135.893434246
2013-06-10 00:00:00+00:00,137.1049412798
2013-06-11 00:00:00+00:00,133.6832524951
2013-06-12 00:00:00+00:00,132.4963030363
2013-06-13 00:00:00+00:00,135.7379029376
2013-06-14 00:00:00+00:00,133.36400402
2013-06-17 00:00:00+00:00,134.338121162
2013-06-18 00:00:00+00:00,134.3708645954
2013-06-19 00:00:00+00:00,132.2507272862
2013-06-20 00:00:00+00:00,127.2164244092
2013-06-21 00:00:00+00:00,126.2668648421
2013-06-24 00:00:00+00:00,123.4263719993
2013-06-25 00:00:00+00:00,125.2927477001
2013-06-26 00:00:00+00:00,124.146727533
2013-06-27 00:00:00+00:00,125.6611113252
2013-06-28 00:00:00+00:00,123.8111073412
2013-07-01 00:00:00+00:00,124.220400258
2013-07-02 00:00:00+00:00,123.5409740161
2013-07-03 00:00:00+00:00,123.1398669576
2013-07-05 00:00:00+00:00,125.4400931501
2013-07-08 00:00:00+00:00,125.9066870753
2013-07-09 00:00:00+00:00,128.4688607347
2013-07-10 00:00:00+00:00,127.5602304593
2013-07-11 00:00:00+00:00,129.0991718266
2013-07-12 00:00:00+00:00,131.0637778274
2013-07-15 00:00:00+00:00,133.4294908867
2013-07-16 00:00:00+00:00,131.1701939858
2013-07-17 00:00:00+00:00,132.2016121362
2013-07-18 00:00:00+00:00,134.2971918704
2013-07-19 00:00:00+00:00,134.5427676205
2013-07-22 00:00:00+00:00,136.0898948461
2013-07-23 00:00:00+00:00,136.0980807044
2013-07-24 00:00:00+00:00,135.0994059873
2013-07-25 00:00:00+00:00,135.8115756626
2013-07-26 00:00:00+00:00,135.2794948707
2013-07-29 00:00:00+00:00,133.5686504784
2013-07-30 00:00:00+00:00,132.9628969615
2013-07-31 00:00:00+00:00,134.2726342953
2013-08-01 00:00:00+00:00,137.1049412798
2013-08-02 00:00:00+00:00,137.2113574382
2013-08-05 00:00:00+00:00,137.7843675217
2013-08-06 00:00:00+00:00,134.8865736706
2013-08-07 00:00:00+00:00,133.7978545118
2013-08-08 00:00:00+00:00,133.2985171533
2013-08-09 00:00:00+00:00,132.7173212114
2013-08-12 00:00:00+00:00,132.3571434446
2013-08-13 00:00:00+00:00,134.0106868286
2013-08-14 00:00:00+00:00,133.7078100701
2013-08-15 00:00:00+00:00,131.5876727609
2013-08-16 00:00:00+00:00,131.5140000359
2013-08-19 00:00:00+00:00,129.8522707936
2013-08-20 00:00:00+00:00,130.6135556189
2013-08-21 00:00:00+00:00,128.6080203264
2013-08-22 00:00:00+00:00,130.4907677438
2013-08-23 00:00:00+00:00,129.8686425103
2013-08-26 00:00:00+00:00,129.254703135
2013-08-27 00:00:00+00:00,125.4319072918
2013-08-28 00:00:00+00:00,125.6283678919
2013-08-29 00:00:00+00:00,126.1704004657
2013-08-30 00:00:00+00:00,124.9385082526
2013-09-03 00:00:00+00:00,127.0984259329
2013-09-04 00:00:00+00:00,127.9032621787
2013-09-05 00:00:00+00:00,128.2564046132
2013-09-06 00:00:00+00:00,128.6588227361
2013-09-09 00:00:00+00:00,130.9829927115
2013-09-10 00:00:00+00:00,135.6231200475
2013-09-11 00:00:00+00:00,135.5574191295
2013-09-12 00:00:00+00:00,134.1530620065
2013-09-13 00:00:00+00:00,134.6868819655
2013-09-16 00:00:00+00:00,137.175304236
2013-09-17 00:00:00+00:00,137.4955962114
2013-09-18 00:00:00+00:00,138.0212035557
2013-09-19 00:00:00+00:00,137.7912503426
2013-09-20 00:00:00+00:00,139.4091354491
2013-09-23 00:00:00+00:00,135.7134588098
2013-09-24 00:00:00+00:00,133.8409826459
2013-09-25 00:00:00+00:00,133.2989500721
2013-09-26 00:00:00+00:00,133.2825248426
2013-09-27 00:00:00+00:00,131.2786468426
2013-09-30 00:00:00+00:00,129.931778023
2013-10-01 00:00:00+00:00,130.5805745886
2013-10-02 00:00:00+00:00,130.3095583017
2013-10-03 00:00:00+00:00,128.8148624164
2013-10-04 00:00:00+00:00,128.5684839738
2013-10-07 00:00:00+00:00,126.6795825804
2013-10-08 00:00:00+00:00,125.6940688099
2013-10-09 00:00:00+00:00,126.8356222607
2013-10-10 00:00:00+00:00,129.7675257279
2013-10-11 00:00:00+00:00,131.4018360639
2013-10-14 00:00:00+00:00,130.9583548672
2013-10-15 00:00:00+00:00,129.4554463673
2013-10-16 00:00:00+00:00,133.2496743836
2013-10-17 00:00:00+00:00,130.0221167853
2013-10-18 00:00:00+00:00,130.3259835312
2013-10-21 00:00:00+00:00,131.2129459246
2013-10-22 00:00:00+00:00,130.7858899574
2013-10-23 00:00:00+00:00,129.5457851295
2013-10-24 00:00:00+00:00,131.3689856049
2013-10-25 00:00:00+00:00,133.1182725475
2013-10-28 00:00:00+00:00,132.5926652033
2013-10-29 00:00:00+00:00,133.134697777
2013-10-30 00:00:00+00:00,133.0854220885
2013-10-31 00:00:00+00:00,132.1081209328
2013-11-01 00:00:00+00:00,133.0854220885
2013-11-04 00:00:00+00:00,133.9970223262
2013-11-05 00:00:00+00:00,133.003295941
2013-11-06 00:00:00+00:00,134.2926764574
2013-11-07 00:00:00+00:00,131.1061819328
2013-11-08 00:00:00+00:00,134.005234941
2013-11-11 00:00:00+00:00,134.5554801295
2013-11-12 00:00:00+00:00,133.7752817279
2013-11-13 00:00:00+00:00,133.8163448016
2013-11-14 00:00:00+00:00,134.0298727852
2013-11-15 00:00:00+00:00,135.0153865557
2013-11-18 00:00:00+00:00,136.0666012442
2013-11-19 00:00:00+00:00,136.8221618016
2013-11-20 00:00:00+00:00,135.5081434409
2013-11-21 00:00:00+00:00,137.208154695
2013-11-22 00:00:00+00:00,138.0540540147
2013-11-25 00:00:00+00:00,139.1873948507
2013-11-26 00:00:00+00:00,138.0047783262
2013-11-27 00:00:00+00:00,138.6042992032
2013-11-29 00:00:00+00:00,139.1975407644
2013-12-02 00:00:00+00:00,139.8402191224
2013-12-03 00:00:00+00:00,138.464228279
2013-12-04 00:00:00+00:00,138.9997935773
2013-12-05 00:00:00+00:00,136.4126012132
2013-12-06 00:00:00+00:00,137.7721131243
2013-12-09 00:00:00+00:00,138.1511285662
2013-12-10 00:00:00+00:00,139.8484585885
2013-12-11 00:00:00+00:00,138.0934523033
2013-12-12 00:00:00+00:00,138.6949333306
2013-12-13 00:00:00+00:00,138.7443701274
2013-12-16 00:00:00+00:00,140.8536734561
2013-12-17 00:00:00+00:00,140.4746580142
2013-12-18 00:00:00+00:00,144.0588257799
2013-12-19 00:00:00+00:00,144.001149517
2013-12-20 00:00:00+00:00,144.322488696
2013-12-23 00:00:00+00:00,145.4018587587
2013-12-24 00:00:00+00:00,145.1464353087
2013-12-26 00:00:00+00:00,145.3853798265
2013-12-27 00:00:00+00:00,145.3029851652
2013-12-30 00:00:00+00:00,144.7921382652
2013-12-31 00:00:00+00:00,146.0527765828
2014-01-02 00:00:00+00:00,145.7479163361
2014-01-03 00:00:00+00:00,146.7860890682
2014-01-06 00:00:00+00:00,147.7913039358
2014-01-07 00:00:00+00:00,146.901441594
2014-01-08 00:00:00+00:00,147.0250335859
2014-01-09 00:00:00+00:00,146.1681291086
2014-01-10 00:00:00+00:00,146.9838362553
2014-01-13 00:00:00+00:00,144.9157302572
2014-01-14 00:00:00+00:00,145.5089718184
2014-01-15 00:00:00+00:00,147.2804570359
2014-01-16 00:00:00+00:00,144.3307281621
2014-01-17 00:00:00+00:00,145.2453089023
2014-01-21 00:00:00+00:00,142.7075533349
2014-01-22 00:00:00+00:00,143.103047709
2014-01-23 00:00:00+00:00,140.6888841336
2014-01-24 00:00:00+00:00,138.1264101678
2014-01-27 00:00:00+00:00,135.6957676601
2014-01-28 00:00:00+00:00,136.981124376
2014-01-29 00:00:00+00:00,135.044849836
2014-01-30 00:00:00+00:00,136.6433062648
2014-01-31 00:00:00+00:00,135.2261180908
2014-02-03 00:00:00+00:00,131.6831476558
2014-02-04 00:00:00+00:00,133.2816040846
2014-02-05 00:00:00+00:00,132.1775156235
2014-02-06 00:00:00+00:00,133.2733646185
2014-02-07 00:00:00+00:00,133.4216750088
2014-02-10 00:00:00+00:00,132.6554046589
2014-02-11 00:00:00+00:00,135.4485836762
2014-02-12 00:00:00+00:00,134.7152711908
2014-02-13 00:00:00+00:00,135.176681294
2014-02-14 00:00:00+00:00,134.8965394457
2014-02-18 00:00:00+00:00,135.6628097956
2014-02-19 00:00:00+00:00,134.5175240038
2014-02-20 00:00:00+00:00,135.5392178036
2014-02-21 00:00:00+00:00,135.5392178036
2014-02-24 00:00:00+00:00,137.2200688937
2014-02-25 00:00:00+00:00,134.6987922586
2014-02-26 00:00:00+00:00,134.5916791989
2014-02-27 00:00:00+00:00,136.7246431567
2014-02-28 00:00:00+00:00,137.6092444881
2014-03-03 00:00:00+00:00,136.1955358184
2014-03-04 00:00:00+00:00,139.4941893811
2014-03-05 00:00:00+00:00,142.1149241664
2014-03-06 00:00:00+00:00,142.6936353178
2014-03-07 00:00:00+00:00,144.0660074767
2014-03-10 00:00:00+00:00,143.4459598145
2014-03-11 00:00:00+00:00,140.4531964319
2014-03-12 00:00:00+00:00,140.3126522951
2014-03-13 00:00:00+00:00,137.8159270421
2014-03-14 00:00:00+00:00,136.6998412503
2014-03-17 00:00:00+00:00,137.9316692724
2014-03-18 00:00:00+00:00,138.9650820427
2014-03-19 00:00:00+00:00,139.0394877621
2014-03-20 00:00:00+00:00,139.899287187
2014-03-21 00:00:00+00:00,138.0226095962
2014-03-24 00:00:00+00:00,137.0057314303
2014-03-25 00:00:00+00:00,134.9637077962
2014-03-26 00:00:00+00:00,133.7070778676
2014-03-27 00:00:00+00:00,134.1700467887
2014-03-28 00:00:00+00:00,134.1783140908
2014-03-31 00:00:00+00:00,135.4597459259
2014-04-01 00:00:00+00:00,137.1710774735
2014-04-02 00:00:00+00:00,138.2871632654
2014-04-03 00:00:00+00:00,137.3116216103
2014-04-04 00:00:00+00:00,134.9554404941
2014-04-07 00:00:00+00:00,131.0863430822
2014-04-08 00:00:00+00:00,129.4328826498
2014-04-09 00:00:00+00:00,130.7556509957
2014-04-10 00:00:00+00:00,128.9533791244
2014-04-11 00:00:00+00:00,126.2582386195
2014-04-14 00:00:00+00:00,127.9282336563
2014-04-15 00:00:00+00:00,128.0770450952
2014-04-16 00:00:00+00:00,129.9785245925
2014-04-17 00:00:00+00:00,130.16040524
2014-04-21 00:00:00+00:00,130.4580281179
2014-04-22 00:00:00+00:00,132.657130493
2014-04-23 00:00:00+00:00,132.6488631908
2014-04-24 00:00:00+00:00,132.9795552773
2014-04-25 00:00:00+00:00,130.821789413
2014-04-28 00:00:00+00:00,129.4163480455
2014-04-29 00:00:00+00:00,130.821789413
2014-04-30 00:00:00+00:00,132.1280231546
2014-05-01 00:00:00+00:00,132.5827247735
2014-05-02 00:00:00+00:00,131.3508967514
2014-05-05 00:00:00+00:00,129.2592693044
2014-05-06 00:00:00+00:00,127.762887613
2014-05-07 00:00:00+00:00,128.5730832249
2014-05-08 00:00:00+00:00,130.1273360314
2014-05-09 00:00:00+00:00,129.9619899882
2014-05-12 00:00:00+00:00,131.9048059962
2014-05-13 00:00:00+00:00,132.5083190541
2014-05-14 00:00:00+00:00,131.8221329746
2014-05-15 00:00:00+00:00,129.4990210671
2014-05-16 00:00:00+00:00,129.3254077217
2014-05-19 00:00:00+00:00,130.3505531898
2014-05-20 00:00:00+00:00,129.2592693044
2014-05-21 00:00:00+00:00,131.739459953
2014-05-22 00:00:00+00:00,132.1528250611
2014-05-23 00:00:00+00:00,132.4091114281
2014-05-27 00:00:00+00:00,133.7401470762
2014-05-28 00:00:00+00:00,133.7153451697
2014-05-29 00:00:00+00:00,133.3420471654
2014-05-30 00:00:00+00:00,132.570564623
2014-06-02 00:00:00+00:00,132.7530658696
2014-06-03 00:00:00+00:00,134.2213713535
2014-06-04 00:00:00+00:00,134.7108065148
2014-06-05 00:00:00+00:00,134.8684212277
2014-06-06 00:00:00+00:00,137.863100774
2014-06-09 00:00:00+00:00,137.705486061
2014-06-10 00:00:00+00:00,138.0041244645
2014-06-11 00:00:00+00:00,137.2326419221
2014-06-12 00:00:00+00:00,137.6723040162
2014-06-13 00:00:00+00:00,137.6142354377
2014-06-16 00:00:00+00:00,137.5810533929
2014-06-17 00:00:00+00:00,139.5470895493
2014-06-18 00:00:00+00:00,140.9075533875
2014-06-19 00:00:00+00:00,140.7997117418
2014-06-20 00:00:00+00:00,140.8909623651
2014-06-23 00:00:00+00:00,141.2227828134
2014-06-24 00:00:00+00:00,139.5553850605
2014-06-25 00:00:00+00:00,139.6798177287
2014-06-26 00:00:00+00:00,139.3728838139
2014-06-27 00:00:00+00:00,138.3525359353
2014-06-30 00:00:00+00:00,138.9000396751
2014-07-01 00:00:00+00:00,138.3774224689
2014-07-02 00:00:00+00:00,138.4437865586
2014-07-03 00:00:00+00:00,140.5757329392
2014-07-07 00:00:00+00:00,139.1820870561
2014-07-08 00:00:00+00:00,136.8012753393
2014-07-09 00:00:00+00:00,136.6021830703
2014-07-10 00:00:00+00:00,135.5652441692
2014-07-11 00:00:00+00:00,136.710024716
2014-07-14 00:00:00+00:00,138.5350371819
2014-07-15 00:00:00+00:00,140.3351631141
2014-07-16 00:00:00+00:00,141.4135795712
2014-07-17 00:00:00+00:00,141.1398277013
2014-07-18 00:00:00+00:00,142.2431306921
2014-07-21 00:00:00+00:00,142.4505184723
2014-07-22 00:00:00+00:00,145.1880371711
2014-07-23 00:00:00+00:00,146.6812291886
2014-07-24 00:00:00+00:00,146.2166805609
2014-07-25 00:00:00+00:00,148.9873813046
2014-07-28 00:00:00+00:00,145.9595197135
2014-07-29 00:00:00+00:00,145.6194037539
2014-07-30 00:00:00+00:00,145.8019050005
2014-07-31 00:00:00+00:00,143.4045022613
2014-08-01 00:00:00+00:00,141.2310783246
2014-08-04 00:00:00+00:00,142.4256319387
2014-08-05 00:00:00+00:00,140.5425508943
2014-08-06 00:00:00+00:00,140.808007253
2014-08-07 00:00:00+00:00,140.2770945357
2014-08-08 00:00:00+00:00,142.8984760776
2014-08-11 00:00:00+00:00,143.0643863017
2014-08-12 00:00:00+00:00,142.956544656
2014-08-13 00:00:00+00:00,142.9897267008
2014-08-14 00:00:00+00:00,143.2883651043
2014-08-15 00:00:00+00:00,142.599837674
2014-08-18 00:00:00+00:00,144.7981481443
2014-08-19 00:00:00+00:00,144.308712983
2014-08-20 00:00:00+00:00,144.3667815615
2014-08-21 00:00:00+00:00,145.2958788168
2014-08-22 00:00:00+00:00,145.5613351755
2014-08-25 00:00:00+00:00,147.5522578655
2014-08-26 00:00:00+00:00,147.5771443991
2014-08-27 00:00:00+00:00,147.9587379147
2014-08-28 00:00:00+00:00,147.825599182
2014-08-29 00:00:00+00:00,149.0404901181
2014-09-02 00:00:00+00:00,149.5896873907
2014-09-03 00:00:00+00:00,149.4482274871
2014-09-04 00:00:00+00:00,149.8476436853
2014-09-05 00:00:00+00:00,149.5730450491
2014-09-08 00:00:00+00:00,149.8726071977
2014-09-09 00:00:00+00:00,147.6175699121
2014-09-10 00:00:00+00:00,149.6728990986
2014-09-11 00:00:00+00:00,150.6131913985
2014-09-12 00:00:00+00:00,152.4188854611
2014-09-15 00:00:00+00:00,153.0929002956
2014-09-16 00:00:00+00:00,153.1428273203
2014-09-17 00:00:00+00:00,153.7918786424
2014-09-18 00:00:00+00:00,156.3464780766
2014-09-19 00:00:00+00:00,154.9402002122
2014-09-22 00:00:00+00:00,154.1829736698
2014-09-23 00:00:00+00:00,154.0165502539
2014-09-24 00:00:00+00:00,156.2799087102
2014-09-25 00:00:00+00:00,153.1844331743
2014-09-26 00:00:00+00:00,154.0415137662
2014-09-29 00:00:00+00:00,152.9680827336
2014-09-30 00:00:00+00:00,152.7517322929
2014-10-01 00:00:00+00:00,150.3635562746
2014-10-02 00:00:00+00:00,152.177571508
2014-10-03 00:00:00+00:00,156.4962591509
2014-10-06 00:00:00+00:00,156.005310074
2014-10-07 00:00:00+00:00,152.9431192212
2014-10-08 00:00:00+00:00,155.3063317272
2014-10-09 00:00:00+00:00,150.83786301
2014-10-10 00:00:00+00:00,150.0972788092
2014-10-13 00:00:00+00:00,148.7575703111
2014-10-14 00:00:00+00:00,148.6993221155
2014-10-15 00:00:00+00:00,147.4844311794
2014-10-16 00:00:00+00:00,143.6067655887
2014-10-17 00:00:00+00:00,147.2098325431
2014-10-20 00:00:00+00:00,147.9837014271
2014-10-21 00:00:00+00:00,149.9308553933
2014-10-22 00:00:00+00:00,147.1432631768
2014-10-23 00:00:00+00:00,149.8310013437
2014-10-24 00:00:00+00:00,152.5686665354
2014-10-27 00:00:00+00:00,153.0346521
2014-10-28 00:00:00+00:00,155.0400542617
2014-10-29 00:00:00+00:00,154.8403461626
2014-10-30 00:00:00+00:00,155.5809303634
2014-10-31 00:00:00+00:00,158.0939239436
2014-11-03 00:00:00+00:00,158.7929022905
2014-11-04 00:00:00+00:00,158.3269167259
2014-11-05 00:00:00+00:00,157.9691063817
2014-11-06 00:00:00+00:00,158.934362194
2014-11-07 00:00:00+00:00,158.6930482409
2014-11-10 00:00:00+00:00,159.6000558576
2014-11-11 00:00:00+00:00,159.666625224
2014-11-12 00:00:00+00:00,158.2520261888
2014-11-13 00:00:00+00:00,158.3019532135
2014-11-14 00:00:00+00:00,158.0856027729
2014-11-17 00:00:00+00:00,158.0439969189
2014-11-18 00:00:00+00:00,157.8026829658
2014-11-19 00:00:00+00:00,157.42823028
2014-11-20 00:00:00+00:00,157.8942158446
2014-11-21 00:00:00+00:00,157.7610771118
2014-11-24 00:00:00+00:00,158.16049331
2014-11-25 00:00:00+00:00,157.1536316438
2014-11-26 00:00:00+00:00,156.8707118367
2014-11-28 00:00:00+00:00,157.2784492057
2014-12-01 00:00:00+00:00,157.1031481371
2014-12-02 00:00:00+00:00,158.7643344537
2014-12-03 00:00:00+00:00,159.3987573686
2014-12-04 00:00:00+00:00,160.2335243619
2014-12-05 00:00:00+00:00,163.1552088384
2014-12-08 00:00:00+00:00,164.1318862206
2014-12-09 00:00:00+00:00,164.3572733088
2014-12-10 00:00:00+00:00,160.2752627116
2014-12-11 00:00:00+00:00,161.5608038813
2014-12-12 00:00:00+00:00,157.6207036729
2014-12-15 00:00:00+00:00,154.8826679349
2014-12-16 00:00:00+00:00,153.0211375399
2014-12-17 00:00:00+00:00,154.4569367684
2014-12-18 00:00:00+00:00,159.9497035842
2014-12-19 00:00:00+00:00,161.343764463
2014-12-22 00:00:00+00:00,162.3120941752
2014-12-23 00:00:00+00:00,163.1969471881
2014-12-24 00:00:00+00:00,163.5225063155
2014-12-26 00:00:00+00:00,163.1552088384
2014-12-29 00:00:00+00:00,163.7729364135
2014-12-30 00:00:00+00:00,163.3722482567
2014-12-31 00:00:00+00:00,161.8028863093
2015-01-02 00:00:00+00:00,162.2870511654
2015-01-05 00:00:00+00:00,157.2200155162
2015-01-06 00:00:00+00:00,154.0395532717
2015-01-07 00:00:00+00:00,156.3351625033
2015-01-08 00:00:00+00:00,158.8311158132
2015-01-09 00:00:00+00:00,156.3935961928
2015-01-12 00:00:00+00:00,154.4903274481
2015-01-13 00:00:00+00:00,154.373460069
2015-01-14 00:00:00+00:00,150.4500552006
2015-01-15 00:00:00+00:00,148.9975606323
2015-01-16 00:00:00+00:00,147.9457542207
2015-01-20 00:00:00+00:00,146.6101270314
2015-01-21 00:00:00+00:00,147.8789728612
2015-01-22 00:00:00+00:00,151.9609834584
2015-01-23 00:00:00+00:00,150.6670946188
2015-01-26 00:00:00+00:00,150.6086609293
2015-01-27 00:00:00+00:00,147.3280266457
2015-01-28 00:00:00+00:00,144.4564281888
2015-01-29 00:00:00+00:00,146.910643149
2015-01-30 00:00:00+00:00,143.9221773131
2015-02-02 00:00:00+00:00,146.4932596524
2015-02-03 00:00:00+00:00,150.4584028705
2015-02-04 00:00:00+00:00,149.2396430603
2015-02-05 00:00:00+00:00,150.900829377
2015-02-06 00:00:00+00:00,153.1213095791
2015-02-09 00:00:00+00:00,152.1112415172
2015-02-10 00:00:00+00:00,154.0645962815
2015-02-11 00:00:00+00:00,156.6440262908
2015-02-12 00:00:00+00:00,158.4220799865
2015-02-13 00:00:00+00:00,157.7709617317
2015-02-17 00:00:00+00:00,158.6224240649
2015-02-18 00:00:00+00:00,157.4954886239
2015-02-19 00:00:00+00:00,157.862786101
2015-02-20 00:00:00+00:00,159.8662268849
2015-02-23 00:00:00+00:00,158.8645064929
2015-02-24 00:00:00+00:00,160.4589114501
2015-02-25 00:00:00+00:00,160.0415279535
2015-02-26 00:00:00+00:00,160.9430763062
2015-02-27 00:00:00+00:00,158.9250075555
2015-03-02 00:00:00+00:00,160.5997534067
2015-03-03 00:00:00+00:00,160.1643194854
2015-03-04 00:00:00+00:00,158.8245228044
2015-03-05 00:00:00+00:00,159.1678457039
2015-03-06 00:00:00+00:00,156.5133735296
2015-03-09 00:00:00+00:00,157.3674939138
2015-03-10 00:00:00+00:00,152.996407242
2015-03-11 00:00:00+00:00,154.2273454427
2015-03-12 00:00:00+00:00,159.0589872236
2015-03-13 00:00:00+00:00,158.5481897389
2015-03-16 00:00:00+00:00,160.6918644285
2015-03-17 00:00:00+00:00,159.5781584375
2015-03-18 00:00:00+00:00,161.0435610573
2015-03-19 00:00:00+00:00,159.0757346821
2015-03-20 00:00:00+00:00,161.7218331271
2015-03-23 00:00:00+00:00,160.7421068041
2015-03-24 00:00:00+00:00,160.1726932147
2015-03-25 00:00:00+00:00,156.8818176169
2015-03-26 00:00:00+00:00,156.7897065951
2015-03-27 00:00:00+00:00,157.4763523941
2015-03-30 00:00:00+00:00,159.954976254
2015-03-31 00:00:00+00:00,157.4009888308
2015-04-01 00:00:00+00:00,160.968197494
2015-04-02 00:00:00+00:00,160.3987839046
2015-04-06 00:00:00+00:00,160.8174703674
2015-04-07 00:00:00+00:00,161.1021771621
2015-04-08 00:00:00+00:00,161.2445305595
2015-04-09 00:00:00+00:00,163.1956094762
2015-04-10 00:00:00+00:00,163.8236391704
2015-04-13 00:00:00+00:00,163.7733967949
2015-04-14 00:00:00+00:00,165.5653748557
2015-04-15 00:00:00+00:00,168.3956953443
2015-04-16 00:00:00+00:00,167.6504334405
2015-04-17 00:00:00+00:00,165.2555468732
2015-04-20 00:00:00+00:00,165.8835765675
2015-04-21 00:00:00+00:00,164.8284866812
2015-04-22 00:00:00+00:00,166.0677986111
2015-04-23 00:00:00+00:00,166.8967978075
2015-04-24 00:00:00+00:00,165.7914655456
2015-04-27 00:00:00+00:00,164.560527345
2015-04-28 00:00:00+00:00,165.3727790828
2015-04-29 00:00:00+00:00,166.2687681132
2015-04-30 00:00:00+00:00,164.4767900524
2015-05-01 00:00:00+00:00,165.4062739998
2015-05-04 00:00:00+00:00,166.8884240782
2015-05-05 00:00:00+00:00,165.2053044977
2015-05-06 00:00:00+00:00,164.334436655
2015-05-07 00:00:00+00:00,165.2890417903
2015-05-08 00:00:00+00:00,167.893271589
2015-05-11 00:00:00+00:00,168.9232402875
2015-05-12 00:00:00+00:00,167.9183927767
2015-05-13 00:00:00+00:00,168.6720284098
2015-05-14 00:00:00+00:00,169.6685021913
2015-05-15 00:00:00+00:00,169.9615827153
2015-05-18 00:00:00+00:00,171.3767429596
2015-05-19 00:00:00+00:00,171.9963989246
2015-05-20 00:00:00+00:00,171.7284395884
2015-05-21 00:00:00+00:00,171.619581108
2015-05-22 00:00:00+00:00,174.0060939461
2015-05-26 00:00:00+00:00,172.8170243917
2015-05-27 00:00:00+00:00,175.0611838324
2015-05-28 00:00:00+00:00,175.1197999372
2015-05-29 00:00:00+00:00,173.1962372844
2015-06-01 00:00:00+00:00,174.5570108641
2015-06-02 00:00:00+00:00,173.3978333702
2015-06-03 00:00:00+00:00,174.9602030358
2015-06-04 00:00:00+00:00,175.4473935767
2015-06-05 00:00:00+00:00,176.7745678088
2015-06-08 00:00:00+00:00,176.2201785726
2015-06-09 00:00:00+00:00,175.5733911304
2015-06-10 00:00:00+00:00,179.0257241011
2015-06-11 00:00:00+00:00,179.706110891
2015-06-12 00:00:00+00:00,178.9669252428
2015-06-15 00:00:00+00:00,177.8749464442
2015-06-16 00:00:00+00:00,179.3869170884
2015-06-17 00:00:00+00:00,178.8577273629
2015-06-18 00:00:00+00:00,180.2605001272
2015-06-19 00:00:00+00:00,179.0761231226
2015-06-22 00:00:00+00:00,181.8648689773
2015-06-23 00:00:00+00:00,183.4524381537
2015-06-24 00:00:00+00:00,180.1177028997
2015-06-25 00:00:00+00:00,178.7653291569
2015-06-26 00:00:00+00:00,179.0593234488
2015-06-29 00:00:00+00:00,174.4226134735
2015-06-30 00:00:00+00:00,175.3801948814
2015-07-01 00:00:00+00:00,176.3461761263
2015-07-02 00:00:00+00:00,175.7245881948
2015-07-06 00:00:00+00:00,174.750207113
2015-07-07 00:00:00+00:00,174.8930043405
2015-07-08 00:00:00+00:00,171.4070720221
2015-07-09 00:00:00+00:00,172.0370597905
2015-07-10 00:00:00+00:00,174.0362209755
2015-07-13 00:00:00+00:00,176.4973731907
2015-07-14 00:00:00+00:00,178.2109399207
2015-07-15 00:00:00+00:00,178.8829268736
2015-07-16 00:00:00+00:00,177.3877559033
2015-07-17 00:00:00+00:00,178.4629350281
2015-07-20 00:00:00+00:00,178.4041361697
2015-07-21 00:00:00+00:00,177.6565506845
2015-07-22 00:00:00+00:00,179.1265221441
2015-07-23 00:00:00+00:00,177.2785580235
2015-07-24 00:00:00+00:00,174.1706183661
2015-07-27 00:00:00+00:00,172.2134563657
2015-07-28 00:00:00+00:00,173.2382364689
2015-07-29 00:00:00+00:00,173.7422266836
2015-07-30 00:00:00+00:00,174.0446208125
2015-07-31 00:00:00+00:00,172.2554555502
2015-08-03 00:00:00+00:00,171.9362617476
2015-08-04 00:00:00+00:00,172.3394539194
2015-08-05 00:00:00+00:00,172.7846452757
2015-08-06 00:00:00+00:00,172.2722552241
2015-08-07 00:00:00+00:00,170.8862821336
2015-08-10 00:00:00+00:00,173.0114408723
2015-08-11 00:00:00+00:00,169.424710511
2015-08-12 00:00:00+00:00,168.945919807
2015-08-13 00:00:00+00:00,168.6183261674
2015-08-14 00:00:00+00:00,169.6935052921
2015-08-17 00:00:00+00:00,170.1554963223
2015-08-18 00:00:00+00:00,168.9879189915
2015-08-19 00:00:00+00:00,168.7947227426
2015-08-20 00:00:00+00:00,165.2667912396
2015-08-21 00:00:00+00:00,157.6985381821
2015-08-24 00:00:00+00:00,150.7434732191
2015-08-25 00:00:00+00:00,149.7018934421
2015-08-26 00:00:00+00:00,154.8929926536
2015-08-27 00:00:00+00:00,158.9333142081
2015-08-28 00:00:00+00:00,158.2529274183
2015-08-31 00:00:00+00:00,158.9693854119
2015-09-01 00:00:00+00:00,153.5074468251
2015-09-02 00:00:00+00:00,155.5219581249
2015-09-03 00:00:00+00:00,155.9855485913
2015-09-04 00:00:00+00:00,152.0408151675
2015-09-08 00:00:00+00:00,156.6767198323
2015-09-09 00:00:00+00:00,156.5081414808
2015-09-10 00:00:00+00:00,156.702006585
2015-09-11 00:00:00+00:00,156.1625558604
2015-09-14 00:00:00+00:00,155.0415098233
2015-09-15 00:00:00+00:00,158.0000598911
2015-09-16 00:00:00+00:00,159.0031010822
2015-09-17 00:00:00+00:00,157.1571681339
2015-09-18 00:00:00+00:00,152.5128345516
2015-09-21 00:00:00+00:00,154.5442036865
2015-09-22 00:00:00+00:00,151.4845066078
2015-09-23 00:00:00+00:00,151.223210163
2015-09-24 00:00:00+00:00,149.11598077
2015-09-25 00:00:00+00:00,151.5772247011
2015-09-28 00:00:00+00:00,145.8371318344
2015-09-29 00:00:00+00:00,144.859377396
2015-09-30 00:00:00+00:00,146.4608717347
2015-10-01 00:00:00+00:00,148.3658071061
2015-10-02 00:00:00+00:00,149.2002699457
2015-10-05 00:00:00+00:00,152.3105405299
2015-10-06 00:00:00+00:00,151.9902416621
2015-10-07 00:00:00+00:00,153.6001649184
2015-10-08 00:00:00+00:00,152.62241048
2015-10-09 00:00:00+00:00,151.0377739765
2015-10-12 00:00:00+00:00,151.914381404
2015-10-13 00:00:00+00:00,152.5381213043
2015-10-14 00:00:00+00:00,151.3074993388
2015-10-15 00:00:00+00:00,155.9012594156
2015-10-16 00:00:00+00:00,156.0866956022
2015-10-19 00:00:00+00:00,156.5587149863
2015-10-20 00:00:00+00:00,156.3648498821
2015-10-21 00:00:00+00:00,151.4676487726
2015-10-22 00:00:00+00:00,154.7212109555
2015-10-23 00:00:00+00:00,156.3564209645
2015-10-26 00:00:00+00:00,157.6291875179
2015-10-27 00:00:00+00:00,157.0391632879
2015-10-28 00:00:00+00:00,161.2620509915
2015-10-29 00:00:00+00:00,160.0567157787
2015-10-30 00:00:00+00:00,158.042204479
2015-11-02 00:00:00+00:00,159.8797085097
2015-11-03 00:00:00+00:00,160.7310291845
2015-11-04 00:00:00+00:00,161.5402052714
2015-11-05 00:00:00+00:00,161.8520752216
2015-11-06 00:00:00+00:00,167.8787512857
2015-11-09 00:00:00+00:00,165.8473821508
2015-11-10 00:00:00+00:00,166.7324184959
2015-11-11 00:00:00+00:00,166.3784039579
2015-11-12 00:00:00+00:00,162.4842440395
2015-11-13 00:00:00+00:00,160.4781616573
2015-11-16 00:00:00+00:00,161.9700800676
2015-11-17 00:00:00+00:00,160.6298821736
2015-11-18 00:00:00+00:00,163.2344177034
2015-11-19 00:00:00+00:00,162.7033958964
2015-11-20 00:00:00+00:00,161.3884847551
2015-11-23 00:00:00+00:00,159.4666915487
2015-11-24 00:00:00+00:00,159.0283878349
2015-11-25 00:00:00+00:00,159.4329758784
2015-11-27 00:00:00+00:00,160.5455929979
2015-11-30 00:00:00+00:00,160.7141713494
2015-12-01 00:00:00+00:00,163.2937851932
2015-12-02 00:00:00+00:00,160.9171573567
2015-12-03 00:00:00+00:00,156.637535701
2015-12-04 00:00:00+00:00,160.6887980984
2015-12-07 00:00:00+00:00,156.8828104599
2015-12-08 00:00:00+00:00,154.7091686308
2015-12-09 00:00:00+00:00,152.8400058128
2015-12-10 00:00:00+00:00,154.0240908559
2015-12-11 00:00:00+00:00,149.330039435
2015-12-14 00:00:00+00:00,149.1947154301
2015-12-15 00:00:00+00:00,153.9395133528
2015-12-16 00:00:00+00:00,157.4917684821
2015-12-17 00:00:00+00:00,154.4469783713
2015-12-18 00:00:00+00:00,148.4250601521
2015-12-21 00:00:00+00:00,150.3365117216
2015-12-22 00:00:00+00:00,152.2817942925
2015-12-23 00:00:00+00:00,154.7345418817
2015-12-24 00:00:00+00:00,154.3285698669
2015-12-28 00:00:00+00:00,153.6096610908
2015-12-29 00:00:00+00:00,155.2250913996
2015-12-30 00:00:00+00:00,153.9395133528
2015-12-31 00:00:00+00:00,152.434033798
2016-01-04 00:00:00+00:00,149.8205889529
2016-01-05 00:00:00+00:00,147.240975109
2016-01-06 00:00:00+00:00,143.6464312282
2016-01-07 00:00:00+00:00,139.2314855675
2016-01-08 00:00:00+00:00,138.6563585465
2016-01-11 00:00:00+00:00,140.1702958516
2016-01-12 00:00:00+00:00,140.153380351
2016-01-13 00:00:00+00:00,134.4697721442
2016-01-14 00:00:00+00:00,136.499632218
2016-01-15 00:00:00+00:00,131.6110525401
2016-01-19 00:00:00+00:00,132.6344403274
2016-01-20 00:00:00+00:00,130.0379109829
2016-01-21 00:00:00+00:00,128.2617834182
2016-01-22 00:00:00+00:00,132.6682713286
2016-01-25 00:00:00+00:00,127.8135226519
2016-01-26 00:00:00+00:00,130.6299535044
2016-01-27 00:00:00+00:00,130.0125377319
2016-01-28 00:00:00+00:00,132.8374263348
2016-01-29 00:00:00+00:00,136.6434139733
2016-02-01 00:00:00+00:00,135.0279836645
2016-02-02 00:00:00+00:00,128.3040721698
2016-02-03 00:00:00+00:00,129.1329316999
2016-02-04 00:00:00+00:00,132.3553345672
2016-02-05 00:00:00+00:00,132.3384190666
2016-02-08 00:00:00+00:00,126.2319233443
2016-02-09 00:00:00+00:00,125.3861483136
2016-02-10 00:00:00+00:00,124.5234577822
2016-02-11 00:00:00+00:00,118.9920890808
2016-02-12 00:00:00+00:00,123.5931052483
2016-02-16 00:00:00+00:00,126.0373950873
2016-02-17 00:00:00+00:00,127.6612831464
2016-02-18 00:00:00+00:00,124.9463452975
2016-02-19 00:00:00+00:00,124.2528097723
2016-02-22 00:00:00+00:00,125.8428668302
2016-02-23 00:00:00+00:00,122.5612597107
2016-02-24 00:00:00+00:00,123.1110134808
2016-02-25 00:00:00+00:00,125.3861483136
2016-02-26 00:00:00+00:00,127.0776983751
2016-02-29 00:00:00+00:00,127.018494123
2016-03-01 00:00:00+00:00,131.3676861908
2016-03-02 00:00:00+00:00,130.9854329818
2016-03-03 00:00:00+00:00,131.9453132624
2016-03-04 00:00:00+00:00,133.2279851418
2016-03-07 00:00:00+00:00,131.9623022939
2016-03-08 00:00:00+00:00,128.7768588848
2016-03-09 00:00:00+00:00,127.3412857218
2016-03-10 00:00:00+00:00,128.2841769708
2016-03-11 00:00:00+00:00,130.7645755721
2016-03-14 00:00:00+00:00,130.382322363
2016-03-15 00:00:00+00:00,129.1421230624
2016-03-16 00:00:00+00:00,127.8764402145
2016-03-17 00:00:00+00:00,129.889640449
2016-03-18 00:00:00+00:00,133.8735683393
2016-03-21 00:00:00+00:00,132.7607867751
2016-03-22 00:00:00+00:00,130.9854329818
2016-03-23 00:00:00+00:00,130.8834987927
2016-03-24 00:00:00+00:00,129.9660910908
2016-03-28 00:00:00+00:00,130.6796304145
2016-03-29 00:00:00+00:00,131.6904777896
2016-03-30 00:00:00+00:00,132.939171606
2016-03-31 00:00:00+00:00,133.3469083624
2016-04-01 00:00:00+00:00,135.7593508375
2016-04-04 00:00:00+00:00,134.0179751072
2016-04-05 00:00:00+00:00,131.9623022939
2016-04-06 00:00:00+00:00,131.8263900418
2016-04-07 00:00:00+00:00,127.7660115096
2016-04-08 00:00:00+00:00,127.6555828048
2016-04-11 00:00:00+00:00,129.2865298302
2016-04-12 00:00:00+00:00,131.0788726551
2016-04-13 00:00:00+00:00,135.7848343848
2016-04-14 00:00:00+00:00,136.6852530551
2016-04-15 00:00:00+00:00,134.655063789
2016-04-18 00:00:00+00:00,135.0797895769
2016-04-19 00:00:00+00:00,138.1632987969
2016-04-20 00:00:00+00:00,141.8414241199
2016-04-21 00:00:00+00:00,140.4313345042
2016-04-22 00:00:00+00:00,141.6460502575
2016-04-25 00:00:00+00:00,140.2359606417
2016-04-26 00:00:00+00:00,140.8730493236
2016-04-27 00:00:00+00:00,141.7904570254
2016-04-28 00:00:00+00:00,139.5563993811
2016-04-29 00:00:00+00:00,139.4034980975
2016-05-02 00:00:00+00:00,141.1618628593
2016-05-03 00:00:00+00:00,138.579530069
2016-05-04 00:00:00+00:00,135.9717137314
2016-05-05 00:00:00+00:00,135.5130098805
2016-05-06 00:00:00+00:00,134.935382809
2016-05-09 00:00:00+00:00,133.7971176975
2016-05-10 00:00:00+00:00,137.1184733587
2016-05-11 00:00:00+00:00,135.4195702072
2016-05-12 00:00:00+00:00,134.2728105799
2016-05-13 00:00:00+00:00,131.9538077781
2016-05-16 00:00:00+00:00,131.9877858411
2016-05-17 00:00:00+00:00,131.3676861908
2016-05-18 00:00:00+00:00,135.8612850266
2016-05-19 00:00:00+00:00,131.4101587696
2016-05-20 00:00:00+00:00,131.2487629702
2016-05-23 00:00:00+00:00,132.0472474514
2016-05-24 00:00:00+00:00,133.8650738236
2016-05-25 00:00:00+00:00,136.9740665908
2016-05-26 00:00:00+00:00,135.2496798921
2016-05-27 00:00:00+00:00,136.0651534048
2016-05-31 00:00:00+00:00,136.0225077728
2016-06-01 00:00:00+00:00,136.4404349662
2016-06-02 00:00:00+00:00,135.8519252449
2016-06-03 00:00:00+00:00,132.7729106157
2016-06-06 00:00:00+00:00,133.9584591848
2016-06-07 00:00:00+00:00,132.3464542959
2016-06-08 00:00:00+00:00,131.8944105968
2016-06-09 00:00:00+00:00,130.6406290166
2016-06-10 00:00:00+00:00,127.8430755585
2016-06-13 00:00:00+00:00,126.7684056325
2016-06-14 00:00:00+00:00,124.6872987917
2016-06-15 00:00:00+00:00,124.6617114125
2016-06-16 00:00:00+00:00,125.0625803532
2016-06-17 00:00:00+00:00,124.2181968399
2016-06-20 00:00:00+00:00,126.0178425096
2016-06-21 00:00:00+00:00,126.5295900934
2016-06-22 00:00:00+00:00,126.3504784391
2016-06-23 00:00:00+00:00,130.2056435703
2016-06-24 00:00:00+00:00,120.994187062
2016-06-27 00:00:00+00:00,118.9898423588
2016-06-28 00:00:00+00:00,121.4632890138
2016-06-29 00:00:00+00:00,124.0987890704
2016-06-30 00:00:00+00:00,126.7257600005
2016-07-01 00:00:00+00:00,126.4442988294
2016-07-05 00:00:00+00:00,123.2032307987
2016-07-06 00:00:00+00:00,124.1670220815
2016-07-07 00:00:00+00:00,125.3781580299
2016-07-08 00:00:00+00:00,128.2610027519
2016-07-11 00:00:00+00:00,129.8047746297
2016-07-12 00:00:00+00:00,133.8390514153
2016-07-13 00:00:00+00:00,134.6919640549
2016-07-14 00:00:00+00:00,138.6324204502
2016-07-15 00:00:00+00:00,137.8647990745
2016-07-18 00:00:00+00:00,139.3062214355
2016-07-19 00:00:00+00:00,137.6686291673
2016-07-20 00:00:00+00:00,137.9756777176
2016-07-21 00:00:00+00:00,136.5086679774
2016-07-22 00:00:00+00:00,136.8157165277
2016-07-25 00:00:00+00:00,136.9010077916
2016-07-26 00:00:00+00:00,137.4554010074
2016-07-27 00:00:00+00:00,137.3104058587
2016-07-28 00:00:00+00:00,136.9180660444
2016-07-29 00:00:00+00:00,135.4510563042
2016-08-01 00:00:00+00:00,134.9137213412
2016-08-02 00:00:00+00:00,133.1055465452
2016-08-03 00:00:00+00:00,135.0501873636
2016-08-04 00:00:00+00:00,134.8028426981
2016-08-05 00:00:00+00:00,138.2486097623
2016-08-08 00:00:00+00:00,138.8797651157
2016-08-09 00:00:00+00:00,139.4000418258
2016-08-10 00:00:00+00:00,138.3339010263
2016-08-11 00:00:00+00:00,139.7582651345
2016-08-12 00:00:00+00:00,139.2379884243
2016-08-15 00:00:00+00:00,141.1996874955
2016-08-16 00:00:00+00:00,141.2849787595
2016-08-17 00:00:00+00:00,141.3020370123
2016-08-18 00:00:00+00:00,141.6346729418
2016-08-19 00:00:00+00:00,141.7796680905
2016-08-22 00:00:00+00:00,141.8052554697
2016-08-23 00:00:00+00:00,141.6517311945
2016-08-24 00:00:00+00:00,140.9864593356
2016-08-25 00:00:00+00:00,141.4982069194
2016-08-26 00:00:00+00:00,141.5579108042
2016-08-29 00:00:00+00:00,142.3255321799
2016-08-30 00:00:00+00:00,145.0122069948
2016-08-31 00:00:00+00:00,145.0892637264
2016-09-01 00:00:00+00:00,144.2758871152
2016-09-02 00:00:00+00:00,144.8495316726
2016-09-06 00:00:00+00:00,144.9779595585
2016-09-07 00:00:00+00:00,145.2690627668
2016-09-08 00:00:00+00:00,146.9728727208
2016-09-09 00:00:00+00:00,144.3272582696
2016-09-12 00:00:00+00:00,146.4591611769
2016-09-13 00:00:00+00:00,142.9830463962
2016-09-14 00:00:00+00:00,142.2638502347
2016-09-15 00:00:00+00:00,143.9077271753
2016-09-16 00:00:00+00:00,142.1268604897
2016-09-19 00:00:00+00:00,142.3066595301
2016-09-20 00:00:00+00:00,142.5292678658
2016-09-21 00:00:00+00:00,143.0087319734
2016-09-22 00:00:00+00:00,143.8563560209
2016-09-23 00:00:00+00:00,141.381978751
2016-09-26 00:00:00+00:00,138.256900192
2016-09-27 00:00:00+00:00,139.4641223203
2016-09-28 00:00:00+00:00,139.9435864279
2016-09-29 00:00:00+00:00,136.0907498484
2016-09-30 00:00:00+00:00,138.0771011516
2016-10-03 00:00:00+00:00,137.9058639703
2016-10-04 00:00:00+00:00,138.9332870582
2016-10-05 00:00:00+00:00,142.4693348523
2016-10-06 00:00:00+00:00,143.1114742822
2016-10-07 00:00:00+00:00,145.4060525118
2016-10-10 00:00:00+00:00,146.4420374588
2016-10-11 00:00:00+00:00,144.7296656456
2016-10-12 00:00:00+00:00,144.9522739813
2016-10-13 00:00:00+00:00,143.342644477
2016-10-14 00:00:00+00:00,145.9968207874
2016-10-17 00:00:00+00:00,144.6954182094
2016-10-18 00:00:00+00:00,147.8033730502
2016-10-19 00:00:00+00:00,149.4130025545
2016-10-20 00:00:00+00:00,149.4130025545
2016-10-21 00:00:00+00:00,149.5499922996
2016-10-24 00:00:00+00:00,149.9352759575
2016-10-25 00:00:00+00:00,150.3034358974
2016-10-26 00:00:00+00:00,151.6048384753
2016-10-27 00:00:00+00:00,152.1870448918
2016-10-28 00:00:00+00:00,151.6647714888
2016-10-31 00:00:00+00:00,152.606575986
2016-11-01 00:00:00+00:00,152.4524625228
2016-11-02 00:00:00+00:00,151.1853073811
2016-11-03 00:00:00+00:00,150.8685185957
2016-11-04 00:00:00+00:00,150.6202246828
2016-11-07 00:00:00+00:00,155.3806183233
2016-11-08 00:00:00+00:00,155.7573401222
2016-11-09 00:00:00+00:00,164.9270911815
2016-11-10 00:00:00+00:00,171.9820630516
2016-11-11 00:00:00+00:00,174.6105537847
2016-11-14 00:00:00+00:00,179.0969679351
2016-11-15 00:00:00+00:00,180.8179016073
2016-11-16 00:00:00+00:00,176.596905088
2016-11-17 00:00:00+00:00,179.4822515931
2016-11-18 00:00:00+00:00,180.0987054458
2016-11-21 00:00:00+00:00,180.7237211576
2016-11-22 00:00:00+00:00,180.7494067348
2016-11-23 00:00:00+00:00,181.7768298227
2016-11-25 00:00:00+00:00,180.9805769296
2016-11-28 00:00:00+00:00,180.0987054458
2016-11-29 00:00:00+00:00,181.8538865543
2016-11-30 00:00:00+00:00,188.3293448996
2016-12-01 00:00:00+00:00,194.6330404241
2016-12-02 00:00:00+00:00,191.8247183035
2016-12-05 00:00:00+00:00,196.281963504
2016-12-06 00:00:00+00:00,198.7124074188
2016-12-07 00:00:00+00:00,202.3022503741
2016-12-08 00:00:00+00:00,207.3606654476
2016-12-09 00:00:00+00:00,207.7041910893
2016-12-12 00:00:00+00:00,203.6849410818
2016-12-13 00:00:00+00:00,204.8701045455
2016-12-14 00:00:00+00:00,206.0552680093
2016-12-15 00:00:00+00:00,208.691827309
2016-12-16 00:00:00+00:00,205.170689482
2016-12-19 00:00:00+00:00,205.3166878797
2016-12-20 00:00:00+00:00,208.7691205784
2016-12-21 00:00:00+00:00,207.3520773066
2016-12-22 00:00:00+00:00,206.2184426891
2016-12-23 00:00:00+00:00,206.9484346776
2016-12-27 00:00:00+00:00,207.455134999
2016-12-28 00:00:00+00:00,206.6736141643
2016-12-29 00:00:00+00:00,204.552343327
2016-12-30 00:00:00+00:00,205.6430372393
2017-01-03 00:00:00+00:00,207.4637231401
2017-01-04 00:00:00+00:00,208.8034731426
2017-01-05 00:00:00+00:00,207.2490196141
2017-01-06 00:00:00+00:00,210.3235741069
2017-01-09 00:00:00+00:00,208.5973577576
2017-01-10 00:00:00+00:00,208.3225372442
2017-01-11 00:00:00+00:00,211.0621542365
2017-01-12 00:00:00+00:00,209.4132311565
2017-01-13 00:00:00+00:00,209.8082856444
2017-01-17 00:00:00+00:00,202.4568369129
2017-01-18 00:00:00+00:00,201.2115564619
2017-01-19 00:00:00+00:00,198.7381718419
2017-01-20 00:00:00+00:00,199.4166349842
2017-01-23 00:00:00+00:00,199.8202776131
2017-01-24 00:00:00+00:00,200.6876798583
2017-01-25 00:00:00+00:00,203.7536462102
2017-01-26 00:00:00+00:00,205.7546830728
2017-01-27 00:00:00+00:00,203.4960019789
2017-01-30 00:00:00+00:00,200.8766189612
2017-01-31 00:00:00+00:00,196.9432503642
2017-02-01 00:00:00+00:00,198.1026494048
2017-02-02 00:00:00+00:00,197.8793577377
2017-02-03 00:00:00+00:00,206.9312583955
2017-02-06 00:00:00+00:00,206.0982087145
2017-02-07 00:00:00+00:00,205.789035637
2017-02-08 00:00:00+00:00,204.1658769801
2017-02-09 00:00:00+00:00,207.446546858
2017-02-10 00:00:00+00:00,208.4513593599
2017-02-13 00:00:00+00:00,211.5001494296
2017-02-14 00:00:00+00:00,214.2397664219
2017-02-15 00:00:00+00:00,215.1672856543
2017-02-16 00:00:00+00:00,214.2225901398
2017-02-17 00:00:00+00:00,215.0298753977
2017-02-21 00:00:00+00:00,216.2150388614
2017-02-22 00:00:00+00:00,216.1892744383
2017-02-23 00:00:00+00:00,215.725514822
2017-02-24 00:00:00+00:00,212.4276686621
2017-02-27 00:00:00+00:00,214.1281205883
2017-02-28 00:00:00+00:00,213.5956558437
2017-03-01 00:00:00+00:00,217.5996056933
2017-03-02 00:00:00+00:00,216.178849295
2017-03-03 00:00:00+00:00,217.7545973003
2017-03-06 00:00:00+00:00,216.9968605546
2017-03-07 00:00:00+00:00,216.0410789776
2017-03-08 00:00:00+00:00,215.4727764184
2017-03-09 00:00:00+00:00,215.4211125493
2017-03-10 00:00:00+00:00,213.8711964785
2017-03-13 00:00:00+00:00,213.6817622921
2017-03-14 00:00:00+00:00,213.3028939193
2017-03-15 00:00:00+00:00,212.4934933045
2017-03-16 00:00:00+00:00,213.7334261611
2017-03-17 00:00:00+00:00,210.0480701706
2017-03-20 00:00:00+00:00,208.4981540998
2017-03-21 00:00:00+00:00,200.6280247182
2017-03-22 00:00:00+00:00,198.9661702645
2017-03-23 00:00:00+00:00,199.680853786
2017-03-24 00:00:00+00:00,196.6757387377
2017-03-27 00:00:00+00:00,194.1528198002
2017-03-28 00:00:00+00:00,197.4679180627
2017-03-29 00:00:00+00:00,196.710181317
2017-03-30 00:00:00+00:00,199.0953299371
2017-03-31 00:00:00+00:00,197.8037332114
2017-04-03 00:00:00+00:00,197.1493242038
2017-04-04 00:00:00+00:00,197.4076435489
2017-04-05 00:00:00+00:00,196.0299403749
2017-04-06 00:00:00+00:00,196.8737835689
2017-04-07 00:00:00+00:00,196.2193745613
2017-04-10 00:00:00+00:00,197.0890496899
2017-04-11 00:00:00+00:00,196.0988255336
2017-04-12 00:00:00+00:00,194.3853072109
2017-04-13 00:00:00+00:00,192.2929205153
2017-04-17 00:00:00+00:00,194.8244500976
2017-04-18 00:00:00+00:00,185.6368920558
2017-04-19 00:00:00+00:00,184.3452953301
2017-04-20 00:00:00+00:00,187.7637213307
2017-04-21 00:00:00+00:00,186.7304439501
2017-04-24 00:00:00+00:00,192.2068140669
2017-04-25 00:00:00+00:00,195.1430439566
2017-04-26 00:00:00+00:00,194.7727862285
2017-04-27 00:00:00+00:00,194.4369710799
2017-04-28 00:00:00+00:00,192.7062314675
2017-05-01 00:00:00+00:00,193.6103491755
2017-05-02 00:00:00+00:00,193.8428365861
2017-05-03 00:00:00+00:00,194.8675033218
2017-05-04 00:00:00+00:00,195.1086013772
2017-05-05 00:00:00+00:00,195.3496994327
2017-05-08 00:00:00+00:00,193.7653407825
2017-05-09 00:00:00+00:00,192.6717888882
2017-05-10 00:00:00+00:00,193.63618111
2017-05-11 00:00:00+00:00,193.5328533719
2017-05-12 00:00:00+00:00,191.8623882734
2017-05-15 00:00:00+00:00,193.8428365861
2017-05-16 00:00:00+00:00,194.2561475383
2017-05-17 00:00:00+00:00,184.0267014711
2017-05-18 00:00:00+00:00,185.2666343277
2017-05-19 00:00:00+00:00,185.464679159
2017-05-22 00:00:00+00:00,186.0071497838
2017-05-23 00:00:00+00:00,189.124203215
2017-05-24 00:00:00+00:00,192.732063402
2017-05-25 00:00:00+00:00,191.5610157041
2017-05-26 00:00:00+00:00,192.4737440569
2017-05-30 00:00:00+00:00,188.7195029077
2017-05-31 00:00:00+00:00,182.5331113647
2017-06-01 00:00:00+00:00,185.7731907342
2017-06-02 00:00:00+00:00,184.3043547534
2017-06-05 00:00:00+00:00,184.8918891457
2017-06-06 00:00:00+00:00,185.3584605749
2017-06-07 00:00:00+00:00,186.4384870315
2017-06-08 00:00:00+00:00,189.0132701038
2017-06-09 00:00:00+00:00,192.1928679918
2017-06-12 00:00:00+00:00,191.7349367743
2017-06-13 00:00:00+00:00,193.7135452426
2017-06-14 00:00:00+00:00,195.7094341343
2017-06-15 00:00:00+00:00,192.8754447124
2017-06-16 00:00:00+00:00,191.6485346578
2017-06-19 00:00:00+00:00,195.3811060915
2017-06-20 00:00:00+00:00,194.4911642913
2017-06-21 00:00:00+00:00,192.2360690501
2017-06-22 00:00:00+00:00,189.8859314807
2017-06-23 00:00:00+00:00,187.6567568744
2017-06-26 00:00:00+00:00,190.4648256614
2017-06-27 00:00:00+00:00,190.326582275
2017-06-28 00:00:00+00:00,192.8668045007
2017-06-29 00:00:00+00:00,193.8949896873
2017-06-30 00:00:00+00:00,191.7262965626
2017-07-03 00:00:00+00:00,196.3747304315
2017-07-05 00:00:00+00:00,197.0313865171
2017-07-06 00:00:00+00:00,195.864957944
2017-07-07 00:00:00+00:00,194.6466881011
2017-07-10 00:00:00+00:00,195.1305399536
2017-07-11 00:00:00+00:00,196.089603447
2017-07-12 00:00:00+00:00,196.4697727597
2017-07-13 00:00:00+00:00,199.070476467
2017-07-14 00:00:00+00:00,197.5152383696
2017-07-17 00:00:00+00:00,198.0854923387
2017-07-18 00:00:00+00:00,192.9445664056
2017-07-19 00:00:00+00:00,192.5643970929
2017-07-20 00:00:00+00:00,192.0719050287
2017-07-21 00:00:00+00:00,190.2401801584
2017-07-24 00:00:00+00:00,188.512137828
2017-07-25 00:00:00+00:00,191.4498097898
2017-07-26 00:00:00+00:00,192.0287039704
2017-07-27 00:00:00+00:00,191.3634076732
2017-07-28 00:00:00+00:00,193.2037727552
2017-07-31 00:00:00+00:00,194.6898891593
2017-08-01 00:00:00+00:00,196.1328045053
2017-08-02 00:00:00+00:00,195.5020690546
2017-08-03 00:00:00+00:00,193.5321007979
2017-08-04 00:00:00+00:00,198.5434235562
2017-08-07 00:00:00+00:00,201.2478098034
2017-08-08 00:00:00+00:00,200.4961113896
2017-08-09 00:00:00+00:00,199.5975293778
2017-08-10 00:00:00+00:00,194.8367727574
2017-08-11 00:00:00+00:00,193.6703441844
2017-08-14 00:00:00+00:00,196.4438521247
2017-08-15 00:00:00+00:00,196.6425769927
2017-08-16 00:00:00+00:00,194.9318150856
2017-08-17 00:00:00+00:00,191.3115664033
2017-08-18 00:00:00+00:00,191.9423018539
2017-08-21 00:00:00+00:00,190.7672330692
2017-08-22 00:00:00+00:00,193.1778521202
2017-08-23 00:00:00+00:00,192.4520743414
2017-08-24 00:00:00+00:00,192.6680796327
2017-08-25 00:00:00+00:00,192.2187886268
2017-08-28 00:00:00+00:00,190.3870637565
2017-08-29 00:00:00+00:00,190.698111376
2017-08-30 00:00:00+00:00,192.8308507558
2017-08-31 00:00:00+00:00,193.9752474962
2017-09-01 00:00:00+00:00,195.8305573632
2017-09-05 00:00:00+00:00,188.8081228199
2017-09-06 00:00:00+00:00,189.7184384089
2017-09-07 00:00:00+00:00,187.1262063984
2017-09-08 00:00:00+00:00,188.3139515002
2017-09-11 00:00:00+00:00,191.6517753263
2017-09-12 00:00:00+00:00,195.8912450691
2017-09-13 00:00:00+00:00,196.420095078
2017-09-14 00:00:00+00:00,196.671515574
2017-09-15 00:00:00+00:00,195.258358993
2017-09-18 00:00:00+00:00,197.2610532887
2017-09-19 00:00:00+00:00,198.4574680627
2017-09-20 00:00:00+00:00,199.220399223
2017-09-21 00:00:00+00:00,200.5208500644
2017-09-22 00:00:00+00:00,200.2954385852
2017-09-25 00:00:00+00:00,199.62787382
2017-09-26 00:00:00+00:00,199.3504443071
2017-09-27 00:00:00+00:00,203.529226344
2017-09-28 00:00:00+00:00,204.1447730756
2017-09-29 00:00:00+00:00,205.635956707
2017-10-02 00:00:00+00:00,208.6356633144
2017-10-03 00:00:00+00:00,209.4766215251
2017-10-04 00:00:00+00:00,208.340894457
2017-10-05 00:00:00+00:00,213.3259560156
2017-10-06 00:00:00+00:00,213.2912773264
2017-10-09 00:00:00+00:00,210.4996428537
2017-10-10 00:00:00+00:00,210.3262494082
2017-10-11 00:00:00+00:00,210.1528559626
2017-10-12 00:00:00+00:00,207.898741171
2017-10-13 00:00:00+00:00,206.797692792
2017-10-16 00:00:00+00:00,210.1615256349
2017-10-17 00:00:00+00:00,204.6822927567
2017-10-18 00:00:00+00:00,209.8320780884
2017-10-19 00:00:00+00:00,208.0634649442
2017-10-20 00:00:00+00:00,212.1728896029
2017-10-23 00:00:00+00:00,209.9187748112
2017-10-24 00:00:00+00:00,212.2682559979
2017-10-25 00:00:00+00:00,209.5806575925
2017-10-26 00:00:00+00:00,209.5633182479
2017-10-27 00:00:00+00:00,209.5546485756
2017-10-30 00:00:00+00:00,208.843735449
2017-10-31 00:00:00+00:00,210.2222133409
2017-11-01 00:00:00+00:00,211.7654150059
2017-11-02 00:00:00+00:00,214.0368691422
2017-11-03 00:00:00+00:00,211.8867904178
2017-11-06 00:00:00+00:00,211.0978502407
2017-11-07 00:00:00+00:00,207.9074108432
2017-11-08 00:00:00+00:00,209.1558436509
2017-11-09 00:00:00+00:00,208.7570387263
2017-11-10 00:00:00+00:00,208.2021797006
2017-11-13 00:00:00+00:00,208.3062157679
2017-11-14 00:00:00+00:00,205.6793050684
2017-11-15 00:00:00+00:00,206.0000829426
2017-11-16 00:00:00+00:00,207.5259452631
2017-11-17 00:00:00+00:00,206.3555395059
2017-11-20 00:00:00+00:00,206.4509059009
2017-11-21 00:00:00+00:00,206.3555395059
2017-11-22 00:00:00+00:00,204.9770616141
2017-11-24 00:00:00+00:00,204.5609173448
2017-11-27 00:00:00+00:00,203.8326648737
2017-11-28 00:00:00+00:00,207.5606239522
2017-11-29 00:00:00+00:00,209.9014354667
2017-11-30 00:00:00+00:00,215.3629080169
2017-12-01 00:00:00+00:00,216.5021642336
2017-12-04 00:00:00+00:00,217.9805883316
2017-12-05 00:00:00+00:00,215.9629742685
2017-12-06 00:00:00+00:00,213.8931805313
2017-12-07 00:00:00+00:00,216.1629963523
2017-12-08 00:00:00+00:00,217.7196899614
2017-12-11 00:00:00+00:00,217.5283644899
2017-12-12 00:00:00+00:00,224.0943068075
2017-12-13 00:00:00+00:00,222.2506249911
2017-12-14 00:00:00+00:00,222.1810520924
2017-12-15 00:00:00+00:00,223.6507795781
2017-12-18 00:00:00+00:00,226.1293140953
2017-12-19 00:00:00+00:00,223.0507133265
2017-12-20 00:00:00+00:00,221.9201537222
2017-12-21 00:00:00+00:00,226.9902787171
2017-12-22 00:00:00+00:00,225.2161697995
2017-12-26 00:00:00+00:00,224.1290932568
2017-12-27 00:00:00+00:00,222.5897928724
2017-12-28 00:00:00+00:00,223.0681065512
2017-12-29 00:00:00+00:00,221.5548960038
2018-01-02 00:00:00+00:00,222.3462877269
2018-01-03 00:00:00+00:00,220.2764939897
2018-01-04 00:00:00+00:00,223.3550947585
2018-01-05 00:00:00+00:00,222.2158385418
2018-01-08 00:00:00+00:00,218.9893953632
2018-01-09 00:00:00+00:00,220.8417737919
2018-01-10 00:00:00+00:00,221.1809416732
2018-01-11 00:00:00+00:00,221.8766706605
2018-01-12 00:00:00+00:00,223.5290270053
2018-01-16 00:00:00+00:00,224.7726425701
2018-01-17 00:00:00+00:00,220.589572034
2018-01-18 00:00:00+00:00,218.2588799265
2018-01-19 00:00:00+00:00,222.7376352822
2018-01-22 00:00:00+00:00,227.4338059465
2018-01-23 00:00:00+00:00,226.1901903817
2018-01-24 00:00:00+00:00,231.0515966804
2018-01-25 00:00:00+00:00,233.9649618147
2018-01-26 00:00:00+00:00,233.1909633163
2018-01-29 00:00:00+00:00,236.9652930724
2018-01-30 00:00:00+00:00,233.8866923036
2018-01-31 00:00:00+00:00,232.9735480078
2018-02-01 00:00:00+00:00,236.7478777639
2018-02-02 00:00:00+00:00,226.14670732
2018-02-05 00:00:00+00:00,216.6413100311
2018-02-06 00:00:00+00:00,224.9813612663
2018-02-07 00:00:00+00:00,223.5899032917
2018-02-08 00:00:00+00:00,214.2410450249
2018-02-09 00:00:00+00:00,216.8065456656
2018-02-12 00:00:00+00:00,220.1634380292
2018-02-13 00:00:00+00:00,222.2245351541
2018-02-14 00:00:00+00:00,228.3556468546
2018-02-15 00:00:00+00:00,232.7909191486
2018-02-16 00:00:00+00:00,232.7387394746
2018-02-20 00:00:00+00:00,230.3645643054
2018-02-21 00:00:00+00:00,229.0687690666
2018-02-22 00:00:00+00:00,227.3555364354
2018-02-23 00:00:00+00:00,231.9995274256
2018-02-26 00:00:00+00:00,235.9043063668
2018-02-27 00:00:00+00:00,233.0083344572
2018-02-28 00:00:00+00:00,229.3122742122
2018-03-01 00:00:00+00:00,223.9486014232
2018-03-02 00:00:00+00:00,225.1172715918
2018-03-05 00:00:00+00:00,229.4779811764
2018-03-06 00:00:00+00:00,232.8008418798
2018-03-07 00:00:00+00:00,231.4228576511
2018-03-08 00:00:00+00:00,232.2862781488
2018-03-09 00:00:00+00:00,236.1498668407
2018-03-12 00:00:00+00:00,238.4261572438
2018-03-13 00:00:00+00:00,234.1962689468
2018-03-14 00:00:00+00:00,230.6204870875
2018-03-15 00:00:00+00:00,232.5217564664
2018-03-16 00:00:00+00:00,233.3851769641
2018-03-19 00:00:00+00:00,228.9634174454
2018-03-20 00:00:00+00:00,229.5390311106
2018-03-21 00:00:00+00:00,228.3703609419
2018-03-22 00:00:00+00:00,220.3030482105
2018-03-23 00:00:00+00:00,213.9015265404
2018-03-26 00:00:00+00:00,222.2915317811
2018-03-27 00:00:00+00:00,215.6458103742
2018-03-28 00:00:00+00:00,217.4860298189
2018-03-29 00:00:00+00:00,219.657663192
2018-04-02 00:00:00+00:00,215.7243031468
2018-04-03 00:00:00+00:00,218.5413215384
2018-04-04 00:00:00+00:00,220.3204910489
2018-04-05 00:00:00+00:00,223.1026237638
2018-04-06 00:00:00+00:00,218.0093149691
2018-04-09 00:00:00+00:00,219.9454700246
2018-04-10 00:00:00+00:00,223.7654516206
2018-04-11 00:00:00+00:00,220.5995764623
2018-04-12 00:00:00+00:00,226.3993202097
2018-04-13 00:00:00+00:00,223.1985593746
2018-04-16 00:00:00+00:00,224.9079575318
2018-04-17 00:00:00+00:00,221.2013543849
2018-04-18 00:00:00+00:00,221.5240468942
2018-04-19 00:00:00+00:00,221.6723110201
2018-04-20 00:00:00+00:00,219.7448773837
2018-04-23 00:00:00+00:00,215.1312466433
2018-04-24 00:00:00+00:00,211.4856934306
2018-04-25 00:00:00+00:00,208.6425107815
2018-04-26 00:00:00+00:00,209.39255283
2018-04-27 00:00:00+00:00,209.1396316741
2018-04-30 00:00:00+00:00,207.8575830563
2018-05-01 00:00:00+00:00,206.4098274742
2018-05-02 00:00:00+00:00,204.1248156519
2018-05-03 00:00:00+00:00,203.5666448251
2018-05-04 00:00:00+00:00,204.901021958
2018-05-07 00:00:00+00:00,206.8720626902
2018-05-08 00:00:00+00:00,206.6976343068
2018-05-09 00:00:00+00:00,210.8228655737
2018-05-10 00:00:00+00:00,212.3142282517
2018-05-11 00:00:00+00:00,211.8607144549
2018-05-14 00:00:00+00:00,212.7241349526
2018-05-15 00:00:00+00:00,210.6746014479
2018-05-16 00:00:00+00:00,210.1513162977
2018-05-17 00:00:00+00:00,208.5291323323
2018-05-18 00:00:00+00:00,206.6976343068
2018-05-21 00:00:00+00:00,207.3081336486
2018-05-22 00:00:00+00:00,207.5697762237
2018-05-23 00:00:00+00:00,207.4040692595
2018-05-24 00:00:00+00:00,205.9127065816
2018-05-25 00:00:00+00:00,204.9620718921
2018-05-29 00:00:00+00:00,198.0023793952
2018-05-30 00:00:00+00:00,200.5577552118
2018-05-31 00:00:00+00:00,197.6871432503
2018-06-01 00:00:00+00:00,199.8488540871
2018-06-04 00:00:00+00:00,201.1966414105
2018-06-05 00:00:00+00:00,199.8401022214
2018-06-06 00:00:00+00:00,203.2445779928
2018-06-07 00:00:00+00:00,204.3123056126
2018-06-08 00:00:00+00:00,204.2597944182
2018-06-11 00:00:00+00:00,204.8724250197
2018-06-12 00:00:00+00:00,203.5946526222
2018-06-13 00:00:00+00:00,204.6448765106
2018-06-14 00:00:00+00:00,204.4873429273
2018-06-15 00:00:00+00:00,202.973270155
2018-06-18 00:00:00+00:00,202.5094212709
2018-06-19 00:00:00+00:00,199.8225984899
2018-06-20 00:00:00+00:00,199.3850052031
2018-06-21 00:00:00+00:00,198.6498484813
2018-06-22 00:00:00+00:00,197.8096693706
2018-06-25 00:00:00+00:00,193.8888335207
2018-06-26 00:00:00+00:00,193.9238409837
2018-06-27 00:00:00+00:00,192.6985797806
2018-06-28 00:00:00+00:00,195.5341842792
2018-06-29 00:00:00+00:00,193.0399025443
2018-07-02 00:00:00+00:00,195.3941544274
2018-07-03 00:00:00+00:00,192.8736170953
2018-07-05 00:00:00+00:00,193.1886842618
2018-07-06 00:00:00+00:00,194.1076301642
2018-07-09 00:00:00+00:00,199.5337869206
2018-07-10 00:00:00+00:00,198.5360742267
2018-07-11 00:00:00+00:00,197.4946022041
2018-07-12 00:00:00+00:00,198.8598932589
2018-07-13 00:00:00+00:00,198.1509921343
2018-07-16 00:00:00+00:00,202.5531805996
2018-07-17 00:00:00+00:00,202.1856022387
2018-07-18 00:00:00+00:00,202.3781432849
2018-07-19 00:00:00+00:00,200.9690929014
2018-07-20 00:00:00+00:00,202.771977243
2018-07-23 00:00:00+00:00,204.5836134504
2018-07-24 00:00:00+00:00,206.4390089865
2018-07-25 00:00:00+00:00,207.1479101112
2018-07-26 00:00:00+00:00,207.5154884721
2018-07-27 00:00:00+00:00,207.9793373561
2018-07-30 00:00:00+00:00,209.1258317675
2018-07-31 00:00:00+00:00,207.7955481756
2018-08-01 00:00:00+00:00,206.5790388383
2018-08-02 00:00:00+00:00,204.7849063624
2018-08-03 00:00:00+00:00,204.8724250197
2018-08-06 00:00:00+00:00,206.4827683152
2018-08-07 00:00:00+00:00,208.1456228051
2018-08-08 00:00:00+00:00,206.8678504076
2018-08-09 00:00:00+00:00,204.6011171819
2018-08-10 00:00:00+00:00,200.9515891699
2018-08-13 00:00:00+00:00,198.5448260924
2018-08-14 00:00:00+00:00,200.9078298412
2018-08-15 00:00:00+00:00,200.6365220034
2018-08-16 00:00:00+00:00,203.9184716545
2018-08-17 00:00:00+00:00,204.2510425525
2018-08-20 00:00:00+00:00,206.3514903292
2018-08-21 00:00:00+00:00,208.8632757955
2018-08-22 00:00:00+00:00,209.4671545313
2018-08-23 00:00:00+00:00,206.8415948104
2018-08-24 00:00:00+00:00,205.7651153248
2018-08-27 00:00:00+00:00,212.3202627613
2018-08-28 00:00:00+00:00,212.1189698493
2018-08-29 00:00:00+00:00,211.9701881318
2018-08-30 00:00:00+00:00,210.2140142451
2018-08-31 00:00:00+00:00,208.8178560051
2018-09-04 00:00:00+00:00,208.6861429636
2018-09-05 00:00:00+00:00,208.5983342692
2018-09-06 00:00:00+00:00,205.9289499614
2018-09-07 00:00:00+00:00,205.3933169259
2018-09-10 00:00:00+00:00,203.6371430392
2018-09-11 00:00:00+00:00,202.1443952354
2018-09-12 00:00:00+00:00,200.335536132
2018-09-13 00:00:00+00:00,200.4935917819
2018-09-14 00:00:00+00:00,201.2926509003
2018-09-17 00:00:00+00:00,200.1072335268
2018-09-18 00:00:00+00:00,200.9853204701
2018-09-19 00:00:00+00:00,206.8597221214
2018-09-20 00:00:00+00:00,208.4578403583
2018-09-21 00:00:00+00:00,206.6489812549
2018-09-24 00:00:00+00:00,204.5064491131
2018-09-25 00:00:00+00:00,204.1552143357
2018-09-26 00:00:00+00:00,200.9765396007
2018-09-27 00:00:00+00:00,199.9755204853
2018-09-28 00:00:00+00:00,196.9022161834
2018-10-01 00:00:00+00:00,197.8593309517
2018-10-02 00:00:00+00:00,198.5091152898
2018-10-03 00:00:00+00:00,200.010643963
2018-10-04 00:00:00+00:00,199.74721788
2018-10-05 00:00:00+00:00,198.1930039902
2018-10-08 00:00:00+00:00,197.8768926906
2018-10-09 00:00:00+00:00,195.7343605487
2018-10-10 00:00:00+00:00,188.6921032628
2018-10-11 00:00:00+00:00,187.0061763315
2018-10-12 00:00:00+00:00,187.7964545806
2018-10-15 00:00:00+00:00,188.9818719541
2018-10-16 00:00:00+00:00,194.6718753472
2018-10-17 00:00:00+00:00,200.4496874347
2018-10-18 00:00:00+00:00,197.5256579132
2018-10-19 00:00:00+00:00,199.2906126694
2018-10-22 00:00:00+00:00,194.5840666529
2018-10-23 00:00:00+00:00,191.914682345
2018-10-24 00:00:00+00:00,183.6782268161
2018-10-25 00:00:00+00:00,187.9193867527
2018-10-26 00:00:00+00:00,186.4705432961
2018-10-29 00:00:00+00:00,188.3408684855
2018-10-30 00:00:00+00:00,192.5469049443
2018-10-31 00:00:00+00:00,197.8944544295
2018-11-01 00:00:00+00:00,199.2993935389
2018-11-02 00:00:00+00:00,201.6877900249
2018-11-05 00:00:00+00:00,200.8360456898
2018-11-06 00:00:00+00:00,200.3794404792
2018-11-07 00:00:00+00:00,203.0839482648
2018-11-08 00:00:00+00:00,203.4088404339
2018-11-09 00:00:00+00:00,195.5060579435
2018-11-12 00:00:00+00:00,180.9298146834
2018-11-13 00:00:00+00:00,180.05172774
2018-11-14 00:00:00+00:00,177.8038251649
2018-11-15 00:00:00+00:00,178.9014338442
2018-11-16 00:00:00+00:00,177.4789329959
2018-11-19 00:00:00+00:00,174.0543939167
2018-11-20 00:00:00+00:00,168.0131557462
2018-11-21 00:00:00+00:00,169.1195452949
2018-11-23 00:00:00+00:00,166.0462409931
2018-11-26 00:00:00+00:00,170.6474165764
2018-11-27 00:00:00+00:00,170.0415365855
2018-11-28 00:00:00+00:00,174.1685452193
2018-11-29 00:00:00+00:00,171.7977104722
2018-11-30 00:00:00+00:00,168.129871234
2018-12-03 00:00:00+00:00,168.9586618311
2018-12-04 00:00:00+00:00,162.5046754793
2018-12-06 00:00:00+00:00,162.3107032119
2018-12-07 00:00:00+00:00,158.4136240213
2018-12-10 00:00:00+00:00,157.6730026366
2018-12-11 00:00:00+00:00,155.8831676237
2018-12-12 00:00:00+00:00,155.7949984113
2018-12-13 00:00:00+00:00,155.1072785541
2018-12-14 00:00:00+00:00,152.3299483617
2018-12-17 00:00:00+00:00,148.1330938488
2018-12-18 00:00:00+00:00,151.2101993635
2018-12-19 00:00:00+00:00,149.2263920833
2018-12-20 00:00:00+00:00,148.4857706986
2018-12-21 00:00:00+00:00,141.1148245372
2018-12-24 00:00:00+00:00,137.8525636763
2018-12-26 00:00:00+00:00,143.654097856
2018-12-27 00:00:00+00:00,145.8406943249
2018-12-28 00:00:00+00:00,143.7422670684
2018-12-31 00:00:00+00:00,147.2866694092
2019-01-02 00:00:00+00:00,151.6774961896
2019-01-03 00:00:00+00:00,149.4556320356
2019-01-04 00:00:00+00:00,154.3402064057
2019-01-07 00:00:00+00:00,155.1954477666
2019-01-08 00:00:00+00:00,154.6223478856
2019-01-09 00:00:00+00:00,155.5922092226
2019-01-10 00:00:00+00:00,155.1778139241
2019-01-11 00:00:00+00:00,155.9977875999
2019-01-14 00:00:00+00:00,157.5760165029
2019-01-15 00:00:00+00:00,158.6252301312
2019-01-16 00:00:00+00:00,173.76388391
2019-01-17 00:00:00+00:00,175.5360850804
2019-01-18 00:00:00+00:00,178.5779229101
2019-01-22 00:00:00+00:00,174.2928991847
2019-01-23 00:00:00+00:00,173.6051793276
2019-01-24 00:00:00+00:00,174.3987022397
2019-01-25 00:00:00+00:00,176.9908770859
2019-01-28 00:00:00+00:00,176.0915511189
2019-01-29 00:00:00+00:00,176.779270976
2019-01-30 00:00:00+00:00,178.5250213827
2019-01-31 00:00:00+00:00,174.5838575858
2019-02-01 00:00:00+00:00,173.2877701627
2019-02-04 00:00:00+00:00,174.3281668697
2019-02-05 00:00:00+00:00,174.5838575858
2019-02-06 00:00:00+00:00,173.3583055327
2019-02-07 00:00:00+00:00,170.2282984905
2019-02-08 00:00:00+00:00,168.9939295161
2019-02-11 00:00:00+00:00,168.6941541937
2019-02-12 00:00:00+00:00,171.4803013074
2019-02-13 00:00:00+00:00,171.6566397323
2019-02-14 00:00:00+00:00,169.7521847432
2019-02-15 00:00:00+00:00,175.0158867269
2019-02-19 00:00:00+00:00,175.1657743881
2019-02-20 00:00:00+00:00,175.1040559393
2019-02-21 00:00:00+00:00,173.1290655803
2019-02-22 00:00:00+00:00,172.8116564155
2019-02-25 00:00:00+00:00,175.1481405456
2019-02-26 00:00:00+00:00,175.3685635767
2019-02-27 00:00:00+00:00,175.3685635767
2019-02-28 00:00:00+00:00,174.1292097705
2019-03-01 00:00:00+00:00,175.4570888486
2019-03-04 00:00:00+00:00,173.491827813
2019-03-05 00:00:00+00:00,173.5095328674
2019-03-06 00:00:00+00:00,172.3941144418
2019-03-07 00:00:00+00:00,170.650166586
2019-03-08 00:00:00+00:00,172.8367408012
2019-03-11 00:00:00+00:00,173.4829752859
2019-03-12 00:00:00+00:00,174.0672420802
2019-03-13 00:00:00+00:00,174.6160987658
2019-03-14 00:00:00+00:00,174.8108543639
2019-03-15 00:00:00+00:00,175.5102040117
2019-03-18 00:00:00+00:00,179.2371179575
2019-03-19 00:00:00+00:00,178.0420267872
2019-03-20 00:00:00+00:00,172.0223083
2019-03-21 00:00:00+00:00,172.2524740069
2019-03-22 00:00:00+00:00,167.2773537277
2019-03-25 00:00:00+00:00,166.8789900043
2019-03-26 00:00:00+00:00,168.8088409311
2019-03-27 00:00:00+00:00,168.2245741367
2019-03-28 00:00:00+00:00,169.2426147632
2019-03-29 00:00:00+00:00,169.9596694654
2019-04-01 00:00:00+00:00,174.1646198793
2019-04-02 00:00:00+00:00,174.8374119455
2019-04-03 00:00:00+00:00,177.8118610804
2019-04-04 00:00:00+00:00,179.024657305
2019-04-05 00:00:00+00:00,179.1574452128
2019-04-08 00:00:00+00:00,179.2990856478
2019-04-09 00:00:00+00:00,177.5994004279
2019-04-10 00:00:00+00:00,179.688596844
2019-04-11 00:00:00+00:00,179.5558089362
2019-04-12 00:00:00+00:00,183.990925057
2019-04-15 00:00:00+00:00,176.9708709976
2019-04-16 00:00:00+00:00,178.6794087447
2019-04-17 00:00:00+00:00,184.0440402201
2019-04-18 00:00:00+00:00,182.2823873098
2019-04-22 00:00:00+00:00,181.1227062483
2019-04-23 00:00:00+00:00,180.7154899977
2019-04-24 00:00:00+00:00,177.5285802104
2019-04-25 00:00:00+00:00,178.2898975485
2019-04-26 00:00:00+00:00,179.7771221159
2019-04-29 00:00:00+00:00,183.1764925557
2019-04-30 00:00:00+00:00,182.291239837
2019-05-01 00:00:00+00:00,181.2377891018
2019-05-02 00:00:00+00:00,181.4679548086
2019-05-03 00:00:00+00:00,183.707644187
2019-05-06 00:00:00+00:00,182.7427187236
2019-05-07 00:00:00+00:00,179.3787583925
2019-05-08 00:00:00+00:00,177.891533825
2019-05-09 00:00:00+00:00,178.4935056738
2019-05-10 00:00:00+00:00,178.8653118156
2019-05-13 00:00:00+00:00,172.5977225671
2019-05-14 00:00:00+00:00,173.7574036287
2019-05-15 00:00:00+00:00,173.8636339549
2019-05-16 00:00:00+00:00,176.2892264042
2019-05-17 00:00:00+00:00,174.7754442552
2019-05-20 00:00:00+00:00,174.6072462386
2019-05-21 00:00:00+00:00,176.2626688226
2019-05-22 00:00:00+00:00,173.0846115624
2019-05-23 00:00:00+00:00,169.941964411
2019-05-24 00:00:00+00:00,170.8537747113
2019-05-28 00:00:00+00:00,167.7022750327
2019-05-29 00:00:00+00:00,167.2242385646
2019-05-30 00:00:00+00:00,166.6195457583
2019-05-31 00:00:00+00:00,162.279985619
2019-06-03 00:00:00+00:00,162.9024635078
2019-06-04 00:00:00+00:00,168.8515736168
2019-06-05 00:00:00+00:00,167.5710476741
2019-06-06 00:00:00+00:00,168.7893258279
2019-06-07 00:00:00+00:00,168.7893258279
2019-06-10 00:00:00+00:00,172.6220111149
2019-06-11 00:00:00+00:00,173.1644561323
2019-06-12 00:00:00+00:00,169.15392002
2019-06-13 00:00:00+00:00,170.247702596
2019-06-14 00:00:00+00:00,170.4344459627
2019-06-17 00:00:00+00:00,169.6963650374
2019-06-18 00:00:00+00:00,173.386769664
2019-06-19 00:00:00+00:00,173.9736773878
2019-06-20 00:00:00+00:00,174.0270326354
2019-06-21 00:00:00+00:00,174.2404536259
2019-06-24 00:00:00+00:00,175.6187975226
2019-06-25 00:00:00+00:00,174.3471641211
2019-06-26 00:00:00+00:00,175.1919555416
2019-06-27 00:00:00+00:00,177.2461325748
2019-06-28 00:00:00+00:00,181.9413943649
2019-07-01 00:00:00+00:00,183.9511086917
2019-07-02 00:00:00+00:00,183.16856506
2019-07-03 00:00:00+00:00,183.2219203076
2019-07-05 00:00:00+00:00,184.8759329836
2019-07-08 00:00:00+00:00,182.9640366108
2019-07-09 00:00:00+00:00,184.7603299471
2019-07-10 00:00:00+00:00,183.1596725187
2019-07-11 00:00:00+00:00,187.9438597215
2019-07-12 00:00:00+00:00,190.2470279102
2019-07-15 00:00:00+00:00,188.1483881707
2019-07-16 00:00:00+00:00,191.6520494307
2019-07-17 00:00:00+00:00,189.6779052689
2019-07-18 00:00:00+00:00,190.7627953038
2019-07-19 00:00:00+00:00,189.8735411769
2019-07-22 00:00:00+00:00,190.3003831578
2019-07-23 00:00:00+00:00,195.1290330669
2019-07-24 00:00:00+00:00,197.4410937968
2019-07-25 00:00:00+00:00,195.6181228367
2019-07-26 00:00:00+00:00,197.5389117508
2019-07-29 00:00:00+00:00,195.9204692398
2019-07-30 00:00:00+00:00,196.8808636969
2019-07-31 00:00:00+00:00,195.7515109557
2019-08-01 00:00:00+00:00,188.1661732532
2019-08-02 00:00:00+00:00,186.1831365502
2019-08-05 00:00:00+00:00,179.3447723143
2019-08-06 00:00:00+00:00,183.1952426838
2019-08-07 00:00:00+00:00,182.9551440695
2019-08-08 00:00:00+00:00,184.0756042694
2019-08-09 00:00:00+00:00,183.9866788567
2019-08-12 00:00:00+00:00,179.202491654
2019-08-13 00:00:00+00:00,181.5056598427
2019-08-14 00:00:00+00:00,173.9025370576
2019-08-15 00:00:00+00:00,174.4538746163
2019-08-16 00:00:00+00:00,177.3350579875
2019-08-19 00:00:00+00:00,179.8071844603
2019-08-20 00:00:00+00:00,177.8330402986
2019-08-21 00:00:00+00:00,178.4555181874
2019-08-22 00:00:00+00:00,180.0028203682
2019-08-23 00:00:00+00:00,174.4716596988
2019-08-26 00:00:00+00:00,177.5395864367
2019-08-27 00:00:00+00:00,176.1345649162
2019-08-28 00:00:00+00:00,178.2243121144
2019-08-29 00:00:00+00:00,182.0214272363
2019-08-30 00:00:00+00:00,182.4419446901
2019-09-03 00:00:00+00:00,178.0220378352
2019-09-04 00:00:00+00:00,180.4914594788
2019-09-05 00:00:00+00:00,185.2513591687
2019-09-06 00:00:00+00:00,185.3945140465
2019-09-09 00:00:00+00:00,189.6623188436
2019-09-10 00:00:00+00:00,192.9280394955
2019-09-11 00:00:00+00:00,193.97485954
2019-09-12 00:00:00+00:00,195.7106124344
2019-09-13 00:00:00+00:00,196.7484852991
2019-09-16 00:00:00+00:00,194.3506410945
2019-09-17 00:00:00+00:00,193.1785605318
2019-09-18 00:00:00+00:00,194.2253805763
2019-09-19 00:00:00+00:00,192.5701523007
2019-09-20 00:00:00+00:00,191.2370225004
2019-09-23 00:00:00+00:00,190.9865014641
2019-09-24 00:00:00+00:00,185.8776617594
2019-09-25 00:00:00+00:00,187.9176187693
2019-09-26 00:00:00+00:00,186.2981792132
2019-09-27 00:00:00+00:00,186.9692177033
2019-09-30 00:00:00+00:00,185.4124084063
2019-10-01 00:00:00+00:00,181.3503887462
2019-10-02 00:00:00+00:00,177.3778408847
2019-10-03 00:00:00+00:00,176.4741757181
2019-10-04 00:00:00+00:00,179.6593717511
2019-10-07 00:00:00+00:00,179.3014845564
2019-10-08 00:00:00+00:00,176.5904890564
2019-10-09 00:00:00+00:00,176.1252357032
2019-10-10 00:00:00+00:00,178.8272840234
2019-10-11 00:00:00+00:00,183.1308775399
2019-10-14 00:00:00+00:00,184.1508560449
2019-10-15 00:00:00+00:00,184.7234755564
2019-10-16 00:00:00+00:00,185.5824048238
2019-10-17 00:00:00+00:00,184.7234755564
2019-10-18 00:00:00+00:00,184.7771586356
2019-10-21 00:00:00+00:00,187.2197387396
2019-10-22 00:00:00+00:00,187.532890035
2019-10-23 00:00:00+00:00,189.0718049723
2019-10-24 00:00:00+00:00,188.8302311159
2019-10-25 00:00:00+00:00,191.6754343139
2019-10-28 00:00:00+00:00,194.8248416275
2019-10-29 00:00:00+00:00,194.726422649
2019-10-30 00:00:00+00:00,193.0890887331
2019-10-31 00:00:00+00:00,190.9149240251
2019-11-01 00:00:00+00:00,194.5027431523
2019-11-04 00:00:00+00:00,196.7216437595
2019-11-05 00:00:00+00:00,195.6211406358
2019-11-06 00:00:00+00:00,195.4243026787
2019-11-07 00:00:00+00:00,199.7815792744
2019-11-08 00:00:00+00:00,199.4415864394
2019-11-11 00:00:00+00:00,195.9700806506
2019-11-12 00:00:00+00:00,197.2047914724
2019-11-13 00:00:00+00:00,196.2295488668
2019-11-14 00:00:00+00:00,196.3279678453
2019-11-15 00:00:00+00:00,197.0616365945
2019-11-18 00:00:00+00:00,196.5963832414
2019-11-19 00:00:00+00:00,196.8737458173
2019-11-20 00:00:00+00:00,194.9679965054
2019-11-21 00:00:00+00:00,195.2543062612
2019-11-22 00:00:00+00:00,197.0884781341
2019-11-25 00:00:00+00:00,199.2984315615
2019-11-26 00:00:00+00:00,199.0300161655
2019-11-27 00:00:00+00:00,199.4773751589
2019-11-29 00:00:00+00:00,199.1642238635
2019-12-02 00:00:00+00:00,195.8260749115
2019-12-03 00:00:00+00:00,190.9673136336
2019-12-04 00:00:00+00:00,194.2964648796
2019-12-05 00:00:00+00:00,195.376189608
2019-12-06 00:00:00+00:00,202.0974760424
2019-12-09 00:00:00+00:00,199.5781183428
2019-12-10 00:00:00+00:00,199.6411022852
2019-12-11 00:00:00+00:00,199.0202605664
2019-12-12 00:00:00+00:00,203.3931457165
2019-12-13 00:00:00+00:00,202.4483865791
2019-12-16 00:00:00+00:00,205.1836892245
2019-12-17 00:00:00+00:00,207.9819758123
2019-12-18 00:00:00+00:00,207.3521363874
2019-12-19 00:00:00+00:00,206.8932533778
2019-12-20 00:00:00+00:00,205.9844850647
2019-12-23 00:00:00+00:00,206.1284483618
2019-12-24 00:00:00+00:00,206.8662602596
2019-12-26 00:00:00+00:00,208.0359620487
2019-12-27 00:00:00+00:00,207.5410882149
2019-12-30 00:00:00+00:00,206.7672854928
2019-12-31 00:00:00+00:00,206.8842556717
2020-01-02 00:00:00+00:00,210.8342486366
2020-01-03 00:00:00+00:00,208.3688771733
2020-01-06 00:00:00+00:00,210.501333512
2020-01-07 00:00:00+00:00,211.8869802468
2020-01-08 00:00:00+00:00,213.9294595247
2020-01-09 00:00:00+00:00,218.2843492627
2020-01-10 00:00:00+00:00,217.8434616652
2020-01-13 00:00:00+00:00,220.632750547
2020-01-14 00:00:00+00:00,221.0376473201
2020-01-15 00:00:00+00:00,220.632750547
2020-01-16 00:00:00+00:00,224.6907159846
2020-01-17 00:00:00+00:00,224.4567756268
2020-01-21 00:00:00+00:00,221.0736381444
2020-01-22 00:00:00+00:00,222.2883284639
2020-01-23 00:00:00+00:00,220.9656656716
2020-01-24 00:00:00+00:00,217.6725052499
2020-01-27 00:00:00+00:00,214.2713723554
2020-01-28 00:00:00+00:00,218.2663538505
2020-01-29 00:00:00+00:00,216.0529181573
2020-01-30 00:00:00+00:00,219.6609982914
2020-01-31 00:00:00+00:00,213.9204618186
2020-02-03 00:00:00+00:00,215.0541727835
2020-02-04 00:00:00+00:00,217.690500662
2020-02-05 00:00:00+00:00,219.8139592946
2020-02-06 00:00:00+00:00,217.5825281892
2020-02-07 00:00:00+00:00,214.1454044704
2020-02-10 00:00:00+00:00,213.5695512819
2020-02-11 00:00:00+00:00,212.7597577356
2020-02-12 00:00:00+00:00,214.7302553649
2020-02-13 00:00:00+00:00,214.4603241828
2020-02-14 00:00:00+00:00,213.3176155119
2020-02-18 00:00:00+00:00,209.8355032628
2020-02-19 00:00:00+00:00,213.5425581637
2020-02-20 00:00:00+00:00,209.4036133714
2020-02-21 00:00:00+00:00,207.5050973906
2020-02-24 00:00:00+00:00,202.0344920999
2020-02-25 00:00:00+00:00,195.7990817933
2020-02-26 00:00:00+00:00,194.1525015824
2020-02-27 00:00:00+00:00,185.0738161576
2020-02-28 00:00:00+00:00,181.7716580299
2020-03-02 00:00:00+00:00,189.6483996987
2020-03-03 00:00:00+00:00,184.1799491608
2020-03-04 00:00:00+00:00,188.9874776966
2020-03-05 00:00:00+00:00,179.9790202707
2020-03-06 00:00:00+00:00,174.6011069934
2020-03-09 00:00:00+00:00,156.4574399768
2020-03-10 00:00:00+00:00,166.9054398456
2020-03-11 00:00:00+00:00,155.6244971796
2020-03-12 00:00:00+00:00,136.4215442145
2020-03-13 00:00:00+00:00,160.4048645373
2020-03-16 00:00:00+00:00,140.0249271848
2020-03-17 00:00:00+00:00,143.6554713334
2020-03-18 00:00:00+00:00,126.7702722386
2020-03-19 00:00:00+00:00,135.3441508138
2020-03-20 00:00:00+00:00,125.3126223435
2020-03-23 00:00:00+00:00,122.1981405802
2020-03-24 00:00:00+00:00,139.0652322229
2020-03-25 00:00:00+00:00,140.4504523095
2020-03-26 00:00:00+00:00,150.1017242854
2020-03-27 00:00:00+00:00,143.3566983735
2020-03-30 00:00:00+00:00,144.5155753087
2020-03-31 00:00:00+00:00,139.9615511024
2020-04-01 00:00:00+00:00,131.5415858702
2020-04-02 00:00:00+00:00,135.7425147603
2020-04-03 00:00:00+00:00,133.0263969434
2020-04-06 00:00:00+00:00,143.2571073869
2020-04-07 00:00:00+00:00,150.3099599846
2020-04-08 00:00:00+00:00,160.2147362901
2020-04-09 00:00:00+00:00,166.8239563111
2020-04-13 00:00:00+00:00,162.2246634746
2020-04-14 00:00:00+00:00,161.3645594992
2020-04-15 00:00:00+00:00,161.6271175549
2020-04-16 00:00:00+00:00,160.2871660985
2020-04-17 00:00:00+00:00,166.1268194048
2020-04-20 00:00:00+00:00,163.3292180534
2020-04-21 00:00:00+00:00,157.3628125824
2020-04-22 00:00:00+00:00,159.3274711366
2020-04-23 00:00:00+00:00,158.4854746134
2020-04-24 00:00:00+00:00,160.2509511943
2020-04-27 00:00:00+00:00,166.1720880351
2020-04-28 00:00:00+00:00,169.3137309766
2020-04-29 00:00:00+00:00,172.0479562455
2020-04-30 00:00:00+00:00,166.0634433224
2020-05-01 00:00:00+00:00,160.3414884549
2020-05-04 00:00:00+00:00,159.3727397669
2020-05-05 00:00:00+00:00,161.4279355816
2020-05-06 00:00:00+00:00,160.1785213859
2020-05-07 00:00:00+00:00,165.0675334562
2020-05-08 00:00:00+00:00,167.8470273555
2020-05-11 00:00:00+00:00,165.8280464449
2020-05-12 00:00:00+00:00,160.4410794415
2020-05-13 00:00:00+00:00,155.5430136451
2020-05-14 00:00:00+00:00,157.94225105
2020-05-15 00:00:00+00:00,155.6063897275
2020-05-18 00:00:00+00:00,164.6691695097
2020-05-19 00:00:00+00:00,161.002410457
2020-05-20 00:00:00+00:00,164.2708055633
2020-05-21 00:00:00+00:00,163.0576062717
2020-05-22 00:00:00+00:00,162.9036929288
2020-05-26 00:00:00+00:00,177.5073530574
2020-05-27 00:00:00+00:00,189.8204204938
2020-05-28 00:00:00+00:00,182.1790757024
2020-05-29 00:00:00+00:00,179.0283790348
2020-06-01 00:00:00+00:00,182.1626740314
2020-06-02 00:00:00+00:00,185.9985408732
2020-06-03 00:00:00+00:00,191.8571213465
2020-06-04 00:00:00+00:00,195.7294334789
2020-06-05 00:00:00+00:00,198.5539435049
2020-06-08 00:00:00+00:00,201.1871157549
2020-06-09 00:00:00+00:00,198.7179473128
2020-06-10 00:00:00+00:00,194.5449615325
2020-06-11 00:00:00+00:00,176.878106886
2020-06-12 00:00:00+00:00,183.8482687244
2020-06-15 00:00:00+00:00,187.9756978914
2020-06-16 00:00:00+00:00,190.9642117253
2020-06-17 00:00:00+00:00,187.8663620194
2020-06-18 00:00:00+00:00,185.7252011932
2020-06-19 00:00:00+00:00,183.7115988844
2020-06-22 00:00:00+00:00,185.3425256413
2020-06-23 00:00:00+00:00,186.5816655237
2020-06-24 00:00:00+00:00,180.4224114025
2020-06-25 00:00:00+00:00,188.6954923819
2020-06-26 00:00:00+00:00,172.3771134897
2020-06-29 00:00:00+00:00,176.2767595902
2020-06-30 00:00:00+00:00,180.0579584959
2020-07-01 00:00:00+00:00,180.0124018826
2020-07-02 00:00:00+00:00,179.8575093973
2020-07-06 00:00:00+00:00,188.9323867712
2020-07-07 00:00:00+00:00,181.6433286395
2020-07-08 00:00:00+00:00,184.2765008896
2020-07-09 00:00:00+00:00,179.3381640054
2020-07-10 00:00:00+00:00,187.2923486915
2020-07-13 00:00:00+00:00,190.3173078162
2020-07-14 00:00:00+00:00,194.991416343
2020-07-15 00:00:00+00:00,197.6245885931
2020-07-16 00:00:00+00:00,195.5927636389
2020-07-17 00:00:00+00:00,192.6224724503
2020-07-20 00:00:00+00:00,192.8958121302
2020-07-21 00:00:00+00:00,193.1782631328
2020-07-22 00:00:00+00:00,187.6932468888
2020-07-23 00:00:00+00:00,184.9780727348
2020-07-24 00:00:00+00:00,183.5658177218
2020-07-27 00:00:00+00:00,184.9780727348
2020-07-28 00:00:00+00:00,183.7024875617
2020-07-29 00:00:00+00:00,184.5771745375
2020-07-30 00:00:00+00:00,181.7982211248
2020-07-31 00:00:00+00:00,180.3677434665
2020-08-03 00:00:00+00:00,181.6706626075
2020-08-04 00:00:00+00:00,183.7207102071
2020-08-05 00:00:00+00:00,186.3447711344
2020-08-06 00:00:00+00:00,186.0987654225
2020-08-07 00:00:00+00:00,189.7615171336
2020-08-10 00:00:00+00:00,190.7728739494
2020-08-11 00:00:00+00:00,192.303576157
2020-08-12 00:00:00+00:00,193.2784876821
2020-08-13 00:00:00+00:00,189.8708530056
2020-08-14 00:00:00+00:00,189.4881774537
2020-08-17 00:00:00+00:00,185.0236293481
2020-08-18 00:00:00+00:00,183.4200365591
2020-08-19 00:00:00+00:00,184.9780727348
2020-08-20 00:00:00+00:00,183.912047983
2020-08-21 00:00:00+00:00,184.4405046976
2020-08-24 00:00:00+00:00,188.9141641258
2020-08-25 00:00:00+00:00,187.6932468888
2020-08-26 00:00:00+00:00,188.8048282538
2020-08-27 00:00:00+00:00,191.4744457945
2020-08-28 00:00:00+00:00,189.2512830644
2020-08-31 00:00:00+00:00,187.8025827608
2020-09-01 00:00:00+00:00,188.3434307318
2020-09-02 00:00:00+00:00,192.5418776935
2020-09-03 00:00:00+00:00,190.2684828321
2020-09-04 00:00:00+00:00,193.3669000222
2020-09-08 00:00:00+00:00,185.6116901323
2020-09-09 00:00:00+00:00,185.3733503484
2020-09-10 00:00:00+00:00,183.3474621857
2020-09-11 00:00:00+00:00,184.1816514292
2020-09-14 00:00:00+00:00,184.5666618492
2020-09-15 00:00:00+00:00,181.5049123182
2020-09-16 00:00:00+00:00,183.9616454748
2020-09-17 00:00:00+00:00,178.5990003382
2020-09-18 00:00:00+00:00,178.6265010824
2020-09-21 00:00:00+00:00,177.8381464128
2020-09-22 00:00:00+00:00,175.6564206991
2020-09-23 00:00:00+00:00,170.6146175791
2020-09-24 00:00:00+00:00,178.8556739515
2020-09-25 00:00:00+00:00,178.7090033153
2020-09-28 00:00:00+00:00,182.4857721979
2020-09-29 00:00:00+00:00,180.3957156318
2020-09-30 00:00:00+00:00,184.227486003
2020-10-01 00:00:00+00:00,182.0090926302
2020-10-02 00:00:00+00:00,183.2466261233
2020-10-05 00:00:00+00:00,184.9883399283
2020-10-06 00:00:00+00:00,184.3374889801
2020-10-07 00:00:00+00:00,186.6383845858
2020-10-08 00:00:00+00:00,190.6534932522
2020-10-09 00:00:00+00:00,190.2501490026
2020-10-12 00:00:00+00:00,196.281978917
2020-10-13 00:00:00+00:00,193.2477301303
2020-10-14 00:00:00+00:00,193.6327405504
2020-10-15 00:00:00+00:00,191.2218419676
2020-10-16 00:00:00+00:00,189.0309493391
2020-10-19 00:00:00+00:00,188.5542697714
2020-10-20 00:00:00+00:00,190.699327826
2020-10-21 00:00:00+00:00,186.0058674671
2020-10-22 00:00:00+00:00,188.2884292432
2020-10-23 00:00:00+00:00,187.9584203117
2020-10-26 00:00:00+00:00,184.3833235539
2020-10-27 00:00:00+00:00,179.3781880931
2020-10-28 00:00:00+00:00,173.9605414678
2020-10-29 00:00:00+00:00,174.1163790188
2020-10-30 00:00:00+00:00,173.2913566901
2020-11-02 00:00:00+00:00,174.3547188026
2020-11-03 00:00:00+00:00,181.4407439149
2020-11-04 00:00:00+00:00,181.3857424263
2020-11-05 00:00:00+00:00,186.0517020409
2020-11-06 00:00:00+00:00,184.4933265311
2020-11-09 00:00:00+00:00,197.0244990129
2020-11-10 00:00:00+00:00,199.3528953628
2020-11-11 00:00:00+00:00,199.8845764191
2020-11-12 00:00:00+00:00,196.6394885928
2020-11-13 00:00:00+00:00,200.8287686398
2020-11-16 00:00:00+00:00,203.8538505117
2020-11-17 00:00:00+00:00,205.934740163
2020-11-18 00:00:00+00:00,205.6138981463
2020-11-19 00:00:00+00:00,205.8614048449
2020-11-20 00:00:00+00:00,204.7430412438
2020-11-23 00:00:00+00:00,209.7665105342
2020-11-24 00:00:00+00:00,217.7142256342
2020-11-25 00:00:00+00:00,216.8342018169
2020-11-27 00:00:00+00:00,215.7891735339
2020-11-30 00:00:00+00:00,211.3707206178
2020-12-01 00:00:00+00:00,213.8916221778
2020-12-02 00:00:00+00:00,219.0250948404
2020-12-03 00:00:00+00:00,217.0159439599
2020-12-04 00:00:00+00:00,220.8038385098
2020-12-07 00:00:00+00:00,219.7623979158
2020-12-08 00:00:00+00:00,220.1218331651
2020-12-09 00:00:00+00:00,223.7899159652
2020-12-10 00:00:00+00:00,225.2460895392
2020-12-11 00:00:00+00:00,221.181706336
2020-12-14 00:00:00+00:00,219.1541228786
2020-12-15 00:00:00+00:00,223.430480716
2020-12-16 00:00:00+00:00,224.6654633673
2020-12-17 00:00:00+00:00,225.2737384045
2020-12-18 00:00:00+00:00,223.1539920627
2020-12-21 00:00:00+00:00,236.8401804001
2020-12-22 00:00:00+00:00,230.4901576631
2020-12-23 00:00:00+00:00,236.3517171126
2020-12-24 00:00:00+00:00,236.0844447478
2020-12-28 00:00:00+00:00,239.2456316836
2020-12-29 00:00:00+00:00,237.7894581097
2020-12-30 00:00:00+00:00,239.1166036454
2020-12-31 00:00:00+00:00,243.042742522
2021-01-04 00:00:00+00:00,244.2316437311
2021-01-05 00:00:00+00:00,249.6969027776
2021-01-06 00:00:00+00:00,263.1711164808
2021-01-07 00:00:00+00:00,268.7930524309
2021-01-08 00:00:00+00:00,267.3460951454
2021-01-11 00:00:00+00:00,270.8022033114
2021-01-12 00:00:00+00:00,278.5254530263
2021-01-13 00:00:00+00:00,279.1982420827
2021-01-14 00:00:00+00:00,283.7418722849
2021-01-15 00:00:00+00:00,277.4194984132
2021-01-19 00:00:00+00:00,271.1432059838
2021-01-20 00:00:00+00:00,267.7055303946
2021-01-21 00:00:00+00:00,266.6917386659
2021-01-22 00:00:00+00:00,266.7101712428
2021-01-25 00:00:00+00:00,260.8578280817
2021-01-26 00:00:00+00:00,259.6781431611
2021-01-27 00:00:00+00:00,251.9088120039
2021-01-28 00:00:00+00:00,253.4663647507
2021-01-29 00:00:00+00:00,249.9180937003
2021-02-01 00:00:00+00:00,253.1990923858
2021-02-02 00:00:00+00:00,264.4798294397
2021-02-03 00:00:00+00:00,265.9360030136
2021-02-04 00:00:00+00:00,270.7284730038
2021-02-05 00:00:00+00:00,270.4980657928
2021-02-08 00:00:00+00:00,276.6268976072
2021-02-09 00:00:00+00:00,276.9126025489
2021-02-10 00:00:00+00:00,280.433224734
2021-02-11 00:00:00+00:00,278.6268321992
2021-02-12 00:00:00+00:00,282.3133475763
2021-02-16 00:00:00+00:00,287.511334258
2021-02-17 00:00:00+00:00,288.2302047565
2021-02-18 00:00:00+00:00,285.6127788388
2021-02-19 00:00:00+00:00,290.884495828
2021-02-22 00:00:00+00:00,292.0365318833
2021-02-23 00:00:00+00:00,294.1931433789
2021-02-24 00:00:00+00:00,304.7273610689
2021-02-25 00:00:00+00:00,302.0730699974
2021-02-26 00:00:00+00:00,294.4419831669
2021-03-01 00:00:00+00:00,305.2158243564
2021-03-02 00:00:00+00:00,306.1594474797
2021-03-03 00:00:00+00:00,309.3881187545
2021-03-04 00:00:00+00:00,304.6329983096
2021-03-05 00:00:00+00:00,302.8567665481
2021-03-08 00:00:00+00:00,309.1660897843
2021-03-09 00:00:00+00:00,305.8356552315
2021-03-10 00:00:00+00:00,316.4097849368
2021-03-11 00:00:00+00:00,316.4837945936
2021-03-12 00:00:00+00:00,322.6913545518
2021-03-15 00:00:00+00:00,320.1380213946
2021-03-16 00:00:00+00:00,316.122997517
2021-03-17 00:00:00+00:00,319.1203886146
2021-03-18 00:00:00+00:00,321.9420067774
2021-03-19 00:00:00+00:00,318.4265480827
2021-03-22 00:00:00+00:00,313.9212102293
2021-03-23 00:00:00+00:00,306.9272976682
2021-03-24 00:00:00+00:00,304.0409210558
2021-03-25 00:00:00+00:00,305.7986504031
2021-03-26 00:00:00+00:00,302.8752689623
2021-03-29 00:00:00+00:00,301.3395685851
2021-03-30 00:00:00+00:00,307.1493266384
2021-03-31 00:00:00+00:00,302.5144718857
2021-04-01 00:00:00+00:00,303.1065491395
2021-04-05 00:00:00+00:00,299.3135542321
2021-04-06 00:00:00+00:00,302.5699791282
2021-04-07 00:00:00+00:00,302.0981675666
2021-04-08 00:00:00+00:00,306.3444716215
2021-04-09 00:00:00+00:00,306.0391817875
2021-04-12 00:00:00+00:00,306.9920561179
2021-04-13 00:00:00+00:00,303.1435539679
2021-04-14 00:00:00+00:00,310.2392298069
2021-04-15 00:00:00+00:00,313.1996160762
2021-04-16 00:00:00+00:00,316.6780699425
2021-04-19 00:00:00+00:00,317.3996640956
2021-04-20 00:00:00+00:00,307.0290609463
2021-04-21 00:00:00+00:00,310.1652201502
2021-04-22 00:00:00+00:00,306.0761866158
2021-04-23 00:00:00+00:00,313.9397126435
2021-04-26 00:00:00+00:00,317.7974660005
2021-04-27 00:00:00+00:00,320.6745914059
2021-04-28 00:00:00+00:00,322.0437700554
2021-04-29 00:00:00+00:00,326.5398567018
2021-04-30 00:00:00+00:00,322.3583110965
2021-05-03 00:00:00+00:00,323.9402675092
2021-05-04 00:00:00+00:00,323.6442288822
2021-05-05 00:00:00+00:00,330.8416679993
2021-05-06 00:00:00+00:00,338.5664259205
2021-05-07 00:00:00+00:00,343.1180198094
2021-05-10 00:00:00+00:00,341.0735030423
2021-05-11 00:00:00+00:00,332.9694456303
2021-05-12 00:00:00+00:00,327.8627793159
2021-05-13 00:00:00+00:00,331.9425616431
2021-05-14 00:00:00+00:00,341.1567639061
2021-05-17 00:00:00+00:00,341.6008218465
2021-05-18 00:00:00+00:00,337.2620057206
2021-05-19 00:00:00+00:00,331.5447597382
2021-05-20 00:00:00+00:00,332.839928731
2021-05-21 00:00:00+00:00,338.8347109262
2021-05-24 00:00:00+00:00,340.7127059657
2021-05-25 00:00:00+00:00,337.2157496852
2021-05-26 00:00:00+00:00,339.8893485346
2021-05-27 00:00:00+00:00,343.5620777498
2021-05-28 00:00:00+00:00,345.3198070972
2021-06-01 00:00:00+00:00,354.9919548041
2021-06-02 00:00:00+00:00,355.9201839507
2021-06-03 00:00:00+00:00,360.8212338444
2021-06-04 00:00:00+00:00,363.3552994145
2021-06-07 00:00:00+00:00,360.3014255224
2021-06-08 00:00:00+00:00,357.0897526753
2021-06-09 00:00:00+00:00,355.307552714
2021-06-10 00:00:00+00:00,347.1020070585
2021-06-11 00:00:00+00:00,350.9170288508
2021-06-14 00:00:00+00:00,346.1552133291
2021-06-15 00:00:00+00:00,344.6514821117
2021-06-16 00:00:00+00:00,344.3730133677
2021-06-17 00:00:00+00:00,335.5548364755
2021-06-18 00:00:00+00:00,323.7941731888
2021-06-21 00:00:00+00:00,331.8790490552
2021-06-22 00:00:00+00:00,331.8697667637
2021-06-23 00:00:00+00:00,335.1371333596
2021-06-24 00:00:00+00:00,342.284497788
2021-06-25 00:00:00+00:00,342.3030623709
2021-06-28 00:00:00+00:00,342.2473686221
2021-06-29 00:00:00+00:00,345.8767445851
2021-06-30 00:00:00+00:00,352.2908079877
2021-07-01 00:00:00+00:00,348.0766476624
2021-07-02 00:00:00+00:00,347.3062174708
2021-07-06 00:00:00+00:00,343.3148321406
2021-07-07 00:00:00+00:00,341.2820103097
2021-07-08 00:00:00+00:00,333.1785698604
2021-07-09 00:00:00+00:00,345.0784675191
2021-07-12 00:00:00+00:00,353.1911902599
2021-07-13 00:00:00+00:00,348.9955945175
2021-07-14 00:00:00+00:00,347.5289924659
2021-07-15 00:00:00+00:00,346.5543518621
2021-07-16 00:00:00+00:00,338.6179926591
2021-07-19 00:00:00+00:00,329.261442862
2021-07-20 00:00:00+00:00,338.5808634933
2021-07-21 00:00:00+00:00,346.693586234
2021-07-22 00:00:00+00:00,345.9602852083
2021-07-23 00:00:00+00:00,347.2041122646
2021-07-26 00:00:00+00:00,348.9213361858
2021-07-27 00:00:00+00:00,347.9374132904
2021-07-28 00:00:00+00:00,347.371193511
2021-07-29 00:00:00+00:00,350.4529142776
2021-07-30 00:00:00+00:00,347.9745424563
2021-08-02 00:00:00+00:00,351.0469809313
2021-08-03 00:00:00+00:00,353.0612381793
2021-08-04 00:00:00+00:00,350.740665313
2021-08-05 00:00:00+00:00,356.7184610167
2021-08-06 00:00:00+00:00,369.3330951182
2021-08-09 00:00:00+00:00,371.1802711199
2021-08-10 00:00:00+00:00,378.6896449154
2021-08-11 00:00:00+00:00,384.1847614629
2021-08-12 00:00:00+00:00,385.2150958156
2021-08-13 00:00:00+00:00,381.2979688172
2021-08-16 00:00:00+00:00,379.0423719911
2021-08-17 00:00:00+00:00,375.9049574758
2021-08-18 00:00:00+00:00,370.1777836416
2021-08-19 00:00:00+00:00,365.3231452052
2021-08-20 00:00:00+00:00,367.4580722422
2021-08-23 00:00:00+00:00,372.6375908799
2021-08-24 00:00:00+00:00,379.2373001119
2021-08-25 00:00:00+00:00,383.4700250201
2021-08-26 00:00:00+00:00,382.8109823261
2021-08-27 00:00:00+00:00,389.5684905129
2021-08-30 00:00:00+00:00,383.9155750105
2021-08-31 00:00:00+00:00,385.6884926803
2021-09-01 00:00:00+00:00,385.8284004792
2021-09-02 00:00:00+00:00,386.6118841528
2021-09-03 00:00:00+00:00,383.6365116306
2021-09-07 00:00:00+00:00,382.7131201582
2021-09-08 00:00:00+00:00,377.7510568923
2021-09-09 00:00:00+00:00,377.3593150555
2021-09-10 00:00:00+00:00,376.3333245306
2021-09-13 00:00:00+00:00,381.7244383796
2021-09-14 00:00:00+00:00,376.529195449
2021-09-15 00:00:00+00:00,374.9062649824
2021-09-16 00:00:00+00:00,369.9908376495
2021-09-17 00:00:00+00:00,365.1220462495
2021-09-20 00:00:00+00:00,352.6889065252
2021-09-21 00:00:00+00:00,350.5529807961
2021-09-22 00:00:00+00:00,359.5350614822
2021-09-23 00:00:00+00:00,365.4951337131
2021-09-24 00:00:00+00:00,364.5530878676
2021-09-27 00:00:00+00:00,372.9102470521
2021-09-28 00:00:00+00:00,363.2939176779
2021-09-29 00:00:00+00:00,358.99408466
2021-09-30 00:00:00+00:00,352.5956346593
2021-10-01 00:00:00+00:00,354.4330904175
2021-10-04 00:00:00+00:00,348.9766862624
2021-10-05 00:00:00+00:00,359.8521858262
2021-10-06 00:00:00+00:00,361.9414756224
2021-10-07 00:00:00+00:00,364.338562576
2021-10-08 00:00:00+00:00,366.3812164392
2021-10-11 00:00:00+00:00,359.3205361906
2021-10-12 00:00:00+00:00,360.5237432607
2021-10-13 00:00:00+00:00,360.3185451557
2021-10-14 00:00:00+00:00,364.8795393982
2021-10-15 00:00:00+00:00,378.7490658574
2021-10-18 00:00:00+00:00,385.856382039
2021-10-19 00:00:00+00:00,384.4293224907
2021-10-20 00:00:00+00:00,380.4466138168
2021-10-21 00:00:00+00:00,380.1667982191
2021-10-22 00:00:00+00:00,386.4439947941
2021-10-25 00:00:00+00:00,386.8450638175
2021-10-26 00:00:00+00:00,389.5126391822
2021-10-27 00:00:00+00:00,383.3380416597
2021-10-28 00:00:00+00:00,386.9103541236
2021-10-29 00:00:00+00:00,385.5392576949
2021-11-01 00:00:00+00:00,388.6638652025
2021-11-02 00:00:00+00:00,395.3328036143
2021-11-03 00:00:00+00:00,389.7831275933
2021-11-04 00:00:00+00:00,380.6145031754
2021-11-05 00:00:00+00:00,379.691111703
2021-11-08 00:00:00+00:00,380.8663372134
2021-11-09 00:00:00+00:00,378.077508423
2021-11-10 00:00:00+00:00,372.2666711774
2021-11-11 00:00:00+00:00,375.2700252594
2021-11-12 00:00:00+00:00,377.667112213
2021-11-15 00:00:00+00:00,377.5738403471
2021-11-16 00:00:00+00:00,375.9695642536
2021-11-17 00:00:00+00:00,365.2059909289
2021-11-18 00:00:00+00:00,365.0381015702
2021-11-19 00:00:00+00:00,361.3258813074
2021-11-22 00:00:00+00:00,369.5058239468
2021-11-23 00:00:00+00:00,379.0008998954
2021-11-24 00:00:00+00:00,372.3319614836
2021-11-26 00:00:00+00:00,363.1913186254
2021-11-29 00:00:00+00:00,360.5330704473
2021-11-30 00:00:00+00:00,355.3564818899
2021-12-01 00:00:00+00:00,353.0153580558
2021-12-02 00:00:00+00:00,363.3860281049
2021-12-03 00:00:00+00:00,358.8758180745
2021-12-06 00:00:00+00:00,365.0363336462
2021-12-07 00:00:00+00:00,375.1725852946
2021-12-08 00:00:00+00:00,372.5564759422
2021-12-09 00:00:00+00:00,371.7782068518
2021-12-10 00:00:00+00:00,366.6866391875
2021-12-13 00:00:00+00:00,360.6667746563
2021-12-14 00:00:00+00:00,364.5862503168
2021-12-15 00:00:00+00:00,365.608314544
2021-12-16 00:00:00+00:00,372.6033596224
2021-12-17 00:00:00+00:00,358.0037816237
2021-12-20 00:00:00+00:00,348.4488876092
2021-12-21 00:00:00+00:00,356.6160246913
2021-12-22 00:00:00+00:00,358.5007486333
2021-12-23 00:00:00+00:00,361.0418440975
2021-12-27 00:00:00+00:00,363.8548649064
2021-12-28 00:00:00+00:00,363.4516652572
2021-12-29 00:00:00+00:00,362.1295454769
2021-12-30 00:00:00+00:00,361.4919274269
2021-12-31 00:00:00+00:00,358.707036826
2022-01-03 00:00:00+00:00,370.6905054723
2022-01-04 00:00:00+00:00,382.0832397487
2022-01-05 00:00:00+00:00,373.7848283622
2022-01-06 00:00:00+00:00,372.1907832371
2022-01-07 00:00:00+00:00,372.7346339268
2022-01-10 00:00:00+00:00,374.2911721078
2022-01-11 00:00:00+00:00,377.9293456874
2022-01-12 00:00:00+00:00,365.9833839852
2022-01-13 00:00:00+00:00,366.4428440507
2022-01-14 00:00:00+00:00,357.1973823252
2022-01-18 00:00:00+00:00,332.3115249017
2022-01-19 00:00:00+00:00,325.6727957925
2022-01-20 00:00:00+00:00,326.4041812028
2022-01-21 00:00:00+00:00,322.4753288062
2022-01-24 00:00:00+00:00,321.9877385327
2022-01-25 00:00:00+00:00,320.2624191032
2022-01-26 00:00:00+00:00,321.3219902746
2022-01-27 00:00:00+00:00,319.7748288296
2022-01-28 00:00:00+00:00,325.3821169755
2022-01-31 00:00:00+00:00,332.5740735105
2022-02-01 00:00:00+00:00,341.3694519066
2022-02-02 00:00:00+00:00,340.4317783036
2022-02-03 00:00:00+00:00,336.5123026431
2022-02-04 00:00:00+00:00,344.6888164612
2022-02-07 00:00:00+00:00,345.2045369429
2022-02-08 00:00:00+00:00,347.0330004687
2022-02-09 00:00:00+00:00,351.18689453
2022-02-10 00:00:00+00:00,347.4737070621
2022-02-11 00:00:00+00:00,340.4317783036
2022-02-14 00:00:00+00:00,337.7875387432
2022-02-15 00:00:00+00:00,341.2569310742
2022-02-16 00:00:00+00:00,337.6093807586
2022-02-17 00:00:00+00:00,327.3043478617
2022-02-18 00:00:00+00:00,324.4725735806
2022-02-22 00:00:00+00:00,322.8128913033
2022-02-23 00:00:00+00:00,319.9248566061
2022-02-24 00:00:00+00:00,318.9871830031
2022-02-25 00:00:00+00:00,328.2982818808
2022-02-28 00:00:00+00:00,320.0186239664
2022-03-01 00:00:00+00:00,309.6198237092
2022-03-02 00:00:00+00:00,317.3367346109
2022-03-03 00:00:00+00:00,314.5443071941
2022-03-04 00:00:00+00:00,311.0066035411
2022-03-07 00:00:00+00:00,303.6670476957
2022-03-08 00:00:00+00:00,303.1764861225
2022-03-09 00:00:00+00:00,314.7046830931
2022-03-10 00:00:00+00:00,311.2235826985
2022-03-11 00:00:00+00:00,308.4877585402
2022-03-14 00:00:00+00:00,306.5821155058
2022-03-15 00:00:00+00:00,310.5254758443
2022-03-16 00:00:00+00:00,321.4687724776
2022-03-17 00:00:00+00:00,323.836675456
2022-03-18 00:00:00+00:00,325.827223378
2022-03-21 00:00:00+00:00,319.8084102298
2022-03-22 00:00:00+00:00,323.5913946694
2022-03-23 00:00:00+00:00,316.6103261275
2022-03-24 00:00:00+00:00,317.1952264648
2022-03-25 00:00:00+00:00,318.3838948922
2022-03-28 00:00:00+00:00,316.3178759588
2022-03-29 00:00:00+00:00,320.4310460727
2022-03-30 00:00:00+00:00,316.5914583747
2022-03-31 00:00:00+00:00,311.4122602267
2022-04-01 00:00:00+00:00,311.5254667436
2022-04-04 00:00:00+00:00,309.6292575856
2022-04-05 00:00:00+00:00,305.6198601122
2022-04-06 00:00:00+00:00,298.3557752781
2022-04-07 00:00:00+00:00,296.365227356
2022-04-08 00:00:00+00:00,303.1953538754
2022-04-11 00:00:00+00:00,302.6010196617
2022-04-12 00:00:00+00:00,301.6764997737
2022-04-13 00:00:00+00:00,303.742518707
2022-04-14 00:00:00+00:00,303.4312007856
2022-04-18 00:00:00+00:00,311.2047149457
2022-04-19 00:00:00+00:00,316.9310779253
2022-04-20 00:00:00+00:00,321.7517887698
2022-04-21 00:00:00+00:00,315.374488318
2022-04-22 00:00:00+00:00,301.6670658973
2022-04-25 00:00:00+00:00,303.2236555046
2022-04-26 00:00:00+00:00,295.393538086
2022-04-27 00:00:00+00:00,295.4973107265
2022-04-28 00:00:00+00:00,300.3840587058
2022-04-29 00:00:00+00:00,288.1954903867
2022-05-02 00:00:00+00:00,292.8463914558
2022-05-03 00:00:00+00:00,296.8463550528
2022-05-04 00:00:00+00:00,305.7613682583
2022-05-05 00:00:00+00:00,295.3463687039
2022-05-06 00:00:00+00:00,295.2425960634
2022-05-09 00:00:00+00:00,291.4030083654
2022-05-10 00:00:00+00:00,287.7898337012
2022-05-11 00:00:00+00:00,284.478543082
2022-05-12 00:00:00+00:00,282.4596935307
2022-05-13 00:00:00+00:00,289.6105718479
2022-05-16 00:00:00+00:00,286.2615457231
2022-05-17 00:00:00+00:00,295.2520299399
2022-05-18 00:00:00+00:00,289.3652910613
2022-05-19 00:00:00+00:00,290.7520708933
2022-05-20 00:00:00+00:00,289.4313281961
2022-05-23 00:00:00+00:00,298.6859609523
2022-05-24 00:00:00+00:00,296.1765498278
2022-05-25 00:00:00+00:00,297.0727680866
2022-05-26 00:00:00+00:00,305.3085421907
2022-05-27 00:00:00+00:00,309.9783110127
2022-05-31 00:00:00+00:00,310.2330256757
2022-06-01 00:00:00+00:00,305.4872244568
2022-06-02 00:00:00+00:00,307.7652090419
2022-06-03 00:00:00+00:00,302.4783864841
2022-06-06 00:00:00+00:00,304.2153497302
2022-06-07 00:00:00+00:00,305.164509974
2022-06-08 00:00:00+00:00,298.681745509
2022-06-09 00:00:00+00:00,288.7535293592
2022-06-10 00:00:00+00:00,272.4279731664
2022-06-13 00:00:00+00:00,268.9160802645
2022-06-14 00:00:00+00:00,268.1757352743
2022-06-15 00:00:00+00:00,275.3229119099
2022-06-16 00:00:00+00:00,270.4916862691
2022-06-17 00:00:00+00:00,265.5655446039
2022-06-21 00:00:00+00:00,270.3303290277
2022-06-22 00:00:00+00:00,270.0740557618
2022-06-23 00:00:00+00:00,271.6211869592
2022-06-24 00:00:00+00:00,287.3582638009
2022-06-27 00:00:00+00:00,285.4884181206
2022-06-28 00:00:00+00:00,284.2640014062
2022-06-29 00:00:00+00:00,287.8613187301
2022-06-30 00:00:00+00:00,281.9195756041
2022-07-01 00:00:00+00:00,284.0172197428
2022-07-05 00:00:00+00:00,282.090424448
2022-07-06 00:00:00+00:00,278.8253132094
2022-07-07 00:00:00+00:00,283.4192487892
2022-07-08 00:00:00+00:00,281.39753747
2022-07-11 00:00:00+00:00,278.274800268
2022-07-12 00:00:00+00:00,277.6578461096
2022-07-13 00:00:00+00:00,275.3988447294
2022-07-14 00:00:00+00:00,267.2740330427
2022-07-15 00:00:00+00:00,278.9297208362
2022-07-18 00:00:00+00:00,285.9440150377
2022-07-19 00:00:00+00:00,301.8804155305
2022-07-20 00:00:00+00:00,305.1075603593
2022-07-21 00:00:00+00:00,309.9387860001
2022-07-22 00:00:00+00:00,307.4614777639
2022-07-25 00:00:00+00:00,307.6418182102
2022-07-26 00:00:00+00:00,302.3549956524
2022-07-27 00:00:00+00:00,308.0404655126
2022-07-28 00:00:00+00:00,312.3781278266
2022-07-29 00:00:00+00:00,316.4405336699
2022-08-01 00:00:00+00:00,315.1971337506
2022-08-02 00:00:00+00:00,311.2106607268
2022-08-03 00:00:00+00:00,316.2317184163
2022-08-04 00:00:00+00:00,314.9978100994
2022-08-05 00:00:00+00:00,317.655458782
2022-08-08 00:00:00+00:00,317.6649503844
2022-08-09 00:00:00+00:00,319.5063212573
2022-08-10 00:00:00+00:00,330.2223404094
2022-08-11 00:00:00+00:00,333.8006745285
2022-08-12 00:00:00+00:00,335.8318774501
2022-08-15 00:00:00+00:00,337.758672745
2022-08-16 00:00:00+00:00,336.9234117305
2022-08-17 00:00:00+00:00,335.7559446306
2022-08-18 00:00:00+00:00,336.4962896208
2022-08-19 00:00:00+00:00,331.513198341
2022-08-22 00:00:00+00:00,325.0114506712
2022-08-23 00:00:00+00:00,322.8853317251
2022-08-24 00:00:00+00:00,324.5558537542
2022-08-25 00:00:00+00:00,328.8745328633
2022-08-26 00:00:00+00:00,319.2975060037
2022-08-29 00:00:00+00:00,316.9435885991
2022-08-30 00:00:00+00:00,316.6683321284
2022-08-31 00:00:00+00:00,318.1300389038
2022-09-01 00:00:00+00:00,318.9237622101
2022-09-02 00:00:00+00:00,316.9920500672
2022-09-06 00:00:00+00:00,312.2201472983
2022-09-07 00:00:00+00:00,316.1122603783
2022-09-08 00:00:00+00:00,320.7215933134
2022-09-09 00:00:00+00:00,325.2352969345
2022-09-12 00:00:00+00:00,327.6069039218
2022-09-13 00:00:00+00:00,314.0371042644
2022-09-14 00:00:00+00:00,312.9564930161
2022-09-15 00:00:00+00:00,317.1259311068
2022-09-16 00:00:00+00:00,311.9523852191
2022-09-19 00:00:00+00:00,314.2953034122
2022-09-20 00:00:00+00:00,309.1313204559
2022-09-21 00:00:00+00:00,306.6927729487
2022-09-22 00:00:00+00:00,299.2432493877
2022-09-23 00:00:00+00:00,288.771839504
2022-09-26 00:00:00+00:00,281.7430849245
2022-09-27 00:00:00+00:00,278.6446951508
2022-09-28 00:00:00+00:00,287.6434135987
2022-09-29 00:00:00+00:00,283.1679617032
2022-09-30 00:00:00+00:00,280.2417046947
2022-10-03 00:00:00+00:00,286.075092849
2022-10-04 00:00:00+00:00,301.1080210108
2022-10-05 00:00:00+00:00,295.4945802786
2022-10-06 00:00:00+00:00,291.3538309822
2022-10-07 00:00:00+00:00,287.9207386093
2022-10-10 00:00:00+00:00,287.4043403137
2022-10-11 00:00:00+00:00,281.3510047371
2022-10-12 00:00:00+00:00,282.4029271912
2022-10-13 00:00:00+00:00,293.6489345183
2022-10-14 00:00:00+00:00,286.8783790867
2022-10-17 00:00:00+00:00,293.3046689879
2022-10-18 00:00:00+00:00,300.1326020079
2022-10-19 00:00:00+00:00,298.1339493452
2022-10-20 00:00:00+00:00,297.2254708621
2022-10-21 00:00:00+00:00,310.8908998336
2022-10-24 00:00:00+00:00,314.3335551378
2022-10-25 00:00:00+00:00,317.871839756
2022-10-26 00:00:00+00:00,321.0180441868
2022-10-27 00:00:00+00:00,322.4429209655
2022-10-28 00:00:00+00:00,326.8801211354
2022-10-31 00:00:00+00:00,329.4525496822
2022-11-01 00:00:00+00:00,333.3446627622
2022-11-02 00:00:00+00:00,334.5017774617
2022-11-03 00:00:00+00:00,333.6219877728
2022-11-04 00:00:00+00:00,342.266877759
2022-11-07 00:00:00+00:00,346.7136408602
2022-11-08 00:00:00+00:00,348.1098288447
2022-11-09 00:00:00+00:00,346.1781167018
2022-11-10 00:00:00+00:00,361.7752578162
2022-11-11 00:00:00+00:00,368.335428757
2022-11-14 00:00:00+00:00,365.6482450334
2022-11-15 00:00:00+00:00,366.1455174663
2022-11-16 00:00:00+00:00,365.6195562392
2022-11-17 00:00:00+00:00,363.1810087321
2022-11-18 00:00:00+00:00,362.6263587108
2022-11-21 00:00:00+00:00,363.5922147823
2022-11-22 00:00:00+00:00,367.0922476749
2022-11-23 00:00:00+00:00,369.3682253483
2022-11-25 00:00:00+00:00,371.8641504438
2022-11-28 00:00:00+00:00,365.6482450334
2022-11-29 00:00:00+00:00,366.9392407725
2022-11-30 00:00:00+00:00,371.6633288844
2022-12-01 00:00:00+00:00,369.4111155228
2022-12-02 00:00:00+00:00,366.3022910963
2022-12-05 00:00:00+00:00,357.6014326394
2022-12-06 00:00:00+00:00,349.295192763
2022-12-07 00:00:00+00:00,346.4173645787
2022-12-08 00:00:00+00:00,344.6463933884
2022-12-09 00:00:00+00:00,345.6666267915
2022-12-12 00:00:00+00:00,349.5550635355
2022-12-13 00:00:00+00:00,354.8583522631
2022-12-14 00:00:00+00:00,346.8601073763
2022-12-15 00:00:00+00:00,336.7058975622
2022-12-16 00:00:00+00:00,333.35645205
2022-12-19 00:00:00+00:00,331.6817292939
2022-12-20 00:00:00+00:00,331.5662311728
2022-12-21 00:00:00+00:00,337.0235173952
2022-12-22 00:00:00+00:00,332.6153391062
2022-12-23 00:00:00+00:00,332.5479652023
2022-12-27 00:00:00+00:00,329.1407706296
2022-12-28 00:00:00+00:00,328.0820378527
2022-12-29 00:00:00+00:00,330.5459977697
2022-12-30 00:00:00+00:00,330.4978735526
symbol,GS
date,"Index([2013-01-02 00:00:00+00:00, 2013-01-03 00:00:00+00:00,
       2013-01-04 00:00:00+00:00, 2013-01-07 00:00:00+00:00,
       2013-01-08 00:00:00+00:00, 2013-01-09 00:00:00+00:00,
       2013-01-10 00:00:00+00:00, 2013-01-11 00:00:00+00:00,
       2013-01-14 00:00:00+00:00, 2013-01-15 00:00:00+00:00,
       ...
       2022-12-19 00:00:00+00:00, 2022-12-20 00:00:00+00:00,
       2022-12-21 00:00:00+00:00, 2022-12-22 00:00:00+00:00,
       2022-12-23 00:00:00+00:00, 2022-12-27 00:00:00+00:00,
       2022-12-28 00:00:00+00:00, 2022-12-29 00:00:00+00:00,
       2022-12-30 00:00:00+00:00,                  'symbol'],
      dtype='object', name='date', length=2519)"
