date,adjClose
2013-01-02 00:00:00+00:00,22.5376376394
2013-01-03 00:00:00+00:00,22.2357214219
2013-01-04 00:00:00+00:00,21.8195666357
2013-01-07 00:00:00+00:00,21.7787671468
2013-01-08 00:00:00+00:00,21.6645285781
2013-01-09 00:00:00+00:00,21.7869270446
2013-01-10 00:00:00+00:00,21.5910894981
2013-01-11 00:00:00+00:00,21.8930057156
2013-01-14 00:00:00+00:00,21.9419651022
2013-01-15 00:00:00+00:00,22.2030818308
2013-01-16 00:00:00+00:00,22.0643635688
2013-01-17 00:00:00+00:00,22.2357214219
2013-01-18 00:00:00+00:00,22.2357214219
2013-01-22 00:00:00+00:00,22.1541224442
2013-01-23 00:00:00+00:00,22.5294777416
2013-01-24 00:00:00+00:00,22.5457975372
2013-01-25 00:00:00+00:00,22.7497949814
2013-01-28 00:00:00+00:00,22.7750906645
2013-01-29 00:00:00+00:00,22.8558736524
2013-01-30 00:00:00+00:00,22.7253152881
2013-01-31 00:00:00+00:00,22.3989193773
2013-02-01 00:00:00+00:00,22.7905944703
2013-02-04 00:00:00+00:00,22.3907594795
2013-02-05 00:00:00+00:00,22.4356389173
2013-02-06 00:00:00+00:00,22.3091605018
2013-02-07 00:00:00+00:00,22.2626490846
2013-02-08 00:00:00+00:00,22.480518355
2013-02-11 00:00:00+00:00,22.7334751859
2013-02-12 00:00:00+00:00,22.7497949814
2013-02-13 00:00:00+00:00,22.8721934479
2013-02-14 00:00:00+00:00,22.8803533457
2013-02-15 00:00:00+00:00,22.8558736524
2013-02-19 00:00:00+00:00,23.0721109433
2013-02-20 00:00:00+00:00,22.9281416292
2013-02-21 00:00:00+00:00,22.615522547
2013-02-22 00:00:00+00:00,22.8376466317
2013-02-25 00:00:00+00:00,22.5168007316
2013-02-26 00:00:00+00:00,22.5168007316
2013-02-27 00:00:00+00:00,22.8787807215
2013-02-28 00:00:00+00:00,22.8705539035
2013-03-01 00:00:00+00:00,22.9939561728
2013-03-04 00:00:00+00:00,23.1584925318
2013-03-05 00:00:00+00:00,23.3230288908
2013-03-06 00:00:00+00:00,23.1091316241
2013-03-07 00:00:00+00:00,23.1502657138
2013-03-08 00:00:00+00:00,23.0350902625
2013-03-11 00:00:00+00:00,22.9281416292
2013-03-12 00:00:00+00:00,22.961048901
2013-03-13 00:00:00+00:00,22.9651623099
2013-03-14 00:00:00+00:00,23.1461523049
2013-03-15 00:00:00+00:00,23.0638841253
2013-03-18 00:00:00+00:00,23.117358442
2013-03-19 00:00:00+00:00,23.1831729856
2013-03-20 00:00:00+00:00,23.294235028
2013-03-21 00:00:00+00:00,23.12558526
2013-03-22 00:00:00+00:00,23.2407607113
2013-03-25 00:00:00+00:00,23.1667193497
2013-03-26 00:00:00+00:00,23.1626059408
2013-03-27 00:00:00+00:00,23.3394825267
2013-03-28 00:00:00+00:00,23.5328127485
2013-04-01 00:00:00+00:00,23.5369261575
2013-04-02 00:00:00+00:00,23.6932356986
2013-04-03 00:00:00+00:00,23.4957920678
2013-04-04 00:00:00+00:00,23.5245859306
2013-04-05 00:00:00+00:00,23.6109675191
2013-04-08 00:00:00+00:00,23.5204725216
2013-04-09 00:00:00+00:00,24.3596079526
2013-04-10 00:00:00+00:00,24.9108047553
2013-04-11 00:00:00+00:00,23.8042977409
2013-04-12 00:00:00+00:00,23.6850088806
2013-04-15 00:00:00+00:00,23.6027407011
2013-04-16 00:00:00+00:00,23.8330916038
2013-04-17 00:00:00+00:00,23.7138027435
2013-04-18 00:00:00+00:00,23.6850088806
2013-04-19 00:00:00+00:00,24.4871236309
2013-04-22 00:00:00+00:00,25.3385992888
2013-04-23 00:00:00+00:00,25.1740629298
2013-04-24 00:00:00+00:00,26.1283738121
2013-04-25 00:00:00+00:00,26.2764565352
2013-04-26 00:00:00+00:00,26.1530542659
2013-04-29 00:00:00+00:00,26.8276533379
2013-04-30 00:00:00+00:00,27.2307674175
2013-05-01 00:00:00+00:00,26.9181483353
2013-05-02 00:00:00+00:00,27.2801283252
2013-05-03 00:00:00+00:00,27.5516133176
2013-05-06 00:00:00+00:00,27.7655105843
2013-05-07 00:00:00+00:00,27.4035305944
2013-05-08 00:00:00+00:00,27.14027242
2013-05-09 00:00:00+00:00,26.8687874276
2013-05-10 00:00:00+00:00,26.8934678815
2013-05-13 00:00:00+00:00,27.1731796918
2013-05-14 00:00:00+00:00,27.7737374022
2013-05-15 00:00:00+00:00,28.0346597787
2013-05-16 00:00:00+00:00,28.2293161547
2013-05-17 00:00:00+00:00,28.8836929083
2013-05-20 00:00:00+00:00,29.0576411593
2013-05-21 00:00:00+00:00,28.8671264082
2013-05-22 00:00:00+00:00,28.6683284071
2013-05-23 00:00:00+00:00,28.2872989051
2013-05-24 00:00:00+00:00,28.3858695806
2013-05-28 00:00:00+00:00,29.007941659
2013-05-29 00:00:00+00:00,28.8919761584
2013-05-30 00:00:00+00:00,29.016224909
2013-05-31 00:00:00+00:00,28.9085426585
2013-06-03 00:00:00+00:00,29.4800869116
2013-06-04 00:00:00+00:00,28.9830919089
2013-06-05 00:00:00+00:00,28.8091436579
2013-06-06 00:00:00+00:00,28.9582421587
2013-06-07 00:00:00+00:00,29.546352912
2013-06-10 00:00:00+00:00,29.380687911
2013-06-11 00:00:00+00:00,28.8588431582
2013-06-12 00:00:00+00:00,28.9913751589
2013-06-13 00:00:00+00:00,28.7553025326
2013-06-14 00:00:00+00:00,28.4943801562
2013-06-17 00:00:00+00:00,28.9913751589
2013-06-18 00:00:00+00:00,28.9748086588
2013-06-19 00:00:00+00:00,28.6517619071
2013-06-20 00:00:00+00:00,27.7406044021
2013-06-21 00:00:00+00:00,27.554231276
2013-06-24 00:00:00+00:00,27.9269775281
2013-06-25 00:00:00+00:00,27.8897029029
2013-06-26 00:00:00+00:00,28.452963906
2013-06-27 00:00:00+00:00,28.6766116572
2013-06-28 00:00:00+00:00,28.6144872818
2013-07-01 00:00:00+00:00,28.461247156
2013-07-02 00:00:00+00:00,28.1133506541
2013-07-03 00:00:00+00:00,28.1713334044
2013-07-05 00:00:00+00:00,28.3369984053
2013-07-08 00:00:00+00:00,28.4322557808
2013-07-09 00:00:00+00:00,28.452963906
2013-07-10 00:00:00+00:00,28.7428776575
2013-07-11 00:00:00+00:00,29.558777787
2013-07-12 00:00:00+00:00,29.546352912
2013-07-15 00:00:00+00:00,29.9605154142
2013-07-16 00:00:00+00:00,30.0433479147
2013-07-17 00:00:00+00:00,29.6043356623
2013-07-18 00:00:00+00:00,29.3558381609
2013-07-19 00:00:00+00:00,26.0094051426
2013-07-22 00:00:00+00:00,26.5146833953
2013-07-23 00:00:00+00:00,26.3573016445
2013-07-24 00:00:00+00:00,26.4732671451
2013-07-25 00:00:00+00:00,26.0011218925
2013-07-26 00:00:00+00:00,26.1916366436
2013-07-29 00:00:00+00:00,26.1253706432
2013-07-30 00:00:00+00:00,26.3821513946
2013-07-31 00:00:00+00:00,26.3738681446
2013-08-01 00:00:00+00:00,26.2330528938
2013-08-02 00:00:00+00:00,26.4152843948
2013-08-05 00:00:00+00:00,26.2579026439
2013-08-06 00:00:00+00:00,26.1585036434
2013-08-07 00:00:00+00:00,26.5585846206
2013-08-08 00:00:00+00:00,27.2436093993
2013-08-09 00:00:00+00:00,27.0862276485
2013-08-12 00:00:00+00:00,27.2270428992
2013-08-13 00:00:00+00:00,26.8874296474
2013-08-14 00:00:00+00:00,26.9875379799
2013-08-15 00:00:00+00:00,26.5203657614
2013-08-16 00:00:00+00:00,26.5287081225
2013-08-19 00:00:00+00:00,26.1891740279
2013-08-20 00:00:00+00:00,26.3785456236
2013-08-21 00:00:00+00:00,26.3702032626
2013-08-22 00:00:00+00:00,27.0209074241
2013-08-23 00:00:00+00:00,28.9897046307
2013-08-26 00:00:00+00:00,28.489162968
2013-08-27 00:00:00+00:00,27.746692835
2013-08-28 00:00:00+00:00,27.5464761699
2013-08-29 00:00:00+00:00,27.9886213053
2013-08-30 00:00:00+00:00,27.8634858896
2013-09-03 00:00:00+00:00,26.5954470108
2013-09-04 00:00:00+00:00,26.0239952792
2013-09-05 00:00:00+00:00,26.0573647234
2013-09-06 00:00:00+00:00,25.9881231268
2013-09-09 00:00:00+00:00,26.4077438873
2013-09-10 00:00:00+00:00,27.0209074241
2013-09-11 00:00:00+00:00,27.3128900607
2013-09-12 00:00:00+00:00,27.2711782554
2013-09-13 00:00:00+00:00,27.554818531
2013-09-16 00:00:00+00:00,27.363778463
2013-09-17 00:00:00+00:00,27.4713949205
2013-09-18 00:00:00+00:00,27.7967470013
2013-09-19 00:00:00+00:00,28.0637025547
2013-09-20 00:00:00+00:00,27.355436102
2013-09-23 00:00:00+00:00,27.3128900607
2013-09-24 00:00:00+00:00,27.0751327709
2013-09-25 00:00:00+00:00,27.1168445761
2013-09-26 00:00:00+00:00,27.3379171438
2013-09-27 00:00:00+00:00,27.755035196
2013-09-30 00:00:00+00:00,27.7633775571
2013-10-01 00:00:00+00:00,28.0136483884
2013-10-02 00:00:00+00:00,28.297288664
2013-10-03 00:00:00+00:00,28.2472344977
2013-10-04 00:00:00+00:00,28.2639192198
2013-10-07 00:00:00+00:00,27.7800622792
2013-10-08 00:00:00+00:00,27.5381338089
2013-10-09 00:00:00+00:00,27.5881879751
2013-10-10 00:00:00+00:00,28.1638108872
2013-10-11 00:00:00+00:00,28.4724782459
2013-10-14 00:00:00+00:00,28.7394337993
2013-10-15 00:00:00+00:00,28.7728032435
2013-10-16 00:00:00+00:00,28.8979386592
2013-10-17 00:00:00+00:00,29.1315247684
2013-10-18 00:00:00+00:00,29.1648942126
2013-10-21 00:00:00+00:00,29.1899212957
2013-10-22 00:00:00+00:00,28.8478844929
2013-10-23 00:00:00+00:00,28.1638108872
2013-10-24 00:00:00+00:00,28.1304414431
2013-10-25 00:00:00+00:00,29.8072560131
2013-10-28 00:00:00+00:00,29.6737782363
2013-10-29 00:00:00+00:00,29.6320664311
2013-10-30 00:00:00+00:00,29.6487511532
2013-10-31 00:00:00+00:00,29.5361292791
2013-11-01 00:00:00+00:00,29.6362376116
2013-11-04 00:00:00+00:00,29.982445595
2013-11-05 00:00:00+00:00,30.5664108681
2013-11-06 00:00:00+00:00,31.851134469
2013-11-07 00:00:00+00:00,31.283853918
2013-11-08 00:00:00+00:00,31.5174400272
2013-11-11 00:00:00+00:00,31.3589351674
2013-11-12 00:00:00+00:00,31.1670608634
2013-11-13 00:00:00+00:00,31.8302785664
2013-11-14 00:00:00+00:00,31.7184909284
2013-11-15 00:00:00+00:00,31.5683284296
2013-11-18 00:00:00+00:00,31.0335830866
2013-11-19 00:00:00+00:00,30.8834205878
2013-11-20 00:00:00+00:00,31.1692225203
2013-11-21 00:00:00+00:00,31.4382125744
2013-11-22 00:00:00+00:00,31.5811135407
2013-11-25 00:00:00+00:00,31.639955115
2013-11-26 00:00:00+00:00,31.3961828785
2013-11-27 00:00:00+00:00,31.6063313583
2013-11-29 00:00:00+00:00,32.0518461354
2013-12-02 00:00:00+00:00,32.3208361895
2013-12-03 00:00:00+00:00,32.2031530408
2013-12-04 00:00:00+00:00,32.7327272099
2013-12-05 00:00:00+00:00,31.9425689259
2013-12-06 00:00:00+00:00,32.2451827368
2013-12-09 00:00:00+00:00,32.5351876389
2013-12-10 00:00:00+00:00,32.035034257
2013-12-11 00:00:00+00:00,31.6147372975
2013-12-12 00:00:00+00:00,31.286905669
2013-12-13 00:00:00+00:00,30.8413908919
2013-12-16 00:00:00+00:00,31.0053067061
2013-12-17 00:00:00+00:00,30.6984899256
2013-12-18 00:00:00+00:00,30.7489255608
2013-12-19 00:00:00+00:00,30.4715295675
2013-12-20 00:00:00+00:00,30.933856223
2013-12-23 00:00:00+00:00,30.7825493175
2013-12-24 00:00:00+00:00,31.1692225203
2013-12-26 00:00:00+00:00,31.4718363312
2013-12-27 00:00:00+00:00,31.3457472433
2013-12-30 00:00:00+00:00,31.3457472433
2013-12-31 00:00:00+00:00,31.4466185136
2014-01-02 00:00:00+00:00,31.2364700339
2014-01-03 00:00:00+00:00,31.0263215541
2014-01-06 00:00:00+00:00,30.3706582972
2014-01-07 00:00:00+00:00,30.6060245945
2014-01-08 00:00:00+00:00,30.0596385471
2014-01-09 00:00:00+00:00,29.8663019457
2014-01-10 00:00:00+00:00,30.2950048445
2014-01-13 00:00:00+00:00,29.4039752902
2014-01-14 00:00:00+00:00,30.0764504255
2014-01-15 00:00:00+00:00,30.9002324662
2014-01-16 00:00:00+00:00,31.0095096757
2014-01-17 00:00:00+00:00,30.580806777
2014-01-21 00:00:00+00:00,30.4042820539
2014-01-22 00:00:00+00:00,30.2025395134
2014-01-23 00:00:00+00:00,30.3076137533
2014-01-24 00:00:00+00:00,30.9380591926
2014-01-27 00:00:00+00:00,30.2865989053
2014-01-28 00:00:00+00:00,30.4883414459
2014-01-29 00:00:00+00:00,30.8161730743
2014-01-30 00:00:00+00:00,30.9842918581
2014-01-31 00:00:00+00:00,31.8080738989
2014-02-03 00:00:00+00:00,30.6648661689
2014-02-04 00:00:00+00:00,30.5555889594
2014-02-05 00:00:00+00:00,30.1100741823
2014-02-06 00:00:00+00:00,30.4126879931
2014-02-07 00:00:00+00:00,30.7321136824
2014-02-10 00:00:00+00:00,30.933856223
2014-02-11 00:00:00+00:00,31.2490789426
2014-02-12 00:00:00+00:00,31.4970541488
2014-02-13 00:00:00+00:00,31.6147372975
2014-02-14 00:00:00+00:00,31.6231432366
2014-02-18 00:00:00+00:00,31.6903907502
2014-02-19 00:00:00+00:00,31.7666102897
2014-02-20 00:00:00+00:00,31.969862395
2014-02-21 00:00:00+00:00,32.1646456625
2014-02-24 00:00:00+00:00,31.9190493686
2014-02-25 00:00:00+00:00,31.7920168028
2014-02-26 00:00:00+00:00,31.7327349388
2014-02-27 00:00:00+00:00,32.0630196099
2014-02-28 00:00:00+00:00,32.4441173073
2014-03-03 00:00:00+00:00,31.9952689081
2014-03-04 00:00:00+00:00,32.5288056845
2014-03-05 00:00:00+00:00,32.2747405529
2014-03-06 00:00:00+00:00,32.3086159038
2014-03-07 00:00:00+00:00,32.0968949608
2014-03-10 00:00:00+00:00,32.029144259
2014-03-11 00:00:00+00:00,32.1985210134
2014-03-12 00:00:00+00:00,32.4102419564
2014-03-13 00:00:00+00:00,32.088426123
2014-03-14 00:00:00+00:00,31.9275182064
2014-03-17 00:00:00+00:00,32.2239275266
2014-03-18 00:00:00+00:00,33.4942531846
2014-03-19 00:00:00+00:00,33.2571257285
2014-03-20 00:00:00+00:00,34.1548225268
2014-03-21 00:00:00+00:00,34.0108522856
2014-03-24 00:00:00+00:00,34.2987927681
2014-03-25 00:00:00+00:00,34.1632913646
2014-03-26 00:00:00+00:00,33.6975052899
2014-03-27 00:00:00+00:00,33.333345268
2014-03-28 00:00:00+00:00,34.1294160137
2014-03-31 00:00:00+00:00,34.7137658164
2014-04-01 00:00:00+00:00,35.0779258384
2014-04-02 00:00:00+00:00,35.0186439743
2014-04-03 00:00:00+00:00,34.7307034918
2014-04-04 00:00:00+00:00,33.7652559917
2014-04-07 00:00:00+00:00,33.7059741277
2014-04-08 00:00:00+00:00,33.7229118031
2014-04-09 00:00:00+00:00,34.2733862549
2014-04-10 00:00:00+00:00,33.333345268
2014-04-11 00:00:00+00:00,33.2054658184
2014-04-14 00:00:00+00:00,33.180906189
2014-04-15 00:00:00+00:00,33.6636299391
2014-04-16 00:00:00+00:00,34.2141043909
2014-04-17 00:00:00+00:00,33.8838197198
2014-04-21 00:00:00+00:00,33.8245378557
2014-04-22 00:00:00+00:00,33.8668820443
2014-04-23 00:00:00+00:00,33.6128169127
2014-04-24 00:00:00+00:00,33.756787154
2014-04-25 00:00:00+00:00,33.7991313426
2014-04-28 00:00:00+00:00,34.6121397638
2014-04-29 00:00:00+00:00,34.3072616058
2014-04-30 00:00:00+00:00,34.2141043909
2014-05-01 00:00:00+00:00,33.8753508821
2014-05-02 00:00:00+00:00,33.6128169127
2014-05-05 00:00:00+00:00,33.392627132
2014-05-06 00:00:00+00:00,33.0792801363
2014-05-07 00:00:00+00:00,33.3883927131
2014-05-08 00:00:00+00:00,33.5704727241
2014-05-09 00:00:00+00:00,33.4857843469
2014-05-12 00:00:00+00:00,33.8499443689
2014-05-13 00:00:00+00:00,34.4681695225
2014-05-14 00:00:00+00:00,34.3146744578
2014-05-15 00:00:00+00:00,33.7689142279
2014-05-16 00:00:00+00:00,33.9650468105
2014-05-19 00:00:00+00:00,33.8968267818
2014-05-20 00:00:00+00:00,33.8371342566
2014-05-21 00:00:00+00:00,34.4084769974
2014-05-22 00:00:00+00:00,34.1952894075
2014-05-23 00:00:00+00:00,34.2123444147
2014-05-27 00:00:00+00:00,34.2720369399
2014-05-28 00:00:00+00:00,34.1185418752
2014-05-29 00:00:00+00:00,34.3999494938
2014-05-30 00:00:00+00:00,34.9115997093
2014-06-02 00:00:00+00:00,34.7836871554
2014-06-03 00:00:00+00:00,34.3573119758
2014-06-04 00:00:00+00:00,34.3828944866
2014-06-05 00:00:00+00:00,35.1418423063
2014-06-06 00:00:00+00:00,35.3720849034
2014-06-09 00:00:00+00:00,35.1930073279
2014-06-10 00:00:00+00:00,35.0565672704
2014-06-11 00:00:00+00:00,34.8433796806
2014-06-12 00:00:00+00:00,34.60460958
2014-06-13 00:00:00+00:00,35.1588973135
2014-06-16 00:00:00+00:00,35.3891399105
2014-06-17 00:00:00+00:00,35.5426349752
2014-06-18 00:00:00+00:00,35.5170524644
2014-06-19 00:00:00+00:00,35.3976674141
2014-06-20 00:00:00+00:00,35.5426349752
2014-06-23 00:00:00+00:00,35.8069875866
2014-06-24 00:00:00+00:00,35.5980637486
2014-06-25 00:00:00+00:00,35.841097601
2014-06-26 00:00:00+00:00,35.5767449896
2014-06-27 00:00:00+00:00,36.02870268
2014-06-30 00:00:00+00:00,35.5596899824
2014-07-01 00:00:00+00:00,35.7046575435
2014-07-02 00:00:00+00:00,35.7302400543
2014-07-03 00:00:00+00:00,35.6449650183
2014-07-07 00:00:00+00:00,35.8069875866
2014-07-08 00:00:00+00:00,35.6279100111
2014-07-09 00:00:00+00:00,35.5341074716
2014-07-10 00:00:00+00:00,35.546898727
2014-07-11 00:00:00+00:00,35.8922626225
2014-07-14 00:00:00+00:00,35.9349001405
2014-07-15 00:00:00+00:00,36.1992527519
2014-07-16 00:00:00+00:00,37.5892358375
2014-07-17 00:00:00+00:00,37.9729734992
2014-07-18 00:00:00+00:00,38.1094135567
2014-07-21 00:00:00+00:00,38.2330623588
2014-07-22 00:00:00+00:00,38.228798607
2014-07-23 00:00:00+00:00,38.2629086213
2014-07-24 00:00:00+00:00,37.8621159525
2014-07-25 00:00:00+00:00,37.9473909884
2014-07-28 00:00:00+00:00,37.495433298
2014-07-29 00:00:00+00:00,37.4229495174
2014-07-30 00:00:00+00:00,37.1615815323
2014-07-31 00:00:00+00:00,36.804705507
2014-08-01 00:00:00+00:00,36.5488803992
2014-08-04 00:00:00+00:00,36.9837830824
2014-08-05 00:00:00+00:00,36.7364854782
2014-08-06 00:00:00+00:00,36.4465503561
2014-08-07 00:00:00+00:00,36.8643980321
2014-08-08 00:00:00+00:00,36.8388155213
2014-08-11 00:00:00+00:00,36.8388155213
2014-08-12 00:00:00+00:00,37.1116956363
2014-08-13 00:00:00+00:00,37.5892358375
2014-08-14 00:00:00+00:00,37.7512584058
2014-08-15 00:00:00+00:00,38.1946885926
2014-08-18 00:00:00+00:00,38.4675687076
2014-08-19 00:00:00+00:00,38.8939438872
2014-08-20 00:00:00+00:00,38.5678971483
2014-08-21 00:00:00+00:00,38.7995619365
2014-08-22 00:00:00+00:00,38.7395006951
2014-08-25 00:00:00+00:00,38.7566610498
2014-08-26 00:00:00+00:00,38.6150881236
2014-08-27 00:00:00+00:00,38.4992557295
2014-08-28 00:00:00+00:00,38.5078359069
2014-08-29 00:00:00+00:00,38.9797456606
2014-09-02 00:00:00+00:00,38.688019631
2014-09-03 00:00:00+00:00,38.5764773256
2014-09-04 00:00:00+00:00,38.8338826458
2014-09-05 00:00:00+00:00,39.391594173
2014-09-08 00:00:00+00:00,39.8720841041
2014-09-09 00:00:00+00:00,40.120909247
2014-09-10 00:00:00+00:00,40.1895506657
2014-09-11 00:00:00+00:00,40.3268335032
2014-09-12 00:00:00+00:00,40.0651380943
2014-09-15 00:00:00+00:00,39.6747400253
2014-09-16 00:00:00+00:00,40.120909247
2014-09-17 00:00:00+00:00,39.9149849908
2014-09-18 00:00:00+00:00,40.0522678283
2014-09-19 00:00:00+00:00,40.7730027249
2014-09-22 00:00:00+00:00,40.3783145672
2014-09-23 00:00:00+00:00,39.9493057002
2014-09-24 00:00:00+00:00,40.3954749219
2014-09-25 00:00:00+00:00,39.5031364784
2014-09-26 00:00:00+00:00,39.8206030401
2014-09-29 00:00:00+00:00,39.8463435721
2014-09-30 00:00:00+00:00,39.7777021534
2014-10-01 00:00:00+00:00,39.3830139957
2014-10-02 00:00:00+00:00,39.2628915129
2014-10-03 00:00:00+00:00,39.5460373651
2014-10-06 00:00:00+00:00,39.5460373651
2014-10-07 00:00:00+00:00,39.065547434
2014-10-08 00:00:00+00:00,40.1380696017
2014-10-09 00:00:00+00:00,39.340113109
2014-10-10 00:00:00+00:00,37.7785208329
2014-10-13 00:00:00+00:00,37.4524740939
2014-10-14 00:00:00+00:00,37.5211155126
2014-10-15 00:00:00+00:00,37.0835264682
2014-10-16 00:00:00+00:00,36.6716779559
2014-10-17 00:00:00+00:00,37.4353137392
2014-10-20 00:00:00+00:00,37.8214217196
2014-10-21 00:00:00+00:00,38.5078359069
2014-10-22 00:00:00+00:00,38.0788270398
2014-10-23 00:00:00+00:00,38.6279583896
2014-10-24 00:00:00+00:00,39.5803580745
2014-10-27 00:00:00+00:00,39.391594173
2014-10-28 00:00:00+00:00,39.8892444588
2014-10-29 00:00:00+00:00,40.0007867642
2014-10-30 00:00:00+00:00,39.5117166558
2014-10-31 00:00:00+00:00,40.2839326165
2014-11-03 00:00:00+00:00,40.7043613062
2014-11-04 00:00:00+00:00,40.8159036116
2014-11-05 00:00:00+00:00,41.0647287545
2014-11-06 00:00:00+00:00,41.7854636512
2014-11-07 00:00:00+00:00,41.7683032965
2014-11-10 00:00:00+00:00,41.9484870207
2014-11-11 00:00:00+00:00,41.931326666
2014-11-12 00:00:00+00:00,41.8541050699
2014-11-13 00:00:00+00:00,42.5662597892
2014-11-14 00:00:00+00:00,42.5405192572
2014-11-17 00:00:00+00:00,42.4375571291
2014-11-18 00:00:00+00:00,42.0857698581
2014-11-19 00:00:00+00:00,41.6367628756
2014-11-20 00:00:00+00:00,42.0512308595
2014-11-21 00:00:00+00:00,41.4295288837
2014-11-24 00:00:00+00:00,41.0927736469
2014-11-25 00:00:00+00:00,40.9891566509
2014-11-26 00:00:00+00:00,41.2309296415
2014-11-28 00:00:00+00:00,41.2827381394
2014-12-01 00:00:00+00:00,41.9821528622
2014-12-02 00:00:00+00:00,41.8439968675
2014-12-03 00:00:00+00:00,41.5158763803
2014-12-04 00:00:00+00:00,42.1721173547
2014-12-05 00:00:00+00:00,41.8094578689
2014-12-08 00:00:00+00:00,41.1834385183
2014-12-09 00:00:00+00:00,41.0927736469
2014-12-10 00:00:00+00:00,40.4969759201
2014-12-11 00:00:00+00:00,40.730114161
2014-12-12 00:00:00+00:00,40.5401496684
2014-12-15 00:00:00+00:00,40.2983766778
2014-12-16 00:00:00+00:00,38.9945294787
2014-12-17 00:00:00+00:00,39.4953449592
2014-12-18 00:00:00+00:00,41.0323303992
2014-12-19 00:00:00+00:00,41.1532168945
2014-12-22 00:00:00+00:00,41.4295288837
2014-12-23 00:00:00+00:00,41.8353621179
2014-12-24 00:00:00+00:00,41.5676848783
2014-12-26 00:00:00+00:00,41.3431813871
2014-12-29 00:00:00+00:00,40.9718871516
2014-12-30 00:00:00+00:00,40.6005929161
2014-12-31 00:00:00+00:00,40.1084121853
2015-01-02 00:00:00+00:00,40.3760894248
2015-01-05 00:00:00+00:00,40.0004778145
2015-01-06 00:00:00+00:00,39.4176322122
2015-01-07 00:00:00+00:00,39.9184476927
2015-01-08 00:00:00+00:00,41.0927736469
2015-01-09 00:00:00+00:00,40.7473836603
2015-01-12 00:00:00+00:00,40.2379334302
2015-01-13 00:00:00+00:00,40.0263820635
2015-01-14 00:00:00+00:00,39.6809920769
2015-01-15 00:00:00+00:00,39.2708414679
2015-01-16 00:00:00+00:00,39.9270824423
2015-01-20 00:00:00+00:00,40.0566036873
2015-01-21 00:00:00+00:00,39.6507704531
2015-01-22 00:00:00+00:00,40.6955751623
2015-01-23 00:00:00+00:00,40.7387489107
2015-01-26 00:00:00+00:00,40.5919581664
2015-01-27 00:00:00+00:00,36.8358420629
2015-01-28 00:00:00+00:00,35.5665338624
2015-01-29 00:00:00+00:00,36.2745833348
2015-01-30 00:00:00+00:00,34.8843886391
2015-02-02 00:00:00+00:00,35.6442466094
2015-02-03 00:00:00+00:00,35.9205585986
2015-02-04 00:00:00+00:00,36.1277925905
2015-02-05 00:00:00+00:00,36.65451232
2015-02-06 00:00:00+00:00,36.6199733213
2015-02-09 00:00:00+00:00,36.576799573
2015-02-10 00:00:00+00:00,36.7840335649
2015-02-11 00:00:00+00:00,36.5940690724
2015-02-12 00:00:00+00:00,37.2071362984
2015-02-13 00:00:00+00:00,37.8806467722
2015-02-17 00:00:00+00:00,37.8979162715
2015-02-18 00:00:00+00:00,37.854435413
2015-02-19 00:00:00+00:00,37.8283468979
2015-02-20 00:00:00+00:00,38.1370609933
2015-02-23 00:00:00+00:00,38.3935980584
2015-02-24 00:00:00+00:00,38.3414210282
2015-02-25 00:00:00+00:00,38.2544593112
2015-02-26 00:00:00+00:00,38.3109844273
2015-02-27 00:00:00+00:00,38.1327129074
2015-03-02 00:00:00+00:00,38.1588014225
2015-03-03 00:00:00+00:00,37.6370311205
2015-03-04 00:00:00+00:00,37.4413672572
2015-03-05 00:00:00+00:00,37.4891962016
2015-03-06 00:00:00+00:00,36.836983324
2015-03-09 00:00:00+00:00,37.2630957373
2015-03-10 00:00:00+00:00,36.5500096579
2015-03-11 00:00:00+00:00,36.5065287994
2015-03-12 00:00:00+00:00,35.6716963161
2015-03-13 00:00:00+00:00,35.9847584973
2015-03-16 00:00:00+00:00,36.141289588
2015-03-17 00:00:00+00:00,36.2586879059
2015-03-18 00:00:00+00:00,36.9587297278
2015-03-19 00:00:00+00:00,36.7717620363
2015-03-20 00:00:00+00:00,37.2891842524
2015-03-23 00:00:00+00:00,37.2674438232
2015-03-24 00:00:00+00:00,37.3065765958
2015-03-25 00:00:00+00:00,36.054327871
2015-03-26 00:00:00+00:00,35.8369235784
2015-03-27 00:00:00+00:00,35.6282154576
2015-03-30 00:00:00+00:00,35.6195192859
2015-03-31 00:00:00+00:00,35.354286049
2015-04-01 00:00:00+00:00,35.4108111651
2015-04-02 00:00:00+00:00,35.036875782
2015-04-06 00:00:00+00:00,36.1282453304
2015-04-07 00:00:00+00:00,36.1152010729
2015-04-08 00:00:00+00:00,36.0195431841
2015-04-09 00:00:00+00:00,36.0717202144
2015-04-10 00:00:00+00:00,36.2804283352
2015-04-13 00:00:00+00:00,36.315213022
2015-04-14 00:00:00+00:00,36.2195551333
2015-04-15 00:00:00+00:00,36.7456735212
2015-04-16 00:00:00+00:00,36.66305989
2015-04-17 00:00:00+00:00,36.1891185323
2015-04-20 00:00:00+00:00,37.3109246817
2015-04-21 00:00:00+00:00,37.0761280458
2015-04-22 00:00:00+00:00,37.3804940553
2015-04-23 00:00:00+00:00,37.6892081507
2015-04-24 00:00:00+00:00,41.6285739311
2015-04-27 00:00:00+00:00,41.7677126783
2015-04-28 00:00:00+00:00,42.7460319946
2015-04-29 00:00:00+00:00,42.6634183635
2015-04-30 00:00:00+00:00,42.298179152
2015-05-01 00:00:00+00:00,42.3112234096
2015-05-04 00:00:00+00:00,41.950332284
2015-05-05 00:00:00+00:00,41.3937772952
2015-05-06 00:00:00+00:00,40.2458826307
2015-05-07 00:00:00+00:00,40.6111218421
2015-05-08 00:00:00+00:00,41.5242198707
2015-05-11 00:00:00+00:00,41.193765346
2015-05-12 00:00:00+00:00,41.1763730026
2015-05-13 00:00:00+00:00,41.4155177244
2015-05-14 00:00:00+00:00,42.3677485256
2015-05-15 00:00:00+00:00,41.9981612284
2015-05-18 00:00:00+00:00,41.7503203349
2015-05-19 00:00:00+00:00,41.6459662745
2015-05-20 00:00:00+00:00,41.6459662745
2015-05-21 00:00:00+00:00,41.5059209907
2015-05-22 00:00:00+00:00,41.0507738183
2015-05-26 00:00:00+00:00,40.7794360809
2015-05-27 00:00:00+00:00,41.6722247652
2015-05-28 00:00:00+00:00,41.5321794814
2015-05-29 00:00:00+00:00,41.0157624973
2015-06-01 00:00:00+00:00,41.3396172161
2015-06-02 00:00:00+00:00,41.0682794787
2015-06-03 00:00:00+00:00,41.0070096671
2015-06-04 00:00:00+00:00,40.5781209854
2015-06-05 00:00:00+00:00,40.3855587201
2015-06-08 00:00:00+00:00,40.0266926804
2015-06-09 00:00:00+00:00,39.9566700385
2015-06-10 00:00:00+00:00,40.7969417413
2015-06-11 00:00:00+00:00,40.6481436273
2015-06-12 00:00:00+00:00,40.2367606061
2015-06-15 00:00:00+00:00,39.8034955093
2015-06-16 00:00:00+00:00,40.1142209828
2015-06-17 00:00:00+00:00,40.2367606061
2015-06-18 00:00:00+00:00,40.893222874
2015-06-19 00:00:00+00:00,40.3505473992
2015-06-22 00:00:00+00:00,40.4643341923
2015-06-23 00:00:00+00:00,40.1842436247
2015-06-24 00:00:00+00:00,39.9435407931
2015-06-25 00:00:00+00:00,39.9566700385
2015-06-26 00:00:00+00:00,39.6153096592
2015-06-29 00:00:00+00:00,38.8363077679
2015-06-30 00:00:00+00:00,38.6437455027
2015-07-01 00:00:00+00:00,38.9019539947
2015-07-02 00:00:00+00:00,38.8625662587
2015-07-06 00:00:00+00:00,38.8538134284
2015-07-07 00:00:00+00:00,38.7750379563
2015-07-08 00:00:00+00:00,38.7225209748
2015-07-09 00:00:00+00:00,38.9676002215
2015-07-10 00:00:00+00:00,39.0463756937
2015-07-13 00:00:00+00:00,39.8603889058
2015-07-14 00:00:00+00:00,39.9304115477
2015-07-15 00:00:00+00:00,40.0529511711
2015-07-16 00:00:00+00:00,40.8407058925
2015-07-17 00:00:00+00:00,40.8056945716
2015-07-20 00:00:00+00:00,41.0682794787
2015-07-21 00:00:00+00:00,41.3833813673
2015-07-22 00:00:00+00:00,39.8603889058
2015-07-23 00:00:00+00:00,40.3593002294
2015-07-24 00:00:00+00:00,40.2105021154
2015-07-27 00:00:00+00:00,39.6940851313
2015-07-28 00:00:00+00:00,39.6853323011
2015-07-29 00:00:00+00:00,40.5168511737
2015-07-30 00:00:00+00:00,41.0332681578
2015-07-31 00:00:00+00:00,40.8757172135
2015-08-03 00:00:00+00:00,40.9719983461
2015-08-04 00:00:00+00:00,41.6109549535
2015-08-05 00:00:00+00:00,41.6459662745
2015-08-06 00:00:00+00:00,40.8056945716
2015-08-07 00:00:00+00:00,40.9107285344
2015-08-10 00:00:00+00:00,41.4271455185
2015-08-11 00:00:00+00:00,40.6218851366
2015-08-12 00:00:00+00:00,40.9107285344
2015-08-13 00:00:00+00:00,40.9019757042
2015-08-14 00:00:00+00:00,41.1383021206
2015-08-17 00:00:00+00:00,41.4183926883
2015-08-18 00:00:00+00:00,41.6459662745
2015-08-19 00:00:00+00:00,41.0644909679
2015-08-20 00:00:00+00:00,40.2275189357
2015-08-21 00:00:00+00:00,37.9456688691
2015-08-24 00:00:00+00:00,36.7210466325
2015-08-25 00:00:00+00:00,35.6550085705
2015-08-26 00:00:00+00:00,37.6285005201
2015-08-27 00:00:00+00:00,38.6769181182
2015-08-28 00:00:00+00:00,38.703348814
2015-08-31 00:00:00+00:00,38.3421293054
2015-09-01 00:00:00+00:00,36.8443898794
2015-09-02 00:00:00+00:00,38.2011655947
2015-09-03 00:00:00+00:00,38.3245088415
2015-09-04 00:00:00+00:00,37.5403982009
2015-09-08 00:00:00+00:00,38.6681078863
2015-09-09 00:00:00+00:00,37.9456688691
2015-09-10 00:00:00+00:00,38.1394939713
2015-09-11 00:00:00+00:00,38.3068883777
2015-09-14 00:00:00+00:00,37.9192381733
2015-09-15 00:00:00+00:00,38.7473999736
2015-09-16 00:00:00+00:00,39.029327395
2015-09-17 00:00:00+00:00,38.9852762354
2015-09-18 00:00:00+00:00,38.3068883777
2015-09-21 00:00:00+00:00,38.8619329885
2015-09-22 00:00:00+00:00,38.6769181182
2015-09-23 00:00:00+00:00,38.6504874225
2015-09-24 00:00:00+00:00,38.6857283502
2015-09-25 00:00:00+00:00,38.7121590459
2015-09-28 00:00:00+00:00,38.1394939713
2015-09-29 00:00:00+00:00,38.27164745
2015-09-30 00:00:00+00:00,38.9412250758
2015-10-01 00:00:00+00:00,39.3024445844
2015-10-02 00:00:00+00:00,40.1482268485
2015-10-05 00:00:00+00:00,41.0821114318
2015-10-06 00:00:00+00:00,41.1878342148
2015-10-07 00:00:00+00:00,41.2318853744
2015-10-08 00:00:00+00:00,41.804550449
2015-10-09 00:00:00+00:00,41.5050025638
2015-10-12 00:00:00+00:00,41.4080900127
2015-10-13 00:00:00+00:00,41.3111774616
2015-10-14 00:00:00+00:00,41.1261625913
2015-10-15 00:00:00+00:00,41.4169002446
2015-10-16 00:00:00+00:00,41.8574118405
2015-10-19 00:00:00+00:00,41.9543243916
2015-10-20 00:00:00+00:00,42.0864778704
2015-10-21 00:00:00+00:00,41.5842946511
2015-10-22 00:00:00+00:00,42.3155439002
2015-10-23 00:00:00+00:00,46.5796961483
2015-10-26 00:00:00+00:00,47.795508153
2015-10-27 00:00:00+00:00,47.3021351656
2015-10-28 00:00:00+00:00,47.5576318912
2015-10-29 00:00:00+00:00,47.0113975123
2015-10-30 00:00:00+00:00,46.3770608142
2015-11-02 00:00:00+00:00,46.9056747293
2015-11-03 00:00:00+00:00,47.7074058338
2015-11-04 00:00:00+00:00,47.9276616317
2015-11-05 00:00:00+00:00,47.9100411679
2015-11-06 00:00:00+00:00,48.3857936914
2015-11-09 00:00:00+00:00,47.7162160657
2015-11-10 00:00:00+00:00,47.1435509911
2015-11-11 00:00:00+00:00,47.2668942379
2015-11-12 00:00:00+00:00,46.9761565846
2015-11-13 00:00:00+00:00,46.5532654526
2015-11-16 00:00:00+00:00,47.368211905
2015-11-17 00:00:00+00:00,46.9849668165
2015-11-18 00:00:00+00:00,47.7655363993
2015-11-19 00:00:00+00:00,47.8453673794
2015-11-20 00:00:00+00:00,48.0671201017
2015-11-23 00:00:00+00:00,48.0671201017
2015-11-24 00:00:00+00:00,48.1203407551
2015-11-25 00:00:00+00:00,47.623614657
2015-11-27 00:00:00+00:00,47.8364972705
2015-11-30 00:00:00+00:00,48.209041844
2015-12-01 00:00:00+00:00,48.9807413179
2015-12-02 00:00:00+00:00,48.971871209
2015-12-03 00:00:00+00:00,48.0759902106
2015-12-04 00:00:00+00:00,49.5927788317
2015-12-07 00:00:00+00:00,49.5040777427
2015-12-08 00:00:00+00:00,49.4863375249
2015-12-09 00:00:00+00:00,48.7678587044
2015-12-10 00:00:00+00:00,49.0250918624
2015-12-11 00:00:00+00:00,47.9518086861
2015-12-14 00:00:00+00:00,48.9097804467
2015-12-15 00:00:00+00:00,48.9630011001
2015-12-16 00:00:00+00:00,49.7879212273
2015-12-17 00:00:00+00:00,49.4065065449
2015-12-18 00:00:00+00:00,48.0138994484
2015-12-21 00:00:00+00:00,48.634807071
2015-12-22 00:00:00+00:00,49.0960527335
2015-12-23 00:00:00+00:00,49.5129478516
2015-12-24 00:00:00+00:00,49.3798962182
2015-12-28 00:00:00+00:00,49.6282592672
2015-12-29 00:00:00+00:00,50.1604658009
2015-12-30 00:00:00+00:00,49.9475831875
2015-12-31 00:00:00+00:00,49.2113641492
2016-01-04 00:00:00+00:00,48.6081967443
2016-01-05 00:00:00+00:00,48.8299494667
2016-01-06 00:00:00+00:00,47.9429385772
2016-01-07 00:00:00+00:00,46.2753581049
2016-01-08 00:00:00+00:00,46.4172798473
2016-01-11 00:00:00+00:00,46.3906695206
2016-01-12 00:00:00+00:00,46.8164347475
2016-01-13 00:00:00+00:00,45.8052423335
2016-01-14 00:00:00+00:00,47.1091483411
2016-01-15 00:00:00+00:00,45.2286852553
2016-01-19 00:00:00+00:00,44.8472705729
2016-01-20 00:00:00+00:00,45.0512830774
2016-01-21 00:00:00+00:00,44.7763097017
2016-01-22 00:00:00+00:00,46.3817994117
2016-01-25 00:00:00+00:00,45.9382939669
2016-01-26 00:00:00+00:00,46.2753581049
2016-01-27 00:00:00+00:00,45.4326977599
2016-01-28 00:00:00+00:00,46.1733518527
2016-01-29 00:00:00+00:00,48.8654299023
2016-02-01 00:00:00+00:00,48.5283657643
2016-02-02 00:00:00+00:00,47.0115771432
2016-02-03 00:00:00+00:00,46.2664879961
2016-02-04 00:00:00+00:00,46.1245662537
2016-02-05 00:00:00+00:00,44.4924662171
2016-02-08 00:00:00+00:00,43.8272080499
2016-02-09 00:00:00+00:00,43.7118966343
2016-02-10 00:00:00+00:00,44.0933113168
2016-02-11 00:00:00+00:00,44.075571099
2016-02-12 00:00:00+00:00,44.7940499195
2016-02-16 00:00:00+00:00,45.6367102645
2016-02-17 00:00:00+00:00,46.8247475448
2016-02-18 00:00:00+00:00,46.6192974888
2016-02-19 00:00:00+00:00,46.288790877
2016-02-22 00:00:00+00:00,47.0301976008
2016-02-23 00:00:00+00:00,45.7171037647
2016-02-24 00:00:00+00:00,45.877890765
2016-02-25 00:00:00+00:00,46.5389039887
2016-02-26 00:00:00+00:00,45.8242950982
2016-02-29 00:00:00+00:00,45.4491254308
2016-03-01 00:00:00+00:00,46.9676693229
2016-03-02 00:00:00+00:00,47.2981759347
2016-03-03 00:00:00+00:00,46.7622192669
2016-03-04 00:00:00+00:00,46.4763757108
2016-03-07 00:00:00+00:00,45.5831145977
2016-03-08 00:00:00+00:00,46.1369364878
2016-03-09 00:00:00+00:00,47.1999172123
2016-03-10 00:00:00+00:00,46.494240933
2016-03-11 00:00:00+00:00,47.4053672683
2016-03-14 00:00:00+00:00,47.4946933796
2016-03-15 00:00:00+00:00,47.8698630471
2016-03-16 00:00:00+00:00,48.548741493
2016-03-17 00:00:00+00:00,48.825652438
2016-03-18 00:00:00+00:00,47.7805369358
2016-03-21 00:00:00+00:00,48.1110435476
2016-03-22 00:00:00+00:00,48.2986283813
2016-03-23 00:00:00+00:00,48.20930227
2016-03-24 00:00:00+00:00,48.4236849372
2016-03-28 00:00:00+00:00,47.8251999914
2016-03-29 00:00:00+00:00,48.8703154937
2016-03-30 00:00:00+00:00,49.1740242721
2016-03-31 00:00:00+00:00,49.3348112724
2016-04-01 00:00:00+00:00,49.6385200509
2016-04-04 00:00:00+00:00,49.513463495
2016-04-05 00:00:00+00:00,48.7363263267
2016-04-06 00:00:00+00:00,49.23655255
2016-04-07 00:00:00+00:00,48.6470002154
2016-04-08 00:00:00+00:00,48.6112697709
2016-04-11 00:00:00+00:00,48.5130110485
2016-04-12 00:00:00+00:00,48.8167198269
2016-04-13 00:00:00+00:00,49.442002606
2016-04-14 00:00:00+00:00,49.4509352171
2016-04-15 00:00:00+00:00,49.7099809399
2016-04-18 00:00:00+00:00,50.4335224415
2016-04-19 00:00:00+00:00,50.3709941635
2016-04-20 00:00:00+00:00,49.6563852731
2016-04-21 00:00:00+00:00,49.8261048846
2016-04-22 00:00:00+00:00,46.2530604325
2016-04-25 00:00:00+00:00,46.5478365998
2016-04-26 00:00:00+00:00,45.9493516541
2016-04-27 00:00:00+00:00,45.5027210976
2016-04-28 00:00:00+00:00,44.57372954
2016-04-29 00:00:00+00:00,44.5469317066
2016-05-02 00:00:00+00:00,45.2079449303
2016-05-03 00:00:00+00:00,44.4665382064
2016-05-04 00:00:00+00:00,44.5469317066
2016-05-05 00:00:00+00:00,44.6094599845
2016-05-06 00:00:00+00:00,45.0114274854
2016-05-09 00:00:00+00:00,44.7255839292
2016-05-10 00:00:00+00:00,45.5741819866
2016-05-11 00:00:00+00:00,45.60097982
2016-05-12 00:00:00+00:00,46.011879932
2016-05-13 00:00:00+00:00,45.6277776534
2016-05-16 00:00:00+00:00,46.2977234881
2016-05-17 00:00:00+00:00,45.4401928196
2016-05-18 00:00:00+00:00,45.7100811159
2016-05-19 00:00:00+00:00,45.2692635653
2016-05-20 00:00:00+00:00,45.5391518616
2016-05-23 00:00:00+00:00,45.0083715456
2016-05-24 00:00:00+00:00,46.4117906863
2016-05-25 00:00:00+00:00,46.8885933431
2016-05-26 00:00:00+00:00,46.6816789826
2016-05-27 00:00:00+00:00,47.068518874
2016-05-31 00:00:00+00:00,47.6802656789
2016-06-01 00:00:00+00:00,47.5453215307
2016-06-02 00:00:00+00:00,47.2124592987
2016-06-03 00:00:00+00:00,46.5917162172
2016-06-06 00:00:00+00:00,46.8975896196
2016-06-07 00:00:00+00:00,46.87060079
2016-06-08 00:00:00+00:00,46.8166231308
2016-06-09 00:00:00+00:00,46.4387795159
2016-06-10 00:00:00+00:00,46.3128316443
2016-06-13 00:00:00+00:00,45.1073305875
2016-06-14 00:00:00+00:00,44.8284460147
2016-06-15 00:00:00+00:00,44.7024981431
2016-06-16 00:00:00+00:00,45.3322375011
2016-06-17 00:00:00+00:00,45.098334311
2016-06-20 00:00:00+00:00,45.0443566517
2016-06-21 00:00:00+00:00,46.0519396246
2016-06-22 00:00:00+00:00,45.8720140937
2016-06-23 00:00:00+00:00,46.6996715357
2016-06-24 00:00:00+00:00,44.8284460147
2016-06-27 00:00:00+00:00,43.5689672987
2016-06-28 00:00:00+00:00,44.4775912295
2016-06-29 00:00:00+00:00,45.4671816493
2016-06-30 00:00:00+00:00,46.0339470715
2016-07-01 00:00:00+00:00,46.024950795
2016-07-05 00:00:00+00:00,46.0339470715
2016-07-06 00:00:00+00:00,46.2228688789
2016-07-07 00:00:00+00:00,46.2228688789
2016-07-08 00:00:00+00:00,47.0505263209
2016-07-11 00:00:00+00:00,47.3114183406
2016-07-12 00:00:00+00:00,47.8691874863
2016-07-13 00:00:00+00:00,48.1390757826
2016-07-14 00:00:00+00:00,48.3459901431
2016-07-15 00:00:00+00:00,48.3100050369
2016-07-18 00:00:00+00:00,48.543908227
2016-07-19 00:00:00+00:00,47.7612321678
2016-07-20 00:00:00+00:00,50.298182153
2016-07-21 00:00:00+00:00,50.199223111
2016-07-22 00:00:00+00:00,50.8919364048
2016-07-25 00:00:00+00:00,51.0358768295
2016-07-26 00:00:00+00:00,51.0628656591
2016-07-27 00:00:00+00:00,50.5500778962
2016-07-28 00:00:00+00:00,50.5680704493
2016-07-29 00:00:00+00:00,50.9908954468
2016-08-01 00:00:00+00:00,50.9009326814
2016-08-02 00:00:00+00:00,50.9009326814
2016-08-03 00:00:00+00:00,51.2517874665
2016-08-04 00:00:00+00:00,51.6296310814
2016-08-05 00:00:00+00:00,52.1424188443
2016-08-08 00:00:00+00:00,52.2323816098
2016-08-09 00:00:00+00:00,52.3583294814
2016-08-10 00:00:00+00:00,52.1963965036
2016-08-11 00:00:00+00:00,52.4482922468
2016-08-12 00:00:00+00:00,52.1244262912
2016-08-15 00:00:00+00:00,52.286359269
2016-08-16 00:00:00+00:00,51.9984784196
2016-08-17 00:00:00+00:00,52.1071103383
2016-08-18 00:00:00+00:00,52.1433209779
2016-08-19 00:00:00+00:00,52.1614262977
2016-08-22 00:00:00+00:00,52.2066895971
2016-08-23 00:00:00+00:00,52.4058481148
2016-08-24 00:00:00+00:00,52.4601640741
2016-08-25 00:00:00+00:00,52.6593225917
2016-08-26 00:00:00+00:00,52.5325853533
2016-08-29 00:00:00+00:00,52.5959539725
2016-08-30 00:00:00+00:00,52.4058481148
2016-08-31 00:00:00+00:00,52.0165837394
2016-09-01 00:00:00+00:00,52.134268318
2016-09-02 00:00:00+00:00,52.2066895971
2016-09-06 00:00:00+00:00,52.1523736378
2016-09-07 00:00:00+00:00,52.1976369373
2016-09-08 00:00:00+00:00,51.9894257597
2016-09-09 00:00:00+00:00,50.8850012529
2016-09-12 00:00:00+00:00,51.6454246838
2016-09-13 00:00:00+00:00,51.1746863695
2016-09-14 00:00:00+00:00,50.9302645524
2016-09-15 00:00:00+00:00,51.7721619223
2016-09-16 00:00:00+00:00,51.8264778817
2016-09-19 00:00:00+00:00,51.5367927651
2016-09-20 00:00:00+00:00,51.4281608464
2016-09-21 00:00:00+00:00,52.2881635362
2016-09-22 00:00:00+00:00,52.3424794955
2016-09-23 00:00:00+00:00,51.9894257597
2016-09-26 00:00:00+00:00,51.5096347855
2016-09-27 00:00:00+00:00,52.4601640741
2016-09-28 00:00:00+00:00,52.5325853533
2016-09-29 00:00:00+00:00,51.9622677801
2016-09-30 00:00:00+00:00,52.1433209779
2016-10-03 00:00:00+00:00,51.9803730998
2016-10-04 00:00:00+00:00,51.8174252218
2016-10-05 00:00:00+00:00,52.1795316175
2016-10-06 00:00:00+00:00,52.2700582164
2016-10-07 00:00:00+00:00,52.3243741757
2016-10-10 00:00:00+00:00,52.5416380131
2016-10-11 00:00:00+00:00,51.7721619223
2016-10-12 00:00:00+00:00,51.6997406432
2016-10-13 00:00:00+00:00,51.5277401052
2016-10-14 00:00:00+00:00,51.9803730998
2016-10-17 00:00:00+00:00,51.799319902
2016-10-18 00:00:00+00:00,52.1976369373
2016-10-19 00:00:00+00:00,52.0799523587
2016-10-20 00:00:00+00:00,51.8264778817
2016-10-21 00:00:00+00:00,54.0081689157
2016-10-24 00:00:00+00:00,55.2212253412
2016-10-25 00:00:00+00:00,55.2121726813
2016-10-26 00:00:00+00:00,54.8862769252
2016-10-27 00:00:00+00:00,54.4064859509
2016-10-28 00:00:00+00:00,54.1982747734
2016-10-31 00:00:00+00:00,54.2435380728
2016-11-01 00:00:00+00:00,54.1349061541
2016-11-02 00:00:00+00:00,53.7999577381
2016-11-03 00:00:00+00:00,53.6007992205
2016-11-04 00:00:00+00:00,53.1481662259
2016-11-07 00:00:00+00:00,54.6961710674
2016-11-08 00:00:00+00:00,54.7414343669
2016-11-09 00:00:00+00:00,54.4698545701
2016-11-10 00:00:00+00:00,53.139113566
2016-11-11 00:00:00+00:00,53.4287986826
2016-11-14 00:00:00+00:00,52.6140592923
2016-11-15 00:00:00+00:00,53.64606252
2016-11-16 00:00:00+00:00,54.3568477886
2016-11-17 00:00:00+00:00,55.2589983219
2016-11-18 00:00:00+00:00,54.9947320041
2016-11-21 00:00:00+00:00,55.4594762182
2016-11-22 00:00:00+00:00,55.6964046411
2016-11-23 00:00:00+00:00,55.0402951623
2016-11-25 00:00:00+00:00,55.1587593738
2016-11-28 00:00:00+00:00,55.231660427
2016-11-29 00:00:00+00:00,55.6690667461
2016-11-30 00:00:00+00:00,54.9127183192
2016-12-01 00:00:00+00:00,53.9467793644
2016-12-02 00:00:00+00:00,53.9923425226
2016-12-05 00:00:00+00:00,54.8762677926
2016-12-06 00:00:00+00:00,54.6302267381
2016-12-07 00:00:00+00:00,55.9242204323
2016-12-08 00:00:00+00:00,55.5961656929
2016-12-09 00:00:00+00:00,56.4709783313
2016-12-12 00:00:00+00:00,56.6532309643
2016-12-13 00:00:00+00:00,57.3913541279
2016-12-14 00:00:00+00:00,57.1179751784
2016-12-15 00:00:00+00:00,57.0268488619
2016-12-16 00:00:00+00:00,56.7716951757
2016-12-19 00:00:00+00:00,57.9745625534
2016-12-20 00:00:00+00:00,57.9016615002
2016-12-21 00:00:00+00:00,57.9016615002
2016-12-22 00:00:00+00:00,57.9107741319
2016-12-23 00:00:00+00:00,57.6282825508
2016-12-27 00:00:00+00:00,57.6647330774
2016-12-28 00:00:00+00:00,57.4004667595
2016-12-29 00:00:00+00:00,57.3184530747
2016-12-30 00:00:00+00:00,56.6258930693
2017-01-03 00:00:00+00:00,57.0268488619
2017-01-04 00:00:00+00:00,56.7716951757
2017-01-05 00:00:00+00:00,56.7716951757
2017-01-06 00:00:00+00:00,57.2637772848
2017-01-09 00:00:00+00:00,57.0815246518
2017-01-10 00:00:00+00:00,57.0632993885
2017-01-11 00:00:00+00:00,57.5827193925
2017-01-12 00:00:00+00:00,57.0541867568
2017-01-13 00:00:00+00:00,57.1362004417
2017-01-17 00:00:00+00:00,56.9812857036
2017-01-18 00:00:00+00:00,56.9539478087
2017-01-19 00:00:00+00:00,56.7716951757
2017-01-20 00:00:00+00:00,57.1726509683
2017-01-23 00:00:00+00:00,57.3731288646
2017-01-24 00:00:00+00:00,57.8834362369
2017-01-25 00:00:00+00:00,58.0292383433
2017-01-26 00:00:00+00:00,58.5668836106
2017-01-27 00:00:00+00:00,59.9428909897
2017-01-30 00:00:00+00:00,59.3505699325
2017-01-31 00:00:00+00:00,58.9131636133
2017-02-01 00:00:00+00:00,57.9381120268
2017-02-02 00:00:00+00:00,57.5644941292
2017-02-03 00:00:00+00:00,58.0292383433
2017-02-06 00:00:00+00:00,57.9927878167
2017-02-07 00:00:00+00:00,57.8014225521
2017-02-08 00:00:00+00:00,57.7194088672
2017-02-09 00:00:00+00:00,58.375518346
2017-02-10 00:00:00+00:00,58.3208425561
2017-02-13 00:00:00+00:00,58.9769520349
2017-02-14 00:00:00+00:00,59.1956551945
2017-02-15 00:00:00+00:00,59.1589845083
2017-02-16 00:00:00+00:00,59.1498168367
2017-02-17 00:00:00+00:00,59.2414935522
2017-02-21 00:00:00+00:00,59.1223138221
2017-02-22 00:00:00+00:00,59.0031340919
2017-02-23 00:00:00+00:00,59.2414935522
2017-02-24 00:00:00+00:00,59.2414935522
2017-02-27 00:00:00+00:00,58.8839543618
2017-02-28 00:00:00+00:00,58.654762573
2017-03-01 00:00:00+00:00,59.5348590418
2017-03-02 00:00:00+00:00,58.6822655877
2017-03-03 00:00:00+00:00,58.9022897049
2017-03-06 00:00:00+00:00,58.920625048
2017-03-07 00:00:00+00:00,59.0398047781
2017-03-08 00:00:00+00:00,59.5806973995
2017-03-09 00:00:00+00:00,59.3423379392
2017-03-10 00:00:00+00:00,59.5256913702
2017-03-13 00:00:00+00:00,59.3240025961
2017-03-14 00:00:00+00:00,59.0489724497
2017-03-15 00:00:00+00:00,59.3606732823
2017-03-16 00:00:00+00:00,59.2598288953
2017-03-17 00:00:00+00:00,59.4706853409
2017-03-20 00:00:00+00:00,59.5256913702
2017-03-21 00:00:00+00:00,58.8656190187
2017-03-22 00:00:00+00:00,59.6173680857
2017-03-23 00:00:00+00:00,59.4706853409
2017-03-24 00:00:00+00:00,59.571529728
2017-03-27 00:00:00+00:00,59.6815417866
2017-03-28 00:00:00+00:00,59.855727546
2017-03-29 00:00:00+00:00,60.0207456339
2017-03-30 00:00:00+00:00,60.2407697511
2017-03-31 00:00:00+00:00,60.3782848243
2017-04-03 00:00:00+00:00,60.0940870063
2017-04-04 00:00:00+00:00,60.2591050942
2017-04-05 00:00:00+00:00,60.1032546778
2017-04-06 00:00:00+00:00,60.2591050942
2017-04-07 00:00:00+00:00,60.2132667364
2017-04-10 00:00:00+00:00,60.0757516632
2017-04-11 00:00:00+00:00,60.0299133054
2017-04-12 00:00:00+00:00,59.8007215167
2017-04-13 00:00:00+00:00,59.5440267133
2017-04-17 00:00:00+00:00,60.0299133054
2017-04-18 00:00:00+00:00,59.9474042615
2017-04-19 00:00:00+00:00,59.6265357573
2017-04-20 00:00:00+00:00,60.0482486485
2017-04-21 00:00:00+00:00,60.873339088
2017-04-24 00:00:00+00:00,61.9092859731
2017-04-25 00:00:00+00:00,62.2668251635
2017-04-26 00:00:00+00:00,62.1843161196
2017-04-27 00:00:00+00:00,62.5876936677
2017-04-28 00:00:00+00:00,62.7618794272
2017-05-01 00:00:00+00:00,63.6328082244
2017-05-02 00:00:00+00:00,63.5319638373
2017-05-03 00:00:00+00:00,63.3302750632
2017-05-04 00:00:00+00:00,63.0827479314
2017-05-05 00:00:00+00:00,63.2569336908
2017-05-08 00:00:00+00:00,63.2019276615
2017-05-09 00:00:00+00:00,63.293604377
2017-05-10 00:00:00+00:00,63.5411315089
2017-05-11 00:00:00+00:00,62.7618794272
2017-05-12 00:00:00+00:00,62.6885380548
2017-05-15 00:00:00+00:00,62.7343764125
2017-05-16 00:00:00+00:00,63.9903474148
2017-05-17 00:00:00+00:00,62.2110451455
2017-05-18 00:00:00+00:00,62.4230863486
2017-05-19 00:00:00+00:00,62.4046479831
2017-05-22 00:00:00+00:00,63.1053058715
2017-05-23 00:00:00+00:00,63.3173470746
2017-05-24 00:00:00+00:00,63.4003197193
2017-05-25 00:00:00+00:00,64.1839502524
2017-05-26 00:00:00+00:00,64.4974024656
2017-05-30 00:00:00+00:00,64.912265689
2017-05-31 00:00:00+00:00,64.3867722727
2017-06-01 00:00:00+00:00,64.626471024
2017-06-02 00:00:00+00:00,66.1568553592
2017-06-05 00:00:00+00:00,66.6362528618
2017-06-06 00:00:00+00:00,66.8575132477
2017-06-07 00:00:00+00:00,66.737663872
2017-06-08 00:00:00+00:00,66.3320198313
2017-06-09 00:00:00+00:00,64.8292930443
2017-06-12 00:00:00+00:00,64.3314571763
2017-06-13 00:00:00+00:00,65.1335260748
2017-06-14 00:00:00+00:00,64.7831971306
2017-06-15 00:00:00+00:00,64.4420873692
2017-06-16 00:00:00+00:00,64.5342791966
2017-06-19 00:00:00+00:00,65.3363480952
2017-06-20 00:00:00+00:00,64.4513065519
2017-06-21 00:00:00+00:00,64.7831971306
2017-06-22 00:00:00+00:00,64.7739779479
2017-06-23 00:00:00+00:00,65.6498003084
2017-06-26 00:00:00+00:00,65.0228958819
2017-06-27 00:00:00+00:00,63.8059637599
2017-06-28 00:00:00+00:00,64.3498955417
2017-06-29 00:00:00+00:00,63.1421826025
2017-06-30 00:00:00+00:00,63.5478266432
2017-07-03 00:00:00+00:00,62.8471687547
2017-07-05 00:00:00+00:00,63.6861143843
2017-07-06 00:00:00+00:00,63.2159360644
2017-07-07 00:00:00+00:00,64.0364433285
2017-07-10 00:00:00+00:00,64.5158408311
2017-07-11 00:00:00+00:00,64.5250600138
2017-07-12 00:00:00+00:00,65.594485212
2017-07-13 00:00:00+00:00,66.166074542
2017-07-14 00:00:00+00:00,67.097211999
2017-07-17 00:00:00+00:00,67.6227054153
2017-07-18 00:00:00+00:00,67.5766095016
2017-07-19 00:00:00+00:00,68.0928837351
2017-07-20 00:00:00+00:00,68.4247743139
2017-07-21 00:00:00+00:00,68.0283494559
2017-07-24 00:00:00+00:00,67.8531849838
2017-07-25 00:00:00+00:00,68.3971167656
2017-07-26 00:00:00+00:00,68.2680482072
2017-07-27 00:00:00+00:00,67.4475409432
2017-07-28 00:00:00+00:00,67.3369107503
2017-07-31 00:00:00+00:00,67.023458537
2017-08-01 00:00:00+00:00,66.9128283441
2017-08-02 00:00:00+00:00,66.6178144964
2017-08-03 00:00:00+00:00,66.5164034862
2017-08-04 00:00:00+00:00,67.0050201715
2017-08-07 00:00:00+00:00,66.7468830548
2017-08-08 00:00:00+00:00,67.1064311817
2017-08-09 00:00:00+00:00,66.8114173339
2017-08-10 00:00:00+00:00,65.8341839633
2017-08-11 00:00:00+00:00,66.8390748822
2017-08-14 00:00:00+00:00,67.8439658011
2017-08-15 00:00:00+00:00,67.8624041666
2017-08-16 00:00:00+00:00,68.2609405472
2017-08-17 00:00:00+00:00,67.102404557
2017-08-18 00:00:00+00:00,67.1858191483
2017-08-21 00:00:00+00:00,66.8706973589
2017-08-22 00:00:00+00:00,67.806794439
2017-08-23 00:00:00+00:00,67.3989897705
2017-08-24 00:00:00+00:00,67.3711849067
2017-08-25 00:00:00+00:00,67.4916726497
2017-08-28 00:00:00+00:00,67.5009409376
2017-08-29 00:00:00+00:00,67.7048432719
2017-08-30 00:00:00+00:00,68.5945989124
2017-08-31 00:00:00+00:00,69.2989887945
2017-09-01 00:00:00+00:00,68.529720897
2017-09-05 00:00:00+00:00,68.2238673955
2017-09-06 00:00:00+00:00,68.0292333492
2017-09-07 00:00:00+00:00,68.9004524139
2017-09-08 00:00:00+00:00,68.5667940487
2017-09-11 00:00:00+00:00,69.2897205066
2017-09-12 00:00:00+00:00,69.2155742032
2017-09-13 00:00:00+00:00,69.7067934631
2017-09-14 00:00:00+00:00,69.2989887945
2017-09-15 00:00:00+00:00,69.7994763423
2017-09-18 00:00:00+00:00,69.6604520235
2017-09-19 00:00:00+00:00,69.9199640853
2017-09-20 00:00:00+00:00,69.4565496892
2017-09-21 00:00:00+00:00,68.7799646709
2017-09-22 00:00:00+00:00,68.9653304293
2017-09-25 00:00:00+00:00,67.8994773183
2017-09-26 00:00:00+00:00,67.8994773183
2017-09-27 00:00:00+00:00,68.4463063057
2017-09-28 00:00:00+00:00,68.4648428815
2017-09-29 00:00:00+00:00,69.0394767327
2017-10-02 00:00:00+00:00,69.1506961878
2017-10-03 00:00:00+00:00,68.8263061105
2017-10-04 00:00:00+00:00,69.2248424911
2017-10-05 00:00:00+00:00,70.4111833452
2017-10-06 00:00:00+00:00,70.438988209
2017-10-09 00:00:00+00:00,70.7077685587
2017-10-10 00:00:00+00:00,70.7077685587
2017-10-11 00:00:00+00:00,70.8282563017
2017-10-12 00:00:00+00:00,71.4770364562
2017-10-13 00:00:00+00:00,71.8199631094
2017-10-16 00:00:00+00:00,71.9682557161
2017-10-17 00:00:00+00:00,71.9126459886
2017-10-18 00:00:00+00:00,71.9311825644
2017-10-19 00:00:00+00:00,72.2092312021
2017-10-20 00:00:00+00:00,73.0433771151
2017-10-23 00:00:00+00:00,73.061913691
2017-10-24 00:00:00+00:00,73.0897185547
2017-10-25 00:00:00+00:00,72.8765479325
2017-10-26 00:00:00+00:00,72.9970356755
2017-10-27 00:00:00+00:00,77.6775210762
2017-10-30 00:00:00+00:00,77.7516673796
2017-10-31 00:00:00+00:00,77.0936189371
2017-11-01 00:00:00+00:00,77.0936189371
2017-11-02 00:00:00+00:00,77.8999599864
2017-11-03 00:00:00+00:00,77.9833745777
2017-11-06 00:00:00+00:00,78.2892280791
2017-11-07 00:00:00+00:00,78.1038623206
2017-11-08 00:00:00+00:00,78.3726426704
2017-11-09 00:00:00+00:00,77.937033138
2017-11-10 00:00:00+00:00,77.7331308038
2017-11-13 00:00:00+00:00,77.7887405313
2017-11-14 00:00:00+00:00,77.8999599864
2017-11-15 00:00:00+00:00,77.2975212714
2017-11-16 00:00:00+00:00,77.5024556493
2017-11-17 00:00:00+00:00,76.7572397296
2017-11-20 00:00:00+00:00,76.8783373166
2017-11-21 00:00:00+00:00,77.9868459971
2017-11-22 00:00:00+00:00,77.4186188584
2017-11-24 00:00:00+00:00,77.5583468433
2017-11-27 00:00:00+00:00,78.1265739821
2017-11-28 00:00:00+00:00,79.0674090807
2017-11-29 00:00:00+00:00,77.6328684353
2017-11-30 00:00:00+00:00,78.406029952
2017-12-01 00:00:00+00:00,78.4898667429
2017-12-04 00:00:00+00:00,75.5276334621
2017-12-05 00:00:00+00:00,76.0027086109
2017-12-06 00:00:00+00:00,77.1112172915
2017-12-07 00:00:00+00:00,76.8410765206
2017-12-08 00:00:00+00:00,78.396714753
2017-12-11 00:00:00+00:00,79.3934410456
2017-12-12 00:00:00+00:00,79.7194730105
2017-12-13 00:00:00+00:00,79.5052234335
2017-12-14 00:00:00+00:00,78.8904202998
2017-12-15 00:00:00+00:00,80.902503283
2017-12-18 00:00:00+00:00,80.4646889302
2017-12-19 00:00:00+00:00,79.9523529854
2017-12-20 00:00:00+00:00,79.6635818165
2017-12-21 00:00:00+00:00,79.6449514185
2017-12-22 00:00:00+00:00,79.6542666175
2017-12-26 00:00:00+00:00,79.5517994285
2017-12-27 00:00:00+00:00,79.8405705974
2017-12-28 00:00:00+00:00,79.8498857964
2017-12-29 00:00:00+00:00,79.6822122145
2018-01-02 00:00:00+00:00,80.0641353733
2018-01-03 00:00:00+00:00,80.4367433332
2018-01-04 00:00:00+00:00,81.1446984569
2018-01-05 00:00:00+00:00,82.1507399485
2018-01-08 00:00:00+00:00,82.2345767395
2018-01-09 00:00:00+00:00,82.1786855455
2018-01-10 00:00:00+00:00,81.8060775856
2018-01-11 00:00:00+00:00,82.0482727595
2018-01-12 00:00:00+00:00,83.464183007
2018-01-16 00:00:00+00:00,82.2997831324
2018-01-17 00:00:00+00:00,83.9672037528
2018-01-18 00:00:00+00:00,83.9299429568
2018-01-19 00:00:00+00:00,83.8367909668
2018-01-22 00:00:00+00:00,85.3365380052
2018-01-23 00:00:00+00:00,85.6066787761
2018-01-24 00:00:00+00:00,85.5321571842
2018-01-25 00:00:00+00:00,86.007232333
2018-01-26 00:00:00+00:00,87.6187617593
2018-01-29 00:00:00+00:00,87.4883489734
2018-01-30 00:00:00+00:00,86.3891554918
2018-01-31 00:00:00+00:00,88.503705664
2018-02-01 00:00:00+00:00,87.8050657393
2018-02-02 00:00:00+00:00,85.4948963882
2018-02-05 00:00:00+00:00,81.9737511676
2018-02-06 00:00:00+00:00,85.0757124333
2018-02-07 00:00:00+00:00,83.473498206
2018-02-08 00:00:00+00:00,79.1885066677
2018-02-09 00:00:00+00:00,82.1414247495
2018-02-12 00:00:00+00:00,83.0263686541
2018-02-13 00:00:00+00:00,83.6784325839
2018-02-14 00:00:00+00:00,84.9825604434
2018-02-15 00:00:00+00:00,86.713842646
2018-02-16 00:00:00+00:00,86.0961960224
2018-02-20 00:00:00+00:00,86.7699923391
2018-02-21 00:00:00+00:00,85.6189236314
2018-02-22 00:00:00+00:00,85.8435224036
2018-02-23 00:00:00+00:00,88.0240021507
2018-02-26 00:00:00+00:00,89.2967285267
2018-02-27 00:00:00+00:00,88.1550181012
2018-02-28 00:00:00+00:00,87.7526119676
2018-03-01 00:00:00+00:00,86.8916500073
2018-03-02 00:00:00+00:00,87.0788156509
2018-03-05 00:00:00+00:00,87.6309542993
2018-03-06 00:00:00+00:00,87.3314892696
2018-03-07 00:00:00+00:00,87.8368365072
2018-03-08 00:00:00+00:00,88.3702585912
2018-03-09 00:00:00+00:00,90.3448561304
2018-03-12 00:00:00+00:00,90.5600966205
2018-03-13 00:00:00+00:00,88.3515420269
2018-03-14 00:00:00+00:00,87.827478225
2018-03-15 00:00:00+00:00,88.1363015368
2018-03-16 00:00:00+00:00,88.5293493882
2018-03-19 00:00:00+00:00,86.929083136
2018-03-20 00:00:00+00:00,87.1536819083
2018-03-21 00:00:00+00:00,86.5453935668
2018-03-22 00:00:00+00:00,84.0280156614
2018-03-23 00:00:00+00:00,81.5855040134
2018-03-26 00:00:00+00:00,87.7619702497
2018-03-27 00:00:00+00:00,83.7285506317
2018-03-28 00:00:00+00:00,83.6536843743
2018-03-29 00:00:00+00:00,85.4130414235
2018-04-02 00:00:00+00:00,82.839513825
2018-04-03 00:00:00+00:00,83.953149404
2018-04-04 00:00:00+00:00,86.4050193342
2018-04-05 00:00:00+00:00,86.4518107451
2018-04-06 00:00:00+00:00,84.4397800771
2018-04-09 00:00:00+00:00,84.9451273147
2018-04-10 00:00:00+00:00,86.9197248539
2018-04-11 00:00:00+00:00,85.9651800719
2018-04-12 00:00:00+00:00,87.5748046062
2018-04-13 00:00:00+00:00,87.1068904974
2018-04-16 00:00:00+00:00,88.1269432546
2018-04-17 00:00:00+00:00,89.9050168681
2018-04-18 00:00:00+00:00,90.2512733087
2018-04-19 00:00:00+00:00,89.9424499968
2018-04-20 00:00:00+00:00,88.9036806753
2018-04-23 00:00:00+00:00,89.2312205514
2018-04-24 00:00:00+00:00,87.1443236261
2018-04-25 00:00:00+00:00,86.3863027698
2018-04-26 00:00:00+00:00,88.2111677942
2018-04-27 00:00:00+00:00,89.6710598137
2018-04-30 00:00:00+00:00,87.5186549132
2018-05-01 00:00:00+00:00,88.9036806753
2018-05-02 00:00:00+00:00,87.509296631
2018-05-03 00:00:00+00:00,88.0333604329
2018-05-04 00:00:00+00:00,89.0534131901
2018-05-07 00:00:00+00:00,90.0453911008
2018-05-08 00:00:00+00:00,89.6617015315
2018-05-09 00:00:00+00:00,90.7191874175
2018-05-10 00:00:00+00:00,91.6269407886
2018-05-11 00:00:00+00:00,91.4304168629
2018-05-14 00:00:00+00:00,91.7392401747
2018-05-15 00:00:00+00:00,91.0748021402
2018-05-16 00:00:00+00:00,91.3087591946
2018-05-17 00:00:00+00:00,90.3970814136
2018-05-18 00:00:00+00:00,90.5662587338
2018-05-21 00:00:00+00:00,91.731702495
2018-05-22 00:00:00+00:00,91.6377150949
2018-05-23 00:00:00+00:00,92.727968936
2018-05-24 00:00:00+00:00,92.3990130357
2018-05-25 00:00:00+00:00,92.4460067358
2018-05-29 00:00:00+00:00,92.1170508354
2018-05-30 00:00:00+00:00,93.0005323963
2018-05-31 00:00:00+00:00,92.8971462562
2018-06-01 00:00:00+00:00,94.7299005581
2018-06-04 00:00:00+00:00,95.556989679
2018-06-05 00:00:00+00:00,96.0457241595
2018-06-06 00:00:00+00:00,96.3276863598
2018-06-07 00:00:00+00:00,94.8144892182
2018-06-08 00:00:00+00:00,95.5193947189
2018-06-11 00:00:00+00:00,94.9742677984
2018-06-12 00:00:00+00:00,95.2186350386
2018-06-13 00:00:00+00:00,94.7862929982
2018-06-14 00:00:00+00:00,95.3220211787
2018-06-15 00:00:00+00:00,94.1095837175
2018-06-18 00:00:00+00:00,94.7956917382
2018-06-19 00:00:00+00:00,94.7956917382
2018-06-20 00:00:00+00:00,95.7449644792
2018-06-21 00:00:00+00:00,95.0588564585
2018-06-22 00:00:00+00:00,94.3727484378
2018-06-25 00:00:00+00:00,92.4742029558
2018-06-26 00:00:00+00:00,93.1227160165
2018-06-27 00:00:00+00:00,91.675310055
2018-06-28 00:00:00+00:00,92.699772716
2018-06-29 00:00:00+00:00,92.680975236
2018-07-02 00:00:00+00:00,93.9967988374
2018-07-03 00:00:00+00:00,93.0945197964
2018-07-05 00:00:00+00:00,93.7618303371
2018-07-06 00:00:00+00:00,95.0776539385
2018-07-09 00:00:00+00:00,95.7261669992
2018-07-10 00:00:00+00:00,95.9799329794
2018-07-11 00:00:00+00:00,95.8483506193
2018-07-12 00:00:00+00:00,97.9254721614
2018-07-13 00:00:00+00:00,99.0909159226
2018-07-16 00:00:00+00:00,98.6021814421
2018-07-17 00:00:00+00:00,99.5796504031
2018-07-18 00:00:00+00:00,98.7995549823
2018-07-19 00:00:00+00:00,98.1228457016
2018-07-20 00:00:00+00:00,99.8804100835
2018-07-23 00:00:00+00:00,101.4781958851
2018-07-24 00:00:00+00:00,101.1868349448
2018-07-25 00:00:00+00:00,104.1662355279
2018-07-26 00:00:00+00:00,103.0289879867
2018-07-27 00:00:00+00:00,101.2056324248
2018-07-30 00:00:00+00:00,99.0345234826
2018-07-31 00:00:00+00:00,99.7018340233
2018-08-01 00:00:00+00:00,99.8898088235
2018-08-02 00:00:00+00:00,101.1022462847
2018-08-03 00:00:00+00:00,101.5439870652
2018-08-06 00:00:00+00:00,101.6285757253
2018-08-07 00:00:00+00:00,102.333481226
2018-08-08 00:00:00+00:00,102.9068043666
2018-08-09 00:00:00+00:00,103.0759816868
2018-08-10 00:00:00+00:00,102.4462661061
2018-08-13 00:00:00+00:00,101.7037656453
2018-08-14 00:00:00+00:00,102.9725955467
2018-08-15 00:00:00+00:00,101.5815820252
2018-08-16 00:00:00+00:00,101.562711213
2018-08-17 00:00:00+00:00,101.5060987765
2018-08-20 00:00:00+00:00,100.8361849437
2018-08-21 00:00:00+00:00,99.9964338012
2018-08-22 00:00:00+00:00,101.0154576595
2018-08-23 00:00:00+00:00,101.4872279643
2018-08-24 00:00:00+00:00,102.2798020763
2018-08-27 00:00:00+00:00,103.4120508078
2018-08-28 00:00:00+00:00,104.0347876101
2018-08-29 00:00:00+00:00,105.6954190829
2018-08-30 00:00:00+00:00,105.6293712402
2018-08-31 00:00:00+00:00,105.9879166719
2018-09-04 00:00:00+00:00,105.4029214939
2018-09-05 00:00:00+00:00,102.3647207312
2018-09-06 00:00:00+00:00,102.6006058835
2018-09-07 00:00:00+00:00,102.1005293605
2018-09-10 00:00:00+00:00,103.2044718737
2018-09-11 00:00:00+00:00,104.9594574074
2018-09-12 00:00:00+00:00,105.4029214939
2018-09-13 00:00:00+00:00,106.5351702254
2018-09-14 00:00:00+00:00,106.9691989058
2018-09-17 00:00:00+00:00,105.808643956
2018-09-18 00:00:00+00:00,106.8182324083
2018-09-19 00:00:00+00:00,105.3934860878
2018-09-20 00:00:00+00:00,107.1579070277
2018-09-21 00:00:00+00:00,107.8089500483
2018-09-24 00:00:00+00:00,108.1958016982
2018-09-25 00:00:00+00:00,107.9882227641
2018-09-26 00:00:00+00:00,107.5447586776
2018-09-27 00:00:00+00:00,107.9504811397
2018-09-28 00:00:00+00:00,107.9127395154
2018-10-01 00:00:00+00:00,109.0827298712
2018-10-02 00:00:00+00:00,108.6487011908
2018-10-03 00:00:00+00:00,108.667572003
2018-10-04 00:00:00+00:00,106.4219453523
2018-10-05 00:00:00+00:00,105.79920855
2018-10-08 00:00:00+00:00,104.5914765697
2018-10-09 00:00:00+00:00,105.9218688292
2018-10-10 00:00:00+00:00,100.1662711109
2018-10-11 00:00:00+00:00,99.9303859585
2018-10-12 00:00:00+00:00,103.3837445895
2018-10-15 00:00:00+00:00,101.5249695886
2018-10-16 00:00:00+00:00,104.7330076611
2018-10-17 00:00:00+00:00,104.4593808844
2018-10-18 00:00:00+00:00,102.3741561372
2018-10-19 00:00:00+00:00,102.5251226348
2018-10-22 00:00:00+00:00,103.4403570261
2018-10-23 00:00:00+00:00,101.9967398934
2018-10-24 00:00:00+00:00,96.5430751702
2018-10-25 00:00:00+00:00,102.1854480153
2018-10-26 00:00:00+00:00,100.9211035985
2018-10-29 00:00:00+00:00,97.9866923028
2018-10-30 00:00:00+00:00,97.8734674296
2018-10-31 00:00:00+00:00,100.7795725071
2018-11-01 00:00:00+00:00,99.9398213646
2018-11-02 00:00:00+00:00,100.1662711109
2018-11-05 00:00:00+00:00,101.4400509338
2018-11-06 00:00:00+00:00,101.6381944618
2018-11-07 00:00:00+00:00,105.6388066463
2018-11-08 00:00:00+00:00,105.4406631183
2018-11-09 00:00:00+00:00,103.3837445895
2018-11-12 00:00:00+00:00,100.8361849437
2018-11-13 00:00:00+00:00,100.9022327863
2018-11-14 00:00:00+00:00,99.4774864659
2018-11-15 00:00:00+00:00,101.6666166339
2018-11-16 00:00:00+00:00,102.6237687853
2018-11-19 00:00:00+00:00,99.1458000768
2018-11-20 00:00:00+00:00,96.3880646704
2018-11-21 00:00:00+00:00,97.7148102267
2018-11-23 00:00:00+00:00,97.6769032108
2018-11-26 00:00:00+00:00,100.898999562
2018-11-27 00:00:00+00:00,101.5339420783
2018-11-28 00:00:00+00:00,105.30569016
2018-11-29 00:00:00+00:00,104.4243520404
2018-11-30 00:00:00+00:00,105.0877248186
2018-12-03 00:00:00+00:00,106.2249352954
2018-12-04 00:00:00+00:00,102.8417341267
2018-12-06 00:00:00+00:00,103.476676643
2018-12-07 00:00:00+00:00,99.3353351563
2018-12-10 00:00:00+00:00,101.9603960071
2018-12-11 00:00:00+00:00,102.9080714045
2018-12-12 00:00:00+00:00,103.3724323492
2018-12-13 00:00:00+00:00,103.7230722463
2018-12-14 00:00:00+00:00,100.4820223872
2018-12-17 00:00:00+00:00,97.5063216393
2018-12-18 00:00:00+00:00,98.5298110685
2018-12-19 00:00:00+00:00,98.2644619572
2018-12-20 00:00:00+00:00,96.1985295909
2018-12-21 00:00:00+00:00,93.0901542874
2018-12-24 00:00:00+00:00,89.204685158
2018-12-26 00:00:00+00:00,95.2982379633
2018-12-27 00:00:00+00:00,95.8857967097
2018-12-28 00:00:00+00:00,95.1371331458
2018-12-31 00:00:00+00:00,96.2553901147
2019-01-02 00:00:00+00:00,95.8289361859
2019-01-03 00:00:00+00:00,92.3035837075
2019-01-04 00:00:00+00:00,96.5965532578
2019-01-07 00:00:00+00:00,96.7197510594
2019-01-08 00:00:00+00:00,97.4210308535
2019-01-09 00:00:00+00:00,98.8141136877
2019-01-10 00:00:00+00:00,98.1791711715
2019-01-11 00:00:00+00:00,97.4210308535
2019-01-14 00:00:00+00:00,96.7102743055
2019-01-15 00:00:00+00:00,99.5153934818
2019-01-16 00:00:00+00:00,99.8660333788
2019-01-17 00:00:00+00:00,100.5673131729
2019-01-18 00:00:00+00:00,102.0741170548
2019-01-22 00:00:00+00:00,100.1503359981
2019-01-23 00:00:00+00:00,101.1264416574
2019-01-24 00:00:00+00:00,100.6431272047
2019-01-25 00:00:00+00:00,101.5623723402
2019-01-28 00:00:00+00:00,99.5817307596
2019-01-29 00:00:00+00:00,97.5537054092
2019-01-30 00:00:00+00:00,100.8137087762
2019-01-31 00:00:00+00:00,98.9657417513
2019-02-01 00:00:00+00:00,97.4020773456
2019-02-04 00:00:00+00:00,100.2071965219
2019-02-05 00:00:00+00:00,101.6097561101
2019-02-06 00:00:00+00:00,100.4820223872
2019-02-07 00:00:00+00:00,99.7617890851
2019-02-08 00:00:00+00:00,100.1408592441
2019-02-11 00:00:00+00:00,99.7428355772
2019-02-12 00:00:00+00:00,101.2970232289
2019-02-13 00:00:00+00:00,101.2212091971
2019-02-14 00:00:00+00:00,101.3064999829
2019-02-15 00:00:00+00:00,102.5574315075
2019-02-19 00:00:00+00:00,102.5100477376
2019-02-20 00:00:00+00:00,101.9793495151
2019-02-21 00:00:00+00:00,104.1302905314
2019-02-22 00:00:00+00:00,105.615010879
2019-02-25 00:00:00+00:00,106.2050920428
2019-02-26 00:00:00+00:00,106.9379347785
2019-02-27 00:00:00+00:00,106.7571034541
2019-02-28 00:00:00+00:00,106.6238593203
2019-03-01 00:00:00+00:00,107.0997312266
2019-03-04 00:00:00+00:00,106.8427603972
2019-03-05 00:00:00+00:00,106.3097838622
2019-03-06 00:00:00+00:00,106.3573710528
2019-03-07 00:00:00+00:00,105.0629994677
2019-03-08 00:00:00+00:00,105.1772087252
2019-03-11 00:00:00+00:00,107.3852543704
2019-03-12 00:00:00+00:00,108.1371319823
2019-03-13 00:00:00+00:00,108.9746665373
2019-03-14 00:00:00+00:00,109.0603234805
2019-03-15 00:00:00+00:00,110.316625313
2019-03-18 00:00:00+00:00,111.8965200419
2019-03-19 00:00:00+00:00,111.9726595469
2019-03-20 00:00:00+00:00,111.8489328512
2019-03-21 00:00:00+00:00,114.4186411451
2019-03-22 00:00:00+00:00,111.4016132593
2019-03-25 00:00:00+00:00,111.982176985
2019-03-26 00:00:00+00:00,112.2201129381
2019-03-27 00:00:00+00:00,111.1351249918
2019-03-28 00:00:00+00:00,111.2874040018
2019-03-29 00:00:00+00:00,112.2486652525
2019-04-01 00:00:00+00:00,113.2765485701
2019-04-02 00:00:00+00:00,113.4383450182
2019-04-03 00:00:00+00:00,114.180705192
2019-04-04 00:00:00+00:00,113.6001414663
2019-04-05 00:00:00+00:00,114.104565687
2019-04-08 00:00:00+00:00,114.1426354395
2019-04-09 00:00:00+00:00,113.5240019613
2019-04-10 00:00:00+00:00,114.3900888307
2019-04-11 00:00:00+00:00,114.5233329645
2019-04-12 00:00:00+00:00,115.1134141283
2019-04-15 00:00:00+00:00,115.2085885095
2019-04-16 00:00:00+00:00,114.942100242
2019-04-17 00:00:00+00:00,115.8938440546
2019-04-18 00:00:00+00:00,117.4166341547
2019-04-22 00:00:00+00:00,117.7878142416
2019-04-23 00:00:00+00:00,119.3867438467
2019-04-24 00:00:00+00:00,118.9774940073
2019-04-25 00:00:00+00:00,122.9177133912
2019-04-26 00:00:00+00:00,123.6220038125
2019-04-29 00:00:00+00:00,123.507794555
2019-04-30 00:00:00+00:00,124.2977419194
2019-05-01 00:00:00+00:00,121.7089987493
2019-05-02 00:00:00+00:00,120.1195865823
2019-05-03 00:00:00+00:00,122.6797774381
2019-05-06 00:00:00+00:00,121.9659695787
2019-05-07 00:00:00+00:00,119.4628833517
2019-05-08 00:00:00+00:00,119.4533659135
2019-05-09 00:00:00+00:00,119.4438484754
2019-05-10 00:00:00+00:00,120.9951908899
2019-05-13 00:00:00+00:00,117.3975992784
2019-05-14 00:00:00+00:00,118.7110057397
2019-05-15 00:00:00+00:00,120.3765574117
2019-05-16 00:00:00+00:00,123.1562414465
2019-05-17 00:00:00+00:00,122.3347540685
2019-05-20 00:00:00+00:00,120.567600988
2019-05-21 00:00:00+00:00,121.2171491473
2019-05-22 00:00:00+00:00,121.952666916
2019-05-23 00:00:00+00:00,120.5293922727
2019-05-24 00:00:00+00:00,120.5867053456
2019-05-28 00:00:00+00:00,120.5102879151
2019-05-29 00:00:00+00:00,119.3449220998
2019-05-30 00:00:00+00:00,120.0995442261
2019-05-31 00:00:00+00:00,118.1413475693
2019-06-03 00:00:00+00:00,114.4733109048
2019-06-04 00:00:00+00:00,117.644634271
2019-06-05 00:00:00+00:00,120.1950660142
2019-06-06 00:00:00+00:00,122.0959495982
2019-06-07 00:00:00+00:00,125.5156296135
2019-06-10 00:00:00+00:00,126.6618910712
2019-06-11 00:00:00+00:00,126.1842821305
2019-06-12 00:00:00+00:00,125.6015992229
2019-06-13 00:00:00+00:00,126.3944300644
2019-06-14 00:00:00+00:00,126.518608389
2019-06-17 00:00:00+00:00,126.9006955415
2019-06-18 00:00:00+00:00,129.1072488475
2019-06-19 00:00:00+00:00,129.6135143247
2019-06-20 00:00:00+00:00,130.8170888552
2019-06-21 00:00:00+00:00,130.8361932128
2019-06-24 00:00:00+00:00,131.6099196968
2019-06-25 00:00:00+00:00,127.4547219127
2019-06-26 00:00:00+00:00,127.9323308534
2019-06-27 00:00:00+00:00,128.1424787873
2019-06-28 00:00:00+00:00,127.9609873899
2019-07-01 00:00:00+00:00,129.6039621459
2019-07-02 00:00:00+00:00,130.4636582391
2019-07-03 00:00:00+00:00,131.3042499747
2019-07-05 00:00:00+00:00,130.9221628222
2019-07-08 00:00:00+00:00,130.826641034
2019-07-09 00:00:00+00:00,130.3490320933
2019-07-10 00:00:00+00:00,131.6767849485
2019-07-11 00:00:00+00:00,132.2021547832
2019-07-12 00:00:00+00:00,132.6797637239
2019-07-15 00:00:00+00:00,132.6797637239
2019-07-16 00:00:00+00:00,130.9412671798
2019-07-17 00:00:00+00:00,130.1675406959
2019-07-18 00:00:00+00:00,130.3108233781
2019-07-19 00:00:00+00:00,130.5018669544
2019-07-22 00:00:00+00:00,132.2308113197
2019-07-23 00:00:00+00:00,133.0522986976
2019-07-24 00:00:00+00:00,134.418260268
2019-07-25 00:00:00+00:00,133.9119947909
2019-07-26 00:00:00+00:00,135.0104953545
2019-07-29 00:00:00+00:00,134.7143778112
2019-07-30 00:00:00+00:00,134.0648296519
2019-07-31 00:00:00+00:00,130.1675406959
2019-08-01 00:00:00+00:00,131.8773807035
2019-08-02 00:00:00+00:00,130.7693279611
2019-08-05 00:00:00+00:00,126.2893560975
2019-08-06 00:00:00+00:00,128.6582964433
2019-08-07 00:00:00+00:00,129.2218749933
2019-08-08 00:00:00+00:00,132.6702115451
2019-08-09 00:00:00+00:00,131.5430544451
2019-08-12 00:00:00+00:00,129.7090361128
2019-08-13 00:00:00+00:00,132.3931983595
2019-08-14 00:00:00+00:00,128.4194919729
2019-08-15 00:00:00+00:00,128.1319427298
2019-08-16 00:00:00+00:00,130.4802615486
2019-08-19 00:00:00+00:00,132.6656357962
2019-08-20 00:00:00+00:00,131.5633636976
2019-08-21 00:00:00+00:00,133.0298648375
2019-08-22 00:00:00+00:00,132.0617823857
2019-08-23 00:00:00+00:00,127.8539784615
2019-08-26 00:00:00+00:00,129.8284832642
2019-08-27 00:00:00+00:00,130.1064475325
2019-08-28 00:00:00+00:00,129.9339179867
2019-08-29 00:00:00+00:00,132.3876715279
2019-08-30 00:00:00+00:00,132.1384621838
2019-09-03 00:00:00+00:00,130.3939967756
2019-09-04 00:00:00+00:00,131.9180077641
2019-09-05 00:00:00+00:00,134.2375716585
2019-09-06 00:00:00+00:00,133.3269990554
2019-09-09 00:00:00+00:00,131.8125730416
2019-09-10 00:00:00+00:00,130.4323366747
2019-09-11 00:00:00+00:00,130.4706765738
2019-09-12 00:00:00+00:00,131.8125730416
2019-09-13 00:00:00+00:00,131.6208735462
2019-09-16 00:00:00+00:00,130.671961044
2019-09-17 00:00:00+00:00,131.6879683696
2019-09-18 00:00:00+00:00,132.7710705187
2019-09-19 00:00:00+00:00,135.2152390851
2019-09-20 00:00:00+00:00,133.6528881975
2019-09-23 00:00:00+00:00,133.3653389544
2019-09-24 00:00:00+00:00,131.6783833949
2019-09-25 00:00:00+00:00,133.5762083994
2019-09-26 00:00:00+00:00,133.7487379452
2019-09-27 00:00:00+00:00,132.0138575118
2019-09-30 00:00:00+00:00,133.259904232
2019-10-01 00:00:00+00:00,131.381249177
2019-10-02 00:00:00+00:00,129.0616852826
2019-10-03 00:00:00+00:00,130.6240361701
2019-10-04 00:00:00+00:00,132.3876715279
2019-10-07 00:00:00+00:00,131.4291740508
2019-10-08 00:00:00+00:00,130.0393527091
2019-10-09 00:00:00+00:00,132.5026912251
2019-10-10 00:00:00+00:00,133.3269990554
2019-10-11 00:00:00+00:00,133.882927592
2019-10-14 00:00:00+00:00,133.75832292
2019-10-15 00:00:00+00:00,135.6944878236
2019-10-16 00:00:00+00:00,134.5826307503
2019-10-17 00:00:00+00:00,133.8925125668
2019-10-18 00:00:00+00:00,131.7071383192
2019-10-21 00:00:00+00:00,132.6848057457
2019-10-22 00:00:00+00:00,130.710300943
2019-10-23 00:00:00+00:00,131.5441937481
2019-10-24 00:00:00+00:00,134.1321369361
2019-10-25 00:00:00+00:00,134.8893499429
2019-10-28 00:00:00+00:00,138.2057512135
2019-10-29 00:00:00+00:00,136.9021946447
2019-10-30 00:00:00+00:00,138.6083201538
2019-10-31 00:00:00+00:00,137.4197832823
2019-11-01 00:00:00+00:00,137.7552573992
2019-11-04 00:00:00+00:00,138.5508103052
2019-11-05 00:00:00+00:00,138.4645455323
2019-11-06 00:00:00+00:00,138.0811465414
2019-11-07 00:00:00+00:00,138.2728460368
2019-11-08 00:00:00+00:00,139.9022917478
2019-11-11 00:00:00+00:00,140.0460663694
2019-11-12 00:00:00+00:00,140.9662239473
2019-11-13 00:00:00+00:00,141.1962633418
2019-11-14 00:00:00+00:00,141.9151364496
2019-11-15 00:00:00+00:00,143.7458666307
2019-11-18 00:00:00+00:00,144.1005106972
2019-11-19 00:00:00+00:00,144.1484355711
2019-11-20 00:00:00+00:00,143.899226227
2019-11-21 00:00:00+00:00,143.7645791767
2019-11-22 00:00:00+00:00,143.8703732877
2019-11-25 00:00:00+00:00,145.4476673059
2019-11-26 00:00:00+00:00,146.2170790222
2019-11-27 00:00:00+00:00,146.4959907693
2019-11-29 00:00:00+00:00,145.5919320027
2019-12-02 00:00:00+00:00,143.8319027019
2019-12-03 00:00:00+00:00,143.601079187
2019-12-04 00:00:00+00:00,144.1204320954
2019-12-05 00:00:00+00:00,144.1973732671
2019-12-06 00:00:00+00:00,145.9477849215
2019-12-09 00:00:00+00:00,145.5726967098
2019-12-10 00:00:00+00:00,145.3514908414
2019-12-11 00:00:00+00:00,145.8996966892
2019-12-12 00:00:00+00:00,147.3808142429
2019-12-13 00:00:00+00:00,148.6214906354
2019-12-16 00:00:00+00:00,149.5832552806
2019-12-17 00:00:00+00:00,148.7753729786
2019-12-18 00:00:00+00:00,148.4676082921
2019-12-19 00:00:00+00:00,149.7563729168
2019-12-20 00:00:00+00:00,151.3913728138
2019-12-23 00:00:00+00:00,151.3913728138
2019-12-24 00:00:00+00:00,151.3625198744
2019-12-26 00:00:00+00:00,152.6031962668
2019-12-27 00:00:00+00:00,152.882108014
2019-12-30 00:00:00+00:00,151.5644904499
2019-12-31 00:00:00+00:00,151.6702845609
2020-01-02 00:00:00+00:00,154.4786373251
2020-01-03 00:00:00+00:00,152.5551080346
2020-01-06 00:00:00+00:00,152.9494315391
2020-01-07 00:00:00+00:00,151.5548728035
2020-01-08 00:00:00+00:00,153.9689020631
2020-01-09 00:00:00+00:00,155.8924313537
2020-01-10 00:00:00+00:00,155.1711078697
2020-01-13 00:00:00+00:00,157.0369312816
2020-01-14 00:00:00+00:00,155.9309019395
2020-01-15 00:00:00+00:00,156.940754817
2020-01-16 00:00:00+00:00,159.8164311064
2020-01-17 00:00:00+00:00,160.7108722266
2020-01-21 00:00:00+00:00,160.1338134394
2020-01-22 00:00:00+00:00,159.3644017232
2020-01-23 00:00:00+00:00,160.3454016613
2020-01-24 00:00:00+00:00,158.7296370573
2020-01-27 00:00:00+00:00,156.0751666363
2020-01-28 00:00:00+00:00,159.1335782083
2020-01-29 00:00:00+00:00,161.6149309931
2020-01-30 00:00:00+00:00,166.1736954118
2020-01-31 00:00:00+00:00,163.7211955663
2020-02-03 00:00:00+00:00,167.7125188442
2020-02-04 00:00:00+00:00,173.2330479081
2020-02-05 00:00:00+00:00,173.0214596862
2020-02-06 00:00:00+00:00,176.6088418131
2020-02-07 00:00:00+00:00,176.8589006208
2020-02-10 00:00:00+00:00,181.4849885646
2020-02-11 00:00:00+00:00,177.3878711757
2020-02-12 00:00:00+00:00,177.64754763
2020-02-13 00:00:00+00:00,176.6857829847
2020-02-14 00:00:00+00:00,178.2630770029
2020-02-18 00:00:00+00:00,180.0711945361
2020-02-19 00:00:00+00:00,180.6097827374
2020-02-20 00:00:00+00:00,177.8516453035
2020-02-21 00:00:00+00:00,172.2292882266
2020-02-24 00:00:00+00:00,164.8035335967
2020-02-25 00:00:00+00:00,162.0839715115
2020-02-26 00:00:00+00:00,164.1091773197
2020-02-27 00:00:00+00:00,152.5462165389
2020-02-28 00:00:00+00:00,156.2398061795
2020-03-02 00:00:00+00:00,166.6358626613
2020-03-03 00:00:00+00:00,158.6507654749
2020-03-04 00:00:00+00:00,164.4756431326
2020-03-05 00:00:00+00:00,160.3480808188
2020-03-06 00:00:00+00:00,155.8154773435
2020-03-09 00:00:00+00:00,145.2554756296
2020-03-10 00:00:00+00:00,155.1886279267
2020-03-11 00:00:00+00:00,148.1582706213
2020-03-12 00:00:00+00:00,134.1071998476
2020-03-13 00:00:00+00:00,153.1730659557
2020-03-16 00:00:00+00:00,130.5968431135
2020-03-17 00:00:00+00:00,141.349721571
2020-03-18 00:00:00+00:00,135.39947403
2020-03-19 00:00:00+00:00,137.6272004189
2020-03-20 00:00:00+00:00,132.4581036896
2020-03-23 00:00:00+00:00,131.1368979957
2020-03-24 00:00:00+00:00,143.0566807522
2020-03-25 00:00:00+00:00,141.6872558724
2020-03-26 00:00:00+00:00,150.5499422423
2020-03-27 00:00:00+00:00,144.3682426089
2020-03-30 00:00:00+00:00,154.5232031611
2020-03-31 00:00:00+00:00,152.0929561914
2020-04-01 00:00:00+00:00,146.6924073697
2020-04-02 00:00:00+00:00,149.7302160819
2020-04-03 00:00:00+00:00,148.3511473649
2020-04-06 00:00:00+00:00,159.3836971007
2020-04-07 00:00:00+00:00,157.6670940823
2020-04-08 00:00:00+00:00,159.2486833801
2020-04-09 00:00:00+00:00,159.2583272173
2020-04-13 00:00:00+00:00,159.615149193
2020-04-14 00:00:00+00:00,167.5134518448
2020-04-15 00:00:00+00:00,165.7582734777
2020-04-16 00:00:00+00:00,170.7344934634
2020-04-17 00:00:00+00:00,172.2389320638
2020-04-20 00:00:00+00:00,168.8250137015
2020-04-21 00:00:00+00:00,161.842875582
2020-04-22 00:00:00+00:00,167.3398627755
2020-04-23 00:00:00+00:00,165.3146569674
2020-04-24 00:00:00+00:00,168.3331780052
2020-04-27 00:00:00+00:00,167.8509861461
2020-04-28 00:00:00+00:00,163.7619991811
2020-04-29 00:00:00+00:00,171.1106031135
2020-04-30 00:00:00+00:00,172.8272061319
2020-05-01 00:00:00+00:00,168.3524656796
2020-05-04 00:00:00+00:00,172.4703841561
2020-05-05 00:00:00+00:00,174.322000895
2020-05-06 00:00:00+00:00,176.0386039133
2020-05-07 00:00:00+00:00,177.0608506546
2020-05-08 00:00:00+00:00,178.1023850702
2020-05-11 00:00:00+00:00,180.0890155296
2020-05-12 00:00:00+00:00,176.0096724018
2020-05-13 00:00:00+00:00,173.3479733397
2020-05-14 00:00:00+00:00,174.1001926398
2020-05-15 00:00:00+00:00,176.6365218186
2020-05-18 00:00:00+00:00,178.3241933254
2020-05-19 00:00:00+00:00,177.0897821661
2020-05-20 00:00:00+00:00,179.5393168103
2020-05-21 00:00:00+00:00,177.3828335802
2020-05-22 00:00:00+00:00,177.4601962073
2020-05-26 00:00:00+00:00,175.5841525005
2020-05-27 00:00:00+00:00,175.8162403817
2020-05-28 00:00:00+00:00,175.4197569179
2020-05-29 00:00:00+00:00,177.2087676693
2020-06-01 00:00:00+00:00,176.8026138771
2020-06-02 00:00:00+00:00,178.8140421813
2020-06-03 00:00:00+00:00,179.2492069587
2020-06-04 00:00:00+00:00,176.8896468326
2020-06-05 00:00:00+00:00,181.0285473817
2020-06-08 00:00:00+00:00,182.1503054744
2020-06-09 00:00:00+00:00,183.542832762
2020-06-10 00:00:00+00:00,190.3507439456
2020-06-11 00:00:00+00:00,180.1292068418
2020-06-12 00:00:00+00:00,181.5507451145
2020-06-15 00:00:00+00:00,182.7111845208
2020-06-16 00:00:00+00:00,187.1885465634
2020-06-17 00:00:00+00:00,187.8364585653
2020-06-18 00:00:00+00:00,189.8478868695
2020-06-19 00:00:00+00:00,188.7164584484
2020-06-22 00:00:00+00:00,193.9577764335
2020-06-23 00:00:00+00:00,195.2536004371
2020-06-24 00:00:00+00:00,191.3177767841
2020-06-25 00:00:00+00:00,193.7353588806
2020-06-26 00:00:00+00:00,189.8575571979
2020-06-29 00:00:00+00:00,191.8979964873
2020-06-30 00:00:00+00:00,196.8008529789
2020-07-01 00:00:00+00:00,197.9516220568
2020-07-02 00:00:00+00:00,199.460193285
2020-07-06 00:00:00+00:00,203.7538190882
2020-07-07 00:00:00+00:00,201.3845886337
2020-07-08 00:00:00+00:00,205.8135990344
2020-07-09 00:00:00+00:00,207.2544779639
2020-07-10 00:00:00+00:00,206.6259066188
2020-07-13 00:00:00+00:00,200.2434898842
2020-07-14 00:00:00+00:00,201.4812919176
2020-07-15 00:00:00+00:00,201.1815117376
2020-07-16 00:00:00+00:00,197.1973364427
2020-07-17 00:00:00+00:00,196.1916222906
2020-07-20 00:00:00+00:00,204.624148643
2020-07-21 00:00:00+00:00,201.868105053
2020-07-22 00:00:00+00:00,204.7692035687
2020-07-23 00:00:00+00:00,195.8628311255
2020-07-24 00:00:00+00:00,194.6637104056
2020-07-27 00:00:00+00:00,197.129644144
2020-07-28 00:00:00+00:00,195.3599740494
2020-07-29 00:00:00+00:00,197.3327210401
2020-07-30 00:00:00+00:00,197.1779957859
2020-07-31 00:00:00+00:00,198.2514022367
2020-08-03 00:00:00+00:00,209.4012908655
2020-08-04 00:00:00+00:00,206.2584341402
2020-08-05 00:00:00+00:00,205.9199726467
2020-08-06 00:00:00+00:00,209.2175546262
2020-08-07 00:00:00+00:00,205.4751375409
2020-08-10 00:00:00+00:00,201.3845886337
2020-08-11 00:00:00+00:00,196.6751387099
2020-08-12 00:00:00+00:00,202.293599502
2020-08-13 00:00:00+00:00,201.8197534111
2020-08-14 00:00:00+00:00,202.0131599788
2020-08-17 00:00:00+00:00,203.347665296
2020-08-18 00:00:00+00:00,204.5177750307
2020-08-19 00:00:00+00:00,203.2799729973
2020-08-20 00:00:00+00:00,208.0105703661
2020-08-21 00:00:00+00:00,206.4983302236
2020-08-24 00:00:00+00:00,207.1478179771
2020-08-25 00:00:00+00:00,209.8427074618
2020-08-26 00:00:00+00:00,214.3794278892
2020-08-27 00:00:00+00:00,219.6431868466
2020-08-28 00:00:00+00:00,221.9018532133
2020-08-31 00:00:00+00:00,218.6253329046
2020-09-01 00:00:00+00:00,220.3120622943
2020-09-02 00:00:00+00:00,224.5579673097
2020-09-03 00:00:00+00:00,210.6472967683
2020-09-04 00:00:00+00:00,207.6906734129
2020-09-08 00:00:00+00:00,196.4555046621
2020-09-09 00:00:00+00:00,204.821294681
2020-09-10 00:00:00+00:00,199.0825372173
2020-09-11 00:00:00+00:00,197.7835617103
2020-09-14 00:00:00+00:00,199.1213126056
2020-09-15 00:00:00+00:00,202.3881390672
2020-09-16 00:00:00+00:00,198.7723341111
2020-09-17 00:00:00+00:00,196.6978508388
2020-09-18 00:00:00+00:00,194.2550013779
2020-09-21 00:00:00+00:00,196.3391784973
2020-09-22 00:00:00+00:00,201.069775866
2020-09-23 00:00:00+00:00,194.4488783192
2020-09-24 00:00:00+00:00,196.9692785567
2020-09-25 00:00:00+00:00,201.4575297487
2020-09-28 00:00:00+00:00,203.0279329736
2020-09-29 00:00:00+00:00,200.914674313
2020-09-30 00:00:00+00:00,203.8906853626
2020-10-01 00:00:00+00:00,205.9554747879
2020-10-02 00:00:00+00:00,199.8774326768
2020-10-05 00:00:00+00:00,203.9391545979
2020-10-06 00:00:00+00:00,199.6060049589
2020-10-07 00:00:00+00:00,203.4059930092
2020-10-08 00:00:00+00:00,204.1330315392
2020-10-09 00:00:00+00:00,209.2029135553
2020-10-12 00:00:00+00:00,214.6217740659
2020-10-13 00:00:00+00:00,216.0370757377
2020-10-14 00:00:00+00:00,214.0983063242
2020-10-15 00:00:00+00:00,212.9350446762
2020-10-16 00:00:00+00:00,212.9350446762
2020-10-19 00:00:00+00:00,207.6615918717
2020-10-20 00:00:00+00:00,208.0784272956
2020-10-21 00:00:00+00:00,208.2238350016
2020-10-22 00:00:00+00:00,208.3110796252
2020-10-23 00:00:00+00:00,209.6100551322
2020-10-26 00:00:00+00:00,203.6483391859
2020-10-27 00:00:00+00:00,206.7212887062
2020-10-28 00:00:00+00:00,196.4748923562
2020-10-29 00:00:00+00:00,198.4524371579
2020-10-30 00:00:00+00:00,196.2713215678
2020-11-02 00:00:00+00:00,196.1356077089
2020-11-03 00:00:00+00:00,200.1100850064
2020-11-04 00:00:00+00:00,209.7651566852
2020-11-05 00:00:00+00:00,216.4539111615
2020-11-06 00:00:00+00:00,216.8707465854
2020-11-09 00:00:00+00:00,211.7039260987
2020-11-10 00:00:00+00:00,204.5498669631
2020-11-11 00:00:00+00:00,209.9202582383
2020-11-12 00:00:00+00:00,208.8442412139
2020-11-13 00:00:00+00:00,209.88148285
2020-11-16 00:00:00+00:00,210.5794398389
2020-11-17 00:00:00+00:00,207.8942442013
2020-11-18 00:00:00+00:00,205.1605793284
2020-11-19 00:00:00+00:00,206.4630010467
2020-11-20 00:00:00+00:00,204.4899293391
2020-11-23 00:00:00+00:00,204.2177815173
2020-11-24 00:00:00+00:00,207.8626184156
2020-11-25 00:00:00+00:00,207.8723379807
2020-11-27 00:00:00+00:00,209.1941988291
2020-11-30 00:00:00+00:00,208.0667292819
2020-12-01 00:00:00+00:00,210.1467162052
2020-12-02 00:00:00+00:00,209.33027274
2020-12-03 00:00:00+00:00,208.2319618879
2020-12-04 00:00:00+00:00,208.3485966687
2020-12-07 00:00:00+00:00,208.2805597133
2020-12-08 00:00:00+00:00,209.9523249039
2020-12-09 00:00:00+00:00,205.8603880128
2020-12-10 00:00:00+00:00,204.6162836849
2020-12-11 00:00:00+00:00,207.2794445119
2020-12-14 00:00:00+00:00,208.1930836277
2020-12-15 00:00:00+00:00,208.1250466723
2020-12-16 00:00:00+00:00,213.1306226792
2020-12-17 00:00:00+00:00,213.2666965901
2020-12-18 00:00:00+00:00,212.4599726899
2020-12-21 00:00:00+00:00,216.3477987147
2020-12-22 00:00:00+00:00,217.6599399981
2020-12-23 00:00:00+00:00,214.821827
2020-12-24 00:00:00+00:00,216.5033117557
2020-12-28 00:00:00+00:00,218.6513356344
2020-12-29 00:00:00+00:00,217.8640508644
2020-12-30 00:00:00+00:00,215.4633182941
2020-12-31 00:00:00+00:00,216.1825661087
2021-01-04 00:00:00+00:00,211.5852118343
2021-01-05 00:00:00+00:00,211.7893227006
2021-01-06 00:00:00+00:00,206.2977684406
2021-01-07 00:00:00+00:00,212.1683857381
2021-01-08 00:00:00+00:00,213.4610878913
2021-01-11 00:00:00+00:00,211.3908205331
2021-01-12 00:00:00+00:00,208.9026118772
2021-01-13 00:00:00+00:00,210.273070551
2021-01-14 00:00:00+00:00,207.0461749504
2021-01-15 00:00:00+00:00,206.6865510431
2021-01-19 00:00:00+00:00,210.3702662016
2021-01-20 00:00:00+00:00,218.0487226006
2021-01-21 00:00:00+00:00,218.6610551995
2021-01-22 00:00:00+00:00,219.6135725755
2021-01-25 00:00:00+00:00,223.0931768677
2021-01-26 00:00:00+00:00,225.8146550851
2021-01-27 00:00:00+00:00,226.3686702936
2021-01-28 00:00:00+00:00,232.229568026
2021-01-29 00:00:00+00:00,225.4550311778
2021-02-01 00:00:00+00:00,232.9293767104
2021-02-02 00:00:00+00:00,232.7933027996
2021-02-03 00:00:00+00:00,236.1854310062
2021-02-04 00:00:00+00:00,235.2231940651
2021-02-05 00:00:00+00:00,235.4078658013
2021-02-08 00:00:00+00:00,235.6702940579
2021-02-09 00:00:00+00:00,236.933837516
2021-02-10 00:00:00+00:00,236.0104788351
2021-02-11 00:00:00+00:00,237.6336462004
2021-02-12 00:00:00+00:00,238.1196244535
2021-02-16 00:00:00+00:00,236.8658005606
2021-02-17 00:00:00+00:00,237.8960744571
2021-02-18 00:00:00+00:00,237.4966584435
2021-02-19 00:00:00+00:00,234.7494556181
2021-02-22 00:00:00+00:00,228.45621794
2021-02-23 00:00:00+00:00,227.2482280451
2021-02-24 00:00:00+00:00,228.4951853559
2021-02-25 00:00:00+00:00,223.078714537
2021-02-26 00:00:00+00:00,226.3812030399
2021-03-01 00:00:00+00:00,230.8234884597
2021-03-02 00:00:00+00:00,227.8327392846
2021-03-03 00:00:00+00:00,221.6856294163
2021-03-04 00:00:00+00:00,220.8770555351
2021-03-05 00:00:00+00:00,225.6213384286
2021-03-08 00:00:00+00:00,221.5200178985
2021-03-09 00:00:00+00:00,227.7450625986
2021-03-10 00:00:00+00:00,226.4201704559
2021-03-11 00:00:00+00:00,231.0085836856
2021-03-12 00:00:00+00:00,229.6642078348
2021-03-15 00:00:00+00:00,228.7484735597
2021-03-16 00:00:00+00:00,231.573611217
2021-03-17 00:00:00+00:00,230.9209069997
2021-03-18 00:00:00+00:00,224.7640552774
2021-03-19 00:00:00+00:00,224.4036066798
2021-03-22 00:00:00+00:00,229.8980123306
2021-03-23 00:00:00+00:00,231.4469671152
2021-03-24 00:00:00+00:00,229.3816940691
2021-03-25 00:00:00+00:00,226.3422356239
2021-03-26 00:00:00+00:00,230.3753631762
2021-03-29 00:00:00+00:00,229.1673732813
2021-03-30 00:00:00+00:00,225.8648847784
2021-03-31 00:00:00+00:00,229.6836915428
2021-04-01 00:00:00+00:00,236.0938314688
2021-04-05 00:00:00+00:00,242.6403573507
2021-04-06 00:00:00+00:00,241.4615930178
2021-04-07 00:00:00+00:00,243.4489312319
2021-04-08 00:00:00+00:00,246.7124523189
2021-04-09 00:00:00+00:00,249.2453343565
2021-04-12 00:00:00+00:00,249.3037854804
2021-04-13 00:00:00+00:00,251.8171838101
2021-04-14 00:00:00+00:00,248.9920461527
2021-04-15 00:00:00+00:00,252.8011110632
2021-04-16 00:00:00+00:00,254.009100958
2021-04-19 00:00:00+00:00,252.0607301599
2021-04-20 00:00:00+00:00,251.5931211683
2021-04-21 00:00:00+00:00,253.8532312942
2021-04-22 00:00:00+00:00,250.5312590833
2021-04-23 00:00:00+00:00,254.4085169717
2021-04-26 00:00:00+00:00,254.7981911313
2021-04-27 00:00:00+00:00,255.2073489989
2021-04-28 00:00:00+00:00,247.9886351917
2021-04-29 00:00:00+00:00,245.9915551235
2021-04-30 00:00:00+00:00,245.6700739418
2021-05-03 00:00:00+00:00,245.3583346141
2021-05-04 00:00:00+00:00,241.3934000398
2021-05-05 00:00:00+00:00,240.1074753131
2021-05-06 00:00:00+00:00,243.2833197141
2021-05-07 00:00:00+00:00,245.9428458536
2021-05-10 00:00:00+00:00,240.7991469464
2021-05-11 00:00:00+00:00,239.8736708173
2021-05-12 00:00:00+00:00,232.8303103819
2021-05-13 00:00:00+00:00,236.7562775402
2021-05-14 00:00:00+00:00,241.7441067835
2021-05-17 00:00:00+00:00,238.8507761482
2021-05-18 00:00:00+00:00,236.8049868101
2021-05-19 00:00:00+00:00,237.3894980496
2021-05-20 00:00:00+00:00,240.6703005893
2021-05-21 00:00:00+00:00,239.3911781705
2021-05-24 00:00:00+00:00,244.8689466966
2021-05-25 00:00:00+00:00,245.7867902643
2021-05-26 00:00:00+00:00,245.562211519
2021-05-27 00:00:00+00:00,243.4335955855
2021-05-28 00:00:00+00:00,243.7948744366
2021-06-01 00:00:00+00:00,241.5686155704
2021-06-02 00:00:00+00:00,241.4709726376
2021-06-03 00:00:00+00:00,239.9184500073
2021-06-04 00:00:00+00:00,244.8787109899
2021-06-07 00:00:00+00:00,247.8275275583
2021-06-08 00:00:00+00:00,246.6167551924
2021-06-09 00:00:00+00:00,247.6127131063
2021-06-10 00:00:00+00:00,251.1766801509
2021-06-11 00:00:00+00:00,251.8113592136
2021-06-14 00:00:00+00:00,253.7642178682
2021-06-15 00:00:00+00:00,252.2702809974
2021-06-16 00:00:00+00:00,251.3133802567
2021-06-17 00:00:00+00:00,254.7504114887
2021-06-18 00:00:00+00:00,253.3150603776
2021-06-21 00:00:00+00:00,256.4396342249
2021-06-22 00:00:00+00:00,259.2517506875
2021-06-23 00:00:00+00:00,259.0222897956
2021-06-24 00:00:00+00:00,260.4039372937
2021-06-25 00:00:00+00:00,258.7733003171
2021-06-28 00:00:00+00:00,262.3860888281
2021-06-29 00:00:00+00:00,265.0029194252
2021-06-30 00:00:00+00:00,264.5147047616
2021-07-01 00:00:00+00:00,265.1982052907
2021-07-02 00:00:00+00:00,271.1056027208
2021-07-06 00:00:00+00:00,271.115367014
2021-07-07 00:00:00+00:00,273.331861587
2021-07-08 00:00:00+00:00,270.8810239755
2021-07-09 00:00:00+00:00,271.3887672257
2021-07-12 00:00:00+00:00,270.7833810428
2021-07-13 00:00:00+00:00,274.3571123806
2021-07-14 00:00:00+00:00,275.8510492514
2021-07-15 00:00:00+00:00,274.405933847
2021-07-16 00:00:00+00:00,274.1325336353
2021-07-19 00:00:00+00:00,270.4806879513
2021-07-20 00:00:00+00:00,272.7362396973
2021-07-21 00:00:00+00:00,274.7672126981
2021-07-22 00:00:00+00:00,279.3954877094
2021-07-23 00:00:00+00:00,282.8422832347
2021-07-26 00:00:00+00:00,282.2368970518
2021-07-27 00:00:00+00:00,279.7860594403
2021-07-28 00:00:00+00:00,279.4736020556
2021-07-29 00:00:00+00:00,279.7470022672
2021-07-30 00:00:00+00:00,278.1944796368
2021-08-02 00:00:00+00:00,278.1066009974
2021-08-03 00:00:00+00:00,280.3523884501
2021-08-04 00:00:00+00:00,279.7567665605
2021-08-05 00:00:00+00:00,282.6958188356
2021-08-06 00:00:00+00:00,282.637233076
2021-08-09 00:00:00+00:00,281.5338679362
2021-08-10 00:00:00+00:00,279.6884165076
2021-08-11 00:00:00+00:00,280.1863954645
2021-08-12 00:00:00+00:00,282.9789833405
2021-08-13 00:00:00+00:00,285.9473284955
2021-08-16 00:00:00+00:00,287.6560798182
2021-08-17 00:00:00+00:00,286.1719072408
2021-08-18 00:00:00+00:00,284.4240987449
2021-08-19 00:00:00+00:00,290.333091819
2021-08-20 00:00:00+00:00,297.758465566
2021-08-23 00:00:00+00:00,298.0421754984
2021-08-24 00:00:00+00:00,296.0562059718
2021-08-25 00:00:00+00:00,295.4594368038
2021-08-26 00:00:00+00:00,292.6027712779
2021-08-27 00:00:00+00:00,293.2191066482
2021-08-30 00:00:00+00:00,297.0051667801
2021-08-31 00:00:00+00:00,295.3322564892
2021-09-01 00:00:00+00:00,295.2833409837
2021-09-02 00:00:00+00:00,294.6180901078
2021-09-03 00:00:00+00:00,294.6083070067
2021-09-07 00:00:00+00:00,293.6691292995
2021-09-08 00:00:00+00:00,293.6984786029
2021-09-09 00:00:00+00:00,290.8026806725
2021-09-10 00:00:00+00:00,289.2960831007
2021-09-13 00:00:00+00:00,290.5483200435
2021-09-14 00:00:00+00:00,293.287588356
2021-09-15 00:00:00+00:00,298.2084882173
2021-09-16 00:00:00+00:00,298.599812262
2021-09-17 00:00:00+00:00,293.3658531649
2021-09-20 00:00:00+00:00,287.9166658433
2021-09-21 00:00:00+00:00,288.4058208991
2021-09-22 00:00:00+00:00,292.103833121
2021-09-23 00:00:00+00:00,293.0625770303
2021-09-24 00:00:00+00:00,292.8571319069
2021-09-27 00:00:00+00:00,287.7894855288
2021-09-28 00:00:00+00:00,277.3704828403
2021-09-29 00:00:00+00:00,277.8400716939
2021-09-30 00:00:00+00:00,275.8051866617
2021-10-01 00:00:00+00:00,282.829453263
2021-10-04 00:00:00+00:00,276.9693756946
2021-10-05 00:00:00+00:00,282.4968278251
2021-10-06 00:00:00+00:00,286.7524768105
2021-10-07 00:00:00+00:00,288.4547364047
2021-10-08 00:00:00+00:00,288.4547364047
2021-10-11 00:00:00+00:00,287.8481841355
2021-10-12 00:00:00+00:00,286.5274654849
2021-10-13 00:00:00+00:00,289.8830691676
2021-10-14 00:00:00+00:00,296.1833862863
2021-10-15 00:00:00+00:00,297.6117190493
2021-10-18 00:00:00+00:00,300.624914193
2021-10-19 00:00:00+00:00,301.5445256979
2021-10-20 00:00:00+00:00,300.7423114064
2021-10-21 00:00:00+00:00,304.0196502802
2021-10-22 00:00:00+00:00,302.4543541017
2021-10-25 00:00:00+00:00,301.4466946867
2021-10-26 00:00:00+00:00,303.3837487077
2021-10-27 00:00:00+00:00,316.1604787652
2021-10-28 00:00:00+00:00,317.3148846969
2021-10-29 00:00:00+00:00,324.4271992082
2021-11-01 00:00:00+00:00,322.2260014571
2021-11-02 00:00:00+00:00,325.9044474767
2021-11-03 00:00:00+00:00,326.7555772738
2021-11-04 00:00:00+00:00,329.1426539461
2021-11-05 00:00:00+00:00,328.7708961037
2021-11-08 00:00:00+00:00,329.6807245075
2021-11-09 00:00:00+00:00,328.6632819914
2021-11-10 00:00:00+00:00,323.6249849167
2021-11-11 00:00:00+00:00,325.2196303986
2021-11-12 00:00:00+00:00,329.4165807773
2021-11-15 00:00:00+00:00,328.7806792048
2021-11-16 00:00:00+00:00,332.1460659887
2021-11-17 00:00:00+00:00,332.3710773144
2021-11-18 00:00:00+00:00,334.4782895585
2021-11-19 00:00:00+00:00,336.2816712
2021-11-22 00:00:00+00:00,333.0669474043
2021-11-23 00:00:00+00:00,330.9597351602
2021-11-24 00:00:00+00:00,331.1851578653
2021-11-26 00:00:00+00:00,323.1189454146
2021-11-29 00:00:00+00:00,329.930631506
2021-11-30 00:00:00+00:00,324.0108352481
2021-12-01 00:00:00+00:00,323.5109849019
2021-12-02 00:00:00+00:00,322.9327266581
2021-12-03 00:00:00+00:00,316.5816869642
2021-12-06 00:00:00+00:00,319.6984008881
2021-12-07 00:00:00+00:00,328.2546626979
2021-12-08 00:00:00+00:00,328.3036676338
2021-12-09 00:00:00+00:00,326.4708830308
2021-12-10 00:00:00+00:00,335.7230149306
2021-12-13 00:00:00+00:00,332.6455049554
2021-12-14 00:00:00+00:00,321.8056131322
2021-12-15 00:00:00+00:00,327.990036044
2021-12-16 00:00:00+00:00,318.4340735416
2021-12-17 00:00:00+00:00,317.3559649516
2021-12-20 00:00:00+00:00,313.5433809378
2021-12-21 00:00:00+00:00,320.7765094781
2021-12-22 00:00:00+00:00,326.5688929026
2021-12-23 00:00:00+00:00,328.0292399927
2021-12-27 00:00:00+00:00,335.6348060459
2021-12-28 00:00:00+00:00,334.4586875841
2021-12-29 00:00:00+00:00,335.1447566868
2021-12-30 00:00:00+00:00,332.567097058
2021-12-31 00:00:00+00:00,329.6268009034
2022-01-03 00:00:00+00:00,328.0880459158
2022-01-04 00:00:00+00:00,322.4622792734
2022-01-05 00:00:00+00:00,310.0836324626
2022-01-06 00:00:00+00:00,307.6333856671
2022-01-07 00:00:00+00:00,307.790201462
2022-01-10 00:00:00+00:00,308.0156241672
2022-01-11 00:00:00+00:00,308.7114942571
2022-01-12 00:00:00+00:00,311.93601904
2022-01-13 00:00:00+00:00,298.7340893059
2022-01-14 00:00:00+00:00,304.0266223842
2022-01-18 00:00:00+00:00,296.6268770618
2022-01-19 00:00:00+00:00,297.2933441901
2022-01-20 00:00:00+00:00,295.5977734077
2022-01-21 00:00:00+00:00,290.1386235473
2022-01-24 00:00:00+00:00,290.4718571115
2022-01-25 00:00:00+00:00,282.7486792121
2022-01-26 00:00:00+00:00,290.8050906757
2022-01-27 00:00:00+00:00,293.8727996636
2022-01-28 00:00:00+00:00,302.1252308709
2022-01-31 00:00:00+00:00,304.7910993843
2022-02-01 00:00:00+00:00,302.6152802299
2022-02-02 00:00:00+00:00,307.2217442055
2022-02-03 00:00:00+00:00,295.2547388563
2022-02-04 00:00:00+00:00,299.8514018446
2022-02-07 00:00:00+00:00,294.9607092408
2022-02-08 00:00:00+00:00,298.4988656135
2022-02-09 00:00:00+00:00,305.0165220895
2022-02-10 00:00:00+00:00,296.3622504079
2022-02-11 00:00:00+00:00,289.1683258163
2022-02-14 00:00:00+00:00,289.1291218676
2022-02-15 00:00:00+00:00,294.4902618561
2022-02-16 00:00:00+00:00,294.1472273047
2022-02-17 00:00:00+00:00,285.5339679276
2022-02-18 00:00:00+00:00,282.7840105438
2022-02-22 00:00:00+00:00,282.57776374
2022-02-23 00:00:00+00:00,275.2609128437
2022-02-24 00:00:00+00:00,289.3249806067
2022-02-25 00:00:00+00:00,291.9963677795
2022-02-28 00:00:00+00:00,293.4499166824
2022-03-01 00:00:00+00:00,289.678546556
2022-03-02 00:00:00+00:00,294.8248953743
2022-03-03 00:00:00+00:00,290.631210364
2022-03-04 00:00:00+00:00,284.6795168833
2022-03-07 00:00:00+00:00,273.9252192573
2022-03-08 00:00:00+00:00,270.9199086879
2022-03-09 00:00:00+00:00,283.3438232969
2022-03-10 00:00:00+00:00,280.485831873
2022-03-11 00:00:00+00:00,275.0644873163
2022-03-14 00:00:00+00:00,271.4993639937
2022-03-15 00:00:00+00:00,282.0179509868
2022-03-16 00:00:00+00:00,289.1285550793
2022-03-17 00:00:00+00:00,289.943721018
2022-03-18 00:00:00+00:00,295.0606060072
2022-03-21 00:00:00+00:00,293.8133039081
2022-03-22 00:00:00+00:00,298.6257293298
2022-03-23 00:00:00+00:00,294.1374060284
2022-03-24 00:00:00+00:00,298.6650144353
2022-03-25 00:00:00+00:00,298.2525208277
2022-03-28 00:00:00+00:00,305.14705684
2022-03-29 00:00:00+00:00,309.7728780106
2022-03-30 00:00:00+00:00,308.2505801732
2022-03-31 00:00:00+00:00,302.7997717874
2022-04-01 00:00:00+00:00,303.8899334646
2022-04-04 00:00:00+00:00,309.3407418503
2022-04-05 00:00:00+00:00,305.3238398147
2022-04-06 00:00:00+00:00,294.1472273047
2022-04-07 00:00:00+00:00,295.9838059861
2022-04-08 00:00:00+00:00,291.6624443829
2022-04-11 00:00:00+00:00,280.1617297528
2022-04-12 00:00:00+00:00,277.0189213141
2022-04-13 00:00:00+00:00,282.4795509763
2022-04-14 00:00:00+00:00,274.8287766834
2022-04-18 00:00:00+00:00,275.506444753
2022-04-19 00:00:00+00:00,280.2010148582
2022-04-20 00:00:00+00:00,281.2420701535
2022-04-21 00:00:00+00:00,275.7912617678
2022-04-22 00:00:00+00:00,269.1324363884
2022-04-25 00:00:00+00:00,275.7028702804
2022-04-26 00:00:00+00:00,265.3905300911
2022-04-27 00:00:00+00:00,278.1581893731
2022-04-28 00:00:00+00:00,284.4536275268
2022-04-29 00:00:00+00:00,272.5600618418
2022-05-02 00:00:00+00:00,279.3858489195
2022-05-03 00:00:00+00:00,276.7439255757
2022-05-04 00:00:00+00:00,284.7973721998
2022-05-05 00:00:00+00:00,272.3931001435
2022-05-06 00:00:00+00:00,269.8199257343
2022-05-09 00:00:00+00:00,259.851330218
2022-05-10 00:00:00+00:00,264.6833981924
2022-05-11 00:00:00+00:00,255.8933558406
2022-05-12 00:00:00+00:00,250.7862921278
2022-05-13 00:00:00+00:00,256.4531685937
2022-05-16 00:00:00+00:00,256.8263770958
2022-05-17 00:00:00+00:00,262.051296125
2022-05-18 00:00:00+00:00,250.1479091637
2022-05-19 00:00:00+00:00,249.2224564141
2022-05-20 00:00:00+00:00,248.6514323771
2022-05-23 00:00:00+00:00,256.6162331687
2022-05-24 00:00:00+00:00,255.602173241
2022-05-25 00:00:00+00:00,258.4572934259
2022-05-26 00:00:00+00:00,261.7849852276
2022-05-27 00:00:00+00:00,269.0113928679
2022-05-31 00:00:00+00:00,267.6625947116
2022-06-01 00:00:00+00:00,268.2040830225
2022-06-02 00:00:00+00:00,270.3306552982
2022-06-03 00:00:00+00:00,265.8412249385
2022-06-06 00:00:00+00:00,264.5908792024
2022-06-07 00:00:00+00:00,268.2828449587
2022-06-08 00:00:00+00:00,266.2251893772
2022-06-09 00:00:00+00:00,260.6921633637
2022-06-10 00:00:00+00:00,249.0747777838
2022-06-13 00:00:00+00:00,238.5108330998
2022-06-14 00:00:00+00:00,240.7063220695
2022-06-15 00:00:00+00:00,247.8638130158
2022-06-16 00:00:00+00:00,241.1788936863
2022-06-17 00:00:00+00:00,243.8174185468
2022-06-21 00:00:00+00:00,249.8131709351
2022-06-22 00:00:00+00:00,249.2126111721
2022-06-23 00:00:00+00:00,254.8539348477
2022-06-24 00:00:00+00:00,263.5571287906
2022-06-27 00:00:00+00:00,260.7906157839
2022-06-28 00:00:00+00:00,252.5107672477
2022-06-29 00:00:00+00:00,256.2322687301
2022-06-30 00:00:00+00:00,252.8553507183
2022-07-01 00:00:00+00:00,255.5627922729
2022-07-05 00:00:00+00:00,258.7821864124
2022-07-06 00:00:00+00:00,262.0901877301
2022-07-07 00:00:00+00:00,264.2462957318
2022-07-08 00:00:00+00:00,263.5177478225
2022-07-11 00:00:00+00:00,260.4164965872
2022-07-12 00:00:00+00:00,249.744254241
2022-07-13 00:00:00+00:00,248.8089562494
2022-07-14 00:00:00+00:00,250.1479091637
2022-07-15 00:00:00+00:00,252.7470530561
2022-07-18 00:00:00+00:00,250.315278278
2022-07-19 00:00:00+00:00,255.5135660628
2022-07-20 00:00:00+00:00,258.2111623755
2022-07-21 00:00:00+00:00,260.7413895738
2022-07-22 00:00:00+00:00,256.3307211502
2022-07-25 00:00:00+00:00,254.8243991217
2022-07-26 00:00:00+00:00,248.001646404
2022-07-27 00:00:00+00:00,264.5810339603
2022-07-28 00:00:00+00:00,272.1323345873
2022-07-29 00:00:00+00:00,276.3953243805
2022-08-01 00:00:00+00:00,273.7075733099
2022-08-02 00:00:00+00:00,270.5669411066
2022-08-03 00:00:00+00:00,278.0985512495
2022-08-04 00:00:00+00:00,279.2602898074
2022-08-05 00:00:00+00:00,278.5317418982
2022-08-08 00:00:00+00:00,275.9818242158
2022-08-09 00:00:00+00:00,277.9311821352
2022-08-10 00:00:00+00:00,284.6850181587
2022-08-11 00:00:00+00:00,282.5781363671
2022-08-12 00:00:00+00:00,287.3924597133
2022-08-15 00:00:00+00:00,288.928317468
2022-08-16 00:00:00+00:00,288.1800790747
2022-08-17 00:00:00+00:00,287.4219954394
2022-08-18 00:00:00+00:00,286.2873830037
2022-08-19 00:00:00+00:00,282.3211725765
2022-08-22 00:00:00+00:00,274.0335686987
2022-08-23 00:00:00+00:00,272.7410971415
2022-08-24 00:00:00+00:00,272.0997944605
2022-08-25 00:00:00+00:00,275.1188501588
2022-08-26 00:00:00+00:00,264.5028242391
2022-08-29 00:00:00+00:00,261.6810924426
2022-08-30 00:00:00+00:00,259.4513323517
2022-08-31 00:00:00+00:00,257.9714030878
2022-09-01 00:00:00+00:00,256.9157202129
2022-09-02 00:00:00+00:00,252.6337915427
2022-09-06 00:00:00+00:00,249.8613907216
2022-09-07 00:00:00+00:00,254.6366291465
2022-09-08 00:00:00+00:00,255.0608755355
2022-09-09 00:00:00+00:00,260.9213954205
2022-09-12 00:00:00+00:00,263.0820921458
2022-09-13 00:00:00+00:00,248.61825014
2022-09-14 00:00:00+00:00,248.8451726271
2022-09-15 00:00:00+00:00,242.0966951837
2022-09-16 00:00:00+00:00,241.4652586978
2022-09-19 00:00:00+00:00,241.2482024057
2022-09-20 00:00:00+00:00,239.2059000216
2022-09-21 00:00:00+00:00,235.7527317391
2022-09-22 00:00:00+00:00,237.7555693429
2022-09-23 00:00:00+00:00,234.7365136446
2022-09-26 00:00:00+00:00,234.2728024752
2022-09-27 00:00:00+00:00,233.2467181856
2022-09-28 00:00:00+00:00,237.8443650988
2022-09-29 00:00:00+00:00,234.3221334507
2022-09-30 00:00:00+00:00,229.7836837081
2022-10-03 00:00:00+00:00,237.5187806607
2022-10-04 00:00:00+00:00,245.5498634661
2022-10-05 00:00:00+00:00,245.8655817091
2022-10-06 00:00:00+00:00,243.4878286918
2022-10-07 00:00:00+00:00,231.1057538505
2022-10-10 00:00:00+00:00,226.1825224992
2022-10-11 00:00:00+00:00,222.3939035837
2022-10-12 00:00:00+00:00,222.7293542168
2022-10-13 00:00:00+00:00,231.1057538505
2022-10-14 00:00:00+00:00,225.5017550379
2022-10-17 00:00:00+00:00,234.351732036
2022-10-18 00:00:00+00:00,235.30875296
2022-10-19 00:00:00+00:00,233.3157815512
2022-10-20 00:00:00+00:00,232.9901971132
2022-10-21 00:00:00+00:00,238.8803155835
2022-10-24 00:00:00+00:00,243.941673666
2022-10-25 00:00:00+00:00,247.3060461926
2022-10-26 00:00:00+00:00,228.2248248834
2022-10-27 00:00:00+00:00,223.7159737261
2022-10-28 00:00:00+00:00,232.7139436506
2022-10-31 00:00:00+00:00,229.0239866859
2022-11-01 00:00:00+00:00,225.1169734292
2022-11-02 00:00:00+00:00,217.1549539895
2022-11-03 00:00:00+00:00,211.3832298603
2022-11-04 00:00:00+00:00,218.4276931564
2022-11-07 00:00:00+00:00,224.8209875765
2022-11-08 00:00:00+00:00,225.8076070857
2022-11-09 00:00:00+00:00,221.5059460253
2022-11-10 00:00:00+00:00,239.7288083615
2022-11-11 00:00:00+00:00,243.8035469347
2022-11-14 00:00:00+00:00,238.3179424632
2022-11-15 00:00:00+00:00,238.7323226571
2022-11-16 00:00:00+00:00,239.1664352412
2022-11-17 00:00:00+00:00,239.1169654949
2022-11-18 00:00:00+00:00,238.6618438294
2022-11-21 00:00:00+00:00,239.4830416172
2022-11-22 00:00:00+00:00,242.431438494
2022-11-23 00:00:00+00:00,244.9543955529
2022-11-25 00:00:00+00:00,244.8653500097
2022-11-28 00:00:00+00:00,239.1961170889
2022-11-29 00:00:00+00:00,237.7812823461
2022-11-30 00:00:00+00:00,252.4342211866
2022-12-01 00:00:00+00:00,251.9889934703
2022-12-02 00:00:00+00:00,252.3154937956
2022-12-05 00:00:00+00:00,247.5466102567
2022-12-06 00:00:00+00:00,242.5204840372
2022-12-07 00:00:00+00:00,241.7784378434
2022-12-08 00:00:00+00:00,244.7763044664
2022-12-09 00:00:00+00:00,242.8173025148
2022-12-12 00:00:00+00:00,249.8321125336
2022-12-13 00:00:00+00:00,254.1953441533
2022-12-14 00:00:00+00:00,254.4921626308
2022-12-15 00:00:00+00:00,246.3692302958
2022-12-16 00:00:00+00:00,242.0950442194
2022-12-19 00:00:00+00:00,237.9000097371
2022-12-20 00:00:00+00:00,239.2356928859
2022-12-21 00:00:00+00:00,241.8378015389
2022-12-22 00:00:00+00:00,235.6639772064
2022-12-23 00:00:00+00:00,236.1982504659
2022-12-27 00:00:00+00:00,234.4470214485
2022-12-28 00:00:00+00:00,232.0427917806
2022-12-29 00:00:00+00:00,238.4540708951
2022-12-30 00:00:00+00:00,237.2766909343
symbol,MSFT
date,"Index([2013-01-02 00:00:00+00:00, 2013-01-03 00:00:00+00:00,
       2013-01-04 00:00:00+00:00, 2013-01-07 00:00:00+00:00,
       2013-01-08 00:00:00+00:00, 2013-01-09 00:00:00+00:00,
       2013-01-10 00:00:00+00:00, 2013-01-11 00:00:00+00:00,
       2013-01-14 00:00:00+00:00, 2013-01-15 00:00:00+00:00,
       ...
       2022-12-19 00:00:00+00:00, 2022-12-20 00:00:00+00:00,
       2022-12-21 00:00:00+00:00, 2022-12-22 00:00:00+00:00,
       2022-12-23 00:00:00+00:00, 2022-12-27 00:00:00+00:00,
       2022-12-28 00:00:00+00:00, 2022-12-29 00:00:00+00:00,
       2022-12-30 00:00:00+00:00,                  'symbol'],
      dtype='object', name='date', length=2519)"
