date,adjClose
2013-01-02 00:00:00+00:00,16.1632642657
2013-01-03 00:00:00+00:00,16.1258348618
2013-01-04 00:00:00+00:00,16.1944554357
2013-01-07 00:00:00+00:00,16.2069319037
2013-01-08 00:00:00+00:00,16.2318848396
2013-01-09 00:00:00+00:00,16.5126053691
2013-01-10 00:00:00+00:00,16.6935141548
2013-01-11 00:00:00+00:00,16.5437965391
2013-01-14 00:00:00+00:00,16.6810376868
2013-01-15 00:00:00+00:00,16.606178879
2013-01-16 00:00:00+00:00,16.599940645
2013-01-17 00:00:00+00:00,16.7371817927
2013-01-18 00:00:00+00:00,16.5562730071
2013-01-22 00:00:00+00:00,16.6436082829
2013-01-23 00:00:00+00:00,16.6248935809
2013-01-24 00:00:00+00:00,16.7496582607
2013-01-25 00:00:00+00:00,16.8432317706
2013-01-28 00:00:00+00:00,16.7434200267
2013-01-29 00:00:00+00:00,17.2799081498
2013-01-30 00:00:00+00:00,17.3110993197
2013-01-31 00:00:00+00:00,17.1663682095
2013-02-01 00:00:00+00:00,17.3866112034
2013-02-04 00:00:00+00:00,17.0971489828
2013-02-05 00:00:00+00:00,17.3110993197
2013-02-06 00:00:00+00:00,17.1915388373
2013-02-07 00:00:00+00:00,16.9650031865
2013-02-08 00:00:00+00:00,16.9146619307
2013-02-11 00:00:00+00:00,17.0782710119
2013-02-12 00:00:00+00:00,16.9838811574
2013-02-13 00:00:00+00:00,16.9901738144
2013-02-14 00:00:00+00:00,17.0279297562
2013-02-15 00:00:00+00:00,17.1726608664
2013-02-19 00:00:00+00:00,17.4369524591
2013-02-20 00:00:00+00:00,17.3488552615
2013-02-21 00:00:00+00:00,17.2481727501
2013-02-22 00:00:00+00:00,17.2292947791
2013-02-25 00:00:00+00:00,16.8894913029
2013-02-26 00:00:00+00:00,17.0090517853
2013-02-27 00:00:00+00:00,17.2481727501
2013-02-28 00:00:00+00:00,17.2230021222
2013-03-01 00:00:00+00:00,17.2355874361
2013-03-04 00:00:00+00:00,17.4243671452
2013-03-05 00:00:00+00:00,17.66348811
2013-03-06 00:00:00+00:00,17.6949513948
2013-03-07 00:00:00+00:00,17.7893412493
2013-03-08 00:00:00+00:00,17.7389999936
2013-03-11 00:00:00+00:00,17.7767559354
2013-03-12 00:00:00+00:00,17.5816835694
2013-03-13 00:00:00+00:00,17.6320248251
2013-03-14 00:00:00+00:00,17.6886587378
2013-03-15 00:00:00+00:00,17.6320248251
2013-03-18 00:00:00+00:00,17.6446101391
2013-03-19 00:00:00+00:00,17.6131468542
2013-03-20 00:00:00+00:00,17.8019265633
2013-03-21 00:00:00+00:00,17.6886587378
2013-03-22 00:00:00+00:00,17.858560476
2013-03-25 00:00:00+00:00,17.7201220227
2013-03-26 00:00:00+00:00,17.9969989293
2013-03-27 00:00:00+00:00,18.0221695572
2013-03-28 00:00:00+00:00,18.1606080105
2013-04-01 00:00:00+00:00,18.1480226965
2013-04-02 00:00:00+00:00,18.3934363183
2013-04-03 00:00:00+00:00,18.2675831789
2013-04-04 00:00:00+00:00,18.3493877195
2013-04-05 00:00:00+00:00,18.3116317777
2013-04-08 00:00:00+00:00,18.3493877195
2013-04-09 00:00:00+00:00,18.3179244347
2013-04-10 00:00:00+00:00,18.8276296491
2013-04-11 00:00:00+00:00,19.2807009508
2013-04-12 00:00:00+00:00,19.2995789217
2013-04-15 00:00:00+00:00,19.1611404684
2013-04-16 00:00:00+00:00,19.4694806599
2013-04-17 00:00:00+00:00,19.4254320611
2013-04-18 00:00:00+00:00,19.249237666
2013-04-19 00:00:00+00:00,19.5449925435
2013-04-22 00:00:00+00:00,19.4631880029
2013-04-23 00:00:00+00:00,19.5575778574
2013-04-24 00:00:00+00:00,19.2555303229
2013-04-25 00:00:00+00:00,19.041579986
2013-04-26 00:00:00+00:00,18.9346048176
2013-04-29 00:00:00+00:00,19.1485551545
2013-04-30 00:00:00+00:00,18.2927538068
2013-05-01 00:00:00+00:00,18.1857786383
2013-05-02 00:00:00+00:00,18.4186069462
2013-05-03 00:00:00+00:00,18.2235345801
2013-05-06 00:00:00+00:00,18.0725108129
2013-05-07 00:00:00+00:00,18.2675831789
2013-05-08 00:00:00+00:00,18.2298272371
2013-05-09 00:00:00+00:00,18.1473393311
2013-05-10 00:00:00+00:00,18.2234820136
2013-05-13 00:00:00+00:00,18.6359215438
2013-05-14 00:00:00+00:00,18.6549572144
2013-05-15 00:00:00+00:00,18.7564807911
2013-05-16 00:00:00+00:00,18.5597788613
2013-05-17 00:00:00+00:00,18.3757673786
2013-05-20 00:00:00+00:00,18.2107915665
2013-05-21 00:00:00+00:00,18.2615533548
2013-05-22 00:00:00+00:00,18.591504979
2013-05-23 00:00:00+00:00,18.4709457317
2013-05-24 00:00:00+00:00,18.4265291669
2013-05-28 00:00:00+00:00,18.4074934963
2013-05-29 00:00:00+00:00,17.9442921777
2013-05-30 00:00:00+00:00,17.9252565071
2013-05-31 00:00:00+00:00,17.2780437058
2013-06-03 00:00:00+00:00,17.60799533
2013-06-04 00:00:00+00:00,17.5508883181
2013-06-05 00:00:00+00:00,17.4366742943
2013-06-06 00:00:00+00:00,17.8364233775
2013-06-07 00:00:00+00:00,17.9316017306
2013-06-10 00:00:00+00:00,18.0013991896
2013-06-11 00:00:00+00:00,18.0331253073
2013-06-12 00:00:00+00:00,18.0394705308
2013-06-13 00:00:00+00:00,18.4519100611
2013-06-14 00:00:00+00:00,18.4582552846
2013-06-17 00:00:00+00:00,18.5026718494
2013-06-18 00:00:00+00:00,18.6549572144
2013-06-19 00:00:00+00:00,18.4646005082
2013-06-20 00:00:00+00:00,18.1695476135
2013-06-21 00:00:00+00:00,18.0585062015
2013-06-24 00:00:00+00:00,17.5826144358
2013-06-25 00:00:00+00:00,17.760280695
2013-06-26 00:00:00+00:00,17.8300781539
2013-06-27 00:00:00+00:00,17.8808399423
2013-06-28 00:00:00+00:00,17.7729711421
2013-07-01 00:00:00+00:00,17.6270310006
2013-07-02 00:00:00+00:00,17.5762692122
2013-07-03 00:00:00+00:00,17.5445430945
2013-07-05 00:00:00+00:00,17.7475902479
2013-07-08 00:00:00+00:00,17.8491138246
2013-07-09 00:00:00+00:00,17.9887087425
2013-07-10 00:00:00+00:00,18.0458157544
2013-07-11 00:00:00+00:00,18.2552081313
2013-07-12 00:00:00+00:00,18.2805890254
2013-07-15 00:00:00+00:00,18.2678985784
2013-07-16 00:00:00+00:00,18.1981011194
2013-07-17 00:00:00+00:00,18.1981011194
2013-07-18 00:00:00+00:00,18.0775418721
2013-07-19 00:00:00+00:00,18.4582552846
2013-07-22 00:00:00+00:00,18.6232310967
2013-07-23 00:00:00+00:00,18.6676476615
2013-07-24 00:00:00+00:00,18.5788145319
2013-07-25 00:00:00+00:00,18.5217075201
2013-07-26 00:00:00+00:00,18.6359215438
2013-07-29 00:00:00+00:00,18.743790344
2013-07-30 00:00:00+00:00,18.8262782501
2013-07-31 00:00:00+00:00,18.6993737792
2013-08-01 00:00:00+00:00,18.6226059088
2013-08-02 00:00:00+00:00,18.7889362948
2013-08-05 00:00:00+00:00,18.6737844891
2013-08-06 00:00:00+00:00,18.7697443272
2013-08-07 00:00:00+00:00,18.7185657469
2013-08-08 00:00:00+00:00,18.6354005539
2013-08-09 00:00:00+00:00,18.6865791342
2013-08-12 00:00:00+00:00,18.6737844891
2013-08-13 00:00:00+00:00,18.7249630694
2013-08-14 00:00:00+00:00,18.5714273285
2013-08-15 00:00:00+00:00,18.4242889101
2013-08-16 00:00:00+00:00,18.1492040409
2013-08-19 00:00:00+00:00,18.2067799438
2013-08-20 00:00:00+00:00,18.2515612016
2013-08-21 00:00:00+00:00,18.066038848
2013-08-22 00:00:00+00:00,18.0148602676
2013-08-23 00:00:00+00:00,18.1300120733
2013-08-26 00:00:00+00:00,17.9252977521
2013-08-27 00:00:00+00:00,17.9093044458
2013-08-28 00:00:00+00:00,18.0468468803
2013-08-29 00:00:00+00:00,17.9764763324
2013-08-30 00:00:00+00:00,18.0468468803
2013-09-03 00:00:00+00:00,17.9189004296
2013-09-04 00:00:00+00:00,18.1492040409
2013-09-05 00:00:00+00:00,18.0852308156
2013-09-06 00:00:00+00:00,18.0916281381
2013-09-09 00:00:00+00:00,18.1044227832
2013-09-10 00:00:00+00:00,18.2003826213
2013-09-11 00:00:00+00:00,18.3411237171
2013-09-12 00:00:00+00:00,18.1108201057
2013-09-13 00:00:00+00:00,18.2387665565
2013-09-16 00:00:00+00:00,18.3667130072
2013-09-17 00:00:00+00:00,18.3219317495
2013-09-18 00:00:00+00:00,18.577824651
2013-09-19 00:00:00+00:00,18.4498782002
2013-09-20 00:00:00+00:00,18.5330433932
2013-09-23 00:00:00+00:00,18.4242889101
2013-09-24 00:00:00+00:00,18.3667130072
2013-09-25 00:00:00+00:00,18.2259719114
2013-09-26 00:00:00+00:00,18.245163879
2013-09-27 00:00:00+00:00,18.4754674904
2013-09-30 00:00:00+00:00,18.3763089911
2013-10-01 00:00:00+00:00,18.4818648129
2013-10-02 00:00:00+00:00,18.5586326834
2013-10-03 00:00:00+00:00,18.4050969425
2013-10-04 00:00:00+00:00,18.5522353609
2013-10-07 00:00:00+00:00,18.3091371044
2013-10-08 00:00:00+00:00,18.066038848
2013-10-09 00:00:00+00:00,18.0980254606
2013-10-10 00:00:00+00:00,18.4050969425
2013-10-11 00:00:00+00:00,18.3731103298
2013-10-14 00:00:00+00:00,18.7761416497
2013-10-15 00:00:00+00:00,18.6545925215
2013-10-16 00:00:00+00:00,19.0640211639
2013-10-17 00:00:00+00:00,19.3582980007
2013-10-18 00:00:00+00:00,19.5182310641
2013-10-21 00:00:00+00:00,19.4478605162
2013-10-22 00:00:00+00:00,19.6269855473
2013-10-23 00:00:00+00:00,19.575806967
2013-10-24 00:00:00+00:00,19.5822042895
2013-10-25 00:00:00+00:00,19.5822042895
2013-10-28 00:00:00+00:00,19.6653694825
2013-10-29 00:00:00+00:00,19.991632932
2013-10-30 00:00:00+00:00,19.7869186107
2013-10-31 00:00:00+00:00,19.6301842085
2013-11-01 00:00:00+00:00,19.9404543517
2013-11-04 00:00:00+00:00,19.9980302545
2013-11-05 00:00:00+00:00,19.9852356094
2013-11-06 00:00:00+00:00,19.9660436418
2013-11-07 00:00:00+00:00,19.9273622528
2013-11-08 00:00:00+00:00,20.1916850779
2013-11-11 00:00:00+00:00,20.1401098925
2013-11-12 00:00:00+00:00,20.2303664669
2013-11-13 00:00:00+00:00,20.5462644774
2013-11-14 00:00:00+00:00,20.6300741536
2013-11-15 00:00:00+00:00,20.7590121171
2013-11-18 00:00:00+00:00,20.6365210518
2013-11-19 00:00:00+00:00,20.4108796157
2013-11-20 00:00:00+00:00,20.5784989682
2013-11-21 00:00:00+00:00,20.6107334591
2013-11-22 00:00:00+00:00,20.7074369317
2013-11-25 00:00:00+00:00,20.720330728
2013-11-26 00:00:00+00:00,20.5591582737
2013-11-27 00:00:00+00:00,20.5527113756
2013-11-29 00:00:00+00:00,20.456007903
2013-12-02 00:00:00+00:00,20.5204768847
2013-12-03 00:00:00+00:00,20.1272160961
2013-12-04 00:00:00+00:00,20.159450587
2013-12-05 00:00:00+00:00,20.1465567907
2013-12-06 00:00:00+00:00,20.3335168377
2013-12-09 00:00:00+00:00,20.3593044304
2013-12-10 00:00:00+00:00,20.2045788742
2013-12-11 00:00:00+00:00,19.7597429003
2013-12-12 00:00:00+00:00,19.5018669733
2013-12-13 00:00:00+00:00,19.5018669733
2013-12-16 00:00:00+00:00,19.5018669733
2013-12-17 00:00:00+00:00,19.4309510934
2013-12-18 00:00:00+00:00,19.8371056783
2013-12-19 00:00:00+00:00,19.7984242893
2013-12-20 00:00:00+00:00,19.5018669733
2013-12-23 00:00:00+00:00,19.5663359551
2013-12-24 00:00:00+00:00,19.527654566
2013-12-26 00:00:00+00:00,19.6952739185
2013-12-27 00:00:00+00:00,19.7532960021
2013-12-30 00:00:00+00:00,19.785530493
2013-12-31 00:00:00+00:00,19.7468491039
2014-01-02 00:00:00+00:00,19.637251835
2014-01-03 00:00:00+00:00,19.675933224
2014-01-06 00:00:00+00:00,19.6952739185
2014-01-07 00:00:00+00:00,19.8177649838
2014-01-08 00:00:00+00:00,19.9531498455
2014-01-09 00:00:00+00:00,19.9402560491
2014-01-10 00:00:00+00:00,19.785530493
2014-01-13 00:00:00+00:00,19.6888270204
2014-01-14 00:00:00+00:00,19.9853843363
2014-01-15 00:00:00+00:00,20.1014285034
2014-01-16 00:00:00+00:00,20.0949816053
2014-01-17 00:00:00+00:00,20.0434064199
2014-01-21 00:00:00+00:00,20.1336629943
2014-01-22 00:00:00+00:00,20.159450587
2014-01-23 00:00:00+00:00,19.9918312345
2014-01-24 00:00:00+00:00,19.3987166026
2014-01-27 00:00:00+00:00,19.1214999811
2014-01-28 00:00:00+00:00,19.6114642423
2014-01-29 00:00:00+00:00,19.4116103989
2014-01-30 00:00:00+00:00,19.8693401692
2014-01-31 00:00:00+00:00,19.5985704459
2014-02-03 00:00:00+00:00,19.7275084094
2014-02-04 00:00:00+00:00,20.2690478559
2014-02-05 00:00:00+00:00,19.9273622528
2014-02-06 00:00:00+00:00,20.050892394
2014-02-07 00:00:00+00:00,20.2979526764
2014-02-10 00:00:00+00:00,20.4604923359
2014-02-11 00:00:00+00:00,20.7270573774
2014-02-12 00:00:00+00:00,20.5515145452
2014-02-13 00:00:00+00:00,20.6100288226
2014-02-14 00:00:00+00:00,20.7660668957
2014-02-18 00:00:00+00:00,20.7270573774
2014-02-19 00:00:00+00:00,20.4669939223
2014-02-20 00:00:00+00:00,20.5125050269
2014-02-21 00:00:00+00:00,20.4539907495
2014-02-24 00:00:00+00:00,20.7985748276
2014-02-25 00:00:00+00:00,20.7335589638
2014-02-26 00:00:00+00:00,20.7985748276
2014-02-27 00:00:00+00:00,20.9546129007
2014-02-28 00:00:00+00:00,20.8765938642
2014-03-03 00:00:00+00:00,20.7920732412
2014-03-04 00:00:00+00:00,21.2536858742
2014-03-05 00:00:00+00:00,21.2926953924
2014-03-06 00:00:00+00:00,21.1041493874
2014-03-07 00:00:00+00:00,21.0846446283
2014-03-10 00:00:00+00:00,21.0586382828
2014-03-11 00:00:00+00:00,21.0781430419
2014-03-12 00:00:00+00:00,20.7920732412
2014-03-13 00:00:00+00:00,20.2329368126
2014-03-14 00:00:00+00:00,20.3044542628
2014-03-17 00:00:00+00:00,20.427984404
2014-03-18 00:00:00+00:00,20.7595653093
2014-03-19 00:00:00+00:00,20.616530409
2014-03-20 00:00:00+00:00,20.7465621366
2014-03-21 00:00:00+00:00,20.9221049688
2014-03-24 00:00:00+00:00,20.4734955086
2014-03-25 00:00:00+00:00,20.6880478592
2014-03-26 00:00:00+00:00,20.9221049688
2014-03-27 00:00:00+00:00,20.8700922778
2014-03-28 00:00:00+00:00,20.7270573774
2014-03-31 00:00:00+00:00,20.8830954505
2014-04-01 00:00:00+00:00,20.7725684821
2014-04-02 00:00:00+00:00,20.993622419
2014-04-03 00:00:00+00:00,21.0651398692
2014-04-04 00:00:00+00:00,20.9091017961
2014-04-07 00:00:00+00:00,20.2849495036
2014-04-08 00:00:00+00:00,20.0703971531
2014-04-09 00:00:00+00:00,20.3044542628
2014-04-10 00:00:00+00:00,19.9013559073
2014-04-11 00:00:00+00:00,19.4137369288
2014-04-14 00:00:00+00:00,19.4202385152
2014-04-15 00:00:00+00:00,19.4332416879
2014-04-16 00:00:00+00:00,19.5632734155
2014-04-17 00:00:00+00:00,19.6672987976
2014-04-21 00:00:00+00:00,20.0638955667
2014-04-22 00:00:00+00:00,20.154917776
2014-04-23 00:00:00+00:00,20.102905085
2014-04-24 00:00:00+00:00,19.966371771
2014-04-25 00:00:00+00:00,19.9923781166
2014-04-28 00:00:00+00:00,20.8310827595
2014-04-29 00:00:00+00:00,20.6490383409
2014-04-30 00:00:00+00:00,20.3369621947
2014-05-01 00:00:00+00:00,20.2524415717
2014-05-02 00:00:00+00:00,19.9923781166
2014-05-05 00:00:00+00:00,19.4787527926
2014-05-06 00:00:00+00:00,19.1341687145
2014-05-07 00:00:00+00:00,19.0366449188
2014-05-08 00:00:00+00:00,19.1350424632
2014-05-09 00:00:00+00:00,19.0432047551
2014-05-12 00:00:00+00:00,19.108803118
2014-05-13 00:00:00+00:00,19.154721972
2014-05-14 00:00:00+00:00,19.0891236091
2014-05-15 00:00:00+00:00,19.062884264
2014-05-16 00:00:00+00:00,19.1022432817
2014-05-19 00:00:00+00:00,19.2072006624
2014-05-20 00:00:00+00:00,19.1875211535
2014-05-21 00:00:00+00:00,19.3974359148
2014-05-22 00:00:00+00:00,19.4564744415
2014-05-23 00:00:00+00:00,19.3449572245
2014-05-27 00:00:00+00:00,19.42367526
2014-05-28 00:00:00+00:00,19.42367526
2014-05-29 00:00:00+00:00,19.4171154237
2014-05-30 00:00:00+00:00,19.4367949326
2014-06-02 00:00:00+00:00,19.4892736229
2014-06-03 00:00:00+00:00,19.4105555874
2014-06-04 00:00:00+00:00,19.4433547689
2014-06-05 00:00:00+00:00,19.5220728044
2014-06-06 00:00:00+00:00,19.2990383705
2014-06-09 00:00:00+00:00,19.2531195164
2014-06-10 00:00:00+00:00,19.3515170608
2014-06-11 00:00:00+00:00,19.3055982068
2014-06-12 00:00:00+00:00,19.3187178793
2014-06-13 00:00:00+00:00,19.3711965697
2014-06-16 00:00:00+00:00,19.42367526
2014-06-17 00:00:00+00:00,19.3383973882
2014-06-18 00:00:00+00:00,19.4892736229
2014-06-19 00:00:00+00:00,19.4105555874
2014-06-20 00:00:00+00:00,19.535192477
2014-06-23 00:00:00+00:00,19.3187178793
2014-06-24 00:00:00+00:00,19.220320335
2014-06-25 00:00:00+00:00,19.5483121496
2014-06-26 00:00:00+00:00,19.4105555874
2014-06-27 00:00:00+00:00,19.4630342778
2014-06-30 00:00:00+00:00,19.4695941141
2014-07-01 00:00:00+00:00,19.7319875657
2014-07-02 00:00:00+00:00,19.9222228182
2014-07-03 00:00:00+00:00,20.0271801989
2014-07-07 00:00:00+00:00,20.0009408537
2014-07-08 00:00:00+00:00,19.7779064198
2014-07-09 00:00:00+00:00,19.7123080568
2014-07-10 00:00:00+00:00,19.6795088754
2014-07-11 00:00:00+00:00,19.7254277294
2014-07-14 00:00:00+00:00,19.8369449464
2014-07-15 00:00:00+00:00,19.9484621634
2014-07-16 00:00:00+00:00,20.3092531594
2014-07-17 00:00:00+00:00,20.0402998714
2014-07-18 00:00:00+00:00,20.1583769247
2014-07-21 00:00:00+00:00,19.9091031456
2014-07-22 00:00:00+00:00,20.0009408537
2014-07-23 00:00:00+00:00,19.9353424908
2014-07-24 00:00:00+00:00,19.9025433093
2014-07-25 00:00:00+00:00,19.8041457649
2014-07-28 00:00:00+00:00,19.7451072383
2014-07-29 00:00:00+00:00,19.5023932955
2014-07-30 00:00:00+00:00,19.3646367334
2014-07-31 00:00:00+00:00,18.9940216763
2014-08-01 00:00:00+00:00,19.0999116926
2014-08-04 00:00:00+00:00,19.0271123064
2014-08-05 00:00:00+00:00,18.8020960217
2014-08-06 00:00:00+00:00,18.7160603835
2014-08-07 00:00:00+00:00,18.557225359
2014-08-08 00:00:00+00:00,18.7557691396
2014-08-11 00:00:00+00:00,18.6962060054
2014-08-12 00:00:00+00:00,18.5836978631
2014-08-13 00:00:00+00:00,18.6697335013
2014-08-14 00:00:00+00:00,19.0138760543
2014-08-15 00:00:00+00:00,18.9543129202
2014-08-18 00:00:00+00:00,19.0866754406
2014-08-19 00:00:00+00:00,19.1528567008
2014-08-20 00:00:00+00:00,19.1197660707
2014-08-21 00:00:00+00:00,19.0734391885
2014-08-22 00:00:00+00:00,19.1396204487
2014-08-25 00:00:00+00:00,19.1330023227
2014-08-26 00:00:00+00:00,19.4572904977
2014-08-27 00:00:00+00:00,19.5168536318
2014-08-28 00:00:00+00:00,19.4440542456
2014-08-29 00:00:00+00:00,19.4506723716
2014-09-02 00:00:00+00:00,19.3646367334
2014-09-03 00:00:00+00:00,19.4572904977
2014-09-04 00:00:00+00:00,19.4374361196
2014-09-05 00:00:00+00:00,19.6227436481
2014-09-08 00:00:00+00:00,19.4572904977
2014-09-09 00:00:00+00:00,19.3447823553
2014-09-10 00:00:00+00:00,19.4837630017
2014-09-11 00:00:00+00:00,19.6095073961
2014-09-12 00:00:00+00:00,19.4771448757
2014-09-15 00:00:00+00:00,19.8014330507
2014-09-16 00:00:00+00:00,19.8874686889
2014-09-17 00:00:00+00:00,20.0860124695
2014-09-18 00:00:00+00:00,20.238229368
2014-09-19 00:00:00+00:00,20.1191030996
2014-09-22 00:00:00+00:00,19.9735043272
2014-09-23 00:00:00+00:00,19.8874686889
2014-09-24 00:00:00+00:00,20.0595399654
2014-09-25 00:00:00+00:00,19.8411418068
2014-09-26 00:00:00+00:00,19.6690705303
2014-09-29 00:00:00+00:00,19.7021611604
2014-09-30 00:00:00+00:00,19.56979864
2014-10-01 00:00:00+00:00,19.2918373472
2014-10-02 00:00:00+00:00,19.232274213
2014-10-03 00:00:00+00:00,19.3381642293
2014-10-06 00:00:00+00:00,19.3050735992
2014-10-07 00:00:00+00:00,19.0535848105
2014-10-08 00:00:00+00:00,19.4440542456
2014-10-09 00:00:00+00:00,19.1859473309
2014-10-10 00:00:00+00:00,19.2786010951
2014-10-13 00:00:00+00:00,18.8418047778
2014-10-14 00:00:00+00:00,18.8351866518
2014-10-15 00:00:00+00:00,18.6564972493
2014-10-16 00:00:00+00:00,18.3322090743
2014-10-17 00:00:00+00:00,18.4182447126
2014-10-20 00:00:00+00:00,18.4844259728
2014-10-21 00:00:00+00:00,18.7160603835
2014-10-22 00:00:00+00:00,18.7292966355
2014-10-23 00:00:00+00:00,18.9278404161
2014-10-24 00:00:00+00:00,19.2653648431
2014-10-27 00:00:00+00:00,19.2124198349
2014-10-28 00:00:00+00:00,19.2521285911
2014-10-29 00:00:00+00:00,19.5168536318
2014-10-30 00:00:00+00:00,19.7484880425
2014-10-31 00:00:00+00:00,19.8212874287
2014-11-03 00:00:00+00:00,19.9801224532
2014-11-04 00:00:00+00:00,20.0396855874
2014-11-05 00:00:00+00:00,20.0529218394
2014-11-06 00:00:00+00:00,20.0529218394
2014-11-07 00:00:00+00:00,19.9728169586
2014-11-10 00:00:00+00:00,20.1597283472
2014-11-11 00:00:00+00:00,20.2398332281
2014-11-12 00:00:00+00:00,20.3065872954
2014-11-13 00:00:00+00:00,20.3065872954
2014-11-14 00:00:00+00:00,20.2531840415
2014-11-17 00:00:00+00:00,20.2398332281
2014-11-18 00:00:00+00:00,20.42006921
2014-11-19 00:00:00+00:00,20.3199381089
2014-11-20 00:00:00+00:00,20.3199381089
2014-11-21 00:00:00+00:00,20.3266135157
2014-11-24 00:00:00+00:00,20.1730791607
2014-11-25 00:00:00+00:00,20.3399643291
2014-11-26 00:00:00+00:00,20.7605149536
2014-11-28 00:00:00+00:00,20.7938919873
2014-12-01 00:00:00+00:00,20.8673214614
2014-12-02 00:00:00+00:00,21.0742590703
2014-12-03 00:00:00+00:00,21.1944163915
2014-12-04 00:00:00+00:00,21.1410131376
2014-12-05 00:00:00+00:00,21.3546261532
2014-12-08 00:00:00+00:00,21.3412753398
2014-12-09 00:00:00+00:00,21.3279245263
2014-12-10 00:00:00+00:00,21.2678458656
2014-12-11 00:00:00+00:00,21.1276623242
2014-12-12 00:00:00+00:00,20.6603838525
2014-12-15 00:00:00+00:00,20.6003051919
2014-12-16 00:00:00+00:00,20.4734724639
2014-12-17 00:00:00+00:00,20.7738657671
2014-12-18 00:00:00+00:00,21.3412753398
2014-12-19 00:00:00+00:00,21.3212491195
2014-12-22 00:00:00+00:00,21.4213802206
2014-12-23 00:00:00+00:00,20.9941541894
2014-12-24 00:00:00+00:00,20.9741279692
2014-12-26 00:00:00+00:00,21.1276623242
2014-12-29 00:00:00+00:00,20.954101749
2014-12-30 00:00:00+00:00,20.9474263422
2014-12-31 00:00:00+00:00,20.7938919873
2015-01-02 00:00:00+00:00,20.9140493086
2015-01-05 00:00:00+00:00,20.800567394
2015-01-06 00:00:00+00:00,20.9741279692
2015-01-07 00:00:00+00:00,21.2611704589
2015-01-08 00:00:00+00:00,21.6950718968
2015-01-09 00:00:00+00:00,21.7952029979
2015-01-12 00:00:00+00:00,21.8753078788
2015-01-13 00:00:00+00:00,21.6550194564
2015-01-14 00:00:00+00:00,21.6817210834
2015-01-15 00:00:00+00:00,21.6283178295
2015-01-16 00:00:00+00:00,21.895334099
2015-01-20 00:00:00+00:00,22.0955963011
2015-01-21 00:00:00+00:00,21.7885275912
2015-01-22 00:00:00+00:00,21.9020095057
2015-01-23 00:00:00+00:00,21.6616948632
2015-01-26 00:00:00+00:00,21.895334099
2015-01-27 00:00:00+00:00,21.7618259642
2015-01-28 00:00:00+00:00,21.3279245263
2015-01-29 00:00:00+00:00,21.2478196454
2015-01-30 00:00:00+00:00,20.8606460547
2015-02-02 00:00:00+00:00,21.1276623242
2015-02-03 00:00:00+00:00,21.3746523734
2015-02-04 00:00:00+00:00,21.5949407958
2015-02-05 00:00:00+00:00,22.2144401887
2015-02-06 00:00:00+00:00,22.3356465917
2015-02-09 00:00:00+00:00,22.2683097012
2015-02-10 00:00:00+00:00,22.995548119
2015-02-11 00:00:00+00:00,23.0628850095
2015-02-12 00:00:00+00:00,23.4803737309
2015-02-13 00:00:00+00:00,23.3254988826
2015-02-17 00:00:00+00:00,23.2850967483
2015-02-18 00:00:00+00:00,23.2177598578
2015-02-19 00:00:00+00:00,23.1706240344
2015-02-20 00:00:00+00:00,23.2716293702
2015-02-23 00:00:00+00:00,23.1571566563
2015-02-24 00:00:00+00:00,23.123488211
2015-02-25 00:00:00+00:00,23.3389662607
2015-02-26 00:00:00+00:00,23.2918304374
2015-02-27 00:00:00+00:00,23.1100208329
2015-03-02 00:00:00+00:00,23.4130368403
2015-03-03 00:00:00+00:00,23.2716293702
2015-03-04 00:00:00+00:00,23.3254988826
2015-03-05 00:00:00+00:00,23.2110261687
2015-03-06 00:00:00+00:00,22.874341716
2015-03-09 00:00:00+00:00,22.9147438503
2015-03-10 00:00:00+00:00,22.746401624
2015-03-11 00:00:00+00:00,22.6453962882
2015-03-12 00:00:00+00:00,22.8945427832
2015-03-13 00:00:00+00:00,22.8945427832
2015-03-16 00:00:00+00:00,23.1908251016
2015-03-17 00:00:00+00:00,23.0090154971
2015-03-18 00:00:00+00:00,23.1504229672
2015-03-19 00:00:00+00:00,22.995548119
2015-03-20 00:00:00+00:00,23.0628850095
2015-03-23 00:00:00+00:00,23.6015801338
2015-03-24 00:00:00+00:00,23.244694614
2015-03-25 00:00:00+00:00,23.0965534548
2015-03-26 00:00:00+00:00,23.002281808
2015-03-27 00:00:00+00:00,23.251428303
2015-03-30 00:00:00+00:00,23.5679116886
2015-03-31 00:00:00+00:00,23.4265042184
2015-04-01 00:00:00+00:00,23.116754522
2015-04-02 00:00:00+00:00,23.1504229672
2015-04-06 00:00:00+00:00,23.2177598578
2015-04-07 00:00:00+00:00,23.2581619921
2015-04-08 00:00:00+00:00,23.3254988826
2015-04-09 00:00:00+00:00,23.5881127557
2015-04-10 00:00:00+00:00,23.8641940069
2015-04-13 00:00:00+00:00,23.6285148901
2015-04-14 00:00:00+00:00,23.5881127557
2015-04-15 00:00:00+00:00,23.7093191587
2015-04-16 00:00:00+00:00,23.6958517806
2015-04-17 00:00:00+00:00,23.5948464448
2015-04-20 00:00:00+00:00,23.5746453776
2015-04-21 00:00:00+00:00,23.493841109
2015-04-22 00:00:00+00:00,23.5207758652
2015-04-23 00:00:00+00:00,23.8103244945
2015-04-24 00:00:00+00:00,23.749721293
2015-04-27 00:00:00+00:00,23.2918304374
2015-04-28 00:00:00+00:00,23.2177598578
2015-04-29 00:00:00+00:00,23.0898197657
2015-04-30 00:00:00+00:00,22.8474069598
2015-05-01 00:00:00+00:00,22.9484122956
2015-05-04 00:00:00+00:00,23.1100208329
2015-05-05 00:00:00+00:00,22.9753470518
2015-05-06 00:00:00+00:00,22.7194668678
2015-05-07 00:00:00+00:00,22.8009473228
2015-05-08 00:00:00+00:00,23.0997089911
2015-05-11 00:00:00+00:00,23.0589687636
2015-05-12 00:00:00+00:00,22.9367480811
2015-05-13 00:00:00+00:00,22.7669971332
2015-05-14 00:00:00+00:00,23.0453886878
2015-05-15 00:00:00+00:00,23.0793388773
2015-05-18 00:00:00+00:00,23.0725488394
2015-05-19 00:00:00+00:00,23.2287197115
2015-05-20 00:00:00+00:00,23.2898300527
2015-05-21 00:00:00+00:00,23.3305702802
2015-05-22 00:00:00+00:00,23.2762499769
2015-05-26 00:00:00+00:00,23.1608193323
2015-05-27 00:00:00+00:00,23.2898300527
2015-05-28 00:00:00+00:00,23.3848905836
2015-05-29 00:00:00+00:00,23.595381759
2015-06-01 00:00:00+00:00,23.4663710386
2015-06-02 00:00:00+00:00,23.4188407732
2015-06-03 00:00:00+00:00,23.3645204698
2015-06-04 00:00:00+00:00,23.2490898252
2015-06-05 00:00:00+00:00,23.1472392565
2015-06-08 00:00:00+00:00,23.0725488394
2015-06-09 00:00:00+00:00,23.0929189532
2015-06-10 00:00:00+00:00,23.2966200907
2015-06-11 00:00:00+00:00,23.3984706594
2015-06-12 00:00:00+00:00,23.2287197115
2015-06-15 00:00:00+00:00,23.1132890669
2015-06-16 00:00:00+00:00,23.1132890669
2015-06-17 00:00:00+00:00,23.0725488394
2015-06-18 00:00:00+00:00,23.3373603182
2015-06-19 00:00:00+00:00,23.2083495978
2015-06-22 00:00:00+00:00,23.2966200907
2015-06-23 00:00:00+00:00,23.4256308111
2015-06-24 00:00:00+00:00,23.2422997873
2015-06-25 00:00:00+00:00,23.0997089911
2015-06-26 00:00:00+00:00,23.0318086119
2015-06-29 00:00:00+00:00,22.8077373607
2015-06-30 00:00:00+00:00,22.7669971332
2015-07-01 00:00:00+00:00,22.8756377399
2015-07-02 00:00:00+00:00,22.6583565265
2015-07-06 00:00:00+00:00,22.5768760715
2015-07-07 00:00:00+00:00,22.9027978915
2015-07-08 00:00:00+00:00,22.7126768299
2015-07-09 00:00:00+00:00,22.9910683844
2015-07-10 00:00:00+00:00,23.3305702802
2015-07-13 00:00:00+00:00,23.6429120244
2015-07-14 00:00:00+00:00,23.8194530102
2015-07-15 00:00:00+00:00,23.7515526311
2015-07-16 00:00:00+00:00,23.833033086
2015-07-17 00:00:00+00:00,23.8126629723
2015-07-20 00:00:00+00:00,23.9280936169
2015-07-21 00:00:00+00:00,23.8601932377
2015-07-22 00:00:00+00:00,23.6836522519
2015-07-23 00:00:00+00:00,23.6157518727
2015-07-24 00:00:00+00:00,23.2626699011
2015-07-27 00:00:00+00:00,23.3169902044
2015-07-28 00:00:00+00:00,24.002784034
2015-07-29 00:00:00+00:00,24.2811755885
2015-07-30 00:00:00+00:00,24.2608054748
2015-07-31 00:00:00+00:00,24.484876726
2015-08-03 00:00:00+00:00,24.5459870673
2015-08-04 00:00:00+00:00,24.5188269156
2015-08-05 00:00:00+00:00,24.5120368777
2015-08-06 00:00:00+00:00,24.0672344218
2015-08-07 00:00:00+00:00,24.0809206512
2015-08-10 00:00:00+00:00,24.1972536012
2015-08-11 00:00:00+00:00,24.0330188482
2015-08-12 00:00:00+00:00,24.2040967159
2015-08-13 00:00:00+00:00,24.1972536012
2015-08-14 00:00:00+00:00,24.1698811424
2015-08-17 00:00:00+00:00,24.2930572071
2015-08-18 00:00:00+00:00,24.3067434365
2015-08-19 00:00:00+00:00,24.1356655688
2015-08-20 00:00:00+00:00,23.64296131
2015-08-21 00:00:00+00:00,22.9518067247
2015-08-24 00:00:00+00:00,21.9869275511
2015-08-25 00:00:00+00:00,21.4463214893
2015-08-26 00:00:00+00:00,22.1922209923
2015-08-27 00:00:00+00:00,22.7601995129
2015-08-28 00:00:00+00:00,22.3496126305
2015-08-31 00:00:00+00:00,22.0485155834
2015-09-01 00:00:00+00:00,21.4600077187
2015-09-02 00:00:00+00:00,21.8774377158
2015-09-03 00:00:00+00:00,21.8226927981
2015-09-04 00:00:00+00:00,21.4668508334
2015-09-08 00:00:00+00:00,22.2606521393
2015-09-09 00:00:00+00:00,21.8705946011
2015-09-10 00:00:00+00:00,22.3222401717
2015-09-11 00:00:00+00:00,22.5617491864
2015-09-14 00:00:00+00:00,22.383828204
2015-09-15 00:00:00+00:00,22.6986114805
2015-09-16 00:00:00+00:00,22.7054545952
2015-09-17 00:00:00+00:00,22.9107480364
2015-09-18 00:00:00+00:00,22.4796318099
2015-09-21 00:00:00+00:00,22.1853778776
2015-09-22 00:00:00+00:00,22.0758880423
2015-09-23 00:00:00+00:00,22.3222401717
2015-09-24 00:00:00+00:00,22.3769850893
2015-09-25 00:00:00+00:00,21.8226927981
2015-09-28 00:00:00+00:00,21.0904795246
2015-09-29 00:00:00+00:00,21.2273418187
2015-09-30 00:00:00+00:00,21.4942232922
2015-10-01 00:00:00+00:00,21.7884772246
2015-10-02 00:00:00+00:00,22.6370234482
2015-10-05 00:00:00+00:00,22.9107480364
2015-10-06 00:00:00+00:00,22.4385731217
2015-10-07 00:00:00+00:00,22.780728857
2015-10-08 00:00:00+00:00,22.6438665629
2015-10-09 00:00:00+00:00,22.7465132835
2015-10-12 00:00:00+00:00,22.7328270541
2015-10-13 00:00:00+00:00,22.5685923011
2015-10-14 00:00:00+00:00,22.6096509893
2015-10-15 00:00:00+00:00,23.3213349188
2015-10-16 00:00:00+00:00,23.5471577041
2015-10-19 00:00:00+00:00,23.6087457365
2015-10-20 00:00:00+00:00,23.2665900011
2015-10-21 00:00:00+00:00,22.897061807
2015-10-22 00:00:00+00:00,22.8081013158
2015-10-23 00:00:00+00:00,23.3008055747
2015-10-26 00:00:00+00:00,23.3760798364
2015-10-27 00:00:00+00:00,23.9440583571
2015-10-28 00:00:00+00:00,24.2588416335
2015-10-29 00:00:00+00:00,23.7935098335
2015-10-30 00:00:00+00:00,23.1434139364
2015-11-02 00:00:00+00:00,23.99196016
2015-11-03 00:00:00+00:00,23.9303721276
2015-11-04 00:00:00+00:00,23.5540008188
2015-11-05 00:00:00+00:00,23.5609000575
2015-11-06 00:00:00+00:00,23.4091168067
2015-11-09 00:00:00+00:00,23.215938124
2015-11-10 00:00:00+00:00,23.3125274654
2015-11-11 00:00:00+00:00,23.278031272
2015-11-12 00:00:00+00:00,23.0365579186
2015-11-13 00:00:00+00:00,22.9537670545
2015-11-16 00:00:00+00:00,22.8778754292
2015-11-17 00:00:00+00:00,22.6777975077
2015-11-18 00:00:00+00:00,22.9813640092
2015-11-19 00:00:00+00:00,22.2776416649
2015-11-20 00:00:00+00:00,22.2017500395
2015-11-23 00:00:00+00:00,21.6153147526
2015-11-24 00:00:00+00:00,22.0568660274
2015-11-25 00:00:00+00:00,22.6777975077
2015-11-27 00:00:00+00:00,22.6226035984
2015-11-30 00:00:00+00:00,22.608805121
2015-12-01 00:00:00+00:00,23.195240408
2015-12-02 00:00:00+00:00,22.6984952237
2015-12-03 00:00:00+00:00,22.3466340516
2015-12-04 00:00:00+00:00,22.629502837
2015-12-07 00:00:00+00:00,22.5329134957
2015-12-08 00:00:00+00:00,22.443223393
2015-12-09 00:00:00+00:00,22.2776416649
2015-12-10 00:00:00+00:00,22.3259363356
2015-12-11 00:00:00+00:00,22.1189591755
2015-12-14 00:00:00+00:00,22.2017500395
2015-12-15 00:00:00+00:00,22.2569439489
2015-12-16 00:00:00+00:00,22.4777195863
2015-12-17 00:00:00+00:00,22.3052386196
2015-12-18 00:00:00+00:00,22.0706645048
2015-12-21 00:00:00+00:00,22.3949287223
2015-12-22 00:00:00+00:00,22.4363241543
2015-12-23 00:00:00+00:00,22.463921109
2015-12-24 00:00:00+00:00,22.505316541
2015-12-28 00:00:00+00:00,22.3673317676
2015-12-29 00:00:00+00:00,22.6502005531
2015-12-30 00:00:00+00:00,22.5950066437
2015-12-31 00:00:00+00:00,22.2707424262
2016-01-04 00:00:00+00:00,22.0430675501
2016-01-05 00:00:00+00:00,22.2017500395
2016-01-06 00:00:00+00:00,21.8084934353
2016-01-07 00:00:00+00:00,21.6636094233
2016-01-08 00:00:00+00:00,21.3876398765
2016-01-11 00:00:00+00:00,21.4359345472
2016-01-12 00:00:00+00:00,21.3876398765
2016-01-13 00:00:00+00:00,20.9529878403
2016-01-14 00:00:00+00:00,21.4635315018
2016-01-15 00:00:00+00:00,21.2565543417
2016-01-19 00:00:00+00:00,21.1737634777
2016-01-20 00:00:00+00:00,21.1530657617
2016-01-21 00:00:00+00:00,21.0978718523
2016-01-22 00:00:00+00:00,21.1875619551
2016-01-25 00:00:00+00:00,21.042677943
2016-01-26 00:00:00+00:00,21.1599650004
2016-01-27 00:00:00+00:00,21.0564764203
2016-01-28 00:00:00+00:00,20.8357007829
2016-01-29 00:00:00+00:00,21.0357787043
2016-02-01 00:00:00+00:00,20.8150030669
2016-02-02 00:00:00+00:00,20.7943053509
2016-02-03 00:00:00+00:00,20.6770182935
2016-02-04 00:00:00+00:00,20.2100953998
2016-02-05 00:00:00+00:00,20.231002395
2016-02-08 00:00:00+00:00,19.9034594696
2016-02-09 00:00:00+00:00,20.2797853839
2016-02-10 00:00:00+00:00,20.551576322
2016-02-11 00:00:00+00:00,20.3006923791
2016-02-12 00:00:00+00:00,20.4609793427
2016-02-16 00:00:00+00:00,20.7745842713
2016-02-17 00:00:00+00:00,20.6491422998
2016-02-18 00:00:00+00:00,20.5933903125
2016-02-19 00:00:00+00:00,20.551576322
2016-02-22 00:00:00+00:00,20.9418402332
2016-02-23 00:00:00+00:00,20.8791192475
2016-02-24 00:00:00+00:00,20.920933238
2016-02-25 00:00:00+00:00,21.3181661475
2016-02-26 00:00:00+00:00,21.0672822047
2016-02-29 00:00:00+00:00,20.6770182935
2016-03-01 00:00:00+00:00,20.9348712348
2016-03-02 00:00:00+00:00,20.8930572443
2016-03-03 00:00:00+00:00,20.8303362586
2016-03-04 00:00:00+00:00,20.7048942871
2016-03-07 00:00:00+00:00,20.7606462744
2016-03-08 00:00:00+00:00,20.4609793427
2016-03-09 00:00:00+00:00,20.7258012824
2016-03-10 00:00:00+00:00,20.6212663062
2016-03-11 00:00:00+00:00,21.2554451618
2016-03-14 00:00:00+00:00,20.9766852253
2016-03-15 00:00:00+00:00,20.5864213141
2016-03-16 00:00:00+00:00,20.2379713934
2016-03-17 00:00:00+00:00,20.4470413458
2016-03-18 00:00:00+00:00,20.5237003284
2016-03-21 00:00:00+00:00,20.95577823
2016-03-22 00:00:00+00:00,21.1718171809
2016-03-23 00:00:00+00:00,21.039406211
2016-03-24 00:00:00+00:00,20.9627472284
2016-03-28 00:00:00+00:00,20.753677276
2016-03-29 00:00:00+00:00,20.9418402332
2016-03-30 00:00:00+00:00,20.95577823
2016-03-31 00:00:00+00:00,20.6561112982
2016-04-01 00:00:00+00:00,20.9348712348
2016-04-04 00:00:00+00:00,21.4087631269
2016-04-05 00:00:00+00:00,21.8547790254
2016-04-06 00:00:00+00:00,22.9489117764
2016-04-07 00:00:00+00:00,22.8304388033
2016-04-08 00:00:00+00:00,22.6492448446
2016-04-11 00:00:00+00:00,22.2241359413
2016-04-12 00:00:00+00:00,22.2729189302
2016-04-13 00:00:00+00:00,22.6771208382
2016-04-14 00:00:00+00:00,22.7537798208
2016-04-15 00:00:00+00:00,22.6492448446
2016-04-18 00:00:00+00:00,22.7259038271
2016-04-19 00:00:00+00:00,22.9210357827
2016-04-20 00:00:00+00:00,23.1579817288
2016-04-21 00:00:00+00:00,23.1649507272
2016-04-22 00:00:00+00:00,23.1858577224
2016-04-25 00:00:00+00:00,23.1440437319
2016-04-26 00:00:00+00:00,23.0325397573
2016-04-27 00:00:00+00:00,22.9976947652
2016-04-28 00:00:00+00:00,22.9349737795
2016-04-29 00:00:00+00:00,22.7955938113
2016-05-02 00:00:00+00:00,22.858314797
2016-05-03 00:00:00+00:00,23.4855246542
2016-05-04 00:00:00+00:00,23.2764547018
2016-05-05 00:00:00+00:00,23.3949276748
2016-05-06 00:00:00+00:00,23.4018966732
2016-05-09 00:00:00+00:00,23.5691526352
2016-05-10 00:00:00+00:00,23.5552146383
2016-05-11 00:00:00+00:00,23.3182686923
2016-05-12 00:00:00+00:00,23.339364834
2016-05-13 00:00:00+00:00,23.339364834
2016-05-16 00:00:00+00:00,23.4729737319
2016-05-17 00:00:00+00:00,23.226852078
2016-05-18 00:00:00+00:00,23.3253007395
2016-05-19 00:00:00+00:00,23.4729737319
2016-05-20 00:00:00+00:00,23.726127433
2016-05-23 00:00:00+00:00,23.6769031022
2016-05-24 00:00:00+00:00,23.9792811341
2016-05-25 00:00:00+00:00,24.1550823154
2016-05-26 00:00:00+00:00,24.2113386935
2016-05-27 00:00:00+00:00,24.337915544
2016-05-31 00:00:00+00:00,24.4012039693
2016-06-01 00:00:00+00:00,24.4363642056
2016-06-02 00:00:00+00:00,24.5207487726
2016-06-03 00:00:00+00:00,24.3941719221
2016-06-06 00:00:00+00:00,24.5629410561
2016-06-07 00:00:00+00:00,24.4996526309
2016-06-08 00:00:00+00:00,24.7879665682
2016-06-09 00:00:00+00:00,24.8301588518
2016-06-10 00:00:00+00:00,24.8160947573
2016-06-13 00:00:00+00:00,24.4293321583
2016-06-14 00:00:00+00:00,24.6051333397
2016-06-15 00:00:00+00:00,24.4644923946
2016-06-16 00:00:00+00:00,24.4363642056
2016-06-17 00:00:00+00:00,24.0636657011
2016-06-20 00:00:00+00:00,24.2605630242
2016-06-21 00:00:00+00:00,24.4363642056
2016-06-22 00:00:00+00:00,24.2394668825
2016-06-23 00:00:00+00:00,24.3238514495
2016-06-24 00:00:00+00:00,23.8878645198
2016-06-27 00:00:00+00:00,23.7683197165
2016-06-28 00:00:00+00:00,24.2183707407
2016-06-29 00:00:00+00:00,24.6191974342
2016-06-30 00:00:00+00:00,24.7598383792
2016-07-01 00:00:00+00:00,25.0129920803
2016-07-05 00:00:00+00:00,25.1817612144
2016-07-06 00:00:00+00:00,25.2169214507
2016-07-07 00:00:00+00:00,25.1536330254
2016-07-08 00:00:00+00:00,25.3997546793
2016-07-11 00:00:00+00:00,25.420850821
2016-07-12 00:00:00+00:00,25.4841392463
2016-07-13 00:00:00+00:00,25.5333635771
2016-07-14 00:00:00+00:00,25.9623184596
2016-07-15 00:00:00+00:00,25.8568377508
2016-07-18 00:00:00+00:00,25.7654211365
2016-07-19 00:00:00+00:00,25.7654211365
2016-07-20 00:00:00+00:00,25.7935493255
2016-07-21 00:00:00+00:00,25.8146454672
2016-07-22 00:00:00+00:00,25.835741609
2016-07-25 00:00:00+00:00,25.863869798
2016-07-26 00:00:00+00:00,25.8990300343
2016-07-27 00:00:00+00:00,25.9130941288
2016-07-28 00:00:00+00:00,25.7865172782
2016-07-29 00:00:00+00:00,25.9412223178
2016-08-01 00:00:00+00:00,26.2365683024
2016-08-02 00:00:00+00:00,25.5896199551
2016-08-03 00:00:00+00:00,25.0270561749
2016-08-04 00:00:00+00:00,24.927770602
2016-08-05 00:00:00+00:00,25.1334335743
2016-08-08 00:00:00+00:00,24.7717504162
2016-08-09 00:00:00+00:00,24.8781278156
2016-08-10 00:00:00+00:00,24.9135869488
2016-08-11 00:00:00+00:00,24.927770602
2016-08-12 00:00:00+00:00,24.8072095493
2016-08-15 00:00:00+00:00,24.8994032955
2016-08-16 00:00:00+00:00,24.6724648434
2016-08-17 00:00:00+00:00,24.9206787754
2016-08-18 00:00:00+00:00,24.9561379086
2016-08-19 00:00:00+00:00,24.8072095493
2016-08-22 00:00:00+00:00,24.7079239765
2016-08-23 00:00:00+00:00,24.8852196423
2016-08-24 00:00:00+00:00,24.6937403233
2016-08-25 00:00:00+00:00,24.6582811901
2016-08-26 00:00:00+00:00,24.6937403233
2016-08-29 00:00:00+00:00,24.8994032955
2016-08-30 00:00:00+00:00,24.7362912831
2016-08-31 00:00:00+00:00,24.67955667
2016-09-01 00:00:00+00:00,24.5944547505
2016-09-02 00:00:00+00:00,24.6582811901
2016-09-06 00:00:00+00:00,24.6582811901
2016-09-07 00:00:00+00:00,24.7079239765
2016-09-08 00:00:00+00:00,24.622822057
2016-09-09 00:00:00+00:00,24.183128806
2016-09-12 00:00:00+00:00,24.5731792706
2016-09-13 00:00:00+00:00,24.1405778462
2016-09-14 00:00:00+00:00,24.0696595799
2016-09-15 00:00:00+00:00,24.2114961125
2016-09-16 00:00:00+00:00,24.0696595799
2016-09-19 00:00:00+00:00,23.8639966076
2016-09-20 00:00:00+00:00,23.9774658337
2016-09-21 00:00:00+00:00,24.3107816853
2016-09-22 00:00:00+00:00,24.2185879391
2016-09-23 00:00:00+00:00,24.296598032
2016-09-26 00:00:00+00:00,23.856904781
2016-09-27 00:00:00+00:00,23.991649487
2016-09-28 00:00:00+00:00,24.105118713
2016-09-29 00:00:00+00:00,23.6299663289
2016-09-30 00:00:00+00:00,24.0200167935
2016-10-03 00:00:00+00:00,23.8852720875
2016-10-04 00:00:00+00:00,23.9136393941
2016-10-05 00:00:00+00:00,24.0412922734
2016-10-06 00:00:00+00:00,23.8639966076
2016-10-07 00:00:00+00:00,23.800170168
2016-10-10 00:00:00+00:00,23.8356293011
2016-10-11 00:00:00+00:00,23.4952216229
2016-10-12 00:00:00+00:00,23.4526706631
2016-10-13 00:00:00+00:00,23.2328240376
2016-10-14 00:00:00+00:00,23.1619057713
2016-10-17 00:00:00+00:00,23.0484365453
2016-10-18 00:00:00+00:00,23.1831812512
2016-10-19 00:00:00+00:00,23.1193548116
2016-10-20 00:00:00+00:00,23.0768038518
2016-10-21 00:00:00+00:00,22.8214980931
2016-10-24 00:00:00+00:00,22.78603896
2016-10-25 00:00:00+00:00,22.8924163594
2016-10-26 00:00:00+00:00,22.977518279
2016-10-27 00:00:00+00:00,23.034252892
2016-10-28 00:00:00+00:00,22.6442024274
2016-10-31 00:00:00+00:00,22.4881822416
2016-11-01 00:00:00+00:00,22.0343053373
2016-11-02 00:00:00+00:00,21.7222649656
2016-11-03 00:00:00+00:00,21.197469795
2016-11-04 00:00:00+00:00,21.2754798879
2016-11-07 00:00:00+00:00,21.5449692999
2016-11-08 00:00:00+00:00,21.4882346868
2016-11-09 00:00:00+00:00,23.0067366047
2016-11-10 00:00:00+00:00,23.9880326554
2016-11-11 00:00:00+00:00,23.3433856148
2016-11-14 00:00:00+00:00,23.192967972
2016-11-15 00:00:00+00:00,23.0855267985
2016-11-16 00:00:00+00:00,22.8921326864
2016-11-17 00:00:00+00:00,22.7273895538
2016-11-18 00:00:00+00:00,22.5483209314
2016-11-21 00:00:00+00:00,22.6127856354
2016-11-22 00:00:00+00:00,22.4408797579
2016-11-23 00:00:00+00:00,22.505344462
2016-11-25 00:00:00+00:00,22.6987385742
2016-11-28 00:00:00+00:00,22.5912974008
2016-11-29 00:00:00+00:00,22.8634817068
2016-11-30 00:00:00+00:00,23.0210620945
2016-12-01 00:00:00+00:00,22.5339954416
2016-12-02 00:00:00+00:00,22.6557621048
2016-12-05 00:00:00+00:00,22.6271111252
2016-12-06 00:00:00+00:00,22.6056228905
2016-12-07 00:00:00+00:00,22.3406013294
2016-12-08 00:00:00+00:00,22.161532707
2016-12-09 00:00:00+00:00,22.7059013191
2016-12-12 00:00:00+00:00,23.2072934618
2016-12-13 00:00:00+00:00,23.5152914923
2016-12-14 00:00:00+00:00,23.5081287474
2016-12-15 00:00:00+00:00,23.4579895331
2016-12-16 00:00:00+00:00,23.5224542372
2016-12-19 00:00:00+00:00,23.5152914923
2016-12-20 00:00:00+00:00,23.5296169821
2016-12-21 00:00:00+00:00,23.2072934618
2016-12-22 00:00:00+00:00,23.1643169924
2016-12-23 00:00:00+00:00,23.2645954209
2016-12-27 00:00:00+00:00,23.3004091454
2016-12-28 00:00:00+00:00,23.1714797373
2016-12-29 00:00:00+00:00,23.2717581658
2016-12-30 00:00:00+00:00,23.2645954209
2017-01-03 00:00:00+00:00,23.6370581555
2017-01-04 00:00:00+00:00,23.8447777575
2017-01-05 00:00:00+00:00,24.0739855941
2017-01-06 00:00:00+00:00,23.9808699105
2017-01-09 00:00:00+00:00,23.9737071656
2017-01-10 00:00:00+00:00,23.9522189309
2017-01-11 00:00:00+00:00,23.5152914923
2017-01-12 00:00:00+00:00,23.3505483597
2017-01-13 00:00:00+00:00,23.2932464005
2017-01-17 00:00:00+00:00,22.9637601353
2017-01-18 00:00:00+00:00,22.9422719006
2017-01-19 00:00:00+00:00,22.7059013191
2017-01-20 00:00:00+00:00,22.7560405334
2017-01-23 00:00:00+00:00,22.5339954416
2017-01-24 00:00:00+00:00,22.3119503498
2017-01-25 00:00:00+00:00,22.4122287784
2017-01-26 00:00:00+00:00,22.4050660335
2017-01-27 00:00:00+00:00,22.505344462
2017-01-30 00:00:00+00:00,22.4265542682
2017-01-31 00:00:00+00:00,22.7273895538
2017-02-01 00:00:00+00:00,22.9136209211
2017-02-02 00:00:00+00:00,22.9570316333
2017-02-03 00:00:00+00:00,23.2174959064
2017-02-06 00:00:00+00:00,23.3187875682
2017-02-07 00:00:00+00:00,23.2102607877
2017-02-08 00:00:00+00:00,23.2536714999
2017-02-09 00:00:00+00:00,23.4273143487
2017-02-10 00:00:00+00:00,23.4056089926
2017-02-13 00:00:00+00:00,23.5937220788
2017-02-14 00:00:00+00:00,23.6950137406
2017-02-15 00:00:00+00:00,24.2448827617
2017-02-16 00:00:00+00:00,24.3244690674
2017-02-17 00:00:00+00:00,24.3244690674
2017-02-21 00:00:00+00:00,24.3244690674
2017-02-22 00:00:00+00:00,24.3027637113
2017-02-23 00:00:00+00:00,24.6428142902
2017-02-24 00:00:00+00:00,24.7875166642
2017-02-27 00:00:00+00:00,24.8019869016
2017-02-28 00:00:00+00:00,24.6862250024
2017-03-01 00:00:00+00:00,24.9032785634
2017-03-02 00:00:00+00:00,24.9683946317
2017-03-03 00:00:00+00:00,24.9756297504
2017-03-06 00:00:00+00:00,24.8526327325
2017-03-07 00:00:00+00:00,24.5921684593
2017-03-08 00:00:00+00:00,24.5342875097
2017-03-09 00:00:00+00:00,24.6355791715
2017-03-10 00:00:00+00:00,24.6789898837
2017-03-13 00:00:00+00:00,24.6789898837
2017-03-14 00:00:00+00:00,24.7585761894
2017-03-15 00:00:00+00:00,25.0552160561
2017-03-16 00:00:00+00:00,24.9105136821
2017-03-17 00:00:00+00:00,24.8309273764
2017-03-20 00:00:00+00:00,24.8743380886
2017-03-21 00:00:00+00:00,24.7802815455
2017-03-22 00:00:00+00:00,24.9394541569
2017-03-23 00:00:00+00:00,24.8092220203
2017-03-24 00:00:00+00:00,24.599403578
2017-03-27 00:00:00+00:00,24.7296357146
2017-03-28 00:00:00+00:00,24.7151654772
2017-03-29 00:00:00+00:00,24.8381624951
2017-03-30 00:00:00+00:00,24.8526327325
2017-03-31 00:00:00+00:00,24.7513410707
2017-04-03 00:00:00+00:00,24.7730464268
2017-04-04 00:00:00+00:00,24.8453976138
2017-04-05 00:00:00+00:00,24.7368708333
2017-04-06 00:00:00+00:00,24.6789898837
2017-04-07 00:00:00+00:00,24.671754765
2017-04-10 00:00:00+00:00,24.6283440528
2017-04-11 00:00:00+00:00,24.5487577471
2017-04-12 00:00:00+00:00,24.5415226284
2017-04-13 00:00:00+00:00,24.5125821536
2017-04-17 00:00:00+00:00,24.599403578
2017-04-18 00:00:00+00:00,24.4836416788
2017-04-19 00:00:00+00:00,24.3172339487
2017-04-20 00:00:00+00:00,24.4112904918
2017-04-21 00:00:00+00:00,24.3389393048
2017-04-24 00:00:00+00:00,24.4112904918
2017-04-25 00:00:00+00:00,24.4257607292
2017-04-26 00:00:00+00:00,24.4908767975
2017-04-27 00:00:00+00:00,24.4981119162
2017-04-28 00:00:00+00:00,24.5415226284
2017-05-01 00:00:00+00:00,24.4402309666
2017-05-02 00:00:00+00:00,24.3172339487
2017-05-03 00:00:00+00:00,24.2159422869
2017-05-04 00:00:00+00:00,24.2014720496
2017-05-05 00:00:00+00:00,24.2231774056
2017-05-08 00:00:00+00:00,24.2014720496
2017-05-09 00:00:00+00:00,24.1508262187
2017-05-10 00:00:00+00:00,24.1291208626
2017-05-11 00:00:00+00:00,24.1364260763
2017-05-12 00:00:00+00:00,24.1145104351
2017-05-15 00:00:00+00:00,24.1948677859
2017-05-16 00:00:00+00:00,23.8149966733
2017-05-17 00:00:00+00:00,23.5447037663
2017-05-18 00:00:00+00:00,23.5373985526
2017-05-19 00:00:00+00:00,23.7127236815
2017-05-22 00:00:00+00:00,23.4643464155
2017-05-23 00:00:00+00:00,23.4789568429
2017-05-24 00:00:00+00:00,23.4132099196
2017-05-25 00:00:00+00:00,23.4935672704
2017-05-26 00:00:00+00:00,23.4789568429
2017-05-30 00:00:00+00:00,23.4716516292
2017-05-31 00:00:00+00:00,23.8515227418
2017-06-01 00:00:00+00:00,23.895354024
2017-06-02 00:00:00+00:00,23.7711653911
2017-06-05 00:00:00+00:00,23.6323663307
2017-06-06 00:00:00+00:00,23.427820347
2017-06-07 00:00:00+00:00,23.3766838511
2017-06-08 00:00:00+00:00,23.1940535085
2017-06-09 00:00:00+00:00,23.9391853063
2017-06-12 00:00:00+00:00,23.8880488103
2017-06-13 00:00:00+00:00,23.8003862459
2017-06-14 00:00:00+00:00,23.8807435966
2017-06-15 00:00:00+00:00,23.9684061611
2017-06-16 00:00:00+00:00,24.0852895803
2017-06-19 00:00:00+00:00,24.2679199229
2017-06-20 00:00:00+00:00,24.5162971888
2017-06-21 00:00:00+00:00,24.7500640274
2017-06-22 00:00:00+00:00,24.881557874
2017-06-23 00:00:00+00:00,24.9619152248
2017-06-26 00:00:00+00:00,24.8669474466
2017-06-27 00:00:00+00:00,24.6697066766
2017-06-28 00:00:00+00:00,24.6550962492
2017-06-29 00:00:00+00:00,24.5674336848
2017-06-30 00:00:00+00:00,24.53821283
2017-07-03 00:00:00+00:00,24.7062327451
2017-07-05 00:00:00+00:00,24.5747388985
2017-07-06 00:00:00+00:00,24.2679199229
2017-07-07 00:00:00+00:00,24.3628877011
2017-07-10 00:00:00+00:00,24.4067189833
2017-07-11 00:00:00+00:00,24.2313938544
2017-07-12 00:00:00+00:00,24.2679199229
2017-07-13 00:00:00+00:00,24.3117512051
2017-07-14 00:00:00+00:00,24.4213294107
2017-07-17 00:00:00+00:00,24.289835564
2017-07-18 00:00:00+00:00,24.3701929148
2017-07-19 00:00:00+00:00,24.5601284711
2017-07-20 00:00:00+00:00,24.5016867614
2017-07-21 00:00:00+00:00,24.4578554792
2017-07-24 00:00:00+00:00,24.34097206
2017-07-25 00:00:00+00:00,24.1802573585
2017-07-26 00:00:00+00:00,24.0268478707
2017-07-27 00:00:00+00:00,24.1072052214
2017-07-28 00:00:00+00:00,24.216783427
2017-07-31 00:00:00+00:00,24.2240886407
2017-08-01 00:00:00+00:00,24.1656469311
2017-08-02 00:00:00+00:00,24.2825303503
2017-08-03 00:00:00+00:00,24.6587177889
2017-08-04 00:00:00+00:00,24.8136184989
2017-08-07 00:00:00+00:00,24.5702030975
2017-08-08 00:00:00+00:00,24.5480744246
2017-08-09 00:00:00+00:00,24.6734702375
2017-08-10 00:00:00+00:00,24.6513415646
2017-08-11 00:00:00+00:00,24.5259457518
2017-08-14 00:00:00+00:00,24.5702030975
2017-08-15 00:00:00+00:00,24.6218366675
2017-08-16 00:00:00+00:00,24.6070842189
2017-08-17 00:00:00+00:00,24.3046590232
2017-08-18 00:00:00+00:00,24.0981247432
2017-08-21 00:00:00+00:00,24.1645107617
2017-08-22 00:00:00+00:00,24.4521835089
2017-08-23 00:00:00+00:00,24.5185695275
2017-08-24 00:00:00+00:00,24.5111933032
2017-08-25 00:00:00+00:00,24.6292128918
2017-08-28 00:00:00+00:00,24.6882226861
2017-08-29 00:00:00+00:00,24.7103513589
2017-08-30 00:00:00+00:00,24.6734702375
2017-08-31 00:00:00+00:00,25.020152779
2017-09-01 00:00:00+00:00,25.0496576761
2017-09-05 00:00:00+00:00,24.9316380875
2017-09-06 00:00:00+00:00,25.071786349
2017-09-07 00:00:00+00:00,25.071786349
2017-09-08 00:00:00+00:00,25.1529248161
2017-09-11 00:00:00+00:00,25.3152017504
2017-09-12 00:00:00+00:00,26.0897053005
2017-09-13 00:00:00+00:00,25.8610423476
2017-09-14 00:00:00+00:00,26.3552493748
2017-09-15 00:00:00+00:00,26.0823290762
2017-09-18 00:00:00+00:00,26.2224773376
2017-09-19 00:00:00+00:00,26.1487150947
2017-09-20 00:00:00+00:00,26.5470312062
2017-09-21 00:00:00+00:00,26.5322787576
2017-09-22 00:00:00+00:00,26.5249025333
2017-09-25 00:00:00+00:00,26.1929724405
2017-09-26 00:00:00+00:00,26.0380717305
2017-09-27 00:00:00+00:00,26.1487150947
2017-09-28 00:00:00+00:00,26.259358459
2017-09-29 00:00:00+00:00,26.3331207019
2017-10-02 00:00:00+00:00,26.6060410005
2017-10-03 00:00:00+00:00,26.6576745705
2017-10-04 00:00:00+00:00,26.5249025333
2017-10-05 00:00:00+00:00,26.5544074305
2017-10-06 00:00:00+00:00,26.5912885519
2017-10-09 00:00:00+00:00,26.6576745705
2017-10-10 00:00:00+00:00,26.8494564019
2017-10-11 00:00:00+00:00,26.8863375234
2017-10-12 00:00:00+00:00,26.8125752805
2017-10-13 00:00:00+00:00,26.8051990562
2017-10-16 00:00:00+00:00,26.5396549819
2017-10-17 00:00:00+00:00,26.7019319162
2017-10-18 00:00:00+00:00,26.4290116176
2017-10-19 00:00:00+00:00,26.7314368134
2017-10-20 00:00:00+00:00,26.8642088505
2017-10-23 00:00:00+00:00,26.8494564019
2017-10-24 00:00:00+00:00,26.7535654862
2017-10-25 00:00:00+00:00,26.6724270191
2017-10-26 00:00:00+00:00,26.3626255991
2017-10-27 00:00:00+00:00,26.259358459
2017-10-30 00:00:00+00:00,25.9274283662
2017-10-31 00:00:00+00:00,25.8610423476
2017-11-01 00:00:00+00:00,26.0085668333
2017-11-02 00:00:00+00:00,26.156091319
2017-11-03 00:00:00+00:00,26.2224773376
2017-11-06 00:00:00+00:00,26.052824179
2017-11-07 00:00:00+00:00,26.0823290762
2017-11-08 00:00:00+00:00,26.0675766276
2017-11-09 00:00:00+00:00,26.2003486648
2017-11-10 00:00:00+00:00,26.185462103
2017-11-13 00:00:00+00:00,26.2747814735
2017-11-14 00:00:00+00:00,26.3343277204
2017-11-15 00:00:00+00:00,26.3194411587
2017-11-16 00:00:00+00:00,26.4683067761
2017-11-17 00:00:00+00:00,26.3268844396
2017-11-20 00:00:00+00:00,26.3119978778
2017-11-21 00:00:00+00:00,26.4534202144
2017-11-22 00:00:00+00:00,26.3715441248
2017-11-24 00:00:00+00:00,26.41620381
2017-11-27 00:00:00+00:00,26.41620381
2017-11-28 00:00:00+00:00,26.6841619213
2017-11-29 00:00:00+00:00,26.9521200327
2017-11-30 00:00:00+00:00,26.989336437
2017-12-01 00:00:00+00:00,27.0563259649
2017-12-04 00:00:00+00:00,26.8404708196
2017-12-05 00:00:00+00:00,26.5204097422
2017-12-06 00:00:00+00:00,26.4683067761
2017-12-07 00:00:00+00:00,26.4236470909
2017-12-08 00:00:00+00:00,26.6022858318
2017-12-11 00:00:00+00:00,26.9521200327
2017-12-12 00:00:00+00:00,27.2275214249
2017-12-13 00:00:00+00:00,27.2721811101
2017-12-14 00:00:00+00:00,27.1382020545
2017-12-15 00:00:00+00:00,27.6890048389
2017-12-18 00:00:00+00:00,27.6369018728
2017-12-19 00:00:00+00:00,27.4954795362
2017-12-20 00:00:00+00:00,27.1382020545
2017-12-21 00:00:00+00:00,26.9744498753
2017-12-22 00:00:00+00:00,26.9000170666
2017-12-26 00:00:00+00:00,26.9521200327
2017-12-27 00:00:00+00:00,27.0414394031
2017-12-28 00:00:00+00:00,27.0712125266
2017-12-29 00:00:00+00:00,26.9595633136
2018-01-02 00:00:00+00:00,27.1233154927
2018-01-03 00:00:00+00:00,27.3242840762
2018-01-04 00:00:00+00:00,27.3838303232
2018-01-05 00:00:00+00:00,27.4359332893
2018-01-08 00:00:00+00:00,27.1307587736
2018-01-09 00:00:00+00:00,27.1009856501
2018-01-10 00:00:00+00:00,27.1456453353
2018-01-11 00:00:00+00:00,27.2126348632
2018-01-12 00:00:00+00:00,27.1977483014
2018-01-16 00:00:00+00:00,27.2424079866
2018-01-17 00:00:00+00:00,27.6741182771
2018-01-18 00:00:00+00:00,27.5326959406
2018-01-19 00:00:00+00:00,27.4954795362
2018-01-22 00:00:00+00:00,27.4880362554
2018-01-23 00:00:00+00:00,27.4061601658
2018-01-24 00:00:00+00:00,27.4880362554
2018-01-25 00:00:00+00:00,27.7113346815
2018-01-26 00:00:00+00:00,29.0362386765
2018-01-29 00:00:00+00:00,29.0436819573
2018-01-30 00:00:00+00:00,28.1356016911
2018-01-31 00:00:00+00:00,27.569912345
2018-02-01 00:00:00+00:00,27.6666749963
2018-02-02 00:00:00+00:00,27.5014111217
2018-02-05 00:00:00+00:00,26.0440842281
2018-02-06 00:00:00+00:00,26.5023158802
2018-02-07 00:00:00+00:00,26.2769560513
2018-02-08 00:00:00+00:00,25.2628368212
2018-02-09 00:00:00+00:00,25.6609725189
2018-02-12 00:00:00+00:00,26.0365722338
2018-02-13 00:00:00+00:00,26.2469080741
2018-02-14 00:00:00+00:00,26.4347079315
2018-02-15 00:00:00+00:00,26.825331635
2018-02-16 00:00:00+00:00,27.2384913213
2018-02-20 00:00:00+00:00,27.0506914639
2018-02-21 00:00:00+00:00,26.8628916065
2018-02-22 00:00:00+00:00,26.8478676179
2018-02-23 00:00:00+00:00,27.2384913213
2018-02-26 00:00:00+00:00,27.861986848
2018-02-27 00:00:00+00:00,27.6441390134
2018-02-28 00:00:00+00:00,27.2760512928
2018-03-01 00:00:00+00:00,26.7652356806
2018-03-02 00:00:00+00:00,27.0056194981
2018-03-05 00:00:00+00:00,27.1333234012
2018-03-06 00:00:00+00:00,26.953035538
2018-03-07 00:00:00+00:00,26.9905955095
2018-03-08 00:00:00+00:00,27.4187791845
2018-03-09 00:00:00+00:00,27.6216030305
2018-03-12 00:00:00+00:00,27.5014111217
2018-03-13 00:00:00+00:00,27.6065790419
2018-03-14 00:00:00+00:00,27.30609927
2018-03-15 00:00:00+00:00,27.4788751388
2018-03-16 00:00:00+00:00,27.6291150248
2018-03-19 00:00:00+00:00,27.2910752814
2018-03-20 00:00:00+00:00,27.2910752814
2018-03-21 00:00:00+00:00,27.2460033156
2018-03-22 00:00:00+00:00,26.7426996977
2018-03-23 00:00:00+00:00,25.9088683308
2018-03-26 00:00:00+00:00,26.3220280171
2018-03-27 00:00:00+00:00,26.2994920342
2018-03-28 00:00:00+00:00,26.5173398688
2018-03-29 00:00:00+00:00,26.6600677605
2018-04-02 00:00:00+00:00,26.3295400114
2018-04-03 00:00:00+00:00,26.8027956521
2018-04-04 00:00:00+00:00,27.1408353955
2018-04-05 00:00:00+00:00,26.8403556236
2018-04-06 00:00:00+00:00,26.419683943
2018-04-09 00:00:00+00:00,26.6375317776
2018-04-10 00:00:00+00:00,27.0056194981
2018-04-11 00:00:00+00:00,26.8854275894
2018-04-12 00:00:00+00:00,27.2835632871
2018-04-13 00:00:00+00:00,27.2835632871
2018-04-16 00:00:00+00:00,27.4413151674
2018-04-17 00:00:00+00:00,27.2910752814
2018-04-18 00:00:00+00:00,27.4112671902
2018-04-19 00:00:00+00:00,27.4413151674
2018-04-20 00:00:00+00:00,27.5164351103
2018-04-23 00:00:00+00:00,27.6441390134
2018-04-24 00:00:00+00:00,27.8394508651
2018-04-25 00:00:00+00:00,27.5539950818
2018-04-26 00:00:00+00:00,27.6816989849
2018-04-27 00:00:00+00:00,27.7943788993
2018-04-30 00:00:00+00:00,27.5014111217
2018-05-01 00:00:00+00:00,26.5924598118
2018-05-02 00:00:00+00:00,26.2093481026
2018-05-03 00:00:00+00:00,26.1116921768
2018-05-04 00:00:00+00:00,26.1717881311
2018-05-07 00:00:00+00:00,26.2393960798
2018-05-08 00:00:00+00:00,26.2769560513
2018-05-09 00:00:00+00:00,26.419683943
2018-05-10 00:00:00+00:00,26.5774358232
2018-05-11 00:00:00+00:00,26.9263405172
2018-05-14 00:00:00+00:00,27.1993963647
2018-05-15 00:00:00+00:00,27.0704533256
2018-05-16 00:00:00+00:00,27.062868441
2018-05-17 00:00:00+00:00,27.0856230949
2018-05-18 00:00:00+00:00,27.0325289024
2018-05-21 00:00:00+00:00,27.1538870568
2018-05-22 00:00:00+00:00,27.0932079796
2018-05-23 00:00:00+00:00,27.2828300959
2018-05-24 00:00:00+00:00,27.2221510187
2018-05-25 00:00:00+00:00,27.062868441
2018-05-29 00:00:00+00:00,27.0780382103
2018-05-30 00:00:00+00:00,27.3435091731
2018-05-31 00:00:00+00:00,27.2524905573
2018-06-01 00:00:00+00:00,27.4952068662
2018-06-04 00:00:00+00:00,27.6469045592
2018-06-05 00:00:00+00:00,27.6393196746
2018-06-06 00:00:00+00:00,27.5938103667
2018-06-07 00:00:00+00:00,27.6772440978
2018-06-08 00:00:00+00:00,27.8137720216
2018-06-11 00:00:00+00:00,27.5331312894
2018-06-12 00:00:00+00:00,27.5331312894
2018-06-13 00:00:00+00:00,27.4724522122
2018-06-14 00:00:00+00:00,27.4269429043
2018-06-15 00:00:00+00:00,27.5786405974
2018-06-18 00:00:00+00:00,27.4269429043
2018-06-19 00:00:00+00:00,27.4724522122
2018-06-20 00:00:00+00:00,27.6544894439
2018-06-21 00:00:00+00:00,27.5331312894
2018-06-22 00:00:00+00:00,27.6924138671
2018-06-25 00:00:00+00:00,27.5938103667
2018-06-26 00:00:00+00:00,27.5938103667
2018-06-27 00:00:00+00:00,27.4648673276
2018-06-28 00:00:00+00:00,27.5786405974
2018-06-29 00:00:00+00:00,27.5179615201
2018-07-02 00:00:00+00:00,27.5558859434
2018-07-03 00:00:00+00:00,27.5710557127
2018-07-05 00:00:00+00:00,27.9654697146
2018-07-06 00:00:00+00:00,28.1475069463
2018-07-09 00:00:00+00:00,28.1854313696
2018-07-10 00:00:00+00:00,28.3902232552
2018-07-11 00:00:00+00:00,28.2233557928
2018-07-12 00:00:00+00:00,28.4584872171
2018-07-13 00:00:00+00:00,28.4660721017
2018-07-16 00:00:00+00:00,28.3522988319
2018-07-17 00:00:00+00:00,28.5570907176
2018-07-18 00:00:00+00:00,28.5646756022
2018-07-19 00:00:00+00:00,28.3371290626
2018-07-20 00:00:00+00:00,28.3143744087
2018-07-23 00:00:00+00:00,28.2233557928
2018-07-24 00:00:00+00:00,28.5950151408
2018-07-25 00:00:00+00:00,28.8149767958
2018-07-26 00:00:00+00:00,28.9439198348
2018-07-27 00:00:00+00:00,29.1335419512
2018-07-30 00:00:00+00:00,29.2700698749
2018-07-31 00:00:00+00:00,30.2864444184
2018-08-01 00:00:00+00:00,30.5443304966
2018-08-02 00:00:00+00:00,30.3319537263
2018-08-03 00:00:00+00:00,31.012797076
2018-08-06 00:00:00+00:00,31.3952933399
2018-08-07 00:00:00+00:00,31.2422948344
2018-08-08 00:00:00+00:00,31.6783405752
2018-08-09 00:00:00+00:00,31.3646936388
2018-08-10 00:00:00+00:00,31.3111441619
2018-08-13 00:00:00+00:00,31.2193450585
2018-08-14 00:00:00+00:00,31.1428458057
2018-08-15 00:00:00+00:00,31.4870924432
2018-08-16 00:00:00+00:00,31.6859905005
2018-08-17 00:00:00+00:00,32.1985354941
2018-08-20 00:00:00+00:00,32.3821337007
2018-08-21 00:00:00+00:00,32.252084971
2018-08-22 00:00:00+00:00,32.1832356435
2018-08-23 00:00:00+00:00,32.2826846721
2018-08-24 00:00:00+00:00,32.4356831777
2018-08-27 00:00:00+00:00,31.8083893049
2018-08-28 00:00:00+00:00,31.7471899027
2018-08-29 00:00:00+00:00,31.7471899027
2018-08-30 00:00:00+00:00,31.7471899027
2018-08-31 00:00:00+00:00,31.7624897532
2018-09-04 00:00:00+00:00,31.6477408741
2018-09-05 00:00:00+00:00,32.0149372874
2018-09-06 00:00:00+00:00,31.9613878105
2018-09-07 00:00:00+00:00,32.2826846721
2018-09-10 00:00:00+00:00,32.1755857182
2018-09-11 00:00:00+00:00,32.3668338502
2018-09-12 00:00:00+00:00,32.443333103
2018-09-13 00:00:00+00:00,32.7799298152
2018-09-14 00:00:00+00:00,32.8640789932
2018-09-17 00:00:00+00:00,32.9023286196
2018-09-18 00:00:00+00:00,33.2848248835
2018-09-19 00:00:00+00:00,33.0935767516
2018-09-20 00:00:00+00:00,33.4684230902
2018-09-21 00:00:00+00:00,33.7055707738
2018-09-24 00:00:00+00:00,33.6061217452
2018-09-25 00:00:00+00:00,33.4990227913
2018-09-26 00:00:00+00:00,33.4148736132
2018-09-27 00:00:00+00:00,33.5831719693
2018-09-28 00:00:00+00:00,33.7132206991
2018-10-01 00:00:00+00:00,33.8662192046
2018-10-02 00:00:00+00:00,33.8279695782
2018-10-03 00:00:00+00:00,34.2793151696
2018-10-04 00:00:00+00:00,34.1951659916
2018-10-05 00:00:00+00:00,34.3558144224
2018-10-08 00:00:00+00:00,34.6388616577
2018-10-09 00:00:00+00:00,34.784210238
2018-10-10 00:00:00+00:00,34.0498174113
2018-10-11 00:00:00+00:00,32.7493301141
2018-10-12 00:00:00+00:00,33.491372866
2018-10-15 00:00:00+00:00,32.9864777977
2018-10-16 00:00:00+00:00,33.6061217452
2018-10-17 00:00:00+00:00,34.095716963
2018-10-18 00:00:00+00:00,33.6596712221
2018-10-19 00:00:00+00:00,34.042167486
2018-10-22 00:00:00+00:00,33.9427184574
2018-10-23 00:00:00+00:00,33.7361704749
2018-10-24 00:00:00+00:00,32.4968825799
2018-10-25 00:00:00+00:00,33.2083256307
2018-10-26 00:00:00+00:00,32.5886816832
2018-10-29 00:00:00+00:00,33.0706269757
2018-10-30 00:00:00+00:00,32.8105295163
2018-10-31 00:00:00+00:00,32.940578246
2018-11-01 00:00:00+00:00,33.407223688
2018-11-02 00:00:00+00:00,32.8411292174
2018-11-05 00:00:00+00:00,33.2924748088
2018-11-06 00:00:00+00:00,32.9023286196
2018-11-07 00:00:00+00:00,33.9656682332
2018-11-08 00:00:00+00:00,33.8050198024
2018-11-09 00:00:00+00:00,34.136517146
2018-11-12 00:00:00+00:00,34.0054600566
2018-11-13 00:00:00+00:00,33.5506148643
2018-11-14 00:00:00+00:00,33.0803511909
2018-11-15 00:00:00+00:00,33.3116284073
2018-11-16 00:00:00+00:00,33.5429056238
2018-11-19 00:00:00+00:00,34.0594247405
2018-11-20 00:00:00+00:00,33.5583241049
2018-11-21 00:00:00+00:00,33.2268267613
2018-11-23 00:00:00+00:00,33.2576637235
2018-11-26 00:00:00+00:00,33.4118485345
2018-11-27 00:00:00+00:00,33.9746230945
2018-11-28 00:00:00+00:00,34.6144900599
2018-11-29 00:00:00+00:00,35.0847537333
2018-11-30 00:00:00+00:00,35.6398190528
2018-12-03 00:00:00+00:00,35.4547972796
2018-12-04 00:00:00+00:00,34.7995118331
2018-12-06 00:00:00+00:00,34.6761639843
2018-12-07 00:00:00+00:00,33.8589844862
2018-12-10 00:00:00+00:00,34.2290280325
2018-12-11 00:00:00+00:00,33.9283676512
2018-12-12 00:00:00+00:00,34.0440062594
2018-12-13 00:00:00+00:00,34.3600851218
2018-12-14 00:00:00+00:00,33.7664735997
2018-12-17 00:00:00+00:00,33.2345360019
2018-12-18 00:00:00+00:00,32.687179923
2018-12-19 00:00:00+00:00,32.3556825794
2018-12-20 00:00:00+00:00,32.3402640983
2018-12-21 00:00:00+00:00,32.3248456172
2018-12-24 00:00:00+00:00,31.2609704216
2018-12-26 00:00:00+00:00,32.5252858715
2018-12-27 00:00:00+00:00,33.0340957476
2018-12-28 00:00:00+00:00,33.1188973936
2018-12-31 00:00:00+00:00,33.6508349914
2019-01-02 00:00:00+00:00,33.3424653695
2019-01-03 00:00:00+00:00,32.4096472632
2019-01-04 00:00:00+00:00,33.1497343558
2019-01-07 00:00:00+00:00,33.3270468884
2019-01-08 00:00:00+00:00,33.4812316994
2019-01-09 00:00:00+00:00,33.4118485345
2019-01-10 00:00:00+00:00,32.617796758
2019-01-11 00:00:00+00:00,33.0572234693
2019-01-14 00:00:00+00:00,32.6640522013
2019-01-15 00:00:00+00:00,32.941584861
2019-01-16 00:00:00+00:00,32.4636119471
2019-01-17 00:00:00+00:00,32.7411446068
2019-01-18 00:00:00+00:00,32.7874000501
2019-01-22 00:00:00+00:00,32.5869597958
2019-01-23 00:00:00+00:00,32.5021581498
2019-01-24 00:00:00+00:00,31.5693400435
2019-01-25 00:00:00+00:00,31.3303535865
2019-01-28 00:00:00+00:00,30.4746278857
2019-01-29 00:00:00+00:00,31.4305737137
2019-01-30 00:00:00+00:00,32.055022198
2019-01-31 00:00:00+00:00,33.0032587854
2019-02-01 00:00:00+00:00,33.3375674139
2019-02-04 00:00:00+00:00,32.9954841662
2019-02-05 00:00:00+00:00,32.7389217304
2019-02-06 00:00:00+00:00,32.9099633542
2019-02-07 00:00:00+00:00,32.4201623404
2019-02-08 00:00:00+00:00,32.8322171616
2019-02-11 00:00:00+00:00,32.4046131019
2019-02-12 00:00:00+00:00,32.552330868
2019-02-13 00:00:00+00:00,32.4201623404
2019-02-14 00:00:00+00:00,32.6300770606
2019-02-15 00:00:00+00:00,32.9643856891
2019-02-19 00:00:00+00:00,33.1198780744
2019-02-20 00:00:00+00:00,32.8088933038
2019-02-21 00:00:00+00:00,32.7622455882
2019-02-22 00:00:00+00:00,33.399764368
2019-02-25 00:00:00+00:00,33.4930597992
2019-02-26 00:00:00+00:00,33.4464120836
2019-02-27 00:00:00+00:00,33.3764405102
2019-02-28 00:00:00+00:00,33.7029745194
2019-03-01 00:00:00+00:00,33.7107491387
2019-03-04 00:00:00+00:00,33.4852851799
2019-03-05 00:00:00+00:00,33.3453420331
2019-03-06 00:00:00+00:00,32.5445562487
2019-03-07 00:00:00+00:00,32.1791491432
2019-03-08 00:00:00+00:00,31.7904181799
2019-03-11 00:00:00+00:00,32.2646699551
2019-03-12 00:00:00+00:00,32.4434861982
2019-03-13 00:00:00+00:00,32.6611755377
2019-03-14 00:00:00+00:00,32.0236567579
2019-03-15 00:00:00+00:00,32.4823592946
2019-03-18 00:00:00+00:00,32.5056831524
2019-03-19 00:00:00+00:00,32.8866394964
2019-03-20 00:00:00+00:00,32.785569446
2019-03-21 00:00:00+00:00,32.9255125928
2019-03-22 00:00:00+00:00,32.5367816294
2019-03-25 00:00:00+00:00,32.5678801065
2019-03-26 00:00:00+00:00,32.9799349276
2019-03-27 00:00:00+00:00,32.668950157
2019-03-28 00:00:00+00:00,32.8788648772
2019-03-29 00:00:00+00:00,33.018808024
2019-04-01 00:00:00+00:00,33.3064689368
2019-04-02 00:00:00+00:00,33.3608912717
2019-04-03 00:00:00+00:00,33.3064689368
2019-04-04 00:00:00+00:00,33.2287227441
2019-04-05 00:00:00+00:00,33.4230882258
2019-04-08 00:00:00+00:00,33.5397075148
2019-04-09 00:00:00+00:00,33.3064689368
2019-04-10 00:00:00+00:00,33.2209481249
2019-04-11 00:00:00+00:00,32.8633156386
2019-04-12 00:00:00+00:00,32.4279369597
2019-04-15 00:00:00+00:00,32.7233724918
2019-04-16 00:00:00+00:00,31.8137420377
2019-04-17 00:00:00+00:00,31.005181634
2019-04-18 00:00:00+00:00,30.6164506707
2019-04-22 00:00:00+00:00,30.3054659
2019-04-23 00:00:00+00:00,30.6475491477
2019-04-24 00:00:00+00:00,30.6086760514
2019-04-25 00:00:00+00:00,30.7952669138
2019-04-26 00:00:00+00:00,31.0751532074
2019-04-29 00:00:00+00:00,30.7797176753
2019-04-30 00:00:00+00:00,31.5727288404
2019-05-01 00:00:00+00:00,31.6971227487
2019-05-02 00:00:00+00:00,31.8837136111
2019-05-03 00:00:00+00:00,32.1791491432
2019-05-06 00:00:00+00:00,32.3812892441
2019-05-07 00:00:00+00:00,31.7437704643
2019-05-08 00:00:00+00:00,31.8370658955
2019-05-09 00:00:00+00:00,31.8759389918
2019-05-10 00:00:00+00:00,31.9386869032
2019-05-13 00:00:00+00:00,31.8210345693
2019-05-14 00:00:00+00:00,31.8916259697
2019-05-15 00:00:00+00:00,32.275956927
2019-05-16 00:00:00+00:00,32.6602878843
2019-05-17 00:00:00+00:00,32.5269485726
2019-05-20 00:00:00+00:00,32.6210704397
2019-05-21 00:00:00+00:00,32.6838183511
2019-05-22 00:00:00+00:00,32.9348099967
2019-05-23 00:00:00+00:00,32.8799055742
2019-05-24 00:00:00+00:00,32.903436041
2019-05-28 00:00:00+00:00,32.8642185964
2019-05-29 00:00:00+00:00,32.7230357957
2019-05-30 00:00:00+00:00,32.8642185964
2019-05-31 00:00:00+00:00,32.5661660172
2019-06-03 00:00:00+00:00,32.8799055742
2019-06-04 00:00:00+00:00,33.1230537309
2019-06-05 00:00:00+00:00,33.319140954
2019-06-06 00:00:00+00:00,33.4995411993
2019-06-07 00:00:00+00:00,33.6642544667
2019-06-10 00:00:00+00:00,33.7819068006
2019-06-11 00:00:00+00:00,33.4681672436
2019-06-12 00:00:00+00:00,33.7897502895
2019-06-13 00:00:00+00:00,33.3348279319
2019-06-14 00:00:00+00:00,33.5387586439
2019-06-17 00:00:00+00:00,33.632880511
2019-06-18 00:00:00+00:00,33.7819068006
2019-06-19 00:00:00+00:00,34.1191768244
2019-06-20 00:00:00+00:00,34.1976117137
2019-06-21 00:00:00+00:00,34.2525161361
2019-06-24 00:00:00+00:00,34.3231075365
2019-06-25 00:00:00+00:00,34.3231075365
2019-06-26 00:00:00+00:00,33.7191588892
2019-06-27 00:00:00+00:00,34.0642724019
2019-06-28 00:00:00+00:00,33.9779940237
2019-07-01 00:00:00+00:00,34.3309510254
2019-07-02 00:00:00+00:00,34.683908027
2019-07-03 00:00:00+00:00,34.8250908277
2019-07-05 00:00:00+00:00,34.4486033593
2019-07-08 00:00:00+00:00,33.9623070459
2019-07-09 00:00:00+00:00,34.0172114684
2019-07-10 00:00:00+00:00,34.5584122042
2019-07-11 00:00:00+00:00,33.7113154003
2019-07-12 00:00:00+00:00,33.2563930426
2019-07-15 00:00:00+00:00,33.530915155
2019-07-16 00:00:00+00:00,33.6093500443
2019-07-17 00:00:00+00:00,33.5230716661
2019-07-18 00:00:00+00:00,33.7740633117
2019-07-19 00:00:00+00:00,33.5466021329
2019-07-22 00:00:00+00:00,33.5858195775
2019-07-23 00:00:00+00:00,33.7975937785
2019-07-24 00:00:00+00:00,33.640724
2019-07-25 00:00:00+00:00,33.4681672436
2019-07-26 00:00:00+00:00,33.7975937785
2019-07-29 00:00:00+00:00,32.5112615947
2019-07-30 00:00:00+00:00,30.4248935407
2019-07-31 00:00:00+00:00,30.4641109853
2019-08-01 00:00:00+00:00,30.28371074
2019-08-02 00:00:00+00:00,30.0857779901
2019-08-05 00:00:00+00:00,29.2623777503
2019-08-06 00:00:00+00:00,29.2544604403
2019-08-07 00:00:00+00:00,28.9615199704
2019-08-08 00:00:00+00:00,29.1911219604
2019-08-09 00:00:00+00:00,28.7794218405
2019-08-12 00:00:00+00:00,28.0193600808
2019-08-13 00:00:00+00:00,27.8689311908
2019-08-14 00:00:00+00:00,27.1088694311
2019-08-15 00:00:00+00:00,27.298884871
2019-08-16 00:00:00+00:00,27.4334791409
2019-08-19 00:00:00+00:00,27.8530965708
2019-08-20 00:00:00+00:00,27.401809901
2019-08-21 00:00:00+00:00,27.6076599609
2019-08-22 00:00:00+00:00,27.7739234708
2019-08-23 00:00:00+00:00,27.188042531
2019-08-26 00:00:00+00:00,27.5839080309
2019-08-27 00:00:00+00:00,27.188042531
2019-08-28 00:00:00+00:00,27.7739234708
2019-08-29 00:00:00+00:00,27.9718562208
2019-08-30 00:00:00+00:00,28.1460370407
2019-09-03 00:00:00+00:00,28.5973237106
2019-09-04 00:00:00+00:00,28.3677217206
2019-09-05 00:00:00+00:00,28.7715045305
2019-09-06 00:00:00+00:00,28.8981814905
2019-09-09 00:00:00+00:00,29.1594527204
2019-09-10 00:00:00+00:00,29.5949047702
2019-09-11 00:00:00+00:00,29.6186567002
2019-09-12 00:00:00+00:00,29.5157316703
2019-09-13 00:00:00+00:00,29.2227912004
2019-09-16 00:00:00+00:00,29.1594527204
2019-09-17 00:00:00+00:00,28.8981814905
2019-09-18 00:00:00+00:00,28.8031737705
2019-09-19 00:00:00+00:00,28.9060988005
2019-09-20 00:00:00+00:00,29.0486103804
2019-09-23 00:00:00+00:00,28.6923314305
2019-09-24 00:00:00+00:00,28.5102333006
2019-09-25 00:00:00+00:00,28.4231428906
2019-09-26 00:00:00+00:00,28.3281351706
2019-09-27 00:00:00+00:00,28.6764968105
2019-09-30 00:00:00+00:00,28.4468948206
2019-10-01 00:00:00+00:00,28.0510293207
2019-10-02 00:00:00+00:00,27.4730656909
2019-10-03 00:00:00+00:00,28.0668639407
2019-10-04 00:00:00+00:00,28.4468948206
2019-10-07 00:00:00+00:00,28.3677217206
2019-10-08 00:00:00+00:00,28.0510293207
2019-10-09 00:00:00+00:00,28.2568793807
2019-10-10 00:00:00+00:00,28.3360524806
2019-10-11 00:00:00+00:00,28.5894064006
2019-10-14 00:00:00+00:00,28.7398352905
2019-10-15 00:00:00+00:00,28.8981814905
2019-10-16 00:00:00+00:00,28.7715045305
2019-10-17 00:00:00+00:00,28.8665122505
2019-10-18 00:00:00+00:00,28.8665122505
2019-10-21 00:00:00+00:00,28.8665122505
2019-10-22 00:00:00+00:00,28.8427603205
2019-10-23 00:00:00+00:00,29.1119488604
2019-10-24 00:00:00+00:00,28.8110910805
2019-10-25 00:00:00+00:00,29.1119488604
2019-10-28 00:00:00+00:00,29.5157316703
2019-10-29 00:00:00+00:00,30.2520415
2019-10-30 00:00:00+00:00,30.4658088699
2019-10-31 00:00:00+00:00,30.37871846
2019-11-01 00:00:00+00:00,30.39455308
2019-11-04 00:00:00+00:00,30.1095299201
2019-11-05 00:00:00+00:00,29.6740778702
2019-11-06 00:00:00+00:00,29.7770029002
2019-11-07 00:00:00+00:00,29.5078143603
2019-11-08 00:00:00+00:00,29.6197377959
2019-11-11 00:00:00+00:00,29.5238034225
2019-11-12 00:00:00+00:00,29.555781547
2019-11-13 00:00:00+00:00,29.2599838956
2019-11-14 00:00:00+00:00,29.22001124
2019-11-15 00:00:00+00:00,29.8036120117
2019-11-18 00:00:00+00:00,29.7556448249
2019-11-19 00:00:00+00:00,30.1074041942
2019-11-20 00:00:00+00:00,29.6197377959
2019-11-21 00:00:00+00:00,30.1713604431
2019-11-22 00:00:00+00:00,30.6430377792
2019-11-25 00:00:00+00:00,30.9228463683
2019-11-26 00:00:00+00:00,30.6110596547
2019-11-27 00:00:00+00:00,30.8828737127
2019-11-29 00:00:00+00:00,30.7949338704
2019-12-02 00:00:00+00:00,30.6110596547
2019-12-03 00:00:00+00:00,30.4191909078
2019-12-04 00:00:00+00:00,30.4911416879
2019-12-05 00:00:00+00:00,30.4032018456
2019-12-06 00:00:00+00:00,30.6110596547
2019-12-09 00:00:00+00:00,30.635043248
2019-12-10 00:00:00+00:00,30.7629557459
2019-12-11 00:00:00+00:00,30.5550979368
2019-12-12 00:00:00+00:00,30.8109229327
2019-12-13 00:00:00+00:00,30.6430377792
2019-12-16 00:00:00+00:00,31.2905947998
2019-12-17 00:00:00+00:00,31.0987260529
2019-12-18 00:00:00+00:00,31.0907315218
2019-12-19 00:00:00+00:00,31.1546877708
2019-12-20 00:00:00+00:00,31.3625455799
2019-12-23 00:00:00+00:00,31.4344963599
2019-12-24 00:00:00+00:00,31.4105127666
2019-12-26 00:00:00+00:00,31.4824635467
2019-12-27 00:00:00+00:00,31.4344963599
2019-12-30 00:00:00+00:00,31.1067205841
2019-12-31 00:00:00+00:00,31.3225729243
2020-01-02 00:00:00+00:00,31.2905947998
2020-01-03 00:00:00+00:00,31.1227096463
2020-01-06 00:00:00+00:00,31.0827369907
2020-01-07 00:00:00+00:00,30.9788080862
2020-01-08 00:00:00+00:00,31.2266385508
2020-01-09 00:00:00+00:00,31.0907315218
2020-01-10 00:00:00+00:00,31.570403389
2020-01-13 00:00:00+00:00,31.50644714
2020-01-14 00:00:00+00:00,32.0340861939
2020-01-15 00:00:00+00:00,32.513758061
2020-01-16 00:00:00+00:00,32.4657908743
2020-01-17 00:00:00+00:00,32.3858455631
2020-01-21 00:00:00+00:00,32.2499385341
2020-01-22 00:00:00+00:00,32.1300205673
2020-01-23 00:00:00+00:00,32.5457361855
2020-01-24 00:00:00+00:00,31.8342229159
2020-01-27 00:00:00+00:00,32.1060369739
2020-01-28 00:00:00+00:00,30.4911416879
2020-01-29 00:00:00+00:00,30.0434479452
2020-01-30 00:00:00+00:00,29.9395190407
2020-01-31 00:00:00+00:00,30.0768192359
2020-02-03 00:00:00+00:00,30.2948842519
2020-02-04 00:00:00+00:00,30.4402609291
2020-02-05 00:00:00+00:00,30.8279320686
2020-02-06 00:00:00+00:00,30.9006204072
2020-02-07 00:00:00+00:00,30.7310142837
2020-02-10 00:00:00+00:00,30.537178714
2020-02-11 00:00:00+00:00,30.763320212
2020-02-12 00:00:00+00:00,30.4806433395
2020-02-13 00:00:00+00:00,29.8264482917
2020-02-14 00:00:00+00:00,29.4872360447
2020-02-18 00:00:00+00:00,29.3337828853
2020-02-19 00:00:00+00:00,29.2610945466
2020-02-20 00:00:00+00:00,28.9541882279
2020-02-21 00:00:00+00:00,28.849193961
2020-02-24 00:00:00+00:00,28.0011633434
2020-02-25 00:00:00+00:00,27.4035036701
2020-02-26 00:00:00+00:00,28.0415457538
2020-02-27 00:00:00+00:00,27.5408038653
2020-02-28 00:00:00+00:00,26.9916030844
2020-03-02 00:00:00+00:00,28.1707694669
2020-03-03 00:00:00+00:00,27.7023335068
2020-03-04 00:00:00+00:00,29.3983947419
2020-03-05 00:00:00+00:00,28.6392054271
2020-03-06 00:00:00+00:00,28.2838402159
2020-03-09 00:00:00+00:00,27.2662034749
2020-03-10 00:00:00+00:00,27.9365514868
2020-03-11 00:00:00+00:00,25.9820428254
2020-03-12 00:00:00+00:00,24.24559918
2020-03-13 00:00:00+00:00,26.4181728573
2020-03-16 00:00:00+00:00,24.3748228931
2020-03-17 00:00:00+00:00,25.9739663434
2020-03-18 00:00:00+00:00,26.1354959848
2020-03-19 00:00:00+00:00,24.5686584628
2020-03-20 00:00:00+00:00,23.4298744907
2020-03-23 00:00:00+00:00,23.009897423
2020-03-24 00:00:00+00:00,23.9871517537
2020-03-25 00:00:00+00:00,24.027534164
2020-03-26 00:00:00+00:00,25.6428305784
2020-03-27 00:00:00+00:00,24.9563296023
2020-03-30 00:00:00+00:00,26.385866929
2020-03-31 00:00:00+00:00,26.3616374828
2020-04-01 00:00:00+00:00,25.6428305784
2020-04-02 00:00:00+00:00,26.5473965705
2020-04-03 00:00:00+00:00,27.16928569
2020-04-06 00:00:00+00:00,27.9203985227
2020-04-07 00:00:00+00:00,27.1450562438
2020-04-08 00:00:00+00:00,27.9446279689
2020-04-09 00:00:00+00:00,28.5826700526
2020-04-13 00:00:00+00:00,28.3807580008
2020-04-14 00:00:00+00:00,29.4307006702
2020-04-15 00:00:00+00:00,29.0511060128
2020-04-16 00:00:00+00:00,28.9784176741
2020-04-17 00:00:00+00:00,29.8102953275
2020-04-20 00:00:00+00:00,29.1399473156
2020-04-21 00:00:00+00:00,28.7684291403
2020-04-22 00:00:00+00:00,29.2772475108
2020-04-23 00:00:00+00:00,29.632612722
2020-04-24 00:00:00+00:00,30.1898899849
2020-04-27 00:00:00+00:00,30.9571557818
2020-04-28 00:00:00+00:00,30.6179435347
2020-04-29 00:00:00+00:00,30.7875496582
2020-04-30 00:00:00+00:00,30.981385228
2020-05-01 00:00:00+00:00,30.3998785188
2020-05-04 00:00:00+00:00,30.3837255546
2020-05-05 00:00:00+00:00,31.102532459
2020-05-06 00:00:00+00:00,31.102532459
2020-05-07 00:00:00+00:00,30.1575840566
2020-05-08 00:00:00+00:00,30.3697315635
2020-05-11 00:00:00+00:00,31.0877692792
2020-05-12 00:00:00+00:00,30.4839648365
2020-05-13 00:00:00+00:00,30.2310197321
2020-05-14 00:00:00+00:00,30.9408979282
2020-05-15 00:00:00+00:00,30.8103456163
2020-05-18 00:00:00+00:00,31.0632907207
2020-05-19 00:00:00+00:00,30.7450694603
2020-05-20 00:00:00+00:00,30.7042718628
2020-05-21 00:00:00+00:00,30.4023696415
2020-05-22 00:00:00+00:00,30.5981981094
2020-05-26 00:00:00+00:00,30.5900385899
2020-05-27 00:00:00+00:00,30.5247624339
2020-05-28 00:00:00+00:00,31.1530454351
2020-05-29 00:00:00+00:00,31.1612049546
2020-06-01 00:00:00+00:00,28.9336561323
2020-06-02 00:00:00+00:00,29.504822497
2020-06-03 00:00:00+00:00,29.504822497
2020-06-04 00:00:00+00:00,29.3824297045
2020-06-05 00:00:00+00:00,29.3661106655
2020-06-08 00:00:00+00:00,29.8556818353
2020-06-09 00:00:00+00:00,29.5456200944
2020-06-10 00:00:00+00:00,29.3089940291
2020-06-11 00:00:00+00:00,27.1711999212
2020-06-12 00:00:00+00:00,27.5383782985
2020-06-15 00:00:00+00:00,27.2201570381
2020-06-16 00:00:00+00:00,27.2527951161
2020-06-17 00:00:00+00:00,27.383347428
2020-06-18 00:00:00+00:00,27.1222428042
2020-06-19 00:00:00+00:00,27.2691141551
2020-06-22 00:00:00+00:00,27.0161690507
2020-06-23 00:00:00+00:00,26.7387453879
2020-06-24 00:00:00+00:00,26.2654932571
2020-06-25 00:00:00+00:00,26.3715670106
2020-06-26 00:00:00+00:00,26.1431004647
2020-06-29 00:00:00+00:00,26.6326716344
2020-06-30 00:00:00+00:00,26.6816287514
2020-07-01 00:00:00+00:00,27.530218779
2020-07-02 00:00:00+00:00,28.1585017801
2020-07-06 00:00:00+00:00,28.1585017801
2020-07-07 00:00:00+00:00,27.7668448443
2020-07-08 00:00:00+00:00,27.5383782985
2020-07-09 00:00:00+00:00,27.3017522331
2020-07-10 00:00:00+00:00,27.6036544544
2020-07-13 00:00:00+00:00,28.7296681449
2020-07-14 00:00:00+00:00,28.7459871838
2020-07-15 00:00:00+00:00,29.1458036391
2020-07-16 00:00:00+00:00,29.0478894052
2020-07-17 00:00:00+00:00,29.5782581724
2020-07-20 00:00:00+00:00,29.7822461598
2020-07-21 00:00:00+00:00,29.9372770302
2020-07-22 00:00:00+00:00,31.463107176
2020-07-23 00:00:00+00:00,31.3407143835
2020-07-24 00:00:00+00:00,30.7287504213
2020-07-27 00:00:00+00:00,30.6308361874
2020-07-28 00:00:00+00:00,31.8384450728
2020-07-29 00:00:00+00:00,32.0342735407
2020-07-30 00:00:00+00:00,31.9200402677
2020-07-31 00:00:00+00:00,31.7058118096
2020-08-03 00:00:00+00:00,31.5986975805
2020-08-04 00:00:00+00:00,31.6316558048
2020-08-05 00:00:00+00:00,31.6810931413
2020-08-06 00:00:00+00:00,31.5327811318
2020-08-07 00:00:00+00:00,31.6810931413
2020-08-10 00:00:00+00:00,31.6316558048
2020-08-11 00:00:00+00:00,31.1372824398
2020-08-12 00:00:00+00:00,31.5822184683
2020-08-13 00:00:00+00:00,31.450385571
2020-08-14 00:00:00+00:00,31.359750454
2020-08-17 00:00:00+00:00,31.5986975805
2020-08-18 00:00:00+00:00,31.6069371366
2020-08-19 00:00:00+00:00,31.5245415757
2020-08-20 00:00:00+00:00,31.9035611556
2020-08-21 00:00:00+00:00,32.0353940529
2020-08-24 00:00:00+00:00,32.0024358286
2020-08-25 00:00:00+00:00,31.648134917
2020-08-26 00:00:00+00:00,31.351510898
2020-08-27 00:00:00+00:00,31.1949593324
2020-08-28 00:00:00+00:00,31.2361571128
2020-08-31 00:00:00+00:00,31.1372824398
2020-09-01 00:00:00+00:00,30.3874828362
2020-09-02 00:00:00+00:00,30.6511486309
2020-09-03 00:00:00+00:00,29.9919841442
2020-09-04 00:00:00+00:00,29.9590259198
2020-09-08 00:00:00+00:00,29.6047250082
2020-09-09 00:00:00+00:00,29.8107139103
2020-09-10 00:00:00+00:00,29.3740174379
2020-09-11 00:00:00+00:00,29.7200787934
2020-09-14 00:00:00+00:00,30.4945970653
2020-09-15 00:00:00+00:00,30.4533992849
2020-09-16 00:00:00+00:00,30.3050872754
2020-09-17 00:00:00+00:00,30.3380454997
2020-09-18 00:00:00+00:00,30.1814939341
2020-09-21 00:00:00+00:00,29.678881013
2020-09-22 00:00:00+00:00,29.8683908029
2020-09-23 00:00:00+00:00,29.6624019008
2020-09-24 00:00:00+00:00,29.4646525548
2020-09-25 00:00:00+00:00,29.7035996813
2020-09-28 00:00:00+00:00,29.9837445881
2020-09-29 00:00:00+00:00,29.8024743543
2020-09-30 00:00:00+00:00,30.2391708267
2020-10-01 00:00:00+00:00,29.9672654759
2020-10-02 00:00:00+00:00,29.975505032
2020-10-05 00:00:00+00:00,30.2803686071
2020-10-06 00:00:00+00:00,29.8024743543
2020-10-07 00:00:00+00:00,30.0496610368
2020-10-08 00:00:00+00:00,30.3957223923
2020-10-09 00:00:00+00:00,30.3133268314
2020-10-12 00:00:00+00:00,30.3380454997
2020-10-13 00:00:00+00:00,30.4039619484
2020-10-14 00:00:00+00:00,30.371003724
2020-10-15 00:00:00+00:00,30.1155774854
2020-10-16 00:00:00+00:00,31.2691153371
2020-10-19 00:00:00+00:00,31.1455219959
2020-10-20 00:00:00+00:00,30.8900957573
2020-10-21 00:00:00+00:00,30.5522739579
2020-10-22 00:00:00+00:00,30.8406584208
2020-10-23 00:00:00+00:00,31.458625127
2020-10-26 00:00:00+00:00,31.2443966689
2020-10-27 00:00:00+00:00,30.8406584208
2020-10-28 00:00:00+00:00,29.2092263162
2020-10-29 00:00:00+00:00,29.0691538628
2020-10-30 00:00:00+00:00,29.2339449845
2020-11-02 00:00:00+00:00,29.8519116908
2020-11-03 00:00:00+00:00,29.8189534664
2020-11-04 00:00:00+00:00,30.7582628599
2020-11-05 00:00:00+00:00,30.2968477193
2020-11-06 00:00:00+00:00,30.3051733163
2020-11-09 00:00:00+00:00,32.6363404945
2020-11-10 00:00:00+00:00,32.2034094471
2020-11-11 00:00:00+00:00,32.0535487
2020-11-12 00:00:00+00:00,31.2626169788
2020-11-13 00:00:00+00:00,32.1534558647
2020-11-16 00:00:00+00:00,31.0794538434
2020-11-17 00:00:00+00:00,31.6257462204
2020-11-18 00:00:00+00:00,31.871451241
2020-11-19 00:00:00+00:00,31.75737391
2020-11-20 00:00:00+00:00,32.2049080546
2020-11-23 00:00:00+00:00,32.0469548271
2020-11-24 00:00:00+00:00,32.1171562615
2020-11-25 00:00:00+00:00,32.0557300064
2020-11-27 00:00:00+00:00,32.6699925578
2020-11-30 00:00:00+00:00,33.6177119229
2020-12-01 00:00:00+00:00,34.5829816467
2020-12-02 00:00:00+00:00,35.8027315702
2020-12-03 00:00:00+00:00,35.1796938395
2020-12-04 00:00:00+00:00,35.3990733221
2020-12-07 00:00:00+00:00,36.197614639
2020-12-08 00:00:00+00:00,37.3471631282
2020-12-09 00:00:00+00:00,36.7241253974
2020-12-10 00:00:00+00:00,36.6188232457
2020-12-11 00:00:00+00:00,36.0835373081
2020-12-14 00:00:00+00:00,34.4074780605
2020-12-15 00:00:00+00:00,33.9687190952
2020-12-16 00:00:00+00:00,33.2052784955
2020-12-17 00:00:00+00:00,33.3720069024
2020-12-18 00:00:00+00:00,33.0648756266
2020-12-21 00:00:00+00:00,32.8016202474
2020-12-22 00:00:00+00:00,32.2400087718
2020-12-23 00:00:00+00:00,32.8542713233
2020-12-24 00:00:00+00:00,32.7050932751
2020-12-28 00:00:00+00:00,32.3102102063
2020-12-29 00:00:00+00:00,32.5120393303
2020-12-30 00:00:00+00:00,32.2400087718
2020-12-31 00:00:00+00:00,32.301435027
2021-01-04 00:00:00+00:00,32.301435027
2021-01-05 00:00:00+00:00,32.6348918406
2021-01-06 00:00:00+00:00,32.3540861028
2021-01-07 00:00:00+00:00,32.5208145096
2021-01-08 00:00:00+00:00,32.5822407648
2021-01-11 00:00:00+00:00,33.1438522404
2021-01-12 00:00:00+00:00,32.6261166613
2021-01-13 00:00:00+00:00,32.3453109235
2021-01-14 00:00:00+00:00,32.2487839511
2021-01-15 00:00:00+00:00,32.2049080546
2021-01-19 00:00:00+00:00,32.2312335925
2021-01-20 00:00:00+00:00,32.0294044685
2021-01-21 00:00:00+00:00,32.0118541099
2021-01-22 00:00:00+00:00,32.073280365
2021-01-25 00:00:00+00:00,32.7138684544
2021-01-26 00:00:00+00:00,32.7401939923
2021-01-27 00:00:00+00:00,31.8012498065
2021-01-28 00:00:00+00:00,31.8100249858
2021-01-29 00:00:00+00:00,31.8455074454
2021-02-01 00:00:00+00:00,31.7568012965
2021-02-02 00:00:00+00:00,31.0382814906
2021-02-03 00:00:00+00:00,30.9052222673
2021-02-04 00:00:00+00:00,30.9495753418
2021-02-05 00:00:00+00:00,30.9761871864
2021-02-08 00:00:00+00:00,30.8874810375
2021-02-09 00:00:00+00:00,31.0205402608
2021-02-10 00:00:00+00:00,30.8165161184
2021-02-11 00:00:00+00:00,30.5415270569
2021-02-12 00:00:00+00:00,30.7987748887
2021-02-16 00:00:00+00:00,30.772163044
2021-02-17 00:00:00+00:00,30.9495753418
2021-02-18 00:00:00+00:00,30.6568450505
2021-02-19 00:00:00+00:00,30.5503976718
2021-02-22 00:00:00+00:00,30.3907266039
2021-02-23 00:00:00+00:00,30.0802550828
2021-02-24 00:00:00+00:00,29.9383252446
2021-02-25 00:00:00+00:00,30.0004195488
2021-02-26 00:00:00+00:00,29.7076892575
2021-03-01 00:00:00+00:00,29.8851015553
2021-03-02 00:00:00+00:00,29.7254304873
2021-03-03 00:00:00+00:00,30.5060445974
2021-03-04 00:00:00+00:00,30.3375029145
2021-03-05 00:00:00+00:00,30.5060445974
2021-03-08 00:00:00+00:00,30.4705621378
2021-03-09 00:00:00+00:00,30.5592682867
2021-03-10 00:00:00+00:00,30.9850578013
2021-03-11 00:00:00+00:00,30.7899042738
2021-03-12 00:00:00+00:00,30.9939284162
2021-03-15 00:00:00+00:00,31.4108473159
2021-03-16 00:00:00+00:00,31.7834131412
2021-03-17 00:00:00+00:00,31.7479306816
2021-03-18 00:00:00+00:00,31.7301894518
2021-03-19 00:00:00+00:00,31.5172946945
2021-03-22 00:00:00+00:00,31.9342135942
2021-03-23 00:00:00+00:00,31.3664942415
2021-03-24 00:00:00+00:00,31.5882596136
2021-03-25 00:00:00+00:00,31.641483303
2021-03-26 00:00:00+00:00,32.1559789664
2021-03-29 00:00:00+00:00,32.4841917173
2021-03-30 00:00:00+00:00,32.031790358
2021-03-31 00:00:00+00:00,32.1382377366
2021-04-01 00:00:00+00:00,32.2003320409
2021-04-05 00:00:00+00:00,32.1825908111
2021-04-06 00:00:00+00:00,31.9785666687
2021-04-07 00:00:00+00:00,31.8543780603
2021-04-08 00:00:00+00:00,31.8987311347
2021-04-09 00:00:00+00:00,32.4664504875
2021-04-12 00:00:00+00:00,32.7946632383
2021-04-13 00:00:00+00:00,32.9632049212
2021-04-14 00:00:00+00:00,32.9720755361
2021-04-15 00:00:00+00:00,33.3535119762
2021-04-16 00:00:00+00:00,34.2139616203
2021-04-19 00:00:00+00:00,34.5333037562
2021-04-20 00:00:00+00:00,34.6220099051
2021-04-21 00:00:00+00:00,35.0655406495
2021-04-22 00:00:00+00:00,34.2760559245
2021-04-23 00:00:00+00:00,34.2937971543
2021-04-26 00:00:00+00:00,34.311538384
2021-04-27 00:00:00+00:00,34.1075142416
2021-04-28 00:00:00+00:00,34.4268563776
2021-04-29 00:00:00+00:00,34.2405734649
2021-04-30 00:00:00+00:00,34.2849265394
2021-05-03 00:00:00+00:00,35.3316590961
2021-05-04 00:00:00+00:00,35.4381064747
2021-05-05 00:00:00+00:00,35.4558477045
2021-05-06 00:00:00+00:00,35.1098937239
2021-05-07 00:00:00+00:00,35.4592904718
2021-05-10 00:00:00+00:00,35.7101394191
2021-05-11 00:00:00+00:00,35.2532359795
2021-05-12 00:00:00+00:00,35.5578382725
2021-05-13 00:00:00+00:00,35.9251528024
2021-05-14 00:00:00+00:00,35.8534816747
2021-05-17 00:00:00+00:00,35.9341116934
2021-05-18 00:00:00+00:00,35.8803583476
2021-05-19 00:00:00+00:00,35.6832627462
2021-05-20 00:00:00+00:00,35.9430705844
2021-05-21 00:00:00+00:00,35.7907694379
2021-05-24 00:00:00+00:00,35.6653449642
2021-05-25 00:00:00+00:00,35.2353181975
2021-05-26 00:00:00+00:00,34.8680036676
2021-05-27 00:00:00+00:00,34.6261136113
2021-05-28 00:00:00+00:00,34.6977847391
2021-06-01 00:00:00+00:00,34.4917302467
2021-06-02 00:00:00+00:00,34.751538085
2021-06-03 00:00:00+00:00,34.9127981225
2021-06-04 00:00:00+00:00,35.07405816
2021-06-07 00:00:00+00:00,34.9307159044
2021-06-08 00:00:00+00:00,34.8052914308
2021-06-09 00:00:00+00:00,35.6653449642
2021-06-10 00:00:00+00:00,36.4447684789
2021-06-11 00:00:00+00:00,35.9699472573
2021-06-14 00:00:00+00:00,35.5040849267
2021-06-15 00:00:00+00:00,35.4682493628
2021-06-16 00:00:00+00:00,35.2084415246
2021-06-17 00:00:00+00:00,35.3697015621
2021-06-18 00:00:00+00:00,34.7694558669
2021-06-21 00:00:00+00:00,35.3159482163
2021-06-22 00:00:00+00:00,35.4861671448
2021-06-23 00:00:00+00:00,34.9844692503
2021-06-24 00:00:00+00:00,35.1098937239
2021-06-25 00:00:00+00:00,34.9217570135
2021-06-28 00:00:00+00:00,35.0471814871
2021-06-29 00:00:00+00:00,35.0292637051
2021-06-30 00:00:00+00:00,35.083017051
2021-07-01 00:00:00+00:00,35.4413726899
2021-07-02 00:00:00+00:00,35.5936738364
2021-07-06 00:00:00+00:00,35.1994826336
2021-07-07 00:00:00+00:00,35.2532359795
2021-07-08 00:00:00+00:00,35.1636470697
2021-07-09 00:00:00+00:00,35.4861671448
2021-07-12 00:00:00+00:00,35.6205505094
2021-07-13 00:00:00+00:00,35.5220027087
2021-07-14 00:00:00+00:00,35.7907694379
2021-07-15 00:00:00+00:00,35.9161939115
2021-07-16 00:00:00+00:00,36.1491250768
2021-07-19 00:00:00+00:00,35.9699472573
2021-07-20 00:00:00+00:00,36.7762474449
2021-07-21 00:00:00+00:00,36.749370772
2021-07-22 00:00:00+00:00,37.1525208658
2021-07-23 00:00:00+00:00,37.3406575762
2021-07-26 00:00:00+00:00,37.4571231589
2021-07-27 00:00:00+00:00,37.7169309971
2021-07-28 00:00:00+00:00,38.9263812785
2021-07-29 00:00:00+00:00,38.6844912222
2021-07-30 00:00:00+00:00,38.7025723118
2021-08-02 00:00:00+00:00,39.7422349644
2021-08-03 00:00:00+00:00,41.2972086709
2021-08-04 00:00:00+00:00,40.8542219755
2021-08-05 00:00:00+00:00,40.736694893
2021-08-06 00:00:00+00:00,40.7457354378
2021-08-09 00:00:00+00:00,41.5684250151
2021-08-10 00:00:00+00:00,43.5663854171
2021-08-11 00:00:00+00:00,41.8667629937
2021-08-12 00:00:00+00:00,42.7075336606
2021-08-13 00:00:00+00:00,43.8285612164
2021-08-16 00:00:00+00:00,44.2173046431
2021-08-17 00:00:00+00:00,45.5824269087
2021-08-18 00:00:00+00:00,44.5789264353
2021-08-19 00:00:00+00:00,44.1178586502
2021-08-20 00:00:00+00:00,44.0455342918
2021-08-23 00:00:00+00:00,45.1394402132
2021-08-24 00:00:00+00:00,43.7381557684
2021-08-25 00:00:00+00:00,42.9516283703
2021-08-26 00:00:00+00:00,42.8341012879
2021-08-27 00:00:00+00:00,42.128938793
2021-08-30 00:00:00+00:00,42.2735875099
2021-08-31 00:00:00+00:00,41.6497899183
2021-09-01 00:00:00+00:00,41.6226682839
2021-09-02 00:00:00+00:00,42.3459118684
2021-09-03 00:00:00+00:00,42.3459118684
2021-09-07 00:00:00+00:00,42.2645469651
2021-09-08 00:00:00+00:00,42.0475738898
2021-09-09 00:00:00+00:00,41.6136277391
2021-09-10 00:00:00+00:00,41.2158437677
2021-09-13 00:00:00+00:00,40.3027487423
2021-09-14 00:00:00+00:00,40.4202758248
2021-09-15 00:00:00+00:00,40.4745190937
2021-09-16 00:00:00+00:00,40.2033027495
2021-09-17 00:00:00+00:00,39.6789511508
2021-09-20 00:00:00+00:00,39.9592080397
2021-09-21 00:00:00+00:00,39.7060727852
2021-09-22 00:00:00+00:00,39.7331944196
2021-09-23 00:00:00+00:00,39.9501674949
2021-09-24 00:00:00+00:00,39.7241538748
2021-09-27 00:00:00+00:00,39.389653717
2021-09-28 00:00:00+00:00,38.9105048423
2021-09-29 00:00:00+00:00,39.3534915378
2021-09-30 00:00:00+00:00,38.8833832079
2021-10-01 00:00:00+00:00,38.8110588495
2021-10-04 00:00:00+00:00,38.3499910644
2021-10-05 00:00:00+00:00,38.2595856163
2021-10-06 00:00:00+00:00,37.9883692722
2021-10-07 00:00:00+00:00,38.6392884982
2021-10-08 00:00:00+00:00,38.3771126988
2021-10-11 00:00:00+00:00,38.0245314514
2021-10-12 00:00:00+00:00,37.8346800105
2021-10-13 00:00:00+00:00,37.4459365839
2021-10-14 00:00:00+00:00,37.671950204
2021-10-15 00:00:00+00:00,37.5092203975
2021-10-18 00:00:00+00:00,37.3555311358
2021-10-19 00:00:00+00:00,38.0516530858
2021-10-20 00:00:00+00:00,38.693531767
2021-10-21 00:00:00+00:00,38.7477750358
2021-10-22 00:00:00+00:00,39.01899138
2021-10-25 00:00:00+00:00,39.0099508352
2021-10-26 00:00:00+00:00,39.3806131722
2021-10-27 00:00:00+00:00,38.8472210287
2021-10-28 00:00:00+00:00,39.0370724696
2021-10-29 00:00:00+00:00,39.5433429787
2021-11-01 00:00:00+00:00,39.4529375306
2021-11-02 00:00:00+00:00,41.0892761404
2021-11-03 00:00:00+00:00,40.5197218177
2021-11-04 00:00:00+00:00,39.995370219
2021-11-05 00:00:00+00:00,44.3369429041
2021-11-08 00:00:00+00:00,44.0815562755
2021-11-09 00:00:00+00:00,43.1420983206
2021-11-10 00:00:00+00:00,44.7109018959
2021-11-11 00:00:00+00:00,45.7689322141
2021-11-12 00:00:00+00:00,45.3584894182
2021-11-15 00:00:00+00:00,45.2855218101
2021-11-16 00:00:00+00:00,45.239917055
2021-11-17 00:00:00+00:00,46.3982778344
2021-11-18 00:00:00+00:00,46.8908091894
2021-11-19 00:00:00+00:00,46.3344311773
2021-11-22 00:00:00+00:00,46.699269218
2021-11-23 00:00:00+00:00,46.5898178058
2021-11-24 00:00:00+00:00,46.4165197364
2021-11-26 00:00:00+00:00,49.2531355034
2021-11-29 00:00:00+00:00,47.7937833403
2021-11-30 00:00:00+00:00,49.0068698259
2021-12-01 00:00:00+00:00,49.8733601727
2021-12-02 00:00:00+00:00,48.3775242056
2021-12-03 00:00:00+00:00,49.4994011809
2021-12-06 00:00:00+00:00,46.9546558466
2021-12-07 00:00:00+00:00,47.173558671
2021-12-08 00:00:00+00:00,46.8816882384
2021-12-09 00:00:00+00:00,47.5019129077
2021-12-10 00:00:00+00:00,48.1403794791
2021-12-13 00:00:00+00:00,50.3476496257
2021-12-14 00:00:00+00:00,50.6577619604
2021-12-15 00:00:00+00:00,53.6311919926
2021-12-16 00:00:00+00:00,55.8658249923
2021-12-17 00:00:00+00:00,54.2514166619
2021-12-20 00:00:00+00:00,55.6560431188
2021-12-21 00:00:00+00:00,53.7680062579
2021-12-22 00:00:00+00:00,54.315263319
2021-12-23 00:00:00+00:00,53.5491034334
2021-12-27 00:00:00+00:00,53.9960300334
2021-12-28 00:00:00+00:00,52.9106368621
2021-12-29 00:00:00+00:00,52.5184359683
2021-12-30 00:00:00+00:00,53.2663539518
2021-12-31 00:00:00+00:00,53.8592157681
2022-01-03 00:00:00+00:00,51.6701875235
2022-01-04 00:00:00+00:00,49.7365459074
2022-01-05 00:00:00+00:00,50.7398505195
2022-01-06 00:00:00+00:00,50.019295389
2022-01-07 00:00:00+00:00,50.8219390787
2022-01-10 00:00:00+00:00,51.2962285317
2022-01-11 00:00:00+00:00,51.7066713276
2022-01-12 00:00:00+00:00,51.6701875235
2022-01-13 00:00:00+00:00,50.6577619604
2022-01-14 00:00:00+00:00,50.1196258502
2022-01-18 00:00:00+00:00,49.3534659646
2022-01-19 00:00:00+00:00,48.8335717565
2022-01-20 00:00:00+00:00,49.2987402585
2022-01-21 00:00:00+00:00,48.1495004301
2022-01-24 00:00:00+00:00,47.0093815527
2022-01-25 00:00:00+00:00,47.9214766546
2022-01-26 00:00:00+00:00,48.3501613525
2022-01-27 00:00:00+00:00,49.04335363
2022-01-28 00:00:00+00:00,49.9255275008
2022-01-31 00:00:00+00:00,48.4184804715
2022-02-01 00:00:00+00:00,48.7676742953
2022-02-02 00:00:00+00:00,49.4936298765
2022-02-03 00:00:00+00:00,49.0525429411
2022-02-04 00:00:00+00:00,48.7033491173
2022-02-07 00:00:00+00:00,48.8963246515
2022-02-08 00:00:00+00:00,47.5087386672
2022-02-09 00:00:00+00:00,47.2973845107
2022-02-10 00:00:00+00:00,46.4979144402
2022-02-11 00:00:00+00:00,46.663322041
2022-02-14 00:00:00+00:00,45.7627695479
2022-02-15 00:00:00+00:00,45.7535802368
2022-02-16 00:00:00+00:00,45.6524978141
2022-02-17 00:00:00+00:00,44.935731544
2022-02-18 00:00:00+00:00,44.5957270313
2022-02-22 00:00:00+00:00,43.6767959159
2022-02-23 00:00:00+00:00,43.0703013797
2022-02-24 00:00:00+00:00,42.2340740647
2022-02-25 00:00:00+00:00,43.8513928278
2022-02-28 00:00:00+00:00,43.1346265578
2022-03-01 00:00:00+00:00,42.0410985305
2022-03-02 00:00:00+00:00,43.8330142055
2022-03-03 00:00:00+00:00,43.9524752505
2022-03-04 00:00:00+00:00,44.7059987652
2022-03-07 00:00:00+00:00,44.0903149178
2022-03-08 00:00:00+00:00,43.5940921155
2022-03-09 00:00:00+00:00,44.7978918767
2022-03-10 00:00:00+00:00,45.2114108787
2022-03-11 00:00:00+00:00,46.1946671722
2022-03-14 00:00:00+00:00,48.0141507807
2022-03-15 00:00:00+00:00,47.9773935361
2022-03-16 00:00:00+00:00,48.629834628
2022-03-17 00:00:00+00:00,49.8428237004
2022-03-18 00:00:00+00:00,50.0909351015
2022-03-21 00:00:00+00:00,49.7968771446
2022-03-22 00:00:00+00:00,48.7401063619
2022-03-23 00:00:00+00:00,47.9590149138
2022-03-24 00:00:00+00:00,48.3265873599
2022-03-25 00:00:00+00:00,48.5011842719
2022-03-28 00:00:00+00:00,48.9606498296
2022-03-29 00:00:00+00:00,48.4644270272
2022-03-30 00:00:00+00:00,48.1887476926
2022-03-31 00:00:00+00:00,47.5730638453
2022-04-01 00:00:00+00:00,47.3892776222
2022-04-04 00:00:00+00:00,46.8103510195
2022-04-05 00:00:00+00:00,47.0860303541
2022-04-06 00:00:00+00:00,48.5838880723
2022-04-07 00:00:00+00:00,50.6882403266
2022-04-08 00:00:00+00:00,50.6974296377
2022-04-11 00:00:00+00:00,49.5579550546
2022-04-12 00:00:00+00:00,48.80443154
2022-04-13 00:00:00+00:00,48.7952422288
2022-04-14 00:00:00+00:00,48.8136208511
2022-04-18 00:00:00+00:00,47.6373890234
2022-04-19 00:00:00+00:00,46.1119633718
2022-04-20 00:00:00+00:00,45.7168229921
2022-04-21 00:00:00+00:00,45.1287070783
2022-04-22 00:00:00+00:00,44.2281545852
2022-04-25 00:00:00+00:00,44.9816780998
2022-04-26 00:00:00+00:00,45.055192589
2022-04-27 00:00:00+00:00,45.707633681
2022-04-28 00:00:00+00:00,46.4152106399
2022-04-29 00:00:00+00:00,45.0919498337
2022-05-02 00:00:00+00:00,44.4211301194
2022-05-03 00:00:00+00:00,45.294114679
2022-05-04 00:00:00+00:00,45.6341191918
2022-05-05 00:00:00+00:00,44.5222125421
2022-05-06 00:00:00+00:00,45.0643819002
2022-05-09 00:00:00+00:00,44.696809454
2022-05-10 00:00:00+00:00,45.4779009021
2022-05-11 00:00:00+00:00,45.4411436575
2022-05-12 00:00:00+00:00,46.6725113522
2022-05-13 00:00:00+00:00,46.2371852888
2022-05-16 00:00:00+00:00,46.9318545389
2022-05-17 00:00:00+00:00,47.5524257357
2022-05-18 00:00:00+00:00,46.6817736088
2022-05-19 00:00:00+00:00,46.9133300256
2022-05-20 00:00:00+00:00,48.5990607392
2022-05-23 00:00:00+00:00,48.9788132626
2022-05-24 00:00:00+00:00,49.469712866
2022-05-25 00:00:00+00:00,49.7475805661
2022-05-26 00:00:00+00:00,50.0069237528
2022-05-27 00:00:00+00:00,49.9328256995
2022-05-31 00:00:00+00:00,49.1270093693
2022-06-01 00:00:00+00:00,48.5064381725
2022-06-02 00:00:00+00:00,48.7935681292
2022-06-03 00:00:00+00:00,49.275205476
2022-06-06 00:00:00+00:00,49.330779016
2022-06-07 00:00:00+00:00,49.9791369828
2022-06-08 00:00:00+00:00,49.5252864061
2022-06-09 00:00:00+00:00,47.9599650291
2022-06-10 00:00:00+00:00,46.2834965721
2022-06-13 00:00:00+00:00,44.3754716984
2022-06-14 00:00:00+00:00,44.3847339551
2022-06-15 00:00:00+00:00,44.9312070985
2022-06-16 00:00:00+00:00,43.9771946617
2022-06-17 00:00:00+00:00,43.0972802782
2022-06-21 00:00:00+00:00,44.5607168318
2022-06-22 00:00:00+00:00,45.4498934719
2022-06-23 00:00:00+00:00,46.3946436521
2022-06-24 00:00:00+00:00,47.7839821524
2022-06-27 00:00:00+00:00,48.0525875958
2022-06-28 00:00:00+00:00,46.9225922822
2022-06-29 00:00:00+00:00,47.1819354689
2022-06-30 00:00:00+00:00,48.5620117125
2022-07-01 00:00:00+00:00,48.4508646325
2022-07-05 00:00:00+00:00,47.8302934357
2022-07-06 00:00:00+00:00,48.8584039259
2022-07-07 00:00:00+00:00,49.4789751227
2022-07-08 00:00:00+00:00,49.247418706
2022-07-11 00:00:00+00:00,48.9880755193
2022-07-12 00:00:00+00:00,48.2007837025
2022-07-13 00:00:00+00:00,47.9692272858
2022-07-14 00:00:00+00:00,47.598737019
2022-07-15 00:00:00+00:00,47.9321782591
2022-07-18 00:00:00+00:00,47.0059525922
2022-07-19 00:00:00+00:00,47.5802125057
2022-07-20 00:00:00+00:00,47.0707883889
2022-07-21 00:00:00+00:00,47.348656089
2022-07-22 00:00:00+00:00,47.4505409123
2022-07-25 00:00:00+00:00,47.9507027724
2022-07-26 00:00:00+00:00,48.4416023758
2022-07-27 00:00:00+00:00,48.1174233925
2022-07-28 00:00:00+00:00,47.348656089
2022-07-29 00:00:00+00:00,47.152614729
2022-08-01 00:00:00+00:00,47.2459677576
2022-08-02 00:00:00+00:00,46.3871198947
2022-08-03 00:00:00+00:00,46.5458200433
2022-08-04 00:00:00+00:00,46.5458200433
2022-08-05 00:00:00+00:00,45.9950371748
2022-08-08 00:00:00+00:00,46.2750962605
2022-08-09 00:00:00+00:00,46.4711376204
2022-08-10 00:00:00+00:00,46.629837769
2022-08-11 00:00:00+00:00,45.0801774948
2022-08-12 00:00:00+00:00,46.7792026147
2022-08-15 00:00:00+00:00,46.4431317119
2022-08-16 00:00:00+00:00,46.5458200433
2022-08-17 00:00:00+00:00,45.9950371748
2022-08-18 00:00:00+00:00,45.3509012776
2022-08-19 00:00:00+00:00,45.8830135405
2022-08-22 00:00:00+00:00,45.6496309691
2022-08-23 00:00:00+00:00,44.8187890148
2022-08-24 00:00:00+00:00,44.2773414491
2022-08-25 00:00:00+00:00,44.7161006834
2022-08-26 00:00:00+00:00,43.7078879749
2022-08-29 00:00:00+00:00,43.1571051063
2022-08-30 00:00:00+00:00,42.8023635978
2022-08-31 00:00:00+00:00,42.2235748207
2022-09-01 00:00:00+00:00,43.5305172206
2022-09-02 00:00:00+00:00,42.6623340549
2022-09-06 00:00:00+00:00,42.7183458721
2022-09-07 00:00:00+00:00,43.0637520778
2022-09-08 00:00:00+00:00,43.9506058491
2022-09-09 00:00:00+00:00,44.6600888663
2022-09-12 00:00:00+00:00,44.5854064434
2022-09-13 00:00:00+00:00,43.1197638949
2022-09-14 00:00:00+00:00,43.0824226835
2022-09-15 00:00:00+00:00,42.8863813235
2022-09-16 00:00:00+00:00,42.9703990492
2022-09-19 00:00:00+00:00,42.4196161807
2022-09-20 00:00:00+00:00,41.7941508893
2022-09-21 00:00:00+00:00,41.0006501464
2022-09-22 00:00:00+00:00,41.6074448321
2022-09-23 00:00:00+00:00,41.1500149922
2022-09-26 00:00:00+00:00,40.9166324207
2022-09-27 00:00:00+00:00,41.159350295
2022-09-28 00:00:00+00:00,41.4767505921
2022-09-29 00:00:00+00:00,41.224697415
2022-09-30 00:00:00+00:00,40.8512853007
2022-10-03 00:00:00+00:00,41.2060268093
2022-10-04 00:00:00+00:00,41.5047565007
2022-10-05 00:00:00+00:00,41.1873562036
2022-10-06 00:00:00+00:00,40.2258200093
2022-10-07 00:00:00+00:00,39.5070016894
2022-10-10 00:00:00+00:00,38.9748894266
2022-10-11 00:00:00+00:00,39.1335895751
2022-10-12 00:00:00+00:00,39.2362779065
2022-10-13 00:00:00+00:00,40.1231316779
2022-10-14 00:00:00+00:00,40.0111080436
2022-10-17 00:00:00+00:00,40.7485969693
2022-10-18 00:00:00+00:00,41.159350295
2022-10-19 00:00:00+00:00,40.2444906151
2022-10-20 00:00:00+00:00,40.0577845579
2022-10-21 00:00:00+00:00,41.9621863407
2022-10-24 00:00:00+00:00,42.5129692092
2022-10-25 00:00:00+00:00,42.5596457235
2022-10-26 00:00:00+00:00,42.9984049578
2022-10-27 00:00:00+00:00,42.6996752664
2022-10-28 00:00:00+00:00,44.2773414491
2022-10-31 00:00:00+00:00,43.4558347977
2022-11-01 00:00:00+00:00,44.8187890148
2022-11-02 00:00:00+00:00,43.9412705463
2022-11-03 00:00:00+00:00,43.8479175177
2022-11-04 00:00:00+00:00,44.4599240968
2022-11-07 00:00:00+00:00,44.337522781
2022-11-08 00:00:00+00:00,44.5823254126
2022-11-09 00:00:00+00:00,43.9891498052
2022-11-10 00:00:00+00:00,44.6105718701
2022-11-11 00:00:00+00:00,44.8177125584
2022-11-14 00:00:00+00:00,46.3618522348
2022-11-15 00:00:00+00:00,45.731014684
2022-11-16 00:00:00+00:00,45.2414094208
2022-11-17 00:00:00+00:00,45.5050430241
2022-11-18 00:00:00+00:00,45.4108881658
2022-11-21 00:00:00+00:00,45.3638107366
2022-11-22 00:00:00+00:00,46.2112044615
2022-11-23 00:00:00+00:00,45.9946482873
2022-11-25 00:00:00+00:00,46.3336057773
2022-11-28 00:00:00+00:00,46.6725632672
2022-11-29 00:00:00+00:00,46.5972393806
2022-11-30 00:00:00+00:00,47.1998304738
2022-12-01 00:00:00+00:00,48.0943016278
2022-12-02 00:00:00+00:00,47.9342383686
2022-12-05 00:00:00+00:00,47.7647596237
2022-12-06 00:00:00+00:00,46.8043800688
2022-12-07 00:00:00+00:00,47.3034008179
2022-12-08 00:00:00+00:00,48.753385636
2022-12-09 00:00:00+00:00,48.696892721
2022-12-12 00:00:00+00:00,49.1111740976
2022-12-13 00:00:00+00:00,49.9679833083
2022-12-14 00:00:00+00:00,51.2955668105
2022-12-15 00:00:00+00:00,50.4764195432
2022-12-16 00:00:00+00:00,48.3955971744
2022-12-19 00:00:00+00:00,48.3579352311
2022-12-20 00:00:00+00:00,48.3202732877
2022-12-21 00:00:00+00:00,48.640399806
2022-12-22 00:00:00+00:00,48.6215688343
2022-12-23 00:00:00+00:00,48.8004630651
2022-12-27 00:00:00+00:00,48.1413790569
2022-12-28 00:00:00+00:00,47.8306680245
2022-12-29 00:00:00+00:00,48.3296887736
2022-12-30 00:00:00+00:00,48.2449494011
symbol,PFE
date,"Index([2013-01-02 00:00:00+00:00, 2013-01-03 00:00:00+00:00,
       2013-01-04 00:00:00+00:00, 2013-01-07 00:00:00+00:00,
       2013-01-08 00:00:00+00:00, 2013-01-09 00:00:00+00:00,
       2013-01-10 00:00:00+00:00, 2013-01-11 00:00:00+00:00,
       2013-01-14 00:00:00+00:00, 2013-01-15 00:00:00+00:00,
       ...
       2022-12-19 00:00:00+00:00, 2022-12-20 00:00:00+00:00,
       2022-12-21 00:00:00+00:00, 2022-12-22 00:00:00+00:00,
       2022-12-23 00:00:00+00:00, 2022-12-27 00:00:00+00:00,
       2022-12-28 00:00:00+00:00, 2022-12-29 00:00:00+00:00,
       2022-12-30 00:00:00+00:00,                  'symbol'],
      dtype='object', name='date', length=2519)"
