date,adjClose
2013-01-02 00:00:00+00:00,50.0910354333
2013-01-03 00:00:00+00:00,49.7734096141
2013-01-04 00:00:00+00:00,49.8744723748
2013-01-07 00:00:00+00:00,49.5351902498
2013-01-08 00:00:00+00:00,49.455783795
2013-01-09 00:00:00+00:00,49.7228782338
2013-01-10 00:00:00+00:00,50.0044102099
2013-01-11 00:00:00+00:00,49.9683163668
2013-01-14 00:00:00+00:00,50.2642858801
2013-01-15 00:00:00+00:00,50.4447550955
2013-01-16 00:00:00+00:00,50.4606363865
2013-01-17 00:00:00+00:00,50.7007865164
2013-01-18 00:00:00+00:00,50.8972729863
2013-01-22 00:00:00+00:00,50.904550263
2013-01-23 00:00:00+00:00,51.4430687361
2013-01-24 00:00:00+00:00,51.2465822662
2013-01-25 00:00:00+00:00,53.306051562
2013-01-28 00:00:00+00:00,53.6844699485
2013-01-29 00:00:00+00:00,54.5795749782
2013-01-30 00:00:00+00:00,54.6377931915
2013-01-31 00:00:00+00:00,54.6960114048
2013-02-01 00:00:00+00:00,55.2490844312
2013-02-04 00:00:00+00:00,54.7615068948
2013-02-05 00:00:00+00:00,55.0889843446
2013-02-06 00:00:00+00:00,55.4164617945
2013-02-07 00:00:00+00:00,55.4164617945
2013-02-08 00:00:00+00:00,55.125370728
2013-02-11 00:00:00+00:00,55.1690343879
2013-02-12 00:00:00+00:00,55.2927480912
2013-02-13 00:00:00+00:00,55.7148301377
2013-02-14 00:00:00+00:00,55.8749302243
2013-02-15 00:00:00+00:00,55.7002755844
2013-02-19 00:00:00+00:00,56.3115668241
2013-02-20 00:00:00+00:00,56.0932485242
2013-02-21 00:00:00+00:00,56.0641394176
2013-02-22 00:00:00+00:00,56.0277530343
2013-02-25 00:00:00+00:00,55.2490844312
2013-02-26 00:00:00+00:00,55.3655208579
2013-02-27 00:00:00+00:00,55.8530983943
2013-02-28 00:00:00+00:00,55.4382936245
2013-03-01 00:00:00+00:00,55.6638892011
2013-03-04 00:00:00+00:00,55.8021574577
2013-03-05 00:00:00+00:00,56.0714166942
2013-03-06 00:00:00+00:00,56.1805758442
2013-03-07 00:00:00+00:00,55.9622575443
2013-03-08 00:00:00+00:00,56.1660212909
2013-03-11 00:00:00+00:00,56.2897349942
2013-03-12 00:00:00+00:00,56.1587440142
2013-03-13 00:00:00+00:00,55.8894847776
2013-03-14 00:00:00+00:00,56.3188441008
2013-03-15 00:00:00+00:00,55.5547300511
2013-03-18 00:00:00+00:00,55.4237390712
2013-03-19 00:00:00+00:00,56.1150803542
2013-03-20 00:00:00+00:00,56.4571123574
2013-03-21 00:00:00+00:00,56.1878531209
2013-03-22 00:00:00+00:00,56.2315167808
2013-03-25 00:00:00+00:00,55.8021574577
2013-03-26 00:00:00+00:00,56.3261213775
2013-03-27 00:00:00+00:00,56.0786939709
2013-03-28 00:00:00+00:00,56.0786939709
2013-04-01 00:00:00+00:00,56.5444396774
2013-04-02 00:00:00+00:00,57.461376537
2013-04-03 00:00:00+00:00,56.8500852973
2013-04-04 00:00:00+00:00,57.1557309171
2013-04-05 00:00:00+00:00,56.9301353406
2013-04-08 00:00:00+00:00,57.3376628337
2013-04-09 00:00:00+00:00,56.9519671706
2013-04-10 00:00:00+00:00,57.6651402836
2013-04-11 00:00:00+00:00,57.9780631801
2013-04-12 00:00:00+00:00,58.2764315234
2013-04-15 00:00:00+00:00,57.9635086268
2013-04-16 00:00:00+00:00,58.2909860767
2013-04-17 00:00:00+00:00,57.5341493037
2013-04-18 00:00:00+00:00,58.1236087134
2013-04-19 00:00:00+00:00,59.258863873
2013-04-22 00:00:00+00:00,59.237032043
2013-04-23 00:00:00+00:00,60.0666415826
2013-04-24 00:00:00+00:00,56.5600858222
2013-04-25 00:00:00+00:00,56.1640478769
2013-04-26 00:00:00+00:00,56.5454177502
2013-04-29 00:00:00+00:00,56.9707918396
2013-04-30 00:00:00+00:00,56.3033945614
2013-05-01 00:00:00+00:00,56.4647433539
2013-05-02 00:00:00+00:00,57.0294641278
2013-05-03 00:00:00+00:00,57.3448276769
2013-05-06 00:00:00+00:00,57.0221300918
2013-05-07 00:00:00+00:00,57.1614767762
2013-05-08 00:00:00+00:00,57.5281785775
2013-05-09 00:00:00+00:00,57.3594957489
2013-05-10 00:00:00+00:00,57.7628677303
2013-05-13 00:00:00+00:00,57.6381891178
2013-05-14 00:00:00+00:00,58.283584288
2013-05-15 00:00:00+00:00,59.171002647
2013-05-16 00:00:00+00:00,58.8189689178
2013-05-17 00:00:00+00:00,58.6869562694
2013-05-20 00:00:00+00:00,58.0048909191
2013-05-21 00:00:00+00:00,57.7922038744
2013-05-22 00:00:00+00:00,57.8068719464
2013-05-23 00:00:00+00:00,57.7188635141
2013-05-24 00:00:00+00:00,60.05108697
2013-05-28 00:00:00+00:00,59.3030152954
2013-05-29 00:00:00+00:00,57.8655442346
2013-05-30 00:00:00+00:00,58.0048909191
2013-05-31 00:00:00+00:00,56.2960605253
2013-06-03 00:00:00+00:00,56.9561237675
2013-06-04 00:00:00+00:00,56.7434367228
2013-06-05 00:00:00+00:00,56.2227201651
2013-06-06 00:00:00+00:00,56.3400647415
2013-06-07 00:00:00+00:00,57.0221300918
2013-06-10 00:00:00+00:00,57.2568192446
2013-06-11 00:00:00+00:00,57.2934894247
2013-06-12 00:00:00+00:00,56.9121195514
2013-06-13 00:00:00+00:00,57.5208445414
2013-06-14 00:00:00+00:00,57.2274831005
2013-06-17 00:00:00+00:00,57.9095484508
2013-06-18 00:00:00+00:00,57.968220739
2013-06-19 00:00:00+00:00,56.9194535874
2013-06-20 00:00:00+00:00,55.1886210856
2013-06-21 00:00:00+00:00,56.787440939
2013-06-24 00:00:00+00:00,56.1640478769
2013-06-25 00:00:00+00:00,56.2447222732
2013-06-26 00:00:00+00:00,56.7654388309
2013-06-27 00:00:00+00:00,56.9634578036
2013-06-28 00:00:00+00:00,56.4647433539
2013-07-01 00:00:00+00:00,57.2201490644
2013-07-02 00:00:00+00:00,57.5281785775
2013-07-03 00:00:00+00:00,57.6235210458
2013-07-05 00:00:00+00:00,57.4548382172
2013-07-08 00:00:00+00:00,57.7628677303
2013-07-09 00:00:00+00:00,58.3569246483
2013-07-10 00:00:00+00:00,58.5256074768
2013-07-11 00:00:00+00:00,59.2370089712
2013-07-12 00:00:00+00:00,59.8090637811
2013-07-15 00:00:00+00:00,59.779727637
2013-07-16 00:00:00+00:00,59.3836896917
2013-07-17 00:00:00+00:00,59.1794367884
2013-07-18 00:00:00+00:00,59.3346082421
2013-07-19 00:00:00+00:00,60.1252437442
2013-07-22 00:00:00+00:00,60.0144069916
2013-07-23 00:00:00+00:00,59.8149008368
2013-07-24 00:00:00+00:00,59.3124408916
2013-07-25 00:00:00+00:00,59.4158885274
2013-07-26 00:00:00+00:00,59.4011102937
2013-07-29 00:00:00+00:00,59.1794367884
2013-07-30 00:00:00+00:00,59.4380558779
2013-07-31 00:00:00+00:00,59.3346082421
2013-08-01 00:00:00+00:00,60.324749899
2013-08-02 00:00:00+00:00,60.0661308095
2013-08-05 00:00:00+00:00,60.1474110947
2013-08-06 00:00:00+00:00,60.3986410674
2013-08-07 00:00:00+00:00,60.5612016379
2013-08-08 00:00:00+00:00,60.7163730916
2013-08-09 00:00:00+00:00,60.324749899
2013-08-12 00:00:00+00:00,60.3099716653
2013-08-13 00:00:00+00:00,60.3395281326
2013-08-14 00:00:00+00:00,60.0365743421
2013-08-15 00:00:00+00:00,59.4676123453
2013-08-16 00:00:00+00:00,59.0390435684
2013-08-19 00:00:00+00:00,58.8099809463
2013-08-20 00:00:00+00:00,58.7656462453
2013-08-21 00:00:00+00:00,58.6548094926
2013-08-22 00:00:00+00:00,58.9429850495
2013-08-23 00:00:00+00:00,59.1203238537
2013-08-26 00:00:00+00:00,58.0341236779
2013-08-27 00:00:00+00:00,57.6129440179
2013-08-28 00:00:00+00:00,56.7853629316
2013-08-29 00:00:00+00:00,57.1252623063
2013-08-30 00:00:00+00:00,57.5538310832
2013-09-03 00:00:00+00:00,57.4503834474
2013-09-04 00:00:00+00:00,57.2582664095
2013-09-05 00:00:00+00:00,56.99964732
2013-09-06 00:00:00+00:00,57.0070364368
2013-09-09 00:00:00+00:00,57.7533372379
2013-09-10 00:00:00+00:00,57.5981657842
2013-09-11 00:00:00+00:00,57.8346175232
2013-09-12 00:00:00+00:00,57.8272284063
2013-09-13 00:00:00+00:00,58.4109686368
2013-09-16 00:00:00+00:00,59.2311606063
2013-09-17 00:00:00+00:00,58.9873197505
2013-09-18 00:00:00+00:00,59.3309136837
2013-09-19 00:00:00+00:00,59.201604139
2013-09-20 00:00:00+00:00,58.6621986095
2013-09-23 00:00:00+00:00,58.5809183242
2013-09-24 00:00:00+00:00,58.0932366126
2013-09-25 00:00:00+00:00,57.4282160968
2013-09-26 00:00:00+00:00,57.6720569526
2013-09-27 00:00:00+00:00,57.0513711379
2013-09-30 00:00:00+00:00,55.8543342095
2013-10-01 00:00:00+00:00,56.2755138695
2013-10-02 00:00:00+00:00,56.1055641821
2013-10-03 00:00:00+00:00,56.0390621305
2013-10-04 00:00:00+00:00,56.1720662337
2013-10-07 00:00:00+00:00,55.8986689105
2013-10-08 00:00:00+00:00,56.4011288558
2013-10-09 00:00:00+00:00,56.8592541
2013-10-10 00:00:00+00:00,57.5538310832
2013-10-11 00:00:00+00:00,57.9897889768
2013-10-14 00:00:00+00:00,58.1819060147
2013-10-15 00:00:00+00:00,57.3395466947
2013-10-16 00:00:00+00:00,58.3307967191
2013-10-17 00:00:00+00:00,59.1349486269
2013-10-18 00:00:00+00:00,59.1275027759
2013-10-21 00:00:00+00:00,58.799885332
2013-10-22 00:00:00+00:00,59.8497503227
2013-10-23 00:00:00+00:00,60.2443804256
2013-10-24 00:00:00+00:00,60.0210048957
2013-10-25 00:00:00+00:00,59.5668079848
2013-10-28 00:00:00+00:00,60.5347686145
2013-10-29 00:00:00+00:00,61.3984873303
2013-10-30 00:00:00+00:00,60.6985773365
2013-10-31 00:00:00+00:00,60.1252468096
2013-11-01 00:00:00+00:00,60.4230808496
2013-11-04 00:00:00+00:00,60.5571061675
2013-11-05 00:00:00+00:00,60.6315646775
2013-11-06 00:00:00+00:00,61.6590921153
2013-11-07 00:00:00+00:00,61.2942454164
2013-11-08 00:00:00+00:00,61.4357165853
2013-11-11 00:00:00+00:00,61.2495703104
2013-11-12 00:00:00+00:00,61.6516462643
2013-11-13 00:00:00+00:00,62.1728558341
2013-11-14 00:00:00+00:00,62.783415616
2013-11-15 00:00:00+00:00,63.1705998679
2013-11-18 00:00:00+00:00,62.9695618909
2013-11-19 00:00:00+00:00,62.798307318
2013-11-20 00:00:00+00:00,63.0589121029
2013-11-21 00:00:00+00:00,63.0440204009
2013-11-22 00:00:00+00:00,63.2525042289
2013-11-25 00:00:00+00:00,63.5950133748
2013-11-26 00:00:00+00:00,63.0216828479
2013-11-27 00:00:00+00:00,62.753632212
2013-11-29 00:00:00+00:00,62.708957106
2013-12-02 00:00:00+00:00,62.0537222182
2013-12-03 00:00:00+00:00,62.4185689171
2013-12-04 00:00:00+00:00,62.0611680692
2013-12-05 00:00:00+00:00,61.5697419033
2013-12-06 00:00:00+00:00,62.9323326359
2013-12-09 00:00:00+00:00,63.1259247619
2013-12-10 00:00:00+00:00,62.2845435991
2013-12-11 00:00:00+00:00,62.560040086
2013-12-12 00:00:00+00:00,61.2793537144
2013-12-13 00:00:00+00:00,61.3314746713
2013-12-16 00:00:00+00:00,60.8251568035
2013-12-17 00:00:00+00:00,60.2443804256
2013-12-18 00:00:00+00:00,61.3389205223
2013-12-19 00:00:00+00:00,60.9815196744
2013-12-20 00:00:00+00:00,60.9368445684
2013-12-23 00:00:00+00:00,60.5422144655
2013-12-24 00:00:00+00:00,60.5422144655
2013-12-26 00:00:00+00:00,60.8772777605
2013-12-27 00:00:00+00:00,61.0634240354
2013-12-30 00:00:00+00:00,61.0559781844
2013-12-31 00:00:00+00:00,60.6166729755
2014-01-02 00:00:00+00:00,59.9688839387
2014-01-03 00:00:00+00:00,59.9018712797
2014-01-06 00:00:00+00:00,60.0433424487
2014-01-07 00:00:00+00:00,60.6241188265
2014-01-08 00:00:00+00:00,59.7455084087
2014-01-09 00:00:00+00:00,59.8795337267
2014-01-10 00:00:00+00:00,59.7901835147
2014-01-13 00:00:00+00:00,59.5742538358
2014-01-14 00:00:00+00:00,60.2145970216
2014-01-15 00:00:00+00:00,60.1550302136
2014-01-16 00:00:00+00:00,59.9837756407
2014-01-17 00:00:00+00:00,59.4774577728
2014-01-21 00:00:00+00:00,59.7008333028
2014-01-22 00:00:00+00:00,59.4413453955
2014-01-23 00:00:00+00:00,58.6986099172
2014-01-24 00:00:00+00:00,59.4038335026
2014-01-27 00:00:00+00:00,58.8711646243
2014-01-28 00:00:00+00:00,59.3513168527
2014-01-29 00:00:00+00:00,58.2484672031
2014-01-30 00:00:00+00:00,57.6707840534
2014-01-31 00:00:00+00:00,57.4832245892
2014-02-03 00:00:00+00:00,56.7930057609
2014-02-04 00:00:00+00:00,57.0855985251
2014-02-05 00:00:00+00:00,57.3556841535
2014-02-06 00:00:00+00:00,57.6932911891
2014-02-07 00:00:00+00:00,58.0008887104
2014-02-10 00:00:00+00:00,58.5410599673
2014-02-11 00:00:00+00:00,59.1487526313
2014-02-12 00:00:00+00:00,58.1359315246
2014-02-13 00:00:00+00:00,58.3685052602
2014-02-14 00:00:00+00:00,59.5688858311
2014-02-18 00:00:00+00:00,58.4960456959
2014-02-19 00:00:00+00:00,58.6235861315
2014-02-20 00:00:00+00:00,58.458533803
2014-02-21 00:00:00+00:00,58.4960456959
2014-02-24 00:00:00+00:00,58.4135195316
2014-02-25 00:00:00+00:00,58.6085813744
2014-02-26 00:00:00+00:00,58.4135195316
2014-02-27 00:00:00+00:00,58.6610980244
2014-02-28 00:00:00+00:00,59.0137098171
2014-03-03 00:00:00+00:00,58.128429146
2014-03-04 00:00:00+00:00,58.8561598672
2014-03-05 00:00:00+00:00,58.3835100174
2014-03-06 00:00:00+00:00,58.563567103
2014-03-07 00:00:00+00:00,58.8036432172
2014-03-10 00:00:00+00:00,58.9161788957
2014-03-11 00:00:00+00:00,59.2312787956
2014-03-12 00:00:00+00:00,59.448847774
2014-03-13 00:00:00+00:00,59.4113358812
2014-03-14 00:00:00+00:00,59.2537859313
2014-03-17 00:00:00+00:00,59.8989904881
2014-03-18 00:00:00+00:00,59.8464738382
2014-03-19 00:00:00+00:00,59.1037383599
2014-03-20 00:00:00+00:00,58.7586289458
2014-03-21 00:00:00+00:00,58.4285242888
2014-03-24 00:00:00+00:00,59.4938620455
2014-03-25 00:00:00+00:00,59.8764833524
2014-03-26 00:00:00+00:00,59.6439096168
2014-03-27 00:00:00+00:00,59.7564452953
2014-03-28 00:00:00+00:00,59.8389714596
2014-03-31 00:00:00+00:00,60.4691712593
2014-04-01 00:00:00+00:00,60.2741094165
2014-04-02 00:00:00+00:00,60.1165594666
2014-04-03 00:00:00+00:00,60.0940523309
2014-04-04 00:00:00+00:00,59.8464738382
2014-04-07 00:00:00+00:00,60.3866450951
2014-04-08 00:00:00+00:00,61.0318496519
2014-04-09 00:00:00+00:00,61.1368829519
2014-04-10 00:00:00+00:00,60.8367878092
2014-04-11 00:00:00+00:00,60.5892093164
2014-04-14 00:00:00+00:00,60.6267212092
2014-04-15 00:00:00+00:00,60.6492283449
2014-04-16 00:00:00+00:00,61.256921009
2014-04-17 00:00:00+00:00,61.3394471732
2014-04-21 00:00:00+00:00,61.1893996019
2014-04-22 00:00:00+00:00,60.9568258662
2014-04-23 00:00:00+00:00,60.7719672583
2014-04-24 00:00:00+00:00,61.3694019788
2014-04-25 00:00:00+00:00,61.566026064
2014-04-28 00:00:00+00:00,62.7230831808
2014-04-29 00:00:00+00:00,62.34495994
2014-04-30 00:00:00+00:00,62.4281470529
2014-05-01 00:00:00+00:00,62.2693352918
2014-05-02 00:00:00+00:00,61.9517117696
2014-05-05 00:00:00+00:00,61.7853375436
2014-05-06 00:00:00+00:00,61.3542770491
2014-05-07 00:00:00+00:00,62.0802736714
2014-05-08 00:00:00+00:00,62.1332109251
2014-05-09 00:00:00+00:00,62.3071476159
2014-05-12 00:00:00+00:00,61.8080249381
2014-05-13 00:00:00+00:00,61.7172753603
2014-05-14 00:00:00+00:00,61.3845269084
2014-05-15 00:00:00+00:00,60.9005291602
2014-05-16 00:00:00+00:00,60.7492798639
2014-05-19 00:00:00+00:00,60.4467812713
2014-05-20 00:00:00+00:00,60.6736552157
2014-05-21 00:00:00+00:00,60.8702793009
2014-05-22 00:00:00+00:00,60.991278738
2014-05-23 00:00:00+00:00,60.8929666954
2014-05-27 00:00:00+00:00,60.5602182435
2014-05-28 00:00:00+00:00,60.5753431731
2014-05-29 00:00:00+00:00,60.8022171176
2014-05-30 00:00:00+00:00,61.0971532454
2014-06-02 00:00:00+00:00,60.7719672583
2014-06-03 00:00:00+00:00,60.4467812713
2014-06-04 00:00:00+00:00,60.3938440175
2014-06-05 00:00:00+00:00,60.5829056379
2014-06-06 00:00:00+00:00,60.5224059194
2014-06-09 00:00:00+00:00,60.5677807083
2014-06-10 00:00:00+00:00,60.6131554972
2014-06-11 00:00:00+00:00,60.5450933139
2014-06-12 00:00:00+00:00,60.3182193694
2014-06-13 00:00:00+00:00,60.2274697916
2014-06-16 00:00:00+00:00,60.2652821157
2014-06-17 00:00:00+00:00,60.1820950027
2014-06-18 00:00:00+00:00,60.3409067638
2014-06-19 00:00:00+00:00,60.6812176805
2014-06-20 00:00:00+00:00,60.4467812713
2014-06-23 00:00:00+00:00,60.1367202138
2014-06-24 00:00:00+00:00,59.7510345082
2014-06-25 00:00:00+00:00,59.9854709175
2014-06-26 00:00:00+00:00,59.4560983804
2014-06-27 00:00:00+00:00,59.758596973
2014-06-30 00:00:00+00:00,59.433410986
2014-07-01 00:00:00+00:00,59.9552210582
2014-07-02 00:00:00+00:00,60.1669700731
2014-07-03 00:00:00+00:00,60.4845935953
2014-07-07 00:00:00+00:00,60.6434053565
2014-07-08 00:00:00+00:00,60.9232165546
2014-07-09 00:00:00+00:00,61.7626501492
2014-07-10 00:00:00+00:00,61.7172753603
2014-07-11 00:00:00+00:00,61.3769644436
2014-07-14 00:00:00+00:00,61.4979638806
2014-07-15 00:00:00+00:00,61.4525890917
2014-07-16 00:00:00+00:00,61.6973104532
2014-07-17 00:00:00+00:00,61.2856901462
2014-07-18 00:00:00+00:00,61.4000291204
2014-07-21 00:00:00+00:00,61.1942189669
2014-07-22 00:00:00+00:00,61.0570121979
2014-07-23 00:00:00+00:00,60.9731636169
2014-07-24 00:00:00+00:00,61.1789737703
2014-07-25 00:00:00+00:00,60.645391891
2014-07-28 00:00:00+00:00,60.4167139426
2014-07-29 00:00:00+00:00,59.9517354478
2014-07-30 00:00:00+00:00,59.5782281322
2014-07-31 00:00:00+00:00,58.9379298769
2014-08-01 00:00:00+00:00,60.7139952754
2014-08-04 00:00:00+00:00,60.3862235495
2014-08-05 00:00:00+00:00,60.5310529168
2014-08-06 00:00:00+00:00,61.8116494273
2014-08-07 00:00:00+00:00,61.087502591
2014-08-08 00:00:00+00:00,61.7049330514
2014-08-11 00:00:00+00:00,62.1089307601
2014-08-12 00:00:00+00:00,62.0631951705
2014-08-13 00:00:00+00:00,62.1089307601
2014-08-14 00:00:00+00:00,62.4671928791
2014-08-15 00:00:00+00:00,62.3376087084
2014-08-18 00:00:00+00:00,62.8407001947
2014-08-19 00:00:00+00:00,63.0312651516
2014-08-20 00:00:00+00:00,63.1227363309
2014-08-21 00:00:00+00:00,63.48099845
2014-08-22 00:00:00+00:00,63.564847031
2014-08-25 00:00:00+00:00,63.6791860052
2014-08-26 00:00:00+00:00,63.5572244327
2014-08-27 00:00:00+00:00,63.5038662448
2014-08-28 00:00:00+00:00,63.290433493
2014-08-29 00:00:00+00:00,63.3514142792
2014-09-02 00:00:00+00:00,63.2523205016
2014-09-03 00:00:00+00:00,63.1913397154
2014-09-04 00:00:00+00:00,63.8011475776
2014-09-05 00:00:00+00:00,63.8545057655
2014-09-08 00:00:00+00:00,63.5114888431
2014-09-09 00:00:00+00:00,63.2599430999
2014-09-10 00:00:00+00:00,63.7554119879
2014-09-11 00:00:00+00:00,63.6410730138
2014-09-12 00:00:00+00:00,63.4657532534
2014-09-15 00:00:00+00:00,63.9307317483
2014-09-16 00:00:00+00:00,64.0908063121
2014-09-17 00:00:00+00:00,64.1517870983
2014-09-18 00:00:00+00:00,64.1746548932
2014-09-19 00:00:00+00:00,64.3880876449
2014-09-22 00:00:00+00:00,64.6472559863
2014-09-23 00:00:00+00:00,64.3652198501
2014-09-24 00:00:00+00:00,64.9750277122
2014-09-25 00:00:00+00:00,64.281371269
2014-09-26 00:00:00+00:00,64.4719362259
2014-09-29 00:00:00+00:00,64.3652198501
2014-09-30 00:00:00+00:00,63.8316379707
2014-10-01 00:00:00+00:00,63.3742820741
2014-10-02 00:00:00+00:00,63.3056786896
2014-10-03 00:00:00+00:00,63.8697509621
2014-10-06 00:00:00+00:00,63.7020538
2014-10-07 00:00:00+00:00,63.3895272706
2014-10-08 00:00:00+00:00,64.1670322949
2014-10-09 00:00:00+00:00,63.7706571845
2014-10-10 00:00:00+00:00,64.555784807
2014-10-13 00:00:00+00:00,63.5496018344
2014-10-14 00:00:00+00:00,63.6868086034
2014-10-15 00:00:00+00:00,63.2294527068
2014-10-16 00:00:00+00:00,62.6882482292
2014-10-17 00:00:00+00:00,63.4733758517
2014-10-20 00:00:00+00:00,64.1670322949
2014-10-21 00:00:00+00:00,64.4948040208
2014-10-22 00:00:00+00:00,64.6957357114
2014-10-23 00:00:00+00:00,63.9276514693
2014-10-24 00:00:00+00:00,65.4100540565
2014-10-27 00:00:00+00:00,66.0168406078
2014-10-28 00:00:00+00:00,66.4162444136
2014-10-29 00:00:00+00:00,66.4700103106
2014-10-30 00:00:00+00:00,66.7772440074
2014-10-31 00:00:00+00:00,67.0307118073
2014-11-03 00:00:00+00:00,67.1152010739
2014-11-04 00:00:00+00:00,68.082987219
2014-11-05 00:00:00+00:00,68.3594975461
2014-11-06 00:00:00+00:00,68.2826891219
2014-11-07 00:00:00+00:00,68.4593484976
2014-11-10 00:00:00+00:00,68.7051354551
2014-11-11 00:00:00+00:00,68.8741139883
2014-11-12 00:00:00+00:00,68.7281779823
2014-11-13 00:00:00+00:00,68.0522638493
2014-11-14 00:00:00+00:00,67.6759025707
2014-11-17 00:00:00+00:00,67.4685198253
2014-11-18 00:00:00+00:00,67.5530090919
2014-11-19 00:00:00+00:00,68.1521148008
2014-11-20 00:00:00+00:00,67.9524128978
2014-11-21 00:00:00+00:00,68.0522638493
2014-11-24 00:00:00+00:00,67.6759025707
2014-11-25 00:00:00+00:00,68.2058806977
2014-11-26 00:00:00+00:00,68.2673274371
2014-11-28 00:00:00+00:00,69.4578580123
2014-12-01 00:00:00+00:00,69.1890285276
2014-12-02 00:00:00+00:00,69.9494319273
2014-12-03 00:00:00+00:00,69.1275817882
2014-12-04 00:00:00+00:00,69.5730706486
2014-12-05 00:00:00+00:00,69.4194538002
2014-12-08 00:00:00+00:00,69.7113258122
2014-12-09 00:00:00+00:00,69.6729216001
2014-12-10 00:00:00+00:00,69.1275817882
2014-12-11 00:00:00+00:00,69.4424963275
2014-12-12 00:00:00+00:00,68.7819438793
2014-12-15 00:00:00+00:00,68.5131143946
2014-12-16 00:00:00+00:00,68.6360078733
2014-12-17 00:00:00+00:00,69.6652407577
2014-12-18 00:00:00+00:00,70.6637502724
2014-12-19 00:00:00+00:00,70.7021544845
2014-12-22 00:00:00+00:00,71.1246008177
2014-12-23 00:00:00+00:00,71.6545789447
2014-12-24 00:00:00+00:00,71.5393663084
2014-12-26 00:00:00+00:00,71.7851532659
2014-12-29 00:00:00+00:00,71.1553241873
2014-12-30 00:00:00+00:00,70.9709839692
2014-12-31 00:00:00+00:00,69.9647936121
2015-01-02 00:00:00+00:00,69.4655388547
2015-01-05 00:00:00+00:00,69.1352626306
2015-01-06 00:00:00+00:00,68.8203480914
2015-01-07 00:00:00+00:00,69.1813476852
2015-01-08 00:00:00+00:00,69.9724744545
2015-01-09 00:00:00+00:00,69.3196028487
2015-01-12 00:00:00+00:00,69.0661350489
2015-01-13 00:00:00+00:00,69.3580070609
2015-01-14 00:00:00+00:00,69.1199009458
2015-01-15 00:00:00+00:00,69.0200499943
2015-01-16 00:00:00+00:00,70.0876870908
2015-01-20 00:00:00+00:00,70.0416020363
2015-01-21 00:00:00+00:00,70.1826223032
2015-01-22 00:00:00+00:00,70.8710664104
2015-01-23 00:00:00+00:00,69.6798260451
2015-01-26 00:00:00+00:00,69.2930596927
2015-01-27 00:00:00+00:00,66.902843635
2015-01-28 00:00:00+00:00,65.8663098106
2015-01-29 00:00:00+00:00,66.2685468171
2015-01-30 00:00:00+00:00,65.2010716845
2015-02-02 00:00:00+00:00,65.8431038294
2015-02-03 00:00:00+00:00,66.4851359744
2015-02-04 00:00:00+00:00,66.3613707416
2015-02-05 00:00:00+00:00,67.065285503
2015-02-06 00:00:00+00:00,66.2221348548
2015-02-09 00:00:00+00:00,65.7889565401
2015-02-10 00:00:00+00:00,66.0519576597
2015-02-11 00:00:00+00:00,66.2453408359
2015-02-12 00:00:00+00:00,66.5470185908
2015-02-13 00:00:00+00:00,66.4464593392
2015-02-17 00:00:00+00:00,66.1293109302
2015-02-18 00:00:00+00:00,66.7249311129
2015-02-19 00:00:00+00:00,65.9127217729
2015-02-20 00:00:00+00:00,65.6497206533
2015-02-23 00:00:00+00:00,66.0519576597
2015-02-24 00:00:00+00:00,66.1370462573
2015-02-25 00:00:00+00:00,66.1061049491
2015-02-26 00:00:00+00:00,65.8817804647
2015-02-27 00:00:00+00:00,65.8508391565
2015-03-02 00:00:00+00:00,66.0674283138
2015-03-03 00:00:00+00:00,65.8740451376
2015-03-04 00:00:00+00:00,65.2474836468
2015-03-05 00:00:00+00:00,65.4640728041
2015-03-06 00:00:00+00:00,63.9402133757
2015-03-09 00:00:00+00:00,64.2728324388
2015-03-10 00:00:00+00:00,63.0738567464
2015-03-11 00:00:00+00:00,62.9578268407
2015-03-12 00:00:00+00:00,63.499299734
2015-03-13 00:00:00+00:00,63.2981812308
2015-03-16 00:00:00+00:00,64.63639281
2015-03-17 00:00:00+00:00,64.0871845896
2015-03-18 00:00:00+00:00,64.7833640239
2015-03-19 00:00:00+00:00,64.4971569232
2015-03-20 00:00:00+00:00,65.5491614016
2015-03-23 00:00:00+00:00,65.6419853262
2015-03-24 00:00:00+00:00,64.9148645837
2015-03-25 00:00:00+00:00,64.2109498224
2015-03-26 00:00:00+00:00,63.5457116963
2015-03-27 00:00:00+00:00,63.6694769291
2015-03-30 00:00:00+00:00,63.986625338
2015-03-31 00:00:00+00:00,63.3832698283
2015-04-01 00:00:00+00:00,63.6772122561
2015-04-02 00:00:00+00:00,63.7623008536
2015-04-06 00:00:00+00:00,64.2341558035
2015-04-07 00:00:00+00:00,63.7313595454
2015-04-08 00:00:00+00:00,64.0253019732
2015-04-09 00:00:00+00:00,64.1181258978
2015-04-10 00:00:00+00:00,64.473950942
2015-04-13 00:00:00+00:00,64.5358335584
2015-04-14 00:00:00+00:00,64.6673341182
2015-04-15 00:00:00+00:00,64.5977161748
2015-04-16 00:00:00+00:00,64.5899808477
2015-04-17 00:00:00+00:00,63.8396541241
2015-04-20 00:00:00+00:00,64.1026552437
2015-04-21 00:00:00+00:00,64.2650971117
2015-04-22 00:00:00+00:00,64.2728324388
2015-04-23 00:00:00+00:00,63.1302472806
2015-04-24 00:00:00+00:00,63.169240639
2015-04-27 00:00:00+00:00,62.8572937716
2015-04-28 00:00:00+00:00,62.7169176813
2015-04-29 00:00:00+00:00,62.2723933953
2015-04-30 00:00:00+00:00,62.0072385581
2015-05-01 00:00:00+00:00,62.6155349494
2015-05-04 00:00:00+00:00,62.6623269795
2015-05-05 00:00:00+00:00,62.4439641724
2015-05-06 00:00:00+00:00,62.701320338
2015-05-07 00:00:00+00:00,62.5453469043
2015-05-08 00:00:00+00:00,63.1380459523
2015-05-11 00:00:00+00:00,62.5999376061
2015-05-12 00:00:00+00:00,62.3503801122
2015-05-13 00:00:00+00:00,62.1554133201
2015-05-14 00:00:00+00:00,62.8338977566
2015-05-15 00:00:00+00:00,63.2082339974
2015-05-18 00:00:00+00:00,62.9664751752
2015-05-19 00:00:00+00:00,63.0366632204
2015-05-20 00:00:00+00:00,62.7637097114
2015-05-21 00:00:00+00:00,62.7091190096
2015-05-22 00:00:00+00:00,62.3503801122
2015-05-26 00:00:00+00:00,61.7186877058
2015-05-27 00:00:00+00:00,61.9136544979
2015-05-28 00:00:00+00:00,61.8668624678
2015-05-29 00:00:00+00:00,61.1337873295
2015-06-01 00:00:00+00:00,61.492526227
2015-06-02 00:00:00+00:00,61.2507674048
2015-06-03 00:00:00+00:00,61.2663647481
2015-06-04 00:00:00+00:00,60.9466192091
2015-06-05 00:00:00+00:00,60.3851148479
2015-06-08 00:00:00+00:00,60.603477655
2015-06-09 00:00:00+00:00,61.5315195854
2015-06-10 00:00:00+00:00,62.0306345731
2015-06-11 00:00:00+00:00,61.9292518413
2015-06-12 00:00:00+00:00,61.5081235703
2015-06-15 00:00:00+00:00,60.923223194
2015-06-16 00:00:00+00:00,61.6874930191
2015-06-17 00:00:00+00:00,62.4517628441
2015-06-18 00:00:00+00:00,63.0288645487
2015-06-19 00:00:00+00:00,62.8105017415
2015-06-22 00:00:00+00:00,62.7403136964
2015-06-23 00:00:00+00:00,62.2256013652
2015-06-24 00:00:00+00:00,62.0072385581
2015-06-25 00:00:00+00:00,61.9136544979
2015-06-26 00:00:00+00:00,61.8746611395
2015-06-29 00:00:00+00:00,61.0791966277
2015-06-30 00:00:00+00:00,61.0168072543
2015-07-01 00:00:00+00:00,62.1710106635
2015-07-02 00:00:00+00:00,62.3347827688
2015-07-06 00:00:00+00:00,62.428366829
2015-07-07 00:00:00+00:00,63.7307450002
2015-07-08 00:00:00+00:00,63.1614419673
2015-07-09 00:00:00+00:00,62.9040858017
2015-07-10 00:00:00+00:00,63.1302472806
2015-07-13 00:00:00+00:00,63.8789197622
2015-07-14 00:00:00+00:00,63.9803024941
2015-07-15 00:00:00+00:00,64.0660878826
2015-07-16 00:00:00+00:00,64.1830679579
2015-07-17 00:00:00+00:00,64.1362759278
2015-07-20 00:00:00+00:00,64.0972825694
2015-07-21 00:00:00+00:00,63.6605569551
2015-07-22 00:00:00+00:00,63.5536371663
2015-07-23 00:00:00+00:00,63.4514229781
2015-07-24 00:00:00+00:00,63.1290551538
2015-07-27 00:00:00+00:00,62.8774509982
2015-07-28 00:00:00+00:00,63.0818793746
2015-07-29 00:00:00+00:00,63.3885219392
2015-07-30 00:00:00+00:00,60.8488924941
2015-07-31 00:00:00+00:00,60.3063710337
2015-08-03 00:00:00+00:00,60.0704921379
2015-08-04 00:00:00+00:00,59.6852232747
2015-08-05 00:00:00+00:00,59.5751464566
2015-08-06 00:00:00+00:00,59.551558567
2015-08-07 00:00:00+00:00,59.3471301907
2015-08-10 00:00:00+00:00,60.0547668781
2015-08-11 00:00:00+00:00,59.9289648004
2015-08-12 00:00:00+00:00,60.062629508
2015-08-13 00:00:00+00:00,59.5830090865
2015-08-14 00:00:00+00:00,59.4572070087
2015-08-17 00:00:00+00:00,59.38644334
2015-08-18 00:00:00+00:00,59.0719381455
2015-08-19 00:00:00+00:00,58.2778125296
2015-08-20 00:00:00+00:00,58.1126973025
2015-08-21 00:00:00+00:00,56.4851329213
2015-08-24 00:00:00+00:00,54.3622228588
2015-08-25 00:00:00+00:00,53.7961135088
2015-08-26 00:00:00+00:00,55.7460457143
2015-08-27 00:00:00+00:00,56.2020782463
2015-08-28 00:00:00+00:00,55.98978724
2015-08-31 00:00:00+00:00,55.5652052275
2015-09-01 00:00:00+00:00,54.1735197421
2015-09-02 00:00:00+00:00,54.8890190595
2015-09-03 00:00:00+00:00,54.9833706178
2015-09-04 00:00:00+00:00,54.0634429241
2015-09-08 00:00:00+00:00,55.0226837671
2015-09-09 00:00:00+00:00,53.843289288
2015-09-10 00:00:00+00:00,53.7174872102
2015-09-11 00:00:00+00:00,53.7961135088
2015-09-14 00:00:00+00:00,53.5130588338
2015-09-15 00:00:00+00:00,54.6059643845
2015-09-16 00:00:00+00:00,55.1170353255
2015-09-17 00:00:00+00:00,55.2271121435
2015-09-18 00:00:00+00:00,54.9912332477
2015-09-21 00:00:00+00:00,55.5494799678
2015-09-22 00:00:00+00:00,55.1877989942
2015-09-23 00:00:00+00:00,55.2428374032
2015-09-24 00:00:00+00:00,56.1077266879
2015-09-25 00:00:00+00:00,57.1377311997
2015-09-28 00:00:00+00:00,56.4300945122
2015-09-29 00:00:00+00:00,56.8310886351
2015-09-30 00:00:00+00:00,56.5637592199
2015-10-01 00:00:00+00:00,56.5716218497
2015-10-02 00:00:00+00:00,56.9411654532
2015-10-05 00:00:00+00:00,57.5701758421
2015-10-06 00:00:00+00:00,57.7117031796
2015-10-07 00:00:00+00:00,57.9633073351
2015-10-08 00:00:00+00:00,58.4979661657
2015-10-09 00:00:00+00:00,58.5608672046
2015-10-12 00:00:00+00:00,58.4429277566
2015-10-13 00:00:00+00:00,58.2699498997
2015-10-14 00:00:00+00:00,58.3485761983
2015-10-15 00:00:00+00:00,58.3957519775
2015-10-16 00:00:00+00:00,58.8910976587
2015-10-19 00:00:00+00:00,59.0955260351
2015-10-20 00:00:00+00:00,58.5215540553
2015-10-21 00:00:00+00:00,58.3823068804
2015-10-22 00:00:00+00:00,59.3819224079
2015-10-23 00:00:00+00:00,61.1114159396
2015-10-26 00:00:00+00:00,61.4763549418
2015-10-27 00:00:00+00:00,61.3176858104
2015-10-28 00:00:00+00:00,60.6988761981
2015-10-29 00:00:00+00:00,61.1034824831
2015-10-30 00:00:00+00:00,60.5957412628
2015-11-02 00:00:00+00:00,60.7702773072
2015-11-03 00:00:00+00:00,61.1272828528
2015-11-04 00:00:00+00:00,61.1352163093
2015-11-05 00:00:00+00:00,60.6036747193
2015-11-06 00:00:00+00:00,59.9531312808
2015-11-09 00:00:00+00:00,59.8182625191
2015-11-10 00:00:00+00:00,60.1118004121
2015-11-11 00:00:00+00:00,60.2625360869
2015-11-12 00:00:00+00:00,59.2311867331
2015-11-13 00:00:00+00:00,58.6758447734
2015-11-16 00:00:00+00:00,59.7389279535
2015-11-17 00:00:00+00:00,59.5564584524
2015-11-18 00:00:00+00:00,60.2149353475
2015-11-19 00:00:00+00:00,60.4688059577
2015-11-20 00:00:00+00:00,60.151467695
2015-11-23 00:00:00+00:00,60.2704695435
2015-11-24 00:00:00+00:00,60.6512754587
2015-11-25 00:00:00+00:00,60.2149353475
2015-11-27 00:00:00+00:00,60.0562662162
2015-11-30 00:00:00+00:00,59.3739889514
2015-12-01 00:00:00+00:00,60.2466691738
2015-12-02 00:00:00+00:00,60.1276673253
2015-12-03 00:00:00+00:00,60.0880000424
2015-12-04 00:00:00+00:00,61.746092465
2015-12-07 00:00:00+00:00,62.1744991197
2015-12-08 00:00:00+00:00,61.6826248125
2015-12-09 00:00:00+00:00,61.6429575297
2015-12-10 00:00:00+00:00,61.7143586388
2015-12-11 00:00:00+00:00,61.7064251822
2015-12-14 00:00:00+00:00,62.1110314672
2015-12-15 00:00:00+00:00,63.21378193
2015-12-16 00:00:00+00:00,64.2530647404
2015-12-17 00:00:00+00:00,63.6977227807
2015-12-18 00:00:00+00:00,61.9840961621
2015-12-21 00:00:00+00:00,62.6346396006
2015-12-22 00:00:00+00:00,63.1503142775
2015-12-23 00:00:00+00:00,63.4041848877
2015-12-24 00:00:00+00:00,63.3010499523
2015-12-28 00:00:00+00:00,63.4041848877
2015-12-29 00:00:00+00:00,63.7532569766
2015-12-30 00:00:00+00:00,63.5231867362
2015-12-31 00:00:00+00:00,62.9995786027
2016-01-04 00:00:00+00:00,62.1744991197
2016-01-05 00:00:00+00:00,62.3728355339
2016-01-06 00:00:00+00:00,61.7698928348
2016-01-07 00:00:00+00:00,61.2304177882
2016-01-08 00:00:00+00:00,60.2704695435
2016-01-11 00:00:00+00:00,60.8258115032
2016-01-12 00:00:00+00:00,60.6988761981
2016-01-13 00:00:00+00:00,60.1752680647
2016-01-14 00:00:00+00:00,60.4132717617
2016-01-15 00:00:00+00:00,59.4850573433
2016-01-19 00:00:00+00:00,60.8734122426
2016-01-20 00:00:00+00:00,60.6853099874
2016-01-21 00:00:00+00:00,61.397560098
2016-01-22 00:00:00+00:00,61.9097399529
2016-01-25 00:00:00+00:00,61.501596631
2016-01-26 00:00:00+00:00,63.0701474365
2016-01-27 00:00:00+00:00,63.0621446262
2016-01-28 00:00:00+00:00,63.8784312699
2016-01-29 00:00:00+00:00,65.3749567832
2016-02-01 00:00:00+00:00,64.9187966
2016-02-02 00:00:00+00:00,64.1985436791
2016-02-03 00:00:00+00:00,64.9027909795
2016-02-04 00:00:00+00:00,64.5826785703
2016-02-05 00:00:00+00:00,64.9828190819
2016-02-08 00:00:00+00:00,66.1192181348
2016-02-09 00:00:00+00:00,66.1352237552
2016-02-10 00:00:00+00:00,65.3189371116
2016-02-11 00:00:00+00:00,63.9424537517
2016-02-12 00:00:00+00:00,64.814760067
2016-02-16 00:00:00+00:00,65.1988949581
2016-02-17 00:00:00+00:00,65.9831703608
2016-02-18 00:00:00+00:00,65.6070382799
2016-02-19 00:00:00+00:00,65.4549848855
2016-02-22 00:00:00+00:00,65.7270804334
2016-02-23 00:00:00+00:00,65.470990506
2016-02-24 00:00:00+00:00,65.2709202502
2016-02-25 00:00:00+00:00,65.8951394483
2016-02-26 00:00:00+00:00,64.9027909795
2016-02-29 00:00:00+00:00,64.2545633508
2016-03-01 00:00:00+00:00,65.0068275126
2016-03-02 00:00:00+00:00,66.0631984631
2016-03-03 00:00:00+00:00,66.2952799599
2016-03-04 00:00:00+00:00,66.8154626249
2016-03-07 00:00:00+00:00,66.5033530259
2016-03-08 00:00:00+00:00,66.471341785
2016-03-09 00:00:00+00:00,66.3913136826
2016-03-10 00:00:00+00:00,65.8471225869
2016-03-11 00:00:00+00:00,65.4229736446
2016-03-14 00:00:00+00:00,64.9588106512
2016-03-15 00:00:00+00:00,65.0708499944
2016-03-16 00:00:00+00:00,65.0948584251
2016-03-17 00:00:00+00:00,66.2232546678
2016-03-18 00:00:00+00:00,66.5433670771
2016-03-21 00:00:00+00:00,66.679414851
2016-03-22 00:00:00+00:00,66.2152518575
2016-03-23 00:00:00+00:00,66.2792743394
2016-03-24 00:00:00+00:00,66.335294011
2016-03-28 00:00:00+00:00,66.1192181348
2016-03-29 00:00:00+00:00,66.2632687189
2016-03-30 00:00:00+00:00,66.1672349962
2016-03-31 00:00:00+00:00,65.8711310176
2016-04-01 00:00:00+00:00,66.8474738659
2016-04-04 00:00:00+00:00,66.5913839384
2016-04-05 00:00:00+00:00,66.5513698873
2016-04-06 00:00:00+00:00,67.0715525523
2016-04-07 00:00:00+00:00,66.6153923691
2016-04-08 00:00:00+00:00,66.5833811282
2016-04-11 00:00:00+00:00,66.2072490473
2016-04-12 00:00:00+00:00,66.2872771496
2016-04-13 00:00:00+00:00,65.9911731711
2016-04-14 00:00:00+00:00,66.1668348556
2016-04-15 00:00:00+00:00,66.4008109818
2016-04-18 00:00:00+00:00,66.8284225228
2016-04-19 00:00:00+00:00,67.1914889255
2016-04-20 00:00:00+00:00,65.7957003107
2016-04-21 00:00:00+00:00,65.1905896395
2016-04-22 00:00:00+00:00,65.3116117737
2016-04-25 00:00:00+00:00,65.6827463187
2016-04-26 00:00:00+00:00,64.1820718542
2016-04-27 00:00:00+00:00,64.4563886918
2016-04-28 00:00:00+00:00,64.3515028422
2016-04-29 00:00:00+00:00,64.6419559643
2016-05-02 00:00:00+00:00,65.3277480583
2016-05-03 00:00:00+00:00,65.432633908
2016-05-04 00:00:00+00:00,65.8360410221
2016-05-05 00:00:00+00:00,65.5939967536
2016-05-06 00:00:00+00:00,66.263652563
2016-05-09 00:00:00+00:00,66.2555844207
2016-05-10 00:00:00+00:00,66.5460375429
2016-05-11 00:00:00+00:00,66.2797888476
2016-05-12 00:00:00+00:00,66.4895605469
2016-05-13 00:00:00+00:00,65.5375197576
2016-05-16 00:00:00+00:00,65.8602454489
2016-05-17 00:00:00+00:00,65.0453630784
2016-05-18 00:00:00+00:00,64.4241161227
2016-05-19 00:00:00+00:00,64.6984329603
2016-05-20 00:00:00+00:00,64.5612745415
2016-05-23 00:00:00+00:00,64.7065011026
2016-05-24 00:00:00+00:00,65.3277480583
2016-05-25 00:00:00+00:00,65.7392233147
2016-05-26 00:00:00+00:00,65.5294516154
2016-05-27 00:00:00+00:00,65.6988826033
2016-05-31 00:00:00+00:00,65.3842250543
2016-06-01 00:00:00+00:00,65.9893357254
2016-06-02 00:00:00+00:00,66.118426002
2016-06-03 00:00:00+00:00,66.5379694006
2016-06-06 00:00:00+00:00,66.7800136691
2016-06-07 00:00:00+00:00,66.4169472664
2016-06-08 00:00:00+00:00,66.6831959617
2016-06-09 00:00:00+00:00,67.1027393604
2016-06-10 00:00:00+00:00,67.1269437872
2016-06-13 00:00:00+00:00,66.6186508234
2016-06-14 00:00:00+00:00,67.2479659215
2016-06-15 00:00:00+00:00,66.9252402302
2016-06-16 00:00:00+00:00,67.2963747751
2016-06-17 00:00:00+00:00,67.0704667912
2016-06-20 00:00:00+00:00,66.9978535107
2016-06-21 00:00:00+00:00,67.2963747751
2016-06-22 00:00:00+00:00,67.4254650517
2016-06-23 00:00:00+00:00,67.9418261577
2016-06-24 00:00:00+00:00,66.3685384127
2016-06-27 00:00:00+00:00,65.5375197576
2016-06-28 00:00:00+00:00,66.5299012583
2016-06-29 00:00:00+00:00,67.6997818892
2016-06-30 00:00:00+00:00,68.3129607027
2016-07-01 00:00:00+00:00,68.4017102678
2016-07-05 00:00:00+00:00,68.9342076584
2016-07-06 00:00:00+00:00,68.6034138248
2016-07-07 00:00:00+00:00,68.4420509792
2016-07-08 00:00:00+00:00,69.2004563537
2016-07-11 00:00:00+00:00,69.1843200692
2016-07-12 00:00:00+00:00,69.1843200692
2016-07-13 00:00:00+00:00,69.2972740611
2016-07-14 00:00:00+00:00,69.2811377765
2016-07-15 00:00:00+00:00,69.3940917685
2016-07-18 00:00:00+00:00,69.3295466302
2016-07-19 00:00:00+00:00,69.523182045
2016-07-20 00:00:00+00:00,69.3775520768
2016-07-21 00:00:00+00:00,69.3287633623
2016-07-22 00:00:00+00:00,69.7028101738
2016-07-25 00:00:00+00:00,69.7678617931
2016-07-26 00:00:00+00:00,69.3368948147
2016-07-27 00:00:00+00:00,68.6782471684
2016-07-28 00:00:00+00:00,68.9628480032
2016-07-29 00:00:00+00:00,69.5971012922
2016-08-01 00:00:00+00:00,70.263880391
2016-08-02 00:00:00+00:00,70.5484812258
2016-08-03 00:00:00+00:00,69.9060964843
2016-08-04 00:00:00+00:00,69.9711481037
2016-08-05 00:00:00+00:00,69.7515988883
2016-08-08 00:00:00+00:00,69.7353359834
2016-08-09 00:00:00+00:00,69.9223593892
2016-08-10 00:00:00+00:00,70.1825658667
2016-08-11 00:00:00+00:00,70.5240868685
2016-08-12 00:00:00+00:00,70.7761618936
2016-08-15 00:00:00+00:00,70.7598989888
2016-08-16 00:00:00+00:00,70.4021150822
2016-08-17 00:00:00+00:00,70.7111102743
2016-08-18 00:00:00+00:00,71.1014199906
2016-08-19 00:00:00+00:00,70.9957111091
2016-08-22 00:00:00+00:00,70.6216642976
2016-08-23 00:00:00+00:00,71.0688941809
2016-08-24 00:00:00+00:00,70.9957111091
2016-08-25 00:00:00+00:00,71.4754668021
2016-08-26 00:00:00+00:00,71.2152603245
2016-08-29 00:00:00+00:00,71.800724899
2016-08-30 00:00:00+00:00,71.1827345148
2016-08-31 00:00:00+00:00,70.9957111091
2016-09-01 00:00:00+00:00,71.8088563514
2016-09-02 00:00:00+00:00,71.7194103748
2016-09-06 00:00:00+00:00,72.0771942814
2016-09-07 00:00:00+00:00,71.5161240642
2016-09-08 00:00:00+00:00,71.377889373
2016-09-09 00:00:00+00:00,70.1256456998
2016-09-12 00:00:00+00:00,71.7600676369
2016-09-13 00:00:00+00:00,70.7842933461
2016-09-14 00:00:00+00:00,70.7517675364
2016-09-15 00:00:00+00:00,71.6055700408
2016-09-16 00:00:00+00:00,71.5974385884
2016-09-19 00:00:00+00:00,71.857645066
2016-09-20 00:00:00+00:00,72.0284055669
2016-09-21 00:00:00+00:00,71.3941522778
2016-09-22 00:00:00+00:00,72.3617951162
2016-09-23 00:00:00+00:00,71.3616264681
2016-09-26 00:00:00+00:00,71.4348095399
2016-09-27 00:00:00+00:00,71.8495136135
2016-09-28 00:00:00+00:00,72.7439733801
2016-09-29 00:00:00+00:00,71.743804732
2016-09-30 00:00:00+00:00,72.9797855004
2016-10-03 00:00:00+00:00,72.0934571862
2016-10-04 00:00:00+00:00,71.8413821611
2016-10-05 00:00:00+00:00,72.2479547823
2016-10-06 00:00:00+00:00,72.548818522
2016-10-07 00:00:00+00:00,73.183071811
2016-10-10 00:00:00+00:00,72.4187152832
2016-10-11 00:00:00+00:00,71.9958797572
2016-10-12 00:00:00+00:00,72.0202741144
2016-10-13 00:00:00+00:00,71.7519361845
2016-10-14 00:00:00+00:00,71.9064337805
2016-10-17 00:00:00+00:00,71.4185466351
2016-10-18 00:00:00+00:00,71.109551443
2016-10-19 00:00:00+00:00,70.1008447699
2016-10-20 00:00:00+00:00,69.6009439596
2016-10-21 00:00:00+00:00,69.1092382446
2016-10-24 00:00:00+00:00,68.9207510539
2016-10-25 00:00:00+00:00,71.2727433907
2016-10-26 00:00:00+00:00,71.6251324864
2016-10-27 00:00:00+00:00,70.9531346759
2016-10-28 00:00:00+00:00,71.1662071524
2016-10-31 00:00:00+00:00,71.1334267714
2016-11-01 00:00:00+00:00,71.1744022477
2016-11-02 00:00:00+00:00,71.0842561999
2016-11-03 00:00:00+00:00,70.9695248664
2016-11-04 00:00:00+00:00,69.7238703884
2016-11-07 00:00:00+00:00,70.9367444854
2016-11-08 00:00:00+00:00,71.6743030579
2016-11-09 00:00:00+00:00,70.4204534846
2016-11-10 00:00:00+00:00,67.9865101953
2016-11-11 00:00:00+00:00,68.4946061008
2016-11-14 00:00:00+00:00,68.0192905763
2016-11-15 00:00:00+00:00,68.5273864818
2016-11-16 00:00:00+00:00,68.1749973861
2016-11-17 00:00:00+00:00,68.0766562431
2016-11-18 00:00:00+00:00,67.1997810513
2016-11-21 00:00:00+00:00,67.7242671473
2016-11-22 00:00:00+00:00,67.8226082903
2016-11-23 00:00:00+00:00,67.7570475283
2016-11-25 00:00:00+00:00,68.3962649578
2016-11-28 00:00:00+00:00,68.0766562431
2016-11-29 00:00:00+00:00,67.9291445286
2016-11-30 00:00:00+00:00,67.5767554328
2016-12-01 00:00:00+00:00,67.0850497178
2016-12-02 00:00:00+00:00,67.5275848613
2016-12-05 00:00:00+00:00,68.0110954811
2016-12-06 00:00:00+00:00,67.9455347191
2016-12-07 00:00:00+00:00,68.9863118159
2016-12-08 00:00:00+00:00,68.4290453388
2016-12-09 00:00:00+00:00,69.1420186256
2016-12-12 00:00:00+00:00,69.7648458646
2016-12-13 00:00:00+00:00,69.8058213409
2016-12-14 00:00:00+00:00,69.1420186256
2016-12-15 00:00:00+00:00,69.3960665784
2016-12-16 00:00:00+00:00,69.3960665784
2016-12-19 00:00:00+00:00,69.4206518641
2016-12-20 00:00:00+00:00,69.3059205306
2016-12-21 00:00:00+00:00,69.0682627684
2016-12-22 00:00:00+00:00,69.2239695781
2016-12-23 00:00:00+00:00,69.6255292454
2016-12-27 00:00:00+00:00,69.3305058164
2016-12-28 00:00:00+00:00,68.8961657681
2016-12-29 00:00:00+00:00,69.1256284351
2016-12-30 00:00:00+00:00,68.9043608634
2017-01-03 00:00:00+00:00,69.0027020064
2017-01-04 00:00:00+00:00,69.2485548639
2017-01-05 00:00:00+00:00,69.7074801979
2017-01-06 00:00:00+00:00,69.6828949121
2017-01-09 00:00:00+00:00,69.1666039114
2017-01-10 00:00:00+00:00,68.4208502436
2017-01-11 00:00:00+00:00,68.6339227201
2017-01-12 00:00:00+00:00,68.7076785774
2017-01-13 00:00:00+00:00,68.8469951966
2017-01-17 00:00:00+00:00,69.8304066266
2017-01-18 00:00:00+00:00,70.1496055866
2017-01-19 00:00:00+00:00,69.9596325584
2017-01-20 00:00:00+00:00,72.2310491999
2017-01-23 00:00:00+00:00,71.8263240529
2017-01-24 00:00:00+00:00,72.5696967719
2017-01-25 00:00:00+00:00,71.9915179905
2017-01-26 00:00:00+00:00,71.5289749653
2017-01-27 00:00:00+00:00,71.6280913278
2017-01-30 00:00:00+00:00,71.6528704185
2017-01-31 00:00:00+00:00,72.3549446531
2017-02-01 00:00:00+00:00,72.1319328374
2017-02-02 00:00:00+00:00,72.4870998032
2017-02-03 00:00:00+00:00,72.1980104124
2017-02-06 00:00:00+00:00,72.1897507155
2017-02-07 00:00:00+00:00,72.6935922251
2017-02-08 00:00:00+00:00,72.9579025252
2017-02-09 00:00:00+00:00,73.2387322191
2017-02-10 00:00:00+00:00,72.6605534376
2017-02-13 00:00:00+00:00,72.9413831315
2017-02-14 00:00:00+00:00,72.5696967719
2017-02-15 00:00:00+00:00,75.2623579542
2017-02-16 00:00:00+00:00,74.9897879572
2017-02-17 00:00:00+00:00,75.2375788636
2017-02-21 00:00:00+00:00,75.7166412825
2017-02-22 00:00:00+00:00,75.5266682543
2017-02-23 00:00:00+00:00,75.2706176511
2017-02-24 00:00:00+00:00,75.2045400761
2017-02-27 00:00:00+00:00,75.072384926
2017-02-28 00:00:00+00:00,75.2210594698
2017-03-01 00:00:00+00:00,75.7083815857
2017-03-02 00:00:00+00:00,75.0889043198
2017-03-03 00:00:00+00:00,74.7502567478
2017-03-06 00:00:00+00:00,74.6428806884
2017-03-07 00:00:00+00:00,74.5768031133
2017-03-08 00:00:00+00:00,74.4529076602
2017-03-09 00:00:00+00:00,74.6181015977
2017-03-10 00:00:00+00:00,75.2210594698
2017-03-13 00:00:00+00:00,75.4192921949
2017-03-14 00:00:00+00:00,75.1632415917
2017-03-15 00:00:00+00:00,75.4936294668
2017-03-16 00:00:00+00:00,75.5266682543
2017-03-17 00:00:00+00:00,75.1632415917
2017-03-20 00:00:00+00:00,75.344954923
2017-03-21 00:00:00+00:00,75.3201758324
2017-03-22 00:00:00+00:00,75.1549818948
2017-03-23 00:00:00+00:00,74.9732685635
2017-03-24 00:00:00+00:00,74.8080746259
2017-03-27 00:00:00+00:00,74.7419970509
2017-03-28 00:00:00+00:00,74.9650088666
2017-03-29 00:00:00+00:00,74.8328537166
2017-03-30 00:00:00+00:00,74.5024658414
2017-03-31 00:00:00+00:00,74.2133764507
2017-04-03 00:00:00+00:00,74.0729616038
2017-04-04 00:00:00+00:00,74.262934632
2017-04-05 00:00:00+00:00,74.3124928132
2017-04-06 00:00:00+00:00,73.8416900912
2017-04-07 00:00:00+00:00,73.7012752442
2017-04-10 00:00:00+00:00,73.9160273631
2017-04-11 00:00:00+00:00,74.1720779663
2017-04-12 00:00:00+00:00,74.5933225071
2017-04-13 00:00:00+00:00,74.3620509945
2017-04-17 00:00:00+00:00,74.6594000821
2017-04-18 00:00:00+00:00,74.9980476541
2017-04-19 00:00:00+00:00,74.5764727255
2017-04-20 00:00:00+00:00,74.3517445152
2017-04-21 00:00:00+00:00,73.760792555
2017-04-24 00:00:00+00:00,74.5348563902
2017-04-25 00:00:00+00:00,74.9094034073
2017-04-26 00:00:00+00:00,73.028345055
2017-04-27 00:00:00+00:00,72.9867287198
2017-04-28 00:00:00+00:00,72.6870911062
2017-05-01 00:00:00+00:00,72.4873326971
2017-05-02 00:00:00+00:00,71.7632084642
2017-05-03 00:00:00+00:00,71.9379970721
2017-05-04 00:00:00+00:00,71.9546436062
2017-05-05 00:00:00+00:00,71.9962599414
2017-05-08 00:00:00+00:00,72.0378762767
2017-05-09 00:00:00+00:00,71.913027271
2017-05-10 00:00:00+00:00,71.9879366744
2017-05-11 00:00:00+00:00,71.7215921289
2017-05-12 00:00:00+00:00,71.738238663
2017-05-15 00:00:00+00:00,71.8547644017
2017-05-16 00:00:00+00:00,71.7798549983
2017-05-17 00:00:00+00:00,71.7965015323
2017-05-18 00:00:00+00:00,71.4718941176
2017-05-19 00:00:00+00:00,71.7798549983
2017-05-22 00:00:00+00:00,71.7548851971
2017-05-23 00:00:00+00:00,71.6466827255
2017-05-24 00:00:00+00:00,71.9962599414
2017-05-25 00:00:00+00:00,72.2958975551
2017-05-26 00:00:00+00:00,72.6205049698
2017-05-30 00:00:00+00:00,72.7453539755
2017-05-31 00:00:00+00:00,73.3196594016
2017-06-01 00:00:00+00:00,73.3529524698
2017-06-02 00:00:00+00:00,73.7358227539
2017-06-05 00:00:00+00:00,73.8606717596
2017-06-06 00:00:00+00:00,73.9106113618
2017-06-07 00:00:00+00:00,73.8856415607
2017-06-08 00:00:00+00:00,73.1199009925
2017-06-09 00:00:00+00:00,73.3779222709
2017-06-12 00:00:00+00:00,73.4445084073
2017-06-13 00:00:00+00:00,73.2946896005
2017-06-14 00:00:00+00:00,73.6109737482
2017-06-15 00:00:00+00:00,74.3933608505
2017-06-16 00:00:00+00:00,74.6264123277
2017-06-19 00:00:00+00:00,74.7928776686
2017-06-20 00:00:00+00:00,74.6014425266
2017-06-21 00:00:00+00:00,74.4100073846
2017-06-22 00:00:00+00:00,74.1020465039
2017-06-23 00:00:00+00:00,74.4266539186
2017-06-26 00:00:00+00:00,74.3767143164
2017-06-27 00:00:00+00:00,73.752469288
2017-06-28 00:00:00+00:00,73.5527108789
2017-06-29 00:00:00+00:00,72.4041000267
2017-06-30 00:00:00+00:00,72.5372722994
2017-07-03 00:00:00+00:00,73.028345055
2017-07-05 00:00:00+00:00,72.9700821857
2017-07-06 00:00:00+00:00,72.7203841744
2017-07-07 00:00:00+00:00,72.9534356516
2017-07-10 00:00:00+00:00,72.4873326971
2017-07-11 00:00:00+00:00,72.2209881517
2017-07-12 00:00:00+00:00,72.3791302255
2017-07-13 00:00:00+00:00,72.1627252823
2017-07-14 00:00:00+00:00,72.4956559642
2017-07-17 00:00:00+00:00,72.8702029812
2017-07-18 00:00:00+00:00,73.7774390891
2017-07-19 00:00:00+00:00,74.1100368402
2017-07-20 00:00:00+00:00,74.3197426604
2017-07-21 00:00:00+00:00,74.3281308932
2017-07-24 00:00:00+00:00,73.9674368825
2017-07-25 00:00:00+00:00,74.7727072319
2017-07-26 00:00:00+00:00,74.9069189568
2017-07-27 00:00:00+00:00,76.064495084
2017-07-28 00:00:00+00:00,75.6702481421
2017-07-31 00:00:00+00:00,76.1819303433
2017-08-01 00:00:00+00:00,76.4168008619
2017-08-02 00:00:00+00:00,76.366471465
2017-08-03 00:00:00+00:00,76.2154832745
2017-08-04 00:00:00+00:00,76.0561068512
2017-08-07 00:00:00+00:00,76.7020007773
2017-08-08 00:00:00+00:00,76.8194360366
2017-08-09 00:00:00+00:00,77.104635952
2017-08-10 00:00:00+00:00,76.9536477615
2017-08-11 00:00:00+00:00,76.6181184492
2017-08-14 00:00:00+00:00,76.8781536662
2017-08-15 00:00:00+00:00,77.3395064705
2017-08-16 00:00:00+00:00,77.5408240579
2017-08-17 00:00:00+00:00,77.230459444
2017-08-18 00:00:00+00:00,77.5659887563
2017-08-21 00:00:00+00:00,77.8931298357
2017-08-22 00:00:00+00:00,77.8344122061
2017-08-23 00:00:00+00:00,77.5408240579
2017-08-24 00:00:00+00:00,77.3982241002
2017-08-25 00:00:00+00:00,77.5995416875
2017-08-28 00:00:00+00:00,77.5659887563
2017-08-29 00:00:00+00:00,77.4401652642
2017-08-30 00:00:00+00:00,77.0626947879
2017-08-31 00:00:00+00:00,77.3982241002
2017-09-01 00:00:00+00:00,77.6163181531
2017-09-05 00:00:00+00:00,77.7756945764
2017-09-06 00:00:00+00:00,77.7756945764
2017-09-07 00:00:00+00:00,77.9854003966
2017-09-08 00:00:00+00:00,77.8763533701
2017-09-11 00:00:00+00:00,78.8410001428
2017-09-12 00:00:00+00:00,78.4383649681
2017-09-13 00:00:00+00:00,78.4719178993
2017-09-14 00:00:00+00:00,78.4719178993
2017-09-15 00:00:00+00:00,78.2370473808
2017-09-18 00:00:00+00:00,78.1363885871
2017-09-19 00:00:00+00:00,78.9919883333
2017-09-20 00:00:00+00:00,79.1849176878
2017-09-21 00:00:00+00:00,77.708588714
2017-09-22 00:00:00+00:00,77.3730594017
2017-09-25 00:00:00+00:00,77.7756945764
2017-09-26 00:00:00+00:00,77.7169769468
2017-09-27 00:00:00+00:00,76.2238715073
2017-09-28 00:00:00+00:00,76.2406479729
2017-09-29 00:00:00+00:00,76.3161420682
2017-10-02 00:00:00+00:00,76.9788124599
2017-10-03 00:00:00+00:00,77.2724006081
2017-10-04 00:00:00+00:00,77.5240475923
2017-10-05 00:00:00+00:00,77.1969065128
2017-10-06 00:00:00+00:00,77.448553497
2017-10-09 00:00:00+00:00,77.2724006081
2017-10-10 00:00:00+00:00,76.8529889678
2017-10-11 00:00:00+00:00,76.7187772429
2017-10-12 00:00:00+00:00,77.2975653065
2017-10-13 00:00:00+00:00,78.0441180262
2017-10-16 00:00:00+00:00,78.1280003543
2017-10-17 00:00:00+00:00,77.8428004389
2017-10-18 00:00:00+00:00,77.8176357405
2017-10-19 00:00:00+00:00,77.4062768037
2017-10-20 00:00:00+00:00,74.5835126971
2017-10-23 00:00:00+00:00,73.7806306907
2017-10-24 00:00:00+00:00,73.5101862254
2017-10-25 00:00:00+00:00,73.3918667718
2017-10-26 00:00:00+00:00,73.9496584815
2017-10-27 00:00:00+00:00,73.5608945626
2017-10-30 00:00:00+00:00,72.910137568
2017-10-31 00:00:00+00:00,72.9692972948
2017-11-01 00:00:00+00:00,73.4341237195
2017-11-02 00:00:00+00:00,73.112970917
2017-11-03 00:00:00+00:00,73.1721306437
2017-11-06 00:00:00+00:00,72.7242069981
2017-11-07 00:00:00+00:00,73.5101862254
2017-11-08 00:00:00+00:00,74.0172695978
2017-11-09 00:00:00+00:00,74.1862973886
2017-11-10 00:00:00+00:00,74.5074501912
2017-11-13 00:00:00+00:00,75.2173669126
2017-11-14 00:00:00+00:00,75.1074988486
2017-11-15 00:00:00+00:00,74.566609918
2017-11-16 00:00:00+00:00,75.4286516511
2017-11-17 00:00:00+00:00,74.7356377088
2017-11-20 00:00:00+00:00,74.6004154761
2017-11-21 00:00:00+00:00,74.9807280055
2017-11-22 00:00:00+00:00,74.6511238134
2017-11-24 00:00:00+00:00,74.7525404879
2017-11-27 00:00:00+00:00,75.1835613544
2017-11-28 00:00:00+00:00,75.5554224942
2017-11-29 00:00:00+00:00,75.5385197152
2017-11-30 00:00:00+00:00,76.0540544771
2017-12-01 00:00:00+00:00,76.3667558901
2017-12-04 00:00:00+00:00,77.2541517919
2017-12-05 00:00:00+00:00,77.2457004024
2017-12-06 00:00:00+00:00,77.1189295593
2017-12-07 00:00:00+00:00,76.1470197621
2017-12-08 00:00:00+00:00,76.3752072797
2017-12-11 00:00:00+00:00,76.2568878261
2017-12-12 00:00:00+00:00,75.9357350236
2017-12-13 00:00:00+00:00,76.8062281463
2017-12-14 00:00:00+00:00,76.9076448208
2017-12-15 00:00:00+00:00,77.6598184899
2017-12-18 00:00:00+00:00,77.6513671003
2017-12-19 00:00:00+00:00,77.4823393095
2017-12-20 00:00:00+00:00,77.3555684664
2017-12-21 00:00:00+00:00,77.47388792
2017-12-22 00:00:00+00:00,77.8626518389
2017-12-26 00:00:00+00:00,78.1584504728
2017-12-27 00:00:00+00:00,77.8372976702
2017-12-28 00:00:00+00:00,77.8119435016
2017-12-29 00:00:00+00:00,77.6513671003
2018-01-02 00:00:00+00:00,76.6118461868
2018-01-03 00:00:00+00:00,76.5188809019
2018-01-04 00:00:00+00:00,77.0597698325
2018-01-05 00:00:00+00:00,77.1104781697
2018-01-08 00:00:00+00:00,77.5161448677
2018-01-09 00:00:00+00:00,76.9499017685
2018-01-10 00:00:00+00:00,76.4597211751
2018-01-11 00:00:00+00:00,76.1892767098
2018-01-12 00:00:00+00:00,75.7329016746
2018-01-16 00:00:00+00:00,76.2484364366
2018-01-17 00:00:00+00:00,77.0766726116
2018-01-18 00:00:00+00:00,76.7974387011
2018-01-19 00:00:00+00:00,77.5553641884
2018-01-22 00:00:00+00:00,78.2536775588
2018-01-23 00:00:00+00:00,75.8351288128
2018-01-24 00:00:00+00:00,75.2049435762
2018-01-25 00:00:00+00:00,75.2304916263
2018-01-26 00:00:00+00:00,74.7110146069
2018-01-29 00:00:00+00:00,73.970121153
2018-01-30 00:00:00+00:00,74.0467653034
2018-01-31 00:00:00+00:00,73.5272882841
2018-02-01 00:00:00+00:00,73.1100034652
2018-02-02 00:00:00+00:00,71.7474407914
2018-02-05 00:00:00+00:00,69.0308314606
2018-02-06 00:00:00+00:00,70.1549456664
2018-02-07 00:00:00+00:00,69.695080764
2018-02-08 00:00:00+00:00,68.3154860568
2018-02-09 00:00:00+00:00,68.0600055555
2018-02-12 00:00:00+00:00,69.2607639118
2018-02-13 00:00:00+00:00,69.4055361959
2018-02-14 00:00:00+00:00,68.7072228256
2018-02-15 00:00:00+00:00,70.1804937166
2018-02-16 00:00:00+00:00,70.3422980341
2018-02-20 00:00:00+00:00,69.2692799285
2018-02-21 00:00:00+00:00,68.3325180903
2018-02-22 00:00:00+00:00,68.8434790929
2018-02-23 00:00:00+00:00,69.0223154439
2018-02-26 00:00:00+00:00,69.5162444131
2018-02-27 00:00:00+00:00,68.5879985916
2018-02-28 00:00:00+00:00,66.8677632159
2018-03-01 00:00:00+00:00,67.0210515167
2018-03-02 00:00:00+00:00,67.7023328536
2018-03-05 00:00:00+00:00,68.3750981738
2018-03-06 00:00:00+00:00,68.1451657226
2018-03-07 00:00:00+00:00,67.4127882855
2018-03-08 00:00:00+00:00,68.1025856391
2018-03-09 00:00:00+00:00,68.3750981738
2018-03-12 00:00:00+00:00,68.0089094552
2018-03-13 00:00:00+00:00,67.8896852213
2018-03-14 00:00:00+00:00,67.2765320181
2018-03-15 00:00:00+00:00,66.9955034666
2018-03-16 00:00:00+00:00,67.2509839679
2018-03-19 00:00:00+00:00,66.9869874499
2018-03-20 00:00:00+00:00,66.688926865
2018-03-21 00:00:00+00:00,65.6073927427
2018-03-22 00:00:00+00:00,65.0708836899
2018-03-23 00:00:00+00:00,64.6450828543
2018-03-26 00:00:00+00:00,65.0708836899
2018-03-27 00:00:00+00:00,66.246093996
2018-03-28 00:00:00+00:00,67.1402757507
2018-03-29 00:00:00+00:00,67.514980486
2018-04-02 00:00:00+00:00,65.9139693443
2018-04-03 00:00:00+00:00,66.8166671157
2018-04-04 00:00:00+00:00,67.3191121016
2018-04-05 00:00:00+00:00,67.1062116839
2018-04-06 00:00:00+00:00,66.7911190655
2018-04-09 00:00:00+00:00,66.5611866143
2018-04-10 00:00:00+00:00,66.7400229653
2018-04-11 00:00:00+00:00,66.6548627982
2018-04-12 00:00:00+00:00,66.246093996
2018-04-13 00:00:00+00:00,66.7400229653
2018-04-16 00:00:00+00:00,66.9444073663
2018-04-17 00:00:00+00:00,66.7911190655
2018-04-18 00:00:00+00:00,66.5952506812
2018-04-19 00:00:00+00:00,64.4383139686
2018-04-20 00:00:00+00:00,63.4496006789
2018-04-23 00:00:00+00:00,62.7618001295
2018-04-24 00:00:00+00:00,62.3319247862
2018-04-25 00:00:00+00:00,62.1599746488
2018-04-26 00:00:00+00:00,62.5468624578
2018-04-27 00:00:00+00:00,62.598447499
2018-04-30 00:00:00+00:00,62.1943646763
2018-05-01 00:00:00+00:00,61.8676594153
2018-05-02 00:00:00+00:00,60.9907137149
2018-05-03 00:00:00+00:00,61.3518090033
2018-05-04 00:00:00+00:00,62.2717422381
2018-05-07 00:00:00+00:00,61.8848544291
2018-05-08 00:00:00+00:00,61.4205890583
2018-05-09 00:00:00+00:00,62.2201571969
2018-05-10 00:00:00+00:00,62.8907627325
2018-05-11 00:00:00+00:00,63.0799078836
2018-05-14 00:00:00+00:00,63.0025303218
2018-05-15 00:00:00+00:00,62.7188125952
2018-05-16 00:00:00+00:00,63.2174679935
2018-05-17 00:00:00+00:00,63.5871607887
2018-05-18 00:00:00+00:00,63.1486879385
2018-05-21 00:00:00+00:00,63.6731358574
2018-05-22 00:00:00+00:00,63.6473433368
2018-05-23 00:00:00+00:00,63.7763059398
2018-05-24 00:00:00+00:00,63.4238081583
2018-05-25 00:00:00+00:00,63.8880735291
2018-05-29 00:00:00+00:00,63.6645383506
2018-05-30 00:00:00+00:00,64.3867289274
2018-05-31 00:00:00+00:00,62.9079577463
2018-06-01 00:00:00+00:00,63.1486879385
2018-06-04 00:00:00+00:00,63.7763059398
2018-06-05 00:00:00+00:00,63.5957582956
2018-06-06 00:00:00+00:00,63.9224635566
2018-06-07 00:00:00+00:00,65.1347120248
2018-06-08 00:00:00+00:00,66.3555579999
2018-06-11 00:00:00+00:00,66.6564707403
2018-06-12 00:00:00+00:00,66.4071430411
2018-06-13 00:00:00+00:00,65.7451350124
2018-06-14 00:00:00+00:00,65.3324546828
2018-06-15 00:00:00+00:00,66.5275081373
2018-06-18 00:00:00+00:00,65.2034920798
2018-06-19 00:00:00+00:00,65.6247699162
2018-06-20 00:00:00+00:00,65.2120895866
2018-06-21 00:00:00+00:00,65.7193424918
2018-06-22 00:00:00+00:00,66.5704956716
2018-06-25 00:00:00+00:00,66.8800059188
2018-06-26 00:00:00+00:00,67.060553563
2018-06-27 00:00:00+00:00,66.7940308502
2018-06-28 00:00:00+00:00,67.1035410974
2018-06-29 00:00:00+00:00,67.1121386042
2018-07-02 00:00:00+00:00,67.1723211523
2018-07-03 00:00:00+00:00,66.9745784944
2018-07-05 00:00:00+00:00,68.100851894
2018-07-06 00:00:00+00:00,68.1868269626
2018-07-09 00:00:00+00:00,66.9401884669
2018-07-10 00:00:00+00:00,68.6252998128
2018-07-11 00:00:00+00:00,68.0578643596
2018-07-12 00:00:00+00:00,67.8257316742
2018-07-13 00:00:00+00:00,68.1868269626
2018-07-16 00:00:00+00:00,68.3759721137
2018-07-17 00:00:00+00:00,68.8058474571
2018-07-18 00:00:00+00:00,68.5393247442
2018-07-19 00:00:00+00:00,68.3047847568
2018-07-20 00:00:00+00:00,68.2614056226
2018-07-23 00:00:00+00:00,68.1139165662
2018-07-24 00:00:00+00:00,68.5303562548
2018-07-25 00:00:00+00:00,68.9467959434
2018-07-26 00:00:00+00:00,69.4846972079
2018-07-27 00:00:00+00:00,69.9098127233
2018-07-30 00:00:00+00:00,69.5801313032
2018-07-31 00:00:00+00:00,70.1700875287
2018-08-01 00:00:00+00:00,69.9705435112
2018-08-02 00:00:00+00:00,71.1417801354
2018-08-03 00:00:00+00:00,71.4280824213
2018-08-06 00:00:00+00:00,71.5929231314
2018-08-07 00:00:00+00:00,71.6970330535
2018-08-08 00:00:00+00:00,71.445434075
2018-08-09 00:00:00+00:00,70.6212305247
2018-08-10 00:00:00+00:00,70.6472580052
2018-08-13 00:00:00+00:00,70.7253404468
2018-08-14 00:00:00+00:00,70.5431480831
2018-08-15 00:00:00+00:00,71.4020549408
2018-08-16 00:00:00+00:00,72.6079948723
2018-08-17 00:00:00+00:00,72.6079948723
2018-08-20 00:00:00+00:00,72.5646157381
2018-08-21 00:00:00+00:00,72.7901872361
2018-08-22 00:00:00+00:00,72.347720067
2018-08-23 00:00:00+00:00,72.2175826643
2018-08-24 00:00:00+00:00,72.3216925864
2018-08-27 00:00:00+00:00,72.3910992012
2018-08-28 00:00:00+00:00,72.4258025086
2018-08-29 00:00:00+00:00,72.4344783354
2018-08-30 00:00:00+00:00,72.3650717207
2018-08-31 00:00:00+00:00,71.9659836858
2018-09-04 00:00:00+00:00,71.7490880146
2018-09-05 00:00:00+00:00,72.2609617985
2018-09-06 00:00:00+00:00,71.7057088804
2018-09-07 00:00:00+00:00,71.0636976938
2018-09-10 00:00:00+00:00,71.4714615556
2018-09-11 00:00:00+00:00,71.1504559623
2018-09-12 00:00:00+00:00,72.1047969153
2018-09-13 00:00:00+00:00,72.399775028
2018-09-14 00:00:00+00:00,72.5385882576
2018-09-17 00:00:00+00:00,73.0938411757
2018-09-18 00:00:00+00:00,72.8769455046
2018-09-19 00:00:00+00:00,72.8769455046
2018-09-20 00:00:00+00:00,74.0568579556
2018-09-21 00:00:00+00:00,74.4559459905
2018-09-24 00:00:00+00:00,73.1111928294
2018-09-25 00:00:00+00:00,72.1134727421
2018-09-26 00:00:00+00:00,72.234934318
2018-09-27 00:00:00+00:00,71.8879012441
2018-09-28 00:00:00+00:00,72.2089068374
2018-10-01 00:00:00+00:00,72.5906432187
2018-10-02 00:00:00+00:00,73.189275271
2018-10-03 00:00:00+00:00,72.0353903005
2018-10-04 00:00:00+00:00,71.0723735206
2018-10-05 00:00:00+00:00,71.2719175381
2018-10-08 00:00:00+00:00,71.4888132092
2018-10-09 00:00:00+00:00,71.3152966723
2018-10-10 00:00:00+00:00,70.655933832
2018-10-11 00:00:00+00:00,68.4262463327
2018-10-12 00:00:00+00:00,68.5910870428
2018-10-15 00:00:00+00:00,69.5194005152
2018-10-16 00:00:00+00:00,70.2828732777
2018-10-17 00:00:00+00:00,71.0203185596
2018-10-18 00:00:00+00:00,70.2370649119
2018-10-19 00:00:00+00:00,76.4169462464
2018-10-22 00:00:00+00:00,75.8042101368
2018-10-23 00:00:00+00:00,76.2943990245
2018-10-24 00:00:00+00:00,78.3076748133
2018-10-25 00:00:00+00:00,77.9050196556
2018-10-26 00:00:00+00:00,76.9071351341
2018-10-29 00:00:00+00:00,77.2397633079
2018-10-30 00:00:00+00:00,78.0713337425
2018-10-31 00:00:00+00:00,77.6249117197
2018-11-01 00:00:00+00:00,78.4214686623
2018-11-02 00:00:00+00:00,78.6140428682
2018-11-05 00:00:00+00:00,79.8307617145
2018-11-06 00:00:00+00:00,80.1021162773
2018-11-07 00:00:00+00:00,79.9095420714
2018-11-08 00:00:00+00:00,79.9708156824
2018-11-09 00:00:00+00:00,80.8899198469
2018-11-12 00:00:00+00:00,81.1437676637
2018-11-13 00:00:00+00:00,81.8177773843
2018-11-14 00:00:00+00:00,81.8352841303
2018-11-15 00:00:00+00:00,82.1328988121
2018-11-16 00:00:00+00:00,82.1241454392
2018-11-19 00:00:00+00:00,81.6602166704
2018-11-20 00:00:00+00:00,80.618565284
2018-11-21 00:00:00+00:00,80.0145825474
2018-11-23 00:00:00+00:00,80.1283763963
2018-11-26 00:00:00+00:00,80.4785113161
2018-11-27 00:00:00+00:00,81.1612744097
2018-11-28 00:00:00+00:00,81.4151222266
2018-11-29 00:00:00+00:00,81.2488081397
2018-11-30 00:00:00+00:00,82.7281281758
2018-12-03 00:00:00+00:00,81.6864767894
2018-12-04 00:00:00+00:00,81.6777234164
2018-12-06 00:00:00+00:00,81.8878043683
2018-12-07 00:00:00+00:00,80.9249333388
2018-12-10 00:00:00+00:00,81.4326289725
2018-12-11 00:00:00+00:00,82.2029257961
2018-12-12 00:00:00+00:00,82.307966272
2018-12-13 00:00:00+00:00,84.4612960288
2018-12-14 00:00:00+00:00,84.5925966237
2018-12-17 00:00:00+00:00,81.2050412747
2018-12-18 00:00:00+00:00,80.9599468308
2018-12-19 00:00:00+00:00,80.3209506022
2018-12-20 00:00:00+00:00,79.6381875086
2018-12-21 00:00:00+00:00,79.6294341356
2018-12-24 00:00:00+00:00,76.4694664844
2018-12-26 00:00:00+00:00,78.859137312
2018-12-27 00:00:00+00:00,80.5485383001
2018-12-28 00:00:00+00:00,79.8132549685
2018-12-31 00:00:00+00:00,80.4610045701
2019-01-02 00:00:00+00:00,79.9007886984
2019-01-03 00:00:00+00:00,79.3405728267
2019-01-04 00:00:00+00:00,80.9599468308
2019-01-07 00:00:00+00:00,80.63607203
2019-01-08 00:00:00+00:00,80.9336867118
2019-01-09 00:00:00+00:00,79.6119273896
2019-01-10 00:00:00+00:00,79.8045015955
2019-01-11 00:00:00+00:00,80.3297039752
2019-01-14 00:00:00+00:00,79.7869948495
2019-01-15 00:00:00+00:00,80.5397849271
2019-01-16 00:00:00+00:00,79.9795690554
2019-01-17 00:00:00+00:00,79.9683647379
2019-01-18 00:00:00+00:00,80.6565302774
2019-01-22 00:00:00+00:00,79.7919120355
2019-01-23 00:00:00+00:00,83.6738714888
2019-01-24 00:00:00+00:00,83.1974491923
2019-01-25 00:00:00+00:00,82.5798647338
2019-01-28 00:00:00+00:00,82.5092836528
2019-01-29 00:00:00+00:00,82.5269289231
2019-01-30 00:00:00+00:00,83.3915471649
2019-01-31 00:00:00+00:00,85.1119610136
2019-02-01 00:00:00+00:00,85.9942245257
2019-02-04 00:00:00+00:00,86.4882920925
2019-02-05 00:00:00+00:00,85.9677566203
2019-02-06 00:00:00+00:00,86.3912431061
2019-02-07 00:00:00+00:00,85.7030775667
2019-02-08 00:00:00+00:00,86.2059677686
2019-02-11 00:00:00+00:00,86.7000353354
2019-02-12 00:00:00+00:00,87.5734762124
2019-02-13 00:00:00+00:00,87.5558309421
2019-02-14 00:00:00+00:00,86.8676654027
2019-02-15 00:00:00+00:00,86.8853106729
2019-02-19 00:00:00+00:00,88.2175285762
2019-02-20 00:00:00+00:00,87.5911214826
2019-02-21 00:00:00+00:00,88.0322532387
2019-02-22 00:00:00+00:00,88.4469170893
2019-02-25 00:00:00+00:00,87.8469779011
2019-02-26 00:00:00+00:00,88.0763664143
2019-02-27 00:00:00+00:00,87.2646839831
2019-02-28 00:00:00+00:00,86.9470691188
2019-03-01 00:00:00+00:00,86.8500201324
2019-03-04 00:00:00+00:00,87.2293934426
2019-03-05 00:00:00+00:00,87.4234914153
2019-03-06 00:00:00+00:00,87.2823292534
2019-03-07 00:00:00+00:00,86.9470691188
2019-03-08 00:00:00+00:00,86.8235522271
2019-03-11 00:00:00+00:00,87.8558005362
2019-03-12 00:00:00+00:00,88.2704643869
2019-03-13 00:00:00+00:00,89.2674221556
2019-03-14 00:00:00+00:00,89.3909390473
2019-03-15 00:00:00+00:00,90.3790741809
2019-03-18 00:00:00+00:00,89.5585691146
2019-03-19 00:00:00+00:00,89.9026518843
2019-03-20 00:00:00+00:00,89.7438444522
2019-03-21 00:00:00+00:00,90.4231873565
2019-03-22 00:00:00+00:00,89.6909086414
2019-03-25 00:00:00+00:00,89.9555876951
2019-03-26 00:00:00+00:00,90.8907870179
2019-03-27 00:00:00+00:00,90.7849153964
2019-03-28 00:00:00+00:00,91.3583866793
2019-03-29 00:00:00+00:00,91.7995184354
2019-04-01 00:00:00+00:00,91.4377903954
2019-04-02 00:00:00+00:00,91.5348393817
2019-04-03 00:00:00+00:00,91.481903571
2019-04-04 00:00:00+00:00,91.2525150579
2019-04-05 00:00:00+00:00,91.4466130305
2019-04-08 00:00:00+00:00,92.6112008665
2019-04-09 00:00:00+00:00,92.3376991778
2019-04-10 00:00:00+00:00,92.3288765426
2019-04-11 00:00:00+00:00,92.4171028939
2019-04-12 00:00:00+00:00,92.6906045826
2019-04-15 00:00:00+00:00,93.2817211357
2019-04-16 00:00:00+00:00,93.8904829591
2019-04-17 00:00:00+00:00,94.0456731109
2019-04-18 00:00:00+00:00,94.2233692339
2019-04-22 00:00:00+00:00,94.1878300093
2019-04-23 00:00:00+00:00,91.6556602562
2019-04-24 00:00:00+00:00,92.1265549822
2019-04-25 00:00:00+00:00,91.76227793
2019-04-26 00:00:00+00:00,94.054557917
2019-04-29 00:00:00+00:00,93.0949988527
2019-04-30 00:00:00+00:00,94.6054158984
2019-05-01 00:00:00+00:00,93.228270945
2019-05-02 00:00:00+00:00,93.7880137325
2019-05-03 00:00:00+00:00,94.2500236523
2019-05-06 00:00:00+00:00,93.8946314063
2019-05-07 00:00:00+00:00,93.0239204035
2019-05-08 00:00:00+00:00,93.3526582311
2019-05-09 00:00:00+00:00,92.6152193205
2019-05-10 00:00:00+00:00,94.1878300093
2019-05-13 00:00:00+00:00,94.2766780708
2019-05-14 00:00:00+00:00,93.8235529571
2019-05-15 00:00:00+00:00,94.8008816337
2019-05-16 00:00:00+00:00,96.053639301
2019-05-17 00:00:00+00:00,95.4672420951
2019-05-20 00:00:00+00:00,95.3606244213
2019-05-21 00:00:00+00:00,94.5076830307
2019-05-22 00:00:00+00:00,94.818651246
2019-05-23 00:00:00+00:00,94.8541904706
2019-05-24 00:00:00+00:00,94.7919968276
2019-05-28 00:00:00+00:00,92.8106850558
2019-05-29 00:00:00+00:00,92.5707952898
2019-05-30 00:00:00+00:00,93.583663191
2019-05-31 00:00:00+00:00,91.4335401024
2019-06-03 00:00:00+00:00,92.2242878499
2019-06-04 00:00:00+00:00,93.0061507912
2019-06-05 00:00:00+00:00,94.8275360522
2019-06-06 00:00:00+00:00,95.405048452
2019-06-07 00:00:00+00:00,96.640036507
2019-06-10 00:00:00+00:00,96.5956124763
2019-06-11 00:00:00+00:00,97.1820096823
2019-06-12 00:00:00+00:00,97.4485538668
2019-06-13 00:00:00+00:00,98.5413850234
2019-06-14 00:00:00+00:00,98.7990444018
2019-06-17 00:00:00+00:00,98.6124634726
2019-06-18 00:00:00+00:00,97.3774754176
2019-06-19 00:00:00+00:00,98.106029522
2019-06-20 00:00:00+00:00,99.2788239339
2019-06-21 00:00:00+00:00,98.7990444018
2019-06-24 00:00:00+00:00,99.8030274969
2019-06-25 00:00:00+00:00,99.2610543216
2019-06-26 00:00:00+00:00,97.4929778975
2019-06-27 00:00:00+00:00,97.5374019283
2019-06-28 00:00:00+00:00,97.4218994483
2019-07-01 00:00:00+00:00,98.168223165
2019-07-02 00:00:00+00:00,99.047818974
2019-07-03 00:00:00+00:00,101.3578685733
2019-07-05 00:00:00+00:00,100.5315816013
2019-07-08 00:00:00+00:00,101.3312141549
2019-07-09 00:00:00+00:00,100.3183462536
2019-07-10 00:00:00+00:00,101.0646699703
2019-07-11 00:00:00+00:00,101.6244127579
2019-07-12 00:00:00+00:00,102.1663859331
2019-07-15 00:00:00+00:00,102.6017414345
2019-07-16 00:00:00+00:00,102.9660184867
2019-07-17 00:00:00+00:00,103.0104425175
2019-07-18 00:00:00+00:00,103.2289199007
2019-07-19 00:00:00+00:00,102.8444046932
2019-07-22 00:00:00+00:00,103.1037289029
2019-07-23 00:00:00+00:00,101.8071078543
2019-07-24 00:00:00+00:00,100.6893310882
2019-07-25 00:00:00+00:00,100.8413487284
2019-07-26 00:00:00+00:00,102.5940226976
2019-07-29 00:00:00+00:00,103.7296838919
2019-07-30 00:00:00+00:00,107.6732003226
2019-07-31 00:00:00+00:00,105.5538955742
2019-08-01 00:00:00+00:00,104.3824655233
2019-08-02 00:00:00+00:00,104.1231413136
2019-08-05 00:00:00+00:00,101.1185573664
2019-08-06 00:00:00+00:00,102.1916230618
2019-08-07 00:00:00+00:00,103.3004576138
2019-08-08 00:00:00+00:00,105.0173627265
2019-08-09 00:00:00+00:00,104.427176594
2019-08-12 00:00:00+00:00,103.7565105343
2019-08-13 00:00:00+00:00,104.847460658
2019-08-14 00:00:00+00:00,103.5418973952
2019-08-15 00:00:00+00:00,104.9726516558
2019-08-16 00:00:00+00:00,106.5733079848
2019-08-19 00:00:00+00:00,107.5211826825
2019-08-20 00:00:00+00:00,106.3229259892
2019-08-21 00:00:00+00:00,106.5911924131
2019-08-22 00:00:00+00:00,106.7879211239
2019-08-23 00:00:00+00:00,104.9100561569
2019-08-26 00:00:00+00:00,106.6984989826
2019-08-27 00:00:00+00:00,107.7983913204
2019-08-28 00:00:00+00:00,108.5584795214
2019-08-29 00:00:00+00:00,108.3617508106
2019-08-30 00:00:00+00:00,107.5122404683
2019-09-03 00:00:00+00:00,108.5227106649
2019-09-04 00:00:00+00:00,110.1770202787
2019-09-05 00:00:00+00:00,109.7746206429
2019-09-06 00:00:00+00:00,109.8729849983
2019-09-09 00:00:00+00:00,109.2470300093
2019-09-10 00:00:00+00:00,107.1992629738
2019-09-11 00:00:00+00:00,108.4422307377
2019-09-12 00:00:00+00:00,109.783562857
2019-09-13 00:00:00+00:00,109.2023189386
2019-09-16 00:00:00+00:00,107.0830141902
2019-09-17 00:00:00+00:00,108.3438663823
2019-09-18 00:00:00+00:00,108.5674217355
2019-09-19 00:00:00+00:00,109.0055902278
2019-09-20 00:00:00+00:00,109.3096255082
2019-09-23 00:00:00+00:00,110.1859624928
2019-09-24 00:00:00+00:00,110.5347088438
2019-09-25 00:00:00+00:00,110.0071182102
2019-09-26 00:00:00+00:00,111.1606638328
2019-09-27 00:00:00+00:00,111.3931614002
2019-09-30 00:00:00+00:00,111.2232593317
2019-10-01 00:00:00+00:00,110.7493219829
2019-10-02 00:00:00+00:00,108.2723286693
2019-10-03 00:00:00+00:00,108.8625148018
2019-10-04 00:00:00+00:00,110.8834551948
2019-10-07 00:00:00+00:00,109.8461583559
2019-10-08 00:00:00+00:00,108.1381954573
2019-10-09 00:00:00+00:00,109.0771279408
2019-10-10 00:00:00+00:00,109.0413590843
2019-10-11 00:00:00+00:00,108.2812708834
2019-10-14 00:00:00+00:00,107.351280614
2019-10-15 00:00:00+00:00,104.8027495874
2019-10-16 00:00:00+00:00,105.0978426536
2019-10-17 00:00:00+00:00,104.9600431339
2019-10-18 00:00:00+00:00,105.7159930287
2019-10-21 00:00:00+00:00,107.1648969938
2019-10-22 00:00:00+00:00,109.9547120818
2019-10-23 00:00:00+00:00,110.6926631696
2019-10-24 00:00:00+00:00,112.3035563978
2019-10-25 00:00:00+00:00,110.9176482573
2019-10-28 00:00:00+00:00,111.124634538
2019-10-29 00:00:00+00:00,111.2326273802
2019-10-30 00:00:00+00:00,112.4385474505
2019-10-31 00:00:00+00:00,112.0515730995
2019-11-01 00:00:00+00:00,111.4756112749
2019-11-04 00:00:00+00:00,107.1558975903
2019-11-05 00:00:00+00:00,107.0029077306
2019-11-06 00:00:00+00:00,108.280823029
2019-11-07 00:00:00+00:00,107.6508647833
2019-11-08 00:00:00+00:00,107.7228600114
2019-11-11 00:00:00+00:00,107.3898820815
2019-11-12 00:00:00+00:00,107.3358856605
2019-11-13 00:00:00+00:00,108.5778033448
2019-11-14 00:00:00+00:00,108.4428122921
2019-11-15 00:00:00+00:00,108.4788099062
2019-11-18 00:00:00+00:00,109.69372938
2019-11-19 00:00:00+00:00,109.270757415
2019-11-20 00:00:00+00:00,110.0537055204
2019-11-21 00:00:00+00:00,108.298821836
2019-11-22 00:00:00+00:00,108.2538248184
2019-11-25 00:00:00+00:00,108.4518116957
2019-11-26 00:00:00+00:00,110.0267073099
2019-11-27 00:00:00+00:00,109.5767371344
2019-11-29 00:00:00+00:00,109.8467192397
2019-12-02 00:00:00+00:00,110.4406798713
2019-12-03 00:00:00+00:00,110.647666152
2019-12-04 00:00:00+00:00,112.0695719066
2019-12-05 00:00:00+00:00,112.1505665382
2019-12-06 00:00:00+00:00,111.7635921872
2019-12-09 00:00:00+00:00,112.3755516259
2019-12-10 00:00:00+00:00,111.8355874153
2019-12-11 00:00:00+00:00,112.1865641522
2019-12-12 00:00:00+00:00,112.1055695206
2019-12-13 00:00:00+00:00,112.9155158365
2019-12-16 00:00:00+00:00,112.9965104681
2019-12-17 00:00:00+00:00,112.7715253803
2019-12-18 00:00:00+00:00,111.6016029241
2019-12-19 00:00:00+00:00,112.4205486434
2019-12-20 00:00:00+00:00,112.8165223979
2019-12-23 00:00:00+00:00,112.4025498364
2019-12-24 00:00:00+00:00,112.6905307487
2019-12-26 00:00:00+00:00,112.6905307487
2019-12-27 00:00:00+00:00,113.4734788541
2019-12-30 00:00:00+00:00,112.0155754855
2019-12-31 00:00:00+00:00,112.4025498364
2020-01-02 00:00:00+00:00,111.0616387135
2020-01-03 00:00:00+00:00,110.3146882222
2020-01-06 00:00:00+00:00,110.4676780818
2020-01-07 00:00:00+00:00,109.7837234151
2020-01-08 00:00:00+00:00,110.2516923976
2020-01-09 00:00:00+00:00,111.4576124679
2020-01-10 00:00:00+00:00,111.56560531
2020-01-13 00:00:00+00:00,112.3845510294
2020-01-14 00:00:00+00:00,112.2135623627
2020-01-15 00:00:00+00:00,113.3564866085
2020-01-16 00:00:00+00:00,113.4554800471
2020-01-17 00:00:00+00:00,113.7614597664
2020-01-21 00:00:00+00:00,113.4734788541
2020-01-22 00:00:00+00:00,113.6714657313
2020-01-23 00:00:00+00:00,113.1548099758
2020-01-24 00:00:00+00:00,113.2906066115
2020-01-27 00:00:00+00:00,113.7885276091
2020-01-28 00:00:00+00:00,114.0963333167
2020-01-29 00:00:00+00:00,113.2181817391
2020-01-30 00:00:00+00:00,114.0239084443
2020-01-31 00:00:00+00:00,112.8198449411
2020-02-03 00:00:00+00:00,113.2634472844
2020-02-04 00:00:00+00:00,113.7613682819
2020-02-05 00:00:00+00:00,114.8024758223
2020-02-06 00:00:00+00:00,115.1012284209
2020-02-07 00:00:00+00:00,114.1415988619
2020-02-10 00:00:00+00:00,114.2230768433
2020-02-11 00:00:00+00:00,112.4034019249
2020-02-12 00:00:00+00:00,111.7606311826
2020-02-13 00:00:00+00:00,113.1276506487
2020-02-14 00:00:00+00:00,114.1959175162
2020-02-18 00:00:00+00:00,113.0461726672
2020-02-19 00:00:00+00:00,113.5621998829
2020-02-20 00:00:00+00:00,114.5942543142
2020-02-21 00:00:00+00:00,114.7028916228
2020-02-24 00:00:00+00:00,111.6248345469
2020-02-25 00:00:00+00:00,109.9319031551
2020-02-26 00:00:00+00:00,108.7821583062
2020-02-27 00:00:00+00:00,102.752787681
2020-02-28 00:00:00+00:00,102.5083537368
2020-03-02 00:00:00+00:00,108.2389717634
2020-03-03 00:00:00+00:00,106.9805896059
2020-03-04 00:00:00+00:00,112.7112076325
2020-03-05 00:00:00+00:00,110.1129653361
2020-03-06 00:00:00+00:00,110.1401246632
2020-03-09 00:00:00+00:00,105.070383597
2020-03-10 00:00:00+00:00,109.135229559
2020-03-11 00:00:00+00:00,101.0236438531
2020-03-12 00:00:00+00:00,92.1968625325
2020-03-13 00:00:00+00:00,103.2688148967
2020-03-16 00:00:00+00:00,98.2262331577
2020-03-17 00:00:00+00:00,107.0439613692
2020-03-18 00:00:00+00:00,106.3287657545
2020-03-19 00:00:00+00:00,100.3356075656
2020-03-20 00:00:00+00:00,92.7309959663
2020-03-23 00:00:00+00:00,88.4488753871
2020-03-24 00:00:00+00:00,93.4914571262
2020-03-25 00:00:00+00:00,91.3639765002
2020-03-26 00:00:00+00:00,97.2122849444
2020-03-27 00:00:00+00:00,99.7381023685
2020-03-30 00:00:00+00:00,104.1107540381
2020-03-31 00:00:00+00:00,99.5841995147
2020-04-01 00:00:00+00:00,98.9776412085
2020-04-02 00:00:00+00:00,103.5675674953
2020-04-03 00:00:00+00:00,104.1831789104
2020-04-06 00:00:00+00:00,106.6546776802
2020-04-07 00:00:00+00:00,102.0919107206
2020-04-08 00:00:00+00:00,104.2012851285
2020-04-09 00:00:00+00:00,103.8029483305
2020-04-13 00:00:00+00:00,104.9707993975
2020-04-14 00:00:00+00:00,109.5064070299
2020-04-15 00:00:00+00:00,109.7417878652
2020-04-16 00:00:00+00:00,109.9952749185
2020-04-17 00:00:00+00:00,112.8832167044
2020-04-20 00:00:00+00:00,109.1804951043
2020-04-21 00:00:00+00:00,108.347609072
2020-04-22 00:00:00+00:00,108.0941220186
2020-04-23 00:00:00+00:00,108.809951351
2020-04-24 00:00:00+00:00,108.2449415533
2020-04-27 00:00:00+00:00,107.0329044068
2020-04-28 00:00:00+00:00,106.5225729767
2020-04-29 00:00:00+00:00,106.6957211405
2020-04-30 00:00:00+00:00,107.4156529794
2020-05-01 00:00:00+00:00,106.4587815479
2020-05-04 00:00:00+00:00,105.5019101164
2020-05-05 00:00:00+00:00,105.7206235865
2020-05-06 00:00:00+00:00,103.0687227621
2020-05-07 00:00:00+00:00,102.2212080657
2020-05-08 00:00:00+00:00,105.665945219
2020-05-11 00:00:00+00:00,105.0827092988
2020-05-12 00:00:00+00:00,104.3901166437
2020-05-13 00:00:00+00:00,103.8159937848
2020-05-14 00:00:00+00:00,103.715750111
2020-05-15 00:00:00+00:00,104.4447950112
2020-05-18 00:00:00+00:00,105.9028848115
2020-05-19 00:00:00+00:00,102.4672607195
2020-05-20 00:00:00+00:00,103.2327578646
2020-05-21 00:00:00+00:00,101.7199896968
2020-05-22 00:00:00+00:00,102.6130696995
2020-05-26 00:00:00+00:00,102.0936252081
2020-05-27 00:00:00+00:00,103.788654601
2020-05-28 00:00:00+00:00,105.7661888928
2020-05-29 00:00:00+00:00,105.6386060352
2020-06-01 00:00:00+00:00,106.8506431818
2020-06-02 00:00:00+00:00,107.5888011432
2020-06-03 00:00:00+00:00,108.017115022
2020-06-04 00:00:00+00:00,105.7570758315
2020-06-05 00:00:00+00:00,107.834853797
2020-06-08 00:00:00+00:00,108.4909942072
2020-06-09 00:00:00+00:00,107.8439668582
2020-06-10 00:00:00+00:00,108.6550293097
2020-06-11 00:00:00+00:00,105.9484501178
2020-06-12 00:00:00+00:00,105.3652141977
2020-06-15 00:00:00+00:00,106.3403117516
2020-06-16 00:00:00+00:00,107.652592572
2020-06-17 00:00:00+00:00,107.4703313469
2020-06-18 00:00:00+00:00,108.700594616
2020-06-19 00:00:00+00:00,108.3725244109
2020-06-22 00:00:00+00:00,107.3062962444
2020-06-23 00:00:00+00:00,107.2880701219
2020-06-24 00:00:00+00:00,106.0942590978
2020-06-25 00:00:00+00:00,107.4338791019
2020-06-26 00:00:00+00:00,105.0098048088
2020-06-29 00:00:00+00:00,107.2242786931
2020-06-30 00:00:00+00:00,108.9648733923
2020-07-01 00:00:00+00:00,109.3385089036
2020-07-02 00:00:00+00:00,110.1586844163
2020-07-06 00:00:00+00:00,110.8421640102
2020-07-07 00:00:00+00:00,111.3798346241
2020-07-08 00:00:00+00:00,111.990409728
2020-07-09 00:00:00+00:00,111.6167742166
2020-07-10 00:00:00+00:00,112.9017158532
2020-07-13 00:00:00+00:00,113.0475248332
2020-07-14 00:00:00+00:00,113.9952832035
2020-07-15 00:00:00+00:00,113.4576125896
2020-07-16 00:00:00+00:00,113.6945521821
2020-07-17 00:00:00+00:00,114.4873885111
2020-07-20 00:00:00+00:00,114.1319791223
2020-07-21 00:00:00+00:00,113.977057081
2020-07-22 00:00:00+00:00,114.9521546349
2020-07-23 00:00:00+00:00,115.6909505107
2020-07-24 00:00:00+00:00,115.5075469747
2020-07-27 00:00:00+00:00,115.8376733395
2020-07-28 00:00:00+00:00,117.2682209203
2020-07-29 00:00:00+00:00,117.6625385227
2020-07-30 00:00:00+00:00,120.5144635075
2020-07-31 00:00:00+00:00,120.2393582035
2020-08-03 00:00:00+00:00,120.3952512091
2020-08-04 00:00:00+00:00,122.6877954092
2020-08-05 00:00:00+00:00,122.3668392212
2020-08-06 00:00:00+00:00,121.6974163148
2020-08-07 00:00:00+00:00,122.467711166
2020-08-10 00:00:00+00:00,122.97207089
2020-08-11 00:00:00+00:00,122.1742655084
2020-08-12 00:00:00+00:00,124.2192149348
2020-08-13 00:00:00+00:00,124.5126605924
2020-08-14 00:00:00+00:00,123.88908857
2020-08-17 00:00:00+00:00,124.255895642
2020-08-18 00:00:00+00:00,125.1820834988
2020-08-19 00:00:00+00:00,124.5034904156
2020-08-20 00:00:00+00:00,125.49386951
2020-08-21 00:00:00+00:00,126.0349099412
2020-08-24 00:00:00+00:00,127.0161188588
2020-08-25 00:00:00+00:00,127.5204785829
2020-08-26 00:00:00+00:00,126.9060767372
2020-08-27 00:00:00+00:00,126.7410135548
2020-08-28 00:00:00+00:00,127.2545434556
2020-08-31 00:00:00+00:00,126.8510556764
2020-09-01 00:00:00+00:00,126.7135030244
2020-09-02 00:00:00+00:00,128.8501542189
2020-09-03 00:00:00+00:00,126.7868644388
2020-09-04 00:00:00+00:00,126.5117591348
2020-09-08 00:00:00+00:00,124.6593834212
2020-09-09 00:00:00+00:00,126.685992494
2020-09-10 00:00:00+00:00,125.356316858
2020-09-11 00:00:00+00:00,126.6768223172
2020-09-14 00:00:00+00:00,127.1261609804
2020-09-15 00:00:00+00:00,127.1261609804
2020-09-16 00:00:00+00:00,126.273334538
2020-09-17 00:00:00+00:00,126.1082713556
2020-09-18 00:00:00+00:00,125.9707187036
2020-09-21 00:00:00+00:00,125.3654870348
2020-09-22 00:00:00+00:00,126.5117591348
2020-09-23 00:00:00+00:00,124.9986799628
2020-09-24 00:00:00+00:00,125.5580607476
2020-09-25 00:00:00+00:00,126.1999731236
2020-09-28 00:00:00+00:00,126.5576100188
2020-09-29 00:00:00+00:00,125.8698467588
2020-09-30 00:00:00+00:00,127.4562873452
2020-10-01 00:00:00+00:00,127.6855417653
2020-10-02 00:00:00+00:00,126.6584819636
2020-10-05 00:00:00+00:00,127.8230944173
2020-10-06 00:00:00+00:00,128.0248383069
2020-10-07 00:00:00+00:00,129.0243875781
2020-10-08 00:00:00+00:00,129.8955543741
2020-10-09 00:00:00+00:00,131.0601668277
2020-10-12 00:00:00+00:00,132.4998845853
2020-10-13 00:00:00+00:00,132.2431196349
2020-10-14 00:00:00+00:00,132.0872266293
2020-10-15 00:00:00+00:00,131.8946529165
2020-10-16 00:00:00+00:00,132.4081828173
2020-10-19 00:00:00+00:00,130.1339789709
2020-10-20 00:00:00+00:00,130.6566790485
2020-10-21 00:00:00+00:00,131.3627826621
2020-10-22 00:00:00+00:00,130.4372367177
2020-10-23 00:00:00+00:00,131.2948304267
2020-10-26 00:00:00+00:00,130.2989151517
2020-10-27 00:00:00+00:00,131.2763875513
2020-10-28 00:00:00+00:00,126.9423118173
2020-10-29 00:00:00+00:00,126.8593188777
2020-10-30 00:00:00+00:00,126.4259113043
2020-11-02 00:00:00+00:00,127.7169125868
2020-11-03 00:00:00+00:00,130.2251436498
2020-11-04 00:00:00+00:00,129.6903002614
2020-11-05 00:00:00+00:00,131.2948304267
2020-11-06 00:00:00+00:00,132.078652634
2020-11-09 00:00:00+00:00,127.2466192624
2020-11-10 00:00:00+00:00,129.3398856276
2020-11-11 00:00:00+00:00,131.008965857
2020-11-12 00:00:00+00:00,131.0827373589
2020-11-13 00:00:00+00:00,133.0469035958
2020-11-16 00:00:00+00:00,131.3409376154
2020-11-17 00:00:00+00:00,130.8337585401
2020-11-18 00:00:00+00:00,128.8234851146
2020-11-19 00:00:00+00:00,128.6667206731
2020-11-20 00:00:00+00:00,128.4546276053
2020-11-23 00:00:00+00:00,127.9566699678
2020-11-24 00:00:00+00:00,127.5417052699
2020-11-25 00:00:00+00:00,127.8828984659
2020-11-27 00:00:00+00:00,127.8183484018
2020-11-30 00:00:00+00:00,128.0581057828
2020-12-01 00:00:00+00:00,128.5191776694
2020-12-02 00:00:00+00:00,127.5878124585
2020-12-03 00:00:00+00:00,126.6472258099
2020-12-04 00:00:00+00:00,126.7671045004
2020-12-07 00:00:00+00:00,126.9607546927
2020-12-08 00:00:00+00:00,127.3019478888
2020-12-09 00:00:00+00:00,125.7896321008
2020-12-10 00:00:00+00:00,124.9597027049
2020-12-11 00:00:00+00:00,125.8818464781
2020-12-14 00:00:00+00:00,125.2732315878
2020-12-15 00:00:00+00:00,126.0109466064
2020-12-16 00:00:00+00:00,126.5826757457
2020-12-17 00:00:00+00:00,127.4863766435
2020-12-18 00:00:00+00:00,128.2148702243
2020-12-21 00:00:00+00:00,126.813211689
2020-12-22 00:00:00+00:00,125.918732229
2020-12-23 00:00:00+00:00,125.7250820367
2020-12-24 00:00:00+00:00,126.9976404437
2020-12-28 00:00:00+00:00,127.8828984659
2020-12-29 00:00:00+00:00,127.6431410849
2020-12-30 00:00:00+00:00,127.0437476323
2020-12-31 00:00:00+00:00,128.3070846016
2021-01-04 00:00:00+00:00,127.089854821
2021-01-05 00:00:00+00:00,127.9013413414
2021-01-06 00:00:00+00:00,129.2476712503
2021-01-07 00:00:00+00:00,128.0396629074
2021-01-08 00:00:00+00:00,127.984334281
2021-01-11 00:00:00+00:00,127.1175191342
2021-01-12 00:00:00+00:00,126.3798041156
2021-01-13 00:00:00+00:00,126.573454308
2021-01-14 00:00:00+00:00,125.2271243992
2021-01-15 00:00:00+00:00,124.2865377505
2021-01-19 00:00:00+00:00,123.1984080981
2021-01-20 00:00:00+00:00,121.6584279969
2021-01-21 00:00:00+00:00,121.539194807
2021-01-22 00:00:00+00:00,120.6022084186
2021-01-25 00:00:00+00:00,122.6802772405
2021-01-26 00:00:00+00:00,123.4688301417
2021-01-27 00:00:00+00:00,119.0993193598
2021-01-28 00:00:00+00:00,120.9361837649
2021-01-29 00:00:00+00:00,118.9416087796
2021-02-01 00:00:00+00:00,119.6466678442
2021-02-02 00:00:00+00:00,119.479680171
2021-02-03 00:00:00+00:00,119.6281136582
2021-02-04 00:00:00+00:00,119.7023304019
2021-02-05 00:00:00+00:00,120.2032934215
2021-02-08 00:00:00+00:00,119.8322097033
2021-02-09 00:00:00+00:00,119.3683550555
2021-02-10 00:00:00+00:00,118.9508858725
2021-02-11 00:00:00+00:00,119.052933895
2021-02-12 00:00:00+00:00,118.3942602952
2021-02-16 00:00:00+00:00,118.6725730839
2021-02-17 00:00:00+00:00,119.1735361034
2021-02-18 00:00:00+00:00,120.1661850497
2021-02-19 00:00:00+00:00,117.9304056474
2021-02-22 00:00:00+00:00,117.4294426278
2021-02-23 00:00:00+00:00,118.3014893656
2021-02-24 00:00:00+00:00,118.431368667
2021-02-25 00:00:00+00:00,117.4294426278
2021-02-26 00:00:00+00:00,114.5999292765
2021-03-01 00:00:00+00:00,115.3049883411
2021-03-02 00:00:00+00:00,114.9431817158
2021-03-03 00:00:00+00:00,114.2566768371
2021-03-04 00:00:00+00:00,113.3196904487
2021-03-05 00:00:00+00:00,116.8728170505
2021-03-08 00:00:00+00:00,118.1066704136
2021-03-09 00:00:00+00:00,117.0583589096
2021-03-10 00:00:00+00:00,118.1345016924
2021-03-11 00:00:00+00:00,117.7355866954
2021-03-12 00:00:00+00:00,118.8766691289
2021-03-15 00:00:00+00:00,119.266307033
2021-03-16 00:00:00+00:00,119.6188365653
2021-03-17 00:00:00+00:00,119.1364277316
2021-03-18 00:00:00+00:00,119.3961863344
2021-03-19 00:00:00+00:00,118.7560669205
2021-03-22 00:00:00+00:00,120.7691960917
2021-03-23 00:00:00+00:00,123.0142525869
2021-03-24 00:00:00+00:00,122.9771442151
2021-03-25 00:00:00+00:00,123.830636767
2021-03-26 00:00:00+00:00,125.6582240792
2021-03-29 00:00:00+00:00,127.6249677857
2021-03-30 00:00:00+00:00,125.6582240792
2021-03-31 00:00:00+00:00,125.6396698933
2021-04-01 00:00:00+00:00,124.5728042034
2021-04-05 00:00:00+00:00,126.5859333747
2021-04-06 00:00:00+00:00,126.6323188395
2021-04-07 00:00:00+00:00,126.8549690704
2021-04-08 00:00:00+00:00,127.3373779041
2021-04-09 00:00:00+00:00,126.5117166311
2021-04-12 00:00:00+00:00,127.0219567436
2021-04-13 00:00:00+00:00,125.3428029187
2021-04-14 00:00:00+00:00,125.7973804735
2021-04-15 00:00:00+00:00,127.3188237182
2021-04-16 00:00:00+00:00,127.3281008111
2021-04-19 00:00:00+00:00,126.734366862
2021-04-20 00:00:00+00:00,127.7919554589
2021-04-21 00:00:00+00:00,126.9570170929
2021-04-22 00:00:00+00:00,125.7044240021
2021-04-23 00:00:00+00:00,125.0601689879
2021-04-26 00:00:00+00:00,122.5578451646
2021-04-27 00:00:00+00:00,122.4831489311
2021-04-28 00:00:00+00:00,122.6885635733
2021-04-29 00:00:00+00:00,123.7249738135
2021-04-30 00:00:00+00:00,124.5746434699
2021-05-03 00:00:00+00:00,126.0498940822
2021-05-04 00:00:00+00:00,125.6203907394
2021-05-05 00:00:00+00:00,124.6119915867
2021-05-06 00:00:00+00:00,126.1806124908
2021-05-07 00:00:00+00:00,126.18994952
2021-05-10 00:00:00+00:00,128.5428808762
2021-05-11 00:00:00+00:00,127.9079628912
2021-05-12 00:00:00+00:00,126.5540936585
2021-05-13 00:00:00+00:00,128.5895660222
2021-05-14 00:00:00+00:00,128.8603398687
2021-05-17 00:00:00+00:00,128.5989030514
2021-05-18 00:00:00+00:00,127.2823819354
2021-05-19 00:00:00+00:00,127.5438187528
2021-05-20 00:00:00+00:00,128.8510028396
2021-05-21 00:00:00+00:00,128.8510028396
2021-05-24 00:00:00+00:00,128.8136547228
2021-05-25 00:00:00+00:00,129.2524950948
2021-05-26 00:00:00+00:00,128.9630471898
2021-05-27 00:00:00+00:00,126.0312200238
2021-05-28 00:00:00+00:00,125.9098386443
2021-06-01 00:00:00+00:00,124.0704438936
2021-06-02 00:00:00+00:00,124.6119915867
2021-06-03 00:00:00+00:00,126.8435415634
2021-06-04 00:00:00+00:00,126.9369118553
2021-06-07 00:00:00+00:00,127.3757522273
2021-06-08 00:00:00+00:00,125.9005016151
2021-06-09 00:00:00+00:00,125.8538164692
2021-06-10 00:00:00+00:00,126.7875193883
2021-06-11 00:00:00+00:00,125.9191756735
2021-06-14 00:00:00+00:00,125.9658608194
2021-06-15 00:00:00+00:00,125.7230980605
2021-06-16 00:00:00+00:00,123.9770736017
2021-06-17 00:00:00+00:00,125.1068541339
2021-06-18 00:00:00+00:00,123.2767964124
2021-06-21 00:00:00+00:00,124.2478474483
2021-06-22 00:00:00+00:00,124.2945325942
2021-06-23 00:00:00+00:00,124.1171290396
2021-06-24 00:00:00+00:00,124.2011623023
2021-06-25 00:00:00+00:00,125.9751978486
2021-06-28 00:00:00+00:00,126.3486790163
2021-06-29 00:00:00+00:00,125.4896723307
2021-06-30 00:00:00+00:00,125.9845348778
2021-07-01 00:00:00+00:00,126.2739827828
2021-07-02 00:00:00+00:00,126.8902267094
2021-07-06 00:00:00+00:00,126.9649229429
2021-07-07 00:00:00+00:00,127.9172999204
2021-07-08 00:00:00+00:00,127.898625862
2021-07-09 00:00:00+00:00,127.945311008
2021-07-12 00:00:00+00:00,128.0480183291
2021-07-13 00:00:00+00:00,127.8892888328
2021-07-14 00:00:00+00:00,128.8323287812
2021-07-15 00:00:00+00:00,129.9340982257
2021-07-16 00:00:00+00:00,131.1945971666
2021-07-19 00:00:00+00:00,131.1292379622
2021-07-20 00:00:00+00:00,130.4289607729
2021-07-21 00:00:00+00:00,129.9714463425
2021-07-22 00:00:00+00:00,129.4763970548
2021-07-23 00:00:00+00:00,131.3461940805
2021-07-26 00:00:00+00:00,131.8065963632
2021-07-27 00:00:00+00:00,132.3421663655
2021-07-28 00:00:00+00:00,130.3784096903
2021-07-29 00:00:00+00:00,131.0549191669
2021-07-30 00:00:00+00:00,133.638809529
2021-08-02 00:00:00+00:00,133.3099507557
2021-08-03 00:00:00+00:00,135.254915501
2021-08-04 00:00:00+00:00,133.8267288281
2021-08-05 00:00:00+00:00,133.8925005828
2021-08-06 00:00:00+00:00,132.8683404029
2021-08-09 00:00:00+00:00,133.5918297043
2021-08-10 00:00:00+00:00,133.6763933889
2021-08-11 00:00:00+00:00,134.0052521622
2021-08-12 00:00:00+00:00,134.3153190057
2021-08-13 00:00:00+00:00,134.9636405874
2021-08-16 00:00:00+00:00,135.9032370828
2021-08-17 00:00:00+00:00,136.1287402416
2021-08-18 00:00:00+00:00,134.644177779
2021-08-19 00:00:00+00:00,136.2320958561
2021-08-20 00:00:00+00:00,136.3260555056
2021-08-23 00:00:00+00:00,135.6307540991
2021-08-24 00:00:00+00:00,134.5314261996
2021-08-25 00:00:00+00:00,134.052231987
2021-08-26 00:00:00+00:00,133.8173328631
2021-08-27 00:00:00+00:00,133.7139772487
2021-08-30 00:00:00+00:00,134.2965270758
2021-08-31 00:00:00+00:00,133.7891449683
2021-09-01 00:00:00+00:00,135.1515598865
2021-09-02 00:00:00+00:00,135.254915501
2021-09-03 00:00:00+00:00,135.3488751505
2021-09-07 00:00:00+00:00,134.841493043
2021-09-08 00:00:00+00:00,135.8656532229
2021-09-09 00:00:00+00:00,135.2924993608
2021-09-10 00:00:00+00:00,135.4240428701
2021-09-13 00:00:00+00:00,136.8804174379
2021-09-14 00:00:00+00:00,136.6455183141
2021-09-15 00:00:00+00:00,136.3542434005
2021-09-16 00:00:00+00:00,135.4052509402
2021-09-17 00:00:00+00:00,135.6213581342
2021-09-20 00:00:00+00:00,134.258943216
2021-09-21 00:00:00+00:00,134.4656544449
2021-09-22 00:00:00+00:00,134.9260567276
2021-09-23 00:00:00+00:00,135.4804186599
2021-09-24 00:00:00+00:00,134.8790769029
2021-09-27 00:00:00+00:00,133.1032395267
2021-09-28 00:00:00+00:00,132.0978712767
2021-09-29 00:00:00+00:00,133.441494265
2021-09-30 00:00:00+00:00,131.3555900454
2021-10-01 00:00:00+00:00,131.1488788164
2021-10-04 00:00:00+00:00,130.4065975851
2021-10-05 00:00:00+00:00,130.9139796926
2021-10-06 00:00:00+00:00,132.6616291739
2021-10-07 00:00:00+00:00,133.7233732136
2021-10-08 00:00:00+00:00,133.1690112814
2021-10-11 00:00:00+00:00,133.7233732136
2021-10-12 00:00:00+00:00,133.5260579496
2021-10-13 00:00:00+00:00,133.8361247931
2021-10-14 00:00:00+00:00,135.3488751505
2021-10-15 00:00:00+00:00,135.6965258538
2021-10-18 00:00:00+00:00,133.7421651435
2021-10-19 00:00:00+00:00,132.1636430314
2021-10-20 00:00:00+00:00,132.6804211038
2021-10-21 00:00:00+00:00,131.7312407242
2021-10-22 00:00:00+00:00,133.1494339424
2021-10-25 00:00:00+00:00,133.1683431853
2021-10-26 00:00:00+00:00,135.0592674762
2021-10-27 00:00:00+00:00,134.0948960878
2021-10-28 00:00:00+00:00,134.8985389115
2021-10-29 00:00:00+00:00,135.1916321766
2021-11-01 00:00:00+00:00,134.8607204257
2021-11-02 00:00:00+00:00,136.2032766722
2021-11-03 00:00:00+00:00,137.1392841962
2021-11-04 00:00:00+00:00,137.3945589754
2021-11-05 00:00:00+00:00,138.0752917202
2021-11-08 00:00:00+00:00,137.0447379816
2021-11-09 00:00:00+00:00,137.4607413256
2021-11-10 00:00:00+00:00,138.8127521936
2021-11-11 00:00:00+00:00,138.4156580925
2021-11-12 00:00:00+00:00,138.5669320358
2021-11-15 00:00:00+00:00,139.361120238
2021-11-16 00:00:00+00:00,139.1625731874
2021-11-17 00:00:00+00:00,139.0774815943
2021-11-18 00:00:00+00:00,139.0963908372
2021-11-19 00:00:00+00:00,138.8127521936
2021-11-22 00:00:00+00:00,139.7393050961
2021-11-23 00:00:00+00:00,141.2898630147
2021-11-24 00:00:00+00:00,140.5524025412
2021-11-26 00:00:00+00:00,139.4273025881
2021-11-29 00:00:00+00:00,140.8927689136
2021-11-30 00:00:00+00:00,136.6949169878
2021-12-01 00:00:00+00:00,138.4156580925
2021-12-02 00:00:00+00:00,139.2287555376
2021-12-03 00:00:00+00:00,141.7058663586
2021-12-06 00:00:00+00:00,143.8520654288
2021-12-07 00:00:00+00:00,143.4738805706
2021-12-08 00:00:00+00:00,144.1167948295
2021-12-09 00:00:00+00:00,144.958256139
2021-12-10 00:00:00+00:00,146.9815451302
2021-12-13 00:00:00+00:00,149.0710164716
2021-12-14 00:00:00+00:00,149.619384516
2021-12-15 00:00:00+00:00,150.1961164247
2021-12-16 00:00:00+00:00,152.3234062519
2021-12-17 00:00:00+00:00,148.8724694211
2021-12-20 00:00:00+00:00,149.2506542793
2021-12-21 00:00:00+00:00,149.1561080647
2021-12-22 00:00:00+00:00,150.6310290116
2021-12-23 00:00:00+00:00,151.368489485
2021-12-27 00:00:00+00:00,153.136503697
2021-12-28 00:00:00+00:00,153.9590557636
2021-12-29 00:00:00+00:00,155.2354296599
2021-12-30 00:00:00+00:00,153.8928734134
2021-12-31 00:00:00+00:00,154.6586977512
2022-01-03 00:00:00+00:00,154.0157834923
2022-01-04 00:00:00+00:00,154.5546969152
2022-01-05 00:00:00+00:00,155.2543389028
2022-01-06 00:00:00+00:00,153.9496011421
2022-01-07 00:00:00+00:00,153.864509549
2022-01-10 00:00:00+00:00,151.7655835861
2022-01-11 00:00:00+00:00,150.0070239956
2022-01-12 00:00:00+00:00,150.3379357465
2022-01-13 00:00:00+00:00,149.6572030018
2022-01-14 00:00:00+00:00,151.0943054629
2022-01-18 00:00:00+00:00,148.1822820549
2022-01-19 00:00:00+00:00,153.1648675614
2022-01-20 00:00:00+00:00,153.9872305355
2022-01-21 00:00:00+00:00,154.5765643807
2022-01-24 00:00:00+00:00,153.3218536134
2022-01-25 00:00:00+00:00,151.6489059237
2022-01-26 00:00:00+00:00,150.3276574641
2022-01-27 00:00:00+00:00,151.259185155
2022-01-28 00:00:00+00:00,152.5614228453
2022-01-31 00:00:00+00:00,152.5138959223
2022-02-01 00:00:00+00:00,151.8390136157
2022-02-02 00:00:00+00:00,154.5575536115
2022-02-03 00:00:00+00:00,156.0213828401
2022-02-04 00:00:00+00:00,153.5404774592
2022-02-07 00:00:00+00:00,152.3903259225
2022-02-08 00:00:00+00:00,152.0481320769
2022-02-09 00:00:00+00:00,151.7059382313
2022-02-10 00:00:00+00:00,149.3961297732
2022-02-11 00:00:00+00:00,148.5596559283
2022-02-14 00:00:00+00:00,148.9873982354
2022-02-15 00:00:00+00:00,149.0634413122
2022-02-16 00:00:00+00:00,150.1945820797
2022-02-17 00:00:00+00:00,151.9150566925
2022-02-18 00:00:00+00:00,151.9910997693
2022-02-22 00:00:00+00:00,150.1185390029
2022-02-23 00:00:00+00:00,148.2459782365
2022-02-24 00:00:00+00:00,144.2537167041
2022-02-25 00:00:00+00:00,150.4132059255
2022-02-28 00:00:00+00:00,148.1794405443
2022-03-01 00:00:00+00:00,145.7270513173
2022-03-02 00:00:00+00:00,146.1833097781
2022-03-03 00:00:00+00:00,146.7251167004
2022-03-04 00:00:00+00:00,147.4665366992
2022-03-07 00:00:00+00:00,145.280298241
2022-03-08 00:00:00+00:00,139.5295405574
2022-03-09 00:00:00+00:00,141.4116067084
2022-03-10 00:00:00+00:00,137.7710444063
2022-03-11 00:00:00+00:00,136.1361182549
2022-03-14 00:00:00+00:00,137.8756036369
2022-03-15 00:00:00+00:00,142.8374143986
2022-03-16 00:00:00+00:00,142.3526397839
2022-03-17 00:00:00+00:00,142.7993928602
2022-03-18 00:00:00+00:00,142.7233497834
2022-03-21 00:00:00+00:00,143.2651567056
2022-03-22 00:00:00+00:00,144.3677813193
2022-03-23 00:00:00+00:00,143.3602105516
2022-03-24 00:00:00+00:00,143.6073505512
2022-03-25 00:00:00+00:00,145.2707928564
2022-03-28 00:00:00+00:00,146.2688582395
2022-03-29 00:00:00+00:00,147.7707090065
2022-03-30 00:00:00+00:00,146.7536328542
2022-03-31 00:00:00+00:00,145.2422767026
2022-04-01 00:00:00+00:00,147.4190097762
2022-04-04 00:00:00+00:00,146.4589659315
2022-04-05 00:00:00+00:00,146.9722567
2022-04-06 00:00:00+00:00,149.0729466968
2022-04-07 00:00:00+00:00,151.0025397708
2022-04-08 00:00:00+00:00,152.1812074613
2022-04-11 00:00:00+00:00,151.6013790007
2022-04-12 00:00:00+00:00,151.1451205398
2022-04-13 00:00:00+00:00,151.5728628468
2022-04-14 00:00:00+00:00,150.7268836174
2022-04-18 00:00:00+00:00,149.2915705426
2022-04-19 00:00:00+00:00,151.5253359238
2022-04-20 00:00:00+00:00,155.5556189946
2022-04-21 00:00:00+00:00,155.4351857718
2022-04-22 00:00:00+00:00,154.1351928276
2022-04-25 00:00:00+00:00,155.3778331419
2022-04-26 00:00:00+00:00,152.739612167
2022-04-27 00:00:00+00:00,152.3285849861
2022-04-28 00:00:00+00:00,156.1998875036
2022-04-29 00:00:00+00:00,153.4660788122
2022-05-02 00:00:00+00:00,151.3918253646
2022-05-03 00:00:00+00:00,149.3175719169
2022-05-04 00:00:00+00:00,150.4168306564
2022-05-05 00:00:00+00:00,147.6447868785
2022-05-06 00:00:00+00:00,149.1168377123
2022-05-09 00:00:00+00:00,148.744045618
2022-05-10 00:00:00+00:00,147.9602263428
2022-05-11 00:00:00+00:00,145.8764141235
2022-05-12 00:00:00+00:00,145.2837702813
2022-05-13 00:00:00+00:00,146.84185006
2022-05-16 00:00:00+00:00,148.2756658072
2022-05-17 00:00:00+00:00,147.8550798547
2022-05-18 00:00:00+00:00,138.6404239858
2022-05-19 00:00:00+00:00,135.4477942553
2022-05-20 00:00:00+00:00,135.5338232002
2022-05-23 00:00:00+00:00,138.6499827575
2022-05-24 00:00:00+00:00,141.1161458427
2022-05-25 00:00:00+00:00,138.8029231038
2022-05-26 00:00:00+00:00,140.0168871032
2022-05-27 00:00:00+00:00,142.1580519524
2022-05-31 00:00:00+00:00,141.3551151339
2022-06-01 00:00:00+00:00,139.2139502847
2022-06-02 00:00:00+00:00,140.7146774335
2022-06-03 00:00:00+00:00,139.4529195759
2022-06-06 00:00:00+00:00,138.908069592
2022-06-07 00:00:00+00:00,140.456590599
2022-06-08 00:00:00+00:00,138.7073353874
2022-06-09 00:00:00+00:00,136.2029372155
2022-06-10 00:00:00+00:00,135.6867635465
2022-06-13 00:00:00+00:00,132.0544303202
2022-06-14 00:00:00+00:00,127.9345997398
2022-06-15 00:00:00+00:00,126.6632831106
2022-06-16 00:00:00+00:00,127.4375436141
2022-06-17 00:00:00+00:00,126.5199015359
2022-06-21 00:00:00+00:00,130.3529689668
2022-06-22 00:00:00+00:00,132.3889873279
2022-06-23 00:00:00+00:00,136.0213205542
2022-06-24 00:00:00+00:00,137.9808687421
2022-06-27 00:00:00+00:00,136.9294038608
2022-06-28 00:00:00+00:00,134.7022100668
2022-06-29 00:00:00+00:00,135.9257328377
2022-06-30 00:00:00+00:00,137.4455775298
2022-07-01 00:00:00+00:00,139.6632125522
2022-07-05 00:00:00+00:00,138.3154257498
2022-07-06 00:00:00+00:00,139.6058599223
2022-07-07 00:00:00+00:00,139.5580660641
2022-07-08 00:00:00+00:00,138.6213064425
2022-07-11 00:00:00+00:00,139.5963011506
2022-07-12 00:00:00+00:00,138.363219608
2022-07-13 00:00:00+00:00,139.2713029146
2022-07-14 00:00:00+00:00,138.8602757337
2022-07-15 00:00:00+00:00,138.6691003008
2022-07-18 00:00:00+00:00,136.9867564907
2022-07-19 00:00:00+00:00,137.684546821
2022-07-20 00:00:00+00:00,135.3044126806
2022-07-21 00:00:00+00:00,135.4318311067
2022-07-22 00:00:00+00:00,137.5965083816
2022-07-25 00:00:00+00:00,138.5297248068
2022-07-26 00:00:00+00:00,138.7991068676
2022-07-27 00:00:00+00:00,140.1171548084
2022-07-28 00:00:00+00:00,142.4453854774
2022-07-29 00:00:00+00:00,133.6423645594
2022-08-01 00:00:00+00:00,137.4810589269
2022-08-02 00:00:00+00:00,136.5670840775
2022-08-03 00:00:00+00:00,139.3859749288
2022-08-04 00:00:00+00:00,139.1646968074
2022-08-05 00:00:00+00:00,139.2320423226
2022-08-08 00:00:00+00:00,139.7611856565
2022-08-09 00:00:00+00:00,139.4340788683
2022-08-10 00:00:00+00:00,140.752126809
2022-08-11 00:00:00+00:00,139.7515648686
2022-08-12 00:00:00+00:00,141.1080959609
2022-08-15 00:00:00+00:00,142.9264248718
2022-08-16 00:00:00+00:00,144.2444728125
2022-08-17 00:00:00+00:00,143.5806384482
2022-08-18 00:00:00+00:00,144.0905402063
2022-08-19 00:00:00+00:00,144.0520570548
2022-08-22 00:00:00+00:00,143.6672255392
2022-08-23 00:00:00+00:00,140.8964386273
2022-08-24 00:00:00+00:00,140.2903289904
2022-08-25 00:00:00+00:00,140.1748795357
2022-08-26 00:00:00+00:00,136.8941908657
2022-08-29 00:00:00+00:00,136.3169435924
2022-08-30 00:00:00+00:00,134.8642046212
2022-08-31 00:00:00+00:00,132.7091481342
2022-09-01 00:00:00+00:00,134.3446820753
2022-09-02 00:00:00+00:00,131.9587266789
2022-09-06 00:00:00+00:00,130.486746132
2022-09-07 00:00:00+00:00,132.4590076491
2022-09-08 00:00:00+00:00,132.6321818311
2022-09-09 00:00:00+00:00,134.6525472877
2022-09-12 00:00:00+00:00,135.749317107
2022-09-13 00:00:00+00:00,132.9400470435
2022-09-14 00:00:00+00:00,133.2575330439
2022-09-15 00:00:00+00:00,132.2281087398
2022-09-16 00:00:00+00:00,133.0362549224
2022-09-19 00:00:00+00:00,132.7572520737
2022-09-20 00:00:00+00:00,132.2858334671
2022-09-21 00:00:00+00:00,130.5829540109
2022-09-22 00:00:00+00:00,131.0447518295
2022-09-23 00:00:00+00:00,130.4386421925
2022-09-26 00:00:00+00:00,130.5637124351
2022-09-27 00:00:00+00:00,126.9751585527
2022-09-28 00:00:00+00:00,126.9751585527
2022-09-29 00:00:00+00:00,123.8195401252
2022-09-30 00:00:00+00:00,121.4624470925
2022-10-03 00:00:00+00:00,123.6367451553
2022-10-04 00:00:00+00:00,125.1664504296
2022-10-05 00:00:00+00:00,124.3005795197
2022-10-06 00:00:00+00:00,121.683725214
2022-10-07 00:00:00+00:00,119.5575310906
2022-10-10 00:00:00+00:00,119.0668709083
2022-10-11 00:00:00+00:00,119.5190479391
2022-10-12 00:00:00+00:00,119.7114636968
2022-10-13 00:00:00+00:00,121.5201718199
2022-10-14 00:00:00+00:00,120.3368149096
2022-10-17 00:00:00+00:00,122.5111129724
2022-10-18 00:00:00+00:00,123.5020541249
2022-10-19 00:00:00+00:00,124.6469278836
2022-10-20 00:00:00+00:00,123.0530519541
2022-10-21 00:00:00+00:00,124.5937587232
2022-10-24 00:00:00+00:00,125.3592671179
2022-10-25 00:00:00+00:00,126.8030740902
2022-10-26 00:00:00+00:00,127.6945522208
2022-10-27 00:00:00+00:00,127.7914520176
2022-10-28 00:00:00+00:00,131.0279052306
2022-10-31 00:00:00+00:00,130.4949563483
2022-11-01 00:00:00+00:00,130.6984459215
2022-11-02 00:00:00+00:00,128.8185898636
2022-11-03 00:00:00+00:00,127.9368017128
2022-11-04 00:00:00+00:00,130.2720868156
2022-11-07 00:00:00+00:00,132.2682226297
2022-11-08 00:00:00+00:00,132.5686119997
2022-11-09 00:00:00+00:00,132.2488426703
2022-11-10 00:00:00+00:00,136.8031331198
2022-11-11 00:00:00+00:00,136.5996435465
2022-11-14 00:00:00+00:00,136.6093335262
2022-11-15 00:00:00+00:00,136.1345245219
2022-11-16 00:00:00+00:00,137.3457719819
2022-11-17 00:00:00+00:00,136.5027437498
2022-11-18 00:00:00+00:00,138.1500402953
2022-11-21 00:00:00+00:00,139.9039266174
2022-11-22 00:00:00+00:00,141.1054840977
2022-11-23 00:00:00+00:00,141.9097524111
2022-11-25 00:00:00+00:00,142.1713818625
2022-11-28 00:00:00+00:00,142.0551021063
2022-11-29 00:00:00+00:00,140.9698243822
2022-11-30 00:00:00+00:00,144.5357369043
2022-12-01 00:00:00+00:00,144.6229467214
2022-12-02 00:00:00+00:00,145.9407839579
2022-12-05 00:00:00+00:00,144.4679070466
2022-12-06 00:00:00+00:00,144.6520166605
2022-12-07 00:00:00+00:00,145.5822547097
2022-12-08 00:00:00+00:00,146.6287725152
2022-12-09 00:00:00+00:00,146.241173328
2022-12-12 00:00:00+00:00,147.7431201784
2022-12-13 00:00:00+00:00,147.5202506457
2022-12-14 00:00:00+00:00,148.1016494265
2022-12-15 00:00:00+00:00,146.4252829419
2022-12-16 00:00:00+00:00,145.7760543033
2022-12-19 00:00:00+00:00,145.7372943846
2022-12-20 00:00:00+00:00,145.7954342627
2022-12-21 00:00:00+00:00,147.1326514585
2022-12-22 00:00:00+00:00,147.4718007473
2022-12-23 00:00:00+00:00,147.8884698735
2022-12-27 00:00:00+00:00,149.177237171
2022-12-28 00:00:00+00:00,147.2489312147
2022-12-29 00:00:00+00:00,147.8593999345
2022-12-30 00:00:00+00:00,146.8613320275
symbol,PG
date,"Index([2013-01-02 00:00:00+00:00, 2013-01-03 00:00:00+00:00,
       2013-01-04 00:00:00+00:00, 2013-01-07 00:00:00+00:00,
       2013-01-08 00:00:00+00:00, 2013-01-09 00:00:00+00:00,
       2013-01-10 00:00:00+00:00, 2013-01-11 00:00:00+00:00,
       2013-01-14 00:00:00+00:00, 2013-01-15 00:00:00+00:00,
       ...
       2022-12-19 00:00:00+00:00, 2022-12-20 00:00:00+00:00,
       2022-12-21 00:00:00+00:00, 2022-12-22 00:00:00+00:00,
       2022-12-23 00:00:00+00:00, 2022-12-27 00:00:00+00:00,
       2022-12-28 00:00:00+00:00, 2022-12-29 00:00:00+00:00,
       2022-12-30 00:00:00+00:00,                  'symbol'],
      dtype='object', name='date', length=2519)"
