date,adjClose
2013-01-02 00:00:00+00:00,18.1475768766
2013-01-03 00:00:00+00:00,18.0322543199
2013-01-04 00:00:00+00:00,18.100399467
2013-01-07 00:00:00+00:00,17.927415632
2013-01-08 00:00:00+00:00,17.9772140087
2013-01-09 00:00:00+00:00,17.9719720743
2013-01-10 00:00:00+00:00,17.9169317632
2013-01-11 00:00:00+00:00,17.9876978775
2013-01-14 00:00:00+00:00,17.90120596
2013-01-15 00:00:00+00:00,18.0794317294
2013-01-16 00:00:00+00:00,18.139713975
2013-01-17 00:00:00+00:00,18.0453591559
2013-01-18 00:00:00+00:00,18.1370930078
2013-01-22 00:00:00+00:00,18.2366897613
2013-01-23 00:00:00+00:00,18.2131010565
2013-01-24 00:00:00+00:00,18.2917300724
2013-01-25 00:00:00+00:00,18.0846736638
2013-01-28 00:00:00+00:00,18.1764075157
2013-01-29 00:00:00+00:00,18.3179397444
2013-01-30 00:00:00+00:00,18.2812462036
2013-01-31 00:00:00+00:00,18.3336655476
2013-02-01 00:00:00+00:00,18.4751977763
2013-02-04 00:00:00+00:00,18.2497945973
2013-02-05 00:00:00+00:00,18.5485848578
2013-02-06 00:00:00+00:00,18.6901170865
2013-02-07 00:00:00+00:00,18.6691493489
2013-02-08 00:00:00+00:00,18.7346735288
2013-02-11 00:00:00+00:00,18.7137057913
2013-02-12 00:00:00+00:00,18.7137057913
2013-02-13 00:00:00+00:00,18.7110848241
2013-02-14 00:00:00+00:00,18.5616896938
2013-02-15 00:00:00+00:00,18.1633026797
2013-02-19 00:00:00+00:00,18.0217704511
2013-02-20 00:00:00+00:00,18.139713975
2013-02-21 00:00:00+00:00,18.4149155307
2013-02-22 00:00:00+00:00,18.4516090715
2013-02-25 00:00:00+00:00,18.4620929403
2013-02-26 00:00:00+00:00,18.6376977425
2013-02-27 00:00:00+00:00,18.7818509384
2013-02-28 00:00:00+00:00,18.551205825
2013-03-01 00:00:00+00:00,18.802818676
2013-03-04 00:00:00+00:00,19.20120569
2013-03-05 00:00:00+00:00,19.3217701811
2013-03-06 00:00:00+00:00,19.2326572964
2013-03-07 00:00:00+00:00,19.2169314932
2013-03-08 00:00:00+00:00,19.2641089028
2013-03-11 00:00:00+00:00,19.2509197278
2013-03-12 00:00:00+00:00,19.414465497
2013-03-13 00:00:00+00:00,19.4276546719
2013-03-14 00:00:00+00:00,19.3142277675
2013-03-15 00:00:00+00:00,19.1243036485
2013-03-18 00:00:00+00:00,19.0583577739
2013-03-19 00:00:00+00:00,19.1111144736
2013-03-20 00:00:00+00:00,19.2535575628
2013-03-21 00:00:00+00:00,19.2904872526
2013-03-22 00:00:00+00:00,19.593838276
2013-03-25 00:00:00+00:00,19.7441948702
2013-03-26 00:00:00+00:00,19.7230921903
2013-03-27 00:00:00+00:00,19.7257300253
2013-03-28 00:00:00+00:00,19.7389192002
2013-04-01 00:00:00+00:00,19.8971892994
2013-04-02 00:00:00+00:00,20.0528215636
2013-04-03 00:00:00+00:00,20.0475458936
2013-04-04 00:00:00+00:00,20.1003025933
2013-04-05 00:00:00+00:00,20.1504214581
2013-04-08 00:00:00+00:00,20.3878266068
2013-04-09 00:00:00+00:00,20.6067669106
2013-04-10 00:00:00+00:00,20.4089292867
2013-04-11 00:00:00+00:00,20.5197183561
2013-04-12 00:00:00+00:00,20.72283165
2013-04-15 00:00:00+00:00,20.6990911351
2013-04-16 00:00:00+00:00,20.7544856698
2013-04-17 00:00:00+00:00,20.7096424751
2013-04-18 00:00:00+00:00,20.353534752
2013-04-19 00:00:00+00:00,20.6516101054
2013-04-22 00:00:00+00:00,20.5671993858
2013-04-23 00:00:00+00:00,20.8626369043
2013-04-24 00:00:00+00:00,20.5830263958
2013-04-25 00:00:00+00:00,20.7465721649
2013-04-26 00:00:00+00:00,20.8494477293
2013-04-29 00:00:00+00:00,20.6779884553
2013-04-30 00:00:00+00:00,20.5012535112
2013-05-01 00:00:00+00:00,20.5909399007
2013-05-02 00:00:00+00:00,20.6964533002
2013-05-03 00:00:00+00:00,20.9048422641
2013-05-06 00:00:00+00:00,20.7940531946
2013-05-07 00:00:00+00:00,20.7940531946
2013-05-08 00:00:00+00:00,20.7650370098
2013-05-09 00:00:00+00:00,20.8048421926
2013-05-10 00:00:00+00:00,20.9348724563
2013-05-13 00:00:00+00:00,20.8313789811
2013-05-14 00:00:00+00:00,20.9056819889
2013-05-15 00:00:00+00:00,21.1922793048
2013-05-16 00:00:00+00:00,20.8313789811
2013-05-17 00:00:00+00:00,20.6641972135
2013-05-20 00:00:00+00:00,20.5394743075
2013-05-21 00:00:00+00:00,20.5368206286
2013-05-22 00:00:00+00:00,20.44128819
2013-05-23 00:00:00+00:00,20.2555306704
2013-05-24 00:00:00+00:00,20.5155911978
2013-05-28 00:00:00+00:00,20.5182448766
2013-05-29 00:00:00+00:00,20.2289938819
2013-05-30 00:00:00+00:00,20.0697731508
2013-05-31 00:00:00+00:00,19.8601325216
2013-06-03 00:00:00+00:00,20.0856952239
2013-06-04 00:00:00+00:00,20.1520371952
2013-06-05 00:00:00+00:00,19.9689333545
2013-06-06 00:00:00+00:00,20.0697731508
2013-06-07 00:00:00+00:00,20.2555306704
2013-06-10 00:00:00+00:00,20.101617297
2013-06-11 00:00:00+00:00,19.9689333545
2013-06-12 00:00:00+00:00,19.8601325216
2013-06-13 00:00:00+00:00,19.9025913832
2013-06-14 00:00:00+00:00,19.8680935581
2013-06-17 00:00:00+00:00,19.8893229889
2013-06-18 00:00:00+00:00,20.0963099393
2013-06-19 00:00:00+00:00,19.7592927252
2013-06-20 00:00:00+00:00,19.3798166495
2013-06-21 00:00:00+00:00,19.5071932344
2013-06-24 00:00:00+00:00,19.6902970751
2013-06-25 00:00:00+00:00,19.7354096156
2013-06-26 00:00:00+00:00,19.905245062
2013-06-27 00:00:00+00:00,19.9715870333
2013-06-28 00:00:00+00:00,19.7672537618
2013-07-01 00:00:00+00:00,19.7937905503
2013-07-02 00:00:00+00:00,19.8256346965
2013-07-03 00:00:00+00:00,19.8389030908
2013-07-05 00:00:00+00:00,19.9583186391
2013-07-08 00:00:00+00:00,20.3563704667
2013-07-09 00:00:00+00:00,20.44128819
2013-07-10 00:00:00+00:00,20.3722925398
2013-07-11 00:00:00+00:00,20.600508921
2013-07-12 00:00:00+00:00,20.600508921
2013-07-15 00:00:00+00:00,20.44128819
2013-07-16 00:00:00+00:00,20.5315132709
2013-07-17 00:00:00+00:00,20.4864007304
2013-07-18 00:00:00+00:00,20.5235522343
2013-07-19 00:00:00+00:00,20.7199244693
2013-07-22 00:00:00+00:00,20.6641972135
2013-07-23 00:00:00+00:00,20.8446473753
2013-07-24 00:00:00+00:00,20.7597296521
2013-07-25 00:00:00+00:00,20.7013487174
2013-07-26 00:00:00+00:00,20.6986950385
2013-07-29 00:00:00+00:00,20.6960413597
2013-07-30 00:00:00+00:00,20.6695045712
2013-07-31 00:00:00+00:00,20.6827729654
2013-08-01 00:00:00+00:00,20.7570759732
2013-08-02 00:00:00+00:00,20.8977209523
2013-08-05 00:00:00+00:00,20.9030283101
2013-08-06 00:00:00+00:00,20.6641972135
2013-08-07 00:00:00+00:00,20.6562361769
2013-08-08 00:00:00+00:00,20.6241985869
2013-08-09 00:00:00+00:00,20.5307556159
2013-08-12 00:00:00+00:00,20.578812001
2013-08-13 00:00:00+00:00,20.5200764192
2013-08-14 00:00:00+00:00,20.3972656574
2013-08-15 00:00:00+00:00,19.8659756226
2013-08-16 00:00:00+00:00,19.7858816475
2013-08-19 00:00:00+00:00,19.6443822915
2013-08-20 00:00:00+00:00,19.5509393206
2013-08-21 00:00:00+00:00,19.636372894
2013-08-22 00:00:00+00:00,19.6123447015
2013-08-23 00:00:00+00:00,19.6070051032
2013-08-26 00:00:00+00:00,19.4975433372
2013-08-27 00:00:00+00:00,19.4521567513
2013-08-28 00:00:00+00:00,19.3240063912
2013-08-29 00:00:00+00:00,19.337355387
2013-08-30 00:00:00+00:00,19.4841943413
2013-09-03 00:00:00+00:00,19.4041003663
2013-09-04 00:00:00+00:00,19.4655057472
2013-09-05 00:00:00+00:00,19.4014305671
2013-09-06 00:00:00+00:00,19.3800721737
2013-09-09 00:00:00+00:00,19.6256936973
2013-09-10 00:00:00+00:00,19.74583466
2013-09-11 00:00:00+00:00,19.7698628525
2013-09-12 00:00:00+00:00,19.7324856641
2013-09-13 00:00:00+00:00,19.8526266268
2013-09-16 00:00:00+00:00,19.9647581919
2013-09-17 00:00:00+00:00,20.0635407612
2013-09-18 00:00:00+00:00,20.4026052558
2013-09-19 00:00:00+00:00,20.3465394732
2013-09-20 00:00:00+00:00,20.2450871047
2013-09-23 00:00:00+00:00,20.4026052558
2013-09-24 00:00:00+00:00,20.2237287114
2013-09-25 00:00:00+00:00,19.9300508027
2013-09-26 00:00:00+00:00,19.9220414052
2013-09-27 00:00:00+00:00,19.8526266268
2013-09-30 00:00:00+00:00,19.74583466
2013-10-01 00:00:00+00:00,19.6470520907
2013-10-02 00:00:00+00:00,19.6817594799
2013-10-03 00:00:00+00:00,19.5322507264
2013-10-04 00:00:00+00:00,19.4361379563
2013-10-07 00:00:00+00:00,19.1878466335
2013-10-08 00:00:00+00:00,19.462835948
2013-10-09 00:00:00+00:00,19.4895339397
2013-10-10 00:00:00+00:00,19.9674279911
2013-10-11 00:00:00+00:00,19.9754373886
2013-10-14 00:00:00+00:00,19.9380602002
2013-10-15 00:00:00+00:00,19.855296426
2013-10-16 00:00:00+00:00,20.1836817238
2013-10-17 00:00:00+00:00,20.2317381089
2013-10-18 00:00:00+00:00,20.2130495147
2013-10-21 00:00:00+00:00,20.0635407612
2013-10-22 00:00:00+00:00,20.3759072641
2013-10-23 00:00:00+00:00,20.2637756989
2013-10-24 00:00:00+00:00,20.4026052558
2013-10-25 00:00:00+00:00,20.311832084
2013-10-28 00:00:00+00:00,20.594830796
2013-10-29 00:00:00+00:00,20.5734724026
2013-10-30 00:00:00+00:00,20.5334254151
2013-10-31 00:00:00+00:00,20.4907086284
2013-11-01 00:00:00+00:00,20.5761422018
2013-11-04 00:00:00+00:00,20.6455569802
2013-11-05 00:00:00+00:00,20.6695851727
2013-11-06 00:00:00+00:00,20.8671503113
2013-11-07 00:00:00+00:00,20.6936133653
2013-11-08 00:00:00+00:00,20.8137543279
2013-11-11 00:00:00+00:00,21.0940832407
2013-11-12 00:00:00+00:00,21.0139892657
2013-11-13 00:00:00+00:00,21.0647154499
2013-11-14 00:00:00+00:00,21.1127718349
2013-11-15 00:00:00+00:00,21.1501490233
2013-11-18 00:00:00+00:00,21.1501490233
2013-11-19 00:00:00+00:00,21.1581584208
2013-11-20 00:00:00+00:00,21.0647154499
2013-11-21 00:00:00+00:00,21.0540362532
2013-11-22 00:00:00+00:00,21.3076671743
2013-11-25 00:00:00+00:00,21.4731947229
2013-11-26 00:00:00+00:00,21.5399397021
2013-11-27 00:00:00+00:00,21.6066846814
2013-11-29 00:00:00+00:00,21.6280430747
2013-12-02 00:00:00+00:00,21.6547410664
2013-12-03 00:00:00+00:00,21.6814390581
2013-12-04 00:00:00+00:00,21.5426095013
2013-12-05 00:00:00+00:00,21.3331450858
2013-12-06 00:00:00+00:00,21.467417147
2013-12-09 00:00:00+00:00,21.4701025882
2013-12-10 00:00:00+00:00,21.2364692017
2013-12-11 00:00:00+00:00,21.2391546429
2013-12-12 00:00:00+00:00,21.0807136107
2013-12-13 00:00:00+00:00,20.9679250793
2013-12-16 00:00:00+00:00,20.8766200777
2013-12-17 00:00:00+00:00,20.7450334577
2013-12-18 00:00:00+00:00,20.9303289021
2013-12-19 00:00:00+00:00,20.7423480164
2013-12-20 00:00:00+00:00,20.7933713997
2013-12-23 00:00:00+00:00,20.9115308136
2013-12-24 00:00:00+00:00,20.9491269907
2013-12-26 00:00:00+00:00,21.0511737572
2013-12-27 00:00:00+00:00,21.072657287
2013-12-30 00:00:00+00:00,21.1156243466
2013-12-31 00:00:00+00:00,21.131736994
2014-01-02 00:00:00+00:00,21.1908167009
2014-01-03 00:00:00+00:00,21.1209952291
2014-01-06 00:00:00+00:00,21.0028358152
2014-01-07 00:00:00+00:00,21.0672864046
2014-01-08 00:00:00+00:00,20.9007890487
2014-01-09 00:00:00+00:00,20.9706105205
2014-01-10 00:00:00+00:00,20.9571833144
2014-01-13 00:00:00+00:00,20.809484047
2014-01-14 00:00:00+00:00,20.9356997846
2014-01-15 00:00:00+00:00,20.8551365479
2014-01-16 00:00:00+00:00,20.6134468377
2014-01-17 00:00:00+00:00,20.4603766879
2014-01-21 00:00:00+00:00,20.366386245
2014-01-22 00:00:00+00:00,20.234799625
2014-01-23 00:00:00+00:00,20.1300674173
2014-01-24 00:00:00+00:00,19.9850535912
2014-01-27 00:00:00+00:00,19.9125466781
2014-01-28 00:00:00+00:00,20.0521896218
2014-01-29 00:00:00+00:00,19.899119472
2014-01-30 00:00:00+00:00,20.0736731516
2014-01-31 00:00:00+00:00,20.054875063
2014-02-03 00:00:00+00:00,19.5124159357
2014-02-04 00:00:00+00:00,19.5312140243
2014-02-05 00:00:00+00:00,19.5688102014
2014-02-06 00:00:00+00:00,19.5553829953
2014-02-07 00:00:00+00:00,19.8051290292
2014-02-10 00:00:00+00:00,19.8078144704
2014-02-11 00:00:00+00:00,20.0871003577
2014-02-12 00:00:00+00:00,20.1300674173
2014-02-13 00:00:00+00:00,20.2374850663
2014-02-14 00:00:00+00:00,20.3529590389
2014-02-18 00:00:00+00:00,20.2294287426
2014-02-19 00:00:00+00:00,20.1005275638
2014-02-20 00:00:00+00:00,19.743363881
2014-02-21 00:00:00+00:00,19.635946232
2014-02-24 00:00:00+00:00,19.6977113802
2014-02-25 00:00:00+00:00,19.6977113802
2014-02-26 00:00:00+00:00,20.0817294753
2014-02-27 00:00:00+00:00,20.0226497683
2014-02-28 00:00:00+00:00,20.0602459455
2014-03-03 00:00:00+00:00,19.9044903545
2014-03-04 00:00:00+00:00,20.1757199181
2014-03-05 00:00:00+00:00,20.0871003577
2014-03-06 00:00:00+00:00,20.1085838875
2014-03-07 00:00:00+00:00,20.1569218295
2014-03-10 00:00:00+00:00,20.116380957
2014-03-11 00:00:00+00:00,20.248814474
2014-03-12 00:00:00+00:00,20.413680689
2014-03-13 00:00:00+00:00,20.2515171988
2014-03-14 00:00:00+00:00,20.0758400845
2014-03-17 00:00:00+00:00,20.1839490779
2014-03-18 00:00:00+00:00,20.2082736014
2014-03-19 00:00:00+00:00,20.1028673328
2014-03-20 00:00:00+00:00,20.3731398165
2014-03-21 00:00:00+00:00,20.5677360047
2014-03-24 00:00:00+00:00,20.7461158439
2014-03-25 00:00:00+00:00,20.7758458171
2014-03-26 00:00:00+00:00,20.6028714275
2014-03-27 00:00:00+00:00,20.578546904
2014-03-28 00:00:00+00:00,20.5434114811
2014-03-31 00:00:00+00:00,20.6569259243
2014-04-01 00:00:00+00:00,20.7488185687
2014-04-02 00:00:00+00:00,20.859630287
2014-04-03 00:00:00+00:00,20.9353065824
2014-04-04 00:00:00+00:00,20.8947657099
2014-04-07 00:00:00+00:00,20.8947657099
2014-04-08 00:00:00+00:00,21.1299027706
2014-04-09 00:00:00+00:00,21.0731455491
2014-04-10 00:00:00+00:00,20.7812512667
2014-04-11 00:00:00+00:00,20.6758449981
2014-04-14 00:00:00+00:00,20.9136847837
2014-04-15 00:00:00+00:00,20.7785485419
2014-04-16 00:00:00+00:00,20.8704411863
2014-04-17 00:00:00+00:00,20.9893610791
2014-04-21 00:00:00+00:00,20.9731447301
2014-04-22 00:00:00+00:00,20.9623338308
2014-04-23 00:00:00+00:00,21.0920646229
2014-04-24 00:00:00+00:00,21.1650381935
2014-04-25 00:00:00+00:00,21.2488226634
2014-04-28 00:00:00+00:00,21.5569332948
2014-04-29 00:00:00+00:00,21.5326087712
2014-04-30 00:00:00+00:00,21.5434196706
2014-05-01 00:00:00+00:00,21.5407169458
2014-05-02 00:00:00+00:00,21.3839589052
2014-05-05 00:00:00+00:00,21.2488226634
2014-05-06 00:00:00+00:00,21.0839564484
2014-05-07 00:00:00+00:00,21.2001736164
2014-05-08 00:00:00+00:00,21.3986872995
2014-05-09 00:00:00+00:00,21.5373749412
2014-05-12 00:00:00+00:00,21.5237781136
2014-05-13 00:00:00+00:00,21.5210587481
2014-05-14 00:00:00+00:00,21.4122841272
2014-05-15 00:00:00+00:00,20.8928853123
2014-05-16 00:00:00+00:00,20.9418338917
2014-05-19 00:00:00+00:00,20.8330592708
2014-05-20 00:00:00+00:00,20.5828776427
2014-05-21 00:00:00+00:00,20.5747195461
2014-05-22 00:00:00+00:00,20.501296677
2014-05-23 00:00:00+00:00,20.5611227185
2014-05-27 00:00:00+00:00,20.5556839875
2014-05-28 00:00:00+00:00,20.5393677943
2014-05-29 00:00:00+00:00,20.6617392428
2014-05-30 00:00:00+00:00,20.8765691192
2014-06-02 00:00:00+00:00,20.8738497536
2014-06-03 00:00:00+00:00,20.860252926
2014-06-04 00:00:00+00:00,20.974466278
2014-06-05 00:00:00+00:00,21.0261342229
2014-06-06 00:00:00+00:00,20.9962212022
2014-06-09 00:00:00+00:00,20.9418338917
2014-06-10 00:00:00+00:00,20.8357786363
2014-06-11 00:00:00+00:00,20.7106878223
2014-06-12 00:00:00+00:00,20.5937551048
2014-06-13 00:00:00+00:00,20.4713836562
2014-06-16 00:00:00+00:00,20.4876998494
2014-06-17 00:00:00+00:00,20.3925220561
2014-06-18 00:00:00+00:00,20.5855970082
2014-06-19 00:00:00+00:00,20.6318262221
2014-06-20 00:00:00+00:00,20.5801582772
2014-06-23 00:00:00+00:00,20.6100712979
2014-06-24 00:00:00+00:00,20.6590198773
2014-06-25 00:00:00+00:00,20.563842084
2014-06-26 00:00:00+00:00,20.3707671319
2014-06-27 00:00:00+00:00,20.4876998494
2014-06-30 00:00:00+00:00,20.4142769803
2014-07-01 00:00:00+00:00,20.4713836562
2014-07-02 00:00:00+00:00,20.563842084
2014-07-03 00:00:00+00:00,20.5991938358
2014-07-07 00:00:00+00:00,20.6862135326
2014-07-08 00:00:00+00:00,20.8439367329
2014-07-09 00:00:00+00:00,20.9962212022
2014-07-10 00:00:00+00:00,20.9554307193
2014-07-11 00:00:00+00:00,20.8901659468
2014-07-14 00:00:00+00:00,20.8167430777
2014-07-15 00:00:00+00:00,20.8956046778
2014-07-16 00:00:00+00:00,20.9010434089
2014-07-17 00:00:00+00:00,20.8330592708
2014-07-18 00:00:00+00:00,20.9635888159
2014-07-21 00:00:00+00:00,20.8765691192
2014-07-22 00:00:00+00:00,20.8412173674
2014-07-23 00:00:00+00:00,20.9363951607
2014-07-24 00:00:00+00:00,20.7623557672
2014-07-25 00:00:00+00:00,20.6590198773
2014-07-28 00:00:00+00:00,20.5883163737
2014-07-29 00:00:00+00:00,20.5148935046
2014-07-30 00:00:00+00:00,20.3354153801
2014-07-31 00:00:00+00:00,20.0090915174
2014-08-01 00:00:00+00:00,19.9982140553
2014-08-04 00:00:00+00:00,19.9982140553
2014-08-05 00:00:00+00:00,19.9438267448
2014-08-06 00:00:00+00:00,20.3082217249
2014-08-07 00:00:00+00:00,20.2397977972
2014-08-08 00:00:00+00:00,20.4368587088
2014-08-11 00:00:00+00:00,20.3520130386
2014-08-12 00:00:00+00:00,20.3136956391
2014-08-13 00:00:00+00:00,20.2616934541
2014-08-14 00:00:00+00:00,20.3602239099
2014-08-15 00:00:00+00:00,20.2261130117
2014-08-18 00:00:00+00:00,20.3875934809
2014-08-19 00:00:00+00:00,20.4943348081
2014-08-20 00:00:00+00:00,20.5162304649
2014-08-21 00:00:00+00:00,20.6777109342
2014-08-22 00:00:00+00:00,20.7269761621
2014-08-25 00:00:00+00:00,20.7160283336
2014-08-26 00:00:00+00:00,20.6695000628
2014-08-27 00:00:00+00:00,20.7598196473
2014-08-28 00:00:00+00:00,20.7735044329
2014-08-29 00:00:00+00:00,20.6640261486
2014-09-02 00:00:00+00:00,20.7324500763
2014-09-03 00:00:00+00:00,20.803610961
2014-09-04 00:00:00+00:00,20.9541436018
2014-09-05 00:00:00+00:00,21.2141545269
2014-09-08 00:00:00+00:00,20.9459327305
2014-09-09 00:00:00+00:00,21.0034088297
2014-09-10 00:00:00+00:00,20.9404588163
2014-09-11 00:00:00+00:00,20.828243575
2014-09-12 00:00:00+00:00,20.7379239905
2014-09-15 00:00:00+00:00,20.7488718189
2014-09-16 00:00:00+00:00,20.8884566313
2014-09-17 00:00:00+00:00,20.8665609745
2014-09-18 00:00:00+00:00,20.8610870602
2014-09-19 00:00:00+00:00,21.0307784008
2014-09-22 00:00:00+00:00,20.8857196742
2014-09-23 00:00:00+00:00,20.6913957197
2014-09-24 00:00:00+00:00,21.0964653713
2014-09-25 00:00:00+00:00,20.8337174892
2014-09-26 00:00:00+00:00,20.9349849021
2014-09-29 00:00:00+00:00,20.8227696608
2014-09-30 00:00:00+00:00,20.9295109879
2014-10-01 00:00:00+00:00,20.8337174892
2014-10-02 00:00:00+00:00,20.8638240173
2014-10-03 00:00:00+00:00,21.1621523419
2014-10-06 00:00:00+00:00,21.1703632132
2014-10-07 00:00:00+00:00,21.1566784277
2014-10-08 00:00:00+00:00,21.4139523956
2014-10-09 00:00:00+00:00,21.3099480256
2014-10-10 00:00:00+00:00,21.4276371811
2014-10-13 00:00:00+00:00,21.2278393124
2014-10-14 00:00:00+00:00,21.3427915109
2014-10-15 00:00:00+00:00,20.5819174354
2014-10-16 00:00:00+00:00,20.2042173549
2014-10-17 00:00:00+00:00,20.2808521538
2014-10-20 00:00:00+00:00,20.5654956928
2014-10-21 00:00:00+00:00,20.8063479181
2014-10-22 00:00:00+00:00,20.8090848752
2014-10-23 00:00:00+00:00,20.8692979316
2014-10-24 00:00:00+00:00,20.9048783739
2014-10-27 00:00:00+00:00,20.9623544732
2014-10-28 00:00:00+00:00,20.8966675026
2014-10-29 00:00:00+00:00,20.907615331
2014-10-30 00:00:00+00:00,20.9240370737
2014-10-31 00:00:00+00:00,20.8747718458
2014-11-03 00:00:00+00:00,20.8775088029
2014-11-04 00:00:00+00:00,21.1457305992
2014-11-05 00:00:00+00:00,21.2661567119
2014-11-06 00:00:00+00:00,21.2962632401
2014-11-07 00:00:00+00:00,21.5590111222
2014-11-10 00:00:00+00:00,21.7423872483
2014-11-11 00:00:00+00:00,21.6246980928
2014-11-12 00:00:00+00:00,21.6767002778
2014-11-13 00:00:00+00:00,22.7003222353
2014-11-14 00:00:00+00:00,22.7057961495
2014-11-17 00:00:00+00:00,22.872750533
2014-11-18 00:00:00+00:00,22.9329635893
2014-11-19 00:00:00+00:00,23.261398442
2014-11-20 00:00:00+00:00,23.1491832007
2014-11-21 00:00:00+00:00,23.1683419004
2014-11-24 00:00:00+00:00,23.3736136833
2014-11-25 00:00:00+00:00,23.2504506136
2014-11-26 00:00:00+00:00,23.2586614849
2014-11-28 00:00:00+00:00,23.959322504
2014-12-01 00:00:00+00:00,23.598044166
2014-12-02 00:00:00+00:00,23.6473093939
2014-12-03 00:00:00+00:00,23.3790875976
2014-12-04 00:00:00+00:00,23.3295439695
2014-12-05 00:00:00+00:00,23.1533888475
2014-12-08 00:00:00+00:00,23.1836655091
2014-12-09 00:00:00+00:00,22.9992531157
2014-12-10 00:00:00+00:00,22.8396125364
2014-12-11 00:00:00+00:00,23.0735685578
2014-12-12 00:00:00+00:00,23.0680637103
2014-12-15 00:00:00+00:00,23.1038452194
2014-12-16 00:00:00+00:00,22.8341076889
2014-12-17 00:00:00+00:00,23.1836655091
2014-12-18 00:00:00+00:00,23.6543299757
2014-12-19 00:00:00+00:00,23.4396409207
2014-12-22 00:00:00+00:00,23.775436622
2014-12-23 00:00:00+00:00,23.8525044879
2014-12-24 00:00:00+00:00,23.789198741
2014-12-26 00:00:00+00:00,23.9213150825
2014-12-29 00:00:00+00:00,23.8469996404
2014-12-30 00:00:00+00:00,23.8882859971
2014-12-31 00:00:00+00:00,23.637815433
2015-01-02 00:00:00+00:00,23.6433202806
2015-01-05 00:00:00+00:00,23.574509686
2015-01-06 00:00:00+00:00,23.7561696556
2015-01-07 00:00:00+00:00,24.3864747015
2015-01-08 00:00:00+00:00,24.9011779486
2015-01-09 00:00:00+00:00,24.5929064851
2015-01-12 00:00:00+00:00,24.7773188784
2015-01-13 00:00:00+00:00,24.5818967899
2015-01-14 00:00:00+00:00,23.838742369
2015-01-15 00:00:00+00:00,24.0506790002
2015-01-16 00:00:00+00:00,23.8827811495
2015-01-20 00:00:00+00:00,23.8607617593
2015-01-21 00:00:00+00:00,23.8469996404
2015-01-22 00:00:00+00:00,24.303901988
2015-01-23 00:00:00+00:00,24.3617028874
2015-01-26 00:00:00+00:00,24.3947319728
2015-01-27 00:00:00+00:00,24.0919653569
2015-01-28 00:00:00+00:00,23.8965432684
2015-01-29 00:00:00+00:00,24.1442614087
2015-01-30 00:00:00+00:00,23.3900972927
2015-02-02 00:00:00+00:00,23.5910242287
2015-02-03 00:00:00+00:00,23.7231405702
2015-02-04 00:00:00+00:00,23.8497520641
2015-02-05 00:00:00+00:00,24.0231547624
2015-02-06 00:00:00+00:00,24.0369168813
2015-02-09 00:00:00+00:00,23.6460727043
2015-02-10 00:00:00+00:00,24.0259071861
2015-02-11 00:00:00+00:00,23.7644269269
2015-02-12 00:00:00+00:00,23.6405678568
2015-02-13 00:00:00+00:00,23.6185484665
2015-02-17 00:00:00+00:00,23.6598348232
2015-02-18 00:00:00+00:00,23.750664808
2015-02-19 00:00:00+00:00,22.9882434206
2015-02-20 00:00:00+00:00,23.2029324756
2015-02-23 00:00:00+00:00,23.285505189
2015-02-24 00:00:00+00:00,23.2772479177
2015-02-25 00:00:00+00:00,23.0020055395
2015-02-26 00:00:00+00:00,23.0653112865
2015-02-27 00:00:00+00:00,23.1010927957
2015-03-02 00:00:00+00:00,23.109350067
2015-03-03 00:00:00+00:00,22.9469570639
2015-03-04 00:00:00+00:00,22.7295155852
2015-03-05 00:00:00+00:00,23.0020055395
2015-03-06 00:00:00+00:00,22.732268009
2015-03-09 00:00:00+00:00,22.8120882986
2015-03-10 00:00:00+00:00,22.5891419723
2015-03-11 00:00:00+00:00,22.3441762558
2015-03-12 00:00:00+00:00,22.6792419798
2015-03-13 00:00:00+00:00,22.6792419798
2015-03-16 00:00:00+00:00,23.0641521917
2015-03-17 00:00:00+00:00,22.8786199313
2015-03-18 00:00:00+00:00,22.8536976874
2015-03-19 00:00:00+00:00,22.5740147277
2015-03-20 00:00:00+00:00,23.0503065006
2015-03-23 00:00:00+00:00,23.0696904681
2015-03-24 00:00:00+00:00,22.9976928745
2015-03-25 00:00:00+00:00,22.5186319634
2015-03-26 00:00:00+00:00,22.6764728416
2015-03-27 00:00:00+00:00,22.526939378
2015-03-30 00:00:00+00:00,22.8536976874
2015-03-31 00:00:00+00:00,22.7761618173
2015-04-01 00:00:00+00:00,22.3497145323
2015-04-02 00:00:00+00:00,22.3552528087
2015-04-06 00:00:00+00:00,22.4272504023
2015-04-07 00:00:00+00:00,22.2915626297
2015-04-08 00:00:00+00:00,22.4383269551
2015-04-09 00:00:00+00:00,22.385713329
2015-04-10 00:00:00+00:00,22.333099703
2015-04-13 00:00:00+00:00,22.2334107272
2015-04-14 00:00:00+00:00,22.1946427922
2015-04-15 00:00:00+00:00,22.0811081254
2015-04-16 00:00:00+00:00,21.9426512147
2015-04-17 00:00:00+00:00,21.5660484174
2015-04-20 00:00:00+00:00,21.638046011
2015-04-21 00:00:00+00:00,21.6075854907
2015-04-22 00:00:00+00:00,21.7183510193
2015-04-23 00:00:00+00:00,21.9260363854
2015-04-24 00:00:00+00:00,22.1087995076
2015-04-27 00:00:00+00:00,21.9786500115
2015-04-28 00:00:00+00:00,21.9038832797
2015-04-29 00:00:00+00:00,21.5660484174
2015-04-30 00:00:00+00:00,21.6131237671
2015-05-01 00:00:00+00:00,21.7654263689
2015-05-04 00:00:00+00:00,21.9260363854
2015-05-05 00:00:00+00:00,21.6352768728
2015-05-06 00:00:00+00:00,21.638046011
2015-05-07 00:00:00+00:00,21.7439372858
2015-05-08 00:00:00+00:00,21.8832679104
2015-05-11 00:00:00+00:00,21.7634435732
2015-05-12 00:00:00+00:00,22.0030922477
2015-05-13 00:00:00+00:00,21.7801632482
2015-05-14 00:00:00+00:00,21.9362135478
2015-05-15 00:00:00+00:00,22.0811173975
2015-05-18 00:00:00+00:00,22.270607047
2015-05-19 00:00:00+00:00,21.2980792868
2015-05-20 00:00:00+00:00,21.1503888247
2015-05-21 00:00:00+00:00,21.208907687
2015-05-22 00:00:00+00:00,21.1392423747
2015-05-26 00:00:00+00:00,20.8717275754
2015-05-27 00:00:00+00:00,20.9525393377
2015-05-28 00:00:00+00:00,20.8550079004
2015-05-29 00:00:00+00:00,20.6961709883
2015-06-01 00:00:00+00:00,20.824355163
2015-06-02 00:00:00+00:00,20.7686229131
2015-06-03 00:00:00+00:00,20.8689409629
2015-06-04 00:00:00+00:00,20.6627316383
2015-06-05 00:00:00+00:00,20.3589908766
2015-06-08 00:00:00+00:00,20.2335933144
2015-06-09 00:00:00+00:00,20.1945807395
2015-06-10 00:00:00+00:00,20.3227649142
2015-06-11 00:00:00+00:00,20.3255515267
2015-06-12 00:00:00+00:00,20.1834342895
2015-06-15 00:00:00+00:00,20.0441036648
2015-06-16 00:00:00+00:00,20.1611413895
2015-06-17 00:00:00+00:00,20.2670326643
2015-06-18 00:00:00+00:00,20.3366979766
2015-06-19 00:00:00+00:00,20.2698192768
2015-06-22 00:00:00+00:00,20.2837523393
2015-06-23 00:00:00+00:00,20.2224468644
2015-06-24 00:00:00+00:00,20.169501227
2015-06-25 00:00:00+00:00,20.0245973774
2015-06-26 00:00:00+00:00,20.0970493022
2015-06-29 00:00:00+00:00,19.9019864277
2015-06-30 00:00:00+00:00,19.7654424155
2015-07-01 00:00:00+00:00,20.0301706024
2015-07-02 00:00:00+00:00,20.0245973774
2015-07-06 00:00:00+00:00,20.2113004144
2015-07-07 00:00:00+00:00,20.5624135886
2015-07-08 00:00:00+00:00,20.3589908766
2015-07-09 00:00:00+00:00,20.2809657268
2015-07-10 00:00:00+00:00,20.3757105515
2015-07-13 00:00:00+00:00,20.587493101
2015-07-14 00:00:00+00:00,20.5624135886
2015-07-15 00:00:00+00:00,20.5234010137
2015-07-16 00:00:00+00:00,20.5735600386
2015-07-17 00:00:00+00:00,20.4509490889
2015-07-20 00:00:00+00:00,20.3701373265
2015-07-21 00:00:00+00:00,20.2698192768
2015-07-22 00:00:00+00:00,20.3868570015
2015-07-23 00:00:00+00:00,20.2057271894
2015-07-24 00:00:00+00:00,19.9465722276
2015-07-27 00:00:00+00:00,19.8908399777
2015-07-28 00:00:00+00:00,20.0914760772
2015-07-29 00:00:00+00:00,20.1277020396
2015-07-30 00:00:00+00:00,20.1081957522
2015-07-31 00:00:00+00:00,20.0580367273
2015-08-03 00:00:00+00:00,20.1137689772
2015-08-04 00:00:00+00:00,20.1332752646
2015-08-05 00:00:00+00:00,20.6209324509
2015-08-06 00:00:00+00:00,20.4189589594
2015-08-07 00:00:00+00:00,19.9869601024
2015-08-10 00:00:00+00:00,20.0514794122
2015-08-11 00:00:00+00:00,20.1777128445
2015-08-12 00:00:00+00:00,20.3600500243
2015-08-13 00:00:00+00:00,20.2282062174
2015-08-14 00:00:00+00:00,20.3039462767
2015-08-17 00:00:00+00:00,20.1721024697
2015-08-18 00:00:00+00:00,19.4904419357
2015-08-19 00:00:00+00:00,19.2351698838
2015-08-20 00:00:00+00:00,19.1958972605
2015-08-21 00:00:00+00:00,18.6657168451
2015-08-24 00:00:00+00:00,17.939173313
2015-08-25 00:00:00+00:00,17.7007323855
2015-08-26 00:00:00+00:00,18.1860298027
2015-08-27 00:00:00+00:00,18.5366782255
2015-08-28 00:00:00+00:00,18.2168868639
2015-08-31 00:00:00+00:00,18.1579779289
2015-09-01 00:00:00+00:00,17.902705877
2015-09-02 00:00:00+00:00,18.0766274948
2015-09-03 00:00:00+00:00,18.1944453648
2015-09-04 00:00:00+00:00,17.9223421887
2015-09-08 00:00:00+00:00,18.620833847
2015-09-09 00:00:00+00:00,18.2673802368
2015-09-10 00:00:00+00:00,17.9868614985
2015-09-11 00:00:00+00:00,18.1355364298
2015-09-14 00:00:00+00:00,18.0317444966
2015-09-15 00:00:00+00:00,18.0429652462
2015-09-16 00:00:00+00:00,18.1467571793
2015-09-17 00:00:00+00:00,18.0850430569
2015-09-18 00:00:00+00:00,17.7680568826
2015-09-21 00:00:00+00:00,17.8746540032
2015-09-22 00:00:00+00:00,17.8381865672
2015-09-23 00:00:00+00:00,17.8746540032
2015-09-24 00:00:00+00:00,17.9055110644
2015-09-25 00:00:00+00:00,17.8914851275
2015-09-28 00:00:00+00:00,17.8578228789
2015-09-29 00:00:00+00:00,17.8914851275
2015-09-30 00:00:00+00:00,18.1888349901
2015-10-01 00:00:00+00:00,18.0289393092
2015-10-02 00:00:00+00:00,18.2281076134
2015-10-05 00:00:00+00:00,18.4777692905
2015-10-06 00:00:00+00:00,18.4244707302
2015-10-07 00:00:00+00:00,18.6152234722
2015-10-08 00:00:00+00:00,18.7610932162
2015-10-09 00:00:00+00:00,18.7077946559
2015-10-12 00:00:00+00:00,18.7751191531
2015-10-13 00:00:00+00:00,18.7190154054
2015-10-14 00:00:00+00:00,16.8395398589
2015-10-15 00:00:00+00:00,16.6431767421
2015-10-16 00:00:00+00:00,16.5197484973
2015-10-19 00:00:00+00:00,16.5085277478
2015-10-20 00:00:00+00:00,16.4804758739
2015-10-21 00:00:00+00:00,16.4496188127
2015-10-22 00:00:00+00:00,16.5225536847
2015-10-23 00:00:00+00:00,16.3542424417
2015-10-26 00:00:00+00:00,16.275697195
2015-10-27 00:00:00+00:00,16.1242170763
2015-10-28 00:00:00+00:00,16.1691000744
2015-10-29 00:00:00+00:00,16.2588660707
2015-10-30 00:00:00+00:00,16.0568925791
2015-11-02 00:00:00+00:00,16.1606845123
2015-11-03 00:00:00+00:00,16.3009438814
2015-11-04 00:00:00+00:00,16.3738787534
2015-11-05 00:00:00+00:00,16.4412032506
2015-11-06 00:00:00+00:00,16.4888914361
2015-11-09 00:00:00+00:00,16.407541002
2015-11-10 00:00:00+00:00,16.4608395623
2015-11-11 00:00:00+00:00,16.1522689502
2015-11-12 00:00:00+00:00,15.975542145
2015-11-13 00:00:00+00:00,15.8268672137
2015-11-16 00:00:00+00:00,16.2336193843
2015-11-17 00:00:00+00:00,16.8086827977
2015-11-18 00:00:00+00:00,17.0920067234
2015-11-19 00:00:00+00:00,17.0274874136
2015-11-20 00:00:00+00:00,16.8507606085
2015-11-23 00:00:00+00:00,16.9040591687
2015-11-24 00:00:00+00:00,16.8086827977
2015-11-25 00:00:00+00:00,16.898448794
2015-11-27 00:00:00+00:00,16.8002672356
2015-11-30 00:00:00+00:00,16.5057225604
2015-12-01 00:00:00+00:00,16.5478003711
2015-12-02 00:00:00+00:00,16.5057225604
2015-12-03 00:00:00+00:00,16.700905912
2015-12-04 00:00:00+00:00,16.876288054
2015-12-07 00:00:00+00:00,17.113902569
2015-12-08 00:00:00+00:00,16.8621443329
2015-12-09 00:00:00+00:00,16.72636461
2015-12-10 00:00:00+00:00,16.8480006118
2015-12-11 00:00:00+00:00,16.7914257272
2015-12-14 00:00:00+00:00,17.0827863825
2015-12-15 00:00:00+00:00,16.8706305656
2015-12-16 00:00:00+00:00,17.0573276845
2015-12-17 00:00:00+00:00,16.6839334466
2015-12-18 00:00:00+00:00,16.6471597717
2015-12-21 00:00:00+00:00,16.8451718675
2015-12-22 00:00:00+00:00,17.1252175459
2015-12-23 00:00:00+00:00,17.2807984784
2015-12-24 00:00:00+00:00,17.2072511285
2015-12-28 00:00:00+00:00,17.1846211747
2015-12-29 00:00:00+00:00,17.4278931782
2015-12-30 00:00:00+00:00,17.4476943877
2015-12-31 00:00:00+00:00,17.3402021071
2016-01-04 00:00:00+00:00,17.3854620148
2016-01-05 00:00:00+00:00,17.7984586718
2016-01-06 00:00:00+00:00,17.9766695581
2016-01-07 00:00:00+00:00,18.3953237035
2016-01-08 00:00:00+00:00,17.9738408138
2016-01-11 00:00:00+00:00,18.1661954212
2016-01-12 00:00:00+00:00,17.9964707676
2016-01-13 00:00:00+00:00,17.5155842492
2016-01-14 00:00:00+00:00,17.838061091
2016-01-15 00:00:00+00:00,17.5184129934
2016-01-19 00:00:00+00:00,17.6966238797
2016-01-20 00:00:00+00:00,17.2100798727
2016-01-21 00:00:00+00:00,17.5042692723
2016-01-22 00:00:00+00:00,17.7333975546
2016-01-25 00:00:00+00:00,17.9483821158
2016-01-26 00:00:00+00:00,18.1039630482
2016-01-27 00:00:00+00:00,18.0898193271
2016-01-28 00:00:00+00:00,18.1661954212
2016-01-29 00:00:00+00:00,18.7715466856
2016-02-01 00:00:00+00:00,19.0940235274
2016-02-02 00:00:00+00:00,18.912983897
2016-02-03 00:00:00+00:00,18.7460879876
2016-02-04 00:00:00+00:00,18.788519151
2016-02-05 00:00:00+00:00,18.9525863161
2016-02-08 00:00:00+00:00,18.9242988739
2016-02-09 00:00:00+00:00,18.6159657532
2016-02-10 00:00:00+00:00,18.6103082647
2016-02-11 00:00:00+00:00,18.4773572861
2016-02-12 00:00:00+00:00,18.7206292896
2016-02-16 00:00:00+00:00,18.6414244512
2016-02-17 00:00:00+00:00,18.70082808
2016-02-18 00:00:00+00:00,18.137907979
2016-02-19 00:00:00+00:00,18.2906601672
2016-02-22 00:00:00+00:00,18.5650483571
2016-02-23 00:00:00+00:00,18.8054916164
2016-02-24 00:00:00+00:00,18.9865312468
2016-02-25 00:00:00+00:00,19.2467757157
2016-02-26 00:00:00+00:00,18.813977849
2016-02-29 00:00:00+00:00,18.7658891972
2016-03-01 00:00:00+00:00,18.7998341279
2016-03-02 00:00:00+00:00,18.7291155222
2016-03-03 00:00:00+00:00,18.7093143127
2016-03-04 00:00:00+00:00,18.8903539431
2016-03-07 00:00:00+00:00,19.2043445523
2016-03-08 00:00:00+00:00,19.2467757157
2016-03-09 00:00:00+00:00,19.2439469714
2016-03-10 00:00:00+00:00,19.2097507085
2016-03-11 00:00:00+00:00,19.1413581826
2016-03-14 00:00:00+00:00,19.1955022656
2016-03-15 00:00:00+00:00,19.4035295318
2016-03-16 00:00:00+00:00,19.375032646
2016-03-17 00:00:00+00:00,19.2211494628
2016-03-18 00:00:00+00:00,19.0786650339
2016-03-21 00:00:00+00:00,19.3693332689
2016-03-22 00:00:00+00:00,19.3408363831
2016-03-23 00:00:00+00:00,19.2239991514
2016-03-24 00:00:00+00:00,19.3778823346
2016-03-28 00:00:00+00:00,19.4120785976
2016-03-29 00:00:00+00:00,19.3864314004
2016-03-30 00:00:00+00:00,19.6058574209
2016-03-31 00:00:00+00:00,19.517517075
2016-04-01 00:00:00+00:00,19.679949324
2016-04-04 00:00:00+00:00,19.6913480783
2016-04-05 00:00:00+00:00,19.5602624037
2016-04-06 00:00:00+00:00,19.6742499468
2016-04-07 00:00:00+00:00,19.4405754834
2016-04-08 00:00:00+00:00,19.3949804661
2016-04-11 00:00:00+00:00,19.2069010199
2016-04-12 00:00:00+00:00,19.6058574209
2016-04-13 00:00:00+00:00,19.7055965212
2016-04-14 00:00:00+00:00,19.6058574209
2016-04-15 00:00:00+00:00,19.679949324
2016-04-18 00:00:00+00:00,19.9079244102
2016-04-19 00:00:00+00:00,19.882277213
2016-04-20 00:00:00+00:00,19.7226946526
2016-04-21 00:00:00+00:00,19.5118176978
2016-04-22 00:00:00+00:00,19.5830599123
2016-04-25 00:00:00+00:00,19.7967865557
2016-04-26 00:00:00+00:00,19.7483418498
2016-04-27 00:00:00+00:00,19.7825381128
2016-04-28 00:00:00+00:00,19.6372039953
2016-04-29 00:00:00+00:00,19.0558675252
2016-05-02 00:00:00+00:00,19.2610451029
2016-05-03 00:00:00+00:00,19.0929134768
2016-05-04 00:00:00+00:00,19.1470575598
2016-05-05 00:00:00+00:00,19.1527569369
2016-05-06 00:00:00+00:00,19.4491245491
2016-05-09 00:00:00+00:00,19.6486027496
2016-05-10 00:00:00+00:00,19.6030077323
2016-05-11 00:00:00+00:00,19.0672662796
2016-05-12 00:00:00+00:00,19.1935966088
2016-05-13 00:00:00+00:00,18.6452081342
2016-05-16 00:00:00+00:00,18.9552916696
2016-05-17 00:00:00+00:00,18.6911464358
2016-05-18 00:00:00+00:00,18.1312733858
2016-05-19 00:00:00+00:00,19.8683154125
2016-05-20 00:00:00+00:00,20.0578109063
2016-05-23 00:00:00+00:00,19.9544497279
2016-05-24 00:00:00+00:00,20.1669143725
2016-05-25 00:00:00+00:00,20.2358218248
2016-05-26 00:00:00+00:00,20.3420541471
2016-05-27 00:00:00+00:00,20.3133427086
2016-05-31 00:00:00+00:00,20.3219561401
2016-06-01 00:00:00+00:00,20.2415641125
2016-06-02 00:00:00+00:00,20.3707655855
2016-06-03 00:00:00+00:00,20.3477964348
2016-06-06 00:00:00+00:00,20.399477024
2016-06-07 00:00:00+00:00,20.3937347363
2016-06-08 00:00:00+00:00,20.4655133324
2016-06-09 00:00:00+00:00,20.4109615994
2016-06-10 00:00:00+00:00,20.4253173186
2016-06-13 00:00:00+00:00,20.250177544
2016-06-14 00:00:00+00:00,20.3707655855
2016-06-15 00:00:00+00:00,20.4195750309
2016-06-16 00:00:00+00:00,20.4712556201
2016-06-17 00:00:00+00:00,20.3707655855
2016-06-20 00:00:00+00:00,20.4138327432
2016-06-21 00:00:00+00:00,20.5171939217
2016-06-22 00:00:00+00:00,20.6004570932
2016-06-23 00:00:00+00:00,20.7009471278
2016-06-24 00:00:00+00:00,20.6607511139
2016-06-27 00:00:00+00:00,20.528678497
2016-06-28 00:00:00+00:00,20.5315496409
2016-06-29 00:00:00+00:00,20.8043083062
2016-06-30 00:00:00+00:00,20.9650923616
2016-07-01 00:00:00+00:00,20.9047983408
2016-07-05 00:00:00+00:00,20.9995460877
2016-07-06 00:00:00+00:00,21.1947838692
2016-07-07 00:00:00+00:00,21.1115206977
2016-07-08 00:00:00+00:00,21.2005261569
2016-07-11 00:00:00+00:00,21.2636913215
2016-07-12 00:00:00+00:00,21.0368709577
2016-07-13 00:00:00+00:00,21.1373609923
2016-07-14 00:00:00+00:00,21.1603301431
2016-07-15 00:00:00+00:00,21.1517167116
2016-07-18 00:00:00+00:00,21.2005261569
2016-07-19 00:00:00+00:00,21.1488455677
2016-07-20 00:00:00+00:00,21.1861704377
2016-07-21 00:00:00+00:00,21.1086495539
2016-07-22 00:00:00+00:00,21.1172629854
2016-07-25 00:00:00+00:00,21.1746858623
2016-07-26 00:00:00+00:00,21.1689435746
2016-07-27 00:00:00+00:00,21.051226677
2016-07-28 00:00:00+00:00,21.0282575262
2016-07-29 00:00:00+00:00,20.9507366424
2016-08-01 00:00:00+00:00,21.1832992939
2016-08-02 00:00:00+00:00,20.9966749439
2016-08-03 00:00:00+00:00,20.9421232108
2016-08-04 00:00:00+00:00,21.0454843893
2016-08-05 00:00:00+00:00,21.1775570062
2016-08-08 00:00:00+00:00,21.0569689647
2016-08-09 00:00:00+00:00,21.1143918416
2016-08-10 00:00:00+00:00,21.3756659315
2016-08-11 00:00:00+00:00,21.3323075828
2016-08-12 00:00:00+00:00,21.358322592
2016-08-15 00:00:00+00:00,21.1935608668
2016-08-16 00:00:00+00:00,21.0692669337
2016-08-17 00:00:00+00:00,21.0808291601
2016-08-18 00:00:00+00:00,21.4768354119
2016-08-19 00:00:00+00:00,21.0461424811
2016-08-22 00:00:00+00:00,21.0143463587
2016-08-23 00:00:00+00:00,20.8033357281
2016-08-24 00:00:00+00:00,20.8784901992
2016-08-25 00:00:00+00:00,20.5865439844
2016-08-26 00:00:00+00:00,20.5634195317
2016-08-29 00:00:00+00:00,20.6385740029
2016-08-30 00:00:00+00:00,20.6125589936
2016-08-31 00:00:00+00:00,20.6501362292
2016-09-01 00:00:00+00:00,21.0548141508
2016-09-02 00:00:00+00:00,20.956535227
2016-09-06 00:00:00+00:00,21.1010630561
2016-09-07 00:00:00+00:00,20.8293507373
2016-09-08 00:00:00+00:00,20.7628679359
2016-09-09 00:00:00+00:00,20.3206127787
2016-09-12 00:00:00+00:00,20.7946640583
2016-09-13 00:00:00+00:00,20.6559173424
2016-09-14 00:00:00+00:00,20.6732606819
2016-09-15 00:00:00+00:00,20.9276296612
2016-09-16 00:00:00+00:00,21.0634858206
2016-09-19 00:00:00+00:00,20.8380224071
2016-09-20 00:00:00+00:00,20.8033357281
2016-09-21 00:00:00+00:00,20.8669279729
2016-09-22 00:00:00+00:00,20.8900524256
2016-09-23 00:00:00+00:00,20.9131768782
2016-09-26 00:00:00+00:00,20.7021662477
2016-09-27 00:00:00+00:00,20.9073957651
2016-09-28 00:00:00+00:00,20.7513057096
2016-09-29 00:00:00+00:00,20.4449067118
2016-09-30 00:00:00+00:00,20.8466940768
2016-10-03 00:00:00+00:00,20.8148979544
2016-10-04 00:00:00+00:00,20.7397434833
2016-10-05 00:00:00+00:00,20.7166190306
2016-10-06 00:00:00+00:00,20.0489004599
2016-10-07 00:00:00+00:00,19.8581237254
2016-10-10 00:00:00+00:00,19.6500036515
2016-10-11 00:00:00+00:00,19.4794608131
2016-10-12 00:00:00+00:00,19.4996947091
2016-10-13 00:00:00+00:00,19.722267566
2016-10-14 00:00:00+00:00,19.7858598109
2016-10-17 00:00:00+00:00,19.7193770095
2016-10-18 00:00:00+00:00,19.9072631873
2016-10-19 00:00:00+00:00,19.9130443005
2016-10-20 00:00:00+00:00,19.8667953952
2016-10-21 00:00:00+00:00,19.7540636884
2016-10-24 00:00:00+00:00,19.999760998
2016-10-25 00:00:00+00:00,20.0489004599
2016-10-26 00:00:00+00:00,20.1153832613
2016-10-27 00:00:00+00:00,20.1847566193
2016-10-28 00:00:00+00:00,20.2310055246
2016-10-31 00:00:00+00:00,20.2396771944
2016-11-01 00:00:00+00:00,20.0315571204
2016-11-02 00:00:00+00:00,20.0749154692
2016-11-03 00:00:00+00:00,20.1269454877
2016-11-04 00:00:00+00:00,19.9910893283
2016-11-07 00:00:00+00:00,20.1703038364
2016-11-08 00:00:00+00:00,20.173194393
2016-11-09 00:00:00+00:00,20.5518573054
2016-11-10 00:00:00+00:00,20.6356834463
2016-11-11 00:00:00+00:00,20.5894345409
2016-11-14 00:00:00+00:00,20.3755333538
2016-11-15 00:00:00+00:00,20.644355116
2016-11-16 00:00:00+00:00,20.6356834463
2016-11-17 00:00:00+00:00,19.999760998
2016-11-18 00:00:00+00:00,19.8118748201
2016-11-21 00:00:00+00:00,20.0517910165
2016-11-22 00:00:00+00:00,20.2685827602
2016-11-23 00:00:00+00:00,20.4738122776
2016-11-25 00:00:00+00:00,20.5894345409
2016-11-28 00:00:00+00:00,20.5778723146
2016-11-29 00:00:00+00:00,20.6299023331
2016-11-30 00:00:00+00:00,20.3581900143
2016-12-01 00:00:00+00:00,20.4275633723
2016-12-02 00:00:00+00:00,20.4882650605
2016-12-05 00:00:00+00:00,20.2165527417
2016-12-06 00:00:00+00:00,20.3379561182
2016-12-07 00:00:00+00:00,20.5518573054
2016-12-08 00:00:00+00:00,20.4761705787
2016-12-09 00:00:00+00:00,20.4004838521
2016-12-12 00:00:00+00:00,20.8633372957
2016-12-13 00:00:00+00:00,20.901180659
2016-12-14 00:00:00+00:00,20.7672733734
2016-12-15 00:00:00+00:00,20.6915866468
2016-12-16 00:00:00+00:00,20.6624763673
2016-12-19 00:00:00+00:00,20.8371380442
2016-12-20 00:00:00+00:00,20.9070027149
2016-12-21 00:00:00+00:00,20.738163094
2016-12-22 00:00:00+00:00,20.2578434827
2016-12-23 00:00:00+00:00,20.243288343
2016-12-27 00:00:00+00:00,20.2898647901
2016-12-28 00:00:00+00:00,20.1763347002
2016-12-29 00:00:00+00:00,20.1617795605
2016-12-30 00:00:00+00:00,20.1210251692
2017-01-03 00:00:00+00:00,19.9871178837
2017-01-04 00:00:00+00:00,20.1035590015
2017-01-05 00:00:00+00:00,20.1472244207
2017-01-06 00:00:00+00:00,19.8706767658
2017-01-09 00:00:00+00:00,20.0016730234
2017-01-10 00:00:00+00:00,19.8619436819
2017-01-11 00:00:00+00:00,19.9492745203
2017-01-12 00:00:00+00:00,19.7862569553
2017-01-13 00:00:00+00:00,19.5417306078
2017-01-17 00:00:00+00:00,19.9172532129
2017-01-18 00:00:00+00:00,19.8270113466
2017-01-19 00:00:00+00:00,19.6843709772
2017-01-20 00:00:00+00:00,19.5562857475
2017-01-23 00:00:00+00:00,19.4020012663
2017-01-24 00:00:00+00:00,19.6203283623
2017-01-25 00:00:00+00:00,19.4718659371
2017-01-26 00:00:00+00:00,19.4252894899
2017-01-27 00:00:00+00:00,19.1138094996
2017-01-30 00:00:00+00:00,19.3350476235
2017-01-31 00:00:00+00:00,19.4282005178
2017-02-01 00:00:00+00:00,19.2797380926
2017-02-02 00:00:00+00:00,19.4165564061
2017-02-03 00:00:00+00:00,19.3583358471
2017-02-06 00:00:00+00:00,19.3292255677
2017-02-07 00:00:00+00:00,19.4718659371
2017-02-08 00:00:00+00:00,19.7396805082
2017-02-09 00:00:00+00:00,20.1093810574
2017-02-10 00:00:00+00:00,19.8008120951
2017-02-13 00:00:00+00:00,19.7280363964
2017-02-14 00:00:00+00:00,19.9871178837
2017-02-15 00:00:00+00:00,19.9958509675
2017-02-16 00:00:00+00:00,20.0482494705
2017-02-17 00:00:00+00:00,20.1938008679
2017-02-21 00:00:00+00:00,20.7992946809
2017-02-22 00:00:00+00:00,20.8749814075
2017-02-23 00:00:00+00:00,20.7585402896
2017-02-24 00:00:00+00:00,21.0729313079
2017-02-27 00:00:00+00:00,20.8837144913
2017-02-28 00:00:00+00:00,20.6479212276
2017-03-01 00:00:00+00:00,20.5081918862
2017-03-02 00:00:00+00:00,20.5984337525
2017-03-03 00:00:00+00:00,20.3859287124
2017-03-06 00:00:00+00:00,20.3422632932
2017-03-07 00:00:00+00:00,20.3393522652
2017-03-08 00:00:00+00:00,20.4674374949
2017-03-09 00:00:00+00:00,20.4850312807
2017-03-10 00:00:00+00:00,20.555406424
2017-03-13 00:00:00+00:00,20.5114219594
2017-03-14 00:00:00+00:00,20.7372088774
2017-03-15 00:00:00+00:00,20.6961567105
2017-03-16 00:00:00+00:00,20.6551045436
2017-03-17 00:00:00+00:00,20.4938281736
2017-03-20 00:00:00+00:00,20.5202188523
2017-03-21 00:00:00+00:00,20.4967604713
2017-03-22 00:00:00+00:00,20.5993908885
2017-03-23 00:00:00+00:00,20.4850312807
2017-03-24 00:00:00+00:00,20.4117238398
2017-03-27 00:00:00+00:00,20.426385328
2017-03-28 00:00:00+00:00,20.6199169719
2017-03-29 00:00:00+00:00,20.7430734726
2017-03-30 00:00:00+00:00,20.9923187716
2017-03-31 00:00:00+00:00,21.1360013558
2017-04-03 00:00:00+00:00,21.0626939149
2017-04-04 00:00:00+00:00,21.1154752723
2017-04-05 00:00:00+00:00,21.0099125574
2017-04-06 00:00:00+00:00,20.9454020095
2017-04-07 00:00:00+00:00,21.3764497619
2017-04-10 00:00:00+00:00,21.423366524
2017-04-11 00:00:00+00:00,21.5318615365
2017-04-12 00:00:00+00:00,21.5347938342
2017-04-13 00:00:00+00:00,21.4497572028
2017-04-17 00:00:00+00:00,21.5494553224
2017-04-18 00:00:00+00:00,21.6667472278
2017-04-19 00:00:00+00:00,21.7195285852
2017-04-20 00:00:00+00:00,21.9335863126
2017-04-21 00:00:00+00:00,21.9746384795
2017-04-24 00:00:00+00:00,21.9277217173
2017-04-25 00:00:00+00:00,22.0068937535
2017-04-26 00:00:00+00:00,22.1183210636
2017-04-27 00:00:00+00:00,22.1212533613
2017-04-28 00:00:00+00:00,22.0450136227
2017-05-01 00:00:00+00:00,22.0596751109
2017-05-02 00:00:00+00:00,22.1447117423
2017-05-03 00:00:00+00:00,22.2150868856
2017-05-04 00:00:00+00:00,22.3851601484
2017-05-05 00:00:00+00:00,22.4320769106
2017-05-08 00:00:00+00:00,22.3206496005
2017-05-09 00:00:00+00:00,22.4965874586
2017-05-10 00:00:00+00:00,22.6402700427
2017-05-11 00:00:00+00:00,22.4720177099
2017-05-12 00:00:00+00:00,22.3480423068
2017-05-15 00:00:00+00:00,22.5192464349
2017-05-16 00:00:00+00:00,22.1709345881
2017-05-17 00:00:00+00:00,22.1738863834
2017-05-18 00:00:00+00:00,22.8882208489
2017-05-19 00:00:00+00:00,23.2512916723
2017-05-22 00:00:00+00:00,23.1863521754
2017-05-23 00:00:00+00:00,23.1686414036
2017-05-24 00:00:00+00:00,23.0682803629
2017-05-25 00:00:00+00:00,23.1155090879
2017-05-26 00:00:00+00:00,23.0623767723
2017-05-30 00:00:00+00:00,23.0682803629
2017-05-31 00:00:00+00:00,23.201111152
2017-06-01 00:00:00+00:00,23.5582783847
2017-06-02 00:00:00+00:00,23.5021942738
2017-06-05 00:00:00+00:00,23.6911091738
2017-06-06 00:00:00+00:00,23.2985203973
2017-06-07 00:00:00+00:00,23.3634598941
2017-06-08 00:00:00+00:00,23.2985203973
2017-06-09 00:00:00+00:00,23.4431583676
2017-06-12 00:00:00+00:00,23.390026052
2017-06-13 00:00:00+00:00,23.4726763207
2017-06-14 00:00:00+00:00,23.5848445425
2017-06-15 00:00:00+00:00,23.2926168067
2017-06-16 00:00:00+00:00,22.2093079272
2017-06-19 00:00:00+00:00,22.2860546053
2017-06-20 00:00:00+00:00,22.2978617865
2017-06-21 00:00:00+00:00,22.5044874584
2017-06-22 00:00:00+00:00,22.2919581959
2017-06-23 00:00:00+00:00,22.0912361147
2017-06-26 00:00:00+00:00,22.2860546053
2017-06-27 00:00:00+00:00,22.4365961662
2017-06-28 00:00:00+00:00,22.5841859318
2017-06-29 00:00:00+00:00,22.4129818037
2017-06-30 00:00:00+00:00,22.3391869209
2017-07-03 00:00:00+00:00,22.2447294709
2017-07-05 00:00:00+00:00,22.2329222897
2017-07-06 00:00:00+00:00,22.2771992193
2017-07-07 00:00:00+00:00,22.235874085
2017-07-10 00:00:00+00:00,21.6159970695
2017-07-11 00:00:00+00:00,21.686840157
2017-07-12 00:00:00+00:00,21.8255745366
2017-07-13 00:00:00+00:00,22.1532238162
2017-07-14 00:00:00+00:00,22.5340054115
2017-07-17 00:00:00+00:00,22.5428607974
2017-07-18 00:00:00+00:00,22.4926802771
2017-07-19 00:00:00+00:00,22.3952710318
2017-07-20 00:00:00+00:00,22.4395479615
2017-07-21 00:00:00+00:00,22.4779213006
2017-07-24 00:00:00+00:00,22.6963541536
2017-07-25 00:00:00+00:00,23.1774967895
2017-07-26 00:00:00+00:00,23.2896650113
2017-07-27 00:00:00+00:00,23.5494229988
2017-07-28 00:00:00+00:00,23.5582783847
2017-07-31 00:00:00+00:00,23.6114107003
2017-08-01 00:00:00+00:00,23.7619522613
2017-08-02 00:00:00+00:00,23.7708076472
2017-08-03 00:00:00+00:00,23.8711686878
2017-08-04 00:00:00+00:00,23.7560486706
2017-08-07 00:00:00+00:00,23.9921922956
2017-08-08 00:00:00+00:00,24.0836979503
2017-08-09 00:00:00+00:00,24.2401431018
2017-08-10 00:00:00+00:00,23.9579701335
2017-08-11 00:00:00+00:00,23.8807438474
2017-08-14 00:00:00+00:00,23.9698511005
2017-08-15 00:00:00+00:00,23.9906427929
2017-08-16 00:00:00+00:00,24.0530178702
2017-08-17 00:00:00+00:00,23.6728269233
2017-08-18 00:00:00+00:00,23.5569874942
2017-08-21 00:00:00+00:00,23.6757971651
2017-08-22 00:00:00+00:00,23.76787466
2017-08-23 00:00:00+00:00,23.7500532094
2017-08-24 00:00:00+00:00,23.2688740423
2017-08-25 00:00:00+00:00,23.3550110537
2017-08-28 00:00:00+00:00,23.1767965474
2017-08-29 00:00:00+00:00,23.3965944385
2017-08-30 00:00:00+00:00,23.3282788778
2017-08-31 00:00:00+00:00,23.1886775145
2017-09-01 00:00:00+00:00,23.2777847676
2017-09-05 00:00:00+00:00,23.7025293411
2017-09-06 00:00:00+00:00,23.7856961107
2017-09-07 00:00:00+00:00,23.7975770778
2017-09-08 00:00:00+00:00,23.429267098
2017-09-11 00:00:00+00:00,23.4886719335
2017-09-12 00:00:00+00:00,23.6460947474
2017-09-13 00:00:00+00:00,23.7203507917
2017-09-14 00:00:00+00:00,23.6668864398
2017-09-15 00:00:00+00:00,23.8748033638
2017-09-18 00:00:00+00:00,23.7619341765
2017-09-19 00:00:00+00:00,23.7767853854
2017-09-20 00:00:00+00:00,23.9104462651
2017-09-21 00:00:00+00:00,23.7649044183
2017-09-22 00:00:00+00:00,23.6223328132
2017-09-25 00:00:00+00:00,23.5094636259
2017-09-26 00:00:00+00:00,23.5807494284
2017-09-27 00:00:00+00:00,23.5510470107
2017-09-28 00:00:00+00:00,23.4500587904
2017-09-29 00:00:00+00:00,23.2094692069
2017-10-02 00:00:00+00:00,23.3015467018
2017-10-03 00:00:00+00:00,23.5302553183
2017-10-04 00:00:00+00:00,23.4916421752
2017-10-05 00:00:00+00:00,23.5866899119
2017-10-06 00:00:00+00:00,23.4649099993
2017-10-09 00:00:00+00:00,23.9193569904
2017-10-10 00:00:00+00:00,24.9886440284
2017-10-11 00:00:00+00:00,25.4638827119
2017-10-12 00:00:00+00:00,25.5737816575
2017-10-13 00:00:00+00:00,25.7282342296
2017-10-16 00:00:00+00:00,25.4668529537
2017-10-17 00:00:00+00:00,25.5381387562
2017-10-18 00:00:00+00:00,25.6094245587
2017-10-19 00:00:00+00:00,25.6628889106
2017-10-20 00:00:00+00:00,25.9717940549
2017-10-23 00:00:00+00:00,26.3311933093
2017-10-24 00:00:00+00:00,26.1321871106
2017-10-25 00:00:00+00:00,26.283669441
2017-10-26 00:00:00+00:00,26.322282584
2017-10-27 00:00:00+00:00,26.1886217043
2017-10-30 00:00:00+00:00,25.8262522081
2017-10-31 00:00:00+00:00,25.9331809119
2017-11-01 00:00:00+00:00,26.1203061435
2017-11-02 00:00:00+00:00,26.3757469359
2017-11-03 00:00:00+00:00,26.6371282119
2017-11-06 00:00:00+00:00,26.3460445182
2017-11-07 00:00:00+00:00,26.4203005625
2017-11-08 00:00:00+00:00,26.8094022346
2017-11-09 00:00:00+00:00,26.8212832017
2017-11-10 00:00:00+00:00,27.0054381916
2017-11-13 00:00:00+00:00,27.026229884
2017-11-14 00:00:00+00:00,27.0559323017
2017-11-15 00:00:00+00:00,26.6816818384
2017-11-16 00:00:00+00:00,29.5895485333
2017-11-17 00:00:00+00:00,28.9509465523
2017-11-20 00:00:00+00:00,28.9539167941
2017-11-21 00:00:00+00:00,28.6687735839
2017-11-22 00:00:00+00:00,28.6361009244
2017-11-24 00:00:00+00:00,28.6984760017
2017-11-27 00:00:00+00:00,28.6984760017
2017-11-28 00:00:00+00:00,28.7430296282
2017-11-29 00:00:00+00:00,28.9776787282
2017-11-30 00:00:00+00:00,28.8796607498
2017-12-01 00:00:00+00:00,28.915303651
2017-12-04 00:00:00+00:00,28.8143154308
2017-12-05 00:00:00+00:00,29.0578752561
2017-12-06 00:00:00+00:00,28.8945119586
2017-12-07 00:00:00+00:00,28.8974822004
2017-12-08 00:00:00+00:00,28.8288066382
2017-12-11 00:00:00+00:00,28.9422706105
2017-12-12 00:00:00+00:00,28.8735950483
2017-12-13 00:00:00+00:00,29.1900998131
2017-12-14 00:00:00+00:00,29.0019884906
2017-12-15 00:00:00+00:00,28.9960167026
2017-12-18 00:00:00+00:00,29.2319023292
2017-12-19 00:00:00+00:00,29.5006327898
2017-12-20 00:00:00+00:00,29.4857033198
2017-12-21 00:00:00+00:00,29.2796766333
2017-12-22 00:00:00+00:00,29.3244650434
2017-12-26 00:00:00+00:00,29.6081249741
2017-12-27 00:00:00+00:00,29.6379839141
2017-12-28 00:00:00+00:00,29.6797864302
2017-12-29 00:00:00+00:00,29.4857033198
2018-01-02 00:00:00+00:00,29.4379290157
2018-01-03 00:00:00+00:00,29.6947159003
2018-01-04 00:00:00+00:00,29.7215889463
2018-01-05 00:00:00+00:00,29.8977566928
2018-01-08 00:00:00+00:00,30.3396690058
2018-01-09 00:00:00+00:00,29.9753899369
2018-01-10 00:00:00+00:00,29.7604055684
2018-01-11 00:00:00+00:00,29.8649118587
2018-01-12 00:00:00+00:00,30.1187128493
2018-01-16 00:00:00+00:00,30.0649667572
2018-01-17 00:00:00+00:00,30.6651314526
2018-01-18 00:00:00+00:00,31.1428744937
2018-01-19 00:00:00+00:00,31.2294654199
2018-01-22 00:00:00+00:00,31.4862523045
2018-01-23 00:00:00+00:00,31.6206175348
2018-01-24 00:00:00+00:00,31.5877727008
2018-01-25 00:00:00+00:00,31.8296301153
2018-01-26 00:00:00+00:00,32.3641051426
2018-01-29 00:00:00+00:00,32.7104688474
2018-01-30 00:00:00+00:00,32.1670361381
2018-01-31 00:00:00+00:00,31.8296301153
2018-02-01 00:00:00+00:00,31.5071535626
2018-02-02 00:00:00+00:00,31.1966205858
2018-02-05 00:00:00+00:00,29.8858131167
2018-02-06 00:00:00+00:00,30.1276705313
2018-02-07 00:00:00+00:00,30.7099198627
2018-02-08 00:00:00+00:00,29.8649118587
2018-02-09 00:00:00+00:00,29.6708287482
2018-02-12 00:00:00+00:00,29.7245748403
2018-02-13 00:00:00+00:00,30.1515576834
2018-02-14 00:00:00+00:00,30.3665420519
2018-02-15 00:00:00+00:00,30.8233838349
2018-02-16 00:00:00+00:00,31.286197406
2018-02-20 00:00:00+00:00,28.1002485005
2018-02-21 00:00:00+00:00,27.3269019527
2018-02-22 00:00:00+00:00,27.7001387036
2018-02-23 00:00:00+00:00,27.7359694316
2018-02-26 00:00:00+00:00,27.8046449938
2018-02-27 00:00:00+00:00,27.3269019527
2018-02-28 00:00:00+00:00,26.8760319576
2018-03-01 00:00:00+00:00,26.5983438149
2018-03-02 00:00:00+00:00,26.5057811007
2018-03-05 00:00:00+00:00,26.8670742756
2018-03-06 00:00:00+00:00,26.5923720269
2018-03-07 00:00:00+00:00,26.198234018
2018-03-08 00:00:00+00:00,26.4072465985
2018-03-09 00:00:00+00:00,26.647530917
2018-03-12 00:00:00+00:00,26.4522999082
2018-03-13 00:00:00+00:00,26.5213816498
2018-03-14 00:00:00+00:00,26.332157749
2018-03-15 00:00:00+00:00,26.2841008853
2018-03-16 00:00:00+00:00,26.7826908461
2018-03-19 00:00:00+00:00,26.2660795614
2018-03-20 00:00:00+00:00,26.4162572604
2018-03-21 00:00:00+00:00,26.485339002
2018-03-22 00:00:00+00:00,26.172969388
2018-03-23 00:00:00+00:00,25.6563581033
2018-03-26 00:00:00+00:00,26.2810973313
2018-03-27 00:00:00+00:00,25.8455820041
2018-03-28 00:00:00+00:00,26.3621932888
2018-03-29 00:00:00+00:00,26.7226197665
2018-04-02 00:00:00+00:00,25.6954043051
2018-04-03 00:00:00+00:00,26.0708485527
2018-04-04 00:00:00+00:00,26.1969978198
2018-04-05 00:00:00+00:00,26.3742075047
2018-04-06 00:00:00+00:00,26.0378094589
2018-04-09 00:00:00+00:00,25.9146637457
2018-04-10 00:00:00+00:00,25.9657241633
2018-04-11 00:00:00+00:00,25.8035322484
2018-04-12 00:00:00+00:00,25.6593616573
2018-04-13 00:00:00+00:00,25.8365713422
2018-04-16 00:00:00+00:00,26.0828627686
2018-04-17 00:00:00+00:00,26.4012394905
2018-04-18 00:00:00+00:00,26.3021222092
2018-04-19 00:00:00+00:00,26.3982359366
2018-04-20 00:00:00+00:00,26.1249125243
2018-04-23 00:00:00+00:00,25.860599774
2018-04-24 00:00:00+00:00,25.9897525952
2018-04-25 00:00:00+00:00,26.1819800499
2018-04-26 00:00:00+00:00,26.4132537065
2018-04-27 00:00:00+00:00,26.2180226977
2018-04-30 00:00:00+00:00,26.5694385135
2018-05-01 00:00:00+00:00,26.2540653455
2018-05-02 00:00:00+00:00,25.9326850695
2018-05-03 00:00:00+00:00,25.8996459758
2018-05-04 00:00:00+00:00,26.2901079932
2018-05-07 00:00:00+00:00,25.6713758732
2018-05-08 00:00:00+00:00,25.7524718307
2018-05-09 00:00:00+00:00,24.9475193639
2018-05-10 00:00:00+00:00,24.9925726736
2018-05-11 00:00:00+00:00,25.2011211697
2018-05-14 00:00:00+00:00,25.506387809
2018-05-15 00:00:00+00:00,25.5456795546
2018-05-16 00:00:00+00:00,26.0322927122
2018-05-17 00:00:00+00:00,25.5366122287
2018-05-18 00:00:00+00:00,25.279704661
2018-05-21 00:00:00+00:00,25.5426571126
2018-05-22 00:00:00+00:00,25.1980987277
2018-05-23 00:00:00+00:00,25.0892908167
2018-05-24 00:00:00+00:00,25.0409317451
2018-05-25 00:00:00+00:00,24.9230565082
2018-05-29 00:00:00+00:00,24.9049218564
2018-05-30 00:00:00+00:00,25.4247818757
2018-05-31 00:00:00+00:00,24.947236044
2018-06-01 00:00:00+00:00,25.0832459328
2018-06-04 00:00:00+00:00,25.8176993322
2018-06-05 00:00:00+00:00,25.5759039743
2018-06-06 00:00:00+00:00,25.5577693225
2018-06-07 00:00:00+00:00,25.6756445594
2018-06-08 00:00:00+00:00,25.497320483
2018-06-11 00:00:00+00:00,25.4791858312
2018-06-12 00:00:00+00:00,25.4187369917
2018-06-13 00:00:00+00:00,25.4157145498
2018-06-14 00:00:00+00:00,25.3250412906
2018-06-15 00:00:00+00:00,25.2978393128
2018-06-18 00:00:00+00:00,25.0862683747
2018-06-19 00:00:00+00:00,25.2706373351
2018-06-20 00:00:00+00:00,25.2706373351
2018-06-21 00:00:00+00:00,25.4519838535
2018-06-22 00:00:00+00:00,25.6363528138
2018-06-25 00:00:00+00:00,26.1350557393
2018-06-26 00:00:00+00:00,25.9869560826
2018-06-27 00:00:00+00:00,26.2619983022
2018-06-28 00:00:00+00:00,25.950686779
2018-06-29 00:00:00+00:00,25.8872154975
2018-07-02 00:00:00+00:00,25.388512572
2018-07-03 00:00:00+00:00,25.5215000188
2018-07-05 00:00:00+00:00,25.5607917645
2018-07-06 00:00:00+00:00,25.5426571126
2018-07-09 00:00:00+00:00,25.9718438728
2018-07-10 00:00:00+00:00,26.3587164453
2018-07-11 00:00:00+00:00,26.1531903912
2018-07-12 00:00:00+00:00,26.1501679492
2018-07-13 00:00:00+00:00,26.506816102
2018-07-16 00:00:00+00:00,26.4886814501
2018-07-17 00:00:00+00:00,26.6549157586
2018-07-18 00:00:00+00:00,26.618646455
2018-07-19 00:00:00+00:00,26.5128609859
2018-07-20 00:00:00+00:00,26.615624013
2018-07-23 00:00:00+00:00,26.4856590082
2018-07-24 00:00:00+00:00,26.5853995933
2018-07-25 00:00:00+00:00,26.5672649414
2018-07-26 00:00:00+00:00,26.6670055265
2018-07-27 00:00:00+00:00,26.6367811068
2018-07-30 00:00:00+00:00,26.8634642548
2018-07-31 00:00:00+00:00,26.9692497238
2018-08-01 00:00:00+00:00,26.6700279685
2018-08-02 00:00:00+00:00,26.8271949511
2018-08-03 00:00:00+00:00,27.0810800768
2018-08-06 00:00:00+00:00,27.1022371706
2018-08-07 00:00:00+00:00,27.1324615904
2018-08-08 00:00:00+00:00,27.2170899656
2018-08-09 00:00:00+00:00,27.059922983
2018-08-10 00:00:00+00:00,27.4156145895
2018-08-13 00:00:00+00:00,27.2514492326
2018-08-14 00:00:00+00:00,27.6193012359
2018-08-15 00:00:00+00:00,27.4277749863
2018-08-16 00:00:00+00:00,29.987538513
2018-08-17 00:00:00+00:00,29.7473706762
2018-08-20 00:00:00+00:00,29.1849523241
2018-08-21 00:00:00+00:00,29.2092731177
2018-08-22 00:00:00+00:00,29.0846290505
2018-08-23 00:00:00+00:00,28.9356641897
2018-08-24 00:00:00+00:00,28.8657419081
2018-08-27 00:00:00+00:00,28.7410978408
2018-08-28 00:00:00+00:00,29.2062330185
2018-08-29 00:00:00+00:00,29.0755087529
2018-08-30 00:00:00+00:00,29.2153533161
2018-08-31 00:00:00+00:00,29.1423909353
2018-09-04 00:00:00+00:00,28.9903859753
2018-09-05 00:00:00+00:00,29.3734384745
2018-09-06 00:00:00+00:00,29.3217567881
2018-09-07 00:00:00+00:00,29.1332706377
2018-09-10 00:00:00+00:00,29.4585612522
2018-09-11 00:00:00+00:00,29.3795186729
2018-09-12 00:00:00+00:00,29.1758320265
2018-09-13 00:00:00+00:00,28.9174235945
2018-09-14 00:00:00+00:00,28.7562983369
2018-09-17 00:00:00+00:00,28.8262206185
2018-09-18 00:00:00+00:00,29.0116666697
2018-09-19 00:00:00+00:00,28.9539047849
2018-09-20 00:00:00+00:00,29.1089498441
2018-09-21 00:00:00+00:00,29.1545513321
2018-09-24 00:00:00+00:00,28.8566216105
2018-09-25 00:00:00+00:00,28.9113433961
2018-09-26 00:00:00+00:00,28.7562983369
2018-09-27 00:00:00+00:00,28.6164537736
2018-09-28 00:00:00+00:00,28.5495715912
2018-10-01 00:00:00+00:00,28.698536452
2018-10-02 00:00:00+00:00,28.9265438921
2018-10-03 00:00:00+00:00,28.5982131784
2018-10-04 00:00:00+00:00,28.6407745672
2018-10-05 00:00:00+00:00,28.3671656392
2018-10-08 00:00:00+00:00,28.7866993289
2018-10-09 00:00:00+00:00,29.5132830378
2018-10-10 00:00:00+00:00,29.1119899433
2018-10-11 00:00:00+00:00,28.5526116904
2018-10-12 00:00:00+00:00,28.8231805193
2018-10-15 00:00:00+00:00,28.5222106984
2018-10-16 00:00:00+00:00,29.1271904393
2018-10-17 00:00:00+00:00,29.3551978793
2018-10-18 00:00:00+00:00,29.2366340105
2018-10-19 00:00:00+00:00,29.5345637322
2018-10-22 00:00:00+00:00,29.531523633
2018-10-23 00:00:00+00:00,29.7321701802
2018-10-24 00:00:00+00:00,29.6592077994
2018-10-25 00:00:00+00:00,30.1517038698
2018-10-26 00:00:00+00:00,30.078741489
2018-10-29 00:00:00+00:00,30.3401900203
2018-10-30 00:00:00+00:00,31.1366960108
2018-10-31 00:00:00+00:00,30.4861147819
2018-11-01 00:00:00+00:00,30.5773177579
2018-11-02 00:00:00+00:00,30.8083652971
2018-11-05 00:00:00+00:00,31.2856608716
2018-11-06 00:00:00+00:00,31.413345038
2018-11-07 00:00:00+00:00,31.7143148589
2018-11-08 00:00:00+00:00,31.8845604141
2018-11-09 00:00:00+00:00,32.0912871597
2018-11-12 00:00:00+00:00,31.5775103948
2018-11-13 00:00:00+00:00,31.2947811692
2018-11-14 00:00:00+00:00,30.8661271819
2018-11-15 00:00:00+00:00,30.2611474411
2018-11-16 00:00:00+00:00,29.698729089
2018-11-19 00:00:00+00:00,29.4220800617
2018-11-20 00:00:00+00:00,28.6255740712
2018-11-21 00:00:00+00:00,28.6286141704
2018-11-23 00:00:00+00:00,28.9113433961
2018-11-26 00:00:00+00:00,28.9265438921
2018-11-27 00:00:00+00:00,28.8931028009
2018-11-28 00:00:00+00:00,29.6288068074
2018-11-29 00:00:00+00:00,29.577125121
2018-11-30 00:00:00+00:00,29.6865686922
2018-12-03 00:00:00+00:00,30.0209796042
2018-12-04 00:00:00+00:00,29.1271904393
2018-12-06 00:00:00+00:00,28.9691052809
2018-12-07 00:00:00+00:00,28.4861340205
2018-12-10 00:00:00+00:00,28.7153925302
2018-12-11 00:00:00+00:00,28.687881509
2018-12-12 00:00:00+00:00,28.4616797795
2018-12-13 00:00:00+00:00,28.4158280776
2018-12-14 00:00:00+00:00,28.0765254833
2018-12-17 00:00:00+00:00,27.7463932294
2018-12-18 00:00:00+00:00,27.8411534133
2018-12-19 00:00:00+00:00,27.6791440665
2018-12-20 00:00:00+00:00,26.6795769644
2018-12-21 00:00:00+00:00,26.6337252625
2018-12-24 00:00:00+00:00,26.2332870656
2018-12-26 00:00:00+00:00,27.6363491447
2018-12-27 00:00:00+00:00,27.9970491999
2018-12-28 00:00:00+00:00,28.1621153269
2018-12-31 00:00:00+00:00,28.4739069
2019-01-02 00:00:00+00:00,28.5319857225
2019-01-03 00:00:00+00:00,28.3852602763
2019-01-04 00:00:00+00:00,28.5625535237
2019-01-07 00:00:00+00:00,28.8987993379
2019-01-08 00:00:00+00:00,29.1005468264
2019-01-09 00:00:00+00:00,29.0057866424
2019-01-10 00:00:00+00:00,29.0271841033
2019-01-11 00:00:00+00:00,28.9905027418
2019-01-14 00:00:00+00:00,29.0241273232
2019-01-15 00:00:00+00:00,29.4215087399
2019-01-16 00:00:00+00:00,29.4520765412
2019-01-17 00:00:00+00:00,29.5712909663
2019-01-18 00:00:00+00:00,29.873912199
2019-01-22 00:00:00+00:00,29.8005494759
2019-01-23 00:00:00+00:00,30.1734766516
2019-01-24 00:00:00+00:00,30.0664893471
2019-01-25 00:00:00+00:00,29.6324265688
2019-01-28 00:00:00+00:00,29.6691079304
2019-01-29 00:00:00+00:00,29.5621206259
2019-01-30 00:00:00+00:00,28.9782756213
2019-01-31 00:00:00+00:00,29.2931239745
2019-02-01 00:00:00+00:00,28.6909382892
2019-02-04 00:00:00+00:00,28.9691052809
2019-02-05 00:00:00+00:00,29.2228180316
2019-02-06 00:00:00+00:00,29.2350451521
2019-02-07 00:00:00+00:00,29.5682341861
2019-02-08 00:00:00+00:00,29.2167044713
2019-02-11 00:00:00+00:00,29.4062248393
2019-02-12 00:00:00+00:00,29.6415969092
2019-02-13 00:00:00+00:00,29.9381045817
2019-02-14 00:00:00+00:00,30.1153978292
2019-02-15 00:00:00+00:00,30.5647445081
2019-02-19 00:00:00+00:00,31.2402929166
2019-02-20 00:00:00+00:00,30.5311199267
2019-02-21 00:00:00+00:00,30.3813377004
2019-02-22 00:00:00+00:00,30.4302461825
2019-02-25 00:00:00+00:00,30.2988046369
2019-02-26 00:00:00+00:00,30.1673630914
2019-02-27 00:00:00+00:00,29.9900698439
2019-02-28 00:00:00+00:00,30.2590664952
2019-03-01 00:00:00+00:00,29.9350478016
2019-03-04 00:00:00+00:00,29.9105935606
2019-03-05 00:00:00+00:00,30.0603757869
2019-03-06 00:00:00+00:00,30.0359215458
2019-03-07 00:00:00+00:00,29.7883223554
2019-03-08 00:00:00+00:00,29.8311172772
2019-03-11 00:00:00+00:00,30.1031707087
2019-03-12 00:00:00+00:00,30.0695461273
2019-03-13 00:00:00+00:00,30.2712936158
2019-03-14 00:00:00+00:00,30.1857037722
2019-03-15 00:00:00+00:00,30.2471692655
2019-03-18 00:00:00+00:00,30.6282553241
2019-03-19 00:00:00+00:00,30.6866475428
2019-03-20 00:00:00+00:00,30.3147813081
2019-03-21 00:00:00+00:00,30.4438588441
2019-03-22 00:00:00+00:00,30.2041434202
2019-03-25 00:00:00+00:00,30.1703373988
2019-03-26 00:00:00+00:00,30.2164365188
2019-03-27 00:00:00+00:00,29.8753030309
2019-03-28 00:00:00+00:00,29.8507168335
2019-03-29 00:00:00+00:00,29.9736478202
2019-04-01 00:00:00+00:00,30.0627727855
2019-04-02 00:00:00+00:00,29.7923246149
2019-04-03 00:00:00+00:00,29.8691564815
2019-04-04 00:00:00+00:00,30.1518977508
2019-04-05 00:00:00+00:00,30.3731735268
2019-04-08 00:00:00+00:00,30.4961045134
2019-04-09 00:00:00+00:00,30.3301476815
2019-04-10 00:00:00+00:00,30.6098156761
2019-04-11 00:00:00+00:00,30.9786086361
2019-04-12 00:00:00+00:00,31.2121775107
2019-04-15 00:00:00+00:00,31.4795524067
2019-04-16 00:00:00+00:00,31.63321614
2019-04-17 00:00:00+00:00,31.7039014573
2019-04-18 00:00:00+00:00,31.7100480066
2019-04-22 00:00:00+00:00,31.4611127587
2019-04-23 00:00:00+00:00,31.6762419853
2019-04-24 00:00:00+00:00,31.8176126199
2019-04-25 00:00:00+00:00,31.8145393453
2019-04-26 00:00:00+00:00,31.2029576867
2019-04-29 00:00:00+00:00,31.2121775107
2019-04-30 00:00:00+00:00,31.605556668
2019-05-01 00:00:00+00:00,31.1507120174
2019-05-02 00:00:00+00:00,31.0861732494
2019-05-03 00:00:00+00:00,31.3719877933
2019-05-06 00:00:00+00:00,31.4887722307
2019-05-07 00:00:00+00:00,31.1322723694
2019-05-08 00:00:00+00:00,30.8249449027
2019-05-09 00:00:00+00:00,30.7542595854
2019-05-10 00:00:00+00:00,31.4865038613
2019-05-13 00:00:00+00:00,30.8623969257
2019-05-14 00:00:00+00:00,30.9859824575
2019-05-15 00:00:00+00:00,30.8593072874
2019-05-16 00:00:00+00:00,31.3011255636
2019-05-17 00:00:00+00:00,31.1620918403
2019-05-20 00:00:00+00:00,31.3660079678
2019-05-21 00:00:00+00:00,31.242422436
2019-05-22 00:00:00+00:00,31.5853722867
2019-05-23 00:00:00+00:00,31.4710556698
2019-05-24 00:00:00+00:00,31.7213163717
2019-05-28 00:00:00+00:00,31.6440754143
2019-05-29 00:00:00+00:00,31.5513862654
2019-05-30 00:00:00+00:00,31.5730137335
2019-05-31 00:00:00+00:00,31.3412908614
2019-06-03 00:00:00+00:00,31.5019520527
2019-06-04 00:00:00+00:00,31.6873303504
2019-06-05 00:00:00+00:00,32.2620030732
2019-06-06 00:00:00+00:00,32.4751881156
2019-06-07 00:00:00+00:00,32.7687037536
2019-06-10 00:00:00+00:00,33.2197909446
2019-06-11 00:00:00+00:00,33.349555753
2019-06-12 00:00:00+00:00,33.6214439229
2019-06-13 00:00:00+00:00,33.5689200719
2019-06-14 00:00:00+00:00,33.6986848803
2019-06-17 00:00:00+00:00,33.7264916249
2019-06-18 00:00:00+00:00,33.8778839014
2019-06-19 00:00:00+00:00,33.8686149865
2019-06-20 00:00:00+00:00,34.0848896671
2019-06-21 00:00:00+00:00,34.335150369
2019-06-24 00:00:00+00:00,34.3691363902
2019-06-25 00:00:00+00:00,34.2084751989
2019-06-26 00:00:00+00:00,34.0354554544
2019-06-27 00:00:00+00:00,34.0169176246
2019-06-28 00:00:00+00:00,34.1374135181
2019-07-01 00:00:00+00:00,34.1775788159
2019-07-02 00:00:00+00:00,34.4803633688
2019-07-03 00:00:00+00:00,34.702817326
2019-07-05 00:00:00+00:00,34.597769624
2019-07-08 00:00:00+00:00,34.8264028578
2019-07-09 00:00:00+00:00,34.8758370705
2019-07-10 00:00:00+00:00,34.9067334535
2019-07-11 00:00:00+00:00,35.1971594532
2019-07-12 00:00:00+00:00,35.4072548572
2019-07-15 00:00:00+00:00,35.5246611124
2019-07-16 00:00:00+00:00,35.4566890699
2019-07-17 00:00:00+00:00,35.4072548572
2019-07-18 00:00:00+00:00,35.4443305168
2019-07-19 00:00:00+00:00,35.1909801766
2019-07-22 00:00:00+00:00,34.8572992408
2019-07-23 00:00:00+00:00,34.6317556453
2019-07-24 00:00:00+00:00,34.6039489006
2019-07-25 00:00:00+00:00,34.6719209431
2019-07-26 00:00:00+00:00,34.9190920067
2019-07-29 00:00:00+00:00,34.6873691346
2019-07-30 00:00:00+00:00,34.6224867304
2019-07-31 00:00:00+00:00,34.1034274969
2019-08-01 00:00:00+00:00,33.7944636674
2019-08-02 00:00:00+00:00,33.800642944
2019-08-05 00:00:00+00:00,32.6945524345
2019-08-06 00:00:00+00:00,33.1425499872
2019-08-07 00:00:00+00:00,33.4298863486
2019-08-08 00:00:00+00:00,33.6925056037
2019-08-09 00:00:00+00:00,33.307519362
2019-08-12 00:00:00+00:00,32.6679454443
2019-08-13 00:00:00+00:00,33.3478808228
2019-08-14 00:00:00+00:00,32.9722087644
2019-08-15 00:00:00+00:00,34.9871770778
2019-08-16 00:00:00+00:00,35.0803189104
2019-08-19 00:00:00+00:00,35.3349065864
2019-08-20 00:00:00+00:00,34.7884745014
2019-08-21 00:00:00+00:00,34.7791603181
2019-08-22 00:00:00+00:00,34.7450083128
2019-08-23 00:00:00+00:00,34.4096977152
2019-08-26 00:00:00+00:00,34.7698461349
2019-08-27 00:00:00+00:00,34.9033494284
2019-08-28 00:00:00+00:00,34.996491261
2019-08-29 00:00:00+00:00,35.4187342358
2019-08-30 00:00:00+00:00,35.4746193354
2019-09-03 00:00:00+00:00,35.5925989901
2019-09-04 00:00:00+00:00,35.9868994151
2019-09-05 00:00:00+00:00,35.8409772105
2019-09-06 00:00:00+00:00,35.6205415399
2019-09-09 00:00:00+00:00,36.1172979808
2019-09-10 00:00:00+00:00,36.0303656036
2019-09-11 00:00:00+00:00,36.0210514204
2019-09-12 00:00:00+00:00,36.3004769184
2019-09-13 00:00:00+00:00,36.4588180339
2019-09-16 00:00:00+00:00,35.8813386714
2019-09-17 00:00:00+00:00,36.1731830804
2019-09-18 00:00:00+00:00,36.3749903845
2019-09-19 00:00:00+00:00,36.3594667457
2019-09-20 00:00:00+00:00,36.3191052849
2019-09-23 00:00:00+00:00,36.5178078613
2019-09-24 00:00:00+00:00,36.7599766262
2019-09-25 00:00:00+00:00,36.7817097205
2019-09-26 00:00:00+00:00,36.7289293486
2019-09-27 00:00:00+00:00,36.775500265
2019-09-30 00:00:00+00:00,36.8469090034
2019-10-01 00:00:00+00:00,36.5892165996
2019-10-02 00:00:00+00:00,36.0520986979
2019-10-03 00:00:00+00:00,36.1110885253
2019-10-04 00:00:00+00:00,36.6854631601
2019-10-07 00:00:00+00:00,36.3967234788
2019-10-08 00:00:00+00:00,36.5053889502
2019-10-09 00:00:00+00:00,36.9245271972
2019-10-10 00:00:00+00:00,37.1356486846
2019-10-11 00:00:00+00:00,37.3312465332
2019-10-14 00:00:00+00:00,36.9990406634
2019-10-15 00:00:00+00:00,37.1108108626
2019-10-16 00:00:00+00:00,37.0766588573
2019-10-17 00:00:00+00:00,37.207057423
2019-10-18 00:00:00+00:00,36.9897264801
2019-10-21 00:00:00+00:00,37.1760101454
2019-10-22 00:00:00+00:00,37.1263345014
2019-10-23 00:00:00+00:00,37.054925763
2019-10-24 00:00:00+00:00,36.9773075691
2019-10-25 00:00:00+00:00,36.9586792026
2019-10-28 00:00:00+00:00,37.0145643022
2019-10-29 00:00:00+00:00,36.3718856567
2019-10-30 00:00:00+00:00,36.6668347935
2019-10-31 00:00:00+00:00,36.4060376621
2019-11-01 00:00:00+00:00,36.5178078613
2019-11-04 00:00:00+00:00,36.5022842225
2019-11-05 00:00:00+00:00,36.902794103
2019-11-06 00:00:00+00:00,37.1014966793
2019-11-07 00:00:00+00:00,37.3281418055
2019-11-08 00:00:00+00:00,37.0828683128
2019-11-11 00:00:00+00:00,36.9586792026
2019-11-12 00:00:00+00:00,36.9835170246
2019-11-13 00:00:00+00:00,37.5609963871
2019-11-14 00:00:00+00:00,37.4585403712
2019-11-15 00:00:00+00:00,36.9058988307
2019-11-18 00:00:00+00:00,37.334351261
2019-11-19 00:00:00+00:00,37.2225810618
2019-11-20 00:00:00+00:00,36.9866217524
2019-11-21 00:00:00+00:00,37.2132668785
2019-11-22 00:00:00+00:00,37.0580304907
2019-11-25 00:00:00+00:00,36.9214224695
2019-11-26 00:00:00+00:00,37.0052501189
2019-11-27 00:00:00+00:00,36.8717468254
2019-11-29 00:00:00+00:00,36.9742028413
2019-12-02 00:00:00+00:00,37.0331926687
2019-12-03 00:00:00+00:00,36.8438042756
2019-12-04 00:00:00+00:00,36.8500137311
2019-12-05 00:00:00+00:00,37.0052501189
2019-12-06 00:00:00+00:00,37.3545327763
2019-12-09 00:00:00+00:00,37.2235517798
2019-12-10 00:00:00+00:00,37.1549426864
2019-12-11 00:00:00+00:00,37.1112823542
2019-12-12 00:00:00+00:00,37.348295586
2019-12-13 00:00:00+00:00,37.5135811293
2019-12-16 00:00:00+00:00,37.5915460082
2019-12-17 00:00:00+00:00,37.8223220497
2019-12-18 00:00:00+00:00,37.3794815376
2019-12-19 00:00:00+00:00,37.448090631
2019-12-20 00:00:00+00:00,37.5135811293
2019-12-23 00:00:00+00:00,37.1206381397
2019-12-24 00:00:00+00:00,37.2703307071
2019-12-26 00:00:00+00:00,37.2734493023
2019-12-27 00:00:00+00:00,37.2952794684
2019-12-30 00:00:00+00:00,37.2360261604
2019-12-31 00:00:00+00:00,37.0613848317
2020-01-02 00:00:00+00:00,37.0925707832
2020-01-03 00:00:00+00:00,36.7651182919
2020-01-06 00:00:00+00:00,36.6902720081
2020-01-07 00:00:00+00:00,36.3503451362
2020-01-08 00:00:00+00:00,36.2256013299
2020-01-09 00:00:00+00:00,36.5998327486
2020-01-10 00:00:00+00:00,36.2942104234
2020-01-13 00:00:00+00:00,36.1382806656
2020-01-14 00:00:00+00:00,36.2318385202
2020-01-15 00:00:00+00:00,35.9511649562
2020-01-16 00:00:00+00:00,36.1445178559
2020-01-17 00:00:00+00:00,35.8513699112
2020-01-21 00:00:00+00:00,36.0478414061
2020-01-22 00:00:00+00:00,36.206889759
2020-01-23 00:00:00+00:00,36.1164504995
2020-01-24 00:00:00+00:00,35.667372797
2020-01-27 00:00:00+00:00,36.1320434753
2020-01-28 00:00:00+00:00,36.3628195168
2020-01-29 00:00:00+00:00,36.1413992607
2020-01-30 00:00:00+00:00,36.3565823265
2020-01-31 00:00:00+00:00,35.7047959389
2020-02-03 00:00:00+00:00,35.6361868455
2020-02-04 00:00:00+00:00,35.9480463611
2020-02-05 00:00:00+00:00,36.4283100151
2020-02-06 00:00:00+00:00,36.2723802573
2020-02-07 00:00:00+00:00,36.3160405895
2020-02-10 00:00:00+00:00,35.9418091708
2020-02-11 00:00:00+00:00,35.9885880981
2020-02-12 00:00:00+00:00,36.1289248801
2020-02-13 00:00:00+00:00,36.6247815099
2020-02-14 00:00:00+00:00,36.7651182919
2020-02-18 00:00:00+00:00,37.307753849
2020-02-19 00:00:00+00:00,36.6996277936
2020-02-20 00:00:00+00:00,36.7027463888
2020-02-21 00:00:00+00:00,36.9803013576
2020-02-24 00:00:00+00:00,36.2754988524
2020-02-25 00:00:00+00:00,35.6736099874
2020-02-26 00:00:00+00:00,35.4833756828
2020-02-27 00:00:00+00:00,34.4292905202
2020-02-28 00:00:00+00:00,33.5810326378
2020-03-02 00:00:00+00:00,36.1382806656
2020-03-03 00:00:00+00:00,35.2120579043
2020-03-04 00:00:00+00:00,36.4158356344
2020-03-05 00:00:00+00:00,36.1507550462
2020-03-06 00:00:00+00:00,36.5592910116
2020-03-09 00:00:00+00:00,36.5374608455
2020-03-10 00:00:00+00:00,37.3576513715
2020-03-11 00:00:00+00:00,35.686084368
2020-03-12 00:00:00+00:00,32.4489825962
2020-03-13 00:00:00+00:00,35.5831707278
2020-03-16 00:00:00+00:00,33.2941218835
2020-03-17 00:00:00+00:00,37.1923658282
2020-03-18 00:00:00+00:00,38.22773942
2020-03-19 00:00:00+00:00,37.4200232746
2020-03-20 00:00:00+00:00,35.7033072634
2020-03-23 00:00:00+00:00,35.8004207603
2020-03-24 00:00:00+00:00,36.0353727692
2020-03-25 00:00:00+00:00,34.2716663562
2020-03-26 00:00:00+00:00,34.4032394811
2020-03-27 00:00:00+00:00,34.3280548383
2020-03-30 00:00:00+00:00,36.0854958644
2020-03-31 00:00:00+00:00,35.5936629926
2020-04-01 00:00:00+00:00,35.756563052
2020-04-02 00:00:00+00:00,37.1694077985
2020-04-03 00:00:00+00:00,37.429421355
2020-04-06 00:00:00+00:00,39.4938663393
2020-04-07 00:00:00+00:00,38.2157274112
2020-04-08 00:00:00+00:00,38.1687370094
2020-04-09 00:00:00+00:00,38.1562062356
2020-04-13 00:00:00+00:00,39.2526489436
2020-04-14 00:00:00+00:00,40.4117455205
2020-04-15 00:00:00+00:00,40.3365608777
2020-04-16 00:00:00+00:00,41.4549324398
2020-04-17 00:00:00+00:00,41.3891458773
2020-04-20 00:00:00+00:00,40.6780244639
2020-04-21 00:00:00+00:00,40.477532083
2020-04-22 00:00:00+00:00,41.2231131244
2020-04-23 00:00:00+00:00,40.2645089283
2020-04-24 00:00:00+00:00,40.5495840324
2020-04-27 00:00:00+00:00,40.1924569789
2020-04-28 00:00:00+00:00,40.0984761754
2020-04-29 00:00:00+00:00,38.7200910569
2020-04-30 00:00:00+00:00,38.0778888994
2020-05-01 00:00:00+00:00,38.5070679022
2020-05-04 00:00:00+00:00,38.7514179914
2020-05-05 00:00:00+00:00,39.0740854168
2020-05-06 00:00:00+00:00,38.6261102533
2020-05-07 00:00:00+00:00,38.3535659231
2020-05-08 00:00:00+00:00,38.6839559815
2020-05-11 00:00:00+00:00,38.9136557364
2020-05-12 00:00:00+00:00,38.9482680282
2020-05-13 00:00:00+00:00,38.9262420243
2020-05-14 00:00:00+00:00,38.8349914367
2020-05-15 00:00:00+00:00,39.6279275769
2020-05-18 00:00:00+00:00,40.1691379583
2020-05-19 00:00:00+00:00,39.3164169504
2020-05-20 00:00:00+00:00,39.4737455497
2020-05-21 00:00:00+00:00,39.3290032384
2020-05-22 00:00:00+00:00,39.1213294874
2020-05-26 00:00:00+00:00,38.9734406041
2020-05-27 00:00:00+00:00,38.5392136702
2020-05-28 00:00:00+00:00,38.9199488803
2020-05-29 00:00:00+00:00,39.0363720438
2020-06-01 00:00:00+00:00,39.0049063239
2020-06-02 00:00:00+00:00,38.99861318
2020-06-03 00:00:00+00:00,38.8507242967
2020-06-04 00:00:00+00:00,38.4227905067
2020-06-05 00:00:00+00:00,38.2497290476
2020-06-08 00:00:00+00:00,38.1490387441
2020-06-09 00:00:00+00:00,38.1836510359
2020-06-10 00:00:00+00:00,38.1238661682
2020-06-11 00:00:00+00:00,37.7871829658
2020-06-12 00:00:00+00:00,37.0477385494
2020-06-15 00:00:00+00:00,37.1547219968
2020-06-16 00:00:00+00:00,37.6487337985
2020-06-17 00:00:00+00:00,37.4536463354
2020-06-18 00:00:00+00:00,37.126402849
2020-06-19 00:00:00+00:00,37.7116652382
2020-06-22 00:00:00+00:00,38.2874879114
2020-06-23 00:00:00+00:00,38.0955470203
2020-06-24 00:00:00+00:00,37.8532609775
2020-06-25 00:00:00+00:00,37.6676132304
2020-06-26 00:00:00+00:00,37.2302397245
2020-06-29 00:00:00+00:00,37.4630860514
2020-06-30 00:00:00+00:00,37.6896392343
2020-07-01 00:00:00+00:00,37.6613200864
2020-07-02 00:00:00+00:00,37.5102846311
2020-07-06 00:00:00+00:00,37.4095943276
2020-07-07 00:00:00+00:00,39.9457313474
2020-07-08 00:00:00+00:00,39.1559417792
2020-07-09 00:00:00+00:00,40.1974571062
2020-07-10 00:00:00+00:00,41.1194026977
2020-07-13 00:00:00+00:00,40.7544003475
2020-07-14 00:00:00+00:00,41.5378967717
2020-07-15 00:00:00+00:00,41.5347501997
2020-07-16 00:00:00+00:00,41.5976816394
2020-07-17 00:00:00+00:00,41.4529393281
2020-07-20 00:00:00+00:00,41.3679818845
2020-07-21 00:00:00+00:00,41.6385870752
2020-07-22 00:00:00+00:00,41.7424239507
2020-07-23 00:00:00+00:00,41.4214736083
2020-07-24 00:00:00+00:00,41.2956107289
2020-07-27 00:00:00+00:00,41.2861710129
2020-07-28 00:00:00+00:00,41.4592324721
2020-07-29 00:00:00+00:00,41.1225492697
2020-07-30 00:00:00+00:00,40.9431946666
2020-07-31 00:00:00+00:00,40.7166414837
2020-08-03 00:00:00+00:00,40.6851757638
2020-08-04 00:00:00+00:00,41.4214736083
2020-08-05 00:00:00+00:00,40.8456509351
2020-08-06 00:00:00+00:00,40.7009086238
2020-08-07 00:00:00+00:00,40.8959960868
2020-08-10 00:00:00+00:00,41.4969913359
2020-08-11 00:00:00+00:00,40.9683672425
2020-08-12 00:00:00+00:00,41.5001379079
2020-08-13 00:00:00+00:00,41.6574665071
2020-08-14 00:00:00+00:00,41.8944259298
2020-08-17 00:00:00+00:00,42.8422636205
2020-08-18 00:00:00+00:00,42.5610717723
2020-08-19 00:00:00+00:00,41.8343962094
2020-08-20 00:00:00+00:00,41.2530557591
2020-08-21 00:00:00+00:00,41.5879584098
2020-08-24 00:00:00+00:00,41.4931746407
2020-08-25 00:00:00+00:00,41.2720125129
2020-08-26 00:00:00+00:00,41.2941287257
2020-08-27 00:00:00+00:00,43.1676878944
2020-08-28 00:00:00+00:00,44.327209336
2020-08-31 00:00:00+00:00,43.8690877855
2020-09-01 00:00:00+00:00,46.6304549244
2020-09-02 00:00:00+00:00,46.6588900552
2020-09-03 00:00:00+00:00,45.6668199389
2020-09-04 00:00:00+00:00,45.1265524552
2020-09-08 00:00:00+00:00,43.7427094267
2020-09-09 00:00:00+00:00,44.1976715183
2020-09-10 00:00:00+00:00,43.2245581558
2020-09-11 00:00:00+00:00,43.1898041071
2020-09-14 00:00:00+00:00,43.3856905632
2020-09-15 00:00:00+00:00,43.3983283991
2020-09-16 00:00:00+00:00,43.0507879125
2020-09-17 00:00:00+00:00,43.1866446482
2020-09-18 00:00:00+00:00,42.7443203925
2020-09-21 00:00:00+00:00,43.306704089
2020-09-22 00:00:00+00:00,43.6984770012
2020-09-23 00:00:00+00:00,42.9654825203
2020-09-24 00:00:00+00:00,43.1898041071
2020-09-25 00:00:00+00:00,43.3698932684
2020-09-28 00:00:00+00:00,43.3635743504
2020-09-29 00:00:00+00:00,43.3288203018
2020-09-30 00:00:00+00:00,44.2039904362
2020-10-01 00:00:00+00:00,45.2055389294
2020-10-02 00:00:00+00:00,44.3903985154
2020-10-05 00:00:00+00:00,44.8011281814
2020-10-06 00:00:00+00:00,44.431471482
2020-10-07 00:00:00+00:00,44.5136174152
2020-10-08 00:00:00+00:00,44.6621119867
2020-10-09 00:00:00+00:00,45.1107551603
2020-10-12 00:00:00+00:00,45.5751956288
2020-10-13 00:00:00+00:00,46.2007685047
2020-10-14 00:00:00+00:00,45.4772524007
2020-10-15 00:00:00+00:00,45.6636604799
2020-10-16 00:00:00+00:00,45.7205307414
2020-10-19 00:00:00+00:00,45.1644659628
2020-10-20 00:00:00+00:00,45.4646145649
2020-10-21 00:00:00+00:00,45.6225875133
2020-10-22 00:00:00+00:00,45.3540335009
2020-10-23 00:00:00+00:00,45.44881727
2020-10-26 00:00:00+00:00,44.9148687042
2020-10-27 00:00:00+00:00,45.139190291
2020-10-28 00:00:00+00:00,44.2450634028
2020-10-29 00:00:00+00:00,44.2071498952
2020-10-30 00:00:00+00:00,43.8374931958
2020-11-02 00:00:00+00:00,44.3588039257
2020-11-03 00:00:00+00:00,45.1107551603
2020-11-04 00:00:00+00:00,44.8516795249
2020-11-05 00:00:00+00:00,45.3287578292
2020-11-06 00:00:00+00:00,46.0554333921
2020-11-09 00:00:00+00:00,45.350874042
2020-11-10 00:00:00+00:00,45.9890847537
2020-11-11 00:00:00+00:00,46.7536738242
2020-11-12 00:00:00+00:00,46.8326602985
2020-11-13 00:00:00+00:00,47.5624953203
2020-11-16 00:00:00+00:00,48.1627925244
2020-11-17 00:00:00+00:00,47.1928386209
2020-11-18 00:00:00+00:00,47.1043737698
2020-11-19 00:00:00+00:00,48.0616898374
2020-11-20 00:00:00+00:00,47.4677115513
2020-11-23 00:00:00+00:00,47.6857142201
2020-11-24 00:00:00+00:00,47.8215709558
2020-11-25 00:00:00+00:00,47.9700655273
2020-11-27 00:00:00+00:00,47.897397971
2020-11-30 00:00:00+00:00,48.2733735884
2020-12-01 00:00:00+00:00,48.2259817038
2020-12-02 00:00:00+00:00,47.5561764024
2020-12-03 00:00:00+00:00,47.1707224082
2020-12-04 00:00:00+00:00,47.0475035084
2020-12-07 00:00:00+00:00,46.7947467908
2020-12-08 00:00:00+00:00,47.2181142927
2020-12-09 00:00:00+00:00,46.8452981343
2020-12-10 00:00:00+00:00,46.6272954655
2020-12-11 00:00:00+00:00,46.6146112175
2020-12-14 00:00:00+00:00,46.1865178492
2020-12-15 00:00:00+00:00,46.1643204153
2020-12-16 00:00:00+00:00,46.1167544855
2020-12-17 00:00:00+00:00,46.3292156386
2020-12-18 00:00:00+00:00,46.2816497088
2020-12-21 00:00:00+00:00,46.2879918328
2020-12-22 00:00:00+00:00,45.726713861
2020-12-23 00:00:00+00:00,45.4159497862
2020-12-24 00:00:00+00:00,45.5047395219
2020-12-28 00:00:00+00:00,46.0501621837
2020-12-29 00:00:00+00:00,45.7584244809
2020-12-30 00:00:00+00:00,45.720371737
2020-12-31 00:00:00+00:00,45.7108585511
2021-01-04 00:00:00+00:00,46.4655713041
2021-01-05 00:00:00+00:00,46.2182284691
2021-01-06 00:00:00+00:00,46.50679511
2021-01-07 00:00:00+00:00,46.503624048
2021-01-08 00:00:00+00:00,46.497281924
2021-01-11 00:00:00+00:00,46.7065720152
2021-01-12 00:00:00+00:00,47.2393104291
2021-01-13 00:00:00+00:00,46.757309007
2021-01-14 00:00:00+00:00,46.6050980316
2021-01-15 00:00:00+00:00,45.8662405885
2021-01-19 00:00:00+00:00,45.46985784
2021-01-20 00:00:00+00:00,46.1421229814
2021-01-21 00:00:00+00:00,45.9328328902
2021-01-22 00:00:00+00:00,46.4021500644
2021-01-25 00:00:00+00:00,46.3609262585
2021-01-26 00:00:00+00:00,46.7763353789
2021-01-27 00:00:00+00:00,45.6125556295
2021-01-28 00:00:00+00:00,45.5840160716
2021-01-29 00:00:00+00:00,44.5502498636
2021-02-01 00:00:00+00:00,44.1633803011
2021-02-02 00:00:00+00:00,44.6390395993
2021-02-03 00:00:00+00:00,44.7753952647
2021-02-04 00:00:00+00:00,45.1971465091
2021-02-05 00:00:00+00:00,45.7774508528
2021-02-08 00:00:00+00:00,45.989912006
2021-02-09 00:00:00+00:00,46.243596965
2021-02-10 00:00:00+00:00,45.7045164271
2021-02-11 00:00:00+00:00,45.6696347452
2021-02-12 00:00:00+00:00,45.8123325347
2021-02-16 00:00:00+00:00,46.1896889112
2021-02-17 00:00:00+00:00,46.6780324573
2021-02-18 00:00:00+00:00,43.6528393211
2021-02-19 00:00:00+00:00,43.8684715363
2021-02-22 00:00:00+00:00,43.6623525071
2021-02-23 00:00:00+00:00,42.9583767458
2021-02-24 00:00:00+00:00,42.2417167366
2021-02-25 00:00:00+00:00,41.8421629262
2021-02-26 00:00:00+00:00,41.1984373427
2021-03-01 00:00:00+00:00,41.6582413309
2021-03-02 00:00:00+00:00,41.2586875205
2021-03-03 00:00:00+00:00,40.4595798996
2021-03-04 00:00:00+00:00,40.4405535277
2021-03-05 00:00:00+00:00,40.9447523837
2021-03-08 00:00:00+00:00,40.5515406973
2021-03-09 00:00:00+00:00,40.871817958
2021-03-10 00:00:00+00:00,41.9150973519
2021-03-11 00:00:00+00:00,41.899242042
2021-03-12 00:00:00+00:00,42.5302833775
2021-03-15 00:00:00+00:00,42.3114801004
2021-03-16 00:00:00+00:00,42.2987958524
2021-03-17 00:00:00+00:00,41.9468079718
2021-03-18 00:00:00+00:00,41.4013853099
2021-03-19 00:00:00+00:00,41.9522998287
2021-03-22 00:00:00+00:00,42.1529218789
2021-03-23 00:00:00+00:00,42.6528847659
2021-03-24 00:00:00+00:00,42.388573176
2021-03-25 00:00:00+00:00,42.6751761048
2021-03-26 00:00:00+00:00,43.0318375274
2021-03-29 00:00:00+00:00,43.5222469834
2021-03-30 00:00:00+00:00,43.2260906236
2021-03-31 00:00:00+00:00,43.2547509165
2021-04-01 00:00:00+00:00,43.1878768997
2021-04-05 00:00:00+00:00,44.4011626318
2021-04-06 00:00:00+00:00,44.61452259
2021-04-07 00:00:00+00:00,44.5189882804
2021-04-08 00:00:00+00:00,44.4903279875
2021-04-09 00:00:00+00:00,44.5126193264
2021-04-12 00:00:00+00:00,44.5189882804
2021-04-13 00:00:00+00:00,44.3820557699
2021-04-14 00:00:00+00:00,44.366133385
2021-04-15 00:00:00+00:00,44.6336294519
2021-04-16 00:00:00+00:00,44.7769309163
2021-04-19 00:00:00+00:00,44.4903279875
2021-04-20 00:00:00+00:00,44.8342515021
2021-04-21 00:00:00+00:00,44.9648150586
2021-04-22 00:00:00+00:00,44.4775900795
2021-04-23 00:00:00+00:00,44.5508330502
2021-04-26 00:00:00+00:00,43.9171221298
2021-04-27 00:00:00+00:00,44.0667925482
2021-04-28 00:00:00+00:00,43.9107531758
2021-04-29 00:00:00+00:00,44.4648521716
2021-04-30 00:00:00+00:00,44.5540175272
2021-05-03 00:00:00+00:00,45.2577869414
2021-05-04 00:00:00+00:00,44.8119601632
2021-05-05 00:00:00+00:00,44.7737464393
2021-05-06 00:00:00+00:00,45.092194138
2021-05-07 00:00:00+00:00,44.8204581223
2021-05-10 00:00:00+00:00,45.0186655691
2021-05-11 00:00:00+00:00,44.6126599927
2021-05-12 00:00:00+00:00,43.4585811494
2021-05-13 00:00:00+00:00,44.193866839
2021-05-14 00:00:00+00:00,44.6030693097
2021-05-17 00:00:00+00:00,44.4016649687
2021-05-18 00:00:00+00:00,45.3671270481
2021-05-19 00:00:00+00:00,45.3703239424
2021-05-20 00:00:00+00:00,45.5301686575
2021-05-21 00:00:00+00:00,45.3159767392
2021-05-24 00:00:00+00:00,45.3191736335
2021-05-25 00:00:00+00:00,45.5045935031
2021-05-26 00:00:00+00:00,45.4502462999
2021-05-27 00:00:00+00:00,45.2967953734
2021-05-28 00:00:00+00:00,45.4054897797
2021-06-01 00:00:00+00:00,45.2872046905
2021-06-02 00:00:00+00:00,45.1881009671
2021-06-03 00:00:00+00:00,45.2680233247
2021-06-04 00:00:00+00:00,45.3479456822
2021-06-07 00:00:00+00:00,45.0442407235
2021-06-08 00:00:00+00:00,44.7021730331
2021-06-09 00:00:00+00:00,44.4624059604
2021-06-10 00:00:00+00:00,44.7181575046
2021-06-11 00:00:00+00:00,44.996287309
2021-06-14 00:00:00+00:00,44.9355463172
2021-06-15 00:00:00+00:00,44.7565202363
2021-06-16 00:00:00+00:00,43.84540536
2021-06-17 00:00:00+00:00,44.0276283353
2021-06-18 00:00:00+00:00,43.2124202881
2021-06-21 00:00:00+00:00,43.6056382873
2021-06-22 00:00:00+00:00,43.8070426284
2021-06-23 00:00:00+00:00,43.464974938
2021-06-24 00:00:00+00:00,43.7686798968
2021-06-25 00:00:00+00:00,44.2865767738
2021-06-28 00:00:00+00:00,44.1491103188
2021-06-29 00:00:00+00:00,43.8933587746
2021-06-30 00:00:00+00:00,45.0826034551
2021-07-01 00:00:00+00:00,44.5391314237
2021-07-02 00:00:00+00:00,44.7916860736
2021-07-06 00:00:00+00:00,44.7373388705
2021-07-07 00:00:00+00:00,44.6638103015
2021-07-08 00:00:00+00:00,44.6254475699
2021-07-09 00:00:00+00:00,44.8524270653
2021-07-12 00:00:00+00:00,44.7725047078
2021-07-13 00:00:00+00:00,44.9419401058
2021-07-14 00:00:00+00:00,45.2520388532
2021-07-15 00:00:00+00:00,45.2872046905
2021-07-16 00:00:00+00:00,45.2552357475
2021-07-19 00:00:00+00:00,45.1497382355
2021-07-20 00:00:00+00:00,45.3543394709
2021-07-21 00:00:00+00:00,45.1305568697
2021-07-22 00:00:00+00:00,45.1625258127
2021-07-23 00:00:00+00:00,45.5333655518
2021-07-26 00:00:00+00:00,45.5973034379
2021-07-27 00:00:00+00:00,45.6005003322
2021-07-28 00:00:00+00:00,45.4150804626
2021-07-29 00:00:00+00:00,45.4726245601
2021-07-30 00:00:00+00:00,45.5717282834
2021-08-02 00:00:00+00:00,45.4662307714
2021-08-03 00:00:00+00:00,45.9777338599
2021-08-04 00:00:00+00:00,45.6644382182
2021-08-05 00:00:00+00:00,46.5116152084
2021-08-06 00:00:00+00:00,46.4284959565
2021-08-09 00:00:00+00:00,46.5403872571
2021-08-10 00:00:00+00:00,47.5314244909
2021-08-11 00:00:00+00:00,47.9566114332
2021-08-12 00:00:00+00:00,47.8287356611
2021-08-13 00:00:00+00:00,47.979544099
2021-08-16 00:00:00+00:00,48.3710042996
2021-08-17 00:00:00+00:00,48.3549608488
2021-08-18 00:00:00+00:00,47.8415704217
2021-08-19 00:00:00+00:00,48.1656481288
2021-08-20 00:00:00+00:00,48.5956126115
2021-08-23 00:00:00+00:00,48.2747435946
2021-08-24 00:00:00+00:00,47.7773966184
2021-08-25 00:00:00+00:00,47.7966487594
2021-08-26 00:00:00+00:00,47.2800496421
2021-08-27 00:00:00+00:00,47.0137283581
2021-08-30 00:00:00+00:00,47.3923537981
2021-08-31 00:00:00+00:00,47.5207014048
2021-09-01 00:00:00+00:00,47.4180233194
2021-09-02 00:00:00+00:00,47.6683011526
2021-09-03 00:00:00+00:00,47.8897007743
2021-09-07 00:00:00+00:00,47.2543801208
2021-09-08 00:00:00+00:00,47.315345234
2021-09-09 00:00:00+00:00,46.9816414564
2021-09-10 00:00:00+00:00,46.8115808774
2021-09-13 00:00:00+00:00,46.5452595934
2021-09-14 00:00:00+00:00,46.3013991406
2021-09-15 00:00:00+00:00,46.3816163948
2021-09-16 00:00:00+00:00,46.5356335229
2021-09-17 00:00:00+00:00,46.4393728178
2021-09-20 00:00:00+00:00,45.8008434742
2021-09-21 00:00:00+00:00,45.8906867989
2021-09-22 00:00:00+00:00,45.7848000233
2021-09-23 00:00:00+00:00,45.8104695447
2021-09-24 00:00:00+00:00,45.9388171514
2021-09-27 00:00:00+00:00,45.6436176559
2021-09-28 00:00:00+00:00,45.0820968763
2021-09-29 00:00:00+00:00,45.0628447353
2021-09-30 00:00:00+00:00,44.7227235773
2021-10-01 00:00:00+00:00,43.9750987679
2021-10-04 00:00:00+00:00,43.5515516656
2021-10-05 00:00:00+00:00,43.8371250907
2021-10-06 00:00:00+00:00,44.1579941076
2021-10-07 00:00:00+00:00,44.677801915
2021-10-08 00:00:00+00:00,44.8125669021
2021-10-11 00:00:00+00:00,44.7708539299
2021-10-12 00:00:00+00:00,44.7227235773
2021-10-13 00:00:00+00:00,44.3986458703
2021-10-14 00:00:00+00:00,44.8799493956
2021-10-15 00:00:00+00:00,45.0981403271
2021-10-18 00:00:00+00:00,45.4607223162
2021-10-19 00:00:00+00:00,46.4265380572
2021-10-20 00:00:00+00:00,46.8468764693
2021-10-21 00:00:00+00:00,47.106780373
2021-10-22 00:00:00+00:00,47.5977099689
2021-10-25 00:00:00+00:00,48.149604678
2021-10-26 00:00:00+00:00,47.7292662658
2021-10-27 00:00:00+00:00,47.3378060652
2021-10-28 00:00:00+00:00,47.6330055607
2021-10-29 00:00:00+00:00,47.9442485071
2021-11-01 00:00:00+00:00,48.0629700434
2021-11-02 00:00:00+00:00,48.0405092122
2021-11-03 00:00:00+00:00,48.18810896
2021-11-04 00:00:00+00:00,48.5410648786
2021-11-05 00:00:00+00:00,48.2041524108
2021-11-08 00:00:00+00:00,47.8961181546
2021-11-09 00:00:00+00:00,48.0629700434
2021-11-10 00:00:00+00:00,47.6297968706
2021-11-11 00:00:00+00:00,47.6490490116
2021-11-12 00:00:00+00:00,47.4116059391
2021-11-15 00:00:00+00:00,47.1388672747
2021-11-16 00:00:00+00:00,45.9388171514
2021-11-17 00:00:00+00:00,45.5441482606
2021-11-18 00:00:00+00:00,45.9356084613
2021-11-19 00:00:00+00:00,45.6885393183
2021-11-22 00:00:00+00:00,46.4554162687
2021-11-23 00:00:00+00:00,46.7859113561
2021-11-24 00:00:00+00:00,47.0201457384
2021-11-26 00:00:00+00:00,46.4939205507
2021-11-29 00:00:00+00:00,45.7655478823
2021-11-30 00:00:00+00:00,45.1238098485
2021-12-01 00:00:00+00:00,44.0039769795
2021-12-02 00:00:00+00:00,43.4681257212
2021-12-03 00:00:00+00:00,44.1226985157
2021-12-06 00:00:00+00:00,44.6007933509
2021-12-07 00:00:00+00:00,44.4564022933
2021-12-08 00:00:00+00:00,44.0071856696
2021-12-09 00:00:00+00:00,44.6168368018
2021-12-10 00:00:00+00:00,45.4318591636
2021-12-13 00:00:00+00:00,46.2501029576
2021-12-14 00:00:00+00:00,46.6914391772
2021-12-15 00:00:00+00:00,46.9588180548
2021-12-16 00:00:00+00:00,46.1760100156
2021-12-17 00:00:00+00:00,44.6973726083
2021-12-20 00:00:00+00:00,44.84233706
2021-12-21 00:00:00+00:00,44.9776372149
2021-12-22 00:00:00+00:00,45.0356229956
2021-12-23 00:00:00+00:00,44.9357585955
2021-12-27 00:00:00+00:00,45.3448804925
2021-12-28 00:00:00+00:00,45.9956098091
2021-12-29 00:00:00+00:00,45.9730597832
2021-12-30 00:00:00+00:00,46.1212456672
2021-12-31 00:00:00+00:00,46.6109033707
2022-01-03 00:00:00+00:00,46.5980176417
2022-01-04 00:00:00+00:00,45.7443380928
2022-01-05 00:00:00+00:00,46.3628530867
2022-01-06 00:00:00+00:00,46.2339957963
2022-01-07 00:00:00+00:00,46.6753320159
2022-01-10 00:00:00+00:00,46.5851319127
2022-01-11 00:00:00+00:00,46.45305319
2022-01-12 00:00:00+00:00,46.2082243382
2022-01-13 00:00:00+00:00,46.862175087
2022-01-14 00:00:00+00:00,46.7300963644
2022-01-18 00:00:00+00:00,45.9118525703
2022-01-19 00:00:00+00:00,46.3692959512
2022-01-20 00:00:00+00:00,45.4930663765
2022-01-21 00:00:00+00:00,45.1612588537
2022-01-24 00:00:00+00:00,45.164480286
2022-01-25 00:00:00+00:00,44.1819434467
2022-01-26 00:00:00+00:00,43.7309429302
2022-01-27 00:00:00+00:00,43.7599358206
2022-01-28 00:00:00+00:00,44.3011364403
2022-01-31 00:00:00+00:00,45.0388444278
2022-02-01 00:00:00+00:00,45.3932019764
2022-02-02 00:00:00+00:00,45.3738733829
2022-02-03 00:00:00+00:00,45.4189734345
2022-02-04 00:00:00+00:00,44.8842156793
2022-02-07 00:00:00+00:00,44.4428794597
2022-02-08 00:00:00+00:00,44.4525437565
2022-02-09 00:00:00+00:00,44.3559007887
2022-02-10 00:00:00+00:00,43.8372501948
2022-02-11 00:00:00+00:00,43.5956427753
2022-02-14 00:00:00+00:00,43.1510851234
2022-02-15 00:00:00+00:00,43.2863852784
2022-02-16 00:00:00+00:00,43.0157849685
2022-02-17 00:00:00+00:00,44.7392512276
2022-02-18 00:00:00+00:00,44.4525437565
2022-02-22 00:00:00+00:00,43.9564431884
2022-02-23 00:00:00+00:00,43.505442672
2022-02-24 00:00:00+00:00,43.3379281945
2022-02-25 00:00:00+00:00,43.9338931626
2022-02-28 00:00:00+00:00,43.5408784269
2022-03-01 00:00:00+00:00,43.8082573045
2022-03-02 00:00:00+00:00,43.8630216529
2022-03-03 00:00:00+00:00,44.8713299503
2022-03-04 00:00:00+00:00,46.0084955381
2022-03-07 00:00:00+00:00,45.6380308282
2022-03-08 00:00:00+00:00,44.694151176
2022-03-09 00:00:00+00:00,44.9260942987
2022-03-10 00:00:00+00:00,45.9472883252
2022-03-11 00:00:00+00:00,45.7668881186
2022-03-14 00:00:00+00:00,46.4047317061
2022-03-15 00:00:00+00:00,46.9620394871
2022-03-16 00:00:00+00:00,46.8235178999
2022-03-17 00:00:00+00:00,46.8943894096
2022-03-18 00:00:00+00:00,47.0334459398
2022-03-21 00:00:00+00:00,46.6421473316
2022-03-22 00:00:00+00:00,46.5030908013
2022-03-23 00:00:00+00:00,45.9048243342
2022-03-24 00:00:00+00:00,46.1894051402
2022-03-25 00:00:00+00:00,46.3899052535
2022-03-28 00:00:00+00:00,47.2145428164
2022-03-29 00:00:00+00:00,47.6123091703
2022-03-30 00:00:00+00:00,48.4660515883
2022-03-31 00:00:00+00:00,48.1588336727
2022-04-01 00:00:00+00:00,48.834713087
2022-04-04 00:00:00+00:00,48.8444147054
2022-04-05 00:00:00+00:00,48.9834712356
2022-04-06 00:00:00+00:00,50.1217944597
2022-04-07 00:00:00+00:00,50.623044743
2022-04-08 00:00:00+00:00,50.9043916762
2022-04-11 00:00:00+00:00,49.895423364
2022-04-12 00:00:00+00:00,49.5526328476
2022-04-13 00:00:00+00:00,50.8429480931
2022-04-14 00:00:00+00:00,50.797673874
2022-04-18 00:00:00+00:00,50.4096091385
2022-04-19 00:00:00+00:00,50.9820046233
2022-04-20 00:00:00+00:00,51.6223114368
2022-04-21 00:00:00+00:00,51.6999243839
2022-04-22 00:00:00+00:00,50.7265286725
2022-04-25 00:00:00+00:00,50.7523996548
2022-04-26 00:00:00+00:00,50.2220445163
2022-04-27 00:00:00+00:00,49.879254
2022-04-28 00:00:00+00:00,50.5163269407
2022-04-29 00:00:00+00:00,49.4750199005
2022-05-02 00:00:00+00:00,49.1483987482
2022-05-03 00:00:00+00:00,49.3197940064
2022-05-04 00:00:00+00:00,50.0021411662
2022-05-05 00:00:00+00:00,49.5752699572
2022-05-06 00:00:00+00:00,48.5431280267
2022-05-09 00:00:00+00:00,49.1111306614
2022-05-10 00:00:00+00:00,48.4197903117
2022-05-11 00:00:00+00:00,47.9134565345
2022-05-12 00:00:00+00:00,47.8680163237
2022-05-13 00:00:00+00:00,48.0530228962
2022-05-16 00:00:00+00:00,48.1049545657
2022-05-17 00:00:00+00:00,42.6326548964
2022-05-18 00:00:00+00:00,39.7374643241
2022-05-19 00:00:00+00:00,38.6468992654
2022-05-20 00:00:00+00:00,38.6890937469
2022-05-23 00:00:00+00:00,39.7926417229
2022-05-24 00:00:00+00:00,40.2892383121
2022-05-25 00:00:00+00:00,40.0425628822
2022-05-26 00:00:00+00:00,40.8961896989
2022-05-27 00:00:00+00:00,41.7011305755
2022-05-31 00:00:00+00:00,41.7498165156
2022-06-01 00:00:00+00:00,40.7176745851
2022-06-02 00:00:00+00:00,41.3862948294
2022-06-03 00:00:00+00:00,40.6754801037
2022-06-06 00:00:00+00:00,40.5294222833
2022-06-07 00:00:00+00:00,40.0425628822
2022-06-08 00:00:00+00:00,39.6952698427
2022-06-09 00:00:00+00:00,39.279816487
2022-06-10 00:00:00+00:00,39.5005260822
2022-06-13 00:00:00+00:00,38.757254063
2022-06-14 00:00:00+00:00,38.7734827098
2022-06-15 00:00:00+00:00,38.747516875
2022-06-16 00:00:00+00:00,39.1499873133
2022-06-17 00:00:00+00:00,38.3937323768
2022-06-21 00:00:00+00:00,39.6530753612
2022-06-22 00:00:00+00:00,39.1727074187
2022-06-23 00:00:00+00:00,40.1237061157
2022-06-24 00:00:00+00:00,40.1561634091
2022-06-27 00:00:00+00:00,40.2859925827
2022-06-28 00:00:00+00:00,39.717989948
2022-06-29 00:00:00+00:00,39.5719321277
2022-06-30 00:00:00+00:00,39.4615773301
2022-07-01 00:00:00+00:00,39.8023789109
2022-07-05 00:00:00+00:00,40.3281870642
2022-07-06 00:00:00+00:00,40.6138112462
2022-07-07 00:00:00+00:00,40.6754801037
2022-07-08 00:00:00+00:00,40.7014459384
2022-07-11 00:00:00+00:00,40.7176745851
2022-07-12 00:00:00+00:00,40.5943368702
2022-07-13 00:00:00+00:00,40.6917087504
2022-07-14 00:00:00+00:00,41.486912439
2022-07-15 00:00:00+00:00,41.8926286066
2022-07-18 00:00:00+00:00,41.7952567264
2022-07-19 00:00:00+00:00,42.0516693443
2022-07-20 00:00:00+00:00,42.4022081132
2022-07-21 00:00:00+00:00,43.0221424174
2022-07-22 00:00:00+00:00,42.9117876198
2022-07-25 00:00:00+00:00,42.8501187623
2022-07-26 00:00:00+00:00,39.5914065037
2022-07-27 00:00:00+00:00,41.08768773
2022-07-28 00:00:00+00:00,42.1133382018
2022-07-29 00:00:00+00:00,42.8598559503
2022-08-01 00:00:00+00:00,43.018896688
2022-08-02 00:00:00+00:00,43.0643368988
2022-08-03 00:00:00+00:00,42.3567679024
2022-08-04 00:00:00+00:00,40.7566233372
2022-08-05 00:00:00+00:00,41.0844420007
2022-08-08 00:00:00+00:00,41.4187521228
2022-08-09 00:00:00+00:00,41.8277140198
2022-08-10 00:00:00+00:00,41.915348712
2022-08-11 00:00:00+00:00,42.3178191503
2022-08-12 00:00:00+00:00,43.1001544296
2022-08-15 00:00:00+00:00,43.2240241822
2022-08-16 00:00:00+00:00,45.4308616159
2022-08-17 00:00:00+00:00,45.4797575709
2022-08-18 00:00:00+00:00,45.333069706
2022-08-19 00:00:00+00:00,44.6648249883
2022-08-22 00:00:00+00:00,43.8661910573
2022-08-23 00:00:00+00:00,43.6803864285
2022-08-24 00:00:00+00:00,43.9965802705
2022-08-25 00:00:00+00:00,44.2899560003
2022-08-26 00:00:00+00:00,42.8980511492
2022-08-29 00:00:00+00:00,43.3152966315
2022-08-30 00:00:00+00:00,43.1849074182
2022-08-31 00:00:00+00:00,43.2077255305
2022-09-01 00:00:00+00:00,43.8368534843
2022-09-02 00:00:00+00:00,43.3544133954
2022-09-06 00:00:00+00:00,43.1392711936
2022-09-07 00:00:00+00:00,44.247579506
2022-09-08 00:00:00+00:00,44.4725008988
2022-09-09 00:00:00+00:00,44.6061498423
2022-09-12 00:00:00+00:00,45.007096673
2022-09-13 00:00:00+00:00,44.0780735288
2022-09-14 00:00:00+00:00,43.9802816189
2022-09-15 00:00:00+00:00,43.507620721
2022-09-16 00:00:00+00:00,43.4163482717
2022-09-19 00:00:00+00:00,43.7879575294
2022-09-20 00:00:00+00:00,43.5336985636
2022-09-21 00:00:00+00:00,43.9313856639
2022-09-22 00:00:00+00:00,43.4815428783
2022-09-23 00:00:00+00:00,42.3960526783
2022-09-26 00:00:00+00:00,42.8035189696
2022-09-27 00:00:00+00:00,42.6861686777
2022-09-28 00:00:00+00:00,43.3902704291
2022-09-29 00:00:00+00:00,43.1099336206
2022-09-30 00:00:00+00:00,42.2787023864
2022-10-03 00:00:00+00:00,43.2012060699
2022-10-04 00:00:00+00:00,43.7618796867
2022-10-05 00:00:00+00:00,43.3283355528
2022-10-06 00:00:00+00:00,42.9241289918
2022-10-07 00:00:00+00:00,41.9070931287
2022-10-10 00:00:00+00:00,42.1548326338
2022-10-11 00:00:00+00:00,43.2468422945
2022-10-12 00:00:00+00:00,42.7578827449
2022-10-13 00:00:00+00:00,43.1197128116
2022-10-14 00:00:00+00:00,42.5166627005
2022-10-17 00:00:00+00:00,42.8230773516
2022-10-18 00:00:00+00:00,43.7260226531
2022-10-19 00:00:00+00:00,43.6021529005
2022-10-20 00:00:00+00:00,43.7097240014
2022-10-21 00:00:00+00:00,44.593110921
2022-10-24 00:00:00+00:00,45.4439005373
2022-10-25 00:00:00+00:00,45.6590427391
2022-10-26 00:00:00+00:00,46.0078338844
2022-10-27 00:00:00+00:00,45.8741849409
2022-10-28 00:00:00+00:00,46.4544169397
2022-10-31 00:00:00+00:00,46.3957417938
2022-11-01 00:00:00+00:00,46.1871190526
2022-11-02 00:00:00+00:00,45.8807044015
2022-11-03 00:00:00+00:00,45.8709252106
2022-11-04 00:00:00+00:00,45.9524184688
2022-11-07 00:00:00+00:00,46.4348585577
2022-11-08 00:00:00+00:00,46.545689389
2022-11-09 00:00:00+00:00,45.4634589192
2022-11-10 00:00:00+00:00,46.4055209848
2022-11-11 00:00:00+00:00,46.477235052
2022-11-14 00:00:00+00:00,45.1114080435
2022-11-15 00:00:00+00:00,48.0614639926
2022-11-16 00:00:00+00:00,48.4069954077
2022-11-17 00:00:00+00:00,48.2440088911
2022-11-18 00:00:00+00:00,48.9709287548
2022-11-21 00:00:00+00:00,49.2708239452
2022-11-22 00:00:00+00:00,49.4468493831
2022-11-23 00:00:00+00:00,49.6848096972
2022-11-25 00:00:00+00:00,49.8966921687
2022-11-28 00:00:00+00:00,50.0401203032
2022-11-29 00:00:00+00:00,49.8640948654
2022-11-30 00:00:00+00:00,49.6848096972
2022-12-01 00:00:00+00:00,49.9944840786
2022-12-02 00:00:00+00:00,49.9455881237
2022-12-05 00:00:00+00:00,49.4338104618
2022-12-06 00:00:00+00:00,48.8600979236
2022-12-07 00:00:00+00:00,48.6058389578
2022-12-08 00:00:00+00:00,48.6808127554
2022-12-09 00:00:00+00:00,47.5454288311
2022-12-12 00:00:00+00:00,48.432140772
2022-12-13 00:00:00+00:00,48.2587247836
2022-12-14 00:00:00+00:00,47.9904208014
2022-12-15 00:00:00+00:00,47.56178883
2022-12-16 00:00:00+00:00,46.7077968869
2022-12-19 00:00:00+00:00,46.7241568858
2022-12-20 00:00:00+00:00,47.1331568586
2022-12-21 00:00:00+00:00,47.5028928339
2022-12-22 00:00:00+00:00,46.946652871
2022-12-23 00:00:00+00:00,47.0415408647
2022-12-27 00:00:00+00:00,47.0546288638
2022-12-28 00:00:00+00:00,46.2300849188
2022-12-29 00:00:00+00:00,46.5114769
2022-12-30 00:00:00+00:00,46.3936849079
symbol,WMT
date,"Index([2013-01-02 00:00:00+00:00, 2013-01-03 00:00:00+00:00,
       2013-01-04 00:00:00+00:00, 2013-01-07 00:00:00+00:00,
       2013-01-08 00:00:00+00:00, 2013-01-09 00:00:00+00:00,
       2013-01-10 00:00:00+00:00, 2013-01-11 00:00:00+00:00,
       2013-01-14 00:00:00+00:00, 2013-01-15 00:00:00+00:00,
       ...
       2022-12-19 00:00:00+00:00, 2022-12-20 00:00:00+00:00,
       2022-12-21 00:00:00+00:00, 2022-12-22 00:00:00+00:00,
       2022-12-23 00:00:00+00:00, 2022-12-27 00:00:00+00:00,
       2022-12-28 00:00:00+00:00, 2022-12-29 00:00:00+00:00,
       2022-12-30 00:00:00+00:00,                  'symbol'],
      dtype='object', name='date', length=2519)"
