date,adjClose
2013-01-02 00:00:00+00:00,55.5851999137
2013-01-03 00:00:00+00:00,55.4849447904
2013-01-04 00:00:00+00:00,55.7418485438
2013-01-07 00:00:00+00:00,55.0964561877
2013-01-08 00:00:00+00:00,55.4410831739
2013-01-09 00:00:00+00:00,55.228041037
2013-01-10 00:00:00+00:00,55.8295717766
2013-01-11 00:00:00+00:00,56.1491349821
2013-01-14 00:00:00+00:00,56.1303371465
2013-01-15 00:00:00+00:00,56.0990074205
2013-01-16 00:00:00+00:00,56.0614117492
2013-01-17 00:00:00+00:00,56.5188257492
2013-01-18 00:00:00+00:00,56.8947824615
2013-01-22 00:00:00+00:00,56.969973804
2013-01-23 00:00:00+00:00,56.8321230094
2013-01-24 00:00:00+00:00,57.2394094478
2013-01-25 00:00:00+00:00,57.4775153656
2013-01-28 00:00:00+00:00,57.0890267629
2013-01-29 00:00:00+00:00,57.4963132012
2013-01-30 00:00:00+00:00,56.8133251738
2013-01-31 00:00:00+00:00,56.3747090095
2013-02-01 00:00:00+00:00,56.4185706259
2013-02-04 00:00:00+00:00,55.8609015027
2013-02-05 00:00:00+00:00,56.2305922698
2013-02-06 00:00:00+00:00,56.2619219958
2013-02-07 00:00:00+00:00,55.6541253109
2013-02-08 00:00:00+00:00,55.8811563037
2013-02-11 00:00:00+00:00,55.6730445603
2013-02-12 00:00:00+00:00,55.7865600567
2013-02-13 00:00:00+00:00,55.9189948025
2013-02-14 00:00:00+00:00,55.8243985555
2013-02-15 00:00:00+00:00,55.723495892
2013-02-19 00:00:00+00:00,56.3289118727
2013-02-20 00:00:00+00:00,56.1081872964
2013-02-21 00:00:00+00:00,55.8685434707
2013-02-22 00:00:00+00:00,56.2532348752
2013-02-25 00:00:00+00:00,55.3072724053
2013-02-26 00:00:00+00:00,55.818092139
2013-02-27 00:00:00+00:00,56.4613466185
2013-02-28 00:00:00+00:00,56.4739594515
2013-03-01 00:00:00+00:00,56.3982824539
2013-03-04 00:00:00+00:00,56.0955744635
2013-03-05 00:00:00+00:00,56.5117979503
2013-03-06 00:00:00+00:00,56.4802658679
2013-03-07 00:00:00+00:00,55.9442204683
2013-03-08 00:00:00+00:00,56.1081872964
2013-03-11 00:00:00+00:00,56.2280092093
2013-03-12 00:00:00+00:00,56.2280092093
2013-03-13 00:00:00+00:00,56.291073374
2013-03-14 00:00:00+00:00,56.6505391125
2013-03-15 00:00:00+00:00,56.3604439551
2013-03-18 00:00:00+00:00,55.9820589671
2013-03-19 00:00:00+00:00,55.8622370543
2013-03-20 00:00:00+00:00,55.8937691366
2013-03-21 00:00:00+00:00,55.6036739792
2013-03-22 00:00:00+00:00,56.3099926234
2013-03-25 00:00:00+00:00,56.1397193788
2013-03-26 00:00:00+00:00,56.8397316065
2013-03-27 00:00:00+00:00,57.1235203474
2013-03-28 00:00:00+00:00,56.8271187735
2013-04-01 00:00:00+00:00,57.2433422603
2013-04-02 00:00:00+00:00,57.1235203474
2013-04-03 00:00:00+00:00,56.7136032772
2013-04-04 00:00:00+00:00,56.6127006137
2013-04-05 00:00:00+00:00,56.1334129623
2013-04-08 00:00:00+00:00,55.8748498872
2013-04-09 00:00:00+00:00,55.9820589671
2013-04-10 00:00:00+00:00,55.9253012189
2013-04-11 00:00:00+00:00,56.2658477081
2013-04-12 00:00:00+00:00,56.1208001294
2013-04-15 00:00:00+00:00,54.5441960129
2013-04-16 00:00:00+00:00,54.6198730105
2013-04-17 00:00:00+00:00,54.2856329378
2013-04-18 00:00:00+00:00,54.626179427
2013-04-19 00:00:00+00:00,55.1496119936
2013-04-22 00:00:00+00:00,55.5532226475
2013-04-23 00:00:00+00:00,56.3162990398
2013-04-24 00:00:00+00:00,56.3982824539
2013-04-25 00:00:00+00:00,55.5406098145
2013-04-26 00:00:00+00:00,55.4964648993
2013-04-29 00:00:00+00:00,55.628899645
2013-04-30 00:00:00+00:00,56.1208001294
2013-05-01 00:00:00+00:00,55.1874504924
2013-05-02 00:00:00+00:00,55.8937691366
2013-05-03 00:00:00+00:00,56.7703610254
2013-05-06 00:00:00+00:00,57.1235203474
2013-05-07 00:00:00+00:00,57.482986086
2013-05-08 00:00:00+00:00,57.8298389916
2013-05-09 00:00:00+00:00,57.8046133258
2013-05-10 00:00:00+00:00,57.2394578181
2013-05-13 00:00:00+00:00,57.2140575706
2013-05-14 00:00:00+00:00,57.8554138208
2013-05-15 00:00:00+00:00,57.9379646253
2013-05-16 00:00:00+00:00,57.5950612836
2013-05-17 00:00:00+00:00,58.2681678433
2013-05-20 00:00:00+00:00,58.7507725464
2013-05-21 00:00:00+00:00,58.9285742791
2013-05-22 00:00:00+00:00,58.5412205042
2013-05-23 00:00:00+00:00,58.2872180289
2013-05-24 00:00:00+00:00,58.1221164199
2013-05-28 00:00:00+00:00,58.66187168
2013-05-29 00:00:00+00:00,58.4713698235
2013-05-30 00:00:00+00:00,58.4777198854
2013-05-31 00:00:00+00:00,57.4490098603
2013-06-03 00:00:00+00:00,58.0776659867
2013-06-04 00:00:00+00:00,57.6522118405
2013-06-05 00:00:00+00:00,56.9283047858
2013-06-06 00:00:00+00:00,57.2966083751
2013-06-07 00:00:00+00:00,58.0713159249
2013-06-10 00:00:00+00:00,57.8617638827
2013-06-11 00:00:00+00:00,57.4426597984
2013-06-12 00:00:00+00:00,56.9854553428
2013-06-13 00:00:00+00:00,57.9951151823
2013-06-14 00:00:00+00:00,57.518860541
2013-06-17 00:00:00+00:00,58.1094162962
2013-06-18 00:00:00+00:00,58.3761188953
2013-06-19 00:00:00+00:00,57.7855631401
2013-06-20 00:00:00+00:00,56.5473010728
2013-06-21 00:00:00+00:00,56.8203537338
2013-06-24 00:00:00+00:00,56.1853475455
2013-06-25 00:00:00+00:00,56.5854014441
2013-06-26 00:00:00+00:00,57.0235557141
2013-06-27 00:00:00+00:00,57.1759571993
2013-06-28 00:00:00+00:00,57.3728091177
2013-07-01 00:00:00+00:00,57.3410588083
2013-07-02 00:00:00+00:00,57.5569609123
2013-07-03 00:00:00+00:00,57.5887112217
2013-07-05 00:00:00+00:00,58.1475166675
2013-07-08 00:00:00+00:00,58.5793208755
2013-07-09 00:00:00+00:00,59.2714776208
2013-07-10 00:00:00+00:00,58.9412744029
2013-07-11 00:00:00+00:00,59.2270271877
2013-07-12 00:00:00+00:00,59.3095779921
2013-07-15 00:00:00+00:00,59.2143270639
2013-07-16 00:00:00+00:00,59.2460773733
2013-07-17 00:00:00+00:00,59.3476783635
2013-07-18 00:00:00+00:00,59.9318840567
2013-07-19 00:00:00+00:00,60.4335389455
2013-07-22 00:00:00+00:00,60.2176368415
2013-07-23 00:00:00+00:00,60.4525891312
2013-07-24 00:00:00+00:00,60.3192378316
2013-07-25 00:00:00+00:00,60.3065377079
2013-07-26 00:00:00+00:00,60.192236594
2013-07-29 00:00:00+00:00,59.7096318908
2013-07-30 00:00:00+00:00,59.5699305294
2013-07-31 00:00:00+00:00,59.5318301581
2013-08-01 00:00:00+00:00,58.884123846
2013-08-02 00:00:00+00:00,58.388819019
2013-08-05 00:00:00+00:00,58.1602167912
2013-08-06 00:00:00+00:00,58.0840160486
2013-08-07 00:00:00+00:00,58.0014652441
2013-08-08 00:00:00+00:00,58.280867967
2013-08-09 00:00:00+00:00,58.007815306
2013-08-12 00:00:00+00:00,57.4771000646
2013-08-13 00:00:00+00:00,57.1637862473
2013-08-14 00:00:00+00:00,56.8760490682
2013-08-15 00:00:00+00:00,56.3709104649
2013-08-16 00:00:00+00:00,56.2110564766
2013-08-19 00:00:00+00:00,55.5780346825
2013-08-20 00:00:00+00:00,55.5204872467
2013-08-21 00:00:00+00:00,55.2583267058
2013-08-22 00:00:00+00:00,55.6163996398
2013-08-23 00:00:00+00:00,55.9616842547
2013-08-26 00:00:00+00:00,55.6867353946
2013-08-27 00:00:00+00:00,55.5140930872
2013-08-28 00:00:00+00:00,56.8057133134
2013-08-29 00:00:00+00:00,55.8018302663
2013-08-30 00:00:00+00:00,55.7314945114
2013-09-03 00:00:00+00:00,55.7251003519
2013-09-04 00:00:00+00:00,56.1151440835
2013-09-05 00:00:00+00:00,55.8529835426
2013-09-06 00:00:00+00:00,55.7890419472
2013-09-09 00:00:00+00:00,56.2941805505
2013-09-10 00:00:00+00:00,56.1535090407
2013-09-11 00:00:00+00:00,56.8057133134
2013-09-12 00:00:00+00:00,56.2558155933
2013-09-13 00:00:00+00:00,56.5243702938
2013-09-16 00:00:00+00:00,56.6970126012
2013-09-17 00:00:00+00:00,56.8696549087
2013-09-18 00:00:00+00:00,57.278881119
2013-09-19 00:00:00+00:00,57.0870563329
2013-09-20 00:00:00+00:00,56.6906184417
2013-09-23 00:00:00+00:00,56.108749924
2013-09-24 00:00:00+00:00,55.8593777021
2013-09-25 00:00:00+00:00,55.7187061923
2013-09-26 00:00:00+00:00,55.6739470756
2013-09-27 00:00:00+00:00,55.5652463635
2013-09-30 00:00:00+00:00,55.0153486434
2013-10-01 00:00:00+00:00,54.9897720053
2013-10-02 00:00:00+00:00,55.0409252816
2013-10-03 00:00:00+00:00,54.6700640285
2013-10-04 00:00:00+00:00,55.1943851104
2013-10-07 00:00:00+00:00,54.9258304099
2013-10-08 00:00:00+00:00,54.676458188
2013-10-09 00:00:00+00:00,54.4526626043
2013-10-10 00:00:00+00:00,55.0153486434
2013-10-11 00:00:00+00:00,55.5972171611
2013-10-14 00:00:00+00:00,56.012837531
2013-10-15 00:00:00+00:00,55.4949106086
2013-10-16 00:00:00+00:00,55.8274069044
2013-10-17 00:00:00+00:00,55.9361076165
2013-10-18 00:00:00+00:00,55.9808667333
2013-10-21 00:00:00+00:00,55.7762536281
2013-10-22 00:00:00+00:00,56.2558155933
2013-10-23 00:00:00+00:00,56.0192316905
2013-10-24 00:00:00+00:00,56.5371586129
2013-10-25 00:00:00+00:00,56.2494214338
2013-10-28 00:00:00+00:00,56.4156695817
2013-10-29 00:00:00+00:00,56.8632607492
2013-10-30 00:00:00+00:00,56.7865308347
2013-10-31 00:00:00+00:00,57.3044577571
2013-11-01 00:00:00+00:00,57.4323409478
2013-11-04 00:00:00+00:00,58.8902093219
2013-11-05 00:00:00+00:00,58.819873567
2013-11-06 00:00:00+00:00,59.6063551899
2013-11-07 00:00:00+00:00,59.2035231392
2013-11-08 00:00:00+00:00,59.699246419
2013-11-11 00:00:00+00:00,59.8473196065
2013-11-12 00:00:00+00:00,59.660618631
2013-11-13 00:00:00+00:00,59.6091149136
2013-11-14 00:00:00+00:00,60.014706688
2013-11-15 00:00:00+00:00,61.3344894462
2013-11-18 00:00:00+00:00,61.4503728103
2013-11-19 00:00:00+00:00,61.4310589163
2013-11-20 00:00:00+00:00,60.9546495304
2013-11-21 00:00:00+00:00,60.9610874951
2013-11-22 00:00:00+00:00,61.1671023646
2013-11-25 00:00:00+00:00,61.218606082
2013-11-26 00:00:00+00:00,60.6906929788
2013-11-27 00:00:00+00:00,60.3881086391
2013-11-29 00:00:00+00:00,60.1820937696
2013-12-02 00:00:00+00:00,60.2078456283
2013-12-03 00:00:00+00:00,60.7679485549
2013-12-04 00:00:00+00:00,60.9482115657
2013-12-05 00:00:00+00:00,60.6005614734
2013-12-06 00:00:00+00:00,61.5791321038
2013-12-09 00:00:00+00:00,61.7014534326
2013-12-10 00:00:00+00:00,61.6177598918
2013-12-11 00:00:00+00:00,60.6842550141
2013-12-12 00:00:00+00:00,61.3924311282
2013-12-13 00:00:00+00:00,61.3602413048
2013-12-16 00:00:00+00:00,62.5898925575
2013-12-17 00:00:00+00:00,62.2873082179
2013-12-18 00:00:00+00:00,64.0835003618
2013-12-19 00:00:00+00:00,64.0126827504
2013-12-20 00:00:00+00:00,63.5298353999
2013-12-23 00:00:00+00:00,63.4203900004
2013-12-24 00:00:00+00:00,63.8774854923
2013-12-26 00:00:00+00:00,64.9590635574
2013-12-27 00:00:00+00:00,65.3517794025
2013-12-30 00:00:00+00:00,64.5792236417
2013-12-31 00:00:00+00:00,65.1522024976
2014-01-02 00:00:00+00:00,64.21869762
2014-01-03 00:00:00+00:00,64.0641864678
2014-01-06 00:00:00+00:00,64.1607559379
2014-01-07 00:00:00+00:00,65.0685089569
2014-01-08 00:00:00+00:00,64.8560561227
2014-01-09 00:00:00+00:00,64.2251355846
2014-01-10 00:00:00+00:00,64.7144208998
2014-01-13 00:00:00+00:00,63.4461418591
2014-01-14 00:00:00+00:00,63.8131058455
2014-01-15 00:00:00+00:00,63.5942150466
2014-01-16 00:00:00+00:00,63.6972224814
2014-01-17 00:00:00+00:00,63.8388577042
2014-01-21 00:00:00+00:00,63.4139520358
2014-01-22 00:00:00+00:00,63.014798226
2014-01-23 00:00:00+00:00,62.4289434407
2014-01-24 00:00:00+00:00,61.0640949299
2014-01-27 00:00:00+00:00,61.1091606826
2014-01-28 00:00:00+00:00,61.5791321038
2014-01-29 00:00:00+00:00,61.2314820114
2014-01-30 00:00:00+00:00,60.5104299679
2014-01-31 00:00:00+00:00,59.3322824326
2014-02-03 00:00:00+00:00,57.9738718865
2014-02-04 00:00:00+00:00,57.9545579925
2014-02-05 00:00:00+00:00,57.6712875468
2014-02-06 00:00:00+00:00,58.2185145441
2014-02-07 00:00:00+00:00,58.7241987461
2014-02-10 00:00:00+00:00,58.0369868818
2014-02-11 00:00:00+00:00,58.8927601468
2014-02-12 00:00:00+00:00,59.0483552859
2014-02-13 00:00:00+00:00,59.2752648638
2014-02-14 00:00:00+00:00,61.012743917
2014-02-18 00:00:00+00:00,60.9868113938
2014-02-19 00:00:00+00:00,60.9090138242
2014-02-20 00:00:00+00:00,61.8296183972
2014-02-21 00:00:00+00:00,61.6091919502
2014-02-24 00:00:00+00:00,62.5233133923
2014-02-25 00:00:00+00:00,62.439032692
2014-02-26 00:00:00+00:00,62.1019098906
2014-02-27 00:00:00+00:00,62.1343255446
2014-02-28 00:00:00+00:00,62.4131001688
2014-03-03 00:00:00+00:00,61.9138990976
2014-03-04 00:00:00+00:00,62.5751784387
2014-03-05 00:00:00+00:00,60.8117668623
2014-03-06 00:00:00+00:00,60.7858343391
2014-03-07 00:00:00+00:00,61.583259427
2014-03-10 00:00:00+00:00,61.9138990976
2014-03-11 00:00:00+00:00,60.947912609
2014-03-12 00:00:00+00:00,61.0775752249
2014-03-13 00:00:00+00:00,60.7080367696
2014-03-14 00:00:00+00:00,60.5978235461
2014-03-17 00:00:00+00:00,61.1488896637
2014-03-18 00:00:00+00:00,61.4017317647
2014-03-19 00:00:00+00:00,60.7663849467
2014-03-20 00:00:00+00:00,61.3174510644
2014-03-21 00:00:00+00:00,61.1424065329
2014-03-24 00:00:00+00:00,61.3563498491
2014-03-25 00:00:00+00:00,61.5313943806
2014-03-26 00:00:00+00:00,61.3952486339
2014-03-27 00:00:00+00:00,62.3936507764
2014-03-28 00:00:00+00:00,63.3401878726
2014-03-31 00:00:00+00:00,63.327221611
2014-04-01 00:00:00+00:00,63.359637265
2014-04-02 00:00:00+00:00,63.5022661425
2014-04-03 00:00:00+00:00,63.4892998809
2014-04-04 00:00:00+00:00,63.1197614255
2014-04-07 00:00:00+00:00,62.7437398394
2014-04-08 00:00:00+00:00,63.1781096027
2014-04-09 00:00:00+00:00,63.1003120331
2014-04-10 00:00:00+00:00,62.7437398394
2014-04-11 00:00:00+00:00,62.7048410546
2014-04-14 00:00:00+00:00,63.4439179653
2014-04-15 00:00:00+00:00,63.9755346905
2014-04-16 00:00:00+00:00,64.7924091708
2014-04-17 00:00:00+00:00,65.103599449
2014-04-21 00:00:00+00:00,65.4342391195
2014-04-22 00:00:00+00:00,65.071183795
2014-04-23 00:00:00+00:00,65.1554644953
2014-04-24 00:00:00+00:00,64.8377910864
2014-04-25 00:00:00+00:00,65.0971163182
2014-04-28 00:00:00+00:00,65.5898342586
2014-04-29 00:00:00+00:00,65.7713619209
2014-04-30 00:00:00+00:00,66.3937424773
2014-05-01 00:00:00+00:00,65.7454293977
2014-05-02 00:00:00+00:00,66.1344172455
2014-05-05 00:00:00+00:00,66.7178990171
2014-05-06 00:00:00+00:00,66.562303878
2014-05-07 00:00:00+00:00,66.847561633
2014-05-08 00:00:00+00:00,66.3353943001
2014-05-09 00:00:00+00:00,66.5428544856
2014-05-12 00:00:00+00:00,66.7256107314
2014-05-13 00:00:00+00:00,66.8104618455
2014-05-14 00:00:00+00:00,66.764772784
2014-05-15 00:00:00+00:00,65.7791944586
2014-05-16 00:00:00+00:00,65.7530864235
2014-05-19 00:00:00+00:00,65.8379375376
2014-05-20 00:00:00+00:00,65.7073973621
2014-05-21 00:00:00+00:00,66.5950705558
2014-05-22 00:00:00+00:00,66.2491390906
2014-05-23 00:00:00+00:00,66.1316529326
2014-05-27 00:00:00+00:00,66.1577609677
2014-05-28 00:00:00+00:00,65.9619507044
2014-05-29 00:00:00+00:00,66.0990178887
2014-05-30 00:00:00+00:00,65.6160192392
2014-06-02 00:00:00+00:00,65.2309257213
2014-06-03 00:00:00+00:00,65.5246411163
2014-06-04 00:00:00+00:00,65.2961958091
2014-06-05 00:00:00+00:00,65.6290732567
2014-06-06 00:00:00+00:00,66.3144091784
2014-06-09 00:00:00+00:00,66.2621931082
2014-06-10 00:00:00+00:00,66.2230310555
2014-06-11 00:00:00+00:00,66.5428544856
2014-06-12 00:00:00+00:00,66.353571231
2014-06-13 00:00:00+00:00,66.9997451
2014-06-16 00:00:00+00:00,67.175974337
2014-06-17 00:00:00+00:00,66.8496238981
2014-06-18 00:00:00+00:00,67.0519611702
2014-06-19 00:00:00+00:00,66.9866910824
2014-06-20 00:00:00+00:00,67.7699321357
2014-06-23 00:00:00+00:00,68.1289176185
2014-06-24 00:00:00+00:00,67.0519611702
2014-06-25 00:00:00+00:00,66.6668676524
2014-06-26 00:00:00+00:00,66.5950705558
2014-06-27 00:00:00+00:00,66.0598558361
2014-06-30 00:00:00+00:00,65.7139243709
2014-07-01 00:00:00+00:00,66.1577609677
2014-07-02 00:00:00+00:00,66.294828152
2014-07-03 00:00:00+00:00,66.9605830473
2014-07-07 00:00:00+00:00,66.9997451
2014-07-08 00:00:00+00:00,67.117231258
2014-07-09 00:00:00+00:00,67.58717589
2014-07-10 00:00:00+00:00,66.9475290298
2014-07-11 00:00:00+00:00,66.4057873013
2014-07-14 00:00:00+00:00,67.0193261263
2014-07-15 00:00:00+00:00,66.8300428718
2014-07-16 00:00:00+00:00,67.7307700831
2014-07-17 00:00:00+00:00,66.7778268016
2014-07-18 00:00:00+00:00,67.0519611702
2014-07-21 00:00:00+00:00,67.2804064774
2014-07-22 00:00:00+00:00,67.5806488812
2014-07-23 00:00:00+00:00,68.0440665044
2014-07-24 00:00:00+00:00,68.0636475307
2014-07-25 00:00:00+00:00,67.3456765652
2014-07-28 00:00:00+00:00,67.3913656266
2014-07-29 00:00:00+00:00,67.58717589
2014-07-30 00:00:00+00:00,67.3913656266
2014-07-31 00:00:00+00:00,64.5782248436
2014-08-01 00:00:00+00:00,64.4868467207
2014-08-04 00:00:00+00:00,65.3549388881
2014-08-05 00:00:00+00:00,64.0952261941
2014-08-06 00:00:00+00:00,64.6043328787
2014-08-07 00:00:00+00:00,64.1409152555
2014-08-08 00:00:00+00:00,65.1003855458
2014-08-11 00:00:00+00:00,64.8915212649
2014-08-12 00:00:00+00:00,64.7337782779
2014-08-13 00:00:00+00:00,65.1281357454
2014-08-14 00:00:00+00:00,65.1281357454
2014-08-15 00:00:00+00:00,65.0886999986
2014-08-18 00:00:00+00:00,65.410758597
2014-08-19 00:00:00+00:00,65.3910407236
2014-08-20 00:00:00+00:00,65.5290658372
2014-08-21 00:00:00+00:00,65.25301561
2014-08-22 00:00:00+00:00,64.7403509024
2014-08-25 00:00:00+00:00,64.9046665138
2014-08-26 00:00:00+00:00,65.4896300905
2014-08-27 00:00:00+00:00,65.4173312215
2014-08-28 00:00:00+00:00,65.4436217193
2014-08-29 00:00:00+00:00,65.3713228503
2014-09-02 00:00:00+00:00,64.7337782779
2014-09-03 00:00:00+00:00,65.1412809943
2014-09-04 00:00:00+00:00,64.64833416
2014-09-05 00:00:00+00:00,65.2398703611
2014-09-08 00:00:00+00:00,64.260549317
2014-09-09 00:00:00+00:00,64.0107895877
2014-09-10 00:00:00+00:00,63.6295773691
2014-09-11 00:00:00+00:00,63.7741751072
2014-09-12 00:00:00+00:00,62.9525970501
2014-09-15 00:00:00+00:00,63.2878008974
2014-09-16 00:00:00+00:00,64.0370800855
2014-09-17 00:00:00+00:00,63.8070382295
2014-09-18 00:00:00+00:00,63.49812488
2014-09-19 00:00:00+00:00,63.8333287273
2014-09-22 00:00:00+00:00,63.4521165088
2014-09-23 00:00:00+00:00,63.1169126615
2014-09-24 00:00:00+00:00,62.9788875479
2014-09-25 00:00:00+00:00,61.9469855081
2014-09-26 00:00:00+00:00,62.7225551941
2014-09-29 00:00:00+00:00,62.0652927484
2014-09-30 00:00:00+00:00,61.815533019
2014-10-01 00:00:00+00:00,61.0333907086
2014-10-02 00:00:00+00:00,61.3225861847
2014-10-03 00:00:00+00:00,61.730088901
2014-10-06 00:00:00+00:00,62.1244463685
2014-10-07 00:00:00+00:00,61.3685945559
2014-10-08 00:00:00+00:00,62.1835999886
2014-10-09 00:00:00+00:00,60.349837765
2014-10-10 00:00:00+00:00,60.205240027
2014-10-13 00:00:00+00:00,59.7057205683
2014-10-14 00:00:00+00:00,59.515114459
2014-10-15 00:00:00+00:00,59.2982178519
2014-10-16 00:00:00+00:00,59.5479775813
2014-10-17 00:00:00+00:00,59.9489076732
2014-10-20 00:00:00+00:00,60.3169746428
2014-10-21 00:00:00+00:00,61.5526280407
2014-10-22 00:00:00+00:00,61.2108515689
2014-10-23 00:00:00+00:00,61.8549687657
2014-10-24 00:00:00+00:00,62.1047284951
2014-10-27 00:00:00+00:00,61.5920637874
2014-10-28 00:00:00+00:00,62.505658587
2014-10-29 00:00:00+00:00,62.1704547397
2014-10-30 00:00:00+00:00,62.0784379973
2014-10-31 00:00:00+00:00,63.5638511246
2014-11-03 00:00:00+00:00,62.6108205783
2014-11-04 00:00:00+00:00,62.1244463685
2014-11-05 00:00:00+00:00,62.4859407136
2014-11-06 00:00:00+00:00,63.268083024
2014-11-07 00:00:00+00:00,63.9384907186
2014-11-10 00:00:00+00:00,63.7332838429
2014-11-11 00:00:00+00:00,63.8193383392
2014-11-12 00:00:00+00:00,63.1375219458
2014-11-13 00:00:00+00:00,62.660912428
2014-11-14 00:00:00+00:00,62.9455542234
2014-11-17 00:00:00+00:00,62.9587933766
2014-11-18 00:00:00+00:00,62.7999235374
2014-11-19 00:00:00+00:00,63.2897722084
2014-11-20 00:00:00+00:00,63.4287833177
2014-11-21 00:00:00+00:00,64.0841214046
2014-11-24 00:00:00+00:00,63.3625875514
2014-11-25 00:00:00+00:00,62.7403473477
2014-11-26 00:00:00+00:00,62.5417600486
2014-11-28 00:00:00+00:00,59.9336468544
2014-12-01 00:00:00+00:00,61.1317902253
2014-12-02 00:00:00+00:00,62.3497923262
2014-12-03 00:00:00+00:00,62.8528801505
2014-12-04 00:00:00+00:00,62.4689447056
2014-12-05 00:00:00+00:00,62.1048679907
2014-12-08 00:00:00+00:00,60.701517744
2014-12-09 00:00:00+00:00,60.4896912917
2014-12-10 00:00:00+00:00,58.6957860236
2014-12-11 00:00:00+00:00,59.0466235853
2014-12-12 00:00:00+00:00,57.3255336601
2014-12-15 00:00:00+00:00,57.5241209592
2014-12-16 00:00:00+00:00,57.1997617041
2014-12-17 00:00:00+00:00,58.9274712058
2014-12-18 00:00:00+00:00,60.3440606058
2014-12-19 00:00:00+00:00,61.9857156113
2014-12-22 00:00:00+00:00,61.7805087356
2014-12-23 00:00:00+00:00,62.6145753916
2014-12-24 00:00:00+00:00,62.0783896842
2014-12-26 00:00:00+00:00,61.701073816
2014-12-29 00:00:00+00:00,61.6083997431
2014-12-30 00:00:00+00:00,61.5753018599
2014-12-31 00:00:00+00:00,61.1979859917
2015-01-02 00:00:00+00:00,61.4495299038
2015-01-05 00:00:00+00:00,59.7681574385
2015-01-06 00:00:00+00:00,59.45041776
2015-01-07 00:00:00+00:00,60.0527992338
2015-01-08 00:00:00+00:00,61.0523553057
2015-01-09 00:00:00+00:00,60.9663008095
2015-01-12 00:00:00+00:00,59.794635745
2015-01-13 00:00:00+00:00,59.5761897161
2015-01-14 00:00:00+00:00,59.4040807236
2015-01-15 00:00:00+00:00,58.887753746
2015-01-16 00:00:00+00:00,60.3175822992
2015-01-20 00:00:00+00:00,60.2977235693
2015-01-21 00:00:00+00:00,60.8140505468
2015-01-22 00:00:00+00:00,61.4760082104
2015-01-23 00:00:00+00:00,60.1653320366
2015-01-26 00:00:00+00:00,60.7412352039
2015-01-27 00:00:00+00:00,60.2050494964
2015-01-28 00:00:00+00:00,58.2191765059
2015-01-29 00:00:00+00:00,57.9742521704
2015-01-30 00:00:00+00:00,57.8683389442
2015-02-02 00:00:00+00:00,59.2981674974
2015-02-03 00:00:00+00:00,61.065594459
2015-02-04 00:00:00+00:00,60.5426479048
2015-02-05 00:00:00+00:00,61.138409802
2015-02-06 00:00:00+00:00,61.0258769992
2015-02-09 00:00:00+00:00,61.0658939677
2015-02-10 00:00:00+00:00,60.6990717562
2015-02-11 00:00:00+00:00,60.4256224713
2015-02-12 00:00:00+00:00,61.6061230428
2015-02-13 00:00:00+00:00,62.2730725182
2015-02-17 00:00:00+00:00,62.059648686
2015-02-18 00:00:00+00:00,60.6990717562
2015-02-19 00:00:00+00:00,59.6519610798
2015-02-20 00:00:00+00:00,59.972096828
2015-02-23 00:00:00+00:00,59.3651728054
2015-02-24 00:00:00+00:00,59.6386220903
2015-02-25 00:00:00+00:00,59.7586729959
2015-02-26 00:00:00+00:00,59.1250709943
2015-02-27 00:00:00+00:00,59.051706552
2015-03-02 00:00:00+00:00,58.7182318143
2015-03-03 00:00:00+00:00,58.4381130346
2015-03-04 00:00:00+00:00,58.1446552654
2015-03-05 00:00:00+00:00,57.8511974963
2015-03-06 00:00:00+00:00,57.1108835786
2015-03-09 00:00:00+00:00,56.7974173251
2015-03-10 00:00:00+00:00,56.1971627973
2015-03-11 00:00:00+00:00,56.0370949232
2015-03-12 00:00:00+00:00,56.1704848183
2015-03-13 00:00:00+00:00,55.9370525019
2015-03-16 00:00:00+00:00,56.530637535
2015-03-17 00:00:00+00:00,56.0771118917
2015-03-18 00:00:00+00:00,57.4043413477
2015-03-19 00:00:00+00:00,56.2972052186
2015-03-20 00:00:00+00:00,56.3839086504
2015-03-23 00:00:00+00:00,56.9774936835
2015-03-24 00:00:00+00:00,56.3705696609
2015-03-25 00:00:00+00:00,56.5973324825
2015-03-26 00:00:00+00:00,56.2371797658
2015-03-27 00:00:00+00:00,55.743637154
2015-03-30 00:00:00+00:00,57.1108835786
2015-03-31 00:00:00+00:00,56.6907054091
2015-04-01 00:00:00+00:00,56.3305526923
2015-04-02 00:00:00+00:00,56.2238407763
2015-04-06 00:00:00+00:00,56.7774088409
2015-04-07 00:00:00+00:00,57.1909175156
2015-04-08 00:00:00+00:00,56.0637729022
2015-04-09 00:00:00+00:00,56.4572730927
2015-04-10 00:00:00+00:00,57.0641971153
2015-04-13 00:00:00+00:00,56.9174682307
2015-04-14 00:00:00+00:00,57.777833054
2015-04-15 00:00:00+00:00,58.7449097933
2015-04-16 00:00:00+00:00,58.5114774769
2015-04-17 00:00:00+00:00,57.9779178966
2015-04-20 00:00:00+00:00,58.184672234
2015-04-21 00:00:00+00:00,57.9445704228
2015-04-22 00:00:00+00:00,58.3314011186
2015-04-23 00:00:00+00:00,58.3847570766
2015-04-24 00:00:00+00:00,58.0045958756
2015-04-27 00:00:00+00:00,58.0312738546
2015-04-28 00:00:00+00:00,58.5581639402
2015-04-29 00:00:00+00:00,58.6048504035
2015-04-30 00:00:00+00:00,58.2713756658
2015-05-01 00:00:00+00:00,59.2584608894
2015-05-04 00:00:00+00:00,59.431867753
2015-05-05 00:00:00+00:00,59.0983930153
2015-05-06 00:00:00+00:00,58.8182742356
2015-05-07 00:00:00+00:00,58.4247740451
2015-05-08 00:00:00+00:00,59.3518338159
2015-05-11 00:00:00+00:00,58.3647485923
2015-05-12 00:00:00+00:00,58.5261629696
2015-05-13 00:00:00+00:00,58.2167854131
2015-05-14 00:00:00+00:00,58.4925349744
2015-05-15 00:00:00+00:00,58.7481077384
2015-05-18 00:00:00+00:00,58.4118277857
2015-05-19 00:00:00+00:00,58.5059861725
2015-05-20 00:00:00+00:00,58.6001445592
2015-05-21 00:00:00+00:00,58.6539493517
2015-05-22 00:00:00+00:00,58.1898830169
2015-05-26 00:00:00+00:00,57.4029879276
2015-05-27 00:00:00+00:00,57.2415735503
2015-05-28 00:00:00+00:00,57.2415735503
2015-05-29 00:00:00+00:00,57.3021039418
2015-06-01 00:00:00+00:00,57.2550247484
2015-06-02 00:00:00+00:00,57.2617503474
2015-06-03 00:00:00+00:00,57.1339639654
2015-06-04 00:00:00+00:00,56.6429952344
2015-06-05 00:00:00+00:00,56.6833488288
2015-06-08 00:00:00+00:00,57.0667079749
2015-06-09 00:00:00+00:00,56.8851168004
2015-06-10 00:00:00+00:00,57.3088295408
2015-06-11 00:00:00+00:00,57.2281223522
2015-06-12 00:00:00+00:00,56.5084832534
2015-06-15 00:00:00+00:00,56.3067152817
2015-06-16 00:00:00+00:00,56.9523727909
2015-06-17 00:00:00+00:00,56.9860007862
2015-06-18 00:00:00+00:00,57.4904207153
2015-06-19 00:00:00+00:00,57.3088295408
2015-06-22 00:00:00+00:00,57.2819271446
2015-06-23 00:00:00+00:00,57.2146711541
2015-06-24 00:00:00+00:00,56.9523727909
2015-06-25 00:00:00+00:00,56.4479528619
2015-06-26 00:00:00+00:00,56.4008736685
2015-06-29 00:00:00+00:00,55.7014113669
2015-06-30 00:00:00+00:00,55.9569841309
2015-07-01 00:00:00+00:00,55.3987594094
2015-07-02 00:00:00+00:00,55.9166305366
2015-07-06 00:00:00+00:00,55.5063689943
2015-07-07 00:00:00+00:00,55.7350393621
2015-07-08 00:00:00+00:00,55.1297354473
2015-07-09 00:00:00+00:00,54.8808882822
2015-07-10 00:00:00+00:00,55.2978754236
2015-07-13 00:00:00+00:00,55.4323874047
2015-07-14 00:00:00+00:00,55.8964537394
2015-07-15 00:00:00+00:00,55.6610577725
2015-07-16 00:00:00+00:00,55.7619417583
2015-07-17 00:00:00+00:00,55.5601737867
2015-07-20 00:00:00+00:00,54.9884978671
2015-07-21 00:00:00+00:00,54.9212418766
2015-07-22 00:00:00+00:00,55.0086746643
2015-07-23 00:00:00+00:00,54.5715107258
2015-07-24 00:00:00+00:00,53.7644388393
2015-07-27 00:00:00+00:00,53.3070981036
2015-07-28 00:00:00+00:00,55.472740999
2015-07-29 00:00:00+00:00,55.9166305366
2015-07-30 00:00:00+00:00,55.8291977489
2015-07-31 00:00:00+00:00,53.2734701083
2015-08-03 00:00:00+00:00,52.5000262171
2015-08-04 00:00:00+00:00,51.9014479012
2015-08-05 00:00:00+00:00,51.9014479012
2015-08-06 00:00:00+00:00,52.5202030142
2015-08-07 00:00:00+00:00,51.6727775334
2015-08-10 00:00:00+00:00,52.9640925518
2015-08-11 00:00:00+00:00,52.6076358019
2015-08-12 00:00:00+00:00,53.4902003463
2015-08-13 00:00:00+00:00,53.3951549338
2015-08-14 00:00:00+00:00,53.1982751508
2015-08-17 00:00:00+00:00,53.4766224302
2015-08-18 00:00:00+00:00,52.8859830813
2015-08-19 00:00:00+00:00,51.7522270897
2015-08-20 00:00:00+00:00,50.6252600561
2015-08-21 00:00:00+00:00,48.9687542959
2015-08-24 00:00:00+00:00,46.6537196065
2015-08-25 00:00:00+00:00,46.6469306485
2015-08-26 00:00:00+00:00,49.2199457432
2015-08-27 00:00:00+00:00,50.8153508811
2015-08-28 00:00:00+00:00,50.9647079578
2015-08-31 00:00:00+00:00,51.0801202444
2015-09-01 00:00:00+00:00,48.9348095058
2015-09-02 00:00:00+00:00,49.7155396796
2015-09-03 00:00:00+00:00,50.0957213295
2015-09-04 00:00:00+00:00,49.1927899111
2015-09-08 00:00:00+00:00,49.8988415465
2015-09-09 00:00:00+00:00,48.8804978415
2015-09-10 00:00:00+00:00,49.2335236593
2015-09-11 00:00:00+00:00,49.3489359458
2015-09-14 00:00:00+00:00,49.2131567852
2015-09-15 00:00:00+00:00,49.4643482324
2015-09-16 00:00:00+00:00,50.4419581892
2015-09-17 00:00:00+00:00,50.5505815178
2015-09-18 00:00:00+00:00,49.3421469878
2015-09-21 00:00:00+00:00,49.8241630082
2015-09-22 00:00:00+00:00,49.382880736
2015-09-23 00:00:00+00:00,49.0841665825
2015-09-24 00:00:00+00:00,49.376091778
2015-09-25 00:00:00+00:00,49.7155396796
2015-09-28 00:00:00+00:00,49.2878353235
2015-09-29 00:00:00+00:00,49.5390267708
2015-09-30 00:00:00+00:00,50.4759029794
2015-10-01 00:00:00+00:00,50.2790231964
2015-10-02 00:00:00+00:00,51.5146135585
2015-10-05 00:00:00+00:00,52.1459866556
2015-10-06 00:00:00+00:00,52.8791941233
2015-10-07 00:00:00+00:00,53.7685476257
2015-10-08 00:00:00+00:00,54.3320311424
2015-10-09 00:00:00+00:00,53.8092813739
2015-10-12 00:00:00+00:00,53.836437206
2015-10-13 00:00:00+00:00,53.7413917935
2015-10-14 00:00:00+00:00,54.4202875969
2015-10-15 00:00:00+00:00,55.3164300573
2015-10-16 00:00:00+00:00,55.9953258607
2015-10-19 00:00:00+00:00,54.9837711137
2015-10-20 00:00:00+00:00,54.8751477851
2015-10-21 00:00:00+00:00,54.4542323871
2015-10-22 00:00:00+00:00,56.27367314
2015-10-23 00:00:00+00:00,56.3347737623
2015-10-26 00:00:00+00:00,55.1399171484
2015-10-27 00:00:00+00:00,55.051660694
2015-10-28 00:00:00+00:00,55.8595467
2015-10-29 00:00:00+00:00,55.8256019098
2015-10-30 00:00:00+00:00,56.1718387695
2015-11-02 00:00:00+00:00,57.8962341101
2015-11-03 00:00:00+00:00,58.9621005213
2015-11-04 00:00:00+00:00,58.3714611724
2015-11-05 00:00:00+00:00,57.5771530825
2015-11-06 00:00:00+00:00,57.3463285093
2015-11-09 00:00:00+00:00,56.1311050213
2015-11-10 00:00:00+00:00,56.4050823491
2015-11-11 00:00:00+00:00,55.9050737259
2015-11-12 00:00:00+00:00,54.3913489902
2015-11-13 00:00:00+00:00,53.4940732418
2015-11-16 00:00:00+00:00,55.411914536
2015-11-17 00:00:00+00:00,54.7680678158
2015-11-18 00:00:00+00:00,55.3023236049
2015-11-19 00:00:00+00:00,55.0009485444
2015-11-20 00:00:00+00:00,54.6516274515
2015-11-23 00:00:00+00:00,54.987249678
2015-11-24 00:00:00+00:00,56.083158989
2015-11-25 00:00:00+00:00,55.6516446978
2015-11-27 00:00:00+00:00,55.6379458314
2015-11-30 00:00:00+00:00,55.9324714587
2015-12-01 00:00:00+00:00,56.0900084222
2015-12-02 00:00:00+00:00,54.4872410549
2015-12-03 00:00:00+00:00,53.7064056708
2015-12-04 00:00:00+00:00,54.0146301645
2015-12-07 00:00:00+00:00,52.6036469266
2015-12-08 00:00:00+00:00,51.1173199236
2015-12-09 00:00:00+00:00,51.802263243
2015-12-10 00:00:00+00:00,51.8433598422
2015-12-11 00:00:00+00:00,50.918686361
2015-12-14 00:00:00+00:00,52.0762405707
2015-12-15 00:00:00+00:00,54.4050478566
2015-12-16 00:00:00+00:00,54.2132637271
2015-12-17 00:00:00+00:00,53.3981811771
2015-12-18 00:00:00+00:00,52.9324197199
2015-12-21 00:00:00+00:00,52.9187208536
2015-12-22 00:00:00+00:00,53.1858487481
2015-12-23 00:00:00+00:00,54.9256047793
2015-12-24 00:00:00+00:00,54.3365535246
2015-12-28 00:00:00+00:00,53.9324369662
2015-12-29 00:00:00+00:00,54.2201131603
2015-12-30 00:00:00+00:00,53.500922675
2015-12-31 00:00:00+00:00,53.3913317439
2016-01-04 00:00:00+00:00,53.0557095174
2016-01-05 00:00:00+00:00,53.5077721082
2016-01-06 00:00:00+00:00,53.0625589506
2016-01-07 00:00:00+00:00,52.2132292346
2016-01-08 00:00:00+00:00,51.1584165228
2016-01-11 00:00:00+00:00,50.4734732034
2016-01-12 00:00:00+00:00,51.5077376157
2016-01-13 00:00:00+00:00,51.8159621094
2016-01-14 00:00:00+00:00,54.1927154276
2016-01-15 00:00:00+00:00,53.1379027157
2016-01-19 00:00:00+00:00,52.3296695989
2016-01-20 00:00:00+00:00,50.1241521106
2016-01-21 00:00:00+00:00,50.7542999644
2016-01-22 00:00:00+00:00,52.4461099632
2016-01-25 00:00:00+00:00,50.6721067661
2016-01-26 00:00:00+00:00,52.5351525947
2016-01-27 00:00:00+00:00,51.5693825144
2016-01-28 00:00:00+00:00,52.7337861573
2016-01-29 00:00:00+00:00,53.322837412
2016-02-01 00:00:00+00:00,52.2543258338
2016-02-02 00:00:00+00:00,51.0899221909
2016-02-03 00:00:00+00:00,53.7543517032
2016-02-04 00:00:00+00:00,54.6790251843
2016-02-05 00:00:00+00:00,54.8502610141
2016-02-08 00:00:00+00:00,55.589999799
2016-02-09 00:00:00+00:00,55.3502696373
2016-02-10 00:00:00+00:00,54.8457029935
2016-02-11 00:00:00+00:00,55.0184997893
2016-02-12 00:00:00+00:00,56.0068974614
2016-02-16 00:00:00+00:00,56.1382230262
2016-02-17 00:00:00+00:00,56.6773490292
2016-02-18 00:00:00+00:00,56.9883832617
2016-02-19 00:00:00+00:00,57.0229426208
2016-02-22 00:00:00+00:00,56.9469120307
2016-02-23 00:00:00+00:00,56.145134898
2016-02-24 00:00:00+00:00,56.3455791812
2016-02-25 00:00:00+00:00,56.684260901
2016-02-26 00:00:00+00:00,56.5045522334
2016-02-29 00:00:00+00:00,55.3986527401
2016-03-01 00:00:00+00:00,56.1796942572
2016-03-02 00:00:00+00:00,57.1611800575
2016-03-03 00:00:00+00:00,56.9538239025
2016-03-04 00:00:00+00:00,56.8777933123
2016-03-07 00:00:00+00:00,58.3776695
2016-03-08 00:00:00+00:00,57.1127969546
2016-03-09 00:00:00+00:00,56.9538239025
2016-03-10 00:00:00+00:00,56.8017627222
2016-03-11 00:00:00+00:00,56.808674594
2016-03-14 00:00:00+00:00,56.9607357743
2016-03-15 00:00:00+00:00,57.2441225195
2016-03-16 00:00:00+00:00,57.2786818786
2016-03-17 00:00:00+00:00,58.1288421141
2016-03-18 00:00:00+00:00,58.1979608324
2016-03-21 00:00:00+00:00,57.7970722661
2016-03-22 00:00:00+00:00,58.1426658577
2016-03-23 00:00:00+00:00,57.8869265999
2016-03-24 00:00:00+00:00,58.0458996521
2016-03-28 00:00:00+00:00,58.2117845761
2016-03-29 00:00:00+00:00,58.4260526029
2016-03-30 00:00:00+00:00,58.419140731
2016-03-31 00:00:00+00:00,57.7763366506
2016-04-01 00:00:00+00:00,57.3408887251
2016-04-04 00:00:00+00:00,57.4791261618
2016-04-05 00:00:00+00:00,56.8224983377
2016-04-06 00:00:00+00:00,57.5828042393
2016-04-07 00:00:00+00:00,56.933088287
2016-04-08 00:00:00+00:00,57.5136855209
2016-04-11 00:00:00+00:00,57.5897161111
2016-04-12 00:00:00+00:00,58.3016389099
2016-04-13 00:00:00+00:00,58.6334087579
2016-04-14 00:00:00+00:00,59.0481210678
2016-04-15 00:00:00+00:00,58.7301749635
2016-04-18 00:00:00+00:00,59.290036582
2016-04-19 00:00:00+00:00,59.5872470708
2016-04-20 00:00:00+00:00,59.9950475089
2016-04-21 00:00:00+00:00,59.9881356371
2016-04-22 00:00:00+00:00,60.4996141527
2016-04-25 00:00:00+00:00,60.3613767161
2016-04-26 00:00:00+00:00,60.5687328711
2016-04-27 00:00:00+00:00,61.1424182332
2016-04-28 00:00:00+00:00,60.8452077444
2016-04-29 00:00:00+00:00,61.1009470022
2016-05-02 00:00:00+00:00,61.605513646
2016-05-03 00:00:00+00:00,60.900502719
2016-05-04 00:00:00+00:00,60.7830008979
2016-05-05 00:00:00+00:00,60.8521196162
2016-05-06 00:00:00+00:00,61.1769775923
2016-05-09 00:00:00+00:00,61.2184488233
2016-05-10 00:00:00+00:00,62.1999346236
2016-05-11 00:00:00+00:00,61.9027241348
2016-05-12 00:00:00+00:00,62.5021649946
2016-05-13 00:00:00+00:00,61.7981704965
2016-05-16 00:00:00+00:00,62.432462569
2016-05-17 00:00:00+00:00,62.4045815988
2016-05-18 00:00:00+00:00,62.2791172328
2016-05-19 00:00:00+00:00,62.808855667
2016-05-20 00:00:00+00:00,62.5509566924
2016-05-23 00:00:00+00:00,62.4533732967
2016-05-24 00:00:00+00:00,62.5021649946
2016-05-25 00:00:00+00:00,62.9134093053
2016-05-26 00:00:00+00:00,62.5927781478
2016-05-27 00:00:00+00:00,62.7391532414
2016-05-31 00:00:00+00:00,62.0490992285
2016-06-01 00:00:00+00:00,62.2024445647
2016-06-02 00:00:00+00:00,61.7075573432
2016-06-03 00:00:00+00:00,61.5960334624
2016-06-06 00:00:00+00:00,62.2721469902
2016-06-07 00:00:00+00:00,63.2270702203
2016-06-08 00:00:00+00:00,63.2828321608
2016-06-09 00:00:00+00:00,63.1991892501
2016-06-10 00:00:00+00:00,62.7182425138
2016-06-13 00:00:00+00:00,63.1434273097
2016-06-14 00:00:00+00:00,63.0319034288
2016-06-15 00:00:00+00:00,62.8437068798
2016-06-16 00:00:00+00:00,63.5825525906
2016-06-17 00:00:00+00:00,63.2340404629
2016-06-20 00:00:00+00:00,63.5128501651
2016-06-21 00:00:00+00:00,63.7986301099
2016-06-22 00:00:00+00:00,63.5477013779
2016-06-23 00:00:00+00:00,63.9868266589
2016-06-24 00:00:00+00:00,62.306998203
2016-06-27 00:00:00+00:00,61.9375753476
2016-06-28 00:00:00+00:00,63.3664750714
2016-06-29 00:00:00+00:00,64.4468626675
2016-06-30 00:00:00+00:00,65.3390537146
2016-07-01 00:00:00+00:00,65.4087561402
2016-07-05 00:00:00+00:00,64.8371962506
2016-07-06 00:00:00+00:00,65.5830122041
2016-07-07 00:00:00+00:00,64.7953747953
2016-07-08 00:00:00+00:00,65.1996488635
2016-07-11 00:00:00+00:00,65.4436073529
2016-07-12 00:00:00+00:00,66.1824530638
2016-07-13 00:00:00+00:00,66.1336613659
2016-07-14 00:00:00+00:00,66.1824530638
2016-07-15 00:00:00+00:00,66.3009471873
2016-07-18 00:00:00+00:00,66.0918399106
2016-07-19 00:00:00+00:00,65.8478814212
2016-07-20 00:00:00+00:00,65.4714883232
2016-07-21 00:00:00+00:00,65.4157263827
2016-07-22 00:00:00+00:00,65.5272502636
2016-07-25 00:00:00+00:00,64.2656363611
2016-07-26 00:00:00+00:00,63.7986301099
2016-07-27 00:00:00+00:00,63.3664750714
2016-07-28 00:00:00+00:00,62.87158785
2016-07-29 00:00:00+00:00,62.0003075306
2016-08-01 00:00:00+00:00,59.8465025809
2016-08-02 00:00:00+00:00,60.6689912025
2016-08-03 00:00:00+00:00,60.9826521175
2016-08-04 00:00:00+00:00,60.9756818749
2016-08-05 00:00:00+00:00,61.0314438154
2016-08-08 00:00:00+00:00,61.7493787986
2016-08-09 00:00:00+00:00,61.8260514667
2016-08-10 00:00:00+00:00,60.7526341131
2016-08-11 00:00:00+00:00,60.9705870882
2016-08-12 00:00:00+00:00,61.765060836
2016-08-15 00:00:00+00:00,61.7369378715
2016-08-16 00:00:00+00:00,61.8142760239
2016-08-17 00:00:00+00:00,61.9478601054
2016-08-18 00:00:00+00:00,62.5103193959
2016-08-19 00:00:00+00:00,61.7299071304
2016-08-22 00:00:00+00:00,61.8634912118
2016-08-23 00:00:00+00:00,61.6736612013
2016-08-24 00:00:00+00:00,61.8845834352
2016-08-25 00:00:00+00:00,61.4908619319
2016-08-26 00:00:00+00:00,61.3572778504
2016-08-29 00:00:00+00:00,61.7580300949
2016-08-30 00:00:00+00:00,61.5330463787
2016-08-31 00:00:00+00:00,61.2658782157
2016-09-01 00:00:00+00:00,61.0549559818
2016-09-02 00:00:00+00:00,61.4627389674
2016-09-06 00:00:00+00:00,62.2712741974
2016-09-07 00:00:00+00:00,62.0392597401
2016-09-08 00:00:00+00:00,62.6087497717
2016-09-09 00:00:00+00:00,61.0549559818
2016-09-12 00:00:00+00:00,61.3713393327
2016-09-13 00:00:00+00:00,59.9089451774
2016-09-14 00:00:00+00:00,59.4800699684
2016-09-15 00:00:00+00:00,59.8175455427
2016-09-16 00:00:00+00:00,59.079317724
2016-09-19 00:00:00+00:00,58.9387029013
2016-09-20 00:00:00+00:00,58.0317372954
2016-09-21 00:00:00+00:00,58.5660736214
2016-09-22 00:00:00+00:00,58.7348114085
2016-09-23 00:00:00+00:00,58.6715347384
2016-09-26 00:00:00+00:00,58.3973358343
2016-09-27 00:00:00+00:00,58.5238891746
2016-09-28 00:00:00+00:00,61.0971404286
2016-09-29 00:00:00+00:00,60.7877878188
2016-09-30 00:00:00+00:00,61.3643085915
2016-10-03 00:00:00+00:00,61.2026015455
2016-10-04 00:00:00+00:00,60.640142255
2016-10-05 00:00:00+00:00,61.1674478399
2016-10-06 00:00:00+00:00,61.1955708044
2016-10-07 00:00:00+00:00,60.9846485705
2016-10-10 00:00:00+00:00,62.1798745627
2016-10-11 00:00:00+00:00,61.6877226836
2016-10-12 00:00:00+00:00,61.2588474746
2016-10-13 00:00:00+00:00,60.8580952301
2016-10-14 00:00:00+00:00,60.8440337478
2016-10-17 00:00:00+00:00,60.8440337478
2016-10-18 00:00:00+00:00,61.0057407939
2016-10-19 00:00:00+00:00,61.2869704391
2016-10-20 00:00:00+00:00,61.3150934036
2016-10-21 00:00:00+00:00,60.9002796769
2016-10-24 00:00:00+00:00,61.1041711697
2016-10-25 00:00:00+00:00,60.9705870882
2016-10-26 00:00:00+00:00,61.2307245101
2016-10-27 00:00:00+00:00,61.1112019108
2016-10-28 00:00:00+00:00,59.6066233088
2016-10-31 00:00:00+00:00,58.5801351037
2016-11-01 00:00:00+00:00,58.812149561
2016-11-02 00:00:00+00:00,58.6715347384
2016-11-03 00:00:00+00:00,58.8191803021
2016-11-04 00:00:00+00:00,58.7559036319
2016-11-07 00:00:00+00:00,60.0776829646
2016-11-08 00:00:00+00:00,60.5065581736
2016-11-09 00:00:00+00:00,61.1732580292
2016-11-10 00:00:00+00:00,61.7406621616
2016-11-11 00:00:00+00:00,60.7618900332
2016-11-14 00:00:00+00:00,60.4852805186
2016-11-15 00:00:00+00:00,61.5775334735
2016-11-16 00:00:00+00:00,60.8186304464
2016-11-17 00:00:00+00:00,60.4498177603
2016-11-18 00:00:00+00:00,60.4852805186
2016-11-21 00:00:00+00:00,61.3434792689
2016-11-22 00:00:00+00:00,61.4782377504
2016-11-23 00:00:00+00:00,61.6484589901
2016-11-25 00:00:00+00:00,61.7903100232
2016-11-28 00:00:00+00:00,61.3292941656
2016-11-29 00:00:00+00:00,60.9250187212
2016-11-30 00:00:00+00:00,61.917975953
2016-12-01 00:00:00+00:00,61.8754206431
2016-12-02 00:00:00+00:00,61.73356961
2016-12-05 00:00:00+00:00,62.0456418828
2016-12-06 00:00:00+00:00,62.1023822961
2016-12-07 00:00:00+00:00,62.4641024305
2016-12-08 00:00:00+00:00,62.6414162219
2016-12-09 00:00:00+00:00,63.1237097345
2016-12-12 00:00:00+00:00,64.5280349623
2016-12-13 00:00:00+00:00,65.6628432271
2016-12-14 00:00:00+00:00,64.244332896
2016-12-15 00:00:00+00:00,64.4642019974
2016-12-16 00:00:00+00:00,64.6698859954
2016-12-19 00:00:00+00:00,64.1308520695
2016-12-20 00:00:00+00:00,64.1379446212
2016-12-21 00:00:00+00:00,64.0315563464
2016-12-22 00:00:00+00:00,64.450016894
2016-12-23 00:00:00+00:00,64.3365360676
2016-12-27 00:00:00+00:00,64.3649062742
2016-12-28 00:00:00+00:00,64.0457414497
2016-12-29 00:00:00+00:00,64.081204208
2016-12-30 00:00:00+00:00,64.0173712431
2017-01-03 00:00:00+00:00,64.4642019974
2017-01-04 00:00:00+00:00,63.7549468318
2017-01-05 00:00:00+00:00,62.80454491
2017-01-06 00:00:00+00:00,62.7690821517
2017-01-09 00:00:00+00:00,61.73356961
2017-01-10 00:00:00+00:00,60.9462963762
2017-01-11 00:00:00+00:00,61.5704409219
2017-01-12 00:00:00+00:00,61.2370909941
2017-01-13 00:00:00+00:00,61.2441835457
2017-01-17 00:00:00+00:00,61.9605312629
2017-01-18 00:00:00+00:00,61.1945356841
2017-01-19 00:00:00+00:00,60.0951901775
2017-01-20 00:00:00+00:00,60.9179261696
2017-01-23 00:00:00+00:00,60.2654114173
2017-01-24 00:00:00+00:00,60.3505220371
2017-01-25 00:00:00+00:00,60.5278358285
2017-01-26 00:00:00+00:00,60.7122421716
2017-01-27 00:00:00+00:00,60.6484092067
2017-01-30 00:00:00+00:00,60.1873933491
2017-01-31 00:00:00+00:00,59.4994158385
2017-02-01 00:00:00+00:00,58.8256234312
2017-02-02 00:00:00+00:00,59.1873435656
2017-02-03 00:00:00+00:00,59.2511765305
2017-02-06 00:00:00+00:00,59.0880478424
2017-02-07 00:00:00+00:00,58.705050053
2017-02-08 00:00:00+00:00,58.3220522636
2017-02-09 00:00:00+00:00,58.5797343797
2017-02-10 00:00:00+00:00,59.0664672655
2017-02-13 00:00:00+00:00,59.4100434203
2017-02-14 00:00:00+00:00,59.2812023622
2017-02-15 00:00:00+00:00,59.5245688052
2017-02-16 00:00:00+00:00,58.9089948613
2017-02-17 00:00:00+00:00,58.5224716872
2017-02-21 00:00:00+00:00,58.6155235625
2017-02-22 00:00:00+00:00,57.928371253
2017-02-23 00:00:00+00:00,58.5367873603
2017-02-24 00:00:00+00:00,58.0357388014
2017-02-27 00:00:00+00:00,58.364999283
2017-02-28 00:00:00+00:00,58.2075268787
2017-03-01 00:00:00+00:00,59.4243590934
2017-03-02 00:00:00+00:00,59.624778517
2017-03-03 00:00:00+00:00,59.0235202462
2017-03-06 00:00:00+00:00,59.2883601988
2017-03-07 00:00:00+00:00,59.0664672655
2017-03-08 00:00:00+00:00,57.9999496186
2017-03-09 00:00:00+00:00,58.4580511582
2017-03-10 00:00:00+00:00,58.4151041389
2017-03-13 00:00:00+00:00,58.2791052443
2017-03-14 00:00:00+00:00,57.9713182724
2017-03-15 00:00:00+00:00,58.6942597646
2017-03-16 00:00:00+00:00,58.7443646205
2017-03-17 00:00:00+00:00,58.6942597646
2017-03-20 00:00:00+00:00,58.6942597646
2017-03-21 00:00:00+00:00,58.5725765431
2017-03-22 00:00:00+00:00,58.5224716872
2017-03-23 00:00:00+00:00,58.5940500528
2017-03-24 00:00:00+00:00,58.1431063497
2017-03-27 00:00:00+00:00,58.1574220228
2017-03-28 00:00:00+00:00,58.5797343797
2017-03-29 00:00:00+00:00,58.7085754377
2017-03-30 00:00:00+00:00,59.9110919792
2017-03-31 00:00:00+00:00,58.7014176011
2017-04-03 00:00:00+00:00,58.7443646205
2017-04-04 00:00:00+00:00,58.9590997172
2017-04-05 00:00:00+00:00,59.0736251021
2017-04-06 00:00:00+00:00,59.4172012568
2017-04-07 00:00:00+00:00,59.2382553429
2017-04-10 00:00:00+00:00,59.5030952955
2017-04-11 00:00:00+00:00,59.2955180354
2017-04-12 00:00:00+00:00,59.3885699106
2017-04-13 00:00:00+00:00,58.4723668313
2017-04-17 00:00:00+00:00,58.3936306292
2017-04-18 00:00:00+00:00,58.0142652917
2017-04-19 00:00:00+00:00,57.6134264445
2017-04-20 00:00:00+00:00,57.9856339455
2017-04-21 00:00:00+00:00,57.7565831757
2017-04-24 00:00:00+00:00,58.057212311
2017-04-25 00:00:00+00:00,58.5009981776
2017-04-26 00:00:00+00:00,58.2647895712
2017-04-27 00:00:00+00:00,58.1645798594
2017-04-28 00:00:00+00:00,58.4437354851
2017-05-01 00:00:00+00:00,58.7372067839
2017-05-02 00:00:00+00:00,58.7300489474
2017-05-03 00:00:00+00:00,59.1953083236
2017-05-04 00:00:00+00:00,58.4365776486
2017-05-05 00:00:00+00:00,58.7085754377
2017-05-08 00:00:00+00:00,59.3313072181
2017-05-09 00:00:00+00:00,58.9161526978
2017-05-10 00:00:00+00:00,59.1809926504
2017-05-11 00:00:00+00:00,59.6867513473
2017-05-12 00:00:00+00:00,59.6434006018
2017-05-15 00:00:00+00:00,59.8240287078
2017-05-16 00:00:00+00:00,59.6434006018
2017-05-17 00:00:00+00:00,59.2387936444
2017-05-18 00:00:00+00:00,59.0653906626
2017-05-19 00:00:00+00:00,59.1954428989
2017-05-22 00:00:00+00:00,59.4555473716
2017-05-23 00:00:00+00:00,59.6650759745
2017-05-24 00:00:00+00:00,59.4555473716
2017-05-25 00:00:00+00:00,59.0653906626
2017-05-26 00:00:00+00:00,58.9208881778
2017-05-30 00:00:00+00:00,58.595757587
2017-05-31 00:00:00+00:00,58.1622501326
2017-06-01 00:00:00+00:00,58.3067526174
2017-06-02 00:00:00+00:00,57.4397377086
2017-06-05 00:00:00+00:00,57.8876954115
2017-06-06 00:00:00+00:00,58.6752339536
2017-06-07 00:00:00+00:00,58.4584802264
2017-06-08 00:00:00+00:00,58.2489516235
2017-06-09 00:00:00+00:00,59.3399453837
2017-06-12 00:00:00+00:00,59.9179553229
2017-06-13 00:00:00+00:00,59.9396306957
2017-06-14 00:00:00+00:00,59.2965946383
2017-06-15 00:00:00+00:00,59.4338719988
2017-06-16 00:00:00+00:00,60.3225622804
2017-06-19 00:00:00+00:00,59.7951282109
2017-06-20 00:00:00+00:00,59.46999762
2017-06-21 00:00:00+00:00,58.8414118112
2017-06-22 00:00:00+00:00,58.5813073385
2017-06-23 00:00:00+00:00,58.9642389232
2017-06-26 00:00:00+00:00,58.6969093264
2017-06-27 00:00:00+00:00,58.6029827112
2017-06-28 00:00:00+00:00,58.9064379293
2017-06-29 00:00:00+00:00,58.3067526174
2017-06-30 00:00:00+00:00,58.3284279901
2017-07-03 00:00:00+00:00,59.318270011
2017-07-05 00:00:00+00:00,58.415129481
2017-07-06 00:00:00+00:00,57.8876954115
2017-07-07 00:00:00+00:00,57.9599466539
2017-07-10 00:00:00+00:00,57.9165959084
2017-07-11 00:00:00+00:00,58.234501375
2017-07-12 00:00:00+00:00,58.4946058476
2017-07-13 00:00:00+00:00,58.5018309719
2017-07-14 00:00:00+00:00,58.7258098233
2017-07-17 00:00:00+00:00,58.4223546052
2017-07-18 00:00:00+00:00,58.234501375
2017-07-19 00:00:00+00:00,58.415129481
2017-07-20 00:00:00+00:00,58.4223546052
2017-07-21 00:00:00+00:00,57.8876954115
2017-07-24 00:00:00+00:00,57.7070673055
2017-07-25 00:00:00+00:00,57.9960722751
2017-07-26 00:00:00+00:00,58.0683235175
2017-07-27 00:00:00+00:00,58.4006792325
2017-07-28 00:00:00+00:00,57.511988951
2017-07-31 00:00:00+00:00,57.8298944176
2017-08-01 00:00:00+00:00,57.9238210327
2017-08-02 00:00:00+00:00,58.234501375
2017-08-03 00:00:00+00:00,58.1550250084
2017-08-04 00:00:00+00:00,57.9527215296
2017-08-07 00:00:00+00:00,57.9165959084
2017-08-08 00:00:00+00:00,57.7720934236
2017-08-09 00:00:00+00:00,57.9527215296
2017-08-10 00:00:00+00:00,57.6131406903
2017-08-11 00:00:00+00:00,57.0586771355
2017-08-14 00:00:00+00:00,57.0732682817
2017-08-15 00:00:00+00:00,56.934652393
2017-08-16 00:00:00+00:00,56.5188047269
2017-08-17 00:00:00+00:00,55.636040383
2017-08-18 00:00:00+00:00,55.9132721604
2017-08-21 00:00:00+00:00,55.7235872601
2017-08-22 00:00:00+00:00,55.9862278913
2017-08-23 00:00:00+00:00,55.8913854412
2017-08-24 00:00:00+00:00,55.6871093946
2017-08-25 00:00:00+00:00,55.9716367451
2017-08-28 00:00:00+00:00,55.7892474179
2017-08-29 00:00:00+00:00,55.7746562717
2017-08-30 00:00:00+00:00,55.5193112136
2017-08-31 00:00:00+00:00,55.6871093946
2017-09-01 00:00:00+00:00,55.8622031488
2017-09-05 00:00:00+00:00,56.3072331073
2017-09-06 00:00:00+00:00,57.4745248016
2017-09-07 00:00:00+00:00,57.6569141289
2017-09-08 00:00:00+00:00,57.503707094
2017-09-11 00:00:00+00:00,57.8174167369
2017-09-12 00:00:00+00:00,57.9998060641
2017-09-13 00:00:00+00:00,58.1967865375
2017-09-14 00:00:00+00:00,58.4302448764
2017-09-15 00:00:00+00:00,58.4156537302
2017-09-18 00:00:00+00:00,58.4302448764
2017-09-19 00:00:00+00:00,58.5250873266
2017-09-20 00:00:00+00:00,58.7658412385
2017-09-21 00:00:00+00:00,58.2843334146
2017-09-22 00:00:00+00:00,58.3062201339
2017-09-25 00:00:00+00:00,59.0795508814
2017-09-26 00:00:00+00:00,59.0138907236
2017-09-27 00:00:00+00:00,59.4078516704
2017-09-28 00:00:00+00:00,59.9623152253
2017-09-29 00:00:00+00:00,59.8091081904
2017-10-02 00:00:00+00:00,59.5537631322
2017-10-03 00:00:00+00:00,59.6486055824
2017-10-04 00:00:00+00:00,59.6704923017
2017-10-05 00:00:00+00:00,59.8382904827
2017-10-06 00:00:00+00:00,59.612127717
2017-10-09 00:00:00+00:00,59.8455860558
2017-10-10 00:00:00+00:00,60.0133842369
2017-10-11 00:00:00+00:00,60.261433722
2017-10-12 00:00:00+00:00,60.1374089794
2017-10-13 00:00:00+00:00,60.1228178332
2017-10-16 00:00:00+00:00,60.4146407568
2017-10-17 00:00:00+00:00,60.5240743532
2017-10-18 00:00:00+00:00,60.3781628914
2017-10-19 00:00:00+00:00,60.3635717452
2017-10-20 00:00:00+00:00,60.6335079495
2017-10-23 00:00:00+00:00,60.7283503997
2017-10-24 00:00:00+00:00,60.8961485808
2017-10-25 00:00:00+00:00,60.6955203208
2017-10-26 00:00:00+00:00,60.8961485808
2017-10-27 00:00:00+00:00,61.0712423349
2017-10-30 00:00:00+00:00,60.9472175924
2017-10-31 00:00:00+00:00,60.8086017037
2017-11-01 00:00:00+00:00,61.1879715044
2017-11-02 00:00:00+00:00,60.9399220193
2017-11-03 00:00:00+00:00,60.6845769612
2017-11-06 00:00:00+00:00,61.1004246273
2017-11-07 00:00:00+00:00,60.9763998848
2017-11-08 00:00:00+00:00,60.8961485808
2017-11-09 00:00:00+00:00,61.2609272353
2017-11-10 00:00:00+00:00,61.0712423349
2017-11-13 00:00:00+00:00,61.0344258156
2017-11-14 00:00:00+00:00,60.5558110637
2017-11-15 00:00:00+00:00,59.7973907646
2017-11-16 00:00:00+00:00,59.3187760128
2017-11-17 00:00:00+00:00,59.0831502888
2017-11-20 00:00:00+00:00,59.3114127089
2017-11-21 00:00:00+00:00,59.5470384329
2017-11-22 00:00:00+00:00,59.716394422
2017-11-24 00:00:00+00:00,59.952020146
2017-11-27 00:00:00+00:00,59.7237577259
2017-11-28 00:00:00+00:00,60.1361027429
2017-11-29 00:00:00+00:00,60.5779009753
2017-11-30 00:00:00+00:00,61.3289579705
2017-12-01 00:00:00+00:00,61.4541341364
2017-12-04 00:00:00+00:00,61.535130479
2017-12-05 00:00:00+00:00,61.0344258156
2017-12-06 00:00:00+00:00,60.5852642792
2017-12-07 00:00:00+00:00,60.7840734838
2017-12-08 00:00:00+00:00,60.8650698264
2017-12-11 00:00:00+00:00,61.1375120698
2017-12-12 00:00:00+00:00,60.9387028652
2017-12-13 00:00:00+00:00,61.2037818047
2017-12-14 00:00:00+00:00,61.0417891194
2017-12-15 00:00:00+00:00,61.1375120698
2017-12-18 00:00:00+00:00,61.0712423349
2017-12-19 00:00:00+00:00,60.7030771412
2017-12-20 00:00:00+00:00,61.0196992078
2017-12-21 00:00:00+00:00,61.7413029875
2017-12-22 00:00:00+00:00,61.829662634
2017-12-26 00:00:00+00:00,61.8370259379
2017-12-27 00:00:00+00:00,61.7781195069
2017-12-28 00:00:00+00:00,61.8664791534
2017-12-29 00:00:00+00:00,61.5866736061
2018-01-02 00:00:00+00:00,62.6101728447
2018-01-03 00:00:00+00:00,63.8398445917
2018-01-04 00:00:00+00:00,63.9282042382
2018-01-05 00:00:00+00:00,63.8766611111
2018-01-08 00:00:00+00:00,64.1638299622
2018-01-09 00:00:00+00:00,63.8913877189
2018-01-10 00:00:00+00:00,63.3833197515
2018-01-11 00:00:00+00:00,64.0092005808
2018-01-12 00:00:00+00:00,64.4436355094
2018-01-16 00:00:00+00:00,64.0386537963
2018-01-17 00:00:00+00:00,64.7970740954
2018-01-18 00:00:00+00:00,64.3773657746
2018-01-19 00:00:00+00:00,64.1711932661
2018-01-22 00:00:00+00:00,64.9811566923
2018-01-23 00:00:00+00:00,65.0179732116
2018-01-24 00:00:00+00:00,65.1873292008
2018-01-25 00:00:00+00:00,65.0695163388
2018-01-26 00:00:00+00:00,65.5334044829
2018-01-29 00:00:00+00:00,64.8044373993
2018-01-30 00:00:00+00:00,63.8987510227
2018-01-31 00:00:00+00:00,64.2816428242
2018-02-01 00:00:00+00:00,65.58494761
2018-02-02 00:00:00+00:00,62.242007651
2018-02-05 00:00:00+00:00,58.7002584873
2018-02-06 00:00:00+00:00,57.6914858565
2018-02-07 00:00:00+00:00,56.6532600102
2018-02-08 00:00:00+00:00,56.0126525732
2018-02-09 00:00:00+00:00,56.3660911591
2018-02-12 00:00:00+00:00,56.8421309895
2018-02-13 00:00:00+00:00,56.7528735213
2018-02-14 00:00:00+00:00,56.8718834789
2018-02-15 00:00:00+00:00,56.6859304201
2018-02-16 00:00:00+00:00,56.9313884576
2018-02-20 00:00:00+00:00,56.3437767921
2018-02-21 00:00:00+00:00,55.7040982701
2018-02-22 00:00:00+00:00,56.4255961379
2018-02-23 00:00:00+00:00,57.6677625702
2018-02-26 00:00:00+00:00,58.6421565979
2018-02-27 00:00:00+00:00,57.6454482031
2018-02-28 00:00:00+00:00,56.3363386697
2018-03-01 00:00:00+00:00,55.9346800629
2018-03-02 00:00:00+00:00,56.1950143451
2018-03-05 00:00:00+00:00,56.7305591542
2018-03-06 00:00:00+00:00,56.6636160531
2018-03-07 00:00:00+00:00,55.2354965621
2018-03-08 00:00:00+00:00,55.1313628492
2018-03-09 00:00:00+00:00,55.4586402326
2018-03-12 00:00:00+00:00,55.9644325523
2018-03-13 00:00:00+00:00,55.4363258655
2018-03-14 00:00:00+00:00,54.7445804871
2018-03-15 00:00:00+00:00,55.3545065197
2018-03-16 00:00:00+00:00,55.8751750841
2018-03-19 00:00:00+00:00,55.1536772163
2018-03-20 00:00:00+00:00,55.0346672587
2018-03-21 00:00:00+00:00,55.8156701053
2018-03-22 00:00:00+00:00,54.6701992636
2018-03-23 00:00:00+00:00,54.2164738003
2018-03-26 00:00:00+00:00,55.042105381
2018-03-27 00:00:00+00:00,54.8189617106
2018-03-28 00:00:00+00:00,54.1569688215
2018-03-29 00:00:00+00:00,55.4958308443
2018-04-02 00:00:00+00:00,54.4619318378
2018-04-03 00:00:00+00:00,55.8007938606
2018-04-04 00:00:00+00:00,55.6892220254
2018-04-05 00:00:00+00:00,56.5446060955
2018-04-06 00:00:00+00:00,55.6892220254
2018-04-09 00:00:00+00:00,55.6892220254
2018-04-10 00:00:00+00:00,57.3256089421
2018-04-11 00:00:00+00:00,57.5933813467
2018-04-12 00:00:00+00:00,57.4371807774
2018-04-13 00:00:00+00:00,57.898344363
2018-04-16 00:00:00+00:00,58.4190129274
2018-04-17 00:00:00+00:00,58.2628123581
2018-04-18 00:00:00+00:00,58.9248052471
2018-04-19 00:00:00+00:00,59.0735676941
2018-04-20 00:00:00+00:00,58.7611665554
2018-04-23 00:00:00+00:00,59.1851395293
2018-04-24 00:00:00+00:00,58.2776886028
2018-04-25 00:00:00+00:00,59.1330726729
2018-04-26 00:00:00+00:00,60.1446573123
2018-04-27 00:00:00+00:00,57.8611537512
2018-04-30 00:00:00+00:00,57.8314012618
2018-05-01 00:00:00+00:00,57.2363514739
2018-05-02 00:00:00+00:00,57.1247796387
2018-05-03 00:00:00+00:00,56.9313884576
2018-05-04 00:00:00+00:00,57.1991608622
2018-05-07 00:00:00+00:00,57.8239631395
2018-05-08 00:00:00+00:00,58.0842974217
2018-05-09 00:00:00+00:00,59.4529119339
2018-05-10 00:00:00+00:00,60.7843358343
2018-05-11 00:00:00+00:00,61.0669844836
2018-05-14 00:00:00+00:00,61.4802084189
2018-05-15 00:00:00+00:00,61.4501557691
2018-05-16 00:00:00+00:00,61.6229585057
2018-05-17 00:00:00+00:00,61.5177742312
2018-05-18 00:00:00+00:00,61.0820108085
2018-05-21 00:00:00+00:00,61.8183007297
2018-05-22 00:00:00+00:00,61.3374583322
2018-05-23 00:00:00+00:00,61.7206296177
2018-05-24 00:00:00+00:00,60.308155075
2018-05-25 00:00:00+00:00,59.1361017311
2018-05-29 00:00:00+00:00,58.9182200197
2018-05-30 00:00:00+00:00,61.2322740577
2018-05-31 00:00:00+00:00,61.0369318337
2018-06-01 00:00:00+00:00,61.4802084189
2018-06-04 00:00:00+00:00,60.8340764473
2018-06-05 00:00:00+00:00,60.6161947359
2018-06-06 00:00:00+00:00,61.6530111555
2018-06-07 00:00:00+00:00,62.2690904773
2018-06-08 00:00:00+00:00,62.8100381745
2018-06-11 00:00:00+00:00,62.4343800515
2018-06-12 00:00:00+00:00,61.9234850041
2018-06-13 00:00:00+00:00,61.2397872202
2018-06-14 00:00:00+00:00,61.5252873937
2018-06-15 00:00:00+00:00,60.601168411
2018-06-18 00:00:00+00:00,60.7213790104
2018-06-19 00:00:00+00:00,60.6312210608
2018-06-20 00:00:00+00:00,60.4433919993
2018-06-21 00:00:00+00:00,59.8723916523
2018-06-22 00:00:00+00:00,61.1421161082
2018-06-25 00:00:00+00:00,59.9099574646
2018-06-26 00:00:00+00:00,60.5861420861
2018-06-27 00:00:00+00:00,61.3900504694
2018-06-28 00:00:00+00:00,61.5853926934
2018-06-29 00:00:00+00:00,62.1563930404
2018-07-02 00:00:00+00:00,61.4276162817
2018-07-03 00:00:00+00:00,61.7882480798
2018-07-05 00:00:00+00:00,61.8408402171
2018-07-06 00:00:00+00:00,61.855866542
2018-07-09 00:00:00+00:00,62.2841168023
2018-07-10 00:00:00+00:00,62.8551171493
2018-07-11 00:00:00+00:00,62.051208766
2018-07-12 00:00:00+00:00,62.1263403906
2018-07-13 00:00:00+00:00,62.5921564632
2018-07-16 00:00:00+00:00,61.9760771414
2018-07-17 00:00:00+00:00,61.8408402171
2018-07-18 00:00:00+00:00,61.7732217549
2018-07-19 00:00:00+00:00,61.6154453432
2018-07-20 00:00:00+00:00,61.1571424331
2018-07-23 00:00:00+00:00,61.1571424331
2018-07-24 00:00:00+00:00,62.3667615893
2018-07-25 00:00:00+00:00,62.8025250121
2018-07-26 00:00:00+00:00,63.290880572
2018-07-27 00:00:00+00:00,61.5478268811
2018-07-30 00:00:00+00:00,61.4125899568
2018-07-31 00:00:00+00:00,61.2397872202
2018-08-01 00:00:00+00:00,60.3983130245
2018-08-02 00:00:00+00:00,60.0376812264
2018-08-03 00:00:00+00:00,60.2555629378
2018-08-06 00:00:00+00:00,60.2405366129
2018-08-07 00:00:00+00:00,61.0594713211
2018-08-08 00:00:00+00:00,60.6537605482
2018-08-09 00:00:00+00:00,60.3457208873
2018-08-10 00:00:00+00:00,60.2856155876
2018-08-13 00:00:00+00:00,59.6328123969
2018-08-14 00:00:00+00:00,59.4430440275
2018-08-15 00:00:00+00:00,58.4031133633
2018-08-16 00:00:00+00:00,59.2077312495
2018-08-17 00:00:00+00:00,59.4050903537
2018-08-20 00:00:00+00:00,59.8225807663
2018-08-21 00:00:00+00:00,59.8377622359
2018-08-22 00:00:00+00:00,60.6955152655
2018-08-23 00:00:00+00:00,60.0275306052
2018-08-24 00:00:00+00:00,60.4374302831
2018-08-27 00:00:00+00:00,61.0295075956
2018-08-28 00:00:00+00:00,60.9384187783
2018-08-29 00:00:00+00:00,61.3786813953
2018-08-30 00:00:00+00:00,61.1130056782
2018-08-31 00:00:00+00:00,60.8549206958
2018-09-04 00:00:00+00:00,60.9460095131
2018-09-05 00:00:00+00:00,61.7582181341
2018-09-06 00:00:00+00:00,61.0750520043
2018-09-07 00:00:00+00:00,62.1149826685
2018-09-10 00:00:00+00:00,62.0238938512
2018-09-11 00:00:00+00:00,62.8968283504
2018-09-12 00:00:00+00:00,63.1017781894
2018-09-13 00:00:00+00:00,62.4869286725
2018-09-14 00:00:00+00:00,62.9423727591
2018-09-17 00:00:00+00:00,63.3143187631
2018-09-18 00:00:00+00:00,63.4813149281
2018-09-19 00:00:00+00:00,64.2403884057
2018-09-20 00:00:00+00:00,64.3846123664
2018-09-21 00:00:00+00:00,64.6502880836
2018-09-24 00:00:00+00:00,65.7357631565
2018-09-25 00:00:00+00:00,65.6598558087
2018-09-26 00:00:00+00:00,65.1133229049
2018-09-27 00:00:00+00:00,65.1057321701
2018-09-28 00:00:00+00:00,64.5364270619
2018-10-01 00:00:00+00:00,65.1360951092
2018-10-02 00:00:00+00:00,65.6294928696
2018-10-03 00:00:00+00:00,65.3941800916
2018-10-04 00:00:00+00:00,64.9615082094
2018-10-05 00:00:00+00:00,64.7793305748
2018-10-08 00:00:00+00:00,65.378998622
2018-10-09 00:00:00+00:00,65.6674465435
2018-10-10 00:00:00+00:00,64.1568903232
2018-10-11 00:00:00+00:00,61.9403957687
2018-10-12 00:00:00+00:00,61.7733996036
2018-10-15 00:00:00+00:00,61.3483184562
2018-10-16 00:00:00+00:00,61.6367663777
2018-10-17 00:00:00+00:00,61.8644884209
2018-10-18 00:00:00+00:00,62.1301641381
2018-10-19 00:00:00+00:00,62.2212529554
2018-10-22 00:00:00+00:00,61.5988127038
2018-10-23 00:00:00+00:00,60.6044264482
2018-10-24 00:00:00+00:00,58.919283328
2018-10-25 00:00:00+00:00,59.4430440275
2018-10-26 00:00:00+00:00,58.850966715
2018-10-29 00:00:00+00:00,58.4866114458
2018-10-30 00:00:00+00:00,59.799808562
2018-10-31 00:00:00+00:00,60.4829746918
2018-11-01 00:00:00+00:00,61.2344574346
2018-11-02 00:00:00+00:00,62.2060714858
2018-11-05 00:00:00+00:00,61.9707587078
2018-11-06 00:00:00+00:00,62.2364344249
2018-11-07 00:00:00+00:00,63.0258708416
2018-11-08 00:00:00+00:00,62.0238938512
2018-11-09 00:00:00+00:00,62.0087123817
2018-11-12 00:00:00+00:00,61.2112712926
2018-11-13 00:00:00+00:00,59.8080816838
2018-11-14 00:00:00+00:00,59.3403518142
2018-11-15 00:00:00+00:00,59.9537680366
2018-11-16 00:00:00+00:00,60.5441811507
2018-11-19 00:00:00+00:00,60.743541423
2018-11-20 00:00:00+00:00,59.0183082975
2018-11-21 00:00:00+00:00,59.4707027615
2018-11-23 00:00:00+00:00,57.883488286
2018-11-26 00:00:00+00:00,59.0259760003
2018-11-27 00:00:00+00:00,59.0796499197
2018-11-28 00:00:00+00:00,60.1531283089
2018-11-29 00:00:00+00:00,60.6208581785
2018-11-30 00:00:00+00:00,60.9582371008
2018-12-03 00:00:00+00:00,62.277081979
2018-12-04 00:00:00+00:00,60.9045631814
2018-12-06 00:00:00+00:00,60.1071220922
2018-12-07 00:00:00+00:00,59.5320443837
2018-12-10 00:00:00+00:00,58.6885970779
2018-12-11 00:00:00+00:00,58.7959449169
2018-12-12 00:00:00+00:00,58.2898765334
2018-12-13 00:00:00+00:00,59.0259760003
2018-12-14 00:00:00+00:00,57.9524976111
2018-12-17 00:00:00+00:00,56.7716713829
2018-12-18 00:00:00+00:00,55.2074600158
2018-12-19 00:00:00+00:00,54.2720002767
2018-12-20 00:00:00+00:00,52.623444179
2018-12-21 00:00:00+00:00,52.2323913372
2018-12-24 00:00:00+00:00,50.2311209116
2018-12-26 00:00:00+00:00,52.6311118818
2018-12-27 00:00:00+00:00,52.8611429652
2018-12-28 00:00:00+00:00,52.2707298511
2018-12-31 00:00:00+00:00,52.2860652567
2019-01-02 00:00:00+00:00,53.4362206737
2019-01-03 00:00:00+00:00,52.6157764762
2019-01-04 00:00:00+00:00,54.5557052795
2019-01-07 00:00:00+00:00,54.8394102824
2019-01-08 00:00:00+00:00,55.238130827
2019-01-09 00:00:00+00:00,55.5295035326
2019-01-10 00:00:00+00:00,55.2457985297
2019-01-11 00:00:00+00:00,54.992764338
2019-01-14 00:00:00+00:00,54.923755013
2019-01-15 00:00:00+00:00,54.9544258241
2019-01-16 00:00:00+00:00,54.9314227158
2019-01-17 00:00:00+00:00,55.307140152
2019-01-18 00:00:00+00:00,55.9665625911
2019-01-22 00:00:00+00:00,55.1231152853
2019-01-23 00:00:00+00:00,54.6707208212
2019-01-24 00:00:00+00:00,54.747397849
2019-01-25 00:00:00+00:00,54.992764338
2019-01-28 00:00:00+00:00,54.6247146046
2019-01-29 00:00:00+00:00,54.8317425796
2019-01-30 00:00:00+00:00,55.4298233965
2019-01-31 00:00:00+00:00,56.1889259717
2019-02-01 00:00:00+00:00,58.2131995056
2019-02-04 00:00:00+00:00,57.3697521998
2019-02-05 00:00:00+00:00,57.9601653138
2019-02-06 00:00:00+00:00,57.7071311221
2019-02-07 00:00:00+00:00,57.2624043609
2019-02-08 00:00:00+00:00,57.3544167942
2019-02-11 00:00:00+00:00,57.4474491005
2019-02-12 00:00:00+00:00,58.4552990847
2019-02-13 00:00:00+00:00,59.1142779205
2019-02-14 00:00:00+00:00,59.1297833049
2019-02-15 00:00:00+00:00,60.2461709797
2019-02-19 00:00:00+00:00,60.6493109734
2019-02-20 00:00:00+00:00,60.881891739
2019-02-21 00:00:00+00:00,60.3314505938
2019-02-22 00:00:00+00:00,60.7966121249
2019-02-25 00:00:00+00:00,60.8586336624
2019-02-26 00:00:00+00:00,60.9826767374
2019-02-27 00:00:00+00:00,61.6106448045
2019-02-28 00:00:00+00:00,61.2695263483
2019-03-01 00:00:00+00:00,62.0215374904
2019-03-04 00:00:00+00:00,62.2618709482
2019-03-05 00:00:00+00:00,62.1688386419
2019-03-06 00:00:00+00:00,61.463343653
2019-03-07 00:00:00+00:00,62.1455805654
2019-03-08 00:00:00+00:00,61.2540209639
2019-03-11 00:00:00+00:00,61.8509782623
2019-03-12 00:00:00+00:00,62.0215374904
2019-03-13 00:00:00+00:00,62.5719786356
2019-03-14 00:00:00+00:00,62.3626559466
2019-03-15 00:00:00+00:00,62.1378278732
2019-03-18 00:00:00+00:00,62.8588282465
2019-03-19 00:00:00+00:00,62.6960217106
2019-03-20 00:00:00+00:00,63.044892859
2019-03-21 00:00:00+00:00,63.4092693917
2019-03-22 00:00:00+00:00,62.3936667153
2019-03-25 00:00:00+00:00,61.9595159529
2019-03-26 00:00:00+00:00,62.7657959403
2019-03-27 00:00:00+00:00,62.2851290247
2019-03-28 00:00:00+00:00,62.5952367122
2019-03-29 00:00:00+00:00,62.6417528653
2019-04-01 00:00:00+00:00,63.3627532386
2019-04-02 00:00:00+00:00,63.0914090121
2019-04-03 00:00:00+00:00,62.7192797871
2019-04-04 00:00:00+00:00,63.6108393886
2019-04-05 00:00:00+00:00,63.9519578448
2019-04-08 00:00:00+00:00,64.3473451463
2019-04-09 00:00:00+00:00,63.5178070823
2019-04-10 00:00:00+00:00,63.2309574714
2019-04-11 00:00:00+00:00,63.5333124667
2019-04-12 00:00:00+00:00,62.7347851715
2019-04-15 00:00:00+00:00,62.5254624825
2019-04-16 00:00:00+00:00,62.9518605527
2019-04-17 00:00:00+00:00,63.130172473
2019-04-18 00:00:00+00:00,62.8975917074
2019-04-22 00:00:00+00:00,64.2698182244
2019-04-23 00:00:00+00:00,64.6419474493
2019-04-24 00:00:00+00:00,63.3860113152
2019-04-25 00:00:00+00:00,63.7426351557
2019-04-26 00:00:00+00:00,62.4014194075
2019-04-29 00:00:00+00:00,61.9982794138
2019-04-30 00:00:00+00:00,62.2386128716
2019-05-01 00:00:00+00:00,60.9904294296
2019-05-02 00:00:00+00:00,59.9205579079
2019-05-03 00:00:00+00:00,60.0601063672
2019-05-06 00:00:00+00:00,59.7965148329
2019-05-07 00:00:00+00:00,59.4786544533
2019-05-08 00:00:00+00:00,59.5716867595
2019-05-09 00:00:00+00:00,59.5174179142
2019-05-10 00:00:00+00:00,60.0290955985
2019-05-13 00:00:00+00:00,59.3626283668
2019-05-14 00:00:00+00:00,59.4410362764
2019-05-15 00:00:00+00:00,59.8801205702
2019-05-16 00:00:00+00:00,59.8722797793
2019-05-17 00:00:00+00:00,59.519444186
2019-05-20 00:00:00+00:00,59.5116033951
2019-05-21 00:00:00+00:00,59.7860310787
2019-05-22 00:00:00+00:00,59.2450165024
2019-05-23 00:00:00+00:00,57.8571965023
2019-05-24 00:00:00+00:00,58.1002610221
2019-05-28 00:00:00+00:00,56.9319831688
2019-05-29 00:00:00+00:00,56.5791475756
2019-05-30 00:00:00+00:00,56.4301725473
2019-05-31 00:00:00+00:00,55.489277632
2019-06-03 00:00:00+00:00,56.3596054287
2019-06-04 00:00:00+00:00,57.700380683
2019-06-05 00:00:00+00:00,57.2220924344
2019-06-06 00:00:00+00:00,58.2649176322
2019-06-07 00:00:00+00:00,58.4766189882
2019-06-10 00:00:00+00:00,58.7353650899
2019-06-11 00:00:00+00:00,58.6804795532
2019-06-12 00:00:00+00:00,58.0453754853
2019-06-13 00:00:00+00:00,58.5550268978
2019-06-14 00:00:00+00:00,58.2962807961
2019-06-17 00:00:00+00:00,58.8764993272
2019-06-18 00:00:00+00:00,59.3861507397
2019-06-19 00:00:00+00:00,59.0568375193
2019-06-20 00:00:00+00:00,60.0682995533
2019-06-21 00:00:00+00:00,60.9151049771
2019-06-24 00:00:00+00:00,60.334886446
2019-06-25 00:00:00+00:00,59.8017126606
2019-06-26 00:00:00+00:00,60.0604587623
2019-06-27 00:00:00+00:00,59.4488770674
2019-06-28 00:00:00+00:00,60.0839811352
2019-07-01 00:00:00+00:00,60.0290955985
2019-07-02 00:00:00+00:00,59.3704691578
2019-07-03 00:00:00+00:00,59.935006107
2019-07-05 00:00:00+00:00,59.6919415872
2019-07-08 00:00:00+00:00,59.9663692708
2019-07-09 00:00:00+00:00,59.927165316
2019-07-10 00:00:00+00:00,60.7739707398
2019-07-11 00:00:00+00:00,60.8210154856
2019-07-12 00:00:00+00:00,60.8680602313
2019-07-15 00:00:00+00:00,60.4368167285
2019-07-16 00:00:00+00:00,59.5351257679
2019-07-17 00:00:00+00:00,59.1822901747
2019-07-18 00:00:00+00:00,58.6804795532
2019-07-19 00:00:00+00:00,58.7980914176
2019-07-22 00:00:00+00:00,58.8608177453
2019-07-23 00:00:00+00:00,59.0960414741
2019-07-24 00:00:00+00:00,59.0882006832
2019-07-25 00:00:00+00:00,58.7510466718
2019-07-26 00:00:00+00:00,58.6569571803
2019-07-29 00:00:00+00:00,59.0725191012
2019-07-30 00:00:00+00:00,59.0803598922
2019-07-31 00:00:00+00:00,58.304121587
2019-08-01 00:00:00+00:00,56.8143713044
2019-08-02 00:00:00+00:00,56.2576751462
2019-08-05 00:00:00+00:00,55.1050788749
2019-08-06 00:00:00+00:00,55.6382526603
2019-08-07 00:00:00+00:00,55.277576276
2019-08-08 00:00:00+00:00,56.7516449767
2019-08-09 00:00:00+00:00,55.5441631687
2019-08-12 00:00:00+00:00,55.277576276
2019-08-13 00:00:00+00:00,55.9603095174
2019-08-14 00:00:00+00:00,53.7057020691
2019-08-15 00:00:00+00:00,53.3881517243
2019-08-16 00:00:00+00:00,54.2217213795
2019-08-19 00:00:00+00:00,55.1346786209
2019-08-20 00:00:00+00:00,54.8012507588
2019-08-21 00:00:00+00:00,55.3490251036
2019-08-22 00:00:00+00:00,55.2299437243
2019-08-23 00:00:00+00:00,53.5786819312
2019-08-26 00:00:00+00:00,53.8644772416
2019-08-27 00:00:00+00:00,53.3405191726
2019-08-28 00:00:00+00:00,53.729518345
2019-08-29 00:00:00+00:00,54.3249252416
2019-08-30 00:00:00+00:00,54.3646190347
2019-09-03 00:00:00+00:00,54.4281291036
2019-09-04 00:00:00+00:00,55.0076584829
2019-09-05 00:00:00+00:00,55.7856568278
2019-09-06 00:00:00+00:00,56.3096148967
2019-09-09 00:00:00+00:00,56.7541853795
2019-09-10 00:00:00+00:00,57.2146333795
2019-09-11 00:00:00+00:00,57.1034907588
2019-09-12 00:00:00+00:00,57.1431845519
2019-09-13 00:00:00+00:00,57.6671426209
2019-09-16 00:00:00+00:00,58.5324673105
2019-09-17 00:00:00+00:00,58.0878968278
2019-09-18 00:00:00+00:00,57.8100402761
2019-09-19 00:00:00+00:00,57.4210411036
2019-09-20 00:00:00+00:00,57.2225721381
2019-09-23 00:00:00+00:00,57.2622659312
2019-09-24 00:00:00+00:00,56.4763288278
2019-09-25 00:00:00+00:00,56.6430427588
2019-09-26 00:00:00+00:00,56.3413699312
2019-09-27 00:00:00+00:00,56.7462466209
2019-09-30 00:00:00+00:00,56.0555746209
2019-10-01 00:00:00+00:00,54.7377406898
2019-10-02 00:00:00+00:00,53.3087641381
2019-10-03 00:00:00+00:00,53.9676811036
2019-10-04 00:00:00+00:00,54.7536182071
2019-10-07 00:00:00+00:00,53.9994361381
2019-10-08 00:00:00+00:00,52.9515200002
2019-10-09 00:00:00+00:00,53.5389881381
2019-10-10 00:00:00+00:00,54.1820275864
2019-10-11 00:00:00+00:00,54.7615569657
2019-10-14 00:00:00+00:00,54.9203321381
2019-10-15 00:00:00+00:00,55.110862345
2019-10-16 00:00:00+00:00,54.1661500691
2019-10-17 00:00:00+00:00,54.0947012416
2019-10-18 00:00:00+00:00,53.6739470347
2019-10-21 00:00:00+00:00,54.5710267588
2019-10-22 00:00:00+00:00,54.8488833105
2019-10-23 00:00:00+00:00,55.3728413795
2019-10-24 00:00:00+00:00,54.8488833105
2019-10-25 00:00:00+00:00,54.9759034485
2019-10-28 00:00:00+00:00,54.4916391726
2019-10-29 00:00:00+00:00,54.3328640002
2019-10-30 00:00:00+00:00,53.7612733795
2019-10-31 00:00:00+00:00,53.6421920002
2019-11-01 00:00:00+00:00,55.2537600002
2019-11-04 00:00:00+00:00,56.8970830347
2019-11-05 00:00:00+00:00,58.0243867588
2019-11-06 00:00:00+00:00,56.7541853795
2019-11-07 00:00:00+00:00,57.9608766899
2019-11-08 00:00:00+00:00,56.8732667588
2019-11-11 00:00:00+00:00,56.5277036006
2019-11-12 00:00:00+00:00,55.7481774065
2019-11-13 00:00:00+00:00,55.2901053131
2019-11-14 00:00:00+00:00,55.0490147376
2019-11-15 00:00:00+00:00,55.6035230612
2019-11-18 00:00:00+00:00,55.0650874426
2019-11-19 00:00:00+00:00,54.5025427665
2019-11-20 00:00:00+00:00,54.6713061693
2019-11-21 00:00:00+00:00,55.989267982
2019-11-22 00:00:00+00:00,55.7481774065
2019-11-25 00:00:00+00:00,55.3785051908
2019-11-26 00:00:00+00:00,55.241887198
2019-11-27 00:00:00+00:00,55.2097417879
2019-11-29 00:00:00+00:00,54.7516696945
2019-12-02 00:00:00+00:00,54.9847239175
2019-12-03 00:00:00+00:00,54.5507608816
2019-12-04 00:00:00+00:00,55.1695600253
2019-12-05 00:00:00+00:00,54.9766875649
2019-12-06 00:00:00+00:00,55.8606863417
2019-12-09 00:00:00+00:00,55.9812316295
2019-12-10 00:00:00+00:00,55.4990504785
2019-12-11 00:00:00+00:00,55.4186869533
2019-12-12 00:00:00+00:00,56.5277036006
2019-12-13 00:00:00+00:00,55.6356684713
2019-12-16 00:00:00+00:00,56.254467615
2019-12-17 00:00:00+00:00,55.9973043345
2019-12-18 00:00:00+00:00,56.1499950323
2019-12-19 00:00:00+00:00,55.7642501115
2019-12-20 00:00:00+00:00,56.2062494999
2019-12-23 00:00:00+00:00,56.487521838
2019-12-24 00:00:00+00:00,56.2705403201
2019-12-26 00:00:00+00:00,56.3589401978
2019-12-27 00:00:00+00:00,56.1660677374
2019-12-30 00:00:00+00:00,55.8365772842
2019-12-31 00:00:00+00:00,56.0776678597
2020-01-02 00:00:00+00:00,56.9777393415
2020-01-03 00:00:00+00:00,56.5196672481
2020-01-06 00:00:00+00:00,56.953630284
2020-01-07 00:00:00+00:00,56.487521838
2020-01-08 00:00:00+00:00,55.6356684713
2020-01-09 00:00:00+00:00,56.0615951547
2020-01-10 00:00:00+00:00,55.5633412986
2020-01-13 00:00:00+00:00,56.0937405647
2020-01-14 00:00:00+00:00,55.6115594137
2020-01-15 00:00:00+00:00,55.5231595361
2020-01-16 00:00:00+00:00,55.3061780181
2020-01-17 00:00:00+00:00,55.0972328527
2020-01-21 00:00:00+00:00,54.3096703061
2020-01-22 00:00:00+00:00,53.9962525579
2020-01-23 00:00:00+00:00,53.6587257522
2020-01-24 00:00:00+00:00,53.297089889
2020-01-27 00:00:00+00:00,52.0273461914
2020-01-28 00:00:00+00:00,51.9550190188
2020-01-29 00:00:00+00:00,51.5210559829
2020-01-30 00:00:00+00:00,52.067527954
2020-01-31 00:00:00+00:00,49.9218218321
2020-02-03 00:00:00+00:00,48.8047688323
2020-02-04 00:00:00+00:00,48.1940060411
2020-02-05 00:00:00+00:00,50.4120393356
2020-02-06 00:00:00+00:00,49.7289493717
2020-02-07 00:00:00+00:00,49.3994589185
2020-02-10 00:00:00+00:00,48.8851323575
2020-02-11 00:00:00+00:00,49.3498509273
2020-02-12 00:00:00+00:00,49.9531697722
2020-02-13 00:00:00+00:00,49.6759692218
2020-02-14 00:00:00+00:00,49.4476864156
2020-02-18 00:00:00+00:00,48.8199086986
2020-02-19 00:00:00+00:00,49.1949447373
2020-02-20 00:00:00+00:00,48.8036027838
2020-02-21 00:00:00+00:00,48.2084368962
2020-02-24 00:00:00+00:00,45.9500677063
2020-02-25 00:00:00+00:00,44.1890289155
2020-02-26 00:00:00+00:00,43.2188269892
2020-02-27 00:00:00+00:00,40.6180335899
2020-02-28 00:00:00+00:00,41.9388126829
2020-03-02 00:00:00+00:00,43.9281342799
2020-03-03 00:00:00+00:00,41.8246712798
2020-03-04 00:00:00+00:00,42.7378025047
2020-03-05 00:00:00+00:00,40.8544693535
2020-03-06 00:00:00+00:00,38.8814536712
2020-03-09 00:00:00+00:00,34.1282795278
2020-03-10 00:00:00+00:00,35.3919879192
2020-03-11 00:00:00+00:00,34.2261150161
2020-03-12 00:00:00+00:00,30.3126954812
2020-03-13 00:00:00+00:00,31.0790734734
2020-03-16 00:00:00+00:00,28.1195499501
2020-03-17 00:00:00+00:00,30.0110360587
2020-03-18 00:00:00+00:00,27.0025947912
2020-03-19 00:00:00+00:00,28.0706322059
2020-03-20 00:00:00+00:00,26.6927824113
2020-03-23 00:00:00+00:00,25.6410509113
2020-03-24 00:00:00+00:00,28.8940808997
2020-03-25 00:00:00+00:00,30.4023780122
2020-03-26 00:00:00+00:00,31.6497804889
2020-03-27 00:00:00+00:00,30.1251774618
2020-03-30 00:00:00+00:00,30.5735901168
2020-03-31 00:00:00+00:00,30.956779113
2020-04-01 00:00:00+00:00,30.5980489889
2020-04-02 00:00:00+00:00,32.9379477525
2020-04-03 00:00:00+00:00,31.9677458262
2020-04-06 00:00:00+00:00,32.9950184541
2020-04-07 00:00:00+00:00,33.6227961712
2020-04-08 00:00:00+00:00,35.7507180433
2020-04-09 00:00:00+00:00,35.163705113
2020-04-13 00:00:00+00:00,34.8620456906
2020-04-14 00:00:00+00:00,34.5929980975
2020-04-15 00:00:00+00:00,33.0031714115
2020-04-16 00:00:00+00:00,31.918828082
2020-04-17 00:00:00+00:00,35.2370817293
2020-04-20 00:00:00+00:00,33.573878427
2020-04-21 00:00:00+00:00,33.3945133649
2020-04-22 00:00:00+00:00,34.3484093766
2020-04-23 00:00:00+00:00,35.4245997487
2020-04-24 00:00:00+00:00,35.6528825549
2020-04-27 00:00:00+00:00,35.8240946596
2020-04-28 00:00:00+00:00,36.6638492681
2020-04-29 00:00:00+00:00,38.6939356519
2020-04-30 00:00:00+00:00,37.8867928728
2020-05-01 00:00:00+00:00,35.1718580704
2020-05-04 00:00:00+00:00,36.5904726518
2020-05-05 00:00:00+00:00,36.549707865
2020-05-06 00:00:00+00:00,35.8648594464
2020-05-07 00:00:00+00:00,36.0686833805
2020-05-08 00:00:00+00:00,37.6503571092
2020-05-11 00:00:00+00:00,37.2916269852
2020-05-12 00:00:00+00:00,36.6801551828
2020-05-13 00:00:00+00:00,34.8594493839
2020-05-14 00:00:00+00:00,35.1670572129
2020-05-15 00:00:00+00:00,34.9176454596
2020-05-18 00:00:00+00:00,37.6944296462
2020-05-19 00:00:00+00:00,36.5305081309
2020-05-20 00:00:00+00:00,37.7193708215
2020-05-21 00:00:00+00:00,37.0459590877
2020-05-22 00:00:00+00:00,37.0792139881
2020-05-26 00:00:00+00:00,38.1683119774
2020-05-27 00:00:00+00:00,38.442664906
2020-05-28 00:00:00+00:00,37.4450178929
2020-05-29 00:00:00+00:00,37.8025080726
2020-06-01 00:00:00+00:00,38.4759198065
2020-06-02 00:00:00+00:00,39.3322334927
2020-06-03 00:00:00+00:00,40.9367824389
2020-06-04 00:00:00+00:00,40.8203902873
2020-06-05 00:00:00+00:00,44.1292528809
2020-06-08 00:00:00+00:00,45.5093312491
2020-06-09 00:00:00+00:00,44.4950567857
2020-06-10 00:00:00+00:00,42.1090176793
2020-06-11 00:00:00+00:00,38.3927825554
2020-06-12 00:00:00+00:00,39.2158413412
2020-06-15 00:00:00+00:00,39.1909001659
2020-06-16 00:00:00+00:00,40.0721550275
2020-06-17 00:00:00+00:00,38.7669001853
2020-06-18 00:00:00+00:00,39.0079982135
2020-06-19 00:00:00+00:00,38.2265080532
2020-06-22 00:00:00+00:00,38.592311958
2020-06-23 00:00:00+00:00,38.8250962611
2020-06-24 00:00:00+00:00,36.996076737
2020-06-25 00:00:00+00:00,37.5530963193
2020-06-26 00:00:00+00:00,36.2644689274
2020-06-29 00:00:00+00:00,36.846429685
2020-06-30 00:00:00+00:00,37.1789786894
2020-07-01 00:00:00+00:00,36.3392924533
2020-07-02 00:00:00+00:00,36.6469002824
2020-07-06 00:00:00+00:00,36.9046257608
2020-07-07 00:00:00+00:00,35.9485473732
2020-07-08 00:00:00+00:00,35.8654101221
2020-07-09 00:00:00+00:00,34.3855670526
2020-07-10 00:00:00+00:00,35.4580375917
2020-07-13 00:00:00+00:00,35.4663513169
2020-07-14 00:00:00+00:00,36.6385865573
2020-07-15 00:00:00+00:00,37.1041551634
2020-07-16 00:00:00+00:00,36.8131747846
2020-07-17 00:00:00+00:00,36.1813316763
2020-07-20 00:00:00+00:00,35.3333317151
2020-07-21 00:00:00+00:00,37.1207826136
2020-07-22 00:00:00+00:00,36.2561552023
2020-07-23 00:00:00+00:00,36.3309787282
2020-07-24 00:00:00+00:00,36.1065081503
2020-07-27 00:00:00+00:00,36.6385865573
2020-07-28 00:00:00+00:00,36.2062728516
2020-07-29 00:00:00+00:00,36.6053316569
2020-07-30 00:00:00+00:00,34.8095670332
2020-07-31 00:00:00+00:00,34.9841552605
2020-08-03 00:00:00+00:00,35.1254885874
2020-08-04 00:00:00+00:00,36.1397630507
2020-08-05 00:00:00+00:00,36.4556846049
2020-08-06 00:00:00+00:00,36.2810963776
2020-08-07 00:00:00+00:00,36.1148218754
2020-08-10 00:00:00+00:00,37.0043904621
2020-08-11 00:00:00+00:00,37.3868218171
2020-08-12 00:00:00+00:00,37.378508092
2020-08-13 00:00:00+00:00,36.4629084382
2020-08-14 00:00:00+00:00,36.623986155
2020-08-17 00:00:00+00:00,36.149230779
2020-08-18 00:00:00+00:00,35.9711975129
2020-08-19 00:00:00+00:00,35.572742108
2020-08-20 00:00:00+00:00,35.0301645353
2020-08-21 00:00:00+00:00,34.7673535236
2020-08-24 00:00:00+00:00,35.7931642469
2020-08-25 00:00:00+00:00,34.6571424541
2020-08-26 00:00:00+00:00,33.9195760663
2020-08-27 00:00:00+00:00,33.6906761528
2020-08-28 00:00:00+00:00,34.4960647372
2020-08-31 00:00:00+00:00,33.8602316443
2020-09-01 00:00:00+00:00,33.427865141
2020-09-02 00:00:00+00:00,33.2243985513
2020-09-03 00:00:00+00:00,33.1565763547
2020-09-04 00:00:00+00:00,33.131143031
2020-09-08 00:00:00+00:00,32.3681433194
2020-09-09 00:00:00+00:00,32.1731545043
2020-09-10 00:00:00+00:00,31.3677659198
2020-09-11 00:00:00+00:00,31.2829881741
2020-09-14 00:00:00+00:00,31.0795215843
2020-09-15 00:00:00+00:00,30.748888376
2020-09-16 00:00:00+00:00,32.0544656602
2020-09-17 00:00:00+00:00,32.0459878857
2020-09-18 00:00:00+00:00,31.5288436367
2020-09-21 00:00:00+00:00,30.8845327692
2020-09-22 00:00:00+00:00,30.1215330576
2020-09-23 00:00:00+00:00,29.1550667563
2020-09-24 00:00:00+00:00,29.0957223343
2020-09-25 00:00:00+00:00,29.3670111206
2020-09-28 00:00:00+00:00,29.935022017
2020-09-29 00:00:00+00:00,29.061811236
2020-09-30 00:00:00+00:00,29.1042001089
2020-10-01 00:00:00+00:00,28.0868671601
2020-10-02 00:00:00+00:00,27.9597005415
2020-10-05 00:00:00+00:00,28.6040114091
2020-10-06 00:00:00+00:00,28.307289299
2020-10-07 00:00:00+00:00,28.4005448193
2020-10-08 00:00:00+00:00,29.8926331441
2020-10-09 00:00:00+00:00,29.4517888663
2020-10-12 00:00:00+00:00,29.358533346
2020-10-13 00:00:00+00:00,29.0109445886
2020-10-14 00:00:00+00:00,28.9516001665
2020-10-15 00:00:00+00:00,29.2059334037
2020-10-16 00:00:00+00:00,28.9092112937
2020-10-19 00:00:00+00:00,28.3327226227
2020-10-20 00:00:00+00:00,28.5701003108
2020-10-21 00:00:00+00:00,28.1123004838
2020-10-22 00:00:00+00:00,29.5535221612
2020-10-23 00:00:00+00:00,28.9600779411
2020-10-26 00:00:00+00:00,28.2733782007
2020-10-27 00:00:00+00:00,27.8240561483
2020-10-28 00:00:00+00:00,26.7643343267
2020-10-29 00:00:00+00:00,27.9512227669
2020-10-30 00:00:00+00:00,27.6545006569
2020-11-02 00:00:00+00:00,28.8159557734
2020-11-03 00:00:00+00:00,28.3242448481
2020-11-04 00:00:00+00:00,28.1716449058
2020-11-05 00:00:00+00:00,28.1207782584
2020-11-06 00:00:00+00:00,27.7901450501
2020-11-09 00:00:00+00:00,31.3084214978
2020-11-10 00:00:00+00:00,31.9866434636
2020-11-11 00:00:00+00:00,31.6568842527
2020-11-12 00:00:00+00:00,30.5721500061
2020-11-13 00:00:00+00:00,31.3097692938
2020-11-16 00:00:00+00:00,33.1147670801
2020-11-17 00:00:00+00:00,33.5573386527
2020-11-18 00:00:00+00:00,32.2903690527
2020-11-19 00:00:00+00:00,32.4552486582
2020-11-20 00:00:00+00:00,32.0560664554
2020-11-23 00:00:00+00:00,34.1561119568
2020-11-24 00:00:00+00:00,36.4297149377
2020-11-25 00:00:00+00:00,35.4144036829
2020-11-27 00:00:00+00:00,34.8763754966
2020-11-30 00:00:00+00:00,33.0887334582
2020-12-01 00:00:00+00:00,33.4098147952
2020-12-02 00:00:00+00:00,34.6594286473
2020-12-03 00:00:00+00:00,34.8937312445
2020-12-04 00:00:00+00:00,36.1693787185
2020-12-07 00:00:00+00:00,35.4925045486
2020-12-08 00:00:00+00:00,36.655339661
2020-12-09 00:00:00+00:00,37.1413006035
2020-12-10 00:00:00+00:00,38.1913233542
2020-12-11 00:00:00+00:00,38.0090880008
2020-12-14 00:00:00+00:00,36.6379839131
2020-12-15 00:00:00+00:00,37.3495695788
2020-12-16 00:00:00+00:00,37.922309261
2020-12-17 00:00:00+00:00,37.7313960336
2020-12-18 00:00:00+00:00,37.0805554857
2020-12-21 00:00:00+00:00,36.4036813158
2020-12-22 00:00:00+00:00,35.7875522637
2020-12-23 00:00:00+00:00,36.2474795843
2020-12-24 00:00:00+00:00,36.0999557267
2020-12-28 00:00:00+00:00,36.2214459624
2020-12-29 00:00:00+00:00,35.8135858856
2020-12-30 00:00:00+00:00,36.0999557267
2020-12-31 00:00:00+00:00,35.7701965158
2021-01-04 00:00:00+00:00,36.013176987
2021-01-05 00:00:00+00:00,37.7487517816
2021-01-06 00:00:00+00:00,38.7119957925
2021-01-07 00:00:00+00:00,39.0157213816
2021-01-08 00:00:00+00:00,39.4496150802
2021-01-11 00:00:00+00:00,40.6471616885
2021-01-12 00:00:00+00:00,41.5496605816
2021-01-13 00:00:00+00:00,42.0182657762
2021-01-14 00:00:00+00:00,43.658383957
2021-01-15 00:00:00+00:00,41.5583384556
2021-01-19 00:00:00+00:00,42.382736483
2021-01-20 00:00:00+00:00,42.9815097872
2021-01-21 00:00:00+00:00,41.749251683
2021-01-22 00:00:00+00:00,41.1591562529
2021-01-25 00:00:00+00:00,40.6992289323
2021-01-26 00:00:00+00:00,39.8054079131
2021-01-27 00:00:00+00:00,39.3541584665
2021-01-28 00:00:00+00:00,39.9702875186
2021-01-29 00:00:00+00:00,38.9115868939
2021-02-01 00:00:00+00:00,38.9810098857
2021-02-02 00:00:00+00:00,39.5971389378
2021-02-03 00:00:00+00:00,41.1504783789
2021-02-04 00:00:00+00:00,41.9401649104
2021-02-05 00:00:00+00:00,43.345980494
2021-02-08 00:00:00+00:00,45.2117233982
2021-02-09 00:00:00+00:00,44.6910509598
2021-02-10 00:00:00+00:00,45.1235734755
2021-02-11 00:00:00+00:00,43.9937187406
2021-02-12 00:00:00+00:00,44.5939540685
2021-02-16 00:00:00+00:00,45.9356565662
2021-02-17 00:00:00+00:00,46.6506427657
2021-02-18 00:00:00+00:00,45.918002586
2021-02-19 00:00:00+00:00,46.2269472401
2021-02-22 00:00:00+00:00,47.9305563325
2021-02-23 00:00:00+00:00,48.5925805913
2021-02-24 00:00:00+00:00,50.0490339605
2021-02-25 00:00:00+00:00,49.2192968896
2021-02-26 00:00:00+00:00,47.9923452634
2021-03-01 00:00:00+00:00,49.784224257
2021-03-02 00:00:00+00:00,49.4929335832
2021-03-03 00:00:00+00:00,49.8901481384
2021-03-04 00:00:00+00:00,51.8232589739
2021-03-05 00:00:00+00:00,53.7828507798
2021-03-08 00:00:00+00:00,53.7298888391
2021-03-09 00:00:00+00:00,52.9001517681
2021-03-10 00:00:00+00:00,54.5243179496
2021-03-11 00:00:00+00:00,54.1182764042
2021-03-12 00:00:00+00:00,54.7008577519
2021-03-15 00:00:00+00:00,53.3061933135
2021-03-16 00:00:00+00:00,52.1763385786
2021-03-17 00:00:00+00:00,52.4058403216
2021-03-18 00:00:00+00:00,50.1461308518
2021-03-19 00:00:00+00:00,49.8636671681
2021-03-22 00:00:00+00:00,49.3517017413
2021-03-23 00:00:00+00:00,48.7426394233
2021-03-24 00:00:00+00:00,49.7312623163
2021-03-25 00:00:00+00:00,49.5900304744
2021-03-26 00:00:00+00:00,50.9405599623
2021-03-29 00:00:00+00:00,50.6669232687
2021-03-30 00:00:00+00:00,50.0402069704
2021-03-31 00:00:00+00:00,49.2810858204
2021-04-01 00:00:00+00:00,50.6580962785
2021-04-05 00:00:00+00:00,49.8724941582
2021-04-06 00:00:00+00:00,49.7312623163
2021-04-07 00:00:00+00:00,49.9519370692
2021-04-08 00:00:00+00:00,49.4311446523
2021-04-09 00:00:00+00:00,49.3163937808
2021-04-12 00:00:00+00:00,48.9897951465
2021-04-13 00:00:00+00:00,49.175161939
2021-04-14 00:00:00+00:00,50.5963073477
2021-04-15 00:00:00+00:00,50.2961896838
2021-04-16 00:00:00+00:00,50.013726
2021-04-19 00:00:00+00:00,49.8548401779
2021-04-20 00:00:00+00:00,48.8044283541
2021-04-21 00:00:00+00:00,49.4311446523
2021-04-22 00:00:00+00:00,48.7867743738
2021-04-23 00:00:00+00:00,49.0515840773
2021-04-26 00:00:00+00:00,49.1486809686
2021-04-27 00:00:00+00:00,49.7930512471
2021-04-28 00:00:00+00:00,51.2936395669
2021-04-29 00:00:00+00:00,52.0262797466
2021-04-30 00:00:00+00:00,50.5256914268
2021-05-03 00:00:00+00:00,51.9203558652
2021-05-04 00:00:00+00:00,52.2469544995
2021-05-05 00:00:00+00:00,53.8181587402
2021-05-06 00:00:00+00:00,54.330124167
2021-05-07 00:00:00+00:00,55.1068992972
2021-05-10 00:00:00+00:00,55.239304149
2021-05-11 00:00:00+00:00,53.4827331158
2021-05-12 00:00:00+00:00,53.7651967995
2021-05-13 00:00:00+00:00,53.1025344806
2021-05-14 00:00:00+00:00,54.4189042223
2021-05-17 00:00:00+00:00,55.6904994831
2021-05-18 00:00:00+00:00,54.1144377514
2021-05-19 00:00:00+00:00,52.8159778021
2021-05-20 00:00:00+00:00,52.6906092552
2021-05-21 00:00:00+00:00,52.7622484249
2021-05-24 00:00:00+00:00,53.3801362628
2021-05-25 00:00:00+00:00,52.1712252755
2021-05-26 00:00:00+00:00,52.7801582173
2021-05-27 00:00:00+00:00,52.4398721616
2021-05-28 00:00:00+00:00,52.2697291337
2021-06-01 00:00:00+00:00,54.14130244
2021-06-02 00:00:00+00:00,54.5711374578
2021-06-03 00:00:00+00:00,54.7860549666
2021-06-04 00:00:00+00:00,55.0278371641
2021-06-07 00:00:00+00:00,54.669641316
2021-06-08 00:00:00+00:00,55.6367701059
2021-06-09 00:00:00+00:00,56.1024247084
2021-06-10 00:00:00+00:00,56.1919736704
2021-06-11 00:00:00+00:00,55.6725896907
2021-06-14 00:00:00+00:00,55.5830407286
2021-06-15 00:00:00+00:00,57.6068472704
2021-06-16 00:00:00+00:00,57.4008846577
2021-06-17 00:00:00+00:00,55.511401559
2021-06-18 00:00:00+00:00,54.0875730628
2021-06-21 00:00:00+00:00,56.0486953312
2021-06-22 00:00:00+00:00,57.1232828755
2021-06-23 00:00:00+00:00,57.544162997
2021-06-24 00:00:00+00:00,57.7769902982
2021-06-25 00:00:00+00:00,57.9023588451
2021-06-28 00:00:00+00:00,56.4248009717
2021-06-29 00:00:00+00:00,56.0755600198
2021-06-30 00:00:00+00:00,56.4874852451
2021-07-01 00:00:00+00:00,56.6486733767
2021-07-02 00:00:00+00:00,56.5680793109
2021-07-06 00:00:00+00:00,54.9561979945
2021-07-07 00:00:00+00:00,54.096527959
2021-07-08 00:00:00+00:00,53.8547457616
2021-07-09 00:00:00+00:00,54.8308294476
2021-07-12 00:00:00+00:00,54.7771000704
2021-07-13 00:00:00+00:00,54.5174080805
2021-07-14 00:00:00+00:00,53.3084970932
2021-07-15 00:00:00+00:00,52.7891131135
2021-07-16 00:00:00+00:00,51.3294650325
2021-07-19 00:00:00+00:00,49.5653504806
2021-07-20 00:00:00+00:00,50.1115991489
2021-07-21 00:00:00+00:00,51.7234804654
2021-07-22 00:00:00+00:00,51.1414122122
2021-07-23 00:00:00+00:00,51.0787279388
2021-07-26 00:00:00+00:00,52.368232992
2021-07-27 00:00:00+00:00,51.7861647388
2021-07-28 00:00:00+00:00,52.1354056907
2021-07-29 00:00:00+00:00,52.7712033211
2021-07-30 00:00:00+00:00,51.5533374375
2021-08-02 00:00:00+00:00,51.5622923337
2021-08-03 00:00:00+00:00,52.1174958983
2021-08-04 00:00:00+00:00,50.8996300148
2021-08-05 00:00:00+00:00,51.222006278
2021-08-06 00:00:00+00:00,51.8130294274
2021-08-09 00:00:00+00:00,51.222006278
2021-08-10 00:00:00+00:00,52.0995861059
2021-08-11 00:00:00+00:00,52.2518193413
2021-08-12 00:00:00+00:00,52.1354056907
2021-08-13 00:00:00+00:00,51.6081426515
2021-08-16 00:00:00+00:00,50.8536110608
2021-08-17 00:00:00+00:00,50.5081628627
2021-08-18 00:00:00+00:00,49.4445460421
2021-08-19 00:00:00+00:00,47.9354828609
2021-08-20 00:00:00+00:00,47.9445736029
2021-08-23 00:00:00+00:00,49.9172646291
2021-08-24 00:00:00+00:00,50.3263480216
2021-08-25 00:00:00+00:00,50.4172554421
2021-08-26 00:00:00+00:00,49.7354497879
2021-08-27 00:00:00+00:00,50.6990684459
2021-08-30 00:00:00+00:00,50.1445331804
2021-08-31 00:00:00+00:00,49.5627256889
2021-09-01 00:00:00+00:00,48.8809200347
2021-09-02 00:00:00+00:00,50.071807244
2021-09-03 00:00:00+00:00,49.8809016608
2021-09-07 00:00:00+00:00,49.589997915
2021-09-08 00:00:00+00:00,49.1354608122
2021-09-09 00:00:00+00:00,49.1718237805
2021-09-10 00:00:00+00:00,49.0718256179
2021-09-13 00:00:00+00:00,50.3354387636
2021-09-14 00:00:00+00:00,49.6172701412
2021-09-15 00:00:00+00:00,51.2899666795
2021-09-16 00:00:00+00:00,50.7445221561
2021-09-17 00:00:00+00:00,50.1445331804
2021-09-20 00:00:00+00:00,48.8081940982
2021-09-21 00:00:00+00:00,48.7627403879
2021-09-22 00:00:00+00:00,50.1899868907
2021-09-23 00:00:00+00:00,51.8899556552
2021-09-24 00:00:00+00:00,52.3535835
2021-09-27 00:00:00+00:00,53.9081003916
2021-09-28 00:00:00+00:00,54.4717263991
2021-09-29 00:00:00+00:00,54.4353634308
2021-09-30 00:00:00+00:00,53.4717447729
2021-10-01 00:00:00+00:00,55.3898913467
2021-10-04 00:00:00+00:00,56.1080599691
2021-10-05 00:00:00+00:00,56.0171525486
2021-10-06 00:00:00+00:00,54.9898986963
2021-10-07 00:00:00+00:00,55.1444413112
2021-10-08 00:00:00+00:00,56.5262341037
2021-10-11 00:00:00+00:00,55.9626080962
2021-10-12 00:00:00+00:00,55.6717043504
2021-10-13 00:00:00+00:00,55.5171617355
2021-10-14 00:00:00+00:00,56.3626007467
2021-10-15 00:00:00+00:00,56.898954528
2021-10-18 00:00:00+00:00,56.8716823018
2021-10-19 00:00:00+00:00,57.7262120551
2021-10-20 00:00:00+00:00,58.044388027
2021-10-21 00:00:00+00:00,56.9898619486
2021-10-22 00:00:00+00:00,57.380763857
2021-10-25 00:00:00+00:00,58.4989251298
2021-10-26 00:00:00+00:00,59.8534456962
2021-10-27 00:00:00+00:00,58.2989288046
2021-10-28 00:00:00+00:00,58.4625621616
2021-10-29 00:00:00+00:00,58.6080140345
2021-11-01 00:00:00+00:00,59.662540113
2021-11-02 00:00:00+00:00,58.9261900065
2021-11-03 00:00:00+00:00,58.1171139635
2021-11-04 00:00:00+00:00,58.5534695822
2021-11-05 00:00:00+00:00,59.1080048476
2021-11-08 00:00:00+00:00,59.7443567915
2021-11-09 00:00:00+00:00,60.3261642831
2021-11-10 00:00:00+00:00,59.1534585579
2021-11-11 00:00:00+00:00,59.2640429951
2021-11-12 00:00:00+00:00,58.8124898764
2021-11-15 00:00:00+00:00,59.3193352137
2021-11-16 00:00:00+00:00,59.9183342488
2021-11-17 00:00:00+00:00,59.2640429951
2021-11-18 00:00:00+00:00,58.6189671112
2021-11-19 00:00:00+00:00,55.9096483986
2021-11-22 00:00:00+00:00,56.6837394593
2021-11-23 00:00:00+00:00,58.1766293622
2021-11-24 00:00:00+00:00,58.4991673041
2021-11-26 00:00:00+00:00,56.4441398453
2021-11-29 00:00:00+00:00,56.7574624175
2021-11-30 00:00:00+00:00,55.1447727076
2021-12-01 00:00:00+00:00,55.0986958588
2021-12-02 00:00:00+00:00,56.4717859546
2021-12-03 00:00:00+00:00,56.1123865335
2021-12-06 00:00:00+00:00,56.7482470477
2021-12-07 00:00:00+00:00,57.3841075619
2021-12-08 00:00:00+00:00,57.5499842178
2021-12-09 00:00:00+00:00,57.6974301341
2021-12-10 00:00:00+00:00,58.0660449249
2021-12-13 00:00:00+00:00,56.7943238966
2021-12-14 00:00:00+00:00,56.7113855686
2021-12-15 00:00:00+00:00,56.4625705848
2021-12-16 00:00:00+00:00,56.5547242825
2021-12-17 00:00:00+00:00,55.3198647333
2021-12-20 00:00:00+00:00,54.5181275632
2021-12-21 00:00:00+00:00,55.7529871125
2021-12-22 00:00:00+00:00,56.2045402313
2021-12-23 00:00:00+00:00,56.2321863406
2021-12-27 00:00:00+00:00,57.0339235106
2021-12-28 00:00:00+00:00,56.8496161152
2021-12-29 00:00:00+00:00,56.3519861476
2021-12-30 00:00:00+00:00,56.0202328358
2021-12-31 00:00:00+00:00,56.3888476267
2022-01-03 00:00:00+00:00,58.5544595228
2022-01-04 00:00:00+00:00,60.756932898
2022-01-05 00:00:00+00:00,61.5125932192
2022-01-06 00:00:00+00:00,62.9594062731
2022-01-07 00:00:00+00:00,63.4754669803
2022-01-10 00:00:00+00:00,63.0976368197
2022-01-11 00:00:00+00:00,65.7516633137
2022-01-12 00:00:00+00:00,65.5581405485
2022-01-13 00:00:00+00:00,65.0881566902
2022-01-14 00:00:00+00:00,66.2308625417
2022-01-18 00:00:00+00:00,67.345922284
2022-01-19 00:00:00+00:00,67.3735683933
2022-01-20 00:00:00+00:00,67.5210143096
2022-01-21 00:00:00+00:00,66.5073236349
2022-01-24 00:00:00+00:00,67.0786765606
2022-01-25 00:00:00+00:00,69.0507656916
2022-01-26 00:00:00+00:00,68.350397589
2022-01-27 00:00:00+00:00,69.2258577172
2022-01-28 00:00:00+00:00,69.3733036335
2022-01-31 00:00:00+00:00,69.9999487779
2022-02-01 00:00:00+00:00,74.4878338562
2022-02-02 00:00:00+00:00,74.2943110911
2022-02-03 00:00:00+00:00,73.4280663326
2022-02-04 00:00:00+00:00,75.0223253029
2022-02-07 00:00:00+00:00,75.9254315405
2022-02-08 00:00:00+00:00,73.9625577793
2022-02-09 00:00:00+00:00,73.612373728
2022-02-10 00:00:00+00:00,72.9042040567
2022-02-11 00:00:00+00:00,74.7398543889
2022-02-14 00:00:00+00:00,73.593737684
2022-02-15 00:00:00+00:00,72.671253507
2022-02-16 00:00:00+00:00,73.0067022986
2022-02-17 00:00:00+00:00,72.8948860347
2022-02-18 00:00:00+00:00,72.0842181215
2022-02-22 00:00:00+00:00,71.2455961423
2022-02-23 00:00:00+00:00,71.5344548241
2022-02-24 00:00:00+00:00,70.6306066909
2022-02-25 00:00:00+00:00,72.5314831771
2022-02-28 00:00:00+00:00,73.0719284526
2022-03-01 00:00:00+00:00,73.7707801019
2022-03-02 00:00:00+00:00,75.0380310926
2022-03-03 00:00:00+00:00,75.5132502142
2022-03-04 00:00:00+00:00,78.3552469214
2022-03-07 00:00:00+00:00,81.1786075846
2022-03-08 00:00:00+00:00,81.793597036
2022-03-09 00:00:00+00:00,77.1439040626
2022-03-10 00:00:00+00:00,79.5386357142
2022-03-11 00:00:00+00:00,79.1286427466
2022-03-14 00:00:00+00:00,76.2959640614
2022-03-15 00:00:00+00:00,71.9537658137
2022-03-16 00:00:00+00:00,71.6835431759
2022-03-17 00:00:00+00:00,73.593737684
2022-03-18 00:00:00+00:00,73.3048790023
2022-03-21 00:00:00+00:00,76.5941407651
2022-03-22 00:00:00+00:00,76.2586919734
2022-03-23 00:00:00+00:00,77.4607168103
2022-03-24 00:00:00+00:00,77.69366736
2022-03-25 00:00:00+00:00,79.3895473624
2022-03-28 00:00:00+00:00,77.1625401066
2022-03-29 00:00:00+00:00,76.752547139
2022-03-30 00:00:00+00:00,78.0663882397
2022-03-31 00:00:00+00:00,76.9575436228
2022-04-01 00:00:00+00:00,77.4513987883
2022-04-04 00:00:00+00:00,77.4886708762
2022-04-05 00:00:00+00:00,77.0879959306
2022-04-06 00:00:00+00:00,77.9452539538
2022-04-07 00:00:00+00:00,79.2497770325
2022-04-08 00:00:00+00:00,80.9177029689
2022-04-11 00:00:00+00:00,78.1316143936
2022-04-12 00:00:00+00:00,79.762268242
2022-04-13 00:00:00+00:00,80.8897489029
2022-04-14 00:00:00+00:00,81.840187146
2022-04-18 00:00:00+00:00,82.5110847293
2022-04-19 00:00:00+00:00,81.774960992
2022-04-20 00:00:00+00:00,81.9613214319
2022-04-21 00:00:00+00:00,81.0947453867
2022-04-22 00:00:00+00:00,79.3243212084
2022-04-25 00:00:00+00:00,76.6500488971
2022-04-26 00:00:00+00:00,76.678002963
2022-04-27 00:00:00+00:00,78.8677381309
2022-04-28 00:00:00+00:00,81.2531517606
2022-04-29 00:00:00+00:00,79.4361374723
2022-05-02 00:00:00+00:00,80.5170280233
2022-05-03 00:00:00+00:00,82.1756359377
2022-05-04 00:00:00+00:00,85.4462616565
2022-05-05 00:00:00+00:00,84.1510565997
2022-05-06 00:00:00+00:00,85.4369436345
2022-05-09 00:00:00+00:00,78.7000137351
2022-05-10 00:00:00+00:00,79.2218229665
2022-05-11 00:00:00+00:00,80.8711128589
2022-05-12 00:00:00+00:00,81.2345157166
2022-05-13 00:00:00+00:00,83.6442533786
2022-05-16 00:00:00+00:00,85.6115782668
2022-05-17 00:00:00+00:00,86.7034906449
2022-05-18 00:00:00+00:00,85.3291871345
2022-05-19 00:00:00+00:00,85.7904259839
2022-05-20 00:00:00+00:00,86.4681647013
2022-05-23 00:00:00+00:00,88.379011363
2022-05-24 00:00:00+00:00,88.8590762879
2022-05-25 00:00:00+00:00,90.6475534589
2022-05-26 00:00:00+00:00,90.9675967422
2022-05-27 00:00:00+00:00,91.8618353277
2022-05-31 00:00:00+00:00,90.3651623267
2022-06-01 00:00:00+00:00,92.0971612713
2022-06-02 00:00:00+00:00,91.9371396296
2022-06-03 00:00:00+00:00,93.2737909891
2022-06-06 00:00:00+00:00,93.0384650455
2022-06-07 00:00:00+00:00,97.3025711428
2022-06-08 00:00:00+00:00,98.4509617474
2022-06-09 00:00:00+00:00,96.3236152176
2022-06-10 00:00:00+00:00,94.5633771598
2022-06-13 00:00:00+00:00,90.2239667605
2022-06-14 00:00:00+00:00,90.4592927041
2022-06-15 00:00:00+00:00,89.3203151373
2022-06-16 00:00:00+00:00,86.0257519274
2022-06-17 00:00:00+00:00,81.0650810372
2022-06-21 00:00:00+00:00,86.1104692671
2022-06-22 00:00:00+00:00,82.7029496044
2022-06-23 00:00:00+00:00,80.2084946027
2022-06-24 00:00:00+00:00,81.7992979811
2022-06-27 00:00:00+00:00,83.8042750202
2022-06-28 00:00:00+00:00,86.1292953426
2022-06-29 00:00:00+00:00,82.9476885857
2022-06-30 00:00:00+00:00,80.6132552256
2022-07-01 00:00:00+00:00,82.4111454344
2022-07-05 00:00:00+00:00,79.831973093
2022-07-06 00:00:00+00:00,78.3917783184
2022-07-07 00:00:00+00:00,80.8956463579
2022-07-08 00:00:00+00:00,81.0274288862
2022-07-11 00:00:00+00:00,80.6132552256
2022-07-12 00:00:00+00:00,79.540168923
2022-07-13 00:00:00+00:00,79.8602122062
2022-07-14 00:00:00+00:00,78.25999579
2022-07-15 00:00:00+00:00,79.5778210739
2022-07-18 00:00:00+00:00,81.0462549617
2022-07-19 00:00:00+00:00,83.0888841518
2022-07-20 00:00:00+00:00,84.0019488128
2022-07-21 00:00:00+00:00,82.5994061892
2022-07-22 00:00:00+00:00,81.9687326605
2022-07-25 00:00:00+00:00,84.6985136058
2022-07-26 00:00:00+00:00,84.3690572848
2022-07-27 00:00:00+00:00,86.1951866068
2022-07-28 00:00:00+00:00,87.2023816452
2022-07-29 00:00:00+00:00,91.2405748367
2022-08-01 00:00:00+00:00,88.9343805898
2022-08-02 00:00:00+00:00,88.5484460424
2022-08-03 00:00:00+00:00,85.677469531
2022-08-04 00:00:00+00:00,82.0722760756
2022-08-05 00:00:00+00:00,83.2583188312
2022-08-08 00:00:00+00:00,83.7289707183
2022-08-09 00:00:00+00:00,85.2727089081
2022-08-10 00:00:00+00:00,86.0822301539
2022-08-11 00:00:00+00:00,88.5484460424
2022-08-12 00:00:00+00:00,89.318102028
2022-08-15 00:00:00+00:00,87.7217785023
2022-08-16 00:00:00+00:00,86.904612888
2022-08-17 00:00:00+00:00,87.6077553934
2022-08-18 00:00:00+00:00,89.6791752064
2022-08-19 00:00:00+00:00,89.3941174339
2022-08-22 00:00:00+00:00,89.3276039537
2022-08-23 00:00:00+00:00,93.118872327
2022-08-24 00:00:00+00:00,93.6699840204
2022-08-25 00:00:00+00:00,94.1545822335
2022-08-26 00:00:00+00:00,92.9953472923
2022-08-29 00:00:00+00:00,95.1332805855
2022-08-30 00:00:00+00:00,91.5130468757
2022-08-31 00:00:00+00:00,90.8289082218
2022-09-01 00:00:00+00:00,89.1945769932
2022-09-02 00:00:00+00:00,90.8289082218
2022-09-06 00:00:00+00:00,90.220784974
2022-09-07 00:00:00+00:00,89.4511289884
2022-09-08 00:00:00+00:00,90.182777271
2022-09-09 00:00:00+00:00,91.6935834649
2022-09-12 00:00:00+00:00,92.7482972229
2022-09-13 00:00:00+00:00,90.5818581524
2022-09-14 00:00:00+00:00,92.8053087773
2022-09-15 00:00:00+00:00,90.106761865
2022-09-16 00:00:00+00:00,88.5674498939
2022-09-19 00:00:00+00:00,88.5579479681
2022-09-20 00:00:00+00:00,87.8358016113
2022-09-21 00:00:00+00:00,86.4200146749
2022-09-22 00:00:00+00:00,86.0589414965
2022-09-23 00:00:00+00:00,81.4790132861
2022-09-26 00:00:00+00:00,79.7971724288
2022-09-27 00:00:00+00:00,81.4695113604
2022-09-28 00:00:00+00:00,84.4341121937
2022-09-29 00:00:00+00:00,84.2630775302
2022-09-30 00:00:00+00:00,82.9613137028
2022-10-03 00:00:00+00:00,87.3417014724
2022-10-04 00:00:00+00:00,90.5248465979
2022-10-05 00:00:00+00:00,94.1830880108
2022-10-06 00:00:00+00:00,96.9766541806
2022-10-07 00:00:00+00:00,95.9979558286
2022-10-10 00:00:00+00:00,93.9170340898
2022-10-11 00:00:00+00:00,93.118872327
2022-10-12 00:00:00+00:00,93.5274551342
2022-10-13 00:00:00+00:00,96.7961175914
2022-10-14 00:00:00+00:00,94.249601491
2022-10-17 00:00:00+00:00,95.6083768729
2022-10-18 00:00:00+00:00,95.7794115364
2022-10-19 00:00:00+00:00,98.6204873349
2022-10-20 00:00:00+00:00,98.7535142954
2022-10-21 00:00:00+00:00,100.5873859647
2022-10-24 00:00:00+00:00,101.29052847
2022-10-25 00:00:00+00:00,100.6063898162
2022-10-26 00:00:00+00:00,101.8036324604
2022-10-27 00:00:00+00:00,102.193211416
2022-10-28 00:00:00+00:00,105.1863180265
2022-10-31 00:00:00+00:00,105.2908392098
2022-11-01 00:00:00+00:00,106.336051042
2022-11-02 00:00:00+00:00,104.15060812
2022-11-03 00:00:00+00:00,105.5663950564
2022-11-04 00:00:00+00:00,106.7161280719
2022-11-07 00:00:00+00:00,107.9798841963
2022-11-08 00:00:00+00:00,108.3219535233
2022-11-09 00:00:00+00:00,103.475971392
2022-11-10 00:00:00+00:00,104.9962795116
2022-11-11 00:00:00+00:00,108.2744438945
2022-11-14 00:00:00+00:00,108.5880074442
2022-11-15 00:00:00+00:00,109.3159503361
2022-11-16 00:00:00+00:00,108.1474104307
2022-11-17 00:00:00+00:00,108.2910833699
2022-11-18 00:00:00+00:00,107.3524201671
2022-11-21 00:00:00+00:00,106.2892404171
2022-11-22 00:00:00+00:00,109.3638413159
2022-11-23 00:00:00+00:00,108.8178841469
2022-11-25 00:00:00+00:00,108.4347563091
2022-11-28 00:00:00+00:00,105.1781696873
2022-11-29 00:00:00+00:00,105.8773779914
2022-11-30 00:00:00+00:00,106.6436336671
2022-12-01 00:00:00+00:00,106.126411086
2022-12-02 00:00:00+00:00,105.226060667
2022-12-05 00:00:00+00:00,102.3430236872
2022-12-06 00:00:00+00:00,99.4982994911
2022-12-07 00:00:00+00:00,99.2780009843
2022-12-08 00:00:00+00:00,100.0155220722
2022-12-09 00:00:00+00:00,99.1726408289
2022-12-12 00:00:00+00:00,101.6150807952
2022-12-13 00:00:00+00:00,102.726151525
2022-12-14 00:00:00+00:00,101.9694740452
2022-12-15 00:00:00+00:00,100.9924980587
2022-12-16 00:00:00+00:00,100.2837115587
2022-12-19 00:00:00+00:00,100.7338867682
2022-12-20 00:00:00+00:00,102.189772552
2022-12-21 00:00:00+00:00,103.5019853967
2022-12-22 00:00:00+00:00,101.4139386804
2022-12-23 00:00:00+00:00,104.0958335453
2022-12-27 00:00:00+00:00,105.5421411332
2022-12-28 00:00:00+00:00,103.8084876669
2022-12-29 00:00:00+00:00,104.5938997346
2022-12-30 00:00:00+00:00,105.6475012887
symbol,XOM
date,"Index([2013-01-02 00:00:00+00:00, 2013-01-03 00:00:00+00:00,
       2013-01-04 00:00:00+00:00, 2013-01-07 00:00:00+00:00,
       2013-01-08 00:00:00+00:00, 2013-01-09 00:00:00+00:00,
       2013-01-10 00:00:00+00:00, 2013-01-11 00:00:00+00:00,
       2013-01-14 00:00:00+00:00, 2013-01-15 00:00:00+00:00,
       ...
       2022-12-19 00:00:00+00:00, 2022-12-20 00:00:00+00:00,
       2022-12-21 00:00:00+00:00, 2022-12-22 00:00:00+00:00,
       2022-12-23 00:00:00+00:00, 2022-12-27 00:00:00+00:00,
       2022-12-28 00:00:00+00:00, 2022-12-29 00:00:00+00:00,
       2022-12-30 00:00:00+00:00,                  'symbol'],
      dtype='object', name='date', length=2519)"
