date,adjClose,daily_return,ema,ema_daily_return,rsi,rsi_daily_return
2013-01-02 00:00:00+00:00,64.5372794629,0.0,,,,
2013-01-03 00:00:00+00:00,64.8722335538,0.5190086934057314,,,,
2013-01-04 00:00:00+00:00,65.0564583038,0.28398089584384945,64.82199044016666,0.26766319641652697,,
2013-01-07 00:00:00+00:00,63.7501373493,-2.007980435085721,64.28606389473333,-0.870158619334597,17.216981132359336,8.60930323893052
2013-01-08 00:00:00+00:00,62.0753668948,-2.627085248967531,63.180715394766665,-1.748621934151064,6.642402183895743,6.393352958400236
2013-01-09 00:00:00+00:00,64.2776900424,3.5478213948091586,63.72920271858333,0.8995997303290473,57.78537814630917,80.7027911646326
2013-01-10 00:00:00+00:00,64.5540271674,0.42991141221426776,64.14161494299167,0.6647555712716575,61.731143566080625,50.39958046320379
2013-01-11 00:00:00+00:00,62.9378736789,-2.503567258955086,63.539744310945835,-0.9194058438417143,33.91859307147341,32.94261422220587
2013-01-14 00:00:00+00:00,64.1018391447,1.8493879722381257,63.820791727822915,0.4649910641982057,55.55242047067095,62.135104267431245
2013-01-15 00:00:00+00:00,64.4284193833,0.5094709339973802,64.12460555556146,0.48723099909779294,60.93491850639185,51.735872289735056
2013-01-16 00:00:00+00:00,62.2512177925,-3.3792565635473726,63.18791167403073,-1.44601278222479,27.560182002608215,29.9294670442993
2013-01-17 00:00:00+00:00,63.0216122016,1.2375571698338916,63.10476193781537,-0.10422780619544914,43.875915975424064,59.97380785630218
2013-01-18 00:00:00+00:00,62.8373874516,-0.2923199574943913,62.97107469470768,-0.19827388184492023,40.59616837711316,49.43748468389487
2013-01-22 00:00:00+00:00,62.1004884516,-1.1727078891807685,62.53578157315384,-0.6854908855128443,28.026289741845137,42.927605726375205
2013-01-23 00:00:00+00:00,62.2093485312,0.17529665597533217,62.372565052176924,-0.2550971147687561,32.6474598779016,56.180072800571345
2013-01-24 00:00:00+00:00,63.0718553152,1.3864584734678997,62.72221018368846,0.5656806793495719,61.798102495169736,66.6247906710858
2013-01-25 00:00:00+00:00,62.8290135993,-0.38502389803883874,62.77561189149423,0.09032839065536657,52.24785453354686,43.74751264912672
2013-01-28 00:00:00+00:00,61.9665068153,-1.3727842195657258,62.371059353397115,-0.6412279144551796,28.655300441058063,33.98674340131478
2013-01-29 00:00:00+00:00,61.6734219857,-0.4729729730829857,62.02224066954856,-0.5571004437690826,23.29397488642438,49.410282377338866
2013-01-30 00:00:00+00:00,62.4605640993,1.276306856756726,62.241402384424276,0.35960320649382166,56.26131910423062,69.91073885128661
2013-01-31 00:00:00+00:00,61.8576467357,-0.9652768467500183,62.04952456006214,-0.3028368201280983,37.66324076363061,39.29972481150821
2013-02-01 00:00:00+00:00,62.695031963,1.3537295249492765,62.372278261531065,0.525446352410589,63.08549210869704,63.85754159048669
2013-02-04 00:00:00+00:00,62.9797429402,0.4541204753959249,62.67601060086553,0.48978341390325697,69.44134939070463,51.68895856523251
2013-02-05 00:00:00+00:00,63.5491648947,0.9041350883897348,63.11258774778277,0.6969592511464959,79.84966699540458,57.73258439826635
2013-02-06 00:00:00+00:00,63.8841189856,0.5270786665017679,63.49835336669138,0.6120189588241319,84.50606776971782,49.888806808308914
2013-02-07 00:00:00+00:00,64.8387381447,1.4942980732272293,64.16854575569569,1.0531585160256807,92.20580149492952,67.0921720178399
2013-02-08 00:00:00+00:00,64.110212997,-1.123595505628372,64.13937937634785,-0.035218494801345646,58.771782861705816,28.027609375483927
2013-02-11 00:00:00+00:00,63.5324171902,-0.9012539185091151,63.83589828327392,-0.46823620665523036,41.059769331524656,32.99766261126052
2013-02-12 00:00:00+00:00,63.6329034175,0.15816528277079467,63.73440085038696,-0.15503546194221784,45.35579251252781,55.138952564424315
2013-02-13 00:00:00+00:00,63.0257991277,-0.9540729044166807,63.38009998904348,-0.5545541831794493,27.31378921176813,36.26617161438134
2013-02-14 00:00:00+00:00,63.1522215651,0.20058839261023476,63.26616077707174,-0.17698289528460726,35.3470597815476,58.425363366594276
2013-02-15 00:00:00+00:00,63.2365031901,0.13345789413461429,63.25133198358587,-0.021762500574996485,41.78137468965502,56.70599317802117
2013-02-19 00:00:00+00:00,62.9162330153,-0.5064640810976129,63.08378249944293,-0.2641132908363047,26.658716771895563,39.91156723840138
2013-02-20 00:00:00+00:00,63.0257991277,0.17414601470713276,63.054790813571465,-0.04498363806458597,38.14704579174433,59.192824813749276
2013-02-21 00:00:00+00:00,64.0624631144,1.644824819435553,63.55862696398573,0.7999205906854835,80.80955589660743,79.99699572422927
2013-02-22 00:00:00+00:00,64.6102936765,0.8551506380916285,64.08446032024287,0.8275356143885559,87.59302012400553,56.71070591384787
2013-02-25 00:00:00+00:00,63.2365031901,-2.126271849619654,63.66048175517143,-0.6493681176155491,37.59948156299192,21.412248126464725
2013-02-26 00:00:00+00:00,63.7590492647,0.8263361322006224,63.70976550993572,0.08848400729253664,52.928058344634884,59.16717489076109
2013-02-27 00:00:00+00:00,65.2002650511,2.2604097818596625,64.45501528051787,1.1744468945760995,76.65395498851176,69.75360097806801
2013-02-28 00:00:00+00:00,64.8125695764,-0.5946225439362185,64.63379242845893,0.2899121753199405,63.69874696111035,39.314827505164025
2013-03-01 00:00:00+00:00,65.1328397511,0.4941482443810097,64.88331608977947,0.3920302098504751,69.98468089829524,51.43705033384573
2013-03-04 00:00:00+00:00,64.9727046637,-0.2458592132815629,64.92801037673973,0.0730854982844561,61.94046167105363,42.73412290363354
2013-03-05 00:00:00+00:00,66.2959261753,2.0365806201989134,65.61196827601987,1.0548330592416848,84.3032926829756,67.87845918508462
2013-03-06 00:00:00+00:00,66.649909,0.5339435544862825,66.13093863800992,0.7943883068639837,87.29812213547582,47.34822245236667
2013-03-07 00:00:00+00:00,68.3102570112,2.4911482042683675,67.22059782460497,1.6427682555661756,94.57733561480845,66.90501335615198
2013-03-08 00:00:00+00:00,68.4619639361,0.2220851326545814,67.84128088035249,0.9324266941103785,94.97223717058579,40.6487346480011
2013-03-11 00:00:00+00:00,69.9031797226,2.1051335714604713,68.87223030147624,1.518780132785425,97.53268398888197,60.127281117954354
2013-03-12 00:00:00+00:00,70.9314155468,1.4709428502113875,69.90182292413812,1.4948614914984062,98.40303099967058,51.57612350291489
2013-03-13 00:00:00+00:00,71.4286771339,0.7010456273383037,70.66525002901906,1.097953559418355,98.72841518322376,40.96676462129171
2013-03-14 00:00:00+00:00,71.3191110215,-0.15339233035857047,70.99218052525953,0.47228061452989223,92.49937206650584,30.516734506808195
2013-03-15 00:00:00+00:00,72.8446084328,2.138974237690805,71.91839447902976,1.3056274261103487,96.76371623060338,65.71354266228383
2013-03-18 00:00:00+00:00,71.7910881211,-1.4462570866475066,71.85474130006489,-0.07031483026857899,60.89795611836106,30.028693226458767
2013-03-19 00:00:00+00:00,72.0692174834,0.387414886135784,71.96197939173244,0.1585500279336025,65.9027082351901,50.60634707251307
2013-03-20 00:00:00+00:00,71.9512232085,-0.16372354109044363,71.95660130011622,-0.002586756578420557,60.939237307721534,44.68202061932138
2013-03-21 00:00:00+00:00,71.0746943092,-1.2182265432235884,71.5156478046581,-0.6104066499010045,33.13309333925846,33.4451471577135
2013-03-22 00:00:00+00:00,71.4876742714,0.5810506344260613,71.50166103802906,-0.014678007737471577,49.43810446274613,59.508053738305875
2013-03-25 00:00:00+00:00,71.5129587588,0.03536901662797298,71.50730989841452,0.010345504445250703,50.545573190639914,50.50992231141292
2013-03-26 00:00:00+00:00,73.0047435202,2.08603417798936,72.25602670930726,1.0481898412173052,83.16981139972889,73.28269531308469
2013-03-27 00:00:00+00:00,72.6507606955,-0.4848764718994647,72.45339370240363,0.28165668465892024,67.35475483455701,39.28673942610121
2013-03-28 00:00:00+00:00,72.3557750082,-0.4060324826279049,72.40458435530181,-0.06218789898449234,54.419629848041,40.55530176961202
2013-04-01 00:00:00+00:00,71.8500852586,-0.6988934187252993,72.1273348069509,-0.38054065885489585,36.429617924308,36.32633775059723
2013-04-02 00:00:00+00:00,70.8724184093,-1.3607038123632398,71.49987660812545,-0.8706222356090678,18.599061498803316,26.83945647288406
2013-04-03 00:00:00+00:00,71.0999787967,0.32108455236534716,71.29992770241273,-0.2747688416218603,30.479213343014294,63.336799196809
2013-04-04 00:00:00+00:00,71.5972403838,0.699383594082148,71.44858404310637,0.21230737623014384,52.97498967950982,68.61890996242337
2013-04-05 00:00:00+00:00,72.625476208,1.4361389051981588,72.03703012555317,0.8242231407141514,76.53041082438772,77.91429956082784
2013-04-08 00:00:00+00:00,73.1143096326,0.6730880816532947,72.57566987907659,0.748655611183723,82.70745083961555,53.35964019278243
2013-04-09 00:00:00+00:00,73.5020051074,0.530259366118857,73.03883749323829,0.63945748865129,86.8308383643661,49.021930552499235
2013-04-10 00:00:00+00:00,74.0161230195,0.6994610709582405,73.52748025636915,0.6694592798047653,91.0675505577695,55.45640801130031
2013-04-11 00:00:00+00:00,74.6145225565,0.8084718742190189,74.07100140643458,0.7389655770118921,94.2802384248474,60.29909471525842
2013-04-12 00:00:00+00:00,74.9179364063,0.4066418163705787,74.49446890636729,0.5728036966912354,95.508797433958,37.66043833781393
2013-04-15 00:00:00+00:00,73.1311659576,-2.384970187926516,73.81281743198365,-0.9060832456176404,32.964426002178186,7.6663959963768775
2013-04-16 00:00:00+00:00,73.2323039076,0.13829664641014094,73.52256066979183,-0.38389329960374974,36.495339656969364,55.60487730762543
2013-04-17 00:00:00+00:00,73.0637406577,-0.23017608474080742,73.2931506637459,-0.3070346921722786,32.2487987200817,49.92691331448474
2013-04-18 00:00:00+00:00,72.5833353955,-0.6575152844290666,72.93824302962295,-0.4822749883006726,21.536063888582937,42.395769991245785
2013-04-19 00:00:00+00:00,74.1341172944,2.136553646164008,73.53618016201148,0.8271393289316675,69.91990073124884,76.76674645197933
2013-04-22 00:00:00+00:00,73.27444472,-1.1596180082458885,73.40531244100575,-0.16623933965711046,46.22046042686916,37.340669809739296
2013-04-23 00:00:00+00:00,74.3195368692,1.426270991467149,73.86242465510287,0.6300158259050193,66.76351871029802,60.944549634384074
2013-04-24 00:00:00+00:00,76.5529999301,3.0052166025076765,75.20771229260143,1.817616214206348,85.05898661925453,70.96295525653757
2013-04-25 00:00:00+00:00,77.2609655795,0.9248045798942339,76.2343389360507,1.371210397050291,88.15830970634215,47.089529043772195
2013-04-26 00:00:00+00:00,78.2554887538,1.2872259191177848,77.24491384492535,1.3292181580840379,91.7600093675521,51.36503332647263
2013-04-29 00:00:00+00:00,77.4548133169,-1.0231556273566977,77.34986358091268,0.15303126536367007,67.11013267857695,28.97570877182753
2013-04-30 00:00:00+00:00,77.0418333547,-0.5331882481083849,77.19584846780634,-0.19007849137235744,55.56219503230721,37.62461827355752
2013-05-01 00:00:00+00:00,76.8479856173,-0.251613609073309,77.02191704255317,-0.2208460502228332,49.55802061252325,43.55024306897773
2013-05-02 00:00:00+00:00,77.7160863542,1.129633691666454,77.3690016983766,0.4543938207218104,70.77345791795172,66.77512306989787
2013-05-03 00:00:00+00:00,79.0055952157,1.659256045939972,78.1872984570383,1.0568249333308912,84.91254418358419,73.1328175180237
2013-05-06 00:00:00+00:00,79.3848625279,0.4800512054425221,78.78608049246915,0.7684380693867067,87.56627822834133,44.61840144735047
2013-05-07 00:00:00+00:00,79.8905522776,0.6370102984335047,79.33831638503457,0.7027241839101057,90.8019648065807,48.618301329734884
2013-05-08 00:00:00+00:00,79.6672059715,-0.27956535501710844,79.50276117826729,0.21157941444649864,77.44928072657936,29.7789456181278
2013-05-09 00:00:00+00:00,80.150088866,0.6061250531024687,79.82642502213365,0.40885223377448365,84.7310487862135,55.03426426352155
2013-05-10 00:00:00+00:00,79.8366385661,-0.3910791670163283,79.83153179411683,0.008886533379077688,64.46324348270615,34.23794066596679
2013-05-13 00:00:00+00:00,80.277163312,0.5517826825026662,80.05434755305842,0.28033460794087195,76.37596697525754,57.18422689981959
2013-05-14 00:00:00+00:00,81.4208333254,1.4246517517753965,80.73759043922921,0.8524931798581342,89.75289172261314,71.15888839731713
2013-05-15 00:00:00+00:00,82.1917516307,0.9468317552327354,81.4646710349646,0.8996624675454348,93.48369598152712,56.11874621311109
2013-05-16 00:00:00+00:00,81.8189999226,-0.4535147392585426,81.6418354787823,0.2230738641434461,73.95507189982538,29.089901464068458
2013-05-17 00:00:00+00:00,83.8013612792,2.422861876184368,82.72159837899115,1.322967870163907,90.23232915294139,71.45275578660191
2013-05-20 00:00:00+00:00,83.6319286846,-0.20218358271710812,83.17676353179557,0.5603921437233994,83.53884944100486,39.306767029244654
2013-05-21 00:00:00+00:00,83.6573435738,0.03038897894589443,83.4170535527978,0.2953905613346469,83.80908573406931,42.73082894300661
2013-05-22 00:00:00+00:00,82.9626699361,-0.8303797467429597,83.1898617444489,-0.2674945927041564,50.09266421165152,32.53948829492061
2013-05-23 00:00:00+00:00,84.5045065467,1.858470335860174,83.84718414557446,0.7954878715780088,78.66629565015455,68.14197053115701
2013-05-24 00:00:00+00:00,84.71629729,0.2506265665050078,84.28174071778723,0.5230572190415084,80.91741322226281,46.24910883503229
2013-05-28 00:00:00+00:00,84.809485217,0.10999999997758358,84.54561296739362,0.316528609509546,82.15985011820014,44.37853195526021
2013-05-29 00:00:00+00:00,83.9453789846,-1.0188792328936325,84.24549597599682,-0.35117531169204325,43.11497782262778,29.844010284432226
2013-05-30 00:00:00+00:00,85.1737652953,1.4633161772077408,84.70963063564841,0.5560704327578487,71.74621432268665,66.27453804473608
2013-05-31 00:00:00+00:00,83.8860775765,-1.5118360851320234,84.2978541060742,-0.47788282618708733,40.04983121246854,34.275040027876145
2013-06-03 00:00:00+00:00,85.3431978899,1.737022823687484,84.82052599798709,0.6295699987501984,65.74024461140726,63.30014197340698
2013-06-04 00:00:00+00:00,84.3859037305,-1.121699424288014,84.60321486424354,-0.24606471276890785,46.221054701025174,39.99060090892996
2013-06-05 00:00:00+00:00,83.4370812009,-1.124385101841452,84.02014803257177,-0.6852249073051799,32.0661232725061,39.96985966356586
2013-06-06 00:00:00+00:00,84.5129781765,1.2894710123062092,84.26656310453589,0.30212305250051463,55.332773562232475,64.67233924678959
2013-06-07 00:00:00+00:00,86.8257330925,2.7365677626103313,85.54614809851795,1.519345407555423,78.77362752885702,74.21413864485787
2013-06-10 00:00:00+00:00,86.6139423493,-0.2439262366772832,86.08004522390897,0.6377095854390699,73.47694259260416,40.45592409282916
2013-06-11 00:00:00+00:00,86.1988324925,-0.4792644758345399,86.13943885820449,0.07922255480226498,61.34921028128657,38.38777761393343
2013-06-12 00:00:00+00:00,85.4618007061,-0.8550368550109266,85.80061978215224,-0.38790715010433086,42.61589714062396,34.20029827881808
2013-06-13 00:00:00+00:00,86.5461693114,1.2688342585117196,86.17339454677612,0.4404635542036944,65.71807085451599,65.81502892918122
2013-06-14 00:00:00+00:00,86.2666055304,-0.3230227094097149,86.22000003858807,0.05872042239698974,56.86486627050089,42.732237123513585
2013-06-17 00:00:00+00:00,87.2832010978,1.1784346458859618,86.75160056819404,0.6185775341414758,75.13550917197706,61.72472318405435
2013-06-18 00:00:00+00:00,88.1727222194,1.0191206445365086,87.46216139379702,0.8188490893389921,84.01955593801618,58.62998722867934
2013-06-19 00:00:00+00:00,86.622413979,-1.7582628747044637,87.04228768639851,-0.4697068926827358,43.441601852208436,25.368806791195443
2013-06-20 00:00:00+00:00,84.4113186197,-2.5525672372003427,85.72680315304925,-1.5111370649415392,21.365972185008147,20.403327159392017
2013-06-21 00:00:00+00:00,84.6993540305,0.34122842233716977,85.21307859177463,-0.5849543213021847,28.468817284631804,61.540615720645334
2013-06-24 00:00:00+00:00,82.8948968982,-2.1304260852452517,84.05398774498732,-1.3576902032737181,15.398401445835272,37.02485828004925
2013-06-25 00:00:00+00:00,83.589570536,0.8380173735581087,83.82177914049366,-0.25983641485780473,33.12770629362848,63.3365610014313
2013-06-26 00:00:00+00:00,85.3516695196,2.108036890608389,84.58672433004682,0.9241002378752922,62.794135668500495,71.0886822951286
2013-06-27 00:00:00+00:00,87.3848606546,2.3821339950861997,85.98579249232341,1.6531171164807459,78.9537912037713,72.94087600435435
2013-06-28 00:00:00+00:00,86.7833749438,-0.6883179835663444,86.3845837180617,0.4823995664572007,66.19562257556329,35.12710464295733
2013-07-01 00:00:00+00:00,87.4611053222,0.7809449434743598,86.92284452013085,0.6316722549657803,73.4474109344273,52.72022548778232
2013-07-02 00:00:00+00:00,85.9616268601,-1.714451762959135,86.44223569011542,-0.5413897539966773,42.902892168681966,31.178920338546387
2013-07-03 00:00:00+00:00,87.1645982816,1.399428402463565,86.80341698585771,0.42901932423344386,61.946748731398266,61.003484786134685
2013-07-05 00:00:00+00:00,88.2743817761,1.273204393043459,87.53889938097885,0.8511118586384514,73.96369940912388,59.4372998751723
2013-07-08 00:00:00+00:00,88.4183994815,0.16314779271442426,87.97864943123943,0.5071298256764378,75.47149501517248,44.40010573589943
2013-07-09 00:00:00+00:00,88.6810200031,0.2970202165387015,88.32983471716972,0.40207502110756965,78.8256112599607,46.83334241994246
2013-07-10 00:00:00+00:00,89.3756936409,0.7833397019742394,88.85276417903486,0.5927073615409045,86.27324522776685,57.07066435080281
2013-07-11 00:00:00+00:00,90.5447785435,1.3080568720364116,89.69877136126743,0.9503821167886581,92.7290870439951,67.27028625645464
2013-07-12 00:00:00+00:00,86.3004920493,-4.687499999970656,87.99963170528372,-1.8685589415909991,26.039089633553832,13.262636404928841
2013-07-15 00:00:00+00:00,89.5112397166,3.7204279964774933,88.75543571094187,0.9259345274432471,59.274619640704735,67.74144629479522
2013-07-16 00:00:00+00:00,88.2997966653,-1.3533976907654677,88.52761618812093,-0.21373158166111028,47.25620266478751,43.18764506782072
2013-07-17 00:00:00+00:00,88.7742079301,0.5372733377838612,88.65091205911047,0.16177087806137547,52.86956629722778,52.75866312897223
2013-07-18 00:00:00+00:00,91.1801507732,2.7101822693753608,89.91553141615523,1.435976573718368,73.9554072314032,63.39083488284622
2013-07-19 00:00:00+00:00,90.6125515813,-0.6225030196668979,90.26404149872761,0.4067367770257351,63.847100922707746,41.765543094269134
2013-07-22 00:00:00+00:00,90.527835284,-0.09349289455112819,90.39593839136381,0.15662194123730344,61.95137365150628,46.14036007434218
2013-07-23 00:00:00+00:00,91.3156968488,0.8702975856302642,90.85581762008191,0.5134597634337839,73.0952782948136,55.314342763666254
2013-07-24 00:00:00+00:00,90.6040799516,-0.7792930698194089,90.72994878584095,-0.13291665319281254,52.33003490192149,38.484902391947294
2013-07-25 00:00:00+00:00,90.3922892084,-0.233754090669136,90.56111899712047,-0.18333537193097427,46.440312605081104,46.55178895121677
2013-07-26 00:00:00+00:00,89.4604099382,-1.0309278350629558,90.01076446766024,-0.607131603496965,26.646540592511077,36.1584982277457
2013-07-29 00:00:00+00:00,88.7911511896,-0.7481060606164602,89.40095782863011,-0.6776188320567127,18.261627385877052,42.938237570395614
2013-07-30 00:00:00+00:00,89.5705411247,0.8777788379336737,89.48574947666506,0.10008000293848052,47.254667940564204,70.21443937490425
2013-07-31 00:00:00+00:00,89.0368284517,-0.5958573726343341,89.26128896418254,-0.2478886848479268,34.63544678219391,42.55740543013807
2013-08-01 00:00:00+00:00,90.3922892084,1.5223596575379972,89.82678908629127,0.6372354863450351,67.59835749915969,68.93785008142328
2013-08-02 00:00:00+00:00,91.4088847759,1.124648547351459,90.61783693109564,0.880942016848247,79.32685414986673,61.04254006817892
2013-08-05 00:00:00+00:00,91.0700195867,-0.3707136237694808,90.84392825889782,0.2551141965393831,67.17001259727866,37.08709665542782
2013-08-06 00:00:00+00:00,90.6803246192,-0.4279069767070931,90.7621264390489,-0.086396390083855,53.12585852829616,36.27048530805062
2013-08-07 00:00:00+00:00,90.5659576178,-0.12612107629771385,90.66404202842445,-0.10625873319078442,48.64817019654344,45.72866806403075
2013-08-08 00:00:00+00:00,90.0723637875,-0.5450103364257775,90.36820290796223,-0.3256345348082809,31.47440103158179,34.93404456556719
2013-08-09 00:00:00+00:00,89.6383416264,-0.48185941042242497,90.00327226718112,-0.403746972615353,21.47512977491317,38.23134737090742
2013-08-12 00:00:00+00:00,88.7107256351,-1.034842874677644,89.35699895114055,-0.7192949236464985,10.639184574624538,22.95317365164058
2013-08-13 00:00:00+00:00,90.4042630872,1.9090560244835908,89.88063101917027,0.5948805504185462,62.48199704194571,81.61699503654661
2013-08-14 00:00:00+00:00,88.6426437274,-1.948602089816065,89.26163737328514,-0.6768607696987594,32.795311246423,32.69116977552997
2013-08-15 00:00:00+00:00,87.4256796286,-1.3728878648323062,88.34365850094257,-1.0248743172655328,21.97578637285972,40.65490596723983
2013-08-16 00:00:00+00:00,88.0554372742,0.7203348584481573,88.19954788757128,-0.15226972940868777,37.882992227794716,63.92997588290652
2013-08-19 00:00:00+00:00,89.1192170808,1.2080796365674162,88.65938248418564,0.5279049535793643,59.041277099192015,68.27838069415667
2013-08-20 00:00:00+00:00,89.0426249347,-0.08594346832127009,88.85100370944282,0.2209807426290471,56.94639342290628,46.141517892623675
2013-08-21 00:00:00+00:00,88.4298877661,-0.6881391570041417,88.64044573777142,-0.23357920718754732,39.940514832006414,37.62605250377903
2013-08-22 00:00:00+00:00,89.4766470958,1.1837166778597696,89.0585464167857,0.47506873533611116,65.97655760284401,66.47433373043826
2013-08-23 00:00:00+00:00,89.7659952032,0.3233783526669365,89.41227080999286,0.3992235440015238,71.16035830592689,50.40273874435471
2013-08-26 00:00:00+00:00,89.8085463955,0.04740235119509162,89.61040860274643,0.22331294759830772,72.09810614697,45.150322342208256
2013-08-27 00:00:00+00:00,87.8341710744,-2.1984269875666596,88.72228983857322,-0.9875570199841759,22.09491268569576,19.872127156287497
2013-08-28 00:00:00+00:00,87.8852325051,0.05813390173257105,88.30376117183661,-0.4647115591258024,24.136011729973372,56.54232532339072
2013-08-29 00:00:00+00:00,89.2979320883,1.6074368160976515,88.8008466300683,0.5713626284859246,63.65435537486635,70.46335472556059
2013-08-30 00:00:00+00:00,88.4383980046,-0.9625464594746336,88.61962231733415,-0.1955919154943545,43.143525299242874,39.210389006642394
2013-09-03 00:00:00+00:00,89.3660139959,1.0488837566367426,88.99281815661708,0.42664592057119405,62.634167768780756,60.02544203339179
2013-09-04 00:00:00+00:00,90.5234064256,1.2951147510653183,89.75811229110855,0.8608803358182562,77.23786644346146,62.390156415711736
2013-09-05 00:00:00+00:00,90.7616931022,0.2632321142221228,90.25990269665428,0.5620562250201895,79.68931687533946,45.47867448753722
2013-09-06 00:00:00+00:00,90.268099272,-0.5438349741274662,90.26400098432714,0.009110625446361653,59.70869676998179,34.505649087770685
2013-09-09 00:00:00+00:00,91.2212459787,1.0559064768029813,90.74262348151356,0.5325085511246714,76.65972654684377,61.863824993625784
2013-09-10 00:00:00+00:00,92.0552493471,0.9142643903315539,91.39893641430677,0.7233864707281127,84.96295002565046,58.61216707381622
2013-09-11 00:00:00+00:00,92.9573346231,0.979938984900941,92.17813551870339,0.8516627278145268,90.46586765296176,60.07180164324069
2013-09-12 00:00:00+00:00,93.442418215,0.5218346608869551,92.8102768668517,0.6867486943507409,92.63877307795354,43.879968764977846
2013-09-13 00:00:00+00:00,94.7444846983,1.3934426229253782,93.77738078257585,1.0400956586380596,96.16128872272444,68.2805147148062
2013-09-16 00:00:00+00:00,98.4379281869,3.898320308945924,96.10765448473792,2.469207983791992,98.73563067362419,88.9644341959449
2013-09-17 00:00:00+00:00,99.6634025242,1.2449208957072244,97.88552850446897,1.857064439749608,99.05203210321436,43.69291385857301
2013-09-18 00:00:00+00:00,100.7612232846,1.101528477450331,99.32337589453448,1.4792964585999695,99.29058443907088,41.96198391567747
2013-09-19 00:00:00+00:00,101.3058785456,0.5405405405426666,100.31462722006724,1.009918499571318,99.4024824207326,34.046765043732215
2013-09-20 00:00:00+00:00,99.2549110784,-2.024529569897382,99.78476914923363,-0.507305535163032,52.567680664552235,14.843401052736848
2013-09-23 00:00:00+00:00,100.0038120623,0.7545228500667855,99.89429060576681,0.12360865745187677,62.297388110376154,55.56943181628075
2013-09-24 00:00:00+00:00,101.2718375918,1.2679771934194228,100.58306409878341,0.6957929254356499,75.21161688947159,60.76912929055818
2013-09-25 00:00:00+00:00,100.8548359076,-0.4117647058808349,100.71895000319171,0.14201410977740747,64.3403206578041,38.601074514159556
2013-09-26 00:00:00+00:00,101.595226653,0.7341152645157445,101.15708832809585,0.438064687146576,74.25211689172811,55.290243402249146
2013-09-27 00:00:00+00:00,101.050571392,-0.5361031998681209,101.10382986004792,-0.04901925636077248,56.82374664713569,38.079606478005616
2013-09-30 00:00:00+00:00,99.9953018239,-1.0442984671569566,100.54956584197396,-0.5466588617588646,33.7803954998197,32.08577615961716
2013-10-01 00:00:00+00:00,100.2080577852,0.21276595741936966,100.37881181358698,-0.16694645216974746,41.01428993675135,57.12548925384733
2013-10-02 00:00:00+00:00,100.2846499313,0.07643312104119726,100.33173087244349,-0.0452566655642751,44.3000378757927,53.893013552401364
2013-10-03 00:00:00+00:00,98.0719879335,-2.2063815342784565,99.20185940297173,-1.1258190999213658,12.97657832169597,22.258454560521805
2013-10-04 00:00:00+00:00,99.7399946703,1.7007983339045296,99.47092703663587,0.28748961699158193,51.641267159432125,68.99021245409496
2013-10-07 00:00:00+00:00,99.3059725092,-0.43515358360977086,99.38844977291794,-0.07383198330909446,44.009424363503,46.21152922462521
2013-10-08 00:00:00+00:00,98.2421927025,-1.0712143286260467,98.81532123770897,-0.5725231559675705,28.515888781513844,40.27211098356127
2013-10-09 00:00:00+00:00,97.4166995726,-0.8402633402124882,98.11601040515448,-0.7063932480900293,20.227094927348354,44.17961040263116
2013-10-10 00:00:00+00:00,101.1867352073,3.8700096094821834,99.65137280622724,1.581808180696077,73.33132498887183,81.40203590825823
2013-10-11 00:00:00+00:00,100.4037932696,-0.7737594617476251,100.02758303791362,0.404024359474226,60.73633922788652,40.985558302831954
2013-10-14 00:00:00+00:00,101.6633085607,1.2544499068058101,100.84544579930682,0.8292371331400181,72.24106171401674,55.470190204647736
2013-10-15 00:00:00+00:00,100.5739980387,-1.0714883643095363,100.70972191900341,-0.1211256155847591,52.343905990844824,39.00288454504739
2013-10-16 00:00:00+00:00,102.4122095445,1.8277204263995595,101.56096573175171,0.8532974054074002,71.92034476707421,60.77492851344367
2013-10-17 00:00:00+00:00,104.0717060429,1.6204088416615248,102.81633588732586,1.2368531235344624,81.95710556879958,58.53397294843316
2013-10-18 00:00:00+00:00,104.2674415273,0.18807752062728333,103.54188870731292,0.7124653220808729,83.03025826110115,42.3503171827775
2013-10-21 00:00:00+00:00,103.3738664897,-0.8570029383199396,103.45787759850646,-0.07226880811953335,58.999936821936316,32.51219141043805
2013-10-22 00:00:00+00:00,104.2334005735,0.831481024157732,103.84563908600323,0.37960610801909933,71.0775595771119,56.821110333052815
2013-10-23 00:00:00+00:00,109.7990965218,5.339647289330585,106.82236780390161,2.859626698674842,92.50942181973205,82.32229713403521
2013-10-24 00:00:00+00:00,109.765055568,-0.03100294526853231,108.2937116859508,1.4143118767031548,91.88476428709592,40.05218785614129
2013-10-25 00:00:00+00:00,111.6458182661,1.7134439447669791,109.9697649760254,1.563877910735067,94.79659957321317,52.04833364317134
2013-10-28 00:00:00+00:00,110.5309770288,-0.9985517188318305,110.25037100241269,0.2826630959516183,71.86824110564758,35.48791322847554
2013-10-29 00:00:00+00:00,110.3437517828,-0.16938712660724553,110.29706139260634,0.05663798467218639,67.74086911612436,43.70268045797128
2013-10-30 00:00:00+00:00,110.3607722597,0.015424957575760345,110.32891682615318,0.03603147112397337,67.99153774207365,46.00156022962608
2013-10-31 00:00:00+00:00,111.0586118129,0.6323257249032821,110.6937643195266,0.3341785980136277,78.34169420520418,55.16786280058705
2013-11-01 00:00:00+00:00,113.2117021415,1.9386973179777334,111.9527332305133,1.1364379579956805,91.32457167790969,70.87322731155452
2013-11-04 00:00:00+00:00,113.0074564186,-0.1804104337595036,112.48009482455666,0.47801376211808844,84.14715904365117,38.26051333809654
2013-11-05 00:00:00+00:00,113.671255018,0.5873936290904158,113.07567492127833,0.5327036956042521,88.53849408800066,50.61189904778305
2013-11-06 00:00:00+00:00,113.6755101372,0.003743355520557934,113.37559252923917,0.26822352556240503,88.56894095408308,41.211176599289004
2013-11-07 00:00:00+00:00,112.3259924723,-1.1871665790381902,112.85079250076959,-0.4594715267378926,39.12498552095986,26.27435607957491
2013-11-08 00:00:00+00:00,114.0171601789,1.5055889285973123,113.4339763398348,0.5230587009297099,70.29582896146589,66.92856237081281
2013-11-11 00:00:00+00:00,113.1972000788,-0.7191549928216356,113.3155882093174,-0.0980481459459629,51.22118629926338,39.75847647725984
2013-11-12 00:00:00+00:00,113.0263750579,-0.1509092281267388,113.1709816336087,-0.12447868703635084,47.217331536189114,47.86696588961169
2013-11-13 00:00:00+00:00,113.7438401456,0.6347766946719124,113.45741088960435,0.25514900381778083,64.63373371050123,59.24421553186176
2013-11-14 00:00:00+00:00,115.3837603459,1.4417661635133694,114.42058561775218,0.8484575836655751,83.40629779910718,69.49938845352868
2013-11-15 00:00:00+00:00,116.2293441992,0.7328447701522967,115.32496490847609,0.7906511769089359,88.23595483125685,52.19356805538059
2013-11-18 00:00:00+00:00,118.1767494371,1.6754850088136486,116.75085717278805,1.2330680928612923,94.13398561332734,68.05770564601589
2013-11-19 00:00:00+00:00,116.9980567931,-0.9973980919380065,116.87445698294403,0.11783500046164286,64.68876978394793,28.22311602071253
2013-11-20 00:00:00+00:00,113.1288700704,-3.307052124414589,115.00166352667202,-1.594608561976473,25.465959272892995,16.048174144772073
2013-11-21 00:00:00+00:00,113.5388501205,0.3624009060152922,114.27025682358601,-0.6161038279805904,32.017469707957915,58.60433589434614
2013-11-22 00:00:00+00:00,116.1353904377,2.2869179267222206,115.202823630643,0.8354070493708151,62.95322732889831,70.40608561678306
2013-11-25 00:00:00+00:00,113.5986388778,-2.184305361474481,114.4007312542215,-0.6744491560518331,37.76745487598971,35.31703398004283
2013-11-26 00:00:00+00:00,115.1189815635,1.3383458646326396,114.75985640886074,0.33194835429040326,54.22933152920809,59.292616456365835
2013-11-27 00:00:00+00:00,115.0677340573,-0.044516990598753026,114.91379523308038,0.14371568184582512,53.51360275456183,48.669803036110864
2013-11-29 00:00:00+00:00,114.6662952582,-0.3488717340171976,114.79004524564019,-0.10257802608568625,46.328967639377105,45.951896011005225
2013-12-02 00:00:00+00:00,114.5894239989,-0.06703910606590258,114.6897346222701,-0.08480856607579441,44.60870006297692,49.84246937459339
2013-12-03 00:00:00+00:00,112.7445137735,-1.6100178891009231,113.71712419788506,-0.8474132275883588,19.090169398102187,31.324932114058186
2013-12-04 00:00:00+00:00,112.3174512213,-0.3787878788124033,113.01728770959252,-0.613100553200381,15.926664928910453,52.4636959272327
2013-12-05 00:00:00+00:00,113.3680250996,0.9353612166911107,113.19265640459626,0.16113033174536484,47.82862281492095,68.15643802177979
2013-12-06 00:00:00+00:00,115.4606316053,1.84585248253335,114.32664400494812,1.0034914071393575,75.54926277037484,76.29064985061545
2013-12-09 00:00:00+00:00,115.0335690531,-0.36987720079334485,114.68010652902406,0.3168071031730063,64.97997610122664,39.478695218632424
2013-12-10 00:00:00+00:00,114.1965264509,-0.7276507276007593,114.43831648996203,-0.2054218122138765,46.04251310098419,35.34764279060082
2013-12-11 00:00:00+00:00,113.2228238319,-0.8526551982460218,113.83057016093102,-0.5290385052299491,30.52154518306473,33.50992036880484
2013-12-12 00:00:00+00:00,113.5644738736,0.3017501508417064,113.6975220172655,-0.11364417719412134,40.99100753037532,61.34711311632179
2013-12-13 00:00:00+00:00,114.3075627144,0.654332129982027,114.00254236583275,0.27034397639395286,60.43951733306052,67.567796286773
2013-12-16 00:00:00+00:00,115.0677340573,0.6650227901362049,114.53513821156638,0.46768338326507886,73.72694104482197,67.80346447386864
2013-12-17 00:00:00+00:00,116.0585191783,0.8610451306068301,115.2968286949332,0.6643642569359545,84.14091621054253,73.16632973714715
2013-12-18 00:00:00+00:00,115.7254103876,-0.287017957025848,115.5111195412666,0.18867314995505324,70.1235164119484,29.702329369475603
2013-12-19 00:00:00+00:00,115.4520903542,-0.23617979187506855,115.4816049477333,-0.02375332096000765,58.191897527052014,32.370833229467934
2013-12-20 00:00:00+00:00,116.7332780108,1.1097136939395513,116.10744147926665,0.5429801864897719,80.96497391386448,73.02856090852627
2013-12-23 00:00:00+00:00,116.5026642326,-0.19755615718995978,116.30505285593333,0.17271201464990604,70.5841421849897,38.92986470284726
2013-12-24 00:00:00+00:00,116.8699380275,0.3152492668894835,116.58749544171667,0.24398064076969478,77.48134952231649,52.09212708058956
2013-12-26 00:00:00+00:00,118.0998781777,1.0524007892522391,117.34368680970834,0.6481907150109669,89.65997980444656,67.29226545804912
2013-12-27 00:00:00+00:00,116.9297267848,-0.9908150719167841,117.13670679725416,-0.17131217845290858,50.603861436030634,29.016099528756847
2013-12-30 00:00:00+00:00,116.0926841825,-0.7158509861572737,116.61469548987708,-0.44358158230509115,34.48542801123424,36.32701057356785
2013-12-31 00:00:00+00:00,116.579535492,0.41936433198035417,116.59711549093853,-0.012108625162368492,48.73239044298791,61.123574207610815
2014-01-02 00:00:00+00:00,116.7332780108,0.13187779326033766,116.66519675086927,0.059884584048984585,53.52020662519584,53.24661188508816
2014-01-03 00:00:00+00:00,117.5446968599,0.6951049974154966,117.10494680538463,0.37749479073224057,73.27714419521122,66.08904720212375
2014-01-06 00:00:00+00:00,118.2194556923,0.5740444702530878,117.66220124884231,0.4757696304926642,82.53650974650057,60.71228222552572
2014-01-07 00:00:00+00:00,120.0131184114,1.5172314138956366,118.83765983012115,0.9965005221941504,92.66732367977264,79.86046310121982
2014-01-08 00:00:00+00:00,120.2778971938,0.22062486660194836,119.55777851196058,0.6085626943980493,93.50201458815138,39.830363127495275
2014-01-09 00:00:00+00:00,121.3968010805,0.9302655872817089,120.47728979623028,0.7694141408398791,96.2254941917812,57.372036288492936
2014-01-10 00:00:00+00:00,121.2003523065,-0.16182368254475943,120.83882105136513,0.30379522914755985,86.65991139425648,34.29324443625062
2014-01-13 00:00:00+00:00,120.1754021813,-0.8456659619338613,120.50711161633257,-0.27093536639315074,48.74077761683647,24.889229264327888
2014-01-14 00:00:00+00:00,119.5860558593,-0.4904051172725743,120.04658373781629,-0.3806702418328625,35.38613208566159,38.1137908093422
2014-01-15 00:00:00+00:00,120.1070721729,0.4356831654461546,120.07682795535814,0.027506461806646038,52.606158884898136,63.34742693609291
2014-01-16 00:00:00+00:00,119.7568808801,-0.29156592235958234,119.91685441772907,-0.13202973027646814,41.46490564650138,42.79378742922008
2014-01-17 00:00:00+00:00,119.9704121562,0.17830397262414976,119.94363328696454,0.023137121173840813,50.963591392121394,56.47882662965359
2014-01-21 00:00:00+00:00,121.0039035325,0.8614552186037461,120.47376840973227,0.44229616988879344,77.4866594158311,71.39991895484206
2014-01-22 00:00:00+00:00,123.3100413142,1.905837509680497,121.89190486196614,1.1740668397846452,91.98927790427955,83.98832400571452
2014-01-23 00:00:00+00:00,120.6964184949,-2.1195539239504124,121.29416167843307,-0.4727435420828836,43.90678162115833,23.693793343931542
2014-01-24 00:00:00+00:00,116.7161955087,-3.297714245239336,119.00517859356654,-1.8852288936611097,20.01217617587965,18.015748206658223
2014-01-27 00:00:00+00:00,117.3226243328,0.5195755580079675,118.16390146318327,-0.6828266678265711,28.860169323422433,62.126369800615144
2014-01-28 00:00:00+00:00,117.0920105546,-0.1965637740474091,117.62795600889163,-0.4396952209369901,27.147225867889087,53.956907967801335
2014-01-29 00:00:00+00:00,110.8483560418,-5.332263476583298,114.23815602534582,-2.885979348760144,7.9601307896959685,22.346794353786844
2014-01-30 00:00:00+00:00,108.0724494527,-2.504237941114107,111.15530273902291,-2.6951086449371253,5.41009647708908,47.66945065825633
2014-01-31 00:00:00+00:00,106.9877105702,-1.003714534086475,109.07150665461145,-1.8494115895118002,4.5548164667265505,58.45257653847441
2014-02-03 00:00:00+00:00,105.1257178427,-1.7403800096070343,107.09861224865573,-1.7948957995594172,3.237139921911666,50.75141338689673
2014-02-04 00:00:00+00:00,104.2374277342,-0.8449788755108933,105.66801999142785,-1.3199373375351553,2.6819339635786723,60.29012585902413
2014-02-05 00:00:00+00:00,103.6907876674,-0.5244182235520034,104.67940382941393,-0.9221777805435794,2.315369144283227,64.03127375269149
2014-02-06 00:00:00+00:00,104.7755265499,1.046128500807053,104.72746518965695,0.06197536013173688,30.564231108085796,78.74653582972509
2014-02-07 00:00:00+00:00,108.4909707538,3.546099290782845,106.60921797172847,1.8040373254572908,72.066693265166,89.24870553243412
2014-02-10 00:00:00+00:00,108.6105482684,0.11021886316360252,107.60988312006424,0.9571280943104467,72.85010277808692,44.211115488859384
2014-02-11 00:00:00+00:00,111.1729235815,2.3592324631009465,109.39140335078213,1.6581802787056965,85.72162253246003,62.69478128315246
2014-02-12 00:00:00+00:00,110.0625609458,-0.9987707437467908,109.72698214829106,0.3297047674794529,65.52843813808434,35.989522243495855
2014-02-13 00:00:00+00:00,111.2393790875,1.0692265667700651,110.48318061789553,0.699465667124759,74.92062795616637,54.06438656205705
2014-02-14 00:00:00+00:00,111.8063133748,0.5096525097052718,111.14474699634776,0.6045590884150154,79.04619322455862,48.50520127487999
2014-02-18 00:00:00+00:00,112.2100393066,0.36109403808586293,111.67739315147388,0.48282656325043916,82.17783725581134,46.59714876129218
2014-02-19 00:00:00+00:00,110.2858986953,-1.7147668989247133,110.98164592338694,-0.6159701678371371,39.72934445656439,25.53958987159646
2014-02-20 00:00:00+00:00,111.2909185682,0.9112859257525585,111.13628224579347,0.1476578789577107,57.09367338702951,59.91411116200751
2014-02-21 00:00:00+00:00,110.1914096475,-0.9879592466713438,110.66384594664673,-0.42015068385681653,38.76568163993355,39.9209663205068
2014-02-24 00:00:00+00:00,111.3166883085,1.021203617051225,110.99026712757336,0.3005264665972043,58.980499949539855,60.72017793098933
2014-02-25 00:00:00+00:00,108.902922631,-2.1683771896003234,109.94659487928668,-0.9339253615015596,28.600937763884787,33.282422173230955
2014-02-26 00:00:00+00:00,108.7568941025,-0.13409055053076324,109.35174449089334,-0.5340079560161615,27.32377113970032,53.419274825016466
2014-02-27 00:00:00+00:00,110.4319272239,1.5401627043719612,109.89183585739667,0.5030773741778999,58.901060736925466,66.06406028528754
2014-02-28 00:00:00+00:00,110.7411641078,0.28002489105620754,110.31649998259834,0.3915511326170537,63.31503433874048,50.566693080091355
2014-03-03 00:00:00+00:00,110.1398701668,-0.5429723859636137,110.22818507469917,-0.07571062667328002,48.212612891773645,41.117566286686916
2014-03-04 00:00:00+00:00,111.8664427689,1.5676181563363256,111.04731392179959,0.7459537648315228,74.45594140557782,65.74265070563345
2014-03-05 00:00:00+00:00,110.6294952331,-1.1057360055288012,110.8384045774498,-0.17989112034863924,48.205007212373694,36.63407428311596
2014-03-06 00:00:00+00:00,110.6896246272,0.05435204596504484,110.76401460232489,-0.0627695371917972,49.50319089791346,50.810630066195756
2014-03-07 00:00:00+00:00,110.414747397,-0.2483315226027627,110.58938099966244,-0.15555052989727997,42.24302452830083,46.719855137387
2014-03-10 00:00:00+00:00,108.9974116789,-1.2836471137355643,109.79339633928122,-0.7195988218164221,19.792190812744582,33.0626054917068
2014-03-11 00:00:00+00:00,107.9494422388,-0.9614626842582741,108.8714192890406,-0.840530753037348,12.452251203772644,41.099752842210314
2014-03-12 00:00:00+00:00,106.8842929719,-0.9867112277835988,107.87785613047029,-0.9136209904104734,7.954703836882935,40.527736394978476
2014-03-13 00:00:00+00:00,104.7024549574,-2.041308366116623,106.29015554393514,-1.4774646782635483,3.770421110652524,21.6495633088867
2014-03-14 00:00:00+00:00,105.7504243974,1.0009024529810562,106.02028997066756,-0.23828111264124607,30.216757814662746,74.01818241692317
2014-03-17 00:00:00+00:00,107.7346944028,1.8763707254197959,106.87749218673378,0.8190448063892749,60.80802611387795,79.8358820425323
2014-03-18 00:00:00+00:00,106.5492863476,-1.1003029820347177,106.71338926716689,-0.14062908782272138,43.65789350455642,37.27175701832924
2014-03-19 00:00:00+00:00,105.0031019279,-1.4511447919564824,105.85824559753345,-0.7958869398896019,28.13349132937932,34.06122357805001
2014-03-20 00:00:00+00:00,106.2829990309,1.2189136125510203,106.07062231421673,0.21151333633070918,50.14556399384861,66.75345364708052
2014-03-21 00:00:00+00:00,105.2951589849,-0.9294431423719995,105.68289064955837,-0.3589649030206452,37.01875802313942,41.763068022665436
2014-03-24 00:00:00+00:00,106.0167117141,0.6852667645465882,105.84980118182918,0.1631509307629715,51.056425092575765,59.0476089326054
2014-03-25 00:00:00+00:00,106.5321065207,0.48614487118774363,106.1909538512646,0.32464790097535756,60.491361979844235,55.97458457418184
2014-03-26 00:00:00+00:00,106.111200762,-0.39509756490003767,106.15107730663229,-0.03522483196234005,48.935476657624264,41.6017375103168
2014-03-27 00:00:00+00:00,105.8363235318,-0.2590463855144942,105.99370041921614,-0.14713560873841713,41.221492688181165,44.87939856311411
2014-03-28 00:00:00+00:00,106.9100627122,1.0145280415729596,106.45188156570808,0.43369621641727124,69.44424018972022,69.17352411184
2014-03-31 00:00:00+00:00,107.7948237969,0.827575124599611,107.12335268130404,0.6306356705084412,80.82439686126317,63.05423773151376
2014-04-01 00:00:00+00:00,110.1312802534,2.1675033867138094,108.62731646735202,1.3990695286111252,92.25319663770357,81.06361109541677
2014-04-02 00:00:00+00:00,110.2171793878,0.07799703608488695,109.42224792757601,0.7385332823480061,92.49971634018986,37.87635761121511
2014-04-03 00:00:00+00:00,110.6209053196,0.3663003662790931,110.021576623588,0.5524168243135497,93.8740486668228,44.04597452449668
2014-04-04 00:00:00+00:00,109.4183174376,-1.087125329995764,109.719947030594,-0.26735425284110714,51.61544268316037,25.154858872356456
2014-04-07 00:00:00+00:00,107.8807229313,-1.405244151352325,108.800334980947,-0.8362992020967162,27.70037777130297,22.04996301137509
2014-04-08 00:00:00+00:00,106.6437753955,-1.1465881041487824,107.7220551882235,-0.9914436531227493,17.76685655487467,32.2491271013721
2014-04-09 00:00:00+00:00,108.9888217654,2.1989528795310687,108.35543847681174,0.6037546132041597,59.286205083044806,80.8534140510017
2014-04-10 00:00:00+00:00,106.2056898099,-2.5535939469927826,107.28056414335586,-0.9749196668943114,31.222502475205562,31.9748024898674
2014-04-11 00:00:00+00:00,104.8570733993,-1.2698155936973876,106.06881877132793,-1.1223676302958494,23.22995003465142,45.359042157399166
2014-04-14 00:00:00+00:00,105.8706831856,0.966658474664972,105.96975097846396,-0.0778545778154387,40.42352550987689,63.91308986727383
2014-04-15 00:00:00+00:00,106.7468543568,0.8275862069048845,106.35830266763199,0.3748658145447229,53.83069588609126,61.95092240004945
2014-04-16 00:00:00+00:00,108.2672690362,1.4243180172017311,107.312785851916,0.8995919158732271,70.88523460119055,68.22876310805401
2014-04-17 00:00:00+00:00,109.8821727635,1.491589971443763,108.597479307708,1.195590943658495,81.67178631724866,69.09113642451335
2014-04-21 00:00:00+00:00,109.7962736291,-0.07817385863390092,109.196876468404,0.5587085425122971,79.32689247384378,35.43019480672494
2014-04-22 00:00:00+00:00,109.5643459661,-0.2112345486181666,109.38061121725201,0.17373699694706524,71.06359599011347,33.363473594346154
2014-04-23 00:00:00+00:00,112.2100393066,2.414739317951642,110.795325261926,1.2942381574493536,89.60029081283643,75.56230714515722
2014-04-24 00:00:00+00:00,111.5486159715,-0.5894511214747378,111.171970616713,0.3523935179873079,72.24516405742759,36.2110968065748
2014-04-25 00:00:00+00:00,110.5178263583,-0.9240720776520939,110.8448984875065,-0.285839279832393,49.72844783160878,33.31256608370845
2014-04-28 00:00:00+00:00,109.1262603805,-1.2591325975671364,109.98557943400326,-0.7724859386997647,30.487047707928134,29.737367792774602
2014-04-29 00:00:00+00:00,110.2687188685,1.0469143577508166,110.12714915125163,0.137214209525526,52.92033843535051,66.66811392378632
2014-04-30 00:00:00+00:00,110.8270632423,0.5063488353989509,110.47710619677582,0.32178152246223846,61.92756151868414,56.26883865957964
2014-05-01 00:00:00+00:00,110.3460280894,-0.43404123399743977,110.41156714308791,-0.056129855767600656,49.6515717616345,39.990963232316176
2014-05-02 00:00:00+00:00,111.617335279,1.1521096061292146,111.01445121104396,0.547989875180807,71.80696080273758,65.3509428600048
2014-05-05 00:00:00+00:00,113.3524977945,1.5545636447624966,112.18347450277199,1.051276759971652,85.16854794367173,70.15174925581384
2014-05-06 00:00:00+00:00,112.3818375755,-0.8563200969419649,112.28265603913599,0.09747833151484353,60.93562680091176,31.24780938974664
2014-05-07 00:00:00+00:00,112.5965854115,0.19108767095548096,112.439620725318,0.14428300123516224,64.30597572679542,49.49883451062322
2014-05-08 00:00:00+00:00,112.7866218426,0.16877637133088097,112.613121283959,0.1565296862830216,67.97372592439255,49.08251395135005
2014-05-09 00:00:00+00:00,113.2444368811,0.40591253733879284,112.9287790825295,0.28122111181090725,76.64566455951807,55.102790220214025
2014-05-12 00:00:00+00:00,114.5401398202,1.144164759687416,113.73445945136476,0.7126929357491616,89.13509136532743,71.07395887185817
2014-05-13 00:00:00+00:00,115.2743714858,0.6410256411006454,114.50441546858238,0.6768592884249035,92.53046453664034,52.120115287431595
2014-05-14 00:00:00+00:00,114.8770225844,-0.3446983889640709,114.6907190264912,0.1660804497304163,73.80689890280166,29.22035926416111
2014-05-15 00:00:00+00:00,113.3394550966,-1.3384464997517997,114.0150870615456,-0.5861830250106917,33.94183086884134,17.555961216175096
2014-05-16 00:00:00+00:00,112.9939343129,-0.30485481283241134,113.50451068722279,-0.44551891892155154,28.714010523797548,49.19607322895959
2014-05-19 00:00:00+00:00,113.460387371,0.4128124761177965,113.4824490291114,-0.016353221401877532,45.661877473667815,63.7039419553312
2014-05-20 00:00:00+00:00,111.9314579028,-1.3475447278358033,112.7069534659557,-0.6819489746188404,21.052900308457776,31.06461404888942
2014-05-21 00:00:00+00:00,113.1235046068,1.0649791634405048,112.91522903637785,0.1915150944108322,51.57465948181761,66.42642781113588
2014-05-22 00:00:00+00:00,113.8836503311,0.6719609040951813,113.39943968373893,0.4317379992530067,64.6479042205696,59.02734429428146
2014-05-23 00:00:00+00:00,114.376017448,0.4323422330321458,113.88772856586947,0.43204011614257626,71.9938478946405,53.57026787319934
2014-05-27 00:00:00+00:00,115.8963088965,1.3292047427610365,114.89201873118473,0.8806224294518064,85.72871689306112,69.4348778870207
2014-05-28 00:00:00+00:00,116.0345172101,0.11925169568895999,115.46326797064236,0.4999370625703832,86.62329603612774,41.05026042105264
2014-05-29 00:00:00+00:00,116.7341967972,0.6029926300577415,116.09873238392117,0.5514648463140623,90.93722668526,52.656709913756316
2014-05-30 00:00:00+00:00,116.8292150127,0.0813970696736499,116.46397369831058,0.3164309579938561,91.4958920322515,39.938598572751175
2014-06-02 00:00:00+00:00,117.3906862864,0.48059149728854056,116.92732999235528,0.39851122764119834,94.50066974218063,52.97692315848524
2014-06-03 00:00:00+00:00,117.3734102472,-0.014716703468153902,117.15037011977765,0.19189726208652222,92.98431374900859,37.73216949720576
2014-06-04 00:00:00+00:00,116.8983191695,-0.4047689137594346,117.02434464463883,-0.10643582583645618,55.9507169352908,28.160091562035504
2014-06-05 00:00:00+00:00,118.185384089,1.1010123401635763,117.60486436681941,0.49728825716356007,83.17738622102378,70.90335855685021
2014-06-06 00:00:00+00:00,119.420620891,1.0451688349803145,118.5127426289097,0.7712285460719372,91.09824564450241,68.63177246210064
2014-06-09 00:00:00+00:00,119.1701183228,-0.20976491859697743,118.84143047585485,0.2807318137374799,79.68501234055879,32.996911230096444
2014-06-10 00:00:00+00:00,118.5568189316,-0.5146419252003431,118.69912470372742,-0.11695505573143161,54.575114452064355,27.746907890803268
2014-06-11 00:00:00+00:00,115.8358427594,-2.2950819672125755,117.26748373156371,-1.2060185114720037,17.62156271319666,11.59146979641711
2014-06-12 00:00:00+00:00,114.1859810169,-1.4243102162487697,115.72673237423186,-1.3151643638603867,10.905438338113418,38.0520483322271
2014-06-13 00:00:00+00:00,114.2723612128,0.07564868745773001,114.99954679351593,-0.6197578382013283,13.494694081547957,65.0671102064983
2014-06-16 00:00:00+00:00,114.4883117027,0.18897875882502024,114.74392924810797,-0.21538953968815405,21.995757297522296,66.71231393015255
2014-06-17 00:00:00+00:00,114.4105695263,-0.06790402901729609,114.57724938720398,-0.14164678435272507,20.887330060759503,57.504288556693666
2014-06-18 00:00:00+00:00,114.4364835851,0.022650056640127758,114.50686648615199,-0.059498363856298656,22.831692615831916,60.394814413034084
2014-06-19 00:00:00+00:00,114.7301762513,0.2566425120722915,114.618521368726,0.09857207410799643,45.57222799859635,68.65794003754563
2014-06-20 00:00:00+00:00,114.1082388405,-0.5420870350950513,114.36338010461299,-0.22175748049352745,23.538569468810785,33.19581356821038
2014-06-23 00:00:00+00:00,113.0284863912,-0.9462528387711444,113.6959332479065,-0.5840051596323359,10.419513693120228,23.846963945015485
2014-06-24 00:00:00+00:00,111.5600230602,-1.2991975544267231,112.62797815405324,-0.9416013570295295,4.875813317643777,17.420480805559233
2014-06-25 00:00:00+00:00,109.754676965,-1.6182733255852733,111.19132755952663,-1.2799373413074013,2.461087071253098,12.758124060484585
2014-06-26 00:00:00+00:00,110.5839268461,0.7555485597797729,110.88762720281332,-0.26219439076381423,27.27608698671399,78.11674370299914
2014-06-27 00:00:00+00:00,111.033103865,0.40618653335138255,110.96036553390667,0.07199607129378416,39.73368645135741,67.03083422906609
2014-06-30 00:00:00+00:00,109.9015232981,-1.0191380115571969,110.43094441600334,-0.47357097013170635,24.120257841945723,35.87465264791868
2014-07-01 00:00:00+00:00,110.6962211008,0.7230998978462244,110.56358275840168,0.12476446385725903,46.334893971661415,65.37929899987816
2014-07-02 00:00:00+00:00,110.2384060623,-0.41357783847302265,110.40099441035085,-0.1444066873078818,36.97964419872134,45.08049299311067
2014-07-03 00:00:00+00:00,111.0071898062,0.6973828553594297,110.70409210827543,0.27648808402577396,58.22516406691239,62.259294094770794
2014-07-07 00:00:00+00:00,111.5081949426,0.451326744938485,111.10614352543772,0.3639074144821295,68.57961832549803,56.39845072359961
2014-07-08 00:00:00+00:00,109.521450436,-1.7817026879707876,110.31379698071885,-0.708897636744329,27.71610282337215,24.72025552910355
2014-07-09 00:00:00+00:00,109.521450436,0.0,109.91762370835943,-0.3544488183721645,27.71610282337215,54.98273090180153
2014-07-10 00:00:00+00:00,109.521450436,0.0,109.71953707217972,-0.17722440918608226,27.71610282337215,54.982730901801524
2014-07-11 00:00:00+00:00,110.6443929832,1.0253174540052479,110.18196502768987,0.4240465224095828,66.16965162462434,70.39337636097808
2014-07-14 00:00:00+00:00,111.8796297852,1.116402529487015,111.03079740644493,0.7702245259482989,81.98372623513768,71.68500681434567
2014-07-15 00:00:00+00:00,111.5168329622,-0.3242742433958168,111.27381518432247,0.22297514127624107,67.9832248910048,35.225237607337576
2014-07-16 00:00:00+00:00,110.0656456704,-1.3013168086399074,110.66973042736123,-0.5391708336818332,33.57809358646342,23.21425525544872
2014-07-17 00:00:00+00:00,108.7353906529,-1.2086014754172814,109.7025605401306,-0.8738861545495573,19.799995967396153,26.76853540243077
2014-07-18 00:00:00+00:00,110.2556821015,1.3981569749015765,109.9791213208153,0.2621354101760096,52.918321276043976,75.19379165169003
2014-07-21 00:00:00+00:00,110.8257913947,0.517079285469535,110.40245635775764,0.3896073478227723,61.793112810894904,56.31406316128686
2014-07-22 00:00:00+00:00,112.0696662163,1.1223694466300005,111.23606128702883,0.7559883972263863,76.37031066677291,65.29376525717784
2014-07-23 00:00:00+00:00,109.4523462792,-2.335440111018494,110.34420378311441,-0.7897258568960539,34.647406979674614,23.645480014753343
2014-07-24 00:00:00+00:00,107.4569637529,-1.8230605319414672,108.90058376800721,-1.3063931944187606,21.32468050457339,33.126622457325524
2014-07-25 00:00:00+00:00,106.4204014016,-0.964630225067209,107.6604925848036,-1.1355117097429848,16.40829129534901,49.031553911029214
2014-07-28 00:00:00+00:00,106.2994691273,-0.11363636361757523,106.97998085605181,-0.62457403668028,15.77195414600246,62.347793932451616
2014-07-29 00:00:00+00:00,105.6602556773,-0.6013326832653321,106.3201182666759,-0.6129533599728061,12.062851545002475,50.91311014721354
2014-07-30 00:00:00+00:00,105.6343416185,-0.02452583389457308,105.97722994258795,-0.3187395969336896,11.89277387524979,62.96358580557361
2014-07-31 00:00:00+00:00,104.070860072,-1.4800883145999366,105.02404500729398,-0.899413955766813,5.225328332730629,32.6363814792078
2014-08-01 00:00:00+00:00,103.984479876,-0.08300132807612659,104.50426244164699,-0.4912076419214698,4.993332856030425,60.221512226808365
2014-08-04 00:00:00+00:00,103.5957689943,-0.37381624850508777,104.0500157179735,-0.4325119452132788,3.8419466232593558,53.39450029896991
2014-08-05 00:00:00+00:00,104.7532636199,1.11731843572076,104.40163966893675,0.34240324525374055,52.63021877634529,75.10267051083754
2014-08-06 00:00:00+00:00,102.8528993092,-1.8141337510929723,103.62726948906837,-0.7358652529196159,23.39632807194014,31.64154653989709
2014-08-07 00:00:00+00:00,104.1565950077,1.267534223396849,103.8919322483842,0.2658344852386165,51.25711179070504,64.25729226664514
2014-08-08 00:00:00+00:00,104.8432080756,0.6592122830525016,104.36757016199209,0.46252338414555905,62.13624926899862,56.302936286762645
2014-08-11 00:00:00+00:00,104.9909602548,0.14092680099360155,104.67926520839605,0.3017250925695803,64.68077835200822,48.612402116064914
2014-08-12 00:00:00+00:00,104.7041472011,-0.2731788079696984,104.69170620474802,0.01427314229994095,54.09552200118076,41.773861748095634
2014-08-13 00:00:00+00:00,106.0165342043,1.253424088999422,105.35412020452401,0.6338486156496814,78.38019293726823,67.25000886988437
2014-08-14 00:00:00+00:00,107.8677820962,1.746187899646423,106.61095115036201,1.1900182576480522,89.79891436996147,72.97511560457777
2014-08-15 00:00:00+00:00,107.0421081538,-0.7654500040277457,106.826529652081,0.2122841268101533,66.3532268215011,31.23213085951683
2014-08-18 00:00:00+00:00,108.6239256013,1.4777525170068806,107.7252276266905,0.845018321908517,80.77649167638411,61.06720049066555
2014-08-19 00:00:00+00:00,109.1454038807,0.48007681227988375,108.43531575369525,0.6625475670942004,84.1387347492879,47.35959395849333
2014-08-20 00:00:00+00:00,110.683764805,1.4094601051469757,109.55954027934763,1.036003836120588,91.05875825431491,59.928245820888264
2014-08-21 00:00:00+00:00,110.8141343748,0.11778563010544918,110.18683732707382,0.5768947331130186,91.5285821451694,40.01194721457882
2014-08-22 00:00:00+00:00,110.7793691562,-0.03137254899489017,110.48310324163691,0.27276109205906424,89.64441048712924,37.834013146132946
2014-08-25 00:00:00+00:00,111.5355126614,0.6825670799170513,111.00930795151845,0.47766408598805776,93.80500397356764,55.30217211068217
2014-08-26 00:00:00+00:00,111.7701778871,0.21039507516533718,111.38974291930923,0.34402958057669747,94.7811050343341,43.24685069189475
2014-08-27 00:00:00+00:00,111.4225257008,-0.3110419906919848,111.40613431005461,0.016493794942356338,70.2009663311292,31.773416196855884
2014-08-28 00:00:00+00:00,110.4751734932,-0.8502340093635041,110.94065390162731,-0.4168701072105739,34.07755507454137,22.5103613596731
2014-08-29 00:00:00+00:00,110.2057430489,-0.24388325067131733,110.57319847526367,-0.3303766789409456,27.94343918618618,48.05523815374849
2014-09-02 00:00:00+00:00,109.0584908342,-1.04100946371819,109.81584465473183,-0.6856930713295677,12.998722005969112,29.12329714086297
2014-09-03 00:00:00+00:00,109.4582908484,0.3665922856092019,109.63706775156592,-0.1595503928601829,32.007151612321856,65.31626650982739
2014-09-04 00:00:00+00:00,109.0411082249,-0.3811338732465641,109.33908798823296,-0.2703421330533735,23.85076805634691,46.426064101688624
2014-09-05 00:00:00+00:00,108.3718777663,-0.613741431552306,108.85548287726648,-0.44204178230283975,14.784895372352562,40.905656635472155
2014-09-08 00:00:00+00:00,111.2313169984,2.638543588094211,110.04339993783324,1.0982509028956855,75.20039786560638,83.08604221723627
2014-09-09 00:00:00+00:00,111.4312170055,0.1797155805526085,110.73730847166662,0.638983241724147,76.9165497820367,45.91758738518625
2014-09-10 00:00:00+00:00,111.4399083101,0.007799703560240623,111.08860839088331,0.3233914726421938,77.02025952456412,43.859837672289125
2014-09-11 00:00:00+00:00,110.93581264,-0.45234752768933406,111.01221051544165,-0.06447802752357013,55.3753930417201,37.171794063482494
2014-09-12 00:00:00+00:00,110.3361126187,-0.5405828893561115,110.67416156707083,-0.30253045843984083,36.88029391783479,35.609940060817635
2014-09-15 00:00:00+00:00,109.7798691207,-0.5041354863772218,110.22701534388541,-0.40333297240853133,25.179614866209448,37.24374098267379
2014-09-16 00:00:00+00:00,110.657690891,0.7996199825442085,110.4423531174427,0.1981435050678386,57.270308716783305,73.42467258036469
2014-09-17 00:00:00+00:00,111.0401082959,0.34558592522655474,110.74123070667136,0.2718647151471967,66.62455490924232,56.42989494490796
2014-09-18 00:00:00+00:00,111.7527952778,0.6418284283376652,111.24701299223568,0.45684657174243093,79.29526857972095,64.4769037644511
2014-09-19 00:00:00+00:00,112.4220257364,0.5988489656445717,111.83451936431784,0.5278477686935013,86.50928482474265,61.985518006840316
2014-09-22 00:00:00+00:00,111.7788691918,-0.5720912253511901,111.80669427805893,-0.022121728328844403,57.58559804677544,24.034044100876326
2014-09-23 00:00:00+00:00,110.709838719,-0.9563797527470608,111.25826649852947,-0.4892507405379526,31.405828027034676,18.467747878959557
2014-09-24 00:00:00+00:00,111.7527952778,0.9420631182086803,111.50553088816474,0.22640618883536384,58.8097895901206,69.9830999550676
2014-09-25 00:00:00+00:00,110.5012474072,-1.1199253383227248,111.00338914768237,-0.44675957474368044,34.20933050653033,34.48450410824828
2014-09-26 00:00:00+00:00,111.848399629,1.219128519731294,111.42589438834119,0.3861844724938068,60.731110612195955,64.83530309731965
2014-09-29 00:00:00+00:00,111.9179300663,0.062164892417437834,111.6719122273206,0.2241746824556223,61.91958435790683,48.25083144651485
2014-09-30 00:00:00+00:00,110.709838719,-1.0794439698664227,111.1908754731603,-0.42763464370540016,34.61549867339751,34.999913811077256
2014-10-01 00:00:00+00:00,108.354495157,-2.127492541993725,109.77268531508015,-1.2775635928495626,15.118768671521206,25.395782484879785
2014-10-02 00:00:00+00:00,107.9199299241,-0.40105879527225774,108.84630761959008,-0.8393111940609101,13.079906788797178,55.54067521460526
2014-10-03 00:00:00+00:00,109.823325644,1.763711041360616,109.33481663179504,0.46219992364985296,53.91314521914834,74.73876485176908
2014-10-06 00:00:00+00:00,109.7364125974,-0.07913896805650245,109.53561461459752,0.19153047779667526,52.232479176412696,48.175127387547626
2014-10-07 00:00:00+00:00,107.1811690283,-2.328528433378496,108.35839182144876,-1.0684989777909104,21.994890640906995,29.183956964947065
2014-10-08 00:00:00+00:00,108.6239256013,1.3460914693131043,108.49115871137438,0.13879624576109695,47.65798288459262,63.979255596393976
2014-10-09 00:00:00+00:00,106.6944559675,-1.776284205454004,107.5928073394372,-0.8187439798464535,28.71020266462626,39.341406692978325
2014-10-10 00:00:00+00:00,105.5993515807,-1.0263929619113266,106.59607946006861,-0.92256847087889,21.449874302834587,46.731328709098044
2014-10-13 00:00:00+00:00,104.6867645918,-0.8641975307988492,105.6414220259343,-0.8933830008388697,16.29800835774894,48.756751835511345
2014-10-14 00:00:00+00:00,106.2859646486,1.5276048152177424,105.96369333726716,0.31711090718943635,48.69109495635579,72.16629242412772
2014-10-15 00:00:00+00:00,104.4607906707,-1.7172295363120926,105.21224200398359,-0.7000593145613281,29.287248131078368,37.39883977102549
2014-10-16 00:00:00+00:00,104.5477037173,0.0832015975007927,104.8799728606418,-0.3084288585302677,31.244372879497046,55.315899468437145
2014-10-17 00:00:00+00:00,107.111638591,2.4524066837785075,105.9958057258209,1.07198891262412,69.09459702503742,71.44675095415852
2014-10-20 00:00:00+00:00,108.0416081893,0.8682246024178886,107.01870695756045,0.9701067575210043,76.21767298131995,52.4543624754963
2014-10-21 00:00:00+00:00,110.4838647979,2.2604778376872137,108.75128587773023,1.615292297604109,87.5349369482353,64.79222820694515
2014-10-22 00:00:00+00:00,105.5558950575,-4.460352422875847,107.15359046761512,-1.4225300626358688,35.8704596982633,22.50516528828642
2014-10-23 00:00:00+00:00,106.0599907276,0.47756278304058597,106.60679059760756,-0.4724836397976414,41.19588759579063,54.92593376180381
2014-10-24 00:00:00+00:00,106.2425081253,0.17208883052683976,106.42464936145379,-0.15019740463540082,43.733519874983344,52.873312225303664
2014-10-27 00:00:00+00:00,106.1382124695,-0.09816753918967525,106.2814309154769,-0.12418247191253803,42.173556410747544,50.37503950530397
2014-10-28 00:00:00+00:00,107.4332168633,1.220111365802512,106.85732388938845,0.547964446944987,65.25581827621055,63.12389054061857
2014-10-29 00:00:00+00:00,106.9725777165,-0.4287678990252397,106.91495080294422,0.05959827395987366,53.798066528454626,42.59382525189874
2014-10-30 00:00:00+00:00,107.6157342611,0.6012349691193908,107.26534253202212,0.33041662153963225,66.21995240041645,56.00201615630856
2014-10-31 00:00:00+00:00,108.5630864687,0.8803101276078307,107.91421450036106,0.6053633745737315,78.80849079442987,59.8164804485204
2014-11-03 00:00:00+00:00,109.5365125903,0.8966455848513855,108.72536354533054,0.7510044797125585,86.53975822620382,60.120048992926954
2014-11-04 00:00:00+00:00,109.3713778018,-0.15075775610792208,109.04837067356527,0.3001233618023182,79.1882508619501,34.82033338963481
2014-11-05 00:00:00+00:00,108.5978516874,-0.707247298101854,108.82311118048264,-0.20356196814976793,49.58929812721597,26.075323123851465
2014-11-06 00:00:00+00:00,108.9125773886,0.2898084044111071,108.86784428454132,0.04312321813066959,58.952963609091015,55.86493491506101
2014-11-07 00:00:00+00:00,108.7989264409,-0.10435061810583068,108.83338536272066,-0.030613699987580546,53.56374060583663,45.09031442566946
2014-11-10 00:00:00+00:00,108.9650316721,0.15267175571831437,108.89920851741033,0.06102902786536692,61.31637323194785,53.8049434667855
2014-11-11 00:00:00+00:00,109.5944830746,0.5776636714007299,109.24684579600518,0.3193463496330484,80.15197342255364,66.85298586580019
2014-11-12 00:00:00+00:00,110.0403444847,0.40682833441214594,109.64359514035259,0.3630873420225972,86.91924935102166,57.12420685809654
2014-11-13 00:00:00+00:00,112.3658177216,2.1132914912160405,111.00470643097628,1.2381894166193188,96.43330235455883,86.51899353598684
2014-11-14 00:00:00+00:00,112.654316281,0.25674939696946897,111.82951135598815,0.7474694067943939,96.85850230665795,40.83371968661683
2014-11-17 00:00:00+00:00,112.2696515351,-0.34145584350316893,112.04958144554408,0.20300678164561248,78.21085865322473,32.531327702564866
2014-11-18 00:00:00+00:00,114.2279447872,1.7442765924037484,113.13876311637205,0.9736416870246805,91.17915593608855,67.30169088070674
2014-11-19 00:00:00+00:00,115.0584709433,0.7270779121932192,114.09861702983602,0.8503597996089498,93.60171052601159,48.87546417791393
2014-11-20 00:00:00+00:00,115.1371523686,0.06838386140102237,114.61788469921801,0.4593718305049861,93.84204182060812,38.60811662913902
2014-11-21 00:00:00+00:00,116.0813294723,0.820045558081306,115.349607085759,0.639708694293146,96.32604715507185,54.8450132428021
2014-11-24 00:00:00+00:00,117.6811851202,1.3782196113473866,116.51539610297951,1.0089641528202664,98.18593599472506,65.12047073817725
2014-11-25 00:00:00+00:00,117.856032732,0.14857737166855678,117.18571441748975,0.5787707622444116,98.32494787029769,37.170026806944875
2014-11-26 00:00:00+00:00,117.8298055903,-0.02225354196305762,117.50776000389487,0.278258610140677,96.65838633371082,34.11835250781322
2014-11-28 00:00:00+00:00,117.4626256055,-0.3116189345815479,117.48519280469743,-0.016680162220435446,71.28514446082832,28.229621171476758
2014-12-01 00:00:00+00:00,115.7403766293,-1.466210181597838,116.61278471699872,-0.7414451719091366,25.039521313885892,13.885594278138296
2014-12-02 00:00:00+00:00,115.6442104428,-0.08308784652395484,116.12849757989936,-0.41226650921654573,23.749086054542826,54.98556125914328
2014-12-03 00:00:00+00:00,115.3731966445,-0.234351375881503,115.75084711219968,-0.32330894254902437,19.500726561495057,50.993089240696804
2014-12-04 00:00:00+00:00,114.8049419062,-0.49253618242975916,115.27789450919984,-0.40792256248939174,12.479484706129178,42.99946107744759
2014-12-05 00:00:00+00:00,115.5830137787,0.6777337800804029,115.43045414394993,0.13490560879550556,49.68604424591915,72.40763903627679
2014-12-08 00:00:00+00:00,113.8957343248,-1.4597988049788513,114.66309423437497,-0.6624465980916728,20.851711219173787,30.000636759799225
2014-12-09 00:00:00+00:00,113.3537067282,-0.4758980657293854,114.00840048128748,-0.5691723319105291,16.294967312553908,50.1561733821988
2014-12-10 00:00:00+00:00,108.9650316721,-3.8716643529118855,111.48671607669374,-2.2204183424112074,4.459373476705386,20.13771928269907
2014-12-11 00:00:00+00:00,107.8547493372,-1.0189345314385645,109.67073270694686,-1.619676436924886,3.4958181526400036,54.47329150211313
2014-12-12 00:00:00+00:00,105.5817303838,-2.107481559568214,107.62623154537343,-1.8635789982465498,2.1014397681813675,43.715644689802176
2014-12-15 00:00:00+00:00,106.7269822411,1.0847064668640272,107.17660689323671,-0.38943626569126133,24.77754719724813,69.88035850696524
2014-12-16 00:00:00+00:00,108.6240788291,1.777522935778686,107.90034286116835,0.6940433350437123,52.2559367079303,73.83945492939226
2014-12-17 00:00:00+00:00,109.3322116569,0.6519114688319894,108.61627725903418,0.6729774019378508,60.36296190931106,55.92468008698542
2014-12-18 00:00:00+00:00,109.8654968729,0.4877658723977163,109.24088706596709,0.5803716371677836,66.74223607270497,53.10629173310545
2014-12-19 00:00:00+00:00,110.3550701859,0.4456115222110091,109.79797862593355,0.5129915796893963,72.77580832843111,52.09495126638921
2014-12-22 00:00:00+00:00,112.0948039233,1.5764873643497435,110.94639127461679,1.04473947201957,86.15971365216548,72.87874915387931
2014-12-23 00:00:00+00:00,113.6771748101,1.4116362502250457,112.3117830423584,1.2281878611223078,91.71600069258308,66.5640643881735
2014-12-24 00:00:00+00:00,114.7350028614,0.9305544873604799,113.5233929518792,1.0793711742413938,94.09368525892351,48.25973067148254
2014-12-26 00:00:00+00:00,115.0759557044,0.2971654983195293,114.2996743281396,0.6882683362804616,94.81341024284222,31.275110975034167
2014-12-29 00:00:00+00:00,115.6529528234,0.5014054547434421,114.97631357576981,0.5948368955119518,96.03874204291021,41.27225044733541
2014-12-30 00:00:00+00:00,115.2508033162,-0.3477209162260353,115.1135584459849,0.12355798964295828,77.01653383849131,21.640669501467304
2014-12-31 00:00:00+00:00,113.6334629071,-1.4033224607230776,114.37351067654245,-0.6398822355400597,35.089382797418665,11.468387011657278
2015-01-02 00:00:00+00:00,113.6072357653,-0.023080473945813473,113.99037322092123,-0.3314813547429366,34.630803194358805,53.93589788096352
2015-01-05 00:00:00+00:00,112.8204215123,-0.6925740668714764,113.40539736661061,-0.5120277108072064,21.80643107878395,39.981765300294335
2015-01-06 00:00:00+00:00,111.4915796626,-1.1778380473034478,112.44848851460532,-0.8449328790553271,11.251237824092062,31.20440812080328
2015-01-07 00:00:00+00:00,113.2225710194,1.552575864507788,112.83552976700265,0.3538214927262305,54.389328733473825,75.88542719024841
2015-01-08 00:00:00+00:00,115.2245761745,1.7682032275675663,114.03005297075133,1.0610123601468984,75.25539790066416,77.60816353033437
2015-01-09 00:00:00+00:00,114.9972742791,-0.19726858882584963,114.51366362492567,0.43187188566052437,69.81591358391965,39.26003686707127
2015-01-12 00:00:00+00:00,114.4115347796,-0.5093507678089804,114.46259920226284,-0.038739441074228,54.56963543622189,35.126131953991134
2015-01-13 00:00:00+00:00,114.6738061973,0.22923511882366743,114.56820269978141,0.09524783887471971,60.38067924927674,52.777608835207516
2015-01-14 00:00:00+00:00,113.9831581307,-0.6022718609441702,114.27568041524071,-0.2535120110347252,40.113429564026234,36.16190586513036
2015-01-15 00:00:00+00:00,113.7733409966,-0.18407731242138237,114.02451070592036,-0.21879466172805379,34.79175227164868,48.413869282039684
2015-01-16 00:00:00+00:00,114.3328533543,0.4917780850935305,114.17868203011018,0.13649171168273835,57.39868824345101,64.7937883718085
2015-01-20 00:00:00+00:00,114.7175181003,0.33644288121452703,114.4481000652051,0.23646729644863268,68.61833374863296,58.40078614779633
2015-01-21 00:00:00+00:00,115.7578613905,0.9068739521460145,115.10298072785255,0.5716706242973236,84.82818889924434,73.04869921474626
2015-01-22 00:00:00+00:00,118.581650321,2.439392795081252,116.84231552442628,1.505531709689288,95.11068056970652,88.85852718576598
2015-01-23 00:00:00+00:00,117.6899275008,-0.7519905632837109,117.26612151261314,0.3767705732027885,71.99719573700638,31.372562739559264
2015-01-26 00:00:00+00:00,117.2090965684,-0.4085574208521181,117.23760904050657,-0.0158934238246648,60.17026983771578,37.861559367096035
2015-01-27 00:00:00+00:00,115.8190580546,-1.1859476393018764,116.52833354755329,-0.6009205315632706,35.13938692704451,28.660278295210166
2015-01-28 00:00:00+00:00,122.0786025569,5.404589371940061,119.30346805222663,2.401834420188395,82.97607383915977,82.5594765899986
2015-01-29 00:00:00+00:00,129.1949003571,5.829275279329282,124.24918420466332,4.115554849758839,92.4596698708705,83.74644093634078
2015-01-30 00:00:00+00:00,127.0879866349,-1.630802544354626,125.66858541978166,1.2423761527021064,74.1219933888628,29.98153940201691
2015-02-02 00:00:00+00:00,127.8660585074,0.6122308591883341,126.76732196359083,0.9273035059452203,76.68362791662861,45.702974193845236
2015-02-03 00:00:00+00:00,128.8102356111,0.7384110488127371,127.78877878734542,0.8328572773789786,80.2434095216203,46.712578102195984
2015-02-04 00:00:00+00:00,128.705327044,-0.08144427855620862,128.24705291567273,0.375706499411385,78.25224147863874,39.54595792056738
2015-02-05 00:00:00+00:00,129.9117755655,0.9373726396635806,129.07941424058635,0.6565395695374828,84.77093832866126,52.989786326078914
2015-02-06 00:00:00+00:00,129.3872327301,-0.40376850606241854,129.2333234853432,0.12638553173753214,70.90934430447363,36.821378436024624
2015-02-09 00:00:00+00:00,129.0200527453,-0.2837837838034152,129.1266881153216,-0.07869912603294152,60.51864698946728,39.30656792434614
2015-02-10 00:00:00+00:00,129.4222022524,0.3116953516473009,129.2744451838608,0.11649811280717969,68.17908621638975,53.053956695072486
2015-02-11 00:00:00+00:00,130.112850319,0.5336395568768637,129.69364775143038,0.3250688348420217,78.78365041443602,58.3306706162911
2015-02-12 00:00:00+00:00,130.2623850983,0.11492698755994901,129.9780164248652,0.21999791120098536,80.85568363432519,44.25447744616924
2015-02-13 00:00:00+00:00,131.7049559104,1.10743466812111,130.84148616763258,0.6637162896610477,92.06692601168383,69.99734983684644
2015-02-17 00:00:00+00:00,131.8720830167,0.12689507782357445,131.3567845921663,0.39530568374231106,92.79969301423051,41.55782487559727
2015-02-18 00:00:00+00:00,132.9716034527,0.8337780149122009,132.16419402243315,0.614541849327256,96.23322769812165,59.39693490056727
2015-02-19 00:00:00+00:00,135.2410136327,1.7066878349009773,133.70260382756658,1.1606148421141167,98.47890576668524,74.06226841495051
2015-02-20 00:00:00+00:00,139.2520641834,2.96585365856068,136.47733400548327,2.0632342503373984,99.4105594743312,85.44064153210299
2015-02-23 00:00:00+00:00,136.111833818,-2.255069168141155,136.29458391174165,-0.0959174589018783,57.82131707297355,22.916332558058826
2015-02-24 00:00:00+00:00,135.7951719325,-0.23264831324175672,136.04487792212083,-0.1642828860718175,54.3800853355278,45.91403695315758
2015-02-25 00:00:00+00:00,134.5900975346,-0.8874206503446391,135.31748772836042,-0.5258517682082283,40.59029950736786,40.10352132906196
2015-02-26 00:00:00+00:00,133.4641886081,-0.8365466309366298,134.3908381682302,-0.6811991995724291,29.947445927722086,40.97410153334501
2015-02-27 00:00:00+00:00,132.6901262211,-0.5799775917964878,133.54048219466512,-0.6305883956844585,23.573321092033726,46.821261593761
2015-03-02 00:00:00+00:00,135.2849944501,1.9555850181920853,134.41273832238255,0.6624983112538134,63.08362750074346,78.45676191444167
2015-03-03 00:00:00+00:00,136.8419153876,1.1508452536280966,135.62732685499128,0.906671782440955,74.80580707145084,61.14100028614402
2015-03-04 00:00:00+00:00,135.768783442,-0.7842128945362958,135.69805514849565,0.0612294439523296,56.317070666637996,34.041901540410244
2015-03-05 00:00:00+00:00,135.8743374039,0.07774538389753172,135.7861962761978,0.06948741392493066,57.85395580392569,49.112136128561026
2015-03-06 00:00:00+00:00,134.6868553329,-0.8739561080398084,135.2365258045489,-0.4022343470574389,36.301461214349345,35.62966747177924
2015-03-09 00:00:00+00:00,136.1206299815,1.0645245559087524,135.67857789302445,0.33114510442565676,61.9641693701444,64.99234287724194
2015-03-10 00:00:00+00:00,134.0711238888,-1.5056542810436224,134.87485089091223,-0.5872545883089828,33.245459341633534,34.07736252101597
2015-03-11 00:00:00+00:00,132.9716034527,-0.8201023488189407,133.9232271718061,-0.7036784685639618,24.214329364531835,44.617527272347715
2015-03-12 00:00:00+00:00,133.7368696762,0.5755110141032471,133.83004842400305,-0.06408372723035732,40.958619996306986,62.78647157455496
2015-03-13 00:00:00+00:00,133.3234499922,-0.30912917656960026,133.57674920810155,-0.1866064518999788,34.73896378757712,47.85827885084409
2015-03-16 00:00:00+00:00,135.1706443248,1.3854984496036282,134.3736967664508,0.5994459988518247,67.65625404577648,69.02203981725762
2015-03-17 00:00:00+00:00,135.9095220578,0.5466258866270834,135.14160941212538,0.573035942739454,75.1705522015264,53.037404996103746
2015-03-18 00:00:00+00:00,136.9826540034,0.7895929066277008,136.0621317077627,0.6813144246835774,83.51450580473161,57.33054113233791
2015-03-19 00:00:00+00:00,135.5576755183,-1.0402619919049338,135.80990361303134,-0.17947378361067823,50.02825077239104,28.20383665817577
2015-03-20 00:00:00+00:00,135.9007258943,0.25306599179157896,135.85531475366565,0.036796104090450366,56.34863327993517,53.33753002791538
2015-03-23 00:00:00+00:00,134.4141742648,-1.0938511326688438,135.13474450923283,-0.5285275142891968,30.924863134093368,34.48109515339804
2015-03-24 00:00:00+00:00,133.3938193002,-0.7591126234870793,134.26428190471643,-0.643820068888138,21.11581356529337,42.11037404076926
2015-03-25 00:00:00+00:00,130.3855313872,-2.25519287833712,132.3249066459582,-1.449506473612629,8.788206630389263,23.648854527301882
2015-03-26 00:00:00+00:00,130.3327544062,-0.04047763615985245,131.32883052607912,-0.7449920548862408,8.655232818667606,61.3116615736329
2015-03-27 00:00:00+00:00,130.9308935234,0.4589323074810636,131.12986202473957,-0.14302987370258857,27.344192023259982,66.84379334138941
2015-03-30 00:00:00+00:00,134.3174164664,2.586496472961719,132.72363924556979,1.2217332996295651,73.45982991746229,82.67477911574625
2015-03-31 00:00:00+00:00,132.0128216325,-1.7157825801961568,132.3682304390349,-0.24702464028329585,44.577774882713854,33.768617909784616
2015-04-01 00:00:00+00:00,130.7461740902,-0.9594882729089149,131.55720226461744,-0.6032564565961054,33.665492331626055,42.70551694543308
2015-04-02 00:00:00+00:00,131.3091285534,0.4305705058808451,131.43316540900872,-0.08634297535763014,42.97213555849593,58.2405295230964
2015-04-06 00:00:00+00:00,132.760495529,1.1053054662606865,132.09683046900437,0.5094812454515282,63.03040549806813,65.12544728915333
2015-04-07 00:00:00+00:00,133.9831622539,0.9209567349294234,133.03999636145218,0.7152189901904757,74.40586474411191,61.00355074114703
2015-04-08 00:00:00+00:00,134.8979632567,0.6827731092556633,133.96897980907607,0.6989960497230695,80.97556794985846,54.338314605884904
2015-04-09 00:00:00+00:00,134.9507402376,0.039123630650794716,134.45986002333802,0.3690598401869321,81.38898140051289,37.65953797059304
2015-04-10 00:00:00+00:00,135.7951719325,0.6257332812056315,135.12751597791902,0.4973965606962818,87.76826787694243,56.08630217596019
2015-04-13 00:00:00+00:00,134.7924092948,-0.7384376214777832,134.9599626363595,-0.12052053039075072,54.49556891974393,27.61410859389421
2015-04-14 00:00:00+00:00,134.7660208043,-0.0195771339336126,134.86299172032977,-0.07004883216218166,53.69210095754999,48.34246574071749
2015-04-15 00:00:00+00:00,134.0799200522,-0.5091051498035459,134.4714558862649,-0.2895769909828638,34.09010432951825,37.40211364829262
2015-04-16 00:00:00+00:00,133.6752965318,-0.3017778652034453,134.07337620903246,-0.29567742809315456,25.768116514804568,45.27063420223698
2015-04-17 00:00:00+00:00,131.5906057851,-1.5595183259638934,132.8319909970662,-0.927597877028524,8.926796166426602,21.11676701088882
2015-04-20 00:00:00+00:00,134.291027976,2.0521390374249604,133.5615094865331,0.5622705801982182,59.87814853345795,76.08252392113438
2015-04-21 00:00:00+00:00,134.8715747662,0.43230497148607494,134.21654212636656,0.49728777584214656,66.01025667350952,51.80004984241976
2015-04-22 00:00:00+00:00,132.9891957797,-1.3956825148391139,133.6028689530333,-0.44919736949848366,37.864156737373875,33.63074096860116
2015-04-23 00:00:00+00:00,131.8281021992,-0.8730736160126651,132.71548557611663,-0.6611354927555744,27.152298433853254,42.30862707175572
2015-04-24 00:00:00+00:00,130.5350661665,-0.9808500699996059,131.6252758713083,-0.8209927813775901,18.438646190860123,40.663898130508734
2015-04-27 00:00:00+00:00,130.0072963572,-0.4043126684647458,130.81628611425415,-0.612652724921168,15.410740715128412,54.77197656237422
2015-04-28 00:00:00+00:00,129.752207616,-0.196211096105825,130.28424686512707,-0.4044319105134965,13.771197069811821,59.93025274383132
2015-04-29 00:00:00+00:00,128.5559293816,-0.9219713917626438,129.42008812336354,-0.6632016511380701,7.876473418569339,37.53543479257407
2015-04-30 00:00:00+00:00,126.0842074414,-1.9226821758357437,127.75214778238177,-1.292941913486907,3.385354387045587,21.172096150019335
2015-05-01 00:00:00+00:00,127.2540971853,0.9278638202518286,127.50312248384088,-0.18253904661753917,31.22619696029021,72.46372082653998
2015-05-04 00:00:00+00:00,126.6823465586,-0.4492984032313241,127.09273452122045,-0.3159187249244316,25.780186833745056,49.2435962110485
2015-05-05 00:00:00+00:00,125.7059724114,-0.770726288013901,126.39935346631023,-0.5433225064691662,17.8194340462142,44.276455419889636
2015-05-06 00:00:00+00:00,124.8615407165,-0.6717514519806622,125.63044709140512,-0.6075369792249142,12.722742691122892,46.757025593440865
2015-05-07 00:00:00+00:00,125.2599219794,0.31905842312529575,125.44518453540256,-0.14423927804980924,27.414392873737494,68.08837995053106
2015-05-08 00:00:00+00:00,128.7745300101,2.805852003706333,127.10985727275127,1.3308063628282618,77.51102043740208,87.27774997978518
2015-05-11 00:00:00+00:00,129.1552054391,0.2956139144675296,128.13253135592564,0.8132101386478957,79.77848672014585,45.68328075216287
2015-05-12 00:00:00+00:00,128.7479712592,-0.31530605252455546,128.44025130756282,0.24895204306167013,68.6685937098882,38.91325568914497
2015-05-13 00:00:00+00:00,128.9161766813,0.1306470466717835,128.67821399443142,0.18979954486672682,71.15715956561203,47.441710283393185
2015-05-14 00:00:00+00:00,130.9877592485,1.606922126089172,129.8329866214657,0.8983608354779494,88.31001967209355,68.96019562984334
2015-05-15 00:00:00+00:00,130.0316442175,-0.7299270072909092,129.93231541948285,0.08421691409352011,62.55509166397108,34.96733735969393
2015-05-18 00:00:00+00:00,129.8811446293,-0.11574074072944196,129.90673002439144,-0.015761913317960924,58.525058325738385,45.54903737906543
2015-05-19 00:00:00+00:00,130.1821438057,0.23174971029020774,130.0444369150457,0.10799389848612341,65.24265368143341,52.15578043826429
2015-05-20 00:00:00+00:00,129.6244100376,-0.4284257055502505,129.83442347632285,-0.16021590353206355,44.98951749712504,38.755292636744834
2015-05-21 00:00:00+00:00,130.4477313144,0.6351591313404459,130.14107739536144,0.23747161390419116,67.39879872853219,62.21563467224632
2015-05-22 00:00:00+00:00,128.1990904081,-1.723786901958757,129.17008390173072,-0.7431576440272829,25.25361123402193,27.354847091582425
2015-05-26 00:00:00+00:00,126.4196541004,-1.3880256888215592,127.79486900106536,-1.065591666424421,14.494837344573222,35.11684302052874
2015-05-27 00:00:00+00:00,126.5967124394,0.14005602234870018,127.19579072023268,-0.4627678220378604,19.606757174148047,62.48257623387735
2015-05-28 00:00:00+00:00,126.0035670035,-0.46853146852761096,126.59967886186634,-0.46564964528273567,15.077258444159092,49.90754608598537
2015-05-29 00:00:00+00:00,124.4011890349,-1.2716925454622108,125.50043394838318,-0.8686710953724732,7.787289106904919,35.68899561175265
2015-06-01 00:00:00+00:00,125.0474519725,0.5194990036780922,125.27394296044159,-0.1745860458471905,28.656025990094463,67.07165148127375
2015-06-02 00:00:00+00:00,126.8180353633,1.4159292035709647,126.04598916187079,0.6206715788618871,63.03506427922567,75.90011428966703
2015-06-03 00:00:00+00:00,127.3137987127,0.3909249563595507,126.6798939372854,0.5057982676107189,69.25707676046298,51.99174403690226
2015-06-04 00:00:00+00:00,124.9943344708,-1.821848272027593,125.8371142040427,-0.6580250022084371,31.750951860907353,25.738191665912055
2015-06-05 00:00:00+00:00,124.5871002909,-0.32580211065097453,125.21210724747135,-0.4919135564297058,27.787805680823617,50.88822885919345
2015-06-08 00:00:00+00:00,124.5074240383,-0.06395224900006546,124.85976564288568,-0.27793290271488563,26.805856598043995,54.89840650050834
2015-06-09 00:00:00+00:00,124.0293665228,-0.383959044364246,124.44456608284284,-0.3309459735395658,20.337716544540584,47.75085522061918
2015-06-10 00:00:00+00:00,125.3750098998,1.0849393290681908,124.90978799132142,0.3769966777643125,60.5398703206494,72.44883159582022
2015-06-11 00:00:00+00:00,126.5613007716,0.9461940403818092,125.73554438146071,0.6615953590730609,76.33352451206676,67.90127740284548
2015-06-12 00:00:00+00:00,126.4196541004,-0.1119194179709293,126.07759924093035,0.2748379705510658,71.22755084010103,39.52240581022884
2015-06-15 00:00:00+00:00,125.9681553357,-0.3571428571869206,126.02287728831519,-0.04115244331792742,53.96765242383943,34.508620065813226
2015-06-16 00:00:00+00:00,126.0124199205,0.03513950385478637,126.01764860440758,-0.003006469731570524,55.55158816792521,49.79210713387126
2015-06-17 00:00:00+00:00,126.9773878685,0.7657720950115854,126.4975182364538,0.38138281264000745,79.08487664186293,69.60732240714027
2015-06-18 00:00:00+00:00,128.7037066745,1.35954821167672,127.6006124554769,0.8704655121583637,91.36015902929582,79.4797566513176
2015-06-19 00:00:00+00:00,128.4823837506,-0.1719631311472236,128.04149810303846,0.34925119050557,82.0943952201113,35.21889952573136
2015-06-22 00:00:00+00:00,128.987000017,0.3927513264227134,128.51424906001924,0.37100125846414167,86.70563797372833,50.47350105129218
2015-06-23 00:00:00+00:00,127.8626795638,-0.8716540837850562,128.18846431190963,-0.25032641266045724,46.59853073442812,28.183898904907515
2015-06-24 00:00:00+00:00,126.5967124394,-0.9900990099056428,127.39258837565481,-0.62021271128305,26.160379285675585,26.537195850398135
2015-06-25 00:00:00+00:00,126.109802007,-0.38461538456859845,126.75119519132741,-0.5024140479258242,20.8775475119398,49.266503732991765
2015-06-26 00:00:00+00:00,126.1363607578,0.021060021011320984,126.44377797456372,-0.24067701345725162,22.16359014079137,61.30011376727711
2015-06-29 00:00:00+00:00,122.8165169002,-2.6319483435665147,124.63014743738185,-1.4363126785118832,5.475746408244076,18.42634864298681
2015-06-30 00:00:00+00:00,122.8076639832,-0.007208246271295238,123.71890571029093,-0.7217604623915892,5.459304303512091,59.972357148683216
2015-07-01 00:00:00+00:00,124.5871002909,1.4489619377040075,124.15300300059546,0.36360073765620915,50.38063428238406,71.88743652400025
2015-07-02 00:00:00+00:00,124.1267486093,-0.3695018830401575,124.13987580494774,-0.002950572691974185,42.5372763272243,46.15277227705581
2015-07-06 00:00:00+00:00,124.4011890349,0.22109692606533393,124.27053241992387,0.10907317668667987,49.55939693744678,54.149130574431446
2015-07-07 00:00:00+00:00,126.7295061938,1.87161969830274,125.50001930686193,0.99034643749471,80.25910455465731,71.74084786189381
2015-07-08 00:00:00+00:00,125.6405974084,-0.8592385610141973,125.57030835763096,0.06555393824025635,56.24453054289373,36.74866124248826
2015-07-09 00:00:00+00:00,126.4196541004,0.6200676437948083,125.99498122901548,0.3428107910175323,66.87968599913629,54.701661234831626
2015-07-10 00:00:00+00:00,127.9069441486,1.1764705882036708,126.95096268880775,0.7596406896106016,80.47188431476556,60.954297302997695
2015-07-13 00:00:00+00:00,129.8014683767,1.481173864883334,128.37621553275386,1.1204072772469678,89.05457694909641,64.93067185686306
2015-07-14 00:00:00+00:00,130.8018479925,0.7706997681234062,129.58903176262692,0.945553522685187,91.88092529410356,47.8774211854918
2015-07-15 00:00:00+00:00,130.0404971345,-0.5820642977793944,129.81476444856344,0.1817446124528963,70.96233926704565,27.356877209139697
2015-07-16 00:00:00+00:00,131.4569638471,1.0892504595203079,130.63586414783174,0.6354975359866021,82.24387065070714,59.51454697895883
2015-07-17 00:00:00+00:00,129.9962325497,-1.1111859384634881,130.3160483487659,-0.23784420123844302,51.37088205492831,31.753920930672265
2015-07-20 00:00:00+00:00,129.8899975463,-0.08172160170825116,130.10302294753296,-0.1597829014733471,49.34995582785212,48.58435033897763
2015-07-21 00:00:00+00:00,128.3672958302,-1.1723009814956997,129.23515938886646,-0.6660419414845234,26.736231589925616,34.90552281067115
2015-07-22 00:00:00+00:00,129.6686746224,1.0137931034407854,129.45191700563322,0.173875580978131,53.84792726156072,64.74815595878422
2015-07-23 00:00:00+00:00,129.3499696121,-0.24578411958637858,129.4009433088666,-0.03595426930412379,47.40389272658475,46.37377682903234
2015-07-24 00:00:00+00:00,127.5351216365,-1.4030524947492906,128.4680324726833,-0.7195033820267072,23.441862764462517,33.336091515671285
2015-07-27 00:00:00+00:00,124.8526877995,-2.1032902957080712,126.66036013609164,-1.4113968388673892,11.053829158956857,26.559010930537713
2015-07-28 00:00:00+00:00,125.5432153219,0.5530738140847369,126.10178772899582,-0.42916151239132616,26.127997496602973,65.9492225330331
2015-07-29 00:00:00+00:00,127.6059449722,1.6430435089710205,126.85386635059791,0.6069409982898472,58.01246051415364,74.40016348035151
2015-07-30 00:00:00+00:00,126.6055653564,-0.7839600388664825,126.72971585349896,-0.08850952028831766,44.14991734360559,40.67929720652512
2015-07-31 00:00:00+00:00,127.632503723,0.811132088632216,127.18110978824947,0.36131128417194913,59.172515571886464,58.99921802679692
2015-08-03 00:00:00+00:00,127.2075637093,-0.3329402787727531,127.19433674877473,0.014185502699598007,50.706828894115574,44.285108067764035
2015-08-04 00:00:00+00:00,127.074769955,-0.10439139814317766,127.13455335188736,-0.04510294772178983,47.51999226471712,48.159252918535906
2015-08-05 00:00:00+00:00,129.1286466882,1.616274209213464,128.1316000200437,0.7855856307458371,78.64999954741009,70.96178622719641
2015-08-06 00:00:00+00:00,128.1219866623,-0.7795791652108974,128.12679334117183,0.0030032327674698323,54.7664209720887,36.98458452616162
2015-08-07 00:00:00+00:00,126.8747972497,-0.9734390209600097,127.50079529543592,-0.4852178940962699,35.009262354756764,34.95330264234937
2015-08-10 00:00:00+00:00,129.9393198065,2.41539109675879,128.72005755096797,0.96508660133126,72.10258566020765,73.34297125379564
2015-08-11 00:00:00+00:00,128.3268820658,-1.240915946844412,128.523469808384,-0.13791467275657598,49.710171023990306,37.51263838294941
2015-08-12 00:00:00+00:00,126.8837057455,-1.1246095105466702,127.70358777694199,-0.6312620916516232,35.08266315481248,38.93604705172995
2015-08-13 00:00:00+00:00,129.003927747,1.6709962788702626,128.353757761971,0.5198670936093197,60.61922922364446,66.4722923139013
2015-08-14 00:00:00+00:00,129.2533656295,0.1933568123516194,128.80356169573548,0.35661195298046955,63.17552277852607,48.965879178251015
2015-08-17 00:00:00+00:00,128.6743134022,-0.4479977944712332,128.73893754896773,-0.04569292074538184,51.528375911578095,41.79881233617753
2015-08-18 00:00:00+00:00,128.8168493351,0.11077263917815827,128.77789344203387,0.03253985921638822,54.61764421718031,51.14407652876707
2015-08-19 00:00:00+00:00,127.1420521238,-1.300138312607868,127.95997278291694,-0.63379922669574,25.72295458489118,31.802871841679476
2015-08-20 00:00:00+00:00,122.0642095152,-3.9938340806829453,125.01209114905848,-2.3138166536893428,7.552275485233068,15.267822767581432
2015-08-21 00:00:00+00:00,117.3337982429,-3.8753466647493795,121.17294469597924,-3.094581659219361,3.800651598753776,18.078130928700855
2015-08-24 00:00:00+00:00,113.3071581392,-3.431781945185308,117.24005141758963,-3.2631818022023347,2.3255907561707554,30.94010223518511
2015-08-25 00:00:00+00:00,111.7927138524,-1.3365830647164234,114.51638263499481,-2.299882433459379,1.9078571038113759,67.30762314744793
2015-08-26 00:00:00+00:00,115.2224847372,3.0679735437215916,114.86943368609741,0.3840455551311064,39.08061313972557,87.71224430748447
2015-08-27 00:00:00+00:00,117.4763341758,1.9560847379229696,116.1728839309487,1.170065146527038,55.648021807275484,70.94523229750898
2015-08-28 00:00:00+00:00,118.696798101,1.0389019488585616,117.43484101597434,1.1044835476927997,63.67263736960518,57.37457884386397
2015-08-31 00:00:00+00:00,116.416223175,-1.9213449414696493,116.92553209548717,-0.4084306968884248,42.24752299951249,29.788516390696
2015-09-01 00:00:00+00:00,113.5298705343,-2.479338842973078,115.22770131489358,-1.4438847699307513,25.779508357525664,26.223557036444486
2015-09-02 00:00:00+00:00,116.371680696,2.503138731970478,115.79969100544679,0.5296269810198633,52.896048115929254,71.65631820599884
2015-09-03 00:00:00+00:00,116.7191120324,0.29855316544546984,116.2594015189234,0.41409007323266656,55.853846039998274,50.86631481165626
2015-09-04 00:00:00+00:00,115.596641561,-0.9616852389079389,115.92802153996169,-0.27379758283763617,42.82270490785562,40.73277686708201
2015-09-08 00:00:00+00:00,119.2134908577,3.128853267585119,117.57075619883085,1.4275278423737414,73.12660901718397,69.91436896400444
2015-09-09 00:00:00+00:00,118.1711968485,-0.8743087730264776,117.87097652366543,0.2766095346736319,59.49603646349375,40.58220958529718
2015-09-10 00:00:00+00:00,118.9729614709,0.6784771956129809,118.42196899728272,0.4775433651433064,66.6654165198305,52.24054710195357
2015-09-11 00:00:00+00:00,119.9707130011,0.8386372145943621,119.19634099919136,0.6580902898688343,74.94409399537525,53.64764936813056
2015-09-14 00:00:00+00:00,119.7569091018,-0.17821341054964357,119.47662505049568,0.23993843965959538,69.40378999293483,41.89316042968515
2015-09-15 00:00:00+00:00,121.4227978172,1.3910585434230738,120.44971143384785,0.8154984915413346,83.58579542845241,61.447343445779055
2015-09-16 00:00:00+00:00,122.2245624396,0.6603081437861702,121.33713693672394,0.7379033176637524,87.70128789964916,49.752608488096676
2015-09-17 00:00:00+00:00,122.4472748348,0.182215743509051,121.89220588576197,0.4600595305864017,88.86460073943104,41.92248930937747
2015-09-18 00:00:00+00:00,121.2357194053,-0.989450709404982,121.56396264553098,-0.26469558940929017,50.153863698194684,26.557704873614426
2015-09-21 00:00:00+00:00,121.1733599347,-0.05143654931557551,121.36866129011548,-0.15806606936243284,48.52197146737429,49.0028340392101
2015-09-22 00:00:00+00:00,119.3649352864,-1.4924275841443735,120.36679828825774,-0.8252468267534032,20.08866372469594,28.753527803316857
2015-09-23 00:00:00+00:00,117.2981642597,-1.7314724979668905,118.83248127397887,-1.2783596623601468,10.021525988575483,26.07261308957978
2015-09-24 00:00:00+00:00,115.5877330652,-1.4581909318828523,117.21010716958943,-1.3682752971214995,6.178122501365316,36.26330133761841
2015-09-25 00:00:00+00:00,116.7102035366,0.971098265909287,116.96015535309472,-0.19858851560610624,31.8908504888595,77.54211322067464
2015-09-28 00:00:00+00:00,114.1445567448,-2.1983054729190155,115.55235604894736,-1.1984469942625608,16.44171185234022,34.19809614694954
2015-09-29 00:00:00+00:00,114.6968834847,0.483883555774689,115.12461976682368,-0.3572817192439359,27.744814015464602,61.509651912010646
2015-09-30 00:00:00+00:00,116.6567525617,1.7087378640601392,115.89068616426184,0.6757280724081016,57.99108480982725,70.03036200335472
2015-10-01 00:00:00+00:00,116.3538637044,-0.2596410843339836,116.12227493433092,0.20804349403705902,52.86141843268077,45.6631678339754
2015-10-02 00:00:00+00:00,118.0910203863,1.492994410837345,117.10664766031546,0.850518952437202,73.2316627046582,62.90297451181814
2015-10-05 00:00:00+00:00,119.3916607738,1.1013880507132034,118.24915421705774,0.9759535015752028,81.97808127280987,56.85693585542579
2015-10-06 00:00:00+00:00,119.9350790178,0.45515594680400895,119.09211661742887,0.7155547241896059,85.04125868680512,45.92943413266191
2015-10-07 00:00:00+00:00,122.0642095152,1.7752358316152073,120.57816306631443,1.2453952779024067,92.51658606976869,65.96977767678743
2015-10-08 00:00:00+00:00,123.8637256677,1.4742373375841167,122.2209443670072,1.3598163077432617,95.41892159556045,58.547943285238894
2015-10-09 00:00:00+00:00,124.4516863908,0.4746835442988262,123.3363153789036,0.9172499260210439,96.15060634212513,37.521074213789184
2015-10-12 00:00:00+00:00,125.3247189797,0.701503221224753,124.33051717930181,0.8093765736228984,97.16066451319708,44.326807258239576
2015-10-13 00:00:00+00:00,124.9772876433,-0.27722490760683227,124.6539024113009,0.26607583300803306,84.00300425006004,25.99751254954372
2015-10-14 00:00:00+00:00,119.5698306899,-4.326751728548894,122.11186655060045,-2.0303379477704304,20.18538592456248,7.289707036663473
2015-10-15 00:00:00+00:00,122.3938238599,2.361794069378509,122.25284520525022,0.16572806080403923,49.96338559723024,66.68487826934735
2015-10-16 00:00:00+00:00,122.5809022718,0.1528495523713147,122.41687373852511,0.15928880658767697,51.752107171296984,50.619656063649785
2015-10-19 00:00:00+00:00,123.3113989278,0.5959302325742932,122.86413633316255,0.3776095195809851,60.105353149122394,53.957080868917075
2015-10-20 00:00:00+00:00,123.7211897348,0.33232191878704853,123.29266303398128,0.3549657191840168,65.17831850663386,50.88778686469302
2015-10-21 00:00:00+00:00,125.7790522657,1.6633064516361928,124.53585764984064,1.0091360854101048,82.21422951091884,65.67546221459278
2015-10-22 00:00:00+00:00,130.3402021177,3.6263191444350085,127.43802988377031,2.3177276149225565,93.22844215342843,79.39850652361393
2015-10-23 00:00:00+00:00,130.687633454,0.26655730975948533,129.06283166888517,1.292142462341021,93.67591277700356,39.18178660551036
2015-10-26 00:00:00+00:00,130.687633454,0.0,129.8752325614426,0.6460712311705105,93.67591277700356,36.954215076398164
2015-10-27 00:00:00+00:00,132.2555287157,1.1997273347610582,131.0653806385713,0.9228992829657843,96.2153316527049,54.44085027807209
2015-10-28 00:00:00+00:00,131.738835959,-0.39067762362562375,131.40210829878566,0.26611082967008026,80.28032653374653,35.08856585931522
2015-10-29 00:00:00+00:00,131.1152412527,-0.4733567757453594,131.25867477574283,-0.10362297303763957,61.76236593246691,34.142159016701996
2015-10-30 00:00:00+00:00,131.9080973793,0.6047017257680309,131.58338607752142,0.2505393763651957,73.44449155804288,56.88614859385701
2015-11-02 00:00:00+00:00,132.2020777408,0.2228675625990384,131.89273190916072,0.23670346948211704,77.30144398239551,48.06694459820843
2015-11-03 00:00:00+00:00,131.9259143709,-0.20889487867313816,131.90932314003035,0.013904295404489439,64.16878944047086,38.05906067815379
2015-11-04 00:00:00+00:00,132.8256724472,0.6820176919679399,132.36749779361517,0.3479609936862147,80.42292049852954,62.332931948538786
2015-11-05 00:00:00+00:00,132.6284820299,-0.14845806060449496,132.4979899117576,0.09975146654085987,69.98615925822695,40.26793914575891
2015-11-06 00:00:00+00:00,132.6015924275,-0.020274379973628243,132.5497911696288,0.03973854328361581,68.17644465379486,44.79254739522744
2015-11-09 00:00:00+00:00,130.8448050735,-1.3248614302731943,131.69729812156442,-0.6425614434947893,19.291026222637353,20.771987622207234
2015-11-10 00:00:00+00:00,130.1008594082,-0.5685710371780561,130.8990787648822,-0.6055662403364227,13.254170270735024,45.96813340914954
2015-11-11 00:00:00+00:00,129.9574481957,-0.11023079567062943,130.4282634802911,-0.35789851800352607,12.154353137058012,58.085544569881215
2015-11-12 00:00:00+00:00,127.7614640031,-1.6897717084234598,129.09486374169555,-1.0238351132134929,4.182613969777967,26.90023377039773
2015-11-13 00:00:00+00:00,127.806280007,0.035077872854460956,128.45057187434776,-0.49437862017951595,6.068552032824693,61.10503217794673
2015-11-16 00:00:00+00:00,129.4465457509,1.2833999579755728,128.94855881262387,0.39451066889802844,54.85315946833374,74.20706126306874
2015-11-17 00:00:00+00:00,130.9344370813,1.1494252873021527,129.94149794696193,0.7719679781000905,73.54691054549103,70.38988093998611
2015-11-18 00:00:00+00:00,132.9063412542,1.5060240963770344,131.42391960058097,1.1389960372385626,85.49038723745963,75.4349155911218
2015-11-19 00:00:00+00:00,133.7668085297,0.6474237928604687,132.59536406514047,0.8932099150495156,88.80020598963897,46.69863340963205
2015-11-20 00:00:00+00:00,133.9102197423,0.10720986332581894,133.25279190372024,0.5002098891876673,89.40444940774266,34.34933041569089
2015-11-23 00:00:00+00:00,132.9601204589,-0.7095046854738829,133.10645618131014,-0.1046473981431078,58.20067841106455,21.472357600881214
2015-11-24 00:00:00+00:00,133.2379796833,0.2089793717401811,133.17221793230507,0.05216598679853665,63.75069987400734,51.894200933685376
2015-11-25 00:00:00+00:00,132.1444691874,-0.8207198116477188,132.65834355985254,-0.38427691242459106,35.7383579183369,31.423077183962224
2015-11-27 00:00:00+00:00,131.7142355497,-0.3255782405012231,132.18628955477627,-0.35492757646290707,28.379076820882275,46.613356309384116
2015-11-30 00:00:00+00:00,130.3697554318,-1.020755358970049,131.27802249328812,-0.6878414677164781,14.44040403167005,31.785598318440098
2015-12-01 00:00:00+00:00,132.4223284118,1.5744242007677656,131.85017545254408,0.4432913665256437,59.73205287738397,75.47359794252135
2015-12-02 00:00:00+00:00,131.7231987505,-0.5279545146841924,131.78668710152203,-0.04233157407927435,47.01615813676275,42.44254998288625
2015-12-03 00:00:00+00:00,130.4683506405,-0.9526401741707047,131.12751887101103,-0.4974858741249895,29.88673724102653,37.473236376026634
2015-12-04 00:00:00+00:00,133.1035316715,2.0197856553434423,132.11552527125554,0.7611498906092264,67.35336155780125,71.95128207143848
2015-12-07 00:00:00+00:00,133.0587156676,-0.03367003364764809,132.58712046942776,0.3637399284807892,66.44755116172128,45.78793445687405
2015-12-08 00:00:00+00:00,129.9574481957,-2.33075109461256,131.27228433256388,-0.9835055830658853,27.733074347148026,28.43705141787351
2015-12-09 00:00:00+00:00,129.2852081367,-0.5172770536304383,130.27874623463194,-0.7503913183481619,23.31608400685938,50.60338976749953
2015-12-10 00:00:00+00:00,131.2302227073,1.504437049398133,130.75448447096596,0.37702286552498554,54.65771382127895,67.45879041936031
2015-12-11 00:00:00+00:00,129.6258097666,-1.2225940851129269,130.190147118783,-0.4227856097939707,36.3002841026495,39.90689482168631
2015-12-14 00:00:00+00:00,128.1737712392,-1.1201770156842317,129.1819591789915,-0.7714813127391011,24.932434104991483,41.25844410752302
2015-12-15 00:00:00+00:00,131.3377811167,2.4685314685757964,130.25987014784573,0.8485250779183476,62.90347442878942,73.08060383291955
2015-12-16 00:00:00+00:00,132.7539668409,1.0782774858528077,131.50691849437288,0.9634012818855777,72.30785830011041,55.583158262278296
2015-12-17 00:00:00+00:00,130.4683506405,-1.721693336018515,130.98763456743643,-0.3791460270664686,44.808134656433516,32.25376143829262
2015-12-18 00:00:00+00:00,125.1083565704,-4.1082715032316415,128.04799556891822,-2.243708765149055,19.16669700870042,20.989954394869287
2015-12-21 00:00:00+00:00,126.2914990742,0.9456942255765544,127.16974732155911,-0.6490072697862503,32.04281364829251,62.54222214613481
2015-12-22 00:00:00+00:00,127.6180527905,1.0503903477466991,127.39390005602957,0.2006915389802244,46.40180110502532,63.14451008939646
2015-12-23 00:00:00+00:00,129.1238705226,1.1799410029958324,128.25888528931478,0.6903162709880284,60.582948883423654,64.21256363323114
2015-12-24 00:00:00+00:00,128.6488208809,-0.36790226297999107,128.45385308510737,0.16120700400401866,53.841735367704814,42.262870430123094
2015-12-28 00:00:00+00:00,129.5541041603,0.7036856406465564,129.0039786227037,0.4324463223252875,64.98044845513952,57.38885695291103
2015-12-29 00:00:00+00:00,132.0727635811,1.9440985193982074,130.53837110190184,1.1882724208617474,82.55194540394835,70.71160503503074
2015-12-30 00:00:00+00:00,131.2302227073,-0.6379368849071088,130.88429690460092,0.27516776797731934,65.94796009782353,35.78082976745398
2015-12-31 00:00:00+00:00,129.5989201642,-1.2430844888059789,130.24160853440046,-0.48395836041432977,41.630032129329656,30.48645333056035
2016-01-04 00:00:00+00:00,125.9329710428,-2.82868801434093,128.08728978860023,-1.6563231873776298,18.560043747032974,19.27628242503391
2016-01-05 00:00:00+00:00,126.4438734876,0.4056939501779544,127.26558163810012,-0.6253146185998377,27.0150991696597,62.01425619463497
2016-01-06 00:00:00+00:00,124.4361165115,-1.5878641809378702,125.85084907480007,-1.106589399768854,16.758864659717855,41.63462603200404
2016-01-07 00:00:00+00:00,119.2195336541,-4.192177483229232,122.53519136445004,-2.649383441499043,6.758666379736569,25.325781350315854
2016-01-08 00:00:00+00:00,116.5126470167,-2.2705059770269598,119.52391919057501,-2.4599447092630014,4.615155901043936,47.9098185069525
2016-01-11 00:00:00+00:00,116.709837434,0.16924378799130224,118.1168783122875,-1.1453504606358496,7.810040833036605,66.94690318155581
2016-01-12 00:00:00+00:00,118.2425447684,1.3132631902317282,118.17971154034375,0.08395636479793933,33.700973144588446,73.70590004326966
2016-01-13 00:00:00+00:00,114.8365284697,-2.880533656791062,116.50812000502188,-1.3982886459965616,17.406229790972592,34.694312120653265
2016-01-14 00:00:00+00:00,115.8045541546,0.8429597252719301,116.15633707981094,-0.27766446036231573,31.52154158668145,61.695235899390724
2016-01-15 00:00:00+00:00,112.604691474,-2.7631578947475144,114.38051427690547,-1.520411177554915,17.062823269554944,38.544307139865154
2016-01-19 00:00:00+00:00,112.9901091078,0.342274934334319,113.68531169235274,-0.589068121610298,23.410071871186435,58.607870584662614
2016-01-20 00:00:00+00:00,109.4765343997,-3.1096303347648013,111.58092304602637,-1.8493492281875497,11.43899793335287,37.94999488144617
2016-01-21 00:00:00+00:00,110.6058976988,1.0316030784977892,111.09341037241319,-0.4088730748448802,28.955149938886162,62.03257321001163
2016-01-22 00:00:00+00:00,111.6904449939,0.9805510534830697,111.3919276831566,0.28583898931909474,44.70815322147332,61.59054525948529
2016-01-25 00:00:00+00:00,111.1526529467,-0.48150228717359633,111.2722903149283,-0.0978316489272508,38.378550294940595,47.15586536925155
2016-01-26 00:00:00+00:00,114.7379332611,3.225546326923223,113.00511178801415,1.5638573389979862,74.49190251868357,72.06013272607842
2016-01-27 00:00:00+00:00,104.4929947627,-8.928989922701858,108.74905327535707,-3.682566291851936,21.21089653469939,21.71916796000461
2016-01-28 00:00:00+00:00,105.7747324751,1.2266254932311815,107.26189287522854,-1.2279703993103772,30.535063826090035,58.26267392520231
2016-01-29 00:00:00+00:00,107.6749310418,1.7964579273668457,107.46841195851427,0.28424376402823426,45.007415614066005,59.840556366590114
2016-02-01 00:00:00+00:00,108.9566687541,1.1903770913978429,108.21254035630713,0.7373104277130386,54.58150803229785,56.436588730340304
2016-02-02 00:00:00+00:00,105.3355356366,-3.323461664996741,106.77403799645356,-1.293075618641851,31.408657942957436,34.50782542059105
2016-02-03 00:00:00+00:00,109.2345279785,3.701497617433902,108.00428298747678,1.2042109993960255,59.309834932144206,65.65828256685033
2016-02-04 00:00:00+00:00,110.7941249153,1.4277508821267215,109.39920395138839,1.3159809407613734,67.2925578638664,53.34075118699644
2016-02-05 00:00:00+00:00,109.8529888327,-0.8494458377819925,109.62609639204419,0.23326755148969047,57.144809223677065,41.613038725567684
2016-02-08 00:00:00+00:00,107.0833597899,-2.5212140991611953,108.35472809097209,-1.1439732738357524,34.307271321485935,33.50177104837791
2016-02-09 00:00:00+00:00,106.5545309435,-0.49384782793291393,107.45462951723604,-0.8189105508843332,30.783736132975342,50.908376871273546
2016-02-10 00:00:00+00:00,105.2727932311,-1.2028936743005647,106.36371137416802,-1.0109021125924489,22.41434628483566,44.76165564374783
2016-02-11 00:00:00+00:00,98.1074398245,-6.806462701973015,102.23557559933401,-3.9086824072827318,6.833999449527593,18.410453788847526
2016-02-12 00:00:00+00:00,98.279335929,0.17521209890656309,100.257455764167,-1.8667351541880843,9.107518936725791,61.15194708533761
2016-02-16 00:00:00+00:00,101.8710597957,3.6546073828732206,101.06425777993351,0.8939361143425681,48.498113227704785,72.08403711453474
2016-02-17 00:00:00+00:00,105.2546989043,3.3214920070389065,103.15947834211676,2.1077140606907374,68.05891337237469,69.28409124274187
2016-02-18 00:00:00+00:00,106.3675000016,1.057246003156398,104.76348917185838,1.5824800319235677,73.09918246279909,49.62928579591535
2016-02-19 00:00:00+00:00,104.1871336241,-2.0498426469243047,104.4753113979792,-0.23368130750036853,49.93881449501409,31.333118061913236
2016-02-22 00:00:00+00:00,106.2046510605,1.9364362625418519,105.3399812292396,0.8513774775207417,65.2294020542316,59.83122422586062
2016-02-23 00:00:00+00:00,105.7613400543,-0.41741204530435505,105.55066064176981,0.2169827161081933,59.263291599934945,43.74919660115763
2016-02-24 00:00:00+00:00,104.5761616499,-1.1206159110611735,105.0634111458349,-0.4518165974764901,43.35955476302734,39.04609309316631
2016-02-25 00:00:00+00:00,105.6889627472,1.0641058915753954,105.37618694651745,0.30614464704945266,58.8952449182909,59.39060036712965
2016-02-26 00:00:00+00:00,106.9012826417,1.1470638588816362,106.13873479410873,0.7266042529655444,71.61712349152623,60.148212040918274
2016-02-29 00:00:00+00:00,106.9193769685,0.016926201775002703,106.52905588130437,0.37176522737027357,71.81243739588255,43.546915955525556
2016-03-01 00:00:00+00:00,108.5297720523,1.5061770181044487,107.5294139668022,0.9389711227373612,85.30877655759043,63.47416017048148
2016-03-02 00:00:00+00:00,108.2493099871,-0.258419473197502,107.88936197695111,0.34027582476992957,75.82456296342568,39.00397472416367
2016-03-03 00:00:00+00:00,108.2131213336,-0.03343083988648354,108.05124165527556,0.153422492441723,74.22735612822129,43.19242148880486
2016-03-04 00:00:00+00:00,109.5340071888,1.2206337262262057,108.79262442203779,0.6870281093339643,88.03099246341262,63.911513265355865
2016-03-07 00:00:00+00:00,111.1896380896,1.5115222598824918,109.99113125581889,1.099275184608228,94.0363314516096,67.97543753395863
2016-03-08 00:00:00+00:00,110.692044103,-0.4475183075953737,110.34158767940944,0.32587843850642717,76.68956536613582,31.80006436781372
2016-03-09 00:00:00+00:00,111.153449436,0.41683694319589737,110.74751855770472,0.37135769085116227,81.44929259883989,49.56407736459928
2016-03-10 00:00:00+00:00,111.2258267432,0.06511476482937706,110.98667265045236,0.21823622784026966,82.29969319967216,42.76507632361624
2016-03-11 00:00:00+00:00,112.7547973564,1.3746543028447133,111.87073500342618,0.7964452653424915,92.78309319193889,67.59256719203097
2016-03-14 00:00:00+00:00,114.3018622965,1.3720613014894356,113.08629864996308,1.0842532834159635,96.1994717704029,67.50559370721896
2016-03-15 00:00:00+00:00,114.3199566233,0.015830299206376353,113.70312763663154,0.5500417913111699,96.23077521115528,33.59308174732602
2016-03-16 00:00:00+00:00,115.4146633937,0.9575815130924203,114.55889551516577,0.7538116522017951,97.84304099586554,56.40461566060146
2016-03-17 00:00:00+00:00,118.2464255355,2.453554911077771,116.40266052533289,1.603683281639783,99.18902778831755,76.02676922829532
2016-03-18 00:00:00+00:00,121.1958008013,2.494261667905162,118.79923066331645,2.0489724747724725,99.5893619344659,76.45924368550557
2016-03-21 00:00:00+00:00,122.9147618458,1.41833383098664,120.85699625455823,1.7336531528795562,99.71315398206418,44.57683920214376
2016-03-22 00:00:00+00:00,122.2452717548,-0.5446783453397552,121.55113400467911,0.5944874037699005,84.7816140729999,20.818869581322268
2016-03-23 00:00:00+00:00,120.2006128282,-1.6725873297588123,120.87587341643956,-0.5390499629944558,50.28584288268223,14.265864877984846
2016-03-24 00:00:00+00:00,119.5311227371,-0.5569772693728936,120.20349807676979,-0.5480136161836747,41.9105166517425,41.558022156530825
2016-03-28 00:00:00+00:00,118.7802081756,-0.6282167725903398,119.49185312618489,-0.5881151943870073,32.73705519476444,40.328336460168124
2016-03-29 00:00:00+00:00,118.4092744765,-0.31228577959016013,118.95056380134244,-0.4502004869885837,28.168571558451728,50.14210477715627
2016-03-30 00:00:00+00:00,116.3284268963,-1.7573349633292268,117.63949534882121,-1.1037677251589053,12.955419897178123,23.558986763428248
2016-03-31 00:00:00+00:00,114.8446921,-1.2754705241760589,116.24209372441061,-1.189619124667482,8.21186838058743,39.580805019518905
2016-04-01 00:00:00+00:00,114.8627864268,0.015755475041223654,115.5524400756053,-0.5869318248131292,8.822552973055865,67.20748633891198
2016-04-04 00:00:00+00:00,114.3018622965,-0.4883427851173239,114.92715118605265,-0.5376373049652265,6.737994661317061,53.01246685573373
2016-04-05 00:00:00+00:00,114.9261165705,0.5461453220951595,114.92663387827633,0.004254008564966494,33.11812224216938,71.5254594798497
2016-04-06 00:00:00+00:00,115.7403612758,0.7084940565276199,115.33349757703817,0.3563740325462932,56.94546891146497,73.94228336501817
2016-04-07 00:00:00+00:00,114.8989750804,-0.7269600562201717,115.11623632871908,-0.18529301183693925,36.68686463491702,34.78502549846464
2016-04-08 00:00:00+00:00,115.6951254589,0.6929133858181835,115.40568089380955,0.25381018699062213,57.92984483198259,63.479849050747234
2016-04-11 00:00:00+00:00,115.7222669491,0.02345949329529695,115.56397392145477,0.13863484014295954,58.639483735653876,48.41410905786053
2016-04-12 00:00:00+00:00,117.1336244382,1.2196075364828252,116.34879917982738,0.6791211883128924,82.13911105537434,68.46977746898547
2016-04-13 00:00:00+00:00,118.6445007247,1.2898741021175608,117.49664995226368,0.9844976452152265,90.66020650084134,69.51415959150309
2016-04-14 00:00:00+00:00,118.3821329863,-0.2211377154418548,117.93939146928184,0.3816799648866859,80.63919974632554,33.60734056553675
2016-04-15 00:00:00+00:00,118.6354535613,0.21398547957343084,118.28742251529093,0.29783272223005836,83.31085295651678,45.71862330339509
2016-04-18 00:00:00+00:00,119.3954152863,0.6405856783843422,118.84141890079546,0.46920920030720026,89.70421010046744,57.20041603940618
2016-04-19 00:00:00+00:00,120.0377638871,0.5380010608110108,119.43959139394772,0.5036051305591056,93.07005935255172,53.145535310559154
2016-04-20 00:00:00+00:00,118.1288124114,-1.5902924328842327,118.78420190267386,-0.5433436511625636,37.874855597045894,16.576532474709175
2016-04-21 00:00:00+00:00,118.282614189,0.13019836097594162,118.53340804583692,-0.20657264509331097,42.02969873746663,54.52199410723933
2016-04-22 00:00:00+00:00,118.5630762542,0.2371118250327653,118.54824215001847,0.01526958996972716,50.99441992613446,56.371734815991616
2016-04-25 00:00:00+00:00,118.2916613524,-0.22892025947276462,118.41995175120923,-0.10682533475151873,41.645698824234444,44.52953734095011
2016-04-26 00:00:00+00:00,120.5444050371,1.9043977055905215,119.48217839415462,0.8987861854195014,82.22226601541438,77.28904381906867
2016-04-27 00:00:00+00:00,124.0185157797,2.8820174121982456,121.7503470869273,1.8904017988088735,93.18473438121443,83.84663335197604
2016-04-28 00:00:00+00:00,121.9557625262,-1.6632623286382153,121.85305480656365,0.11356973508532908,60.15041027657082,27.82199736162873
2016-04-29 00:00:00+00:00,121.9557625262,0.0,121.90440866638183,0.05678486754266454,60.15041027657081,47.190526619920625
2016-05-02 00:00:00+00:00,121.2410366183,-0.5860534123973471,121.57272264234092,-0.2646342724273413,47.126048713431864,41.328956896527465
2016-05-03 00:00:00+00:00,119.8658677827,-1.134243713149219,120.71929521252045,-0.69943899278828,29.002042808005317,35.19518319980279
2016-05-04 00:00:00+00:00,118.4183216399,-1.2076383123711176,119.56880842621023,-0.9535386525796988,18.044617773484223,34.176532432568635
2016-05-05 00:00:00+00:00,119.4949340836,0.9091603636926182,119.53187125490511,-0.02218914444354031,42.345867110963006,70.77277061528972
2016-05-06 00:00:00+00:00,120.5624993639,0.8933979406634318,120.04718530940255,0.4356043981099458,59.99128728919194,70.33598538222688
2016-05-09 00:00:00+00:00,119.5130284104,-0.870478763327831,119.78010685990128,-0.21743718260894263,41.336138884482466,34.54703206508288
2016-05-10 00:00:00+00:00,121.8924323825,1.9909159727166115,120.83626962120064,0.8867393950538345,71.4884421653432,70.75573397137845
2016-05-11 00:00:00+00:00,121.3134139254,-0.47502412232044433,121.07484177330032,0.20585763636669507,60.19501269714898,41.254073655651055
2016-05-12 00:00:00+00:00,122.6086398485,1.0676691729213816,121.84174081090016,0.6367634046440384,73.98488282837128,57.77522995492051
2016-05-13 00:00:00+00:00,120.5107387054,-1.711054902568243,121.17623975815007,-0.5371457489621023,40.17222440998759,32.82989734034324
2016-05-16 00:00:00+00:00,122.3532431876,1.528913109315666,121.76474147287504,0.49588368017678186,62.65608763008785,61.72974410901681
2016-05-17 00:00:00+00:00,120.9120763154,-1.177873863131118,121.33840889413753,-0.3409950914771681,43.48322986300058,40.105915946797495
2016-05-18 00:00:00+00:00,119.4800307525,-1.1843693422024293,120.40921982331876,-0.7626822168397986,29.86286217515856,40.055409403155814
2016-05-19 00:00:00+00:00,116.8257297411,-2.2215436292432167,118.61747478220938,-1.4921129230415078,15.962047885049762,30.77332610316951
2016-05-20 00:00:00+00:00,116.1963593982,-0.5387257963590408,117.4069170902047,-1.0154193597002743,13.694742394945253,55.736752091186574
2016-05-23 00:00:00+00:00,116.3696642752,0.1491482847634451,116.88829068270235,-0.4331355374684146,18.47766974943832,63.75140923205447
2016-05-24 00:00:00+00:00,116.2966938007,-0.06270575321711824,116.59249224170117,-0.24792064534276642,17.852798588188612,58.830312674169924
2016-05-25 00:00:00+00:00,117.5371918679,1.0666666666602431,117.06484205480058,0.4093730106587383,55.89056262672531,74.54345955856527
2016-05-26 00:00:00+00:00,117.9476507872,0.34921620363477235,117.5062464210003,0.37929460714675534,64.13340848565942,54.663045430486
2016-05-27 00:00:00+00:00,117.8655590033,-0.06960018563498815,117.68590271215015,0.1548472107558836,60.72884129093022,44.31439505716248
2016-05-31 00:00:00+00:00,115.0653170428,-2.375793220835276,116.37560987747509,-1.1104730050396963,16.341568786454395,17.28533511088572
2016-06-01 00:00:00+00:00,115.302471085,0.20610384457706576,115.83904048123753,-0.45218458023131525,23.449417803596727,59.138816304233806
2016-06-02 00:00:00+00:00,115.703808695,0.3480737283628077,115.77142458811878,-0.052055425934253774,37.03036964982095,60.77582668420742
2016-06-03 00:00:00+00:00,116.1872380889,0.41781631853998746,115.97933133850938,0.18288044630286684,52.31561327124201,61.90056660920028
2016-06-06 00:00:00+00:00,120.3100699005,3.5484377453274485,118.14470061950469,1.8656590958151578,88.38450438132323,87.00002932092447
2016-06-07 00:00:00+00:00,120.3374338284,0.022744503367522206,119.24106722395234,0.94420179959134,88.47132245779146,41.17589922855126
2016-06-08 00:00:00+00:00,121.3134139254,0.8110361555422108,120.27724057467617,0.8776189775667753,91.76450554356198,50.00704928662483
2016-06-09 00:00:00+00:00,121.4046270186,0.07518796994376853,120.84093379663808,0.4764034737552719,92.08159484183716,41.32094949213018
2016-06-10 00:00:00+00:00,119.6168503923,-1.4725770097923085,120.22889209446905,-0.4980867680185183,43.19062118299913,26.69266119259953
2016-06-13 00:00:00+00:00,118.5040506556,-0.9303034924012965,119.36647137503452,-0.7141951302099074,28.875822701144482,38.191992817710435
2016-06-14 00:00:00+00:00,119.033086596,0.4464285714059768,119.19977898551727,-0.13388327940196532,42.47244735804788,61.30652705753144
2016-06-15 00:00:00+00:00,118.7229620792,-0.2605363984658937,118.96137053235864,-0.19720983893392952,36.360424373363244,47.59608729961819
2016-06-16 00:00:00+00:00,118.0023786431,-0.6069452980959955,118.48187458772932,-0.4020775685149625,24.215206644607594,40.87705571905584
2016-06-17 00:00:00+00:00,118.4128375624,0.3478395300330561,118.44735607506466,-0.027119019240953196,41.041831941167985,62.66636408439605
2016-06-20 00:00:00+00:00,121.0853811925,2.256971190891055,119.76636863378232,1.114926085825051,81.39245944224305,82.26745176225882
2016-06-21 00:00:00+00:00,119.9634601464,-0.9265536723350509,119.86491439009116,0.094186206745,56.879693837948906,35.56376148853653
2016-06-22 00:00:00+00:00,120.1914928793,0.19008515811540505,120.02820363469559,0.14213568243020253,60.50600727080524,50.38361761255027
2016-06-23 00:00:00+00:00,121.8150859379,1.3508385824198443,120.92164478629779,0.7464871324250234,79.19356233645924,63.48026047614855
2016-06-24 00:00:00+00:00,115.4028054875,-5.2639460876536255,118.1622251368989,-2.258729477614301,20.82309021886427,19.49444148365029
2016-06-27 00:00:00+00:00,111.9184653282,-3.0192854884081743,115.04034523254944,-2.6390074830112376,13.008234309993885,40.4850949482148
2016-06-28 00:00:00+00:00,113.003901137,0.9698451507684336,114.02212318477473,-0.834581166121402,25.98764246855672,64.88909277551606
2016-06-29 00:00:00+00:00,115.8315070255,2.5022197110451616,114.92681510513736,0.8338192724618798,53.246072328796664,71.59937846261538
2016-06-30 00:00:00+00:00,118.458444109,2.2678951098527023,116.69262960706868,1.550857191157291,69.10338409411325,68.59247394003857
2016-07-01 00:00:00+00:00,118.2942605412,-0.1386001386688207,117.49344507413434,0.7061285262442352,66.97383380253238,41.64825582661871
2016-07-05 00:00:00+00:00,115.8132644068,-2.097308967526712,116.65335474046717,-0.6955902206412384,39.430797908239995,28.14861358689264
2016-07-06 00:00:00+00:00,115.8041430975,-0.00787587617594454,116.22874891898358,-0.3517330484085915,39.34157410432416,52.68736360229358
2016-07-07 00:00:00+00:00,115.9956905932,0.16540642724562904,116.11221975609179,-0.09316331058148122,43.377513714994805,54.61551741384877
2016-07-08 00:00:00+00:00,118.659112914,2.296139026527033,117.3856663350459,1.101487857972776,76.286166555089,74.09081942989445
2016-07-11 00:00:00+00:00,120.4377682309,1.498962256855152,118.91171728297294,1.300225057413964,85.01201210522181,59.71114228565998
2016-07-12 00:00:00+00:00,119.3158471848,-0.9315358982317612,119.11378223388647,0.1843445795911014,63.05823216433343,31.633388115413567
2016-07-13 00:00:00+00:00,118.6773555326,-0.5351272838142629,118.89556888324324,-0.17539135211158075,51.66795114425811,38.6868112536745
2016-07-14 00:00:00+00:00,119.9908240743,1.106755821955585,119.44319647877163,0.46568223492200217,68.9657185613436,62.63629729885754
2016-07-15 00:00:00+00:00,120.757014057,0.6385404789166049,120.10010526788582,0.5521113569193036,76.36667344167243,53.66901954292552
2016-07-18 00:00:00+00:00,121.7056302261,0.7855578216369397,120.90286774699291,0.6688345892781216,83.62078764066896,56.59573902196616
2016-07-19 00:00:00+00:00,122.8275512721,0.9218316719741937,121.86520950954645,0.7953331306261576,89.39534851279896,60.10015782684762
2016-07-20 00:00:00+00:00,122.882279128,0.04455666121581103,122.37374431877322,0.41994489592098433,89.66203344042724,33.770826950678384
2016-07-21 00:00:00+00:00,121.7968433192,-0.8833135391876579,122.0852938189866,-0.23168432163333677,51.289649960888546,19.923375380113473
2016-07-22 00:00:00+00:00,121.7421154633,-0.04493372275385932,121.9137046411433,-0.13830902219359803,49.68159362993031,48.52833008125948
2016-07-25 00:00:00+00:00,121.2586860695,-0.3970929796646483,121.58619535532165,-0.2677010009291232,35.10024842837587,39.61257493219386
2016-07-26 00:00:00+00:00,123.0008561492,1.4367383782317056,122.29352575226082,0.5845186886512912,74.90865421611784,75.20099093230588
2016-07-27 00:00:00+00:00,124.0133214834,0.8231368186347288,123.15342361783041,0.70382775364301,83.6506830563113,58.034951926774504
2016-07-28 00:00:00+00:00,121.3225352347,-2.1697558105160386,122.23797942626521,-0.7329640284365143,35.01604597250834,21.735123109411546
2016-07-29 00:00:00+00:00,121.9154203404,0.48868506131449774,122.07669988333261,-0.12213948356100829,45.49049172699996,57.3111091797557
2016-08-01 00:00:00+00:00,121.5049614211,-0.33667514589537095,121.7908306522163,-0.22940731472818962,38.96787244341856,47.298539510453914
2016-08-02 00:00:00+00:00,120.0364306209,-1.2086179716649714,120.91363063655815,-0.7190126431965805,22.02202546125708,37.04318275763047
2016-08-03 00:00:00+00:00,120.2827059725,0.2051671732707483,120.59816830452908,-0.2569227349629161,29.711074601525002,58.78005701764324
2016-08-04 00:00:00+00:00,119.6806995575,-0.5004929097102484,120.13943393101454,-0.3787078223365823,21.821458238210802,46.70650415281785
2016-08-05 00:00:00+00:00,120.1550076421,0.3963112568306171,120.14722078655727,0.008801717247017393,40.495489458039714,61.702339292065034
2016-08-08 00:00:00+00:00,120.5745878707,0.34919911939899073,120.36090432862864,0.17900041832300406,54.81656176825007,60.363895443158675
2016-08-09 00:00:00+00:00,120.9759254807,0.3328542249967148,120.66841490466432,0.25592732165985943,66.41415819937366,59.69007954403423
2016-08-10 00:00:00+00:00,121.6509023702,0.557943150108553,121.15965863743216,0.4069352358842062,79.61441163729616,67.24323280951104
2016-08-11 00:00:00+00:00,122.313048195,0.5442999697486739,121.73635341621608,0.47561760281644005,87.08414601683764,66.11686211579102
2016-08-12 00:00:00+00:00,122.4050128929,0.0751879699322,122.07068315455804,0.27540278637432003,88.0001874802069,35.47151002308064
2016-08-15 00:00:00+00:00,123.83966218,1.172051089406989,122.95517266727902,0.7237269378906546,95.4881425674752,75.42354030703379
2016-08-16 00:00:00+00:00,124.1523421528,0.25248774689445863,123.55375741003951,0.4881073423925566,96.25261621744514,42.40640952310072
2016-08-17 00:00:00+00:00,123.8948409987,-0.20740740741167496,123.72429920436976,0.14034996749044082,79.59339943177899,31.9229635637806
2016-08-18 00:00:00+00:00,124.1523421528,0.20783847981427073,123.93832067858489,0.17409422365235577,83.79936208131078,48.999057194029845
2016-08-19 00:00:00+00:00,123.6373398446,-0.414814814823361,123.78783026159245,-0.12036029558550262,51.78157744954197,31.32565251794019
2016-08-22 00:00:00+00:00,124.143145683,0.4091044332041882,123.96548797229622,0.14437206880934278,69.14772999043589,59.97802667158341
2016-08-23 00:00:00+00:00,123.3614457509,-0.62967627233812,123.66346686159811,-0.2426521017643886,37.68459630651992,33.52534136359106
2016-08-24 00:00:00+00:00,122.5797458189,-0.6336663187123115,123.12160634024906,-0.43815921023835,22.39771232879411,33.4403658222121
2016-08-25 00:00:00+00:00,122.2946552554,-0.23257558709673942,122.70813079782454,-0.3353673986675447,18.329989555061637,51.844720116397205
2016-08-26 00:00:00+00:00,121.6049200212,-0.5639945856665274,122.15652540951227,-0.44968099216703605,11.048281687544556,38.61179888233006
2016-08-29 00:00:00+00:00,122.2210834971,0.5066928836370943,122.18880445330613,0.028505945735029126,41.94978766350202,72.55633509863831
2016-08-30 00:00:00+00:00,120.2990213112,-1.5726109856861181,121.24391288225306,-0.7720525199755445,15.977803681076205,27.791244496079464
2016-08-31 00:00:00+00:00,119.0483014198,-1.039675865828138,120.14610715102653,-0.9058641929018412,9.959304103450327,41.635266342646034
2016-09-01 00:00:00+00:00,119.4621425604,0.34762456554560117,119.80412485571327,-0.27911981367812,24.141411663100413,66.6223513475964
2016-09-02 00:00:00+00:00,120.6208977538,0.9699769052895935,120.21251130475663,0.34542854580573673,54.344205868927425,74.0874066616318
2016-09-06 00:00:00+00:00,122.3038517252,1.3952424519630968,121.25818151497832,0.8703354988844167,75.55100655569068,78.91984411075306
2016-09-07 00:00:00+00:00,121.9819752826,-0.2631776825174792,121.62007839878916,0.3035789081834688,66.66718936636128,37.74461686865399
2016-09-08 00:00:00+00:00,122.2210834971,0.1960193003482935,121.92058094794459,0.24979910426588114,70.52868411361514,48.83231256688102
2016-09-09 00:00:00+00:00,118.2022261992,-3.2881866065238685,120.06140357357229,-1.5191937511289937,17.988925145659785,16.132081007231736
2016-09-12 00:00:00+00:00,119.6644648957,1.2370652766181989,119.86293423463614,-0.1410642372553974,41.69404496238062,63.6082980846525
2016-09-13 00:00:00+00:00,118.4137450044,-1.0451890562416577,119.13833961951806,-0.5931266467485276,30.41465544069978,44.53597036124106
2016-09-14 00:00:00+00:00,117.4113297974,-0.846536191354097,118.27483470845903,-0.7198314190513122,22.95047549424379,46.625487315565316
2016-09-15 00:00:00+00:00,117.5032944953,0.07832693664120427,117.88906460187951,-0.32075224120505397,25.467624497614214,57.742987836915624
2016-09-16 00:00:00+00:00,116.5192722278,-0.8374422791518898,117.20416841483976,-0.5790972601784719,16.707298996988094,44.09994801048542
2016-09-19 00:00:00+00:00,117.2365968714,0.6156274664997907,117.22038264311988,0.018265103160659435,39.47307658562998,64.22043921398388
2016-09-20 00:00:00+00:00,117.5216874349,0.2431754000951747,117.37103503900994,0.13072025162791706,47.95363242280854,56.413439977703995
2016-09-21 00:00:00+00:00,120.0691095664,2.1676187494424015,118.72007230270498,1.1491695005351592,81.9154998514091,77.55799430332272
2016-09-22 00:00:00+00:00,121.2738471088,1.0033700980631943,119.99695970575249,1.0762697992991768,87.6378815582145,53.851186107201464
2016-09-23 00:00:00+00:00,121.1910788807,-0.06824903313715769,120.59401929322624,0.5040103830810095,84.87037346057377,37.869513847322814
2016-09-26 00:00:00+00:00,120.0783060362,-0.9181969950077029,120.33616266471313,-0.20709330596334669,51.85009619077907,27.98768947151985
2016-09-27 00:00:00+00:00,120.7680412704,0.5744045339814097,120.55210196755657,0.1836556140090315,64.64079444031428,57.322735748654694
2016-09-28 00:00:00+00:00,121.6049200212,0.6929637526588817,121.07851099437829,0.4383096833339566,76.16454169381798,59.29823114166881
2016-09-29 00:00:00+00:00,120.5013436465,-0.9075096422970441,120.78992732043915,-0.23459997948154376,46.31055544936161,30.608520201477084
2016-09-30 00:00:00+00:00,121.1542930015,0.5418606425796169,120.97211016096958,0.15363033154903655,60.16721458208343,58.12762039803917
2016-10-03 00:00:00+00:00,121.7428670681,0.4858053743029389,121.35748861453479,0.31971785292598776,70.47160577015528,56.82036500848562
2016-10-04 00:00:00+00:00,121.6233129608,-0.0982021453734272,121.4904007876674,0.11075785377628028,65.32285954825092,42.043809261415475
2016-10-05 00:00:00+00:00,123.83966218,1.8223062382080935,122.6650314838337,0.9665320459921869,88.561687585155,74.61177272101918
2016-10-06 00:00:00+00:00,123.618946905,-0.17822664493318818,123.14198919441685,0.39415270052949936,80.50293002647678,39.72865140926973
2016-10-07 00:00:00+00:00,123.094748127,-0.4240440410828272,123.11836866070843,-0.014945670276663936,60.79486528452907,36.576759034033195
2016-10-10 00:00:00+00:00,124.9248456151,1.4867388868709863,124.02160713790421,0.7358966082971612,82.82014131260485,67.05343857821255
2016-10-11 00:00:00+00:00,122.9935869594,-1.545936395751335,123.50759704865212,-0.4050198937270869,43.83700570656522,31.27496269615829
2016-10-12 00:00:00+00:00,122.4601917116,-0.4336772843091974,122.98389438012606,-0.41934858901814215,36.683602043172165,46.87070789928552
2016-10-13 00:00:00+00:00,122.662514047,0.16521477924555938,122.82320421356303,-0.12706690488629138,42.062774761143515,55.10014179990073
2016-10-14 00:00:00+00:00,122.7728716844,0.08996851096474412,122.79803794898152,-0.01854919696077363,45.82826769258603,53.53728235527532
2016-10-17 00:00:00+00:00,123.2326951739,0.37453183524289724,123.01536656144076,0.1779913191410618,61.47661825323772,59.976939154253635
2016-10-18 00:00:00+00:00,124.2443068507,0.8208955223875103,123.62983670607038,0.49944342076428605,80.27735660081599,69.81911763196393
2016-10-19 00:00:00+00:00,125.2375255879,0.7994078460218823,124.43368114698518,0.6494256333930841,88.52495192845096,68.60096138662396
2016-10-20 00:00:00+00:00,124.9248456151,-0.24966955497738308,124.67926338104259,0.19987803920785052,73.92644432677551,30.11817037217965
2016-10-21 00:00:00+00:00,124.7317197495,-0.15459363959914318,124.7054915652713,0.02264219980435367,64.12868568645871,35.06968549252884
2016-10-24 00:00:00+00:00,126.4054772511,1.3418860134065458,125.55548440818565,0.6822641066054498,86.82625830958278,75.70775451735692
2016-10-25 00:00:00+00:00,127.849323008,1.1422335394785543,126.70240370809282,0.912248823042002,92.7567081183571,67.2807794321771
2016-10-26 00:00:00+00:00,133.8454213105,4.689972665811304,130.2739125092964,2.801110744426653,98.09600314949753,91.7518949756136
2016-10-27 00:00:00+00:00,131.7946085475,-1.5322248179431175,131.0342605283982,0.6344429632417679,71.1780269629952,30.918001903802782
2016-10-28 00:00:00+00:00,131.5187144539,-0.2093364035453349,131.2764874911491,0.21255327984821648,67.4434735751183,42.975626794974936
2016-10-31 00:00:00+00:00,130.9853192061,-0.4055660443571085,131.13090334862454,-0.09650638225444602,58.53672583529215,41.36903721047866
2016-11-01 00:00:00+00:00,130.9669262665,-0.014041985553403524,131.04891480756226,-0.05527418390392477,58.13958512120249,47.26881143808776
2016-11-02 00:00:00+00:00,129.4403122815,-1.1656484797494038,130.24461354453115,-0.6104613318266643,31.517665158422997,32.73550752970122
2016-11-03 00:00:00+00:00,128.7689699869,-0.5186500888069601,129.50679176571558,-0.5645557103168122,24.206255873845123,46.57764242599806
2016-11-04 00:00:00+00:00,128.327539437,-0.3428081702796071,128.9171656013578,-0.45368194029820963,19.699095760421955,50.71253438792758
2016-11-07 00:00:00+00:00,131.5371073934,2.501074960589933,130.2271364973789,1.0236965101458617,73.50437884408832,82.87250277723419
2016-11-08 00:00:00+00:00,131.776215608,0.18178004620770238,131.00167605268945,0.602738278176782,75.35007128214052,46.086229446211455
2016-11-09 00:00:00+00:00,134.4543679505,2.0323488044813764,132.72802200159472,1.3175435413290792,88.64243897764119,64.79148247066006
2016-11-10 00:00:00+00:00,136.8637783624,1.7919911778448538,134.79590018199735,1.5547673595869664,93.42620289437127,60.689255982485996
2016-11-11 00:00:00+00:00,137.6329363016,0.5619879477266387,136.21441824179868,1.0583776536568026,94.529532148492,40.84052831607437
2016-11-14 00:00:00+00:00,138.9951798807,0.9897656881451944,137.60479906124934,1.0240716709009985,96.21651684717375,49.463029336918595
2016-11-15 00:00:00+00:00,137.2529908136,-1.2534168944529633,137.42889493742467,-0.11467261177598242,60.45320253302044,23.044349212564356
2016-11-16 00:00:00+00:00,135.7054079721,-1.1275403416175722,136.56715145476232,-0.6211064766967773,40.4297468260776,26.355231809245733
2016-11-17 00:00:00+00:00,134.6767750654,-0.7579896203631642,135.62196326008115,-0.6895480485299708,30.393033249601242,38.08568544324461
2016-11-18 00:00:00+00:00,135.622005304,0.7018509599305389,135.62198428204056,0.006151455700284081,48.13900560580219,68.14835029826197
2016-11-21 00:00:00+00:00,136.2428918332,0.45780662792018756,135.9324380576203,0.23197904181023582,58.55086804109316,60.75148276956167
2016-11-22 00:00:00+00:00,138.5596326139,1.7004489184921034,137.24603533576015,0.9662139801511697,80.48243545172484,78.54114500153509
2016-11-23 00:00:00+00:00,138.7635058026,0.14713750668502446,138.0047705691801,0.5566757434180971,81.75662310592574,42.45785360366169
2016-11-25 00:00:00+00:00,139.0415146963,0.2003472686078478,138.52314263274005,0.37851150601297245,83.90577744089859,43.7848995216854
2016-11-28 00:00:00+00:00,138.791306692,-0.17995201278302453,138.65722466237003,0.09927974661497396,72.39271164383861,35.10532656014421
2016-11-29 00:00:00+00:00,140.524228796,1.2485811577850559,139.590726729185,0.6739304522000149,88.61791343245262,69.34506669282418
2016-11-30 00:00:00+00:00,139.5233967787,-0.7122131363929363,139.5570617539425,-0.01914134209646068,58.720687430778746,33.238117627070665
2016-12-01 00:00:00+00:00,141.2192510302,1.2154622741803234,140.38815639207127,0.5981604660419313,77.77680597089989,62.235246910249344
2016-12-02 00:00:00+00:00,141.0895135465,-0.09186954523096036,140.73883496928562,0.25314546040548547,73.8638741830721,43.163628130331794
2016-12-05 00:00:00+00:00,141.0061108784,-0.059113300488145004,140.8724729238428,0.09701607995867023,70.44631393387853,43.81077627012104
2016-12-06 00:00:00+00:00,141.0802465834,0.05257623555332547,140.9763597536214,0.07479615775599785,72.16357488255737,46.90290630322021
2016-12-07 00:00:00+00:00,142.8409695767,1.2480294271807413,141.9086646651607,0.6614127924683696,90.93288957693198,71.80963724291901
2016-12-08 00:00:00+00:00,143.9993399671,0.8109510834551026,142.95400231613036,0.736181937961736,94.55559514830031,57.11620392759128
2016-12-09 00:00:00+00:00,145.0187059106,0.7078962610057138,143.98635411336517,0.7220390994837249,96.43550231177605,53.26180448959749
2016-12-12 00:00:00+00:00,145.6395924398,0.4281423732899414,144.81297327658257,0.5750907363868332,97.29032579460248,41.78093855328799
2016-12-13 00:00:00+00:00,145.1762442837,-0.31814711119267924,144.99460878014128,0.12847181259707696,76.70012285810503,22.432189657949184
2016-12-14 00:00:00+00:00,143.1467793598,-1.3979318268724783,144.07069406997064,-0.6347300071377007,32.0860189436411,11.187740388839487
2016-12-15 00:00:00+00:00,142.4980919412,-0.4531624263578671,143.28439300558531,-0.5439462167477839,25.08910580982872,46.43021162968118
2016-12-16 00:00:00+00:00,143.1745802491,0.4747349937703982,143.22948662734265,-0.034605611488692845,44.14301907997252,66.193495537768
2016-12-19 00:00:00+00:00,144.7314300538,1.0873786408113428,143.98045834057132,0.526386514661325,70.25791483282366,75.24012576681989
2016-12-20 00:00:00+00:00,144.9260362794,0.134460238199563,144.45324730998567,0.330423376430444,72.65503335822565,46.32024663408362
2016-12-21 00:00:00+00:00,145.9361352598,0.6969755099440311,145.19469128489283,0.5136994431872376,83.19821935334164,59.95073399467195
2016-12-22 00:00:00+00:00,145.9176013335,-0.012700025437173412,145.5561463091964,0.2504997088750321,82.32460674557106,40.492838410780664
2016-12-23 00:00:00+00:00,146.2419450428,0.22227867394744028,145.8990456759982,0.23638919141123618,86.14384602914654,48.75367466753791
2016-12-27 00:00:00+00:00,145.9361352598,-0.20911222352143488,145.91759046789912,0.01363848394490065,65.98057335372661,35.27032089048941
2016-12-28 00:00:00+00:00,144.6572943488,-0.8763017526285499,145.28744240834956,-0.43133163434182464,26.73197259094921,21.485414618008953
2016-12-29 00:00:00+00:00,144.2773488608,-0.2626521460327269,144.78239563457478,-0.3469918901872758,21.13038090765432,48.99029316289248
2016-12-30 00:00:00+00:00,144.2680818977,-0.006423020088164311,144.5252387661374,-0.17670745513772004,20.969620751700578,58.16857419830908
2017-01-03 00:00:00+00:00,145.4635201405,0.8286228159931408,144.9943794533187,0.3259576804277104,68.03172167976754,77.74441961821361
2017-01-04 00:00:00+00:00,146.9925690558,1.0511562719114131,145.99347425455935,0.6885569761695618,85.07910290097396,81.25160152233146
2017-01-05 00:00:00+00:00,147.0759717239,0.05673937712344923,146.5347229892297,0.3726481766465055,85.70289016491476,39.51365811044008
2017-01-06 00:00:00+00:00,147.4373832857,0.24573120786750557,146.98605313746486,0.30918969225700554,88.75784333845533,47.23993448257264
2017-01-09 00:00:00+00:00,146.7145601621,-0.4902576995681862,146.85030664978245,-0.09053400365559033,54.086705838549484,27.05359961845281
2017-01-10 00:00:00+00:00,147.4095823963,0.47372410306931734,147.12994452304122,0.1915950497068635,70.63246659657348,60.345120971232696
2017-01-11 00:00:00+00:00,147.7153921794,0.20745583708245974,147.4226683512206,0.1995254433946616,76.27525511198827,50.74893711471662
2017-01-12 00:00:00+00:00,146.6867592727,-0.696361355119135,147.0547138119603,-0.2484179558622367,38.72916430391264,28.04317662589897
2017-01-13 00:00:00+00:00,147.1871752814,0.3411459978945208,147.12094454668016,0.046364021016142065,54.92158379706981,59.35539565032298
2017-01-17 00:00:00+00:00,146.1122075591,-0.7303406157804226,146.61657605289008,-0.3419882973821403,29.662387275623786,35.45496422511654
2017-01-18 00:00:00+00:00,146.7145601621,0.4122534407375644,146.66556810749506,0.035132571677712054,49.272059561386534,60.74101739844321
2017-01-19 00:00:00+00:00,147.3447136545,0.4295098534894848,147.00514088099754,0.23232121258359842,64.71078699593134,61.08637554329892
2017-01-20 00:00:00+00:00,147.8358627,0.3333333333231492,147.42050179049878,0.2828272729533738,73.97192781907295,56.901664892668485
2017-01-23 00:00:00+00:00,146.2697459322,-1.059361875526832,146.8451238613494,-0.38826730128672904,32.800115599455815,22.870556638035566
2017-01-24 00:00:00+00:00,148.7810929385,1.7169285352174324,147.81310839992472,0.6643306169653517,71.26703226463799,72.33862506143527
2017-01-25 00:00:00+00:00,155.0918948252,4.2416692619059,151.45250161256234,2.452999939435626,90.9006209347265,85.24631325241816
2017-01-26 00:00:00+00:00,156.7228803349,1.0516252390482705,154.08769097373118,1.7523125892419482,92.80622568530897,45.238048577764545
2017-01-27 00:00:00+00:00,155.4069715714,-0.8396404919869038,154.7473312725656,0.4563360486275222,74.04077631803062,31.916894033350886
2017-01-30 00:00:00+00:00,153.4331084262,-1.2701252236249405,154.09021984938278,-0.40689458749870916,50.8888543575892,29.001148252806683
2017-01-31 00:00:00+00:00,151.4407113548,-1.298544422280501,152.76546560209138,-0.852719504889605,34.53741390741716,28.741145205980853
2017-02-01 00:00:00+00:00,151.9503943266,0.33655611310878797,152.3579299643457,-0.2580816958904085,41.72276170768191,59.82532885942549
2017-02-02 00:00:00+00:00,150.3657436325,-1.0428736964604113,151.36183679842284,-0.65047769617541,27.596369331191344,38.546996840656625
2017-02-03 00:00:00+00:00,150.4954811163,0.0862812770155097,150.92865895736142,-0.28209820957995013,30.486711356232814,57.226714301952974
2017-02-06 00:00:00+00:00,151.9596612897,0.972906403926177,151.4441601235307,0.34540409717311343,58.51899477630399,68.50315398477302
2017-02-07 00:00:00+00:00,154.2949359967,1.5367727771832485,152.86954806011533,0.9410884371781809,78.88763980781467,74.83259371242931
2017-02-08 00:00:00+00:00,153.11803168,-0.762762762820135,152.99378987005767,0.08916283717902296,57.5318496962408,33.567945279237705
2017-02-09 00:00:00+00:00,153.5573545229,0.2869177706111836,153.27557219647883,0.1880403038951033,63.12182613197092,51.77585720211684
2017-02-10 00:00:00+00:00,155.3800769561,1.1869978086449517,154.3278245762894,0.6875190562700275,79.72803490589179,64.34526716021676
2017-02-13 00:00:00+00:00,157.0625899713,1.0828370330099535,155.69520727379472,0.8851780446399905,87.51334981302801,61.56002171202747
2017-02-14 00:00:00+00:00,157.5019128142,0.27971195622094047,156.59856004399737,0.5824450004304655,89.14597915500693,41.02277752485147
2017-02-15 00:00:00+00:00,158.2496963765,0.4747774480568623,157.42412821024868,0.5286112242436639,91.86251406889627,47.41423781730895
2017-02-16 00:00:00+00:00,159.6611378504,0.8919078558874194,158.54263303032434,0.7102595400655416,95.23734482398757,60.97864429044555
2017-02-17 00:00:00+00:00,161.4371238109,1.1123470522702128,159.98987842061217,0.9113032961678772,97.32849615795877,67.60302534829437
2017-02-21 00:00:00+00:00,164.1011027517,1.6501650165178017,162.0454905861561,1.2807341563428394,98.65612659714512,80.01753830845271
2017-02-22 00:00:00+00:00,163.9141568611,-0.11392116656454565,162.97982372362804,0.5834064948891469,93.7518212070653,27.731975341416792
2017-02-23 00:00:00+00:00,165.3162510404,0.8553832116454219,164.14803738201402,0.7193948532672844,95.99283057774646,53.02856838189744
2017-02-24 00:00:00+00:00,165.8583941231,0.32794300577716484,165.00321575255703,0.5236689295222245,96.6828789528602,41.244690864263795
2017-02-27 00:00:00+00:00,167.7185057344,1.121505861150096,166.3608607434785,0.8225873953361603,98.24142391871918,60.86912776180669
2017-02-28 00:00:00+00:00,168.4662892967,0.4458563227865975,167.41357502008924,0.6342218590613788,98.62967297529315,42.668426309784955
2017-03-01 00:00:00+00:00,171.9060936834,2.0418354325130617,169.65983435174462,1.3380286457872201,99.45694033193145,72.16195570008958
2017-03-02 00:00:00+00:00,171.0461425867,-0.500244684917206,170.3529884692223,0.4188919804350071,81.09746687040987,32.37272954371238
2017-03-03 00:00:00+00:00,170.2890117299,-0.44264713915791454,170.32100009956116,-0.011877579361453727,65.20196448399811,33.616733665819936
2017-03-06 00:00:00+00:00,169.1205999137,-0.6861345922033135,169.72080000663058,-0.3490060857823836,44.851955494503876,30.105138391698564
2017-03-07 00:00:00+00:00,170.1394550174,0.6024429337525339,169.9301275120153,0.12671842398507513,60.83892831812939,61.78997568548624
2017-03-08 00:00:00+00:00,169.8777307706,-0.15382924952547228,169.90392914130766,-0.013555412770198574,54.725958031989826,44.16457146135531
2017-03-09 00:00:00+00:00,168.7840973107,-0.6437768240363684,169.34401322600382,-0.32866611840328347,33.57871096763101,34.57937626750365
2017-03-10 00:00:00+00:00,167.0361532338,-1.035609458918596,168.19008322990192,-0.6821377886609398,17.430637028199442,27.43617670296481
2017-03-13 00:00:00+00:00,167.3633085423,0.19585898152363335,167.77669588610095,-0.2431394035686532,27.25247226874695,63.23731319405037
2017-03-14 00:00:00+00:00,167.0641951174,-0.1787210276285811,167.42044550175046,-0.21093021559861716,23.43019031578448,51.61778292267527
2017-03-15 00:00:00+00:00,167.0455005283,-0.011190063248955884,167.23297301502524,-0.11106013942378652,23.126108361876085,56.927343406399615
2017-03-16 00:00:00+00:00,166.5594412128,-0.2909742040119512,166.89620711391262,-0.20101717171786884,15.354449993473422,44.65201471507328
2017-03-17 00:00:00+00:00,168.3447744678,1.0718895560648534,167.6204907908563,0.4354361921734923,70.31581708975824,78.51024594769947
2017-03-20 00:00:00+00:00,167.6811165563,-0.39422543028024837,167.65080367357814,0.020605380946621954,51.62495534800859,39.50959406359238
2017-03-21 00:00:00+00:00,164.4749945328,-1.912035230528497,166.06289910318907,-0.9457149247909376,17.642267388805124,22.304018089528856
2017-03-22 00:00:00+00:00,165.4284185748,0.5796771993872074,165.74565883899453,-0.18301886270186507,36.335775231511874,62.50835792844248
2017-03-23 00:00:00+00:00,165.6901428216,0.15820996722015757,165.71790083029725,-0.012404447740853752,41.777383335204036,55.25405500265212
2017-03-24 00:00:00+00:00,164.3441324094,-0.8123660160334722,165.03101661984863,-0.41238523188716303,25.176691574646767,39.44238481219586
2017-03-27 00:00:00+00:00,164.6058566562,0.15925378226950837,164.8184366380243,-0.12656572480882733,32.94782905895708,57.64331631255778
2017-03-28 00:00:00+00:00,165.7836157669,0.7155025553920114,165.30102620246214,0.294468415291592,60.58198516584947,66.33282938035384
2017-03-29 00:00:00+00:00,166.0359927192,0.15223274696509748,165.66850946083107,0.22335058112834474,65.19288670151575,50.57357095703094
2017-03-30 00:00:00+00:00,166.3631480277,0.19703878848320588,166.01582874426555,0.2101946848057753,71.64275291111717,51.93607515639576
2017-03-31 00:00:00+00:00,165.3162510404,-0.629284189263879,165.66603989233278,-0.20954475222905183,37.917154069515895,29.466006287753967
2017-04-03 00:00:00+00:00,165.1199578553,-0.11873798484097753,165.3929988738164,-0.16414136853501468,33.48395994307427,49.65345482554327
2017-04-04 00:00:00+00:00,167.0361532338,1.1604868384106792,166.2145760538082,0.49817273493783226,75.47354639599017,75.74463887221262
2017-04-05 00:00:00+00:00,165.5218915201,-0.9065472859522083,165.8682337869541,-0.20418727550718804,43.17002258840255,33.57361061948268
2017-04-06 00:00:00+00:00,165.7929630614,0.16376778854478857,165.83059842417705,-0.020209743481199735,49.0281617094951,53.62683727284363
2017-04-07 00:00:00+00:00,167.1763626517,0.834413936970102,166.50348053793851,0.40710209674445114,71.50993646144492,63.87644328041757
2017-04-10 00:00:00+00:00,165.9705616575,-0.721274811267536,166.23702109771926,-0.15708635726154244,45.355341803614785,36.107534103164426
2017-04-11 00:00:00+00:00,166.9146384049,0.5688218066937534,166.57582975130964,0.20586772471610548,61.774680147552935,58.531995345931534
2017-04-12 00:00:00+00:00,164.5591201836,-1.4112112896809026,165.5674749674548,-0.6026717824823986,29.07660947995713,32.37380864463567
2017-04-13 00:00:00+00:00,164.1571865188,-0.24424879298793334,164.86233074312742,-0.423460287735166,25.60735949515923,51.5253804651517
2017-04-17 00:00:00+00:00,167.3352666587,1.9359981779025093,166.0987987009137,0.7562689450836717,69.19713633241322,72.97432967488727
2017-04-18 00:00:00+00:00,166.2416331988,-0.6535582616488012,166.17021594985687,0.05135534171743528,53.128460000256084,40.80607976361821
2017-04-19 00:00:00+00:00,166.7557343979,0.3092493674464958,166.46297517387842,0.18030235458196553,59.72342637208596,52.48695931169189
2017-04-20 00:00:00+00:00,167.5969909055,0.5044843049251124,167.02998303968923,0.342393329753539,70.06264765507164,55.177290943770586
2017-04-21 00:00:00+00:00,168.6064987146,0.6023424428122315,167.8182408771446,0.47236788628288523,79.52399586726715,57.00756330852821
2017-04-24 00:00:00+00:00,170.1768441955,0.9313671138845736,168.9975425363223,0.7018675000837294,88.21472418839637,64.3494353195956
2017-04-25 00:00:00+00:00,171.5322019022,0.7964407338186152,170.26487221926115,0.7491541169511724,92.39410081385432,58.232424031353446
2017-04-26 00:00:00+00:00,169.849688887,-0.9808729769348434,170.05728055313057,-0.11585942999183552,55.64770347706246,20.23189674003895
2017-04-27 00:00:00+00:00,171.2611303609,0.830994441702515,170.65920545701528,0.35756750585533975,70.44079568150222,60.0736272905509
2017-04-28 00:00:00+00:00,172.7660447801,0.8787250300337668,171.71262511855764,0.6181462679445533,80.72355982771542,60.84638339335445
2017-05-01 00:00:00+00:00,170.485304915,-1.3201320132106842,171.09896501677883,-0.35099287263306544,45.07655422023524,26.031215254417834
2017-05-02 00:00:00+00:00,171.4667708405,0.5756894566304904,171.2828679286394,0.11234829199871249,57.25951675826808,57.48894227714822
2017-05-03 00:00:00+00:00,171.4200343679,-0.027256868704594872,171.3514511482697,0.04254571164705881,56.366442194880904,47.79252482120585
2017-05-04 00:00:00+00:00,171.120920943,-0.1744915207857578,171.23618604563484,-0.0659729045693495,49.0257719454469,45.011691486667914
2017-05-05 00:00:00+00:00,172.9342960816,1.0597039383653417,172.08524106361742,0.49686551689799613,76.66325192022647,68.24441960126762
2017-05-08 00:00:00+00:00,173.878372829,0.5459164369307823,172.98180694630872,0.5213909769143892,83.60501413094565,53.99819096674684
2017-05-09 00:00:00+00:00,174.7102820421,0.4784431781623244,173.84604449420436,0.4999170775383568,88.2319523834834,51.8653923866934
2017-05-10 00:00:00+00:00,172.5510570059,-1.2358889304979193,173.19855075005216,-0.36798592647978123,42.040391339969446,20.702207901568304
2017-05-11 00:00:00+00:00,173.2669583233,0.4148924554982836,173.23275453667608,0.02345326450925117,54.01364648348427,57.546196130815915
2017-05-12 00:00:00+00:00,172.6169952851,-0.37512232250723754,172.92487491088804,-0.17583452899899318,42.154413492879634,43.15309442473903
2017-05-15 00:00:00+00:00,171.806896426,-0.46930422914730485,172.36588566844404,-0.32256937907314903,29.886538526279192,41.30565255427052
2017-05-16 00:00:00+00:00,172.0989088054,0.16996545859016,172.232397236922,-0.07630196024149452,39.419230818848646,59.12307707549614
2017-05-17 00:00:00+00:00,168.4063651682,-2.1455938697294674,170.319381202561,-1.110947914985481,11.014428587403707,22.316104569310315
2017-05-18 00:00:00+00:00,167.1064390919,-0.7718984226051551,168.7129101472305,-0.9414231687953181,7.978512151431103,50.0099163584682
2017-05-19 00:00:00+00:00,170.2714764952,1.894024802694405,169.49219332121527,0.4763008169495435,54.14177686978873,75.46821364428973
2017-05-22 00:00:00+00:00,173.0126249605,1.6098694400980662,171.25240914085765,1.043085128523805,72.23585695238151,69.7860518425036
2017-05-23 00:00:00+00:00,172.8430693854,-0.09800185110115933,172.04773926312885,0.4725416387113228,69.68475487328146,41.56907710009322
2017-05-24 00:00:00+00:00,174.5009461204,0.9591803367616114,173.27434269176442,0.7158609877364671,80.02911670411048,57.51803670555158
2017-05-25 00:00:00+00:00,176.2153413806,0.9824561403908527,174.7448420361822,0.8491585640636599,86.94106372575634,57.897563937980415
2017-05-26 00:00:00+00:00,175.7631931801,-0.25658844284359716,175.2540176081411,0.29628506061003135,76.47075232783362,33.79172552490856
2017-05-30 00:00:00+00:00,176.0363660512,0.1554209764612624,175.64519182967055,0.22585301853564688,78.7860373782404,45.176841812699905
2017-05-31 00:00:00+00:00,176.7428476145,0.401327054828271,176.19401972208527,0.31359003668195895,84.64675826519434,52.49085580410459
2017-06-01 00:00:00+00:00,176.450835235,-0.1652187816600703,176.32242747854264,0.07418562751094432,72.26824619523344,35.92678341375394
2017-06-02 00:00:00+00:00,179.1919837004,1.5534913517123883,177.7572055894713,0.8138384896116663,90.93471445987423,73.6969328937471
2017-06-05 00:00:00+00:00,177.9862551658,-0.672869684067956,177.87173037763566,0.07048440277185514,62.969270332539956,34.35117193593747
2017-06-06 00:00:00+00:00,175.9139092469,-1.1643291876496487,176.89281981226782,-0.5469223924388967,35.12226496199502,29.19083097862259
2017-06-07 00:00:00+00:00,177.1855760608,0.722891566303141,177.03919793653392,0.08798458693212213,53.891088597686,62.03857596065138
2017-06-08 00:00:00+00:00,178.9093910751,0.9728867623561399,177.97429450581694,0.530435674644131,70.96843534659561,65.2423824805341
2017-06-09 00:00:00+00:00,179.0035886168,0.05265097663904594,178.48894156130848,0.29154332564158847,71.82381303348062,44.503782871796
2017-06-12 00:00:00+00:00,178.9753293543,-0.015786980986454147,178.73213545780425,0.13787817232756716,70.88398560237678,42.97972171039175
2017-06-13 00:00:00+00:00,180.0020825595,0.5736842105022344,179.3671090086521,0.3557811914149008,83.00432171600866,60.46978686726514
2017-06-14 00:00:00+00:00,181.2172308483,0.6750745722057694,180.29216992847606,0.515427881810335,90.22668286300726,63.3687282730602
2017-06-15 00:00:00+00:00,184.1090953805,1.595799979208845,182.20063265448803,1.05561393050959,96.11705030967143,81.67455875035088
2017-06-16 00:00:00+00:00,185.041651044,0.506523407533277,183.621141849244,0.7810686690214335,96.9935354558155,43.28682533943314
2017-06-19 00:00:00+00:00,187.5284661466,1.3439218081818138,185.574803997922,1.0624952386016235,98.4200671363842,63.22077836466992
2017-06-20 00:00:00+00:00,186.8219845834,-0.37673297164800834,186.19839429066099,0.3428811334768076,81.86686273269054,30.34596479374128
2017-06-21 00:00:00+00:00,187.6132439342,0.42353653000981595,186.9058191124305,0.3832088317433118,85.86174161674825,48.88808502628146
2017-06-22 00:00:00+00:00,187.867577297,0.13556258474438643,187.38669820471523,0.2593857082438491,87.21930714892348,42.74598815179581
2017-06-23 00:00:00+00:00,190.4956887122,1.3989169674792912,188.94119345845763,0.8291513378615701,94.86372809045925,68.6580804347725
2017-06-26 00:00:00+00:00,188.3762440225,-1.1125945705270257,188.65871874047883,-0.14172161633272778,55.040197872539295,29.221459073729523
2017-06-27 00:00:00+00:00,187.3494908172,-0.5450545054807243,188.0041047788394,-0.343388060906726,42.1746951982632,40.756104698620014
2017-06-28 00:00:00+00:00,188.0371328721,0.36703705566560885,188.02061882546968,0.011824497379441412,53.1710514380562,57.46595358605844
2017-06-29 00:00:00+00:00,186.00246597,-1.0820559062044044,187.01154239773484,-0.5351157044124815,28.834305273240222,34.36613156760561
2017-06-30 00:00:00+00:00,186.2756388411,0.14686518787554448,186.6435906194174,-0.1941252582684685,34.84051398588751,56.5726459739677
2017-07-03 00:00:00+00:00,187.066898192,0.42477876109980883,186.8552444057087,0.11532675141567017,52.32323576581957,61.04367410521609
2017-07-05 00:00:00+00:00,190.1000590368,1.62143108915338,188.47765172125435,0.8683789202845251,81.25001721428738,76.60220218649646
2017-07-06 00:00:00+00:00,189.789207149,-0.16352014269486181,189.13342943512717,0.35242938879483166,74.31833505662017,40.453344652893726
2017-07-07 00:00:00+00:00,190.6275652707,0.44173118919339505,189.88049735291358,0.39708028899411335,80.90766834457763,51.97941841729042
2017-07-10 00:00:00+00:00,192.1253061848,0.7856895785103957,191.0029017688568,0.5913849337522545,88.68649240181743,58.780636689232395
2017-07-11 00:00:00+00:00,194.3012693995,1.132575014666215,192.6520855841784,0.8619799742092348,94.00733942678903,66.0537799013229
2017-07-12 00:00:00+00:00,194.4614052205,0.08241625054479229,193.5567454023392,0.47219811237701353,94.30310648554803,36.670591161142404
2017-07-13 00:00:00+00:00,194.2635903828,-0.10172447199777723,193.9101678925696,0.18523682018961815,86.4015393372071,32.829523401120284
2017-07-14 00:00:00+00:00,196.4112943351,1.105561751467632,195.1607311138348,0.645399285828625,94.24906317829804,66.91296993724355
2017-07-17 00:00:00+00:00,196.8728622897,0.23500071936419786,196.01679670176742,0.44020000259641145,95.15112512717485,43.20200546569206
2017-07-18 00:00:00+00:00,196.1569609723,-0.36363636362768403,196.0868788370337,0.03828181948436371,69.71148889746378,31.63809168076951
2017-07-19 00:00:00+00:00,198.6437760749,1.267767960042554,197.36532745596685,0.6530248897634588,87.34333603909586,67.35629613996228
2017-07-20 00:00:00+00:00,198.0785908243,-0.2845220030386897,197.72195914013344,0.18425144336238458,72.88004566148359,38.583595135301046
2017-07-21 00:00:00+00:00,199.8306651012,0.8845349058718366,198.77631212066672,0.5343931746171106,84.67798511090719,58.57424553617513
2017-07-24 00:00:00+00:00,199.8683441179,0.018855472797896233,199.32232811928336,0.2766243237075034,84.8900258148608,43.0206130105164
2017-07-25 00:00:00+00:00,200.1320972348,0.13196342725709798,199.72721267704168,0.20429387548230069,86.80707690537446,45.83923742165747
2017-07-26 00:00:00+00:00,219.9041612514,9.87950673069844,209.81568696422084,5.04190030309037,99.13582193281651,92.67562355131022
2017-07-27 00:00:00+00:00,227.0160756547,3.234097237100242,218.41588130946042,4.137998770095306,99.42549025861179,49.18215758915489
2017-07-28 00:00:00+00:00,227.2704090174,0.11203319499137887,222.84314516343022,2.1250159825433426,99.43563786719284,36.95885997035057
2017-07-31 00:00:00+00:00,228.3913597644,0.4932233597177982,225.61725246391512,1.3091196711305704,99.49464899321407,39.703370999260976
2017-08-01 00:00:00+00:00,225.5465940031,-1.2455662789671806,225.58192323350755,0.031776696081694866,71.16721449377529,30.59100292841926
2017-08-02 00:00:00+00:00,224.1430506308,-0.6222853324403199,224.8624869321538,-0.2952543181793125,58.78155408715047,38.21550425877305
2017-08-03 00:00:00+00:00,224.4256432561,0.12607690691488482,224.6440650941269,-0.08458870563221385,60.83985891929279,48.420092951301186
2017-08-04 00:00:00+00:00,223.9169765306,-0.22665267574593084,224.28052081236345,-0.15562069068907236,53.61149862117574,43.35720251780388
2017-08-07 00:00:00+00:00,226.2907545831,1.0601152665062008,225.28563769773172,0.4522472879085642,74.67416653226267,63.97150481317309
2017-08-08 00:00:00+00:00,225.6031125282,-0.30387545269662253,225.44437511296587,0.07418591760597085,62.369049659883764,40.52256145689108
2017-08-09 00:00:00+00:00,222.0518652036,-1.574112734883526,223.74812015828292,-0.7499634086387775,27.396751278757225,26.79997869729864
2017-08-10 00:00:00+00:00,220.6966769178,-0.6103025905940473,222.22239853804146,-0.6801329996164125,20.739867154953664,47.16411015268305
2017-08-11 00:00:00+00:00,222.5920451497,0.8588114050334994,222.40722184387073,0.08933920270854345,47.50115038795126,67.70575112602121
2017-08-14 00:00:00+00:00,224.7432880929,0.9664509536956745,223.57525496838537,0.527895078202109,66.66379421570129,69.02908016695184
2017-08-15 00:00:00+00:00,226.657610007,0.8517815728088296,225.1164324876927,0.6898383255054693,77.5848404608317,64.786830280964
2017-08-16 00:00:00+00:00,225.1602691039,-0.660617970450561,225.13835079579633,0.014610177527454138,56.04358673063527,29.238116880897696
2017-08-17 00:00:00+00:00,223.264900872,-0.8417862704833468,224.20162583389816,-0.41358804647794634,36.697452707945196,26.61415914876151
2017-08-18 00:00:00+00:00,223.4354840129,0.07640392208259073,223.81855492339906,-0.1685920621976778,39.51610676596024,56.37660418138077
2017-08-21 00:00:00+00:00,223.3501924425,-0.03817279550595298,223.58437368294955,-0.1033824288518154,38.239110478229335,52.39889144007845
2017-08-22 00:00:00+00:00,227.2072667943,1.7269178547016484,225.39582023862476,0.8117677129249165,80.65190396778782,81.90352920534939
2017-08-23 00:00:00+00:00,225.6341111618,-0.6923879040912184,225.51496570021237,0.059689904416849016,56.791739051762576,36.011863595550416
2017-08-24 00:00:00+00:00,226.2501058372,0.27300600615227655,225.8825357687062,0.16634795528456278,63.18823319566239,52.08242616726061
2017-08-25 00:00:00+00:00,223.5492061068,-1.1937672782100117,224.7158709377531,-0.5137096614627245,32.01610413147167,33.123394539843005
2017-08-28 00:00:00+00:00,224.7717186163,0.5468650642024508,224.74379477702655,0.016577701369863196,49.073425380248246,59.4189937791451
2017-08-29 00:00:00+00:00,227.9085530401,1.3955645501624536,226.32617390856328,0.7060711257661584,74.0921655293746,68.48254092576065
2017-08-30 00:00:00+00:00,227.8801225166,-0.012474531175221681,227.10314821258163,0.34679829729546835,73.6005939005309,44.017252252004674
2017-08-31 00:00:00+00:00,227.1219752239,-0.3326956666195313,227.1125617182408,0.007051315337968517,58.16463764727979,39.2356065611625
2017-09-01 00:00:00+00:00,227.7569235815,0.2795627138122869,227.4347426498704,0.14330701457512773,66.88847370156199,53.66985378165245
2017-09-05 00:00:00+00:00,224.6011354755,-1.385594807119328,226.0179390626852,-0.6211438962721001,26.183321289353884,27.25639636281559
2017-09-06 00:00:00+00:00,222.3456472796,-1.0042194092763301,224.1817931711426,-0.8126816527742151,15.845514271670709,37.7768702263036
2017-09-07 00:00:00+00:00,223.9472334355,0.7203136987368186,224.0645133033213,-0.04618397701869825,40.75870027684476,68.58938165918057
2017-09-08 00:00:00+00:00,226.2880132018,1.0452371884174916,225.17626325256066,0.49952660569939666,64.07469576311946,72.44564221794477
2017-09-11 00:00:00+00:00,228.0033214517,0.7580199346972627,226.58979235213033,0.6287732701983297,74.92327878537438,62.30363439044074
2017-09-12 00:00:00+00:00,227.9938446105,-0.004156448748060537,227.29181848131515,0.3123084107251346,74.73624652146748,40.0088273258586
2017-09-13 00:00:00+00:00,229.273218167,0.5611439022337184,228.2825183241576,0.4367261564794265,83.21907490163478,57.09129959979459
2017-09-14 00:00:00+00:00,232.4005757496,1.364030918047332,230.3415470368788,0.9003785372633792,92.47883134468013,73.29286813879477
2017-09-15 00:00:00+00:00,235.9733448666,1.5373323002648265,233.15744595173942,1.218855418764103,96.13424556477274,76.20216477932681
2017-09-18 00:00:00+00:00,239.8398960596,1.6385542168696254,236.4986710056697,1.4287048178168642,97.83911910660215,78.27552095378485
2017-09-19 00:00:00+00:00,239.2523319078,-0.2449818238972168,237.87550145673487,0.5918614969598237,88.90209949756805,22.808910025226687
2017-09-20 00:00:00+00:00,242.0953842556,1.1883070585475553,239.98544285616742,0.8900842777536895,93.32650142813384,57.325380421440855
2017-09-21 00:00:00+00:00,242.6450410428,0.22704141546938672,241.31524194948372,0.5585628466115381,94.01809543934854,39.539049235754185
2017-09-22 00:00:00+00:00,243.0335915303,0.16013122948244085,242.17441673989185,0.3593470380469895,94.61034622038436,38.29836922036691
2017-09-25 00:00:00+00:00,241.0150243634,-0.8305712614415817,241.59472055164593,-0.2356121116972961,53.40598972030704,22.569494062747037
2017-09-26 00:00:00+00:00,240.4274602115,-0.24378735452361688,241.01109038157296,-0.2396997331104565,44.873136486419554,43.269141131902046
2017-09-27 00:00:00+00:00,241.9248011147,0.6227828143602121,241.46794574813646,0.1915415406248778,65.77558008591996,64.36949140025997
2017-09-28 00:00:00+00:00,240.9676401576,-0.39564399875074985,241.21779295286822,-0.10205122906293602,48.23773499266612,38.878130251906356
2017-09-29 00:00:00+00:00,240.9107791106,-0.023596963875649468,241.06428603173413,-0.06282409646929274,47.11824104890107,49.776864291294096
2017-10-02 00:00:00+00:00,242.597656837,0.7002084890628923,241.83097143436706,0.3186921962967998,73.98510357201124,66.96604711291947
2017-10-03 00:00:00+00:00,242.0953842556,-0.2070393374563606,241.96317784498353,0.05582642942021959,60.30186417465291,40.74606376913571
2017-10-04 00:00:00+00:00,242.3796894903,0.11743521487375119,242.17143366764176,0.08663082214698539,65.6896082720164,51.031848328945934
2017-10-05 00:00:00+00:00,245.3459407732,1.2238035658588942,243.75868722042088,0.6552171940029398,89.01710298679964,74.06116481962091
2017-10-06 00:00:00+00:00,245.0521586973,-0.11974197534068143,244.40542295886044,0.26773760933112917,80.85063141778616,39.88934325165282
2017-10-09 00:00:00+00:00,244.8720987152,-0.0734782272709622,244.63876083703022,0.09712969103008348,74.56192558970373,41.28854429914114
2017-10-10 00:00:00+00:00,247.2792163697,0.9830101784277234,245.95898860336513,0.5400699347289034,90.0622014485713,67.33426113215843
2017-10-11 00:00:00+00:00,247.7625352688,0.195454719646726,246.86076193608255,0.3677623271878147,91.6031834839538,45.00817693996496
2017-10-12 00:00:00+00:00,248.2079468033,0.17977356181666515,247.53435436969127,0.27376794450223996,93.08534868535406,44.56683370045297
2017-10-13 00:00:00+00:00,247.0991563877,-0.44671833834502017,247.31675537869563,-0.08647519692139011,56.10542201817844,28.07106544966678
2017-10-16 00:00:00+00:00,246.1609491129,-0.37968857867242134,246.73885224579783,-0.23308188779690572,37.29853021695292,32.104238800433734
2017-10-17 00:00:00+00:00,245.0900660619,-0.4350336862362636,245.9144591538489,-0.3340577870165847,23.697949143410145,30.019509429574953
2017-10-18 00:00:00+00:00,246.4357775065,0.5490681308397471,246.17511833017443,0.10750517191158124,54.77948239060184,74.38456763270445
2017-10-19 00:00:00+00:00,245.4880933906,-0.3845562221074017,245.8316058603872,-0.13852552509791022,38.299354111578054,39.10514921345396
2017-10-20 00:00:00+00:00,250.8993696925,2.204292773291461,248.36548777644362,1.0328836240967754,82.74945786793545,79.5154101210699
2017-10-23 00:00:00+00:00,248.5964972908,-0.9178470254916915,248.48099253362182,0.05751829930254193,56.68237090726651,36.135800070449605
2017-10-24 00:00:00+00:00,252.0839748375,1.4028667276918538,250.28248368556092,0.7301925134971978,74.75049382509394,60.290071254992945
2017-10-25 00:00:00+00:00,244.8815755564,-2.8571428571541824,247.58202962098045,-1.0634751718284923,32.611838464179115,29.533717836889625
2017-10-26 00:00:00+00:00,245.7060607372,0.33668730647729017,246.64404517909023,-0.36339393267560105,38.559150664071645,55.2224200566387
2017-10-27 00:00:00+00:00,243.0430683715,-1.0838122420383733,244.8435567752951,-0.7236030873569872,27.010186418710123,44.41922287348373
2017-10-30 00:00:00+00:00,245.6871070549,1.0878889495249844,245.26533191509753,0.1821429310839986,49.525455027851194,61.63214534813896
2017-10-31 00:00:00+00:00,244.4835482277,-0.4898746383671937,244.87444007139877,-0.15386585364159755,40.909067311943986,46.08039409690708
2017-11-01 00:00:00+00:00,244.976343968,0.2015660128758645,244.9253920196994,0.02385007961713348,46.613578678102975,53.75174131993811
2017-11-02 00:00:00+00:00,248.8902793668,1.5976789168309358,246.9078356932497,0.8107644982240346,75.17026026996932,67.67902172597175
2017-11-03 00:00:00+00:00,248.0563173448,-0.3350721547348834,247.48207651902484,0.23784617174457562,64.19527658086496,41.639866035972446
2017-11-06 00:00:00+00:00,250.2549444937,0.8863419292982178,248.86851050636244,0.5620940505213967,77.30100244356325,57.236327605390315
2017-11-07 00:00:00+00:00,252.2071737725,0.780096186610657,250.53784213943123,0.6710951185660269,84.74036122152089,55.30775625117801
2017-11-08 00:00:00+00:00,251.6764706676,-0.21042347723967403,251.1071564035156,0.23033582066317643,74.75059052908915,37.593593902882496
2017-11-09 00:00:00+00:00,250.3023286995,-0.5459954061080574,250.70474255150782,-0.1578297927224405,51.27405129337553,32.33133720789085
2017-11-10 00:00:00+00:00,248.5396362439,-0.7042253521005848,249.6221893977039,-0.4310275724115126,31.960303824478718,29.418763570650487
2017-11-13 00:00:00+00:00,250.0355428143,0.6018784741971706,249.82886610600195,0.08542545089282896,54.01167810706224,66.63468423834884
2017-11-14 00:00:00+00:00,249.4066903707,-0.25150522062658,249.61777823835098,-0.08303988486687551,44.84656162987949,43.93195969333633
2017-11-15 00:00:00+00:00,250.4547777768,0.4202322738584785,250.0362780075755,0.1685961944958015,61.27461408876794,60.01640224308256
2017-11-16 00:00:00+00:00,251.2551354323,0.31956174388225733,250.64570671993775,0.2440789691890294,71.1260163811341,56.38048910027009
2017-11-17 00:00:00+00:00,249.8830937371,-0.5460750853268359,250.26440022851887,-0.15099805806890326,42.99855151469408,31.64970652157245
2017-11-20 00:00:00+00:00,252.1412456938,0.9036833676614231,251.20282296115943,0.37634265479625995,71.15735847990943,67.48236990847786
2017-11-21 00:00:00+00:00,254.3898695831,0.8918112080840368,252.7963462721297,0.6340769314401484,83.4035082929385,67.05058583639423
2017-11-22 00:00:00+00:00,252.6367051948,-0.6891643881783205,252.71652573346483,-0.02754372836908603,55.73057744178417,29.432749003434257
2017-11-24 00:00:00+00:00,253.3322541097,0.27531585893811883,253.0243899215824,0.1238860652845164,63.03039414541291,53.37152292462564
2017-11-27 00:00:00+00:00,253.0464120899,-0.11283285691533473,253.03540100574122,0.005526604184590833,57.214653584612854,44.29968266881073
2017-11-28 00:00:00+00:00,255.3426763159,0.9074478499952798,254.18903866082061,0.45648722708993533,79.74024586926878,66.65033041955827
2017-11-29 00:00:00+00:00,256.5908531358,0.4888242098456619,255.38994589831032,0.47265571846779864,85.82506579546234,53.45022701769439
2017-11-30 00:00:00+00:00,263.7369036316,2.7849981433352156,259.56342476495513,1.628826930901507,96.03970035197922,82.29692297511235
2017-12-01 00:00:00+00:00,258.57269114,-1.9580924855376325,259.0680579524776,-0.1646327773180627,53.92023550423458,28.182803249050036
2017-12-04 00:00:00+00:00,264.851687509,2.4283292799858414,261.95987273073877,1.1318482513338894,74.39802055152292,62.441690839338456
2017-12-05 00:00:00+00:00,262.5363671483,-0.8741950570435142,262.24811993951937,0.12882659714518763,59.71899198319403,40.57999999989957
2017-12-06 00:00:00+00:00,265.1375295288,0.9907817376899608,263.6928247341597,0.5598041674175742,69.77021007755732,54.17140373346699
2017-12-07 00:00:00+00:00,268.66291444,1.3296438710375336,266.17786958707984,0.9447240192275539,79.94415942772103,56.860740675116254
2017-12-08 00:00:00+00:00,272.4074448998,1.3937652941810263,269.2926572434399,1.16924465670429,86.94461402738969,57.567511375307234
2017-12-11 00:00:00+00:00,269.796754452,-0.9583770549150272,269.54470584771997,0.10543380089463139,63.69404929606171,30.27505908414075
2017-12-12 00:00:00+00:00,276.2567841003,2.3944059895832925,272.90074497400997,1.2499198952389619,81.77933628686306,65.37426193181494
2017-12-13 00:00:00+00:00,278.0671168925,0.6553079947324347,275.483930933255,0.9526139449856983,84.93404594886486,46.97544607258752
2017-12-14 00:00:00+00:00,280.0108426274,0.6990131579101666,277.7473867803275,0.8258135514479324,88.21909395892789,47.53208913022074
2017-12-15 00:00:00+00:00,280.0680110313,0.02041649650548205,278.90769890581373,0.42311502397670725,88.33134188854012,38.193876744002374
2017-12-18 00:00:00+00:00,282.1641858434,0.7484520650470561,280.53594237460686,0.5857835445118816,92.34358840888395,53.04062359114487
2017-12-19 00:00:00+00:00,283.2218013168,0.37482271899205166,281.87887184570343,0.48030313175196665,93.92459443549085,44.76311336314174
2017-12-20 00:00:00+00:00,283.8411256931,0.21867115222788946,282.8599987694017,0.34948714198992803,94.8573663797154,40.77404459147294
2017-12-21 00:00:00+00:00,281.1065703701,-0.9634105404291438,281.9832845697508,-0.30696169921960786,47.03226530831842,20.26629506893625
2017-12-22 00:00:00+00:00,281.1732668414,0.023726400707113626,281.5782757055754,-0.14161764925624712,47.99159041244155,51.084262374518545
2017-12-26 00:00:00+00:00,281.4209965919,0.08810572686477336,281.4996361487377,-0.02675596119573688,52.758577177004796,52.866446259163986
2017-12-27 00:00:00+00:00,281.6687263424,0.08802816900661536,281.58418124556886,0.030636103905439242,58.46860414879374,52.86296588392333
2017-12-28 00:00:00+00:00,282.3642752573,0.24693863743128208,281.9742282514344,0.13878737066836067,72.47835368242013,60.79531593257316
2017-12-29 00:00:00+00:00,280.9922335621,-0.4859119284653546,281.4832309067672,-0.17356227889849696,36.27319126090495,28.092533530383683
2018-01-02 00:00:00+00:00,282.8311505564,0.6544369468822309,282.15719073158357,0.24043733399186695,68.20439714163703,68.11952458804794
2018-01-03 00:00:00+00:00,283.7458450198,0.32340654896059196,282.9515178756918,0.28192194147622945,76.85658260602864,54.82977452743568
2018-01-04 00:00:00+00:00,282.6691734118,-0.379449294816947,282.8103456437459,-0.048763676670358774,51.91398838189458,33.81740210918904
2018-01-05 00:00:00+00:00,294.2648313497,4.102201098882174,288.53758849672295,2.0267187111059077,92.29737445720689,85.81417014661002
2018-01-08 00:00:00+00:00,295.5130081696,0.4241678538937421,292.02529833316146,1.225443282499825,93.21712446145423,43.623225558752765
2018-01-09 00:00:00+00:00,303.402247917,2.6696759632564904,297.7137731250807,1.9475596228781575,96.81867437062007,61.12607815258799
2018-01-10 00:00:00+00:00,305.1458842379,0.5746945953337246,301.42982868149033,1.261127109105941,97.29486099078703,42.612141676937796
2018-01-11 00:00:00+00:00,312.6349451575,2.454255917068604,307.03238691949514,1.8576915130872727,98.6228788693645,59.23014923730381
2018-01-12 00:00:00+00:00,320.3431516257,2.465561380004,313.68776927259756,2.161626446545636,99.21662537687402,59.33638921839498
2018-01-16 00:00:00+00:00,319.3427045563,-0.3123048094903269,316.5152369144488,0.9246608185276546,91.53344922369112,30.267117338854842
2018-01-17 00:00:00+00:00,334.4446912707,4.729084616284851,325.4799640925744,2.826872717406253,96.92508560497491,70.11858740517832
2018-01-18 00:00:00+00:00,324.1067382201,-3.0910800262134885,324.79335115633717,-0.13210365440361782,58.60425264853857,30.097295266302172
2018-01-19 00:00:00+00:00,321.7914178595,-0.7143697083606182,323.29238450791854,-0.423236681382118,51.73302390736295,44.530527454767196
2018-01-22 00:00:00+00:00,322.0486756773,0.07994551859440424,322.6705300926093,-0.17164558139385688,52.65814648737773,49.7335502244971
2018-01-23 00:00:00+00:00,319.7524114513,-0.7130177514845348,321.2114707719546,-0.44233166643919586,41.90452689644248,43.60831911344498
2018-01-24 00:00:00+00:00,318.8948853918,-0.2681843916697457,320.0531780818773,-0.3552580290544708,37.60294952733345,48.90370888001024
2018-01-25 00:00:00+00:00,326.9175180818,2.5157608533430187,323.48534808183865,1.080251412144274,74.43317705424528,72.84323428905748
2018-01-26 00:00:00+00:00,327.0223268224,0.032059689310925954,325.25383745211934,0.5561555507275999,74.72552120042961,44.771958058956486
2018-01-29 00:00:00+00:00,324.7355906637,-0.6992599498999552,324.9947140579097,-0.07155219958617764,54.3766643449792,38.25993000295084
2018-01-30 00:00:00+00:00,321.7723617248,-0.9125051346677737,323.3835378913549,-0.4920286671269757,35.55629984861448,35.9715280115173
2018-01-31 00:00:00+00:00,337.6461218928,4.933226732995855,330.51482989207744,2.2205990329344396,82.95649837817211,81.49175147529353
2018-02-01 00:00:00+00:00,340.0948351961,0.7252306911072592,335.30483254408875,1.4729148620208494,85.43534316485946,46.101945061454984
2018-02-02 00:00:00+00:00,332.4437971319,-2.2496778170090104,333.87431483799435,-0.3883814774940805,50.80434328747933,31.565304127406783
2018-02-05 00:00:00+00:00,313.3590782744,-5.740735433222099,323.6166965561972,-3.06455845535809,20.187324804425238,20.29878898103377
2018-02-06 00:00:00+00:00,324.8213432697,3.657869131610969,324.2190199129486,0.2966553381264396,48.27175998214739,67.35397771883743
2018-02-07 00:00:00+00:00,331.691079813,2.114927693527835,327.9550498629743,1.2057915158271373,60.70299277170697,58.804656392172085
2018-02-08 00:00:00+00:00,315.731567039,-4.811559232463402,321.84330845098714,-1.8028838583181326,33.03659620850088,31.705430641268187
2018-02-09 00:00:00+00:00,318.7676316739,0.9615967967260497,320.30547006244353,-0.42064353079604144,40.74320472769079,56.67004784444767
2018-02-12 00:00:00+00:00,329.2741392587,3.295976925144095,324.7898046605718,1.4376666971740268,62.904196228939,64.53340167362961
2018-02-13 00:00:00+00:00,328.6611798372,-0.1861547411163178,326.72549224888587,0.6257559780288545,60.91072753727464,45.896795036777895
2018-02-14 00:00:00+00:00,330.2797758097,0.49248164121535876,328.50263402929295,0.5591188096221067,65.27016553117879,50.108805056447984
2018-02-15 00:00:00+00:00,341.399242816,3.366681165699581,334.95093842264646,1.962899987660844,83.840855830986,66.6186077330133
2018-02-16 00:00:00+00:00,340.0392390995,-0.3983616674958612,337.49508876107325,0.7822691600824914,76.35078029368687,40.36946084263586
2018-02-20 00:00:00+00:00,338.420643127,-0.4760027039192205,337.9578659440366,0.15313322808163543,65.84886715528665,39.88336257915451
2018-02-21 00:00:00+00:00,337.4820490128,-0.27734540822551557,337.71995747841834,-0.06210609007194007,58.81240275375764,42.53888295990114
2018-02-22 00:00:00+00:00,340.8820583041,1.00746374547791,339.30100789125913,0.47267882770298497,73.94229613459761,59.77602627703994
2018-02-23 00:00:00+00:00,341.5907926353,0.20791189032534074,340.44590026327955,0.34029535901416286,76.62690078750326,46.69925676419708
2018-02-26 00:00:00+00:00,348.1226414711,1.9121852744941492,344.2842708671898,1.126240316754156,90.35865122659189,68.63649359065505
2018-02-27 00:00:00+00:00,349.2336304226,0.3191372289964134,346.75895064489487,0.7226887728752847,91.61542101793353,43.5214884900878
2018-02-28 00:00:00+00:00,346.9063001189,-0.6664107064613956,346.8326253818974,0.028139033206944553,64.99402108378519,32.48935688238792
2018-03-01 00:00:00+00:00,334.9152814351,-3.4565583501049546,340.87395340849866,-1.714209658449005,20.02465820884991,15.64654050258268
2018-03-02 00:00:00+00:00,330.1073809724,-1.4355572078103784,335.49066719044936,-1.5748834331296917,14.140362228118065,46.039822603254095
2018-03-05 00:00:00+00:00,337.8459936693,2.344271331984249,336.6683304298747,0.38469394942727864,49.773843129653436,73.16501599547662
2018-03-06 00:00:00+00:00,334.177814631,-1.0857547838470483,335.42307253043737,-0.3505304172098848,38.432862644422286,43.440659135131725
2018-03-07 00:00:00+00:00,332.3772463302,-0.5388054568458256,333.9001594303187,-0.44466793702785523,32.91148729896967,48.4499790203772
2018-03-08 00:00:00+00:00,333.9958423028,0.4869755648050589,333.94800086655937,0.021153813888601825,43.79858042346548,58.732155205000936
2018-03-09 00:00:00+00:00,339.5412095695,1.660310268674725,336.7446052180297,0.8407320412816635,69.35520881976788,69.25420652715033
2018-03-12 00:00:00+00:00,329.6476614062,-2.913798939411183,333.19613331211485,-1.0365334490647597,31.28420165219184,27.802272616290807
2018-03-13 00:00:00+00:00,324.3608863954,-1.6037653621590597,328.77850985375744,-1.3201494056119096,21.725252819754786,42.56975510149378
2018-03-14 00:00:00+00:00,316.3062164967,-2.483243275171354,322.54236317522873,-1.9016963403916318,12.792459470995361,35.29900566537351
2018-03-15 00:00:00+00:00,316.0380467498,-0.08478168714803891,319.2902049625144,-0.9932390137698354,12.53506318853617,61.91097346285427
2018-03-16 00:00:00+00:00,316.5073438069,0.14849384810668997,317.89877438470717,-0.4223725828315727,16.922980505484595,64.06715500669338
2018-03-19 00:00:00+00:00,317.742840141,0.390353133434318,317.8208072628536,-0.016009724698627353,30.66001744574272,66.97464221083244
2018-03-20 00:00:00+00:00,323.3648273354,1.769351338304026,320.59281729912675,0.8766708068026994,67.4250743306787,80.48169326694993
2018-03-21 00:00:00+00:00,322.8572203144,-0.15697657199849058,321.7250188067634,0.3598471174021044,62.90771679923784,43.34009241333922
2018-03-22 00:00:00+00:00,306.1061886227,-5.188371403119863,313.9156037147317,-2.4142621428588793,14.57408246207466,15.434173392183649
2018-03-23 00:00:00+00:00,307.4374598663,0.43490504049916723,310.6765317905158,-0.989678551179856,21.741962551443688,59.332417393118625
2018-03-26 00:00:00+00:00,315.0707201627,2.4828660436238215,312.8736259766079,0.7465937462219827,54.54515187796067,68.31706686329862
2018-03-27 00:00:00+00:00,307.5523897579,-2.3862358269653217,310.21300786725396,-0.8198210403716695,33.68473902422527,38.21078288784732
2018-03-28 00:00:00+00:00,306.4988657521,-0.34255107125954476,308.355936809677,-0.5811860558156071,31.178426495583025,51.63080194058618
2018-03-29 00:00:00+00:00,314.0267736479,2.45609649397156,311.1913552287885,0.9374552190779766,61.71232090171311,66.55277130731416
2018-04-02 00:00:00+00:00,308.8166185648,-1.6591435891201378,310.00398689679423,-0.3608441850210806,42.25131009169478,39.60416376346683
2018-04-03 00:00:00+00:00,316.8425559906,2.5989331348487132,313.4232714436971,1.1190444749138164,66.5935396449532,62.91236931410336
2018-04-04 00:00:00+00:00,313.6053640456,-1.0217036454837847,313.51431774464857,0.048670414715015875,53.0615392384483,42.16008035622604
2018-04-05 00:00:00+00:00,322.1867959471,2.736379183951776,317.8505568458743,1.3925247993333958,74.03849162942613,61.78585357336755
2018-04-06 00:00:00+00:00,312.3411352386,-3.055885850181328,315.0958460422371,-0.8316805254239661,41.85063891786552,34.62434111215444
2018-04-09 00:00:00+00:00,308.8549285286,-1.1161535631023511,311.97538728541855,-0.9739170442631586,33.99988419906275,46.449635435186316
2018-04-10 00:00:00+00:00,320.6831298662,3.829694864818922,316.32925857580926,1.4278889102778818,66.23513930807675,68.34727346538702
2018-04-11 00:00:00+00:00,313.5287441179,-2.2309828868406822,314.92900134685465,-0.40154698828140023,45.89685725303898,39.019149280778585
2018-04-12 00:00:00+00:00,323.221164971,3.091397849460109,319.0750831589273,1.3449254305893543,66.68503268260035,61.040775936649354
2018-04-13 00:00:00+00:00,315.3676223825,-2.429773616218689,317.2213527707137,-0.5424240928146673,45.45668340531539,39.08066864250019
2018-04-16 00:00:00+00:00,317.7524176319,0.7561953352673623,317.48688520130685,0.10688562122634748,52.36386851873449,53.54627188308806
2018-04-17 00:00:00+00:00,322.4932756579,1.4919974681331993,319.99008042960344,0.7994415446797734,65.42146521334095,57.07713503486515
2018-04-18 00:00:00+00:00,326.5924417895,1.2710857686063504,323.2912611095517,1.0352636566430617,74.4904610700043,55.18803827917314
2018-04-19 00:00:00+00:00,326.2476521148,-0.10557184753290372,324.7694566121759,0.464845904555079,72.10449136398792,42.14826082758493
2018-04-20 00:00:00+00:00,324.3608863954,-0.5783231564027158,324.56517150378795,-0.0567386259238184,57.09359470993649,37.57503475586319
2018-04-23 00:00:00+00:00,324.5237037418,0.050196356351528415,324.54443762279396,-0.0032711347861449913,58.21947486952577,48.67978432477423
2018-04-24 00:00:00+00:00,315.1569175813,-2.8863180262334476,319.85067760204697,-1.4447945805097964,17.834717951911966,21.66742860821889
2018-04-25 00:00:00+00:00,328.3738551083,4.1937640551997335,324.11226635517346,1.3744847373449685,66.71023703169098,73.94847955908574
2018-04-26 00:00:00+00:00,328.3068126716,-0.02041649651975952,326.20953951338674,0.6770341204126045,66.40966777829962,46.33675041751076
2018-04-27 00:00:00+00:00,326.4775118979,-0.5571924502004943,326.3435257056434,0.05992083510605506,56.06994720177705,43.251193086017025
2018-04-30 00:00:00+00:00,319.4667885141,-2.147383243349532,322.9051571098717,-1.0437312041217386,29.58760864806665,33.37522477987109
2018-05-01 00:00:00+00:00,315.6166371475,-1.205180477290857,319.2608971286859,-1.1244558407062977,21.30023648173785,44.61505440615829
2018-05-02 00:00:00+00:00,310.4926794831,-1.6234751471625897,314.87678830589294,-1.3739654939344437,13.661468153429928,40.10901315778585
2018-05-03 00:00:00+00:00,316.7180486081,2.0049970696133013,315.79741845699647,0.3155157878394288,47.786475669496035,74.11971252921009
2018-05-04 00:00:00+00:00,320.3000302277,1.1309685808377434,318.04872434234824,0.7232421843385861,61.06746171278577,61.500655966490754
2018-05-07 00:00:00+00:00,326.0465248047,1.794097419508467,322.0476245735241,1.2586698019235265,75.84971162154558,67.74942181801445
2018-05-08 00:00:00+00:00,324.0735616666,-0.6051170578437515,323.0605931200621,0.3267763720398875,63.4439062234431,36.02058696516947
2018-05-09 00:00:00+00:00,329.944563626,1.8116263261980903,326.50257837303104,1.069201349118989,78.869980978707,62.53303283175164
2018-05-10 00:00:00+00:00,331.1704824691,0.37155297533244536,328.8365304210655,0.7203771622257171,81.33672587385118,45.631683753169625
2018-05-11 00:00:00+00:00,329.6208429284,-0.4679280378934725,329.2286866747328,0.12622456216612232,66.595615020839,36.90881229203779
2018-05-14 00:00:00+00:00,331.6709871655,0.6219704491033262,330.44983692011635,0.37409750563472427,75.43175588821218,54.02425637358268
2018-05-15 00:00:00+00:00,329.2935898577,-0.7167938709736088,329.8717133889082,-0.17134818266944227,51.661465723302896,36.0200738723023
2018-05-16 00:00:00+00:00,328.1867044714,-0.33613936632606034,329.0292089301541,-0.2537437744977513,42.34283073777401,43.98219531226814
2018-05-17 00:00:00+00:00,331.2378581013,0.9297005601778929,330.13353351572704,0.3379783928400708,66.97429906220637,65.4373354204575
2018-05-18 00:00:00+00:00,338.0620471346,2.060208054845303,334.0977903251635,1.1990932238426868,86.42720536960785,77.15751976655648
2018-05-21 00:00:00+00:00,350.2762867444,3.613017111304684,342.1870385347818,2.4060551675736854,94.742060462183,86.55261177633568
2018-05-22 00:00:00+00:00,341.709956364,-2.4455924379062965,341.94849744939086,-0.01976863516630556,57.612397907916765,25.403196182532508
2018-05-23 00:00:00+00:00,345.742869206,1.180215199145107,343.84568332769544,0.5802232819894008,66.8004864614155,54.35307350173685
2018-05-24 00:00:00+00:00,345.5407423094,-0.058461624115113686,344.69321281854775,0.26088082893714354,65.72935633686197,45.336889963827474
2018-05-25 00:00:00+00:00,346.5898771538,0.30362116993445376,345.64154498617387,0.2822509994357987,69.53292945185629,49.04320138118
2018-05-29 00:00:00+00:00,339.265183424,-2.1133605487703377,342.4533642050869,-0.9155547746672695,32.15690249508984,29.211549198410577
2018-05-30 00:00:00+00:00,344.7611099939,1.6199500680950774,343.60723709949343,0.3521976467139039,57.72978836073481,63.45266132445686
2018-05-31 00:00:00+00:00,338.9571805339,-1.6834640833192305,341.2822088166967,-0.6656332183026633,36.14665018145343,38.64315267191102
2018-06-01 00:00:00+00:00,343.3462217176,1.2948659700280363,342.31421526714837,0.3146163758626865,55.1618563770437,59.86530240249933
2018-06-04 00:00:00+00:00,347.2058829339,1.1241309710623648,344.76004910052416,0.7193736734625257,67.80753989407582,58.136226073042344
2018-06-05 00:00:00+00:00,346.5995022441,-0.17464585699875634,345.6797756723121,0.27236390823188467,63.58168889182231,43.725721100690116
2018-06-06 00:00:00+00:00,357.6298557451,3.1824493196275894,351.654815708706,1.727406613929737,86.51413393940302,71.3042250320386
2018-06-07 00:00:00+00:00,354.7134533796,-0.815480676081648,353.18413454415304,0.45596296892404453,69.22596976276999,38.020113701353644
2018-06-08 00:00:00+00:00,355.6470871402,0.2632078799674975,354.41561084217653,0.359585424445771,71.9204348249042,47.86867152649783
2018-06-11 00:00:00+00:00,357.0331001456,0.3897158322158978,355.72435549388825,0.3746506283308344,76.50188724651622,49.28629284701477
2018-06-12 00:00:00+00:00,356.7250972555,-0.08626732086587374,356.2247263746941,0.14419165373248033,72.55582585507418,42.72867787604886
2018-06-13 00:00:00+00:00,350.2089111122,-1.8266688252194574,353.21681874344705,-0.8412385857434885,27.515597415421738,24.70235257720733
2018-06-14 00:00:00+00:00,348.8325231972,-0.39301910126411377,351.02467097032354,-0.6171288435038011,22.99322075109913,50.503815677512314
2018-06-15 00:00:00+00:00,344.4627321941,-1.2526902489048197,347.74370158221177,-0.9349095462043104,12.897929432648057,38.60534972471057
2018-06-18 00:00:00+00:00,341.4404538352,-0.8773890689565134,344.5920777087059,-0.9061493075804119,8.861538448979779,46.81123637905773
2018-06-19 00:00:00+00:00,328.3310808262,-3.8394316964349584,336.461579267453,-2.3727905020076854,2.9186662736544657,18.127504886911456
2018-06-20 00:00:00+00:00,329.8422200056,0.46024859285249686,333.1518996365265,-0.9562709545775943,13.006290934648375,64.92484892736066
2018-06-21 00:00:00+00:00,325.0007995772,-1.46779888527242,329.07634960686323,-1.2120349199250071,8.674568282404135,46.89528632915117
2018-06-22 00:00:00+00:00,326.2039358665,0.3701948705557623,327.6401427366816,-0.4209200246846224,18.76032818061542,61.98912432342215
2018-06-25 00:00:00+00:00,318.7829912337,-2.2749402495980453,323.21156698519076,-1.347930137141334,9.279167252902257,38.41745657265451
2018-06-26 00:00:00+00:00,318.8792421368,0.03019323669919416,321.0454045609954,-0.6588684502210699,10.16248246581543,58.86451722204225
2018-06-27 00:00:00+00:00,317.4547287702,-0.44672502263062297,319.2500666655977,-0.5527967364258464,8.35625192464825,53.36563894194799
2018-06-28 00:00:00+00:00,322.1036473923,1.4644351464253136,320.67685702894886,0.4558192049997336,50.994264754901835,70.13526998150475
2018-06-29 00:00:00+00:00,322.9314051594,0.2569849096095034,321.8041310941744,0.3564020573046185,56.41073363549488,52.309097073682274
2018-07-02 00:00:00+00:00,323.4800353074,0.16989061430219277,322.64208320078717,0.26314633580340563,60.726309179100035,50.90909478982058
2018-07-03 00:00:00+00:00,320.4481318582,-0.9372768388376196,321.5451075294936,-0.337065251517107,33.353217348413665,33.70686506481504
2018-07-05 00:00:00+00:00,320.688759116,0.07509085991692643,321.11693332274683,-0.13098719580009027,36.74748051155712,54.70087537411735
2018-07-06 00:00:00+00:00,322.094022302,0.43820157272542737,321.6054778123734,0.15360718846266855,56.2611140725949,61.29537378852798
2018-07-09 00:00:00+00:00,329.1010880514,2.175472149194402,325.3532829318867,1.1645396688285352,86.775600378464,81.0712014568984
2018-07-10 00:00:00+00:00,334.1446353764,1.5325222273991024,329.74895915414334,1.3485309481138188,92.45713642120157,63.157103709220564
2018-07-11 00:00:00+00:00,327.8305761298,-1.889618619639799,328.7897676419717,-0.2705438357629901,51.17240616456471,22.84849122834351
2018-07-12 00:00:00+00:00,333.0570001708,1.59424544918918,330.9233839063859,0.6618508067130949,68.58783395179744,60.92820110055537
2018-07-13 00:00:00+00:00,337.6385431608,1.3756032714071331,334.28096353359297,1.018727039060114,78.6165444391081,58.22295099389307
2018-07-16 00:00:00+00:00,342.7494661181,1.5137261609572628,338.51521482584644,1.2662266000086884,86.06239358725736,59.90970328009593
2018-07-17 00:00:00+00:00,343.5002231626,0.21903959559816943,341.0077189942232,0.7426330978034289,87.05553648499837,38.21551166334989
2018-07-18 00:00:00+00:00,346.7246284182,0.9386908765045332,343.8661737062116,0.8406619871539811,91.12818856746982,52.54363960869128
2018-07-19 00:00:00+00:00,342.0083341638,-1.3602420675786209,342.9372539350058,-0.2597900402123199,53.91254057953328,24.88764566003334
2018-07-20 00:00:00+00:00,341.5944552803,-0.12101426841305551,342.2658546076529,-0.1904021543126877,51.162204707421076,47.31116652598686
2018-07-23 00:00:00+00:00,340.0255655589,-0.45928430545297827,341.1457100832764,-0.324843229882833,39.65839935064864,42.15797995831845
2018-07-24 00:00:00+00:00,344.8381107164,1.4153480340778568,342.9919103998382,0.5452524020975119,70.34205111353765,69.6436256048557
2018-07-25 00:00:00+00:00,342.5762144924,-0.6559298852730988,342.78406244611915,-0.05533874158779345,51.779514920501015,38.96046264724303
2018-07-26 00:00:00+00:00,345.8487451995,0.9552708473788529,344.31640382280955,0.4499660528955297,69.33897784537704,59.685097976494305
2018-07-27 00:00:00+00:00,347.1288822114,0.3701436045869144,345.7226430171048,0.41005482874122207,74.736937487342,50.36905661253534
2018-07-30 00:00:00+00:00,337.8984205993,-2.659087758211587,341.8105318082024,-1.1245164647351824,25.734527938674592,22.769779505057524
2018-07-31 00:00:00+00:00,342.9419679244,1.4926223437667252,342.37624986630124,0.1840529395157714,51.69366166572254,63.681494909110725
2018-08-01 00:00:00+00:00,339.5346859528,-0.9935447656704177,340.95546790955063,-0.40474591307732316,38.17242914056302,43.14951314900307
2018-08-02 00:00:00+00:00,336.6182835874,-0.8589409229917022,338.7868757484753,-0.6318434180345127,28.575977052472094,44.600104117503086
2018-08-03 00:00:00+00:00,335.3766469368,-0.3688559745976039,337.08176134263766,-0.5003496963160583,24.622875181715738,51.37599869811701
2018-08-06 00:00:00+00:00,333.5767550478,-0.5366777637738074,335.3292581952188,-0.5185137300449328,18.929001998079897,48.339138237005805
2018-08-07 00:00:00+00:00,337.6096678898,1.2089909686369138,336.4694630425094,0.3452386192959905,54.3827338840081,73.12540838407497
2018-08-08 00:00:00+00:00,334.741390976,-0.8495837609532653,335.6054270092547,-0.2521725708286374,37.08231073205813,39.555403075958594
2018-08-09 00:00:00+00:00,332.4794947519,-0.6757145321960367,334.0424608805773,-0.46394355151233707,26.943406004653376,42.87768334796944
2018-08-10 00:00:00+00:00,328.3104425514,-1.2539276154792667,331.17645171598866,-0.8589355834958019,15.344258427842714,33.651206992500796
2018-08-13 00:00:00+00:00,327.2947801823,-0.30936036064128647,329.2356159491443,-0.5841479720685442,13.258469903613385,56.55752725357014
2018-08-14 00:00:00+00:00,328.0492722279,0.2305237025716611,328.64244408852215,-0.17681213474844154,24.668745448010263,66.47938790038728
2018-08-15 00:00:00+00:00,320.9106167197,-2.1760924691949124,324.7765304041111,-1.176452301971677,8.604662830086488,26.306273599704053
2018-08-16 00:00:00+00:00,334.6655870891,4.28623101036707,329.72105874660554,1.5548893541976962,68.2886624801764,78.54001113002408
2018-08-17 00:00:00+00:00,335.0718520367,0.12139430024273867,332.3964553916528,0.8381418272202175,69.18032974036346,46.60558601385334
2018-08-20 00:00:00+00:00,339.2699231621,1.2528868360270895,335.8331892768764,1.0455143316236535,78.53533556470985,54.195266276118474
2018-08-21 00:00:00+00:00,342.20083457,0.8638877801436129,339.0170119234382,0.9547010558836332,83.71270535636104,50.493958594904164
2018-08-22 00:00:00+00:00,338.5831419412,-1.0571840461306548,338.8000769323191,-0.05124149512351078,57.8691435082439,33.5303502046452
2018-08-23 00:00:00+00:00,336.1165333306,-0.7285089849595416,337.45830513145955,-0.3898752400415262,43.98241605710138,38.80629201403761
2018-08-24 00:00:00+00:00,337.9543985699,0.5467940601101784,337.70635185067977,0.0784594100343261,55.82903510688899,58.14300209738315
2018-08-27 00:00:00+00:00,342.1718156451,1.24792489550265,339.93908374788987,0.6631921527684881,74.43717701850649,66.79562941517764
2018-08-28 00:00:00+00:00,339.7245529845,-0.715214564351585,339.83181836619497,-0.026011205791548475,54.465554680362935,35.75387022177081
2018-08-29 00:00:00+00:00,338.7379095403,-0.2904245323254617,339.2848639532475,-0.1582178690585051,46.862022499034495,44.17451264522082
2018-08-30 00:00:00+00:00,335.5555007839,-0.9394899911612575,337.42018236857376,-0.5488539301098814,27.970143967187212,33.96987399355904
2018-08-31 00:00:00+00:00,331.5799080822,-1.1847794753513274,334.5000452253869,-0.8668167027306044,15.933546270465873,30.036566962899474
2018-09-04 00:00:00+00:00,334.9267574126,1.0093643338517033,334.7134013189934,0.07127381556054946,45.53230843049116,72.60212035292352
2018-09-05 00:00:00+00:00,335.3426953352,0.12418772564282143,335.0280483270967,0.09773077060168545,48.887095771507795,53.06529960777035
2018-09-06 00:00:00+00:00,339.7825908341,1.3239875389150724,337.40531958059836,0.7108591547583789,74.26588068858987,69.66298563320859
2018-09-07 00:00:00+00:00,337.8576688204,-0.5665157855717862,337.6314942004992,0.07217168459329637,56.138573648432235,37.94649700417474
2018-09-10 00:00:00+00:00,330.6803214125,-2.1243701328311104,334.1559078064996,-1.026099224118907,23.735556146303335,24.28170835043628
2018-09-11 00:00:00+00:00,333.9594599183,0.9916340022270376,334.0576838623998,-0.017232610945934757,45.35204124630957,63.60436987830705
2018-09-12 00:00:00+00:00,341.852607472,2.363504706718289,337.9551456671999,1.1731360478861772,72.99199132584414,72.89902738560248
2018-09-13 00:00:00+00:00,343.8355673354,0.5800628165641308,340.89535650129994,0.876599432225154,77.31559321358368,48.66454098352543
2018-09-14 00:00:00+00:00,348.0336384608,1.2209531311532018,344.46449748105,1.048776281689178,84.96098392307373,56.46570800544289
2018-09-17 00:00:00+00:00,344.3192160826,-1.0672595886498826,344.391856781825,-0.00924165348035233,58.70283582502294,31.130252528779213
2018-09-18 00:00:00+00:00,351.6900229894,2.140689965160636,348.0409398856125,1.0657241558401418,78.49038965321674,64.56502859696816
2018-09-19 00:00:00+00:00,353.2763908801,0.45106991583545586,350.65866538285627,0.7583970358377988,81.3719022532126,46.666183906880036
2018-09-20 00:00:00+00:00,355.4431372674,0.6133289524109076,353.05090132512817,0.6858629941243533,85.38356828529096,48.71421142334698
2018-09-21 00:00:00+00:00,360.0571463153,1.2981004735024282,356.55402382021407,0.9919817338133907,91.34040311621742,58.74319234093196
2018-09-24 00:00:00+00:00,355.9558049394,-1.1390806759070449,356.254914379807,-0.07354947104682708,59.1816115905423,28.739579390527748
2018-09-25 00:00:00+00:00,355.2206588437,-0.20652735128878774,355.7377866117535,-0.1400384111678074,54.063820826114814,44.89401827085194
2018-09-26 00:00:00+00:00,353.0926043562,-0.5990795958847439,354.41519548397673,-0.3695590035262757,39.30519204983376,39.27257397103954
2018-09-27 00:00:00+00:00,355.3754264428,0.6465222036474927,354.8953109633884,0.1384816000606085,57.82910327910783,61.949782625850695
2018-09-28 00:00:00+00:00,359.7379381422,1.2275783227521986,357.3166245527942,0.6830299614064035,77.50713663939688,69.83247408664641
2018-10-01 00:00:00+00:00,369.7881591083,2.7937617639113954,363.5523918305471,1.7383958626588996,91.3902841702537,83.58313238151868
2018-10-02 00:00:00+00:00,373.7347328852,1.0672526092821988,368.6435623578735,1.4028242359705492,93.6858663263374,47.66088900522773
2018-10-03 00:00:00+00:00,379.4708070266,1.534798250384184,374.0571846922368,1.4688112431773666,96.00696272067471,55.44009772259979
2018-10-04 00:00:00+00:00,377.2363498147,-0.5888350751954929,375.6467672534684,0.4399880839909368,79.03128910862421,27.54593343489614
2018-10-05 00:00:00+00:00,373.8314626346,-0.9025872458400475,374.7391149440342,-0.23129958092455533,56.28394271722917,24.782591934413137
2018-10-08 00:00:00+00:00,373.1543543886,-0.18112660748991205,373.94673466631707,-0.2062130942072337,51.83363560912101,44.11842425482512
2018-10-09 00:00:00+00:00,372.8351462155,-0.08554319930769161,373.39094044090854,-0.14587814675746263,49.08892745963929,46.834462288710256
2018-10-10 00:00:00+00:00,355.4528102423,-4.662204234134338,364.4218753416043,-2.4040411904459003,9.21816787144117,10.42898477059065
2018-10-11 00:00:00+00:00,346.3989056954,-2.5471467058393094,355.41039051850214,-2.475593948142605,5.639453602670651,41.793443450449615
2018-10-12 00:00:00+00:00,348.333500684,0.5584876155183771,351.87194560125107,-0.9585531663121138,16.081498117656537,67.13796660644857
2018-10-15 00:00:00+00:00,347.143724766,-0.3415623003999668,349.5078351836255,-0.6500577333560403,14.591886934837795,56.45230465594864
2018-10-16 00:00:00+00:00,356.2073022879,2.6109005795825757,352.85756873576275,0.9804214231132677,58.508620597125116,75.57815682650919
2018-10-17 00:00:00+00:00,353.5472341785,-0.7467752885228718,353.2024014571314,0.11682306729519798,47.708856401011566,43.207123824715495
2018-10-18 00:00:00+00:00,347.5983545883,-1.6826265390034068,350.4003780227157,-0.7829017358541044,29.464535724785556,36.645129663504825
2018-10-19 00:00:00+00:00,344.6094053309,-0.8598859050815033,347.50489167680786,-0.8213938204678038,22.872530667135976,47.21639373671153
2018-10-22 00:00:00+00:00,344.3385620324,-0.07859428509793265,345.9217268546039,-0.44999405278286825,22.197516137414866,57.35270397349161
2018-10-23 00:00:00+00:00,338.6024878911,-1.6658239226660432,342.2621073728519,-1.0579089877244556,11.45658406944483,36.18027894421263
2018-10-24 00:00:00+00:00,343.052056365,1.3140979859932456,342.65708186892596,0.12809449913439497,43.35145018139532,68.70993784527818
2018-10-25 00:00:00+00:00,351.8738095133,2.571549414912666,347.265445691113,1.3498219570235306,72.65012970919429,76.34250932153503
2018-10-26 00:00:00+00:00,347.5209707888,-1.2370453858218888,347.3932082399565,0.056388285600820875,52.53854720669535,36.211688596652436
2018-10-29 00:00:00+00:00,324.615366123,-6.591143151392876,336.0042871814783,-3.2673774328960272,16.49512796913428,17.17438177099484
2018-10-30 00:00:00+00:00,338.4670662418,4.26711165408955,337.23567671163914,0.4998671105967616,48.52689375082383,68.13504325222831
2018-10-31 00:00:00+00:00,343.2551888388,1.4146494813115362,340.24543277521957,0.9572582959541489,57.06618762015811,54.839280855580824
2018-11-01 00:00:00+00:00,351.1967012673,2.313588457428839,345.7210670212598,1.6354233766914938,69.60942653653574,58.65331825122564
2018-11-02 00:00:00+00:00,346.0506785974,-1.4652821770052116,345.8858728093299,0.08507059984314114,54.214284359756846,38.27212071290318
2018-11-05 00:00:00+00:00,350.1423469984,1.1823899370994484,348.01410990386495,0.6337302684712948,63.770709659900206,54.78472918648058
2018-11-06 00:00:00+00:00,354.485512748,1.2404000221143852,351.24981132593246,0.93706514529284,72.80746292567281,55.178776700557606
2018-11-07 00:00:00+00:00,359.8540138415,1.5144486588134276,355.5519125837162,1.2257569020531338,81.40652471436204,57.785757651339864
2018-11-08 00:00:00+00:00,360.2989706889,0.123649266170478,357.9254416363081,0.6747030841118059,82.10987368289815,40.051838786728
2018-11-09 00:00:00+00:00,358.9093557576,-0.38568384712368564,358.417398696954,0.14450961849406013,69.74979933620924,34.27386387899388
2018-11-12 00:00:00+00:00,346.9470062439,-3.3329723290298263,352.682202470427,-1.594231355267883,23.694250965204276,15.218114477932575
2018-11-13 00:00:00+00:00,339.6393808709,-2.1062655798974594,346.1607916706635,-1.8502484675826714,14.762328977976312,37.06406780346669
2018-11-14 00:00:00+00:00,334.9846567303,-1.3704901147400639,340.57272420048173,-1.6103692911613676,10.853274941238116,48.90845890866513
2018-11-15 00:00:00+00:00,331.9236168466,-0.9137851009589637,336.24817052354086,-1.2620771960601656,8.605473827275102,56.526158236856006
2018-11-16 00:00:00+00:00,326.4623329907,-1.6453435606011535,331.3552517571204,-1.4537103783306595,5.536699050529801,41.617076148698644
2018-11-19 00:00:00+00:00,311.8762350053,-4.467926774822006,321.6157433812102,-2.9608185765763326,2.2797434440113924,16.472371446419498
2018-11-20 00:00:00+00:00,308.7277368392,-1.0095344924394234,315.1717401102051,-1.985176534507878,1.9150015648143428,60.4216340271557
2018-11-21 00:00:00+00:00,308.3584685358,-0.11960969467164073,311.76510432300256,-1.0523931145897594,1.8625759547038416,67.10277992242774
2018-11-23 00:00:00+00:00,303.4996750696,-1.5756964578502841,307.6323896963013,-1.3140447862200217,1.2092126797352387,47.445823056015364
2018-11-26 00:00:00+00:00,307.4255801903,1.2935450819839156,307.52898494330066,-0.010249852118053071,30.680483920127315,71.83378104589163
2018-11-27 00:00:00+00:00,309.048417208,0.5278796308021638,308.28870107565035,0.2588148893420554,41.5011946061457,60.58082586445607
2018-11-28 00:00:00+00:00,324.0815241922,4.8643209759855255,316.1851126339252,2.5615679326637903,81.54046402827422,83.08794543707138
2018-11-29 00:00:00+00:00,332.8856579529,2.7166416791716275,324.53538529341256,2.639104805917709,88.47192800161476,58.34132494938166
2018-11-30 00:00:00+00:00,336.9670444645,1.2260625875860187,330.75121487895626,1.932583696751864,90.85875913826112,44.533104710660744
2018-12-03 00:00:00+00:00,349.7942592151,3.8066674356789676,340.27273704702816,2.869625566215416,95.37402957097542,65.6474656960441
2018-12-04 00:00:00+00:00,332.8273524313,-4.850538948772876,336.5500447391641,-0.9904566912787298,48.1679274477398,22.51638731132687
2018-12-06 00:00:00+00:00,322.5267102831,-3.094890510937265,329.538377511132,-2.0426736011079973,33.20243933412947,35.4227271074643
2018-12-07 00:00:00+00:00,314.0918448258,-2.615245555909529,321.81511116846605,-2.328959578508763,24.031421987502792,39.54910994534508
2018-12-10 00:00:00+00:00,317.1334495357,0.9683806695417019,319.47428035208304,-0.6802894544835305,33.906136204478805,64.77460756516633
2018-12-11 00:00:00+00:00,312.9354519809,-1.323732189381499,316.2048661664915,-1.0020108219325148,26.716580174763642,46.25595922837821
2018-12-12 00:00:00+00:00,317.4638474913,1.4470701487271587,316.83435682889575,0.22252966339732194,45.43699537955163,64.60482893129037
2018-12-13 00:00:00+00:00,316.2783018856,-0.3734427132627949,316.5563293572479,-0.07545652493273647,41.294455777090455,48.33956250425567
2018-12-14 00:00:00+00:00,309.7480834671,-2.0647064245532754,313.15220641217394,-1.0700814747430059,23.552656450701953,35.784904192918916
2018-12-17 00:00:00+00:00,307.2020756908,-0.8219607843257148,310.17714105148696,-0.9460211295343603,18.82310061619051,50.07620984576017
2018-12-18 00:00:00+00:00,318.7951569011,3.7737639578869553,314.48614897629346,1.4138714141762976,65.77049482328124,77.65792582521945
2018-12-19 00:00:00+00:00,310.5254904217,-2.5940376760383077,312.50581969899673,-0.5900831309310051,40.62884101183037,36.14920901270423
2018-12-20 00:00:00+00:00,304.2090589157,-2.0341104678466726,308.3574393073484,-1.3120967993888388,28.25443392580928,40.35421469093453
2018-12-21 00:00:00+00:00,295.9491100232,-2.7152212106835827,302.1532746652742,-2.0136590050362106,17.6874351965248,36.025243925949646
2018-12-24 00:00:00+00:00,285.8525372006,-3.411590871757808,294.0029059329371,-2.7126249383970094,10.492450697631606,30.935798582116746
2018-12-26 00:00:00+00:00,305.0642065657,6.720832200141702,299.5335562493185,2.004103630872346,58.581272343679856,83.08654678197571
2018-12-27 00:00:00+00:00,308.183551971,1.0225209441699024,303.8585541101593,1.5133122875211242,63.37381293917121,50.755727143807476
2018-12-28 00:00:00+00:00,307.4450153641,-0.23964179858938506,305.6517847371297,0.6368352444658696,60.872378432064544,44.94503133568711
2018-12-31 00:00:00+00:00,313.3921785667,1.9343827043534656,309.52198165191487,1.2856089744096675,73.50458293871834,57.51242832589004
2019-01-02 00:00:00+00:00,314.6651824548,0.4062015503775829,312.0935820533574,0.8459052623936252,75.99311189921804,46.35535288015882
2019-01-03 00:00:00+00:00,302.1197777252,-3.9869059016092723,307.10667988927867,-1.5705003196078235,31.817430846353286,25.240849329556045
2019-01-04 00:00:00+00:00,317.8428333817,5.204245738192381,312.47475663548937,1.8168727092922787,67.42087353066051,69.22801002940305
2019-01-07 00:00:00+00:00,318.8437448357,0.3149076678403473,315.6592507355947,1.065890188566313,68.96817832082658,47.10999931631406
2019-01-08 00:00:00+00:00,330.9129878057,3.7853159001815406,323.28611927064736,2.425603044373927,83.30758599761872,60.53462549361563
2019-01-09 00:00:00+00:00,334.1197914933,0.9690776142890156,328.70295538197365,1.6973403293314713,85.90364406057225,46.246189959345536
2019-01-10 00:00:00+00:00,342.6518328199,2.553587528732515,335.6773941009368,2.125463929031993,91.3021915667493,55.17541757939886
2019-01-11 00:00:00+00:00,342.9336428409,0.08224383879136266,339.3055184709184,1.1038538839116778,91.46415293476946,39.73376426798873
2019-01-14 00:00:00+00:00,340.4653757601,-0.7197506375730911,339.88544711550924,0.19205162316929336,73.48639531957764,34.969777686173735
2019-01-15 00:00:00+00:00,342.2922821034,0.5365909350462994,341.0888646094546,0.3643212791077964,78.23583167144412,49.26384910958656
2019-01-16 00:00:00+00:00,342.1173655386,-0.05110152169518489,341.6031150740273,0.15660987870630574,76.27358601870418,42.681065141908306
2019-01-17 00:00:00+00:00,348.948829152,1.9968187240788415,345.2759721130136,1.0767143013925737,90.39158970288152,66.25221334334422
2019-01-18 00:00:00+00:00,354.4295481818,1.5706368876832189,349.8527601474068,1.3236755945378964,94.40092571370054,58.715091668928295
2019-01-22 00:00:00+00:00,347.7924363071,-1.8726181010437548,348.82259822725337,-0.2744712532529292,53.69873267465538,24.683660708544377
2019-01-23 00:00:00+00:00,348.4823849793,0.19837943559841698,348.65249160327664,-0.038045908827256114,56.615520585292074,50.54466051088906
2019-01-24 00:00:00+00:00,348.1519870236,-0.09481051839094201,348.4022393134383,-0.06642821360909906,54.16454546228942,47.10965975166147
2019-01-25 00:00:00+00:00,353.9145160744,1.6551762636958234,351.1583776939192,0.7943740250433622,78.50708160045701,67.11730275012002
2019-01-28 00:00:00+00:00,352.7192528817,-0.33772652389559843,351.9388152878096,0.22832375057388188,67.37437623098441,40.77122628414815
2019-01-29 00:00:00+00:00,354.6044647466,0.5344794335715664,353.2716400172048,0.3814015920727241,75.5702997622765,52.90687854546068
2019-01-30 00:00:00+00:00,376.7702805392,6.250856375550606,365.0209602782024,3.3161289838116654,95.50139994964577,84.37674675408522
2019-01-31 00:00:00+00:00,374.7295872834,-0.5416279789582923,369.8752737808012,1.3872505024266866,85.83103724133623,38.5094179732924
2019-02-01 00:00:00+00:00,376.4884705181,0.4693739951123099,373.18187214945056,0.9283122487694982,87.47122035310997,45.164550327107285
2019-02-04 00:00:00+00:00,385.7882012124,2.4701236352609346,379.4850366809253,1.6992179420152165,93.46805027920904,58.49815326908644
2019-02-05 00:00:00+00:00,398.5959807891,3.319899244313218,389.0405087350126,2.5095585931642175,96.71562980583971,64.06496966722635
2019-02-06 00:00:00+00:00,399.4997163738,0.22672972841093486,394.2701125544063,1.3681441607875762,96.87982294206765,36.98112503515629
2019-02-07 00:00:00+00:00,395.7244338506,-0.9450025540612916,394.99727320250315,0.21157080336314227,73.77059177091712,29.818244692889394
2019-02-08 00:00:00+00:00,395.4704951266,-0.06417059506006462,395.23388416455157,0.07370010415153883,72.03687652272048,42.39868645690529
2019-02-11 00:00:00+00:00,394.5328752227,-0.23708972362144198,394.8833796936258,-0.08169480973495158,63.74031985076426,40.27287132686768
2019-02-12 00:00:00+00:00,401.1450489205,1.6759499937914368,398.0142143070629,0.7971275920282426,83.65424127515224,67.39860464344915
2019-02-13 00:00:00+00:00,401.0083126845,-0.03408648227566369,399.51126349578146,0.38152055487628944,82.25299279281953,41.88977530589468
2019-02-14 00:00:00+00:00,400.2660302606,-0.18510399919914322,399.88864687819074,0.09820827783857311,72.38052481042708,39.889843596395814
2019-02-15 00:00:00+00:00,408.2260325704,1.9886779561626655,404.0573397242954,1.0434431170006193,90.57573090157497,70.40118747411577
2019-02-19 00:00:00+00:00,406.5558971164,-0.40912027179745847,405.3066184203477,0.3171614226015804,75.02124727842637,38.26464773488587
2019-02-20 00:00:00+00:00,411.7225734623,1.2708403401711754,408.5145959413238,0.7940008813863779,86.09884311731001,58.27931212593115
2019-02-21 00:00:00+00:00,407.8451244844,-0.9417625429893994,408.1798602128619,-0.07388083080151076,57.428700633225674,35.52562626786913
2019-02-22 00:00:00+00:00,414.1642919623,1.549403707078456,411.172076087581,0.7377614381384727,76.53212769819298,61.145221885455626
2019-02-25 00:00:00+00:00,416.9185504302,0.6650159179224291,414.0453132588905,0.7013886780304509,81.8553922447475,50.46649323148024
2019-02-26 00:00:00+00:00,416.8208816902,-0.02342633588724441,415.4330974745452,0.33898117107160325,80.87953757776583,41.91826083123588
2019-02-27 00:00:00+00:00,425.2887614481,2.031539236605151,420.3609294613226,1.185260203838377,92.5030021089879,66.9690873064135
2019-02-28 00:00:00+00:00,429.703388496,1.038030497882958,425.0321589786613,1.1116453508606674,94.91862466025448,51.01313133669146
2019-03-01 00:00:00+00:00,430.34800218,0.15001363760620556,427.69008057933064,0.6308294942334365,95.25359275620197,38.66271546844342
2019-03-04 00:00:00+00:00,422.6028710981,-1.7997367346114568,425.14647583871533,-0.5844536201890101,43.53312066014999,21.510962752819786
2019-03-05 00:00:00+00:00,420.0927844802,-0.5939587233228627,422.61963015945764,-0.5892061717559365,34.441946163616215,44.39413990933886
2019-03-06 00:00:00+00:00,414.5647337963,-1.3159118385573154,418.5921819778788,-0.952559005156626,20.38127389998465,35.18199640432112
2019-03-07 00:00:00+00:00,412.7090277363,-0.44762757386686003,415.65060485708943,-0.700093289511743,16.90600891640929,52.8373802570946
2019-03-08 00:00:00+00:00,412.6894939883,-0.004733055660821606,414.1700494226947,-0.3524131725862823,16.860614998860523,60.97122792580273
2019-03-11 00:00:00+00:00,390.6847268667,-5.33203957022077,402.4273881446974,-2.8422263714035263,3.0450224022029055,14.828740091690964
2019-03-12 00:00:00+00:00,366.6582168272,-6.149846253830571,384.5428024859487,-4.496036312617049,1.3001653236233668,12.628103082161125
2019-03-13 00:00:00+00:00,368.3478860291,0.46082949306882615,376.4453442575243,-2.0176034097741113,6.926159242235364,68.78919710734998
2019-03-14 00:00:00+00:00,364.5974064132,-1.0181895317307954,370.52137533536217,-1.5178964707524534,5.821359351745543,56.58326471601683
2019-03-15 00:00:00+00:00,370.1547577191,1.524243236004219,370.3380665272311,0.003173382625882848,30.47178953821141,70.21207502284136
2019-03-18 00:00:00+00:00,363.6011852652,-1.7704952637332627,366.9696258962156,-0.8836609405536899,20.828403076417615,43.60489831808424
2019-03-19 00:00:00+00:00,364.7243757752,0.30890727410053387,365.8470008357078,-0.28737683322657803,26.785000565833265,58.49496513682893
2019-03-20 00:00:00+00:00,367.3907323772,0.7310607075090125,366.6188666064539,0.22184193714121725,42.25525293006541,61.58378677489777
2019-03-21 00:00:00+00:00,364.0113939732,-0.9198213526329324,365.3151302898269,-0.3489897077458576,30.145713748432005,42.869374992322896
2019-03-22 00:00:00+00:00,353.7268756514,-2.8253286825843604,359.5210029706135,-1.587159195165109,13.059991588745072,28.09019407443138
2019-03-25 00:00:00+00:00,361.8236141973,2.2889803131270536,360.67230858395675,0.35091055898097234,47.91849381304777,69.8862641742243
2019-03-26 00:00:00+00:00,361.7454792053,-0.021594774065081257,361.2088938946284,0.16465789245794554,47.64198713296253,50.13768055966504
2019-03-27 00:00:00+00:00,365.4861919472,1.034073114090539,363.3475429209142,0.5993655032742423,62.9817438355393,58.227410277734556
2019-03-28 00:00:00+00:00,365.7108300492,0.06146281499808115,364.5291864850571,0.33041415913616173,63.93357246529937,47.56306535029584
2019-03-29 00:00:00+00:00,372.5281081011,1.8641170815156816,368.5286472930785,1.0972656203259217,83.38315371431356,65.25469050018789
2019-04-01 00:00:00+00:00,382.4121845889,2.6532431440361437,375.47041594098926,1.8752543821810326,92.35233054613254,71.55618407665438
2019-04-02 00:00:00+00:00,381.6406015429,-0.20176738009262118,378.55550874194466,0.8367435010442057,86.86231919325593,36.062308480146115
2019-04-03 00:00:00+00:00,375.770710269,-1.5380678183005592,377.16310950547233,-0.35066215862817673,51.754100853347914,26.74744952501419
2019-04-04 00:00:00+00:00,386.6314741568,2.8902635546089073,381.89729183113616,1.2698006979903653,77.26134991411098,67.92733220891324
2019-04-05 00:00:00+00:00,382.7930926749,-0.9927752235565079,382.34519225301807,0.1385127372169287,60.347528863114555,39.05194186766807
2019-04-08 00:00:00+00:00,365.7889650412,-4.44211976628881,374.06707864710904,-2.1518035145359407,24.584365605968255,24.93067935557769
2019-04-09 00:00:00+00:00,360.4367180893,-1.4632062373169719,367.2518983682045,-1.8075048759264563,19.209519999749507,48.877788904502445
2019-04-10 00:00:00+00:00,356.4322997494,-1.1109906785101376,361.8420990588022,-1.4592477772182968,15.424888649651603,51.61520859721098
2019-04-11 00:00:00+00:00,361.5306079773,1.430372115962708,361.6863535180511,-0.014437830627794357,38.54702226703195,69.36773735761625
2019-04-12 00:00:00+00:00,370.7896045291,2.5610546790498567,366.2379790235756,1.2733084242110313,64.77848311713034,75.39299247364738
2019-04-15 00:00:00+00:00,366.7070511972,-1.1010430934504933,366.4725151103878,0.08613266538026898,50.516702712073005,38.552327299738515
2019-04-16 00:00:00+00:00,372.8211143211,1.6672881265684003,369.6468147157439,0.8767103959743346,66.89139541672247,60.46052834492458
2019-04-17 00:00:00+00:00,368.7190272411,-1.1002829299166295,369.182920978422,-0.11178626697114741,50.18003794332303,39.39683255084473
2019-04-18 00:00:00+00:00,371.2095801111,0.6754609027462832,370.196250544761,0.28183731788756794,59.414204182665934,54.614617168110655
2019-04-22 00:00:00+00:00,366.4238118512,-1.2892361933298346,368.3100311979805,-0.5036994377211333,38.725338577544754,38.54956503584765
2019-04-23 00:00:00+00:00,365.3006213412,-0.30652770744499236,366.80532626959024,-0.40511357258306285,34.49655777013635,49.65949194706424
2019-04-24 00:00:00+00:00,366.7070511972,0.38500614941094913,366.7561887333951,-0.010053711586056863,45.645025015527864,57.72684249658128
2019-04-25 00:00:00+00:00,373.875936713,1.9549352793723385,370.31606272319755,0.9724407838931408,76.38070410410198,72.65150736877072
2019-04-26 00:00:00+00:00,371.9127950391,-0.5250783698890427,371.1144288811488,0.22368120700204908,61.98369628685041,39.55813646387214
2019-04-29 00:00:00+00:00,370.2133589631,-0.45694477271783773,370.66389392212443,-0.11663178285789433,49.795867705979504,40.67180517493954
2019-04-30 00:00:00+00:00,368.8850640991,-0.3587917161391174,369.77447901061225,-0.23771174949850588,40.466967522620415,42.94353561541648
2019-05-01 00:00:00+00:00,368.0158123132,-0.235642987612672,368.8951456619061,-0.23667736855558894,34.181096208644966,46.778819613808814
2019-05-02 00:00:00+00:00,367.0391249132,-0.26539278132124977,367.96713528755305,-0.25103507493841937,27.089201475020708,45.66648477365279
2019-05-03 00:00:00+00:00,367.6837385972,0.175625332626983,367.82543694237654,-0.03770487115571819,39.51345409672725,64.45885116759479
2019-05-06 00:00:00+00:00,362.9370378332,-1.2909738086622324,365.38123738778825,-0.6643393399089753,13.709554286234882,23.65218232368605
2019-05-07 00:00:00+00:00,348.9020398955,-3.8670613562868827,357.14163864164414,-2.265700348097929,3.5185569134747263,8.865225297225976
2019-05-08 00:00:00+00:00,351.3632921435,0.7054278756114973,354.25246539257205,-0.7801362362432158,19.298638596251696,65.79701983224243
2019-05-09 00:00:00+00:00,347.8814015625,-0.9909659485937361,351.06693347753605,-0.885551092418476,14.326393021657857,48.8237031021843
2019-05-10 00:00:00+00:00,348.4118733013,0.15248637507419005,349.73940338941804,-0.36653235867214295,19.09031663980729,59.410350157405205
2019-05-13 00:00:00+00:00,331.4171305598,-4.877773705146737,340.57826697460905,-2.62215303190944,5.198671194515135,25.119968950213295
2019-05-14 00:00:00+00:00,336.9870838167,1.6806473604703998,338.78267539565456,-0.4707528357195201,30.177165198616322,64.82495199545966
2019-05-15 00:00:00+00:00,339.5412070033,0.7579291044843783,339.16194119947727,0.14358813438242912,40.889789616547205,58.300928089425284
2019-05-16 00:00:00+00:00,347.5670479396,2.3637310496519515,343.36449456953864,1.2536595920171902,65.69675280886838,66.97669698783295
2019-05-17 00:00:00+00:00,348.7556975764,0.34199146433655514,346.0600960729693,0.7978255281768727,68.62217472322793,48.08360307632458
2019-05-20 00:00:00+00:00,346.5650457664,-0.6281336262671688,346.3125709196846,0.08484595095485192,55.53049007345808,39.96854740657263
2019-05-21 00:00:00+00:00,352.4198819941,1.6893902888424739,349.3662264568923,0.8871181198986628,74.80235308802477,62.59160566987557
2019-05-22 00:00:00+00:00,346.5552222157,-1.664111498254861,347.96072433629615,-0.3884966891780991,45.303199219468226,34.429370500422614
2019-05-23 00:00:00+00:00,344.3645704056,-0.6321220024024132,346.1626473709481,-0.5103093457902561,37.10453525351354,45.705818299836984
2019-05-24 00:00:00+00:00,348.6378149678,1.2409071459258847,347.400231169374,0.3652989000678143,58.87919821526313,63.01968542357525
2019-05-28 00:00:00+00:00,348.6181678663,-0.005635390269365104,348.00919951783703,0.1798317548992246,58.73895227260096,47.802210522457386
2019-05-29 00:00:00+00:00,342.64544903,-1.7132551848504374,345.3273242739185,-0.7667117149756064,28.15651276421907,31.949445431571878
2019-05-30 00:00:00+00:00,343.6965689568,0.3067660550506668,344.51194661535925,-0.22997282996246982,36.8376332200153,57.159273566565155
2019-05-31 00:00:00+00:00,335.5823160641,-2.3608768971214,340.0471313397296,-1.295424863541935,15.3542120904812,32.966872002463305
2019-06-03 00:00:00+00:00,332.9103102689,-0.7962296185743067,336.4787208043148,-1.0458272410581209,11.920362300970032,51.15513429292495
2019-06-04 00:00:00+00:00,338.5392048301,1.6908141284820655,337.50896281720736,0.3224934437119723,48.391630910293756,70.34194051469841
2019-06-05 00:00:00+00:00,342.5963312765,1.198421449721332,340.0526470468537,0.760457446716652,64.35083937886048,62.99344322324139
2019-06-06 00:00:00+00:00,344.4529823621,0.5419354838629431,342.2528147044768,0.6511964652897976,70.59311864104633,52.107013065077005
2019-06-07 00:00:00+00:00,347.4589888817,0.8726899384021047,344.8559017930884,0.7619432018459511,79.36721811518221,57.63952634808319
2019-06-10 00:00:00+00:00,347.5572243888,0.02827254733464013,346.2065630909442,0.3951078745902956,79.6646415931397,39.96146407756561
2019-06-11 00:00:00+00:00,343.1660972181,-1.2634256641973374,344.6863301545221,-0.4341588948035209,40.51021852689487,23.455205450112913
2019-06-12 00:00:00+00:00,340.906680553,-0.6584032290532504,342.79650535376106,-0.5462810619283857,29.369311313688556,40.67250224439865
2019-06-13 00:00:00+00:00,342.7043903343,0.5273319309506697,342.75044784403053,-0.009474565488858,46.82321457134481,64.28714410248534
2019-06-14 00:00:00+00:00,341.0343867124,-0.48730149627523867,341.89241727821525,-0.24838803088204833,34.82987500146108,42.54883590463748
2019-06-17 00:00:00+00:00,348.6378149678,2.229519529891899,345.2651161230076,0.9905657495049254,76.29566620171222,75.63709129269651
2019-06-18 00:00:00+00:00,367.3615026355,5.3705269089726615,356.31330937925384,3.180546329238793,92.92461360130258,87.81117192045593
2019-06-19 00:00:00+00:00,362.056785248,-1.4440047063841166,359.1850473136269,0.8682708114273383,71.58369005312099,33.43700008639599
2019-06-20 00:00:00+00:00,368.2652693016,1.7147818537214699,363.72515830761347,1.2915263325744042,79.74860906123318,53.470176551256756
2019-06-21 00:00:00+00:00,365.2789098834,-0.8109261630518394,364.5020340955067,0.2403000847612824,66.05448454974726,39.28828592333284
2019-06-24 00:00:00+00:00,367.3909732877,0.578205679866417,365.9465036916033,0.4092528823138497,71.28532217091991,50.18785525185696
2019-06-25 00:00:00+00:00,362.8033751026,-1.2486964892051033,364.3749393971017,-0.4197218034456268,47.45826643129787,37.06197392145647
2019-06-26 00:00:00+00:00,368.3242106059,1.521715585401795,366.34957500150085,0.550996890978084,67.23035918904584,60.538158778650114
2019-06-27 00:00:00+00:00,357.5968932222,-2.9124659945794495,361.9732341118504,-1.1807345518006827,32.063377647839964,31.93751234800659
2019-06-28 00:00:00+00:00,357.5870696715,-0.0027471018026692384,359.7801518916752,-0.591740826801676,32.04035604192994,53.54172830930229
2019-07-01 00:00:00+00:00,350.1702888797,-2.074118842891448,354.97522038568763,-1.3329298348465621,17.671212086571284,39.988002995464015
2019-07-02 00:00:00+00:00,347.9108722147,-0.6452336867952324,351.4430463001938,-0.9890817608208973,14.665757297256466,52.444537610140145
2019-07-03 00:00:00+00:00,348.2154022869,0.08753105939500738,349.8292242935469,-0.45077535071294494,17.50243570726005,58.99217210260347
2019-07-05 00:00:00+00:00,349.5808758367,0.3921347363822214,349.70505006512343,-0.02932030716536177,32.57684211578598,62.23439108557771
2019-07-08 00:00:00+00:00,344.9245127965,-1.3319844882976772,347.3147814308117,-0.6806523977315195,16.838531591526863,37.23772356926638
2019-07-09 00:00:00+00:00,346.8597522879,0.5610617452815658,347.08726685935585,-0.05979532622497685,36.08772537722965,62.225775902618196
2019-07-10 00:00:00+00:00,346.0836917812,-0.22373899006185027,346.58547932027795,-0.14176715814341356,31.677209083875088,49.87700972552936
2019-07-11 00:00:00+00:00,352.665470762,1.9017882486531912,349.625475041139,0.8800105452548888,73.25687690366566,72.24973569514853
2019-07-12 00:00:00+00:00,358.8837783662,1.7632311977592074,354.2546267036695,1.321620871507048,85.64091607621597,69.22826362016889
2019-07-15 00:00:00+00:00,355.2294174993,-1.0182574658393007,354.74202210148474,0.15168170283387372,60.815563799899856,30.64173944485135
2019-07-16 00:00:00+00:00,356.3493022811,0.31525676833963345,355.54566219129237,0.2334692355867536,65.42295568268098,50.487857194395424
2019-07-17 00:00:00+00:00,362.9998461169,1.8662991040610644,359.2727541540962,1.049884169823909,83.11181055822432,66.97479876483519
2019-07-18 00:00:00+00:00,354.7382399634,-2.2759255250040633,357.0054970587481,-0.6130206775900772,42.55035046334166,28.69627594048517
2019-07-19 00:00:00+00:00,370.7015098795,4.500013846194584,363.85350346912406,1.9434965843022534,76.20628712540267,70.31975422216044
2019-07-22 00:00:00+00:00,366.8310308968,-1.0440958236070275,365.342267182962,0.44970038034761295,62.821366690853715,40.96837731010815
2019-07-23 00:00:00+00:00,366.4872066217,-0.0937282416537677,365.914736902331,0.17798606934692263,61.38472525225095,46.68990080852616
2019-07-24 00:00:00+00:00,355.0525935864,-3.1200578979836524,360.4836652443655,-1.471035914318365,28.673461296825458,31.914694932432567
2019-07-25 00:00:00+00:00,341.9479769291,-3.690894502397457,351.2158210867327,-2.580965208357911,14.964684877173935,29.29200733006439
2019-07-26 00:00:00+00:00,338.9124997574,-0.8877014565082164,345.0641604220664,-1.7343333324330636,12.832925619210501,55.95408366320456
2019-07-29 00:00:00+00:00,334.2070189636,-1.3884057971211727,339.63558969283315,-1.5613695647771182,9.639850291460881,50.8198197586479
2019-07-30 00:00:00+00:00,341.3290932339,2.131036712629819,340.48234146336654,0.28483357392635045,42.258467463022996,75.00313176643158
2019-07-31 00:00:00+00:00,335.1599033832,-1.8074022909241094,337.82112242328327,-0.7612843584988795,28.766220007794413,41.088484967775265
2019-08-01 00:00:00+00:00,328.3914769388,-2.019461867627237,333.1062996810416,-1.3903731130630583,18.857680200439003,39.64079590987351
2019-08-02 00:00:00+00:00,333.568488167,1.5764755152779975,333.33739392402083,0.09305120110746956,41.84151904340977,68.16818603468595
2019-08-05 00:00:00+00:00,325.218470057,-2.50323948640484,329.2779319905104,-1.2050941426486852,24.827481550207352,37.78059418021876
2019-08-06 00:00:00+00:00,326.5839436068,0.41986346887392667,327.93093779865524,-0.39261533688737926,31.64544311081135,57.93408973102342
2019-08-07 00:00:00+00:00,325.53282368,-0.3218529102170242,326.7318807393276,-0.35723412355220174,28.64550579904207,51.57560188027076
2019-08-08 00:00:00+00:00,332.4338680591,2.1199227472937565,329.5828743992138,0.8813443118707773,63.09734540308995,68.59584907839611
2019-08-09 00:00:00+00:00,333.6198964274,0.35677122046096077,331.6013854133069,0.619057766165869,67.18216204339757,49.682128697087215
2019-08-12 00:00:00+00:00,329.0635707792,-1.3657235965216286,330.33247809625345,-0.37333291517787975,41.01823734757916,35.384787883078985
2019-08-13 00:00:00+00:00,328.9845022213,-0.02402835346154708,329.6584901587767,-0.19868063431971342,40.60658959258807,51.64380840631128
2019-08-14 00:00:00+00:00,316.6893414702,-3.7373069758858457,323.1739158144884,-1.9679938051027797,12.154630596813174,25.258502898176648
2019-08-15 00:00:00+00:00,324.1810873298,2.3656450908073667,323.6775015721442,0.19882564285229354,46.44902435505395,66.92204538501491
2019-08-16 00:00:00+00:00,326.6025619151,0.7469512195313666,325.1400317436221,0.47288843119183005,54.971732751488176,54.7744927919364
2019-08-19 00:00:00+00:00,329.893790637,1.0077167498629525,327.516911190311,0.7403025905273912,66.00290102425294,56.67485475392844
2019-08-20 00:00:00+00:00,327.8874259807,-0.6081850320449611,327.70216858550555,0.06605877924121506,53.92322705644291,40.75629912036755
2019-08-21 00:00:00+00:00,336.0314874429,2.483798040696872,331.8668280142028,1.2749284099690434,78.20740929664265,67.19926707508588
2019-08-22 00:00:00+00:00,350.2835950017,4.241301214732673,341.0752115079514,2.7581148123508585,90.85679204366889,76.24092113632118
2019-08-23 00:00:00+00:00,351.8649661594,0.4514545300622341,346.47008883367573,1.6047846712065463,91.66227104962414,40.3045072300821
2019-08-26 00:00:00+00:00,354.8596877893,0.8510996882091781,350.66488831148786,1.2279421797078622,93.33113661426643,44.44643667022913
2019-08-27 00:00:00+00:00,350.5998692332,-1.2004233511666906,350.63237877234394,0.013759414270585801,65.40051281359237,28.969261900233867
2019-08-28 00:00:00+00:00,355.7788597747,1.4771798269140657,353.20561927352196,0.7454696205923257,77.61647787032433,57.763426835991616
2019-08-29 00:00:00+00:00,358.5166085915,0.7695085701645565,355.861113932511,0.7574890953784411,82.51234336985878,49.765726787573115
2019-08-30 00:00:00+00:00,359.8508905058,0.37216739261869414,357.85600221915547,0.5648282439985677,84.92312390867912,44.568588002629525
2019-09-03 00:00:00+00:00,350.2934785714,-2.6559367189466387,354.07474039527773,-1.0455542374740356,34.22680694131537,20.315680127423587
2019-09-04 00:00:00+00:00,352.3789117857,0.5953388635166812,353.2268260904889,-0.22510768697867722,44.977531992103074,57.5337155509388
2019-09-05 00:00:00+00:00,356.105017576,1.0574145233089638,354.66592183324445,0.4161534181651433,61.73855039935803,61.379210869947066
2019-09-06 00:00:00+00:00,358.7735814046,0.7493755203913821,356.71975161892226,0.5827644692782628,71.17229441435617,56.28276599756662
2019-09-09 00:00:00+00:00,354.6027149762,-1.1625344352477307,355.6612332975611,-0.289884982984734,45.10152531942138,31.743746766554068
2019-09-10 00:00:00+00:00,365.1880181631,2.9851162272151566,360.4246257303306,1.3476156221152114,77.07286835104867,71.78043241441988
2019-09-11 00:00:00+00:00,378.4814194576,3.640152642840233,369.45302259396533,2.493884132477722,89.06693693677113,75.22325370433107
2019-09-12 00:00:00+00:00,371.2565299808,-1.9089152347700367,370.35477628738266,0.2924844488538427,62.438072680201365,29.49608329897624
2019-09-13 00:00:00+00:00,375.3384442816,1.0994861965151426,372.84661028449136,0.6959853226844926,70.03132180704637,52.81948525034875
2019-09-16 00:00:00+00:00,374.4390394357,-0.23962502632030036,373.6428248600957,0.22818014818209614,65.64534514329121,43.263554876131224
2019-09-17 00:00:00+00:00,379.7267492443,1.4121684043866933,376.68478705219786,0.8201742762843948,77.86859388155344,57.49254946465552
2019-09-18 00:00:00+00:00,381.9110181558,0.5752212389164013,379.2979026039989,0.697697757600398,81.86634806144936,48.2883143172245
2019-09-19 00:00:00+00:00,379.9639549179,-0.5098211743934655,379.6309287609495,0.09393829160346623,65.9398514273956,36.824021217347614
2019-09-20 00:00:00+00:00,374.9727522014,-1.3135990011416965,377.30184048117474,-0.6098303547691151,37.72192507227249,29.137384352323444
2019-09-23 00:00:00+00:00,372.6402297438,-0.6220511874279411,374.97103511248736,-0.6159407710985281,29.017362515833568,44.17588255915559
2019-09-24 00:00:00+00:00,377.2064389617,1.2253666817024556,376.08873703709367,0.30471295530196374,57.688021204123054,69.83126765726087
2019-09-25 00:00:00+00:00,381.7034631914,1.1921917987610442,378.8961001142468,0.7484523770315039,73.5001338333328,68.97738359534574
2019-09-26 00:00:00+00:00,382.3854295031,0.17866390469662985,380.6407648086734,0.4635581408640669,75.57632142751446,44.20609131828634
2019-09-27 00:00:00+00:00,378.4023508997,-1.0416397425435098,379.5215578541867,-0.28904080083972145,44.81548138705247,26.814602239520703
2019-09-30 00:00:00+00:00,376.0401777328,-0.6242490727881744,377.78086779349337,-0.4566449368139479,32.90239949899885,39.105857959956566
2019-10-01 00:00:00+00:00,370.574563669,-1.4534654506209832,374.1777157312467,-0.9550551937174656,17.11347107760885,26.062202369441497
2019-10-02 00:00:00+00:00,363.0828178094,-2.021656798412008,368.6302667703234,-1.4883559960647368,8.61426218013129,19.40845310627754
2019-10-03 00:00:00+00:00,367.7379791549,1.2821210801398308,368.1841229626117,-0.10311745796245297,37.53093698338011,75.02358232307046
2019-10-04 00:00:00+00:00,371.3257149689,0.975622866652226,369.75491896575585,0.4362527043448865,54.2620152471164,68.45023240791173
2019-10-07 00:00:00+00:00,372.1559348267,0.22358264572910347,370.9554268962279,0.329917675036995,58.15240705048414,51.75926717191111
2019-10-08 00:00:00+00:00,369.7443438112,-0.6480055239809546,370.34988535371394,-0.1590439244719798,42.42809515178487,36.350237390327216
2019-10-09 00:00:00+00:00,370.5943308085,0.22988505748016141,370.47210808110697,0.03542056650409081,49.62896138933056,56.09718159167345
2019-10-10 00:00:00+00:00,366.6804371932,-1.0561126520098996,368.57627263715347,-0.5103460427529044,26.626445695466703,33.35739754527493
2019-10-11 00:00:00+00:00,370.5547965296,1.0566037735900924,369.56553458337675,0.273128865418594,56.53771506403144,66.66095864305817
2019-10-14 00:00:00+00:00,368.8350553955,-0.46409900781372304,369.20029498943836,-0.09548507119756452,44.467993304491564,43.29893947629315
2019-10-15 00:00:00+00:00,366.6409029142,-0.5948871858037386,367.9205989518192,-0.34518612850065156,31.5698645166801,41.42598561312408
2019-10-16 00:00:00+00:00,368.0937876654,0.3962691395455131,368.0071933086096,0.025541505522430785,46.87490592533719,60.733815069120155
2019-10-17 00:00:00+00:00,364.7630246645,-0.9048680288860744,366.38510898655477,-0.4396632616818218,26.496255029878245,36.82882682123259
2019-10-18 00:00:00+00:00,339.9947989069,-6.790223811851881,353.18995394672737,-3.614943536766851,4.529830290822826,10.033629995733902
2019-10-21 00:00:00+00:00,327.2054596689,-3.7616279069910274,340.1977068078137,-3.6882857218789393,2.758517909832248,42.388426447992146
2019-10-22 00:00:00+00:00,333.0763000919,1.7942366942595322,336.6370034498568,-0.9470245138097035,23.386695034543443,71.04365239393725
2019-10-23 00:00:00+00:00,336.5355494994,1.0385756676609903,336.58627647462845,0.04577557692564338,35.48308392487399,64.49862886731313
2019-10-24 00:00:00+00:00,340.5383952423,1.1894273127621258,338.5623358584642,0.6176014448438846,49.3607653672122,65.4517033822915
2019-10-25 00:00:00+00:00,335.8733503271,-1.369902771721443,337.2178430927821,-0.3761506634387792,35.87188850920885,38.885229807777776
2019-10-28 00:00:00+00:00,336.9111251494,0.30897801843738915,337.064484121091,-0.033586322500695015,41.230863994724096,56.32758086381395
2019-10-29 00:00:00+00:00,344.8673987866,2.361534850970526,340.9659414538455,1.1639742642349153,70.0313000639846,71.33208252260543
2019-10-30 00:00:00+00:00,342.0308142724,-0.8225145444830106,341.49837786312276,0.17072985987595235,55.488977990091435,39.64109252357782
2019-10-31 00:00:00+00:00,335.952418885,-1.7771484713535401,338.72539837406134,-0.8032093057387939,33.27752201669118,33.03970293081496
2019-11-01 00:00:00+00:00,341.1709437054,1.5533523579678077,339.9481710397307,0.3750715261145069,55.97300439673286,64.2205285329678
2019-11-04 00:00:00+00:00,347.0022498495,1.7092036270050182,343.47521044461536,1.0421375765597625,71.95971287055083,65.35300167093082
2019-11-05 00:00:00+00:00,354.1184200591,2.0507562163318394,348.79681525185765,1.546446896445801,83.15573602345421,68.61820525339901
2019-11-06 00:00:00+00:00,350.0661564675,-1.1443244299248034,349.4314858596788,0.20106123326049874,62.007716993123374,29.546351726424952
2019-11-07 00:00:00+00:00,355.1809038057,1.4610802111842736,352.30619483268936,0.8310707222223861,74.355509291577,58.47071198088627
2019-11-08 00:00:00+00:00,348.9085030808,-1.7659735243906183,350.60734895674466,-0.4674514010841161,46.53462167882673,33.1701560659124
2019-11-11 00:00:00+00:00,364.7734025372,4.547008547030451,357.69037574697234,2.0397785729731677,77.90281684641582,70.55603488753731
2019-11-12 00:00:00+00:00,360.7177139543,-1.1118378025071096,359.20404485063614,0.463970385233029,63.5954028217048,40.267573503861236
2019-11-13 00:00:00+00:00,360.339978253,-0.10471781303976746,359.7720115518181,0.17962628609663078,62.00449202256002,46.40912968550047
2019-11-14 00:00:00+00:00,365.2505423704,1.3627586206802267,362.51127696110905,0.7711924533884287,74.46220103833198,56.24249181516413
2019-11-15 00:00:00+00:00,369.4652775643,1.1539298933130215,365.9882772627045,0.9625611733507251,82.04244642623729,54.1226632157232
2019-11-18 00:00:00+00:00,367.2585058354,-0.597287989672024,366.62339154905226,0.18263659183935055,66.53245010173474,36.715531554852035
2019-11-19 00:00:00+00:00,364.8131641899,-0.6658366264213789,365.71827786947614,-0.24160001729101416,50.6246947840994,36.03503965883595
2019-11-20 00:00:00+00:00,368.6998657485,1.065395095385524,367.209071808988,0.4118975390472549,68.55164015343571,62.42075332576593
2019-11-21 00:00:00+00:00,364.2565010511,-1.2051441050512701,365.73278643004403,-0.3966232830020076,42.247670535435724,34.457932199142526
2019-11-22 00:00:00+00:00,369.1273035158,1.3371902630824328,367.430044972922,0.47028349004021264,64.58939233462709,62.59861337241274
2019-11-25 00:00:00+00:00,370.9066374773,0.48203802443018695,369.168341225111,0.4761607572351998,70.78285023649441,51.4525101338915
2019-11-26 00:00:00+00:00,371.2843731787,0.10184118137359643,370.2263572019055,0.2890009693043981,72.32426931812591,45.991283423621205
2019-11-27 00:00:00+00:00,365.8072055092,-1.4751947739162774,368.0167813555528,-0.5930969023059396,33.67879301743995,27.698894600140644
2019-11-29 00:00:00+00:00,363.9980503081,-0.49456521737499815,366.0074158318264,-0.5438310598404689,26.62894674620414,47.26316314229642
2019-12-02 00:00:00+00:00,353.0635957956,-3.003987110163009,359.5355058137132,-1.773909085001739,9.189571182880577,23.183303215231195
2019-12-03 00:00:00+00:00,349.9820677057,-0.8727968917203288,354.7587867597066,-1.3233529883610338,7.197090308752326,53.4173024387049
2019-12-04 00:00:00+00:00,346.7613738311,-0.9202453987751991,350.7600802954033,-1.1217991935681164,5.371293717224017,52.72428798882842
2019-12-05 00:00:00+00:00,343.6202032621,-0.9058594197778214,347.1901417787517,-1.0138293066729689,3.9174145751231304,53.00158911939399
2019-12-06 00:00:00+00:00,351.9800907575,2.4328859060197328,349.58511626812583,0.7095282996733819,53.81892079760243,84.54999253434022
2019-12-09 00:00:00+00:00,349.1172517579,-0.81335253747985,349.3511840130129,-0.05191211890323405,42.48474919674442,42.723598741783135
2019-12-10 00:00:00+00:00,345.8269749909,-0.9424560804235815,347.58907950195646,-0.4971840996634078,31.16859627905635,41.498918721876
2019-12-11 00:00:00+00:00,347.9144617615,0.6036217303913016,347.7517706317282,0.0532188153639469,45.08787060029947,61.38337032855087
2019-12-12 00:00:00+00:00,344.2265684668,-1.0600000000080656,345.98916954926415,-0.5033905923220594,29.356180306987756,39.63770427337651
2019-12-13 00:00:00+00:00,339.6340975716,-1.334141904169417,342.8116335604321,-0.9187662482457382,17.77287224003246,36.44626143796195
2019-12-16 00:00:00+00:00,325.0515114172,-4.2936166476411515,333.9315724888161,-2.606191447943445,6.172484869919013,15.820102876345734
2019-12-17 00:00:00+00:00,325.0515114172,0.0,329.49154195300804,-1.3030957239717225,6.172484869919012,62.2780199361117
2019-12-18 00:00:00+00:00,328.7095834723,1.125382262999186,329.100562712654,-0.08885673048626819,31.432491694952,69.0036116077543
2019-12-19 00:00:00+00:00,331.5127799928,0.8527881940309401,330.306671352727,0.38196573177233595,47.636557202886124,64.80548641606245
2019-12-20 00:00:00+00:00,326.0455527365,-1.6491754123080127,328.1761120446135,-0.6336048402678384,28.16448219588063,35.266271265394785
2019-12-23 00:00:00+00:00,335.538647336,2.91158536585594,331.85737969030674,1.1389902627940507,65.2068011763257,71.18251157918331
2019-12-24 00:00:00+00:00,331.0157593331,-1.3479484520812601,331.4365695117034,-0.10447909464360472,47.64776247978989,40.051426009553566
2019-12-26 00:00:00+00:00,327.9541120696,-0.9249249249245195,329.6953407906517,-0.5147020097840621,37.41701145169895,43.71818814741985
2019-12-27 00:00:00+00:00,328.1728011598,0.06668283218647097,328.93407097522584,-0.22400958879879557,38.824376092179186,53.68001415041228
2019-12-30 00:00:00+00:00,324.4550866256,-1.1328527291296298,326.69457880041296,-0.6784311589642127,24.674784889538888,40.63065517203968
2019-12-31 00:00:00+00:00,323.8189001812,-0.19607843138368386,325.25673949080647,-0.4372547951739483,22.563950430746274,53.78979613718843
2020-01-02 00:00:00+00:00,331.3338525553,2.320726915536686,328.2952960230532,0.9417360601813689,69.21976652088613,75.59207959812296
2020-01-03 00:00:00+00:00,330.7771894165,-0.16800672026323626,329.5362427197766,0.3868646699590663,64.87658413615378,44.4707307483749
2020-01-06 00:00:00+00:00,331.7513499094,0.2945065512584,330.6437963145883,0.34068561060873315,69.84351351995043,50.18758070858154
2020-01-07 00:00:00+00:00,335.2702561798,1.060705938758355,332.95702624719416,0.700695774683544,82.92607960832439,60.33491719087685
2020-01-08 00:00:00+00:00,329.3954719826,-1.7522533206910773,331.1762491148971,-0.5257787730037666,39.74611131650449,28.435311402801634
2020-01-09 00:00:00+00:00,334.3358573396,1.4998340223878248,332.7560532272486,0.4870276246920291,63.63297485611921,62.6658149903954
2020-01-10 00:00:00+00:00,327.9541120696,-1.9087827793229484,330.3550826484243,-0.7108775773154596,35.98852349222012,35.76802136638037
2020-01-13 00:00:00+00:00,328.2523244654,0.0909311348219255,329.3037035569122,-0.30997322124676707,37.88014256505343,53.37797006937862
2020-01-14 00:00:00+00:00,330.3696324755,0.6450245290869683,329.8366680162061,0.1675256539201006,52.75053272649893,58.147095612306536
2020-01-15 00:00:00+00:00,327.8348271113,-0.7672634270911582,328.83574756375305,-0.2998688865855288,36.8916693760187,41.79959960990024
2020-01-16 00:00:00+00:00,330.0217180138,0.6670709520918416,329.42873278877653,0.18360103275315642,54.56766907709379,59.251796129724546
2020-01-17 00:00:00+00:00,322.2184936571,-2.3644578313399722,325.82361322293826,-1.0904283992934078,21.834779696069543,30.375206246775456
2020-01-21 00:00:00+00:00,311.5027282349,-3.325620854525979,318.6631707289191,-2.2080246269096935,9.76671265902295,24.65965632508368
2020-01-22 00:00:00+00:00,307.1587676694,-1.3945176628515132,312.9109691991596,-1.8012711448806034,7.309975240123437,51.92286838774102
2020-01-23 00:00:00+00:00,315.8963908663,2.8446601942043515,314.40368003272977,0.521694524661874,47.30355846021875,78.0626238957097
2020-01-24 00:00:00+00:00,321.1250482059,1.655181094428193,317.7643641193149,1.0884378095450336,62.01505730368818,63.52552699134664
2020-01-27 00:00:00+00:00,314.7134816963,-1.9965949543397254,316.2389229078075,-0.45407857239734595,40.97458687600009,34.19805872216469
2020-01-28 00:00:00+00:00,314.6737200435,-0.012634238795772301,315.45632147565374,-0.23335640559655912,40.84567411785733,52.186605085758416
2020-01-29 00:00:00+00:00,320.101185647,1.7247915087251986,317.7787535613269,0.7457175515643197,64.02192390885509,64.81994799653091
2020-01-30 00:00:00+00:00,321.3735585357,0.39749083906959193,319.57615604851344,0.5716041953169558,68.37852118668633,49.755209910053956
2020-01-31 00:00:00+00:00,316.3735306995,-1.5558304979980342,317.9748433740067,-0.4921131513405392,39.89945603573125,32.88433486292384
2020-02-03 00:00:00+00:00,314.1170569047,-0.713230904561124,316.04595013935335,-0.6026720279508316,31.124301556175503,44.96011903195188
2020-02-04 00:00:00+00:00,316.0454970642,0.6139240506398469,316.0457236017767,0.005626011344507631,46.27224354937424,61.37801982467211
2020-02-05 00:00:00+00:00,327.5863167814,3.651632383439929,321.81602019158834,1.8286291973922182,81.93589523808133,80.91923623430887
2020-02-06 00:00:00+00:00,339.3955276549,3.6049157942638743,330.60577392324416,2.7167724958280464,91.05220017267906,79.98566910162536
2020-02-07 00:00:00+00:00,334.7434142805,-1.3707055618983444,332.6745941018721,0.673033466964851,70.13669461529648,28.132741169460406
2020-02-10 00:00:00+00:00,342.6162215295,2.3518930957676654,337.6454078156861,1.5124632813662582,81.13627257312605,58.398850050744926
2020-02-11 00:00:00+00:00,342.3677111997,-0.07253314763983054,340.00655950769305,0.7199650668632138,79.74551793872772,41.376117790158716
2020-02-12 00:00:00+00:00,345.3796563972,0.8797398524953648,342.69310795244655,0.7998524596792893,84.55769390090626,49.96847742679676
2020-02-13 00:00:00+00:00,342.82,-0.7411138293149211,342.75655397622324,0.029369315182184108,64.90144692224278,36.36169156979528
2020-02-14 00:00:00+00:00,340.49,-0.6796569628376381,341.6232769881116,-0.325143823827727,49.26463399604571,37.33224936119473
2020-02-18 00:00:00+00:00,338.88,-0.4728479544186315,340.2516384940558,-0.39899588912317924,39.42050567265122,41.81173817060554
2020-02-19 00:00:00+00:00,338.3,-0.17115203021718095,339.2758192470279,-0.2850739596701801,35.578779325588705,49.68215340509575
2020-02-20 00:00:00+00:00,336.28,-0.5971031628732026,337.77790962351395,-0.4410885612716914,23.575868665722776,38.61967433281321
2020-02-21 00:00:00+00:00,330.38,-1.7544903056976313,334.07895481175694,-1.0977894334846614,9.513901470564235,20.245880145253217
2020-02-24 00:00:00+00:00,317.9,-3.777468369756043,325.98947740587846,-2.4376289016203523,3.2891803610632446,9.008713807788915
2020-02-25 00:00:00+00:00,304.14,-4.328405158854986,315.0647387029392,-3.383017030237669,1.5797626523063084,7.343640323300541
2020-02-26 00:00:00+00:00,305.59,0.47675412638916725,310.3273693514696,-1.4531314519242509,9.051107028941818,72.89215620686909
2020-02-27 00:00:00+00:00,287.76,-5.834615007035571,299.04368467573477,-3.6438732294799108,3.770986053436768,30.450631181939528
2020-02-28 00:00:00+00:00,275.11,-4.396024464831793,287.0768423378674,-4.019948847155852,2.326577323183885,41.997445513401885
2020-03-02 00:00:00+00:00,289.27,5.147032096252402,288.1734211689337,0.5635416245482747,40.5565063370808,78.12876596543921
2020-03-03 00:00:00+00:00,280.62,-2.990285892073141,284.39671058446686,-1.2133721337624332,29.85058505672474,43.48339542981934
2020-03-04 00:00:00+00:00,283.12,0.890884470101927,283.75835529223343,-0.16124383183025315,37.0541246405527,57.09513100510341
2020-03-05 00:00:00+00:00,260.37,-8.035461994913817,272.0641776461167,-4.098352913372035,15.428301180931308,31.1844827508058
2020-03-06 00:00:00+00:00,262.33,0.7527748972615766,267.1970888230584,-1.6727890080552292,21.359573765668845,58.79781153254871
2020-03-09 00:00:00+00:00,227.17,-13.402965730187166,247.18354441152917,-7.5378773691211975,7.398146589073605,29.853956255656353
2020-03-10 00:00:00+00:00,231.01,1.6903640445481427,239.09677220576458,-2.9237566622865274,16.354913735085262,60.753014563443244
2020-03-11 00:00:00+00:00,189.08,-18.150729405653422,214.08838610288228,-10.537243033969975,6.32875313161841,32.51279153660758
2020-03-12 00:00:00+00:00,154.84,-18.108737042521682,184.46419305144116,-14.322990038245829,3.6145555631725457,32.61223524529409
2020-03-13 00:00:00+00:00,170.2,9.919917334022198,177.33209652572057,-2.201536352111815,25.200486905762222,72.77587153893592
2020-03-16 00:00:00+00:00,129.61,-23.848413631022314,153.47104826286028,-13.024974991567065,13.34966026223231,35.03747757968572
2020-03-17 00:00:00+00:00,124.14,-4.220353367795704,138.80552413143013,-8.622664179681385,12.190799067518713,55.26371052627746
2020-03-18 00:00:00+00:00,101.89,-17.923312389237957,120.34776206571507,-13.272988284459672,7.969626395382404,41.675525662162414
2020-03-19 00:00:00+00:00,97.71,-4.102463440965753,109.02888103285753,-8.687725862712712,7.261122512610515,57.48918708401842
2020-03-20 00:00:00+00:00,95.01,-2.7632790911881977,102.01944051642877,-5.725502476950455,6.685281354375183,59.10091632303671
2020-03-23 00:00:00+00:00,105.62,11.167245553099669,103.81972025821439,2.720871538074607,36.4106011949505,74.30278770634978
2020-03-24 00:00:00+00:00,127.68,20.886195796250707,115.74986012910719,11.803533667162657,68.10126108617169,81.49921303031132
2020-03-25 00:00:00+00:00,158.73,24.31860902255638,137.2399300645536,18.06107134485952,84.4562402285878,83.88931430220966
2020-03-26 00:00:00+00:00,180.55,13.746613746613768,158.8949650322768,15.903842545736644,89.9096416867162,52.53381623123662
2020-03-27 00:00:00+00:00,162.0,-10.274162281916377,160.4474825161384,2.8148401319101337,62.11821736384771,23.10316501757417
2020-03-30 00:00:00+00:00,152.28,-5.999999999999995,156.36374125806918,-1.5925799340449305,49.9764130176763,33.10560360011983
2020-03-31 00:00:00+00:00,149.14,-2.06199106908328,152.75187062903458,-1.8272855015641052,45.65244084027843,43.2987250942642
2020-04-01 00:00:00+00:00,130.7,-12.364221536811048,141.7259353145173,-7.095753519187577,25.90724182568436,27.0964574882943
2020-04-02 00:00:00+00:00,123.27,-5.684774292272376,132.49796765725864,-6.390263905729976,20.538373854754163,46.54836539861767
2020-04-03 00:00:00+00:00,124.52,1.0140342337957353,128.5089838286293,-2.6881148359671205,24.487429537335156,61.85801279594391
2020-04-06 00:00:00+00:00,148.77,19.474783167362688,138.63949191431465,8.393334165697784,69.13068222000369,82.53562216703796
2020-04-07 00:00:00+00:00,141.58,-4.832963635141496,140.10974595715732,1.7801852652781438,54.73820544512532,39.858050008411276
2020-04-08 00:00:00+00:00,146.87,3.736403446814518,143.48987297857866,2.758294356046331,63.1947431266479,52.771860648687856
2020-04-09 00:00:00+00:00,151.84,3.383944985361209,147.66493648928935,3.0711196707037702,70.86580964378388,52.081915899322446
2020-04-13 00:00:00+00:00,147.33,-2.9702318229715474,147.49746824464466,0.050443923866111406,55.20439571673128,38.47792890888446
2020-04-14 00:00:00+00:00,141.0,-4.2964772958664295,144.24873412232233,-2.123016686000159,37.67502870968092,35.56916294757854
2020-04-15 00:00:00+00:00,145.98,3.5319148936170164,145.11436706116115,0.7044491038084286,54.66358974777864,61.40305861941162
2020-04-16 00:00:00+00:00,134.24,-8.042197561309761,139.67718353058058,-3.668874228750666,27.834436865250407,32.50204069338985
2020-04-17 00:00:00+00:00,154.0,14.719904648390925,146.8385917652903,5.52551520982013,67.77079700862303,71.74018195265303
2020-04-20 00:00:00+00:00,143.61,-6.746753246753235,145.22429588264515,-0.6106190184665525,47.17857668662891,39.36667110229164
2020-04-21 00:00:00+00:00,136.33,-5.069284868741731,140.7771479413226,-2.8399519436041416,35.75893953525191,42.41270792896668
2020-04-22 00:00:00+00:00,134.97,-0.9975794029194018,137.8735739706613,-1.9187656732617717,33.487559733287725,51.31725904295407
2020-04-23 00:00:00+00:00,137.74,2.0523079202785954,137.80678698533066,0.06677112350841186,44.29726323026386,58.523180436459675
2020-04-24 00:00:00+00:00,128.98,-6.359808334543359,133.39339349266533,-3.146518605517474,25.013270084343407,36.295948590737595
2020-04-27 00:00:00+00:00,128.68,-0.23259420065124825,131.03669674633267,-1.689556403084361,24.466135882222606,54.97820466325018
2020-04-28 00:00:00+00:00,131.3,2.036058439539956,131.16834837316634,0.17325101822779754,41.289428382886534,61.28411341327664
2020-04-29 00:00:00+00:00,139.0,5.864432597105851,135.08417418658317,3.018841807666824,70.37603887883132,71.41763959288804
2020-04-30 00:00:00+00:00,141.02,1.4532374100719503,138.0520870932916,2.2360396088693872,75.209088040898,49.17279283955923
2020-05-01 00:00:00+00:00,133.37,-5.424762445043263,135.71104354664578,-1.5943614180869379,39.03344363231554,28.44848000231244
2020-05-04 00:00:00+00:00,131.46,-1.432106170803027,133.5855217733229,-1.5132337944449823,33.07527712008822,47.65735560870477
2020-05-05 00:00:00+00:00,125.4,-4.609767229575534,129.49276088666147,-3.0615005120102583,19.15795956178384,36.09054897203927
2020-05-06 00:00:00+00:00,121.86,-2.8229665071770382,125.67638044333074,-2.942233509593648,13.997187112533481,46.95043294472463
2020-05-07 00:00:00+00:00,128.65,5.571967831938296,127.16319022166537,1.314867161172324,51.54875966917395,75.85964315750367
2020-05-08 00:00:00+00:00,133.44,3.7232802176447644,130.3015951108327,2.519073689408544,66.86035211236457,64.28739590365014
2020-05-11 00:00:00+00:00,128.91,-3.394784172661869,129.60579755541636,-0.43785524162666234,46.164689755407245,34.17648319617982
2020-05-12 00:00:00+00:00,125.22,-2.862462182918313,127.41289877770818,-1.6501587122724874,33.49618326671364,37.46230285966776
2020-05-13 00:00:00+00:00,121.5,-2.9707714422616216,124.45644938885408,-2.3104650772670547,23.672610249385375,36.90012604541322
2020-05-14 00:00:00+00:00,122.52,0.8395061728394992,123.48822469442703,-0.7354794522137778,31.888305635032125,64.78570802576195
2020-05-15 00:00:00+00:00,120.0,-2.0568070519098924,121.74411234721352,-1.396143252061835,22.795398813809427,43.07889907127045
2020-05-18 00:00:00+00:00,135.44,12.86666666666667,128.59205617360675,5.735261707302418,78.67660113871558,84.1427665929224
2020-05-19 00:00:00+00:00,130.44,-3.691671588895451,129.51602808680337,1.0217950592034835,58.21040450400154,38.23502053071774
2020-05-20 00:00:00+00:00,133.32,2.2079116835326484,131.41801404340168,1.614853371368066,65.87916169953652,52.17892409685896
2020-05-21 00:00:00+00:00,139.0,4.2604260426042595,135.20900702170084,2.937639706986163,77.88497099318558,57.21912512359547
2020-05-22 00:00:00+00:00,137.53,-1.0575539568345338,136.36950351085042,0.9400428750758145,68.52487584798939,40.59190344139649
2020-05-26 00:00:00+00:00,144.73,5.2352214062386215,140.5497517554252,3.087632140657218,83.28408659816299,60.80693703069124
2020-05-27 00:00:00+00:00,149.52,3.3096109997927226,145.0348758777126,3.1986215702249705,88.6126708127283,52.59262604811996
2020-05-28 00:00:00+00:00,149.82,0.20064205457461792,147.42743793885631,1.6996318123997942,88.94377567869326,39.62801368626948
2020-05-29 00:00:00+00:00,145.85,-2.649846482445606,146.63871896942817,-0.4751073350229058,56.39451802317145,29.5947275203499
2020-06-01 00:00:00+00:00,151.39,3.798423037367149,149.01435948471408,1.6616578511721216,75.3085134869424,62.12987481865095
2020-06-02 00:00:00+00:00,153.31,1.268247572494885,151.16217974235704,1.4649527118335033,79.8517235147328,48.84478455153546
2020-06-03 00:00:00+00:00,173.16,12.947622464288045,162.16108987117852,7.206287588060774,94.77132985109776,79.37750371058439
2020-06-04 00:00:00+00:00,184.3,6.433356433356452,173.23054493558925,6.819822010708613,96.77909615409772,52.94096598737663
2020-06-05 00:00:00+00:00,205.43,11.465002712967976,189.33027246779463,9.142412361838295,98.46075007133116,66.04373153559446
2020-06-08 00:00:00+00:00,230.5,12.203670349997564,209.91513623389733,10.67304135591793,99.20212670023622,68.00540538136053
2020-06-09 00:00:00+00:00,216.74,-5.969631236442508,213.32756811694867,2.3517050597377107,71.03430589364133,21.713239965713342
2020-06-10 00:00:00+00:00,203.41,-6.15022607732768,208.36878405847432,-1.8992605087949848,50.28601048513632,21.495134278691367
2020-06-11 00:00:00+00:00,170.0,-16.424954525342905,189.18439202923716,-9.162107517068945,23.96711594897663,11.573744392589115
2020-06-12 00:00:00+00:00,189.51,11.476470588235287,189.3471960146186,1.1571815355831712,47.86735613397248,69.29744496730949
2020-06-15 00:00:00+00:00,190.94,0.7545775948498701,190.1435980073093,0.9558795652165206,49.608862204886705,50.35132842358452
2020-06-16 00:00:00+00:00,197.77,3.577039907824453,193.95679900365465,2.2664597365204866,59.339908148500356,55.188991744051314
2020-06-17 00:00:00+00:00,192.54,-2.6444860191131236,193.24839950182732,-0.18901314129631852,48.567285780460104,41.74115350356571
2020-06-18 00:00:00+00:00,192.29,-0.1298431494754282,192.76919975091366,-0.15942814538587335,47.943218617290974,49.239967283260114
2020-06-19 00:00:00+00:00,187.02,-2.7406521399968686,189.89459987545683,-1.450040142691371,34.09168566565708,41.01769298642581
2020-06-22 00:00:00+00:00,188.52,0.8020532563362215,189.2072999377284,-0.3239934431775747,41.32883104724308,55.97940553388036
2020-06-23 00:00:00+00:00,187.88,-0.3394865266284852,188.5436499688642,-0.33173998490302997,38.615115021258546,49.865647011886864
2020-06-24 00:00:00+00:00,176.69,-5.955929316585051,182.6168249844321,-3.1438346507440404,14.18589935560449,27.61091567649849
2020-06-25 00:00:00+00:00,174.88,-1.0243930046974992,178.74841249221606,-2.0841138277207696,12.298197505089783,54.40932725922308
2020-06-26 00:00:00+00:00,170.01,-2.7847666971637763,174.37920624610803,-2.4344402624422727,8.001147232036198,45.408420568925415
2020-06-29 00:00:00+00:00,194.49,14.399152991000541,184.43460312305402,5.982356364279134,74.68753201128891,84.04811119899563
2020-06-30 00:00:00+00:00,183.3,-5.753509177849758,183.86730156152703,0.11442359321468798,49.89115417413178,37.435995443307114
2020-07-01 00:00:00+00:00,180.32,-1.6257501363884486,182.0936507807635,-0.7556632715868803,44.049230253912675,46.54430908935024
2020-07-02 00:00:00+00:00,180.81,0.27173913043478937,181.45182539038177,-0.24196207057604546,45.61975428645687,51.42092885431073
2020-07-06 00:00:00+00:00,187.91,3.926773961617158,184.6809126951909,1.8424059455205564,66.22528313913989,61.55471034810715
2020-07-07 00:00:00+00:00,178.88,-4.8054919908466776,181.78045634759545,-1.4815430226630606,38.43881860798045,35.22312850753064
2020-07-08 00:00:00+00:00,180.08,0.6708407871198752,180.93022817379773,-0.4053511177715927,43.1901756765308,53.8103497102029
2020-07-09 00:00:00+00:00,173.28,-3.7760995113283014,177.10511408689888,-2.090725314549947,26.080409950486903,39.87404769570474
2020-07-10 00:00:00+00:00,178.44,2.9778393351800547,177.77255704344944,0.4435570103150539,49.052992478025566,62.1854787037601
2020-07-13 00:00:00+00:00,175.65,-1.5635507733691933,176.71127852172472,-0.5599968815270697,39.17797239910422,45.24973017267189
2020-07-14 00:00:00+00:00,179.96,2.453743239396533,178.33563926086237,0.9468731789347317,58.52527188478717,59.78294630934738
2020-07-15 00:00:00+00:00,187.94,4.434318737497223,183.13781963043118,2.6905959582159773,77.97925057289403,66.38218700964353
2020-07-16 00:00:00+00:00,178.7,-4.916462700861979,180.91890981521559,-1.112933371323001,42.971431825449585,30.703100925605238
2020-07-17 00:00:00+00:00,175.66,-1.7011751538892006,178.2894549076078,-1.407054262606101,35.177687527976246,45.74398133727518
2020-07-20 00:00:00+00:00,174.42,-0.7059091426619646,176.3547274538039,-1.0564817026340327,31.663939346633438,50.71125233637753
2020-07-21 00:00:00+00:00,178.63,2.4137140236211385,177.49236372690194,0.6786161604935529,54.705098938556354,65.5432218020558
2020-07-22 00:00:00+00:00,179.79,0.6493870010636504,178.64118186345098,0.6640015807786017,60.24512644919552,52.213965348140896
2020-07-23 00:00:00+00:00,176.45,-1.8577228989376526,177.54559093172549,-0.5968606590795255,39.42089999742545,36.42475722911418
2020-07-24 00:00:00+00:00,173.76,-1.5245111929725108,175.65279546586274,-1.0606859260260182,27.8085074255793,40.03949731369936
2020-07-27 00:00:00+00:00,170.21,-2.043047882136273,172.93139773293137,-1.5518669040811455,17.565566517827563,35.348067505426975
2020-07-28 00:00:00+00:00,170.84,0.3701310146289938,171.8856988664657,-0.5908679447260758,24.926565040181842,64.43657629823063
2020-07-29 00:00:00+00:00,166.01,-2.827206743151489,168.94784943323285,-1.7090373439387825,12.297908231398713,34.01799641371556
2020-07-30 00:00:00+00:00,161.95,-2.4456358050719884,165.44892471661643,-2.0773365745053853,7.504215554390161,39.159359637178916
2020-07-31 00:00:00+00:00,158.0,-2.4390243902438935,161.72446235830822,-2.258180482374639,4.783244818723741,39.28232372905351
2020-08-03 00:00:00+00:00,162.27,2.702531645569617,161.9972311791541,0.22217558159748885,40.037949690720595,81.91651664388536
2020-08-04 00:00:00+00:00,165.07,1.7255191964010486,163.53361558957704,0.9738473889992687,56.04559700100458,68.25564890064547
2020-08-05 00:00:00+00:00,174.28,5.579451141939784,168.9068077947885,3.2766492654695263,81.03104887067909,84.02187641226762
2020-08-06 00:00:00+00:00,172.2,-1.1934817535001252,170.55340389739425,1.0415837559847005,67.94680004105432,36.384789657509025
2020-08-07 00:00:00+00:00,170.02,-1.2659698025551558,170.28670194869713,-0.11219302328522762,54.19041738329504,36.0566047948766
2020-08-10 00:00:00+00:00,179.41,5.522879661216318,174.84835097434856,2.705343318965545,80.15254869996998,71.79539058035233
2020-08-11 00:00:00+00:00,180.13,0.4013154227746396,177.4891754871743,1.5533293708700924,81.36711774998223,43.97953436656654
2020-08-12 00:00:00+00:00,175.44,-2.603675123521898,176.46458774358715,-0.5251728763259028,50.92038263442968,32.796587287198875
2020-08-13 00:00:00+00:00,174.73,-0.4046967624259046,175.59729387179357,-0.4649348193759037,46.932500997445395,47.46078551877085
2020-08-14 00:00:00+00:00,178.08,1.9172437474961557,176.8386469358968,0.726154464060126,65.85715715883347,60.955143287468616
2020-08-17 00:00:00+00:00,172.01,-3.408580413297402,174.4243234679484,-1.3412129746186379,33.44280989908793,32.35958492107047
2020-08-18 00:00:00+00:00,170.23,-1.0348235567699593,172.3271617339742,-1.1880182656942986,27.491018503490373,48.509096854989515
2020-08-19 00:00:00+00:00,169.27,-0.5639429007812891,170.7985808669871,-0.8759805832377938,24.031133342860155,51.924506241997676
2020-08-20 00:00:00+00:00,169.58,0.18313936314764412,170.18929043349357,-0.34642061004507485,28.39617882318113,58.47886632044706
2020-08-21 00:00:00+00:00,167.5,-1.2265597358179114,168.84464521674678,-0.7864901729314931,17.99173193477874,42.196102137157084
2020-08-24 00:00:00+00:00,178.27,6.429850746268673,173.5573226083734,2.82168028666859,78.67582844406311,82.31430204693582
2020-08-25 00:00:00+00:00,174.73,-1.9857519492904152,174.1436613041867,0.41796416868908737,57.64495278056031,38.387696715866646
2020-08-26 00:00:00+00:00,171.9,-1.6196417329594093,173.02183065209334,-0.600838782135161,43.652360083068416,40.461041176570156
2020-08-27 00:00:00+00:00,174.2,1.3379872018615346,173.61091532604667,0.36857420986318684,56.519090099166725,57.70723302838586
2020-08-28 00:00:00+00:00,175.8,0.9184845005740572,174.70545766302334,0.643529355218622,64.88586115487504,54.35732860090266
2020-08-31 00:00:00+00:00,171.82,-2.263936291240054,173.26272883151165,-0.810203468010716,37.768648222954276,32.73421599316009
2020-09-01 00:00:00+00:00,172.1,0.16296123850541022,172.6813644157558,-0.32362111475265287,40.39726563797282,53.7703459087672
2020-09-02 00:00:00+00:00,174.78,1.557234166182453,173.73068220787792,0.6168065257149,62.897574172164546,63.58436925525788
2020-09-03 00:00:00+00:00,168.77,-3.4386085364458086,171.25034110393898,-1.4109010053654543,27.709984848693523,29.698698731064678
2020-09-04 00:00:00+00:00,171.05,1.350950998400191,171.1501705519695,-0.0299750034826316,45.166368004172256,60.200337949229514
2020-09-08 00:00:00+00:00,161.08,-5.828705057000871,166.11508527598477,-2.929340030241751,17.479926933040772,30.47236488554211
2020-09-09 00:00:00+00:00,160.78,-0.18624286069034435,163.4475426379924,-1.5577914454660478,17.009322160749072,56.054510004137946
2020-09-10 00:00:00+00:00,157.69,-1.9218808309491298,160.5687713189962,-1.7398361382075889,12.012624276444075,47.91925290511319
2020-09-11 00:00:00+00:00,160.23,1.6107552793455548,160.39938565949808,-0.06454042943101701,35.40844642594168,63.910251828402735
2020-09-14 00:00:00+00:00,165.35,3.1954066030081885,162.87469282974905,1.5654330867885857,64.1949799827054,70.0896473626382
2020-09-15 00:00:00+00:00,163.49,-1.1248866041729588,163.18234641487453,0.22027324130781345,51.65120300852144,41.22393220146609
2020-09-16 00:00:00+00:00,167.46,2.428283075417448,165.32117320743725,1.3242781583626306,70.25785840644308,61.02560298917783
2020-09-17 00:00:00+00:00,167.53,0.04180102711095479,166.4255866037186,0.6830395927367927,70.55753689778365,45.56128541395528
2020-09-18 00:00:00+00:00,161.14,-3.81424222527309,163.7827933018593,-1.5656013162681486,29.65004825234018,28.225703130050917
2020-09-21 00:00:00+00:00,156.35,-2.972570435646016,160.06639665092965,-2.2690858759570824,17.948986812285497,36.17657419542701
2020-09-22 00:00:00+00:00,156.8,0.28781579788936806,158.43319832546484,-0.9906350390338572,22.271613847737125,61.17017174433653
2020-09-23 00:00:00+00:00,151.18,-3.5841836734693877,154.80659916273243,-2.2874093562516222,11.209153916464675,36.03333523508868
2020-09-24 00:00:00+00:00,146.05,-3.3933059928561993,150.42829958136622,-2.8403576745539105,6.671721059151373,37.91974287461647
2020-09-25 00:00:00+00:00,156.03,6.83327627524819,153.2291497906831,1.9964593003471398,57.21339608405599,81.57856228773953
2020-09-28 00:00:00+00:00,166.08,6.4410690251874625,159.65457489534157,4.218764162767301,76.4652545146189,78.40646348319167
2020-09-29 00:00:00+00:00,163.6,-1.4932562620423973,161.62728744767077,1.362753950362452,65.54826438791906,35.967419932891374
2020-09-30 00:00:00+00:00,165.26,1.0146699266503578,163.44364372383538,1.1887119385064049,69.86762800406024,49.044260742658544
2020-10-01 00:00:00+00:00,167.86,1.5732784702892522,165.6518218619177,1.3809952043978284,76.72374579767033,52.29898035182441
2020-10-02 00:00:00+00:00,168.08,0.1310615989515096,166.86591093095888,0.756028401674669,77.37707825646463,41.92763498229225
2020-10-05 00:00:00+00:00,171.2,1.8562589243217298,169.03295546547943,1.3061436629981995,85.83496625112788,57.16837073424975
2020-10-06 00:00:00+00:00,159.54,-6.810747663551398,164.2864777327397,-2.7523020002765994,27.726323228952715,19.198904912422883
2020-10-07 00:00:00+00:00,164.61,3.1778864234674797,164.44823886636988,0.21279221159544015,49.86381614672382,62.38611275054306
2020-10-08 00:00:00+00:00,168.0,2.0594131583743236,166.22411943318494,1.1361026849848819,61.6463352350093,57.246856348940824
2020-10-09 00:00:00+00:00,167.33,-0.39880952380951795,166.77705971659248,0.36864658058768196,57.63110729044122,45.020223313005125
2020-10-12 00:00:00+00:00,167.35,0.01195242933125229,167.06352985829625,0.19029950495946713,57.75431326486395,47.8138644704818
2020-10-13 00:00:00+00:00,162.14,-3.113235733492681,164.60176492914812,-1.4614681142666068,27.035049280608522,30.26406574368178
2020-10-14 00:00:00+00:00,163.24,0.6784260515603879,163.92088246457405,-0.39152103135310945,37.55409964500624,58.1913659081076
2020-10-15 00:00:00+00:00,164.24,0.6125949522175933,164.08044123228703,0.11053696043224193,47.813440934192165,57.59072124575762
2020-10-16 00:00:00+00:00,167.35,1.893570384802712,165.7152206161435,1.002053672617477,70.45632405436127,67.4093883183926
2020-10-19 00:00:00+00:00,167.11,-0.1434120107558945,166.41261030807175,0.4293208309307912,67.0869204908296,43.427114555273306
2020-10-20 00:00:00+00:00,167.24,0.07779307043265238,166.82630515403588,0.2535569506817218,68.31795335915032,46.52604182751709
2020-10-21 00:00:00+00:00,163.86,-2.0210475962688323,165.34315257701795,-0.8837453227935552,27.78621886985586,26.14392006512082
2020-10-22 00:00:00+00:00,169.07,3.179543512754779,167.20657628850898,1.1478990949806118,69.55243736968858,71.89900959272514
2020-10-23 00:00:00+00:00,167.36,-1.01141539007511,167.2832881442545,0.06824185245275094,54.137191973333906,41.11174842965871
2020-10-26 00:00:00+00:00,160.83,-3.901768642447423,164.05664407212726,-1.916763394997336,23.853816145010622,28.4910098301556
2020-10-27 00:00:00+00:00,155.24,-3.4757197040353183,159.64832203606363,-2.696241549516327,13.882317706203164,33.03626545345762
2020-10-28 00:00:00+00:00,148.14,-4.573563514558121,153.8941610180318,-3.634902532037224,7.727782596026225,26.52066545976299
2020-10-29 00:00:00+00:00,148.29,0.10125556905629107,151.0920805090159,-1.7668234814904664,9.006190047010124,67.48319815936368
2020-10-30 00:00:00+00:00,144.39,-2.6299817924337443,147.74104025450794,-2.1984026369621055,5.846904204448978,45.33490744081942
2020-11-02 00:00:00+00:00,148.6,2.915714384652679,148.17052012725395,0.35865587384528674,39.95379480019291,72.66218118054819
2020-11-03 00:00:00+00:00,153.65,3.3983849259757726,150.910260063627,1.8785203999105295,63.647809404232746,74.3370426845386
2020-11-04 00:00:00+00:00,151.63,-1.314676212170529,151.2701300318135,0.2819220938700002,51.46343792784471,39.17954457003887
2020-11-05 00:00:00+00:00,157.09,3.600870540130585,154.18006501590673,1.9413963170002928,72.67334254652812,65.04369505022157
2020-11-06 00:00:00+00:00,157.74,0.41377554268253736,155.96003250795337,1.177585929841415,74.6513862850882,46.01334449658346
2020-11-09 00:00:00+00:00,179.36,13.706098643337139,167.6600162539767,7.441842286589277,94.50312777915393,80.92593235345838
2020-11-10 00:00:00+00:00,188.69,5.201828724353241,178.17500812698836,6.32183550547126,96.35230950419616,49.93528903053433
2020-11-11 00:00:00+00:00,182.15,-3.4660024378610377,180.16250406349417,1.427916533805111,71.1763073204122,31.495497168027047
2020-11-12 00:00:00+00:00,176.72,-2.981059566291522,178.44125203174707,-0.7765715162432054,53.70113570191956,33.554630934266505
2020-11-13 00:00:00+00:00,187.11,5.879357175192412,182.77562601587354,2.5513928294746036,72.8401700091991,63.567565545564165
2020-11-16 00:00:00+00:00,202.4,8.171663727219268,192.58781300793677,5.3615282783469365,85.79878180889655,69.00128531121125
2020-11-17 00:00:00+00:00,210.05,3.7796442687747067,201.31890650396838,4.570586273560822,89.5431434780049,48.29860917848336
2020-11-18 00:00:00+00:00,203.3,-3.213520590335639,202.3094532519842,0.6785328416125913,66.37899025034393,28.136386720099466
2020-11-19 00:00:00+00:00,205.67,1.165764879488429,203.9897266259921,0.9221488605505102,70.41041697051287,48.378476398229374
2020-11-20 00:00:00+00:00,199.62,-2.9416054845140205,201.80486331299605,-1.009728311981755,48.254695928934794,34.64820994650108
2020-11-23 00:00:00+00:00,211.53,5.966336038473097,206.66743165649802,2.478303863245671,73.1774693221581,66.02058609127697
2020-11-24 00:00:00+00:00,218.49,3.2903134307190607,212.57871582824902,2.8843086469823658,81.14006100865508,54.279029418343725
2020-11-25 00:00:00+00:00,217.61,-0.4027644285779619,215.09435791412452,1.240772109202202,76.81525281380476,39.67302165278989
2020-11-27 00:00:00+00:00,216.5,-0.5100868526262681,215.79717895706227,0.36534262828796693,69.77831718045421,39.213058083701334
2020-11-30 00:00:00+00:00,210.71,-2.6743648960738997,213.25358947853113,-1.1545111338929663,40.644994174358764,29.031548120313747
2020-12-01 00:00:00+00:00,213.01,1.0915476246974531,213.13179473926556,-0.031481754597756595,52.469487945716764,57.698663717184495
2020-12-02 00:00:00+00:00,223.85,5.088962959485466,218.49089736963276,2.528740602443855,80.26447813399909,74.25610508613279
2020-12-03 00:00:00+00:00,237.2,5.963815054724142,227.84544868481638,4.246277828583999,90.51305607336744,77.18740616846478
2020-12-04 00:00:00+00:00,232.71,-1.8929173693085888,230.2777243424082,1.176680229637705,71.72294177558922,30.46242084927002
2020-12-07 00:00:00+00:00,238.17,2.3462678870697307,234.22386217120408,1.7614740583537178,79.48954409255121,53.32830478405069
2020-12-08 00:00:00+00:00,236.57,-0.6717890582357167,235.39693108560203,0.5448425000590006,70.92657406750088,39.468541843879635
2020-12-09 00:00:00+00:00,232.06,-1.9064124783362169,233.72846554280102,-0.6807849891386082,48.73095865875995,34.039970617577694
2020-12-10 00:00:00+00:00,234.43,1.0212875980349923,234.0792327714005,0.17025130444819203,58.875302999929794,55.708792886167146
2020-12-11 00:00:00+00:00,230.33,-1.7489229194215694,232.20461638570026,-0.7893358074866887,38.90146532919202,37.99369802012076
2020-12-14 00:00:00+00:00,228.62,-0.7424130595232947,230.41230819285013,-0.7658744335049917,32.0905040385713,47.152536508838104
2020-12-15 00:00:00+00:00,229.5,0.3849182048814681,229.95615409642505,-0.19047811431176181,40.17582050396766,57.659657111157905
2020-12-16 00:00:00+00:00,225.87,-1.5816993464052298,227.91307704821253,-0.8860887303584958,23.133627795681093,37.9275346570882
2020-12-17 00:00:00+00:00,221.24,-2.049851684597337,224.57653852410627,-1.4679702074779164,12.769928445915715,33.797574806895014
2020-12-18 00:00:00+00:00,219.75,-0.6734767673115205,222.16326926205312,-1.0707234873947185,10.499377937463905,55.27500540421418
2020-12-21 00:00:00+00:00,219.31,-0.20022753128554616,220.73663463102656,-0.6354755093401323,9.732829690882742,61.6858095589
2020-12-22 00:00:00+00:00,218.78,-0.2416670466462989,219.7583173155133,-0.4385712779932156,8.598560515629744,60.545919162279894
2020-12-23 00:00:00+00:00,219.69,0.4159429563945549,219.72415865775665,-0.011314160799330342,29.699141609755415,72.5988298355376
2020-12-24 00:00:00+00:00,217.15,-1.156174609677274,218.43707932887833,-0.5837443852383022,15.102143426988308,34.64529876854699
2020-12-28 00:00:00+00:00,216.09,-0.48814183743955963,217.26353966443918,-0.5359431113389309,11.548907983077179,50.97968080304927
2020-12-29 00:00:00+00:00,216.25,0.07404322273125707,216.7567698322196,-0.23094994430383692,16.02247397006766,62.73634505302093
2020-12-30 00:00:00+00:00,216.67,0.194219653179184,216.7133849161098,-0.018365145562326463,29.96887953343607,65.39736660170746
2020-12-31 00:00:00+00:00,214.06,-1.2045968523561101,215.38669245805488,-0.6114809989592183,11.761550052889126,29.106935316120357
2021-01-04 00:00:00+00:00,202.72,-5.297580117723999,209.05334622902745,-2.9545305583416086,2.3715227860831827,8.472204900709318
2021-01-05 00:00:00+00:00,211.63,4.395224940805043,210.34167311451372,0.720347191231717,49.700205191399185,73.98503379626526
2021-01-06 00:00:00+00:00,211.03,-0.28351367953503015,210.68583655725686,0.2184167558483434,47.380094899850874,48.7302920635892
2021-01-07 00:00:00+00:00,212.71,0.7960953418945316,211.69791827862844,0.5072560488714375,56.005809262286,54.147673457721986
2021-01-08 00:00:00+00:00,209.9,-1.3210474354755308,210.7989591393142,-0.40689569330204667,39.684520555935066,41.30836854394102
2021-01-11 00:00:00+00:00,206.79,-1.4816579323487455,208.79447956965708,-0.9442768128253961,26.745178394301668,40.22306332417495
2021-01-12 00:00:00+00:00,208.41,0.7834034527781863,208.60223978482856,-0.08043668002360488,41.618615300837845,61.57777364615268
2021-01-13 00:00:00+00:00,207.21,-0.575788109975528,207.90611989241427,-0.32811239499956646,33.95784079823432,46.59502402895615
2021-01-14 00:00:00+00:00,209.91,1.3030259157376545,208.90805994620712,0.487456760369044,59.264394481766466,64.50319375449928
2021-01-15 00:00:00+00:00,204.32,-2.663046067362207,206.61402997310356,-1.0877946534965814,27.06122908610763,31.285086033769634
2021-01-19 00:00:00+00:00,210.71,3.1274471417384486,208.66201498655178,1.0198262441209336,62.241524071644946,67.70642940222993
2021-01-20 00:00:00+00:00,211.45,0.3511935835982971,210.0560074932759,0.6855099138596153,65.16052825820455,49.02041225253672
2021-01-21 00:00:00+00:00,207.41,-1.9106171671789962,208.73300374663796,-0.6125536266596905,39.90029798891221,36.65713208188373
2021-01-22 00:00:00+00:00,205.84,-0.756954823778988,207.28650187331897,-0.6847542252193393,32.54574236061695,46.902835761702
2021-01-25 00:00:00+00:00,203.36,-1.2048192771084265,205.3232509366595,-0.9447867511638829,22.652482935791543,42.865362105940285
2021-01-26 00:00:00+00:00,202.06,-0.6392604248623202,203.69162546832973,-0.7920235880131015,18.282630043105826,50.875360771901946
2021-01-27 00:00:00+00:00,194.03,-3.9740671087795665,198.86081273416488,-2.383045348396334,6.559097010681441,22.71234788118202
2021-01-28 00:00:00+00:00,197.23,1.649229500592675,198.04540636708242,-0.3669079239018296,32.451020913892776,67.79919767245217
2021-01-29 00:00:00+00:00,194.19,-1.5413476651624958,196.1177031835412,-0.9541277945321627,23.26473027883688,45.30552172893341
2021-02-01 00:00:00+00:00,195.84,0.8496832998609705,195.9788515917706,-0.052222247335596106,37.63740549751,60.162616481106966
2021-02-02 00:00:00+00:00,200.94,2.604166666666674,198.4594257958853,1.275972209665539,66.62247009228658,69.33185436285754
2021-02-03 00:00:00+00:00,207.39,3.2099134069871527,202.92471289794264,2.2429428083263456,82.2622267959617,72.59814944021738
2021-02-04 00:00:00+00:00,210.64,1.5670958098269017,206.7823564489713,1.9050193090766236,86.90120277390022,50.65215213650448
2021-02-05 00:00:00+00:00,207.93,-1.2865552601595054,207.35617822448566,0.30923202445855913,65.48129953420778,28.33451144246312
2021-02-08 00:00:00+00:00,211.95,1.933342951954975,209.6530891122428,1.1212874882067672,77.70762729135285,58.94817806254173
2021-02-09 00:00:00+00:00,215.12,1.4956357631517037,212.3865445561214,1.3084616256792354,84.28957041704078,54.22496678478321
2021-02-10 00:00:00+00:00,211.92,-1.4875418371141813,212.15327227806068,-0.08954010571747295,58.24826302131272,29.808160703232563
2021-02-11 00:00:00+00:00,210.66,-0.5945639864099572,211.40663613903035,-0.3420520460637151,49.2596603674053,41.61296558378176
2021-02-12 00:00:00+00:00,210.98,0.15190354125129701,211.19331806951516,-0.09507425240620904,52.07690618734242,51.78128760930588
2021-02-16 00:00:00+00:00,217.18,2.938667172243825,214.18665903475758,1.421796459918808,81.66417295119868,75.58847966208491
2021-02-17 00:00:00+00:00,215.52,-0.7643429413389802,214.8533295173788,0.3287267592899139,65.43855163150994,38.09713981377837
2021-02-18 00:00:00+00:00,208.48,-3.2665181885671912,211.6666647586894,-1.4688957146386388,28.904751888881606,25.352057463120683
2021-02-19 00:00:00+00:00,217.47,4.312164236377591,214.5683323793447,1.4216342608694763,65.64448185746328,70.37672805336081
2021-02-22 00:00:00+00:00,212.88,-2.110635949786177,213.72416618967236,-0.3445008444583504,47.0311157194644,39.83396985939823
2021-02-23 00:00:00+00:00,212.12,-0.35700864336715155,212.92208309483618,-0.35075474391275097,43.936915408782426,48.91396339817943
2021-02-24 00:00:00+00:00,229.34,8.118046388836508,221.13104154741808,3.883645822461878,82.67524967155339,75.60400365230615
2021-02-25 00:00:00+00:00,216.45,-5.620476148949161,218.79052077370903,-0.8684151632436412,46.55544164181508,33.30006247800586
2021-02-26 00:00:00+00:00,212.01,-2.051282051282055,215.4002603868545,-1.459848607262848,37.981776715911046,45.240424683949904
2021-03-01 00:00:00+00:00,224.39,5.839347200603751,219.89513019342724,2.1897492966704513,64.96616823255675,65.63872776860757
2021-03-02 00:00:00+00:00,223.14,-0.5570658228976288,221.5175650967136,0.8163417368864112,60.94968982701786,45.1761836421208
2021-03-03 00:00:00+00:00,228.56,2.428968360670436,225.0387825483568,1.6226550487784235,72.14878365686786,54.99965257899517
2021-03-04 00:00:00+00:00,224.71,-1.6844592229611433,224.8743912741784,-0.030902087091359887,55.26227528984643,40.13838518505845
2021-03-05 00:00:00+00:00,223.22,-0.6630768546126209,224.0471956370892,-0.3469894708519904,48.65188214028708,45.61200593604423
2021-03-08 00:00:00+00:00,224.03,0.36287071050982167,224.0385978185446,0.00794061982891564,53.21532056897455,52.19772111232515
2021-03-09 00:00:00+00:00,230.61,2.9371066375039057,227.3242989092723,1.4725236286664107,77.53898968696204,67.16283435414122
2021-03-10 00:00:00+00:00,245.34,6.387407311044613,236.33214945463615,3.929965469855512,91.81985523898898,79.84716241514782
2021-03-11 00:00:00+00:00,252.0,2.7146001467351466,244.16607472731806,3.3222828082953293,94.28445195079341,49.386363322079326
2021-03-12 00:00:00+00:00,269.19,6.821428571428578,256.67803736365903,5.071855689861954,97.36182904426963,69.13529554728306
2021-03-15 00:00:00+00:00,265.63,-1.3224859764478625,261.1540186818295,1.8746848567070455,83.4106827426266,31.997740996732308
2021-03-16 00:00:00+00:00,255.21,-3.922749689417604,258.18200934091476,-1.0240324163552792,51.19999181369057,25.450177233992676
2021-03-17 00:00:00+00:00,263.59,3.2835703930096605,260.8860046704574,1.1297689883271906,66.70872566187323,59.71682083318921
2021-03-18 00:00:00+00:00,256.06,-2.8567092833567176,258.47300233522867,-0.8634701475147635,46.70335041780091,37.6174417070303
2021-03-19 00:00:00+00:00,255.82,-0.09372803249239059,257.14650116761436,-0.47859909000357703,46.04320872299932,50.08532401395563
2021-03-22 00:00:00+00:00,251.23,-1.7942303181924801,254.1882505838072,-1.1364147040980286,32.759505440441465,42.2835783609889
2021-03-23 00:00:00+00:00,241.25,-3.972455518847262,247.7191252919036,-2.554435111472645,16.878150457070745,32.543501292256146
2021-03-24 00:00:00+00:00,239.24,-0.8331606217616527,243.4795626459518,-1.693797866617149,14.722022768182462,54.96833597570406
2021-03-25 00:00:00+00:00,247.19,3.323022905868589,245.3347813229759,0.81461251962572,51.48872328607513,72.8753570902841
2021-03-26 00:00:00+00:00,244.87,-0.938549294065294,245.10239066148796,-0.06196838721978698,43.31423571216719,45.219089970985806
2021-03-29 00:00:00+00:00,250.52,2.3073467554212357,247.811195330744,1.1226891841007243,64.12208923999609,61.78732699880805
2021-03-30 00:00:00+00:00,252.01,0.5947628931821658,249.910597665372,0.858726038641445,68.67119638177834,49.85413250267151
2021-03-31 00:00:00+00:00,254.72,1.075354152612995,252.31529883268598,0.96704009562722,76.72309827653913,53.624319463322806
2021-04-01 00:00:00+00:00,252.96,-0.6909547738693456,252.63764941634298,0.13804266087893724,61.360117618492026,37.91081856066128
2021-04-05 00:00:00+00:00,259.36,2.5300442757748343,255.9988247081715,1.3340434683268858,81.53158609221471,65.5355373149312
2021-04-06 00:00:00+00:00,255.17,-1.6155151141270974,255.58441235408574,-0.14073582290010578,53.899580287701475,35.25414195562382
2021-04-07 00:00:00+00:00,252.58,-1.0150096014421628,254.08220617704288,-0.5778727121711342,41.011930333600716,41.16140647212738
2021-04-08 00:00:00+00:00,254.95,0.9383165729669685,254.51610308852145,0.18022193039791712,55.58769891779839,59.28596979989097
2021-04-09 00:00:00+00:00,252.36,-1.015885467738764,253.43805154426073,-0.4178317686704235,39.56275590781417,40.543923842740725
2021-04-12 00:00:00+00:00,249.52,-1.1253764463464933,251.47902577213037,-0.7716041075084583,26.83743709617988,39.49461557457518
2021-04-13 00:00:00+00:00,253.27,1.5028855402372532,252.3745128860652,0.36564071636439743,55.30880323797702,68.68052973240759
2021-04-14 00:00:00+00:00,252.43,-0.3316618628341317,252.4022564430326,0.016989426765132876,48.913157859331356,45.633512799771175
2021-04-15 00:00:00+00:00,251.11,-0.5229172443845798,251.7561282215163,-0.2529639088097234,38.436555141381014,43.358263694639675
2021-04-16 00:00:00+00:00,248.18,-1.1668193222093892,249.96806411075815,-0.7098916155095563,22.436212859868746,34.63694667743498
2021-04-19 00:00:00+00:00,244.15,-1.6238214199371437,247.05903205537908,-1.16685651772335,12.069991672903837,28.527944291161056
2021-04-20 00:00:00+00:00,234.06,-4.132705304116325,240.55951602768954,-2.649780910919837,4.412844961961436,11.6326940763497
2021-04-21 00:00:00+00:00,235.92,0.7946680338374756,238.23975801384478,-0.9275564385411807,18.67812825893962,67.8043635354909
2021-04-22 00:00:00+00:00,234.33,-0.6739572736520705,236.28487900692238,-0.8007568560966256,15.677958584295421,52.799223576680525
2021-04-23 00:00:00+00:00,238.38,1.7283318397132152,237.3324395034612,0.4637874918082948,47.74639931808258,69.40944167671246
2021-04-26 00:00:00+00:00,241.44,1.283664736974588,239.3862197517306,0.8737261143914414,63.48498941975233,63.23128151292495
2021-04-27 00:00:00+00:00,242.47,0.4266070245195541,240.9281098758653,0.6501665694554978,68.30499445524428,50.28973246186963
2021-04-28 00:00:00+00:00,235.46,-2.8910793087804643,238.19405493793266,-1.1204563696624832,29.09616548815179,22.97990307456383
2021-04-29 00:00:00+00:00,235.94,0.20385628132166822,237.06702746896633,-0.4583000441704075,33.04379785840136,56.235693000736354
2021-04-30 00:00:00+00:00,234.31,-0.6908536068491955,235.68851373448317,-0.5745768255098015,25.74308594446152,47.3669768458032
2021-05-03 00:00:00+00:00,235.19,0.37557082497545746,235.43925686724157,-0.09950300026717201,37.012821736987725,58.94332515645783
2021-05-04 00:00:00+00:00,233.63,-0.6632935073770163,234.53462843362078,-0.38139825382209414,26.370639620914314,44.607038676636115
2021-05-05 00:00:00+00:00,228.18,-2.3327483627958667,231.35731421681038,-1.3570733083089803,10.519845639025549,28.120435518836793
2021-05-06 00:00:00+00:00,229.81,0.7143483215005686,230.5836571084052,-0.32136249340420586,29.524186675285325,64.27250540573706
2021-05-07 00:00:00+00:00,235.47,2.4629041382011163,233.0268285542026,1.0707708223984551,66.53938560045012,75.06673078703743
2021-05-10 00:00:00+00:00,232.93,-1.0786936764768273,232.9784142771013,-0.003961427039186116,49.159231563626115,39.13986882909504
2021-05-11 00:00:00+00:00,228.88,-1.7387197870604942,230.92920713855065,-0.8713406070498402,30.25699500567738,34.52125648463071
2021-05-12 00:00:00+00:00,220.78,-3.538972387277173,225.85460356927533,-2.2051564971635065,14.049944736873426,23.281329099794036
2021-05-13 00:00:00+00:00,222.64,0.842467614820186,224.24730178463767,-0.6813444411716603,27.437716798165848,64.9469301174992
2021-05-14 00:00:00+00:00,228.47,2.618577075098827,226.35865089231885,0.9686163169635833,58.112987550282256,73.64892818649251
2021-05-17 00:00:00+00:00,227.98,-0.2144701711384478,227.1693254461594,0.37707307291256775,55.17250277801832,46.20456497565644
2021-05-18 00:00:00+00:00,227.55,-0.18861303623124437,227.3596627230797,0.09423001834066169,51.72719298779155,46.477613629255956
2021-05-19 00:00:00+00:00,224.42,-1.3755218633267563,225.88983136153985,-0.6406459224930473,30.756590027037625,34.441117769233095
2021-05-20 00:00:00+00:00,227.65,1.4392656625969336,226.76991568076994,0.3993098700519431,57.45517300296138,65.87689901509654
2021-05-21 00:00:00+00:00,234.82,3.1495717109597976,230.79495784038497,1.7744407905058703,81.37152557389106,76.25444248532915
2021-05-24 00:00:00+00:00,237.44,1.1157482326888735,234.11747892019247,1.445094511597372,85.75936661376316,49.43653944070904
2021-05-25 00:00:00+00:00,240.74,1.389824797843664,237.42873946009624,1.4174596547205178,90.14501263352808,52.79252687588259
2021-05-26 00:00:00+00:00,241.37,0.2616931129018729,239.39936973004814,0.8395763838111954,90.94369344906481,37.44705221808394
2021-05-27 00:00:00+00:00,250.7,3.865434809628354,245.04968486502406,2.3525055967197748,96.76597358295172,73.85799368851194
2021-05-28 00:00:00+00:00,247.02,-1.4678899082568697,246.03484243251205,0.44230784423145253,70.10177962326317,32.22186122147063
2021-06-01 00:00:00+00:00,254.73,3.1212047607481086,250.38242121625603,1.7817563024897805,83.97712928426536,60.76747498959035
2021-06-02 00:00:00+00:00,255.62,0.34938954971932557,253.00121060812802,1.065572926104553,85.16891559250837,43.98424896828627
2021-06-03 00:00:00+00:00,250.32,-2.0733901885611528,251.660605304064,-0.5039086312282999,51.170680257490545,32.29116863513902
2021-06-04 00:00:00+00:00,249.92,-0.15979546180888704,250.79030265203198,-0.33185204651859346,48.958216197071465,48.50893156537388
2021-06-07 00:00:00+00:00,252.66,1.0963508322663351,251.72515132601598,0.38224939287387083,64.658858954649,58.33534320513421
2021-06-08 00:00:00+00:00,252.76,0.039578880709245645,252.24257566300798,0.21091413679155824,65.24413451884745,47.01348291065014
2021-06-09 00:00:00+00:00,248.06,-1.8594714353536879,250.151287831504,-0.8242786492810648,30.100650155941306,30.865804581564305
2021-06-10 00:00:00+00:00,248.34,0.11287591711681699,249.245643915752,-0.3557013660821239,33.31069407010237,54.96404122683504
2021-06-11 00:00:00+00:00,247.28,-0.42683417894822107,248.26282195787599,-0.3912677725151725,26.42066977377593,48.08441160384627
2021-06-14 00:00:00+00:00,245.14,-0.8654157230669757,246.701410978938,-0.6283417477910741,16.245101568299376,41.71931957965399
2021-06-15 00:00:00+00:00,246.54,0.571102227298681,246.620705489469,-0.028619760246196557,39.21721542657548,64.68603301268315
2021-06-16 00:00:00+00:00,242.27,-1.7319704713231077,244.44535274473452,-0.8802951157846521,17.392605536550345,33.21182436227635
2021-06-17 00:00:00+00:00,239.22,-1.2589259916621964,241.83267637236725,-1.0696105537234244,10.895872963284795,41.91876763190959
2021-06-18 00:00:00+00:00,237.35,-0.78170721511579,239.59133818618363,-0.9256588844196072,8.109890590126263,51.48882850185265
2021-06-21 00:00:00+00:00,245.28,3.341057510006329,242.4356690930918,1.2076993127933608,65.01349285862852,84.52699241329424
2021-06-22 00:00:00+00:00,243.78,-0.6115459882583218,243.10783454654592,0.2980766622675195,55.29752601739649,42.70334063952058
2021-06-23 00:00:00+00:00,243.57,-0.08614324390844308,243.33891727327295,0.10596670917953821,53.6149010519992,47.848444492117224
2021-06-24 00:00:00+00:00,250.57,2.87391714907419,246.95445863663647,1.489941929126864,81.60364509400281,70.34930759396512
2021-06-25 00:00:00+00:00,248.38,-0.8740072634393581,247.66722931831822,0.307967332843753,63.59551092139521,38.665512636998486
2021-06-28 00:00:00+00:00,239.96,-3.3899669860697257,243.8136146591591,-1.5409998266129863,27.982636580276033,26.6015797052251
2021-06-29 00:00:00+00:00,235.76,-1.75029171528589,239.78680732957955,-1.645645770949438,19.720036418747362,43.756324361020845
2021-06-30 00:00:00+00:00,239.56,1.611808618934507,239.67340366478976,-0.01691857600746549,42.68712195916677,67.27841627109677
2021-07-01 00:00:00+00:00,239.73,0.07096343296042473,239.70170183239486,0.02702242847647962,43.766687398198535,52.254973296533414
2021-07-02 00:00:00+00:00,236.68,-1.2722646310432517,238.19085091619743,-0.622621101283386,29.04381397150646,40.44517580000431
2021-07-06 00:00:00+00:00,236.14,-0.22815616021633067,237.1654254580987,-0.42538863074985833,26.66190450994451,52.86567913826655
2021-07-07 00:00:00+00:00,231.78,-1.846362327432871,234.47271272904936,-1.1358754790913648,13.376142348690435,35.6035317228363
2021-07-08 00:00:00+00:00,236.77,2.152903615497448,235.62135636452467,0.5085140682030416,53.31412495959109,70.8676935912683
2021-07-09 00:00:00+00:00,239.59,1.1910292689107482,237.60567818226235,0.8497716685568949,66.43309465372607,59.17669654996945
2021-07-12 00:00:00+00:00,238.29,-0.5425935973955576,237.9478390911312,0.15358903558066866,55.6245704621492,40.92452788411452
2021-07-13 00:00:00+00:00,228.2,-4.234336312896048,233.0739195455656,-2.0403736386576896,19.21946531630488,20.614638970210727
2021-07-14 00:00:00+00:00,224.45,-1.6432953549518015,228.7619597727828,-1.8418344968047455,14.081632347582678,47.857381150789394
2021-07-15 00:00:00+00:00,222.76,-0.7529516596123886,225.7609798863914,-1.2973930782085672,11.92639726770719,55.69428953634866
2021-07-16 00:00:00+00:00,217.74,-2.2535464176692277,221.7504899431957,-1.7754697479388974,7.090832900371167,40.35906797877777
2021-07-19 00:00:00+00:00,206.99,-4.937080922200787,214.37024497159786,-3.356275335069842,3.079799223369587,23.21342838556263
2021-07-20 00:00:00+00:00,217.15,4.90844968355959,215.76012248579895,0.7760871742448741,46.21306586716994,76.99590942603639
2021-07-21 00:00:00+00:00,222.54,2.482155192263402,219.15006124289948,1.6291211832541381,60.27986000591338,61.16070475336439
2021-07-22 00:00:00+00:00,220.87,-0.7504268895479393,220.01003062144974,0.4393471468530994,53.74715848754892,43.34531000793368
2021-07-23 00:00:00+00:00,221.52,0.294290759270166,220.7650153107249,0.3668189530616327,56.49950389465368,50.355570018628256
2021-07-26 00:00:00+00:00,225.85,1.9546767786204233,223.30750765536243,1.160747865841028,72.72024706550003,61.66408319019494
2021-07-27 00:00:00+00:00,222.27,-1.5851228691609376,222.7887538276812,-0.2121875016599548,49.725013065475494,35.676077566363375
2021-07-28 00:00:00+00:00,231.57,4.184100418410042,227.1793769138406,1.9859564583750435,77.47716669880306,68.31827615187964
2021-07-29 00:00:00+00:00,231.63,0.02591009198082972,229.4046884569203,1.0059332751779366,77.59684446640063,44.11509768531893
2021-07-30 00:00:00+00:00,226.48,-2.2233734835729435,227.94234422846014,-0.6087201041975034,46.075369911026044,34.26540852592855
2021-08-02 00:00:00+00:00,225.34,-0.5033557046979831,226.64117211423007,-0.5560379044477433,40.599289915372815,47.66784805902185
2021-08-03 00:00:00+00:00,229.09,1.664151948167203,227.86558605711502,0.5540570218597298,62.55707074798171,62.225893032280055
2021-08-04 00:00:00+00:00,226.63,-1.0738137849753415,227.2477930285575,-0.25987838155780585,45.8716751527724,40.74775020191459
2021-08-05 00:00:00+00:00,229.94,1.4605303799144043,228.59389651427875,0.6003259991782992,64.8134575364202,59.9441678191153
2021-08-06 00:00:00+00:00,231.33,0.6045055231799656,229.9619482571394,0.6024157611791324,71.16877700714507,51.49201611156658
2021-08-09 00:00:00+00:00,232.27,0.40634591276531573,231.1159741285697,0.504380836972224,75.63318494994745,49.088641945197736
2021-08-10 00:00:00+00:00,235.78,1.5111723425323964,233.44798706428486,1.0077765897523103,86.95080416329795,63.38228438604011
2021-08-11 00:00:00+00:00,239.49,1.573500721011123,236.46899353214243,1.2906386553817166,92.48491798875487,64.23206177555629
2021-08-12 00:00:00+00:00,238.18,-0.5469956991941194,237.3244967660712,0.3718214780937986,75.52117378815127,29.406422737993704
2021-08-13 00:00:00+00:00,234.46,-1.5618439835418552,235.89224838303562,-0.5950112527240283,42.396838356520874,21.16748351414828
2021-08-16 00:00:00+00:00,229.06,-2.3031647189286075,232.4761241915178,-1.449087985826318,21.6859439990611,16.19558699240041
2021-08-17 00:00:00+00:00,222.22,-2.9861171745394266,227.3480620957589,-2.2176025801828723,11.247011089607446,12.226914172910627
2021-08-18 00:00:00+00:00,219.0,-1.4490144901449065,223.17403104787945,-1.8333085351638894,8.393831785781543,51.96515645316572
2021-08-19 00:00:00+00:00,212.16,-3.123287671232877,217.6670155239397,-2.4782981031983833,4.641784013610424,29.869996302560754
2021-08-20 00:00:00+00:00,212.67,0.24038461538460343,215.16850776196986,-1.11895674390689,9.182088127743924,69.25925941117094
2021-08-23 00:00:00+00:00,219.4,3.164527201768008,217.28425388098492,1.0227852289305592,53.24593186481488,82.25543342815453
2021-08-24 00:00:00+00:00,221.43,0.9252506836827656,219.35712694049246,0.9740179563066624,61.662052585575836,55.367536625335525
2021-08-25 00:00:00+00:00,221.03,-0.18064399584518664,220.19356347024623,0.3966869802307379,58.54708834679093,44.57385237020756
2021-08-26 00:00:00+00:00,216.5,-2.049495543591373,218.3467817351231,-0.8264042816803177,31.508222828773846,29.832065528079358
2021-08-27 00:00:00+00:00,221.75,2.4249422632794504,220.04839086756155,0.7992689907995664,62.00920818849562,67.92688936862376
2021-08-30 00:00:00+00:00,217.66,-1.84441939120632,218.85419543378077,-0.5225752002033768,40.78501067053308,38.224752785957925
2021-08-31 00:00:00+00:00,219.5,0.8453551410456672,219.1770977168904,0.16138997042114522,51.89577818531961,56.28785304944141
2021-09-01 00:00:00+00:00,218.12,-0.6287015945330321,218.6485488584452,-0.23365581205594343,42.850519032516466,45.380149943123996
2021-09-02 00:00:00+00:00,220.83,1.2424353566844015,219.7392744292226,0.504389772314229,62.23811953752885,60.1017522663888
2021-09-03 00:00:00+00:00,218.17,-1.2045464837205255,218.9546372146113,-0.35007835570314827,41.50655539994984,39.31523017854381
2021-09-07 00:00:00+00:00,214.24,-1.801347572993528,216.59731860730565,-1.075712964348338,23.878957330673533,34.89948651858412
2021-09-08 00:00:00+00:00,211.38,-1.3349514563106846,213.9886593036528,-1.2053322103295114,16.31524755829223,42.47352291469888
2021-09-09 00:00:00+00:00,213.94,1.211089033967272,213.9643296518264,0.0028784118188802665,41.28578729568783,70.53965091869321
2021-09-10 00:00:00+00:00,210.3,-1.7014116107319732,212.1321648259132,-0.8492665994565465,25.22955004946459,38.39610127698541
2021-09-13 00:00:00+00:00,214.48,1.9876367094626701,213.30608241295658,0.5691850550030618,55.22456889228572,66.9819652021388
2021-09-14 00:00:00+00:00,211.57,-1.3567698619917912,212.4380412064783,-0.3937924034943647,38.920248109019305,41.06767844756267
2021-09-15 00:00:00+00:00,214.22,1.2525405303209336,213.32902060323914,0.42937406341328443,56.47380768919573,59.4345621986477
2021-09-16 00:00:00+00:00,213.36,-0.4014564466436332,213.34451030161958,0.013958808384825605,49.542856883984584,45.84816969859206
2021-09-17 00:00:00+00:00,213.36,0.0,213.3522551508098,0.0069794041924128025,49.54285688398459,50.008751418115864
2021-09-20 00:00:00+00:00,209.5,-1.8091488563929614,211.4261275754049,-0.9010847261002743,22.12311410054623,32.914364866175774
2021-09-21 00:00:00+00:00,208.51,-0.47255369928401736,209.96806378770245,-0.6868192126921459,18.239512249308525,51.34535471060176
2021-09-22 00:00:00+00:00,216.98,4.0621552923121085,213.47403189385122,1.6876680398099813,74.86479351755526,79.71175978186214
2021-09-23 00:00:00+00:00,221.1,1.8987925154392071,217.2870159469256,1.7932302776245943,83.30248711612656,56.245687310020486
2021-09-24 00:00:00+00:00,221.39,0.13116236996832953,219.3385079734628,0.9621963237964619,83.87404316746256,41.33268880271217
2021-09-27 00:00:00+00:00,224.16,1.2511856904105834,221.7492539867314,1.1066910071035228,89.18035756904746,53.14117150871489
2021-09-28 00:00:00+00:00,218.41,-2.5651320485367557,220.0796269933657,-0.7292205207166165,44.04877023299003,26.194144666902297
2021-09-29 00:00:00+00:00,225.36,3.182088732200916,222.71981349668286,1.22643410574215,70.82117612700627,65.59923997787502
2021-09-30 00:00:00+00:00,219.94,-2.4050408235711807,221.32990674834144,-0.5893033589145154,45.40586394059387,36.883656191807255
2021-10-01 00:00:00+00:00,226.0,2.7552968991543247,223.66495337417072,1.0829967701199048,65.9183271138685,60.710823373705985
2021-10-04 00:00:00+00:00,223.79,-0.9778761061946972,223.72747668708536,0.05256033196260379,54.67979474350387,43.067756557398205
2021-10-05 00:00:00+00:00,224.42,0.28151391929933656,224.0737383435427,0.16703712563097017,57.75925449901308,50.36661942228895
2021-10-06 00:00:00+00:00,224.99,0.25398805810534775,224.53186917177135,0.21051259186815896,61.325663156974635,50.15580997008431
2021-10-07 00:00:00+00:00,226.48,0.6622516556291203,225.50593458588565,0.4363821237486396,70.94463308487234,54.40186268162007
2021-10-08 00:00:00+00:00,226.39,-0.03973860826562703,225.94796729294282,0.1983217577415063,69.38114472388219,44.60224288637719
2021-10-11 00:00:00+00:00,226.45,0.02650293740888987,226.1989836464714,0.11241234757519808,70.0413773005432,45.97959172298429
2021-10-12 00:00:00+00:00,223.57,-1.271803930227422,224.8844918232357,-0.5796957913261119,27.439963010597456,26.56315383437163
2021-10-13 00:00:00+00:00,221.78,-0.8006440935724779,223.33224591161786,-0.6901699424492949,17.510588607607268,40.28904707314364
2021-10-14 00:00:00+00:00,217.44,-1.9568942194967964,220.38612295580893,-1.3235320809730458,7.56059998795499,23.867628788814642
2021-10-15 00:00:00+00:00,217.04,-0.18395879323032105,218.71306147790446,-0.7537454371016834,7.0099233770765625,60.70520640905031
2021-10-18 00:00:00+00:00,216.98,-0.027644673792848184,217.84653073895223,-0.3906950554472658,6.896897814030303,63.068487351710466
2021-10-19 00:00:00+00:00,215.97,-0.4654806894644592,216.9082653694761,-0.4280878724558625,4.901420634394035,50.34651871300437
2021-10-20 00:00:00+00:00,216.17,0.09260545446125867,216.53913268473804,-0.1677412089973019,12.427369293051967,64.16660785043743
2021-10-21 00:00:00+00:00,214.34,-0.8465559513345933,215.439566342369,-0.5071485801659475,5.957013520939136,37.68802360200396
2021-10-22 00:00:00+00:00,212.97,-0.6391714099094892,214.2047831711845,-0.5731599950377184,3.7591543813408803,45.18084558098483
2021-10-25 00:00:00+00:00,212.87,-0.046954970183588074,213.53739158559225,-0.31005748261065325,3.613194564597277,63.81749558599002
2021-10-26 00:00:00+00:00,209.81,-1.4374970639357332,211.67369579279614,-0.8737772732731932,1.298683701648558,29.042595780065284
2021-10-27 00:00:00+00:00,206.61,-1.5251894571278735,209.14184789639808,-1.1994833652005332,0.6477811363780189,27.618948782853757
2021-10-28 00:00:00+00:00,207.85,0.600164561250649,208.49592394819905,-0.2996594019749421,23.06171396438781,73.9831282907585
2021-10-29 00:00:00+00:00,207.03,-0.3945152754390113,207.76296197409954,-0.3470873387069767,18.844635647425314,51.03420409324602
2021-11-01 00:00:00+00:00,214.58,3.64681447133266,211.1714809870498,1.6498635663128416,76.98035556005789,83.05937105911867
2021-11-02 00:00:00+00:00,212.77,-0.8435082486718204,211.9707404935249,0.4031776588205106,61.212032607935114,39.74053302179663
2021-11-03 00:00:00+00:00,213.38,0.2866945528034792,212.67537024676244,0.3449361058119949,64.85162967340764,49.65395520857966
2021-11-04 00:00:00+00:00,213.03,-0.16402661917704897,212.8526851233812,0.09045474331747297,60.00568810621875,45.205283556606965
2021-11-05 00:00:00+00:00,224.46,5.365441487114486,218.65634256169062,2.7279481152159795,91.4182379795249,79.3126451621797
2021-11-08 00:00:00+00:00,222.68,-0.7930143455404104,220.6681712808453,0.9674668848377845,77.24579164013349,38.88076324499048
2021-11-09 00:00:00+00:00,220.79,-0.8487515717621741,220.72908564042265,0.059357656537805226,61.9495936056541,38.61353285822586
2021-11-10 00:00:00+00:00,218.5,-1.0371846551021302,219.61454282021134,-0.4889134992821625,45.554750112410176,37.31302037479861
2021-11-11 00:00:00+00:00,219.38,0.402745995423337,219.49727141010567,-0.043083751929412745,52.76098042004557,54.77313679778077
2021-11-12 00:00:00+00:00,220.96,0.7202115051508917,220.22863570505285,0.3385638766107395,65.17484227923384,58.58770449279775
2021-11-15 00:00:00+00:00,233.09,5.4896813902968855,226.65931785252644,2.9141226334538124,91.35041625466171,85.7233464524406
2021-11-16 00:00:00+00:00,225.8,-3.1275472993264386,226.22965892626323,-0.1067123329363131,54.45366018892563,30.882142277529052
2021-11-17 00:00:00+00:00,226.62,0.3631532329495091,226.42482946313163,0.12822045000659799,57.359536686233746,50.2293216530948
2021-11-18 00:00:00+00:00,227.25,0.27799841143765214,226.83741473156581,0.20310943072212506,60.27999443287768,49.72005307307043
2021-11-19 00:00:00+00:00,214.13,-5.773377337733776,220.4837073657829,-2.7851339535058255,19.200469715077674,23.89524239007865
2021-11-22 00:00:00+00:00,209.9,-1.9754354831177268,215.19185368289146,-2.380284718311776,14.441093153108108,48.88798882604075
2021-11-23 00:00:00+00:00,209.13,-0.3668413530252601,212.16092684144573,-1.373563035668518,13.52563697884134,57.71103680208464
2021-11-24 00:00:00+00:00,210.6,0.7029120642662479,211.38046342072286,-0.3353254857011351,26.81171835089116,63.923313304048385
2021-11-26 00:00:00+00:00,199.21,-5.40835707502374,205.29523171036143,-2.8718412803624376,9.624787431166384,28.29946066778989
2021-11-29 00:00:00+00:00,198.5,-0.35640781085287676,201.89761585518073,-1.6141245456076572,9.080522437112226,57.59962813811157
2021-11-30 00:00:00+00:00,197.85,-0.3274559193954696,199.87380792759035,-0.9707902325015634,8.426192348334224,57.74805196934113
2021-12-01 00:00:00+00:00,188.19,-4.882486732373003,194.03190396379517,-2.9266384824372835,3.2329431985711063,31.623477198741924
2021-12-02 00:00:00+00:00,202.38,7.540251873106962,198.20595198189758,2.3068066953348394,58.9624795659654,76.01388339623382
2021-12-03 00:00:00+00:00,198.49,-1.9221266923609037,198.34797599094878,0.19234000148696784,47.67268633944302,43.642298873883135
2021-12-06 00:00:00+00:00,205.88,3.7231094765479256,202.1139879954744,1.9577247390174466,66.14494135901347,59.193746341621654
2021-12-07 00:00:00+00:00,208.83,1.4328735185545005,205.4719939977372,1.6952991287859736,72.05244650420309,50.68297336298258
2021-12-08 00:00:00+00:00,211.03,1.0534884834554337,208.2509969988686,1.3743938061207035,76.61677480223852,48.934731114437206
2021-12-09 00:00:00+00:00,207.56,-1.644315974032129,207.90549849943432,-0.1349610839557127,55.26332166062603,35.772924556478294
2021-12-10 00:00:00+00:00,205.06,-1.2044709963384137,206.48274924971716,-0.6697160401470632,42.471245416428104,39.73689348212905
2021-12-13 00:00:00+00:00,197.4,-3.7354920511069922,201.94137462485858,-2.2026040456270275,20.57855953570352,25.925725815904112
2021-12-14 00:00:00+00:00,195.5,-0.9625126646403248,198.72068731242928,-1.5825583551336762,17.266971454269246,52.85459034206123
2021-12-15 00:00:00+00:00,195.43,-0.03580562659846187,197.07534365621464,-0.809181990866069,17.114766768594183,60.121878886487316
2021-12-16 00:00:00+00:00,190.79,-2.3742516502072375,193.93267182810732,-1.5917168205366532,9.120862336019865,37.968738299456376
2021-12-17 00:00:00+00:00,192.63,0.9644111326589488,193.28133591405367,-0.3136528439388522,28.880100735234436,65.32848397544633
2021-12-20 00:00:00+00:00,188.48,-2.1543892436276857,190.88066795702684,-1.2340210437832688,16.64006712580121,40.375388203373475
2021-12-21 00:00:00+00:00,199.52,5.85738539898133,195.2003339785134,2.3116821775990304,69.02504776166798,75.87824039731103
2021-12-22 00:00:00+00:00,201.69,1.0876102646351082,198.4451669892567,1.6996462211170693,73.86700111231512,49.537332641740946
2021-12-23 00:00:00+00:00,204.22,1.254400317318649,201.33258349462835,1.477023269217859,79.47740652000294,50.43975619161716
2021-12-27 00:00:00+00:00,203.17,-0.5141514053471852,202.25129174731416,0.48143593193533696,70.10760935403165,39.270074009060956
2021-12-28 00:00:00+00:00,206.13,1.4569080080720553,204.19064587365708,0.9691719700036961,80.05202073283648,55.678184937545986
2021-12-29 00:00:00+00:00,203.66,-1.1982729345558663,203.92532293682854,-0.11455048227608505,56.5177862386826,36.015847754846135
2021-12-30 00:00:00+00:00,202.71,-0.4664637140331829,203.31766146841426,-0.29050709815463394,48.32200053772785,44.16727913081778
2021-12-31 00:00:00+00:00,201.32,-0.6857086478220142,202.31883073420713,-0.4881078729883241,36.655776149755724,41.7755781889042
2022-01-03 00:00:00+00:00,207.86,3.2485595072521356,205.08941536710358,1.3802258171319057,76.57286316986284,76.30821242329536
2022-01-04 00:00:00+00:00,213.63,2.775906860386801,209.3597076835518,2.078066338759353,87.22587363336115,68.93995308138102
2022-01-05 00:00:00+00:00,213.07,-0.26213546786499897,211.2148538417759,0.9079654354471771,81.81006453380458,35.70220277522454
2022-01-06 00:00:00+00:00,211.34,-0.8119397381142313,211.27742692088793,0.04801284866647293,63.53103006747873,31.570343750971595
2022-01-07 00:00:00+00:00,215.5,1.9683921642850377,213.38871346044397,1.0082025064757554,79.80573356174057,63.55996357619781
2022-01-10 00:00:00+00:00,209.31,-2.872389791183294,211.34935673022198,-0.9320936423537693,39.98196753064421,28.619201605876192
2022-01-11 00:00:00+00:00,216.02,3.205771343939623,213.68467836511098,1.1368388507929268,66.86636979223564,64.92986226342191
2022-01-12 00:00:00+00:00,217.45,0.6619757429867423,215.5673391825555,0.8994072968898346,71.01660460288335,49.213877606491515
2022-01-13 00:00:00+00:00,223.9,2.9661991262359244,219.73366959127776,1.9328032115628795,84.3117499055205,61.78261622521892
2022-01-14 00:00:00+00:00,225.96,0.9200535953550748,222.84683479563887,1.4264284034589771,87.13821612236103,46.46540860268896
2022-01-18 00:00:00+00:00,225.01,-0.4204283944060916,223.92841739781943,0.5030000045264428,77.48178679714665,37.362756630172036
2022-01-19 00:00:00+00:00,217.08,-3.5242878094306818,220.50420869890974,-1.5106439024521194,32.452420412876144,22.23431383900213
2022-01-20 00:00:00+00:00,214.19,-1.3313064308089206,217.34710434945487,-1.42097516663052,24.628149158543476,45.58494219801672
2022-01-21 00:00:00+00:00,205.44,-4.085158037256642,211.39355217472743,-2.7530666019435808,11.755903964753273,29.116643830450762
2022-01-24 00:00:00+00:00,204.2,-0.6035825545171347,207.7967760873637,-1.6783245782303577,10.580386825054982,57.93521844459054
2022-01-25 00:00:00+00:00,204.1,-0.04897159647404559,205.94838804368186,-0.8636480873522017,10.45393580446602,61.65987035064135
2022-01-26 00:00:00+00:00,194.27,-4.8162665360117485,200.10919402184095,-2.839957311681975,3.7845834890318297,28.79051024631536
2022-01-27 00:00:00+00:00,189.75,-2.326658773871426,194.92959701092047,-2.5833080427767006,2.628132440416103,49.766833410885845
2022-01-28 00:00:00+00:00,190.57,0.4321475625823412,192.74979850546023,-1.0755802400971797,10.103278676202146,66.278219507547
2022-01-31 00:00:00+00:00,200.24,5.074250931416291,196.49489925273014,1.9993353456595555,61.87537015992315,81.56894368242378
2022-02-01 00:00:00+00:00,208.34,4.045145825009988,202.41744962636506,3.022240585334772,77.88087985413551,70.8812262169452
2022-02-02 00:00:00+00:00,207.52,-0.39358740520303304,204.96872481318252,1.3143265900658694,73.2134799227717,38.36152445459003
2022-02-03 00:00:00+00:00,206.39,-0.5445258288357846,205.67936240659125,0.3849003806150424,65.14352231150887,37.48432756926187
2022-02-04 00:00:00+00:00,206.45,0.029071175929074045,206.0646812032956,0.20698577827205822,65.44686375024857,44.69335769712868
2022-02-07 00:00:00+00:00,211.92,2.6495519496245956,208.9923406016478,1.428268863948327,84.22287713509262,69.10639720458137
2022-02-08 00:00:00+00:00,213.27,0.6370328425821192,211.1311703008239,1.0326508532652232,86.86515540695154,45.811195329266454
2022-02-09 00:00:00+00:00,215.86,1.214423031837586,213.49558515041196,1.1235369425514046,91.1368228198559,52.67630555973716
2022-02-10 00:00:00+00:00,218.75,1.338830723617157,216.12279257520598,1.2311838330842808,94.26082485990163,54.53778245758727
2022-02-11 00:00:00+00:00,212.3,-2.9485714285714226,214.211396287603,-0.8586937977435709,43.239287656155184,17.9792479218225
2022-02-14 00:00:00+00:00,210.04,-1.0645313235986942,212.12569814380151,-0.9616125606711325,33.66269235508168,43.11437229853186
2022-02-15 00:00:00+00:00,217.73,3.6612073890687435,214.92784907190077,1.3497974141988056,68.86193749986386,73.57839689693184
2022-02-16 00:00:00+00:00,218.93,0.551141321820614,216.9289245359504,0.9504693680097098,72.30202643571072,48.132632336899
2022-02-17 00:00:00+00:00,213.58,-2.4437034668615465,215.2544622679752,-0.7466170494259183,41.58095577637731,32.098489635640554
2022-02-18 00:00:00+00:00,209.03,-2.130349283640798,212.1422311339876,-1.438483166533358,26.96482637004548,35.4721825078498
2022-02-22 00:00:00+00:00,198.74,-4.922738362914414,205.4411155669938,-3.1806107647238857,12.299055275029998,21.315659948908777
2022-02-23 00:00:00+00:00,196.42,-1.1673543322934576,200.9305577834969,-2.173982548508672,10.388260760892877,56.40946940936155
2022-02-24 00:00:00+00:00,198.43,1.0233173811220908,199.68027889174846,-0.5753325836932905,25.44175269471101,68.64581892892224
2022-02-25 00:00:00+00:00,201.48,1.537065967847595,200.58013944587424,0.48086669207715227,46.064348084161395,71.46369598070237
2022-02-28 00:00:00+00:00,205.34,1.9158229104625946,202.96006972293713,1.1983448012698734,64.63423929047605,74.04343092421287
2022-03-01 00:00:00+00:00,194.91,-5.07938053959287,198.93503486146858,-1.9405178691614986,26.981818398070263,21.128541637949365
2022-03-02 00:00:00+00:00,197.81,1.4878661946539529,198.3725174307343,-0.22632583725377287,41.25461206718446,60.68983431850725
2022-03-03 00:00:00+00:00,188.85,-4.529599110257321,193.61125871536714,-2.377962473755547,21.645762043374503,35.92387011047601
2022-03-04 00:00:00+00:00,180.84,-4.241461477362984,187.22562935768357,-3.3097119755592654,13.219790886357838,37.74846723613587
2022-03-07 00:00:00+00:00,169.17,-6.453218314532194,178.19781467884178,-4.88146514504573,7.143128181230053,28.42787087279958
2022-03-08 00:00:00+00:00,173.8,2.7368918839037804,175.9989073394209,-1.0722866305709746,27.088349828759892,71.81012557491846
2022-03-09 00:00:00+00:00,178.56,2.738780207134628,177.27945366971045,0.8332467882818266,45.23025076626866,71.81539092285155
2022-03-10 00:00:00+00:00,178.39,-0.09520609318997009,177.83472683485522,0.3690203475459283,44.63527766442617,50.55708583128987
2022-03-11 00:00:00+00:00,176.23,-1.2108302034867457,177.0323634174276,-0.42090492797040874,35.68807049338046,43.0349110481599
2022-03-14 00:00:00+00:00,175.52,-0.4028825966066907,176.2761817087138,-0.4118937622885497,32.47813575948397,50.961009703889815
2022-03-15 00:00:00+00:00,179.89,2.4897447584320664,178.0830908543569,1.0389254980717584,63.11087505379508,71.93320975808076
2022-03-16 00:00:00+00:00,188.99,5.058646950914469,183.53654542717845,3.0487862244931137,84.738108879895,82.11968564774521
2022-03-17 00:00:00+00:00,190.19,0.6349542303825562,186.86327271358923,1.841870227437835,86.32406367773453,42.384893250652645
2022-03-18 00:00:00+00:00,192.83,1.3880855986119212,189.84663635679462,1.614977913024878,89.81629021595093,48.72123081372922
2022-03-21 00:00:00+00:00,185.9,-3.593839132915011,187.8733181783973,-0.9894306099450665,44.78582240631999,23.297789497495074
2022-03-22 00:00:00+00:00,191.04,2.764927380311999,189.45665908919864,0.8877483851834662,64.55613578528649,61.63048549767428
2022-03-23 00:00:00+00:00,186.04,-2.6172529313232884,187.7483295445993,-0.8647522730699111,42.40224732438348,37.70579896426303
2022-03-24 00:00:00+00:00,189.05,1.6179316276069722,188.39916477229966,0.37658967726853054,56.02838099681822,57.280099630203814
2022-03-25 00:00:00+00:00,188.95,-0.05289605924360119,188.67458238614984,0.16184680901246468,55.37553639720817,48.29903763996662
2022-03-28 00:00:00+00:00,188.16,-0.4181000264620205,188.4172911930749,-0.1281266087247779,48.65712577133622,45.93754397954332
2022-03-29 00:00:00+00:00,193.8,2.9974489795918435,191.10864559653746,1.4346611854335327,77.6697047349246,67.9326984290227
2022-03-30 00:00:00+00:00,194.91,0.5727554179566496,193.00932279826873,1.0037083016950912,80.86221916422572,47.39831244229443
2022-03-31 00:00:00+00:00,191.5,-1.7495254219896395,192.25466139913436,-0.37290856014727414,48.74708622656387,33.04717475731225
2022-04-01 00:00:00+00:00,190.76,-0.3864229765013105,191.50733069956718,-0.37966576832429233,43.166503618044096,47.138912758883876
2022-04-04 00:00:00+00:00,191.18,0.2201719438037486,191.34366534978358,-0.07974691226027186,48.213746480162776,53.65070210960475
2022-04-05 00:00:00+00:00,182.65,-4.461763782822469,186.99683267489178,-2.2707553475413707,13.011547809664119,22.113005738383773
2022-04-06 00:00:00+00:00,178.72,-2.151656173008487,182.85841633744587,-2.211205760274929,8.647935689960553,45.72574801177193
2022-04-07 00:00:00+00:00,177.97,-0.41965085049239237,180.41420816872295,-1.3154283053836606,7.89044285629798,59.525499156735265
2022-04-08 00:00:00+00:00,175.2,-1.5564420969826465,177.80710408436147,-1.4359352011831534,5.3124940108687,47.60811032871834
2022-04-11 00:00:00+00:00,175.03,-0.09703196347031762,176.41855204218075,-0.7664835823267355,5.157376036171934,62.18657951403346
2022-04-12 00:00:00+00:00,176.28,0.7141632862937675,176.34927602109036,-0.02616014801648403,28.26064727416839,69.30727759853305
2022-04-13 00:00:00+00:00,182.87,3.7383707737689953,179.60963801054518,1.8561053128762557,75.48509141564772,85.05027204737411
2022-04-14 00:00:00+00:00,181.94,-0.5085579920161898,180.7748190052726,0.673773660430033,66.25293197380437,40.8806161933385
2022-04-18 00:00:00+00:00,179.85,-1.1487303506650615,180.31240950263629,-0.23747834511751426,46.911897240607324,36.5846539075382
2022-04-19 00:00:00+00:00,185.98,3.4083958854601137,183.14620475131812,1.5854587701712997,76.75998322439958,70.11658818833718
2022-04-20 00:00:00+00:00,183.55,-1.3065921066781283,183.34810237565907,0.13943333174658568,57.52761685543928,38.51236103413449
2022-04-21 00:00:00+00:00,181.02,-1.378371016071911,182.18405118782954,-0.6194688421626626,41.348277579168965,38.1200009443895
2022-04-22 00:00:00+00:00,176.92,-2.2649431002099374,179.55202559391478,-1.4422059711863,24.558594425109007,32.06722596033759
2022-04-25 00:00:00+00:00,175.91,-0.5708794935564088,177.73101279695737,-1.0065427323713543,21.354513123331653,53.31407437639509
2022-04-26 00:00:00+00:00,167.04,-5.042351202319373,172.3855063984787,-3.0244469673453636,7.854752921627256,23.81896260257355
2022-04-27 00:00:00+00:00,154.46,-7.5311302681992265,163.42275319923937,-5.277788617772295,3.3497412445466717,16.29330474222183
2022-04-28 00:00:00+00:00,154.22,-0.1553800336656752,158.82137659961967,-2.7165843257189852,3.29565007825016,65.18799880180474
2022-04-29 00:00:00+00:00,148.84,-3.488522889378809,153.83068829980982,-3.102553607548897,2.13591058614934,46.697941460492146
2022-05-02 00:00:00+00:00,148.61,-0.15452835259338604,151.22034414990492,-1.6285409800711415,2.0887751145206126,62.610049390863225
2022-05-03 00:00:00+00:00,153.58,3.3443240697126786,152.40017207495248,0.8578915448207686,42.918693143694234,74.56349617718024
2022-05-04 00:00:00+00:00,156.97,2.207318661284008,154.68508603747625,1.5326051030523882,59.98951440625525,64.51047363676018
2022-05-05 00:00:00+00:00,150.47,-4.140918646875202,152.57754301873814,-1.304156771911407,32.25012739980358,30.298674848190494
2022-05-06 00:00:00+00:00,148.9,-1.0433973549544673,150.7387715093691,-1.1737770634329372,27.622466538262803,49.78828461209714
2022-05-09 00:00:00+00:00,133.31,-10.470114170584289,142.02438575468454,-5.821945617008613,8.804502524249681,21.871141345315475
2022-05-10 00:00:00+00:00,132.95,-0.2700472582702118,137.48719287734227,-3.0459964376394124,8.601531699525868,59.096464595356636
2022-05-11 00:00:00+00:00,129.39,-2.6776983828507017,133.43859643867114,-2.861847410245057,6.40970733391407,50.56608893810299
2022-05-12 00:00:00+00:00,123.14,-4.83035783290825,128.28929821933556,-3.8461026215766534,3.835749344910704,42.36475670030602
2022-05-13 00:00:00+00:00,127.2,3.2970602566184892,127.74464910966779,-0.2745211824790821,30.881311745249963,69.9586511988412
2022-05-16 00:00:00+00:00,124.05,-2.4764150943396235,125.89732455483389,-1.3754681384093528,23.266103288434117,46.32552434328219
2022-05-17 00:00:00+00:00,132.05,6.449012494961726,128.97366227741696,2.5367721782761863,60.43448143592325,69.90265404985367
2022-05-18 00:00:00+00:00,125.52,-4.9450965543354926,127.24683113870847,-1.2041621880296531,37.93602790366812,37.967152203900596
2022-05-19 00:00:00+00:00,127.14,1.2906309751434142,127.19341556935424,0.043234393556880524,45.487888494035694,54.88652838157607
2022-05-20 00:00:00+00:00,120.7,-5.065282365895863,123.94670778467713,-2.511023986169491,26.361151499175975,38.73409032767893
2022-05-23 00:00:00+00:00,124.07,2.7920463960231956,124.00835389233856,0.1405112049268522,44.63454714451669,60.3638599274367
2022-05-24 00:00:00+00:00,119.4,-3.7640041911823907,121.70417694616928,-1.8117464931277691,29.445986581273335,41.86506591655161
2022-05-25 00:00:00+00:00,122.06,2.227805695142382,121.88208847308465,0.2080296010073064,45.33822947616044,59.06336627064696
2022-05-26 00:00:00+00:00,127.73,4.645256431263323,124.80604423654233,2.4266430161353147,68.22368876323719,65.2795586723062
2022-05-27 00:00:00+00:00,132.23,3.5230564471932846,128.51802211827118,2.9748497316642997,78.79347429521003,59.03728789101962
2022-05-31 00:00:00+00:00,131.4,-0.6276941692505367,129.9590110591356,1.1735777812068815,72.15335247630614,38.57300564807921
2022-06-01 00:00:00+00:00,130.65,-0.5707762557077611,130.3045055295678,0.3014007627495602,64.75655140604806,39.00787367948675
2022-06-02 00:00:00+00:00,140.5,7.539226942212007,135.4022527647839,3.920313852480784,88.32822749511635,75.73011728429141
2022-06-03 00:00:00+00:00,139.25,-0.8896797153024938,137.32612638239195,1.515317068589145,78.3527976991907,39.06362114910876
2022-06-06 00:00:00+00:00,139.24,-0.007181328545768917,138.283063191196,0.7540678700216881,78.24675526595513,43.36971474397744
2022-06-07 00:00:00+00:00,140.82,1.1347313990232477,139.551531595598,0.9443996345224679,83.5296904631656,50.200104780511175
2022-06-08 00:00:00+00:00,139.63,-0.84505041897458,139.590765797799,0.049674607773943946,65.54600825705198,38.21364575819707
2022-06-09 00:00:00+00:00,133.73,-4.225452982883338,136.6603828988995,-2.087889187554697,25.198784773302503,23.71242421981042
2022-06-10 00:00:00+00:00,127.0,-5.03252822852015,131.83019144944976,-3.5602087080374236,12.272774862924269,20.875430249019185
2022-06-13 00:00:00+00:00,115.86,-8.771653543307089,123.84509572472487,-6.165931125672256,5.397856065355952,11.398384080132072
2022-06-14 00:00:00+00:00,122.16,5.4375970999482215,123.00254786236243,-0.36416701286201736,35.87141038908392,75.30472046934175
2022-06-15 00:00:00+00:00,133.72,9.462999345121158,128.36127393118122,4.5494161661295704,66.00848885483681,81.09815235506576
2022-06-16 00:00:00+00:00,133.36,-0.2692192641340019,130.86063696559063,2.140098450997784,64.59056001447556,43.818433118781684
2022-06-17 00:00:00+00:00,136.8,2.5794841031793636,133.83031848279532,2.359791277088574,72.9263777700116,53.25336302151374
2022-06-21 00:00:00+00:00,136.75,-0.03654970760235132,135.29015924139765,1.1616207847431113,72.55399182121562,43.24864750679415
2022-06-22 00:00:00+00:00,137.16,0.2998171846435138,136.2250796206988,0.7307189846933125,74.17594457424039,45.23308371183125
2022-06-23 00:00:00+00:00,133.97,-2.3257509477981886,135.09753981034942,-0.797515981552438,43.89901329888776,32.0935491391734
2022-06-24 00:00:00+00:00,141.53,5.64305441516757,138.3137699051747,2.422769216807566,77.11109687612151,70.7610745478278
2022-06-27 00:00:00+00:00,138.72,-1.9854447820250143,138.51688495258736,0.21866221739127578,57.975370952409214,38.92977436884034
2022-06-28 00:00:00+00:00,138.7,-0.014417531718580179,138.60844247629367,0.1021223428363478,57.82217847277545,47.99626608632021
2022-06-29 00:00:00+00:00,138.45,-0.18024513338139592,138.52922123814682,-0.03906139527252406,55.09264272037547,47.113569985010855
2022-06-30 00:00:00+00:00,136.72,-1.2495485734922318,137.6246106190734,-0.6443049843823779,36.97505088917398,39.998448700870625
2022-07-01 00:00:00+00:00,139.84,2.2820362785254567,138.73230530953668,0.8188656470715394,66.64683526472786,65.67737055693203
2022-07-05 00:00:00+00:00,137.7,-1.5303203661327314,138.21615265476834,-0.355727359530596,44.898924675466276,38.79362392245415
2022-07-06 00:00:00+00:00,136.31,-1.0094408133623722,137.26307632738417,-0.682584086446484,34.06778434778408,43.5308119837147
2022-07-07 00:00:00+00:00,139.97,2.6850561220746805,138.6165381636921,1.0012360178140982,66.23686130782167,69.0315480497126
2022-07-08 00:00:00+00:00,139.07,-0.6429949274844637,138.84326908184605,0.17912054516481724,56.13448868150819,42.871603144253086
2022-07-11 00:00:00+00:00,136.99,-1.4956496728266266,137.91663454092304,-0.6582645638309047,36.719636260570304,37.42171715134996
2022-07-12 00:00:00+00:00,147.15,7.416599751806707,142.5333172704615,3.3791675939879013,82.09441348904674,79.09229219177999
2022-07-13 00:00:00+00:00,143.95,-2.1746517159361267,143.24165863523075,0.6022579390258873,61.3211989637824,38.117831690542815
2022-07-14 00:00:00+00:00,147.15,2.2229940951719485,145.1958293176154,1.4126260170989178,71.96296034525201,54.37426274870935
2022-07-15 00:00:00+00:00,147.74,0.4009514101257272,146.4679146588077,0.9067887136123225,73.945477372314,46.74285774575343
2022-07-18 00:00:00+00:00,147.72,-0.013537295248411407,147.09395732940385,0.44662570918195554,73.68056213188028,44.6065905879835
2022-07-19 00:00:00+00:00,156.13,5.693203357703758,151.61197866470192,3.069914533442857,91.92583298056593,71.50337701230815
2022-07-20 00:00:00+00:00,158.38,1.4411067699993563,154.99598933235097,2.2555106517211065,93.68315612850225,46.34992565516486
2022-07-21 00:00:00+00:00,161.41,1.9131203434777033,158.20299466617547,2.084315497599405,95.61223082090083,49.31859806179559
2022-07-22 00:00:00+00:00,158.16,-2.013505978563901,158.18149733308775,0.035404759517752016,64.11168478532365,29.17439333499935
2022-07-25 00:00:00+00:00,156.64,-0.9610520991401139,157.41074866654387,-0.46282366981118095,52.075483822694366,39.16452211292692
2022-07-26 00:00:00+00:00,155.92,-0.4596527068437162,156.66537433327193,-0.46123818832744856,45.94654523168994,44.73512225585101
2022-07-27 00:00:00+00:00,156.09,0.10903027193434056,156.37768716663595,-0.176103958196554,48.109500278451584,52.184076334186585
2022-07-28 00:00:00+00:00,159.09,1.921968095329607,157.733843583318,0.8729320685665265,74.8009390992486,70.92444252572703
2022-07-29 00:00:00+00:00,159.31,0.13828650449430047,158.521921791659,0.5056092865304135,76.15039297472534,44.93428020564126
2022-08-01 00:00:00+00:00,169.07,6.126420187056669,163.7959608958295,3.3160147367935413,94.77397830333331,80.64711119682796
2022-08-02 00:00:00+00:00,163.28,-3.424617022535037,163.53798044791475,-0.05430114287074783,55.91821893643355,31.605889339147836
2022-08-03 00:00:00+00:00,166.64,2.057814796668289,165.08899022395735,1.0017568268987707,67.5123176266814,55.10972329816781
2022-08-04 00:00:00+00:00,166.5,-0.08401344215073214,165.79449511197868,0.45887169237401926,66.42047547398455,45.87190457450351
2022-08-05 00:00:00+00:00,165.04,-0.8768768768768864,165.41724755598932,-0.20900259225143358,53.00983865000075,41.965817657064676
2022-08-08 00:00:00+00:00,165.89,0.5150266602035769,165.65362377799465,0.15301203397607166,60.05329341620916,52.595428479411694
2022-08-09 00:00:00+00:00,164.85,-0.6269214539755263,165.25181188899734,-0.23695470999972734,47.09707169476241,42.92088183774673
2022-08-10 00:00:00+00:00,169.02,2.5295723384895386,167.1359059444987,1.1463088142449056,76.97454111897967,67.61767225375024
2022-08-11 00:00:00+00:00,167.88,-0.6744763933262399,167.50795297224934,0.23591621045933286,62.500017127407865,40.763187275766136
2022-08-12 00:00:00+00:00,169.99,1.2568501310459945,168.74897648612466,0.7463831707526637,75.36245860682615,56.414386678885876
2022-08-15 00:00:00+00:00,170.47,0.28236955115006346,169.60948824306234,0.5143763609513636,77.94394701909,47.013167156929214
2022-08-16 00:00:00+00:00,172.08,0.9444477034082244,170.84474412153116,0.729412032179794,85.55754261930151,54.70563706204001
2022-08-17 00:00:00+00:00,167.2,-2.8358902835890376,169.02237206076558,-1.0532391257046219,33.29801130571327,24.385158251046818
2022-08-18 00:00:00+00:00,168.69,0.8911483253588592,168.8561860303828,-0.08104540017288131,47.87875549297916,58.4453946492352
2022-08-19 00:00:00+00:00,162.92,-3.42047542830044,165.88809301519137,-1.7507604142366606,21.094191090885502,32.80419903736153
2022-08-22 00:00:00+00:00,158.98,-2.418364841640064,162.43404650759567,-2.0845626279383622,13.410179702289968,41.71845474299623
2022-08-23 00:00:00+00:00,160.07,0.685620832809164,161.25202325379783,-0.6994708975645991,24.78060012904317,63.94284094585936
2022-08-24 00:00:00+00:00,163.6,2.205285187730377,162.4260116268989,0.7529071450828889,54.07556466222456,71.83119462478552
2022-08-25 00:00:00+00:00,169.38,3.533007334963334,165.90300581344945,2.1429572400231116,76.52784533701247,78.10791493983967
2022-08-26 00:00:00+00:00,164.53,-2.8633841067422283,165.2165029067247,-0.36021343335955835,47.37541259574025,29.923957338027797
2022-08-29 00:00:00+00:00,165.42,0.5409347839299805,165.31825145336234,0.09036067528521108,52.36974818431723,53.04743698741646
2022-08-30 00:00:00+00:00,162.21,-1.9405150525933834,163.7641257266812,-0.9250771886540862,34.60297005820464,38.98292740804098
2022-08-31 00:00:00+00:00,160.25,-1.2083102151531966,162.0070628633406,-1.0666937019036413,26.39995256413696,45.391202591351274
2022-09-01 00:00:00+00:00,153.66,-4.112324492979724,157.83353143167028,-2.589509097441683,12.024102525998874,27.936333294959102
2022-09-02 00:00:00+00:00,151.82,-1.1974489131849508,154.82676571583514,-1.8934790053133168,9.79111537993678,54.360385284268375
2022-09-06 00:00:00+00:00,152.39,0.37544460545382297,153.60838285791755,-0.7590171999297469,16.95722880047487,64.80578200115689
2022-09-07 00:00:00+00:00,155.95,2.3361112933919514,154.77919142895877,0.7885470467311022,52.389711280438846,75.35308195434654
2022-09-08 00:00:00+00:00,157.79,1.1798653414555993,156.2845957144794,0.9842061940933508,64.22417308683607,59.56300370882618
2022-09-09 00:00:00+00:00,157.52,-0.17111350529183111,156.90229785723972,0.4065463444007598,60.89259948827383,43.56379373161681
2022-09-12 00:00:00+00:00,158.72,0.7618080243778413,157.81114892861984,0.5841771843893006,70.94174546820022,55.84828887203503
2022-09-13 00:00:00+00:00,147.31,-7.188760080645162,152.56057446430992,-3.3022914481279306,15.20745701537712,14.76469853017596
2022-09-14 00:00:00+00:00,149.26,1.3237390536962712,150.91028723215496,-0.9892761972158297,29.421925447898573,60.92690259000213
2022-09-15 00:00:00+00:00,149.78,0.3483853678145632,150.34514361607748,-0.32044541470063326,33.857152352654985,55.73866445927841
2022-09-16 00:00:00+00:00,144.29,-3.665375884630795,147.31757180803874,-1.992910649665714,16.969381835422624,36.53452265138237
2022-09-19 00:00:00+00:00,144.88,0.4088987455818094,146.09878590401937,-0.7920059520419523,23.14874581169655,58.372377529237866
2022-09-20 00:00:00+00:00,145.94,0.731639977912768,146.0193929520097,-0.03018298706459216,35.987315892196705,60.00748590633138
2022-09-21 00:00:00+00:00,143.29,-1.8158147183774176,144.65469647600486,-0.9229988527210049,22.126090043049423,40.95908694616611
2022-09-22 00:00:00+00:00,138.71,-3.19631516504989,141.68234823800242,-2.0596570088854476,11.071157765895206,32.55805185774991
2022-09-23 00:00:00+00:00,131.26,-5.370917742051773,136.4711741190012,-3.7152873754686104,4.9890676057007735,21.92996530949799
2022-09-26 00:00:00+00:00,127.34,-2.986439128447349,131.9055870595006,-3.3508632519579797,3.480117754256242,49.20324775431969
2022-09-27 00:00:00+00:00,127.51,0.13350086382912796,129.7077935297503,-1.608681194064426,5.342482077531515,69.8650325263428
2022-09-28 00:00:00+00:00,133.44,4.650615637989164,131.57389676487514,1.520967221962369,52.897091318475894,83.99936407562214
2022-09-29 00:00:00+00:00,125.33,-6.077637889688248,128.45194838243756,-2.2783353338629393,26.049835225029536,31.44923465846127
2022-09-30 00:00:00+00:00,121.08,-3.391047634245592,124.76597419121879,-2.8346914840542654,18.620881112225394,44.493151661081335
2022-10-03 00:00:00+00:00,126.05,4.104724149322769,125.4079870956094,0.635016332634252,45.756057954844984,69.10013831566378
2022-10-04 00:00:00+00:00,133.51,5.918286394287975,129.4589935478047,3.2766513634611134,69.01667995708209,73.38252677657184
2022-10-05 00:00:00+00:00,132.11,-1.0486105909669474,130.78449677390236,1.114020386247083,61.582884993229854,40.79987031485876
2022-10-06 00:00:00+00:00,132.2,0.06812504730904223,131.4922483869512,0.5910727167780626,61.97779626703918,46.510269676770235
2022-10-07 00:00:00+00:00,129.79,-1.8229954614220834,130.6411241934756,-0.6159613723220103,43.86579082979929,37.35700599138497
2022-10-10 00:00:00+00:00,131.9,1.6257030587872867,131.27056209673782,0.5048708432326382,59.43427485450562,59.278763128910064
2022-10-11 00:00:00+00:00,131.57,-0.25018953752844464,131.4202810483689,0.12734065285209678,55.803471897528894,46.11242945853163
2022-10-12 00:00:00+00:00,130.42,-0.874059436041652,130.92014052418443,-0.3733593915947776,42.296799217248015,41.51277878188364
2022-10-13 00:00:00+00:00,132.4,1.5181720595000892,131.66007026209223,0.5724063339526557,64.49240560417485,62.83527984213828
2022-10-14 00:00:00+00:00,133.15,0.566465256797577,132.40503513104613,0.5694357953751163,70.86082545690512,51.60776927260176
2022-10-17 00:00:00+00:00,136.09,2.208036049568163,134.24751756552308,1.3887359224716396,85.81759239305717,66.90685945398252
2022-10-18 00:00:00+00:00,137.34,0.9185098096847755,135.79375878276153,1.1536228660782075,89.31525907045747,48.74738997630225
2022-10-19 00:00:00+00:00,138.39,0.764525993883769,137.09187939138076,0.9590744299809882,91.84832217193163,46.48741285998821
2022-10-20 00:00:00+00:00,139.13,0.534720716814796,138.11093969569038,0.7468975733978922,93.48189061860697,42.116418142837254
2022-10-21 00:00:00+00:00,141.32,1.5740674189606896,139.71546984784518,1.160482496179291,96.55053187430451,64.65937355290227
2022-10-24 00:00:00+00:00,142.05,0.5165581658647111,140.8827349239226,0.8385203310220011,97.20779807770984,40.554338442088465
2022-10-25 00:00:00+00:00,146.65,3.238296374516003,143.7663674619613,2.038408352769002,99.00314353268402,75.62931684306503
2022-10-26 00:00:00+00:00,133.79,-8.769178315717706,138.77818373098063,-3.365384981474352,26.784058330179917,15.420155165561638
2022-10-27 00:00:00+00:00,139.76,4.462216907093208,139.2690918654903,0.5484159628094281,51.44695532124402,63.4783767816492
2022-10-28 00:00:00+00:00,143.84,2.9192902117916475,141.55454593274516,1.7338530873005378,63.90953622223612,57.73976634334165
2022-10-31 00:00:00+00:00,142.51,-0.9246384872080182,142.03227296637257,0.4046073000462598,56.78279449158999,43.159169557513835
2022-11-01 00:00:00+00:00,143.38,0.6104834748438703,142.7061364831863,0.507545387445065,61.04511542544749,50.62780907759601
2022-11-02 00:00:00+00:00,147.41,2.8107127911842555,145.05806824159316,1.6591290893146602,76.88518187100676,61.50275402626111
2022-11-03 00:00:00+00:00,156.75,6.336069466114913,150.90403412079658,3.9975992777147864,90.42311595797474,74.8282714615727
2022-11-04 00:00:00+00:00,160.01,2.079744816586926,155.4570170603983,3.038672047150856,92.67058298774067,45.99524221572571
2022-11-07 00:00:00+00:00,164.91,3.0623086057121496,160.18350853019916,3.050490326431503,95.20671589971273,52.35265657701925
2022-11-08 00:00:00+00:00,169.62,2.8561033290885884,164.90175426509958,2.9532968277600458,96.80214481069437,50.48191168806759
2022-11-09 00:00:00+00:00,168.74,-0.5188067444876765,166.8208771325498,1.2172450416361846,88.5427136256921,26.891238402981326
2022-11-10 00:00:00+00:00,177.58,5.238828967642539,172.2004385662749,3.228037004639362,94.98731737419669,66.70598480309934
2022-11-11 00:00:00+00:00,177.49,-0.05068138303863101,174.84521928313745,1.5886778108003654,94.17832040323924,38.10733042844458
2022-11-14 00:00:00+00:00,173.55,-2.2198433714575416,174.19760964156873,-0.3155827803285881,60.39874635734995,30.154804564142143
2022-11-15 00:00:00+00:00,175.35,1.037165082108893,174.77380482078436,0.3607911508901524,68.21202962761348,52.48685157807195
2022-11-16 00:00:00+00:00,172.69,-1.5169660678642671,173.7319024103922,-0.5780874584870573,47.45693519222234,38.141640761844954
2022-11-17 00:00:00+00:00,172.78,0.05211650935201817,173.25595120519608,-0.2629854745675196,48.255988888990665,50.58663518437345
2022-11-18 00:00:00+00:00,173.89,0.6424354670679477,173.57297560259804,0.18972499625021408,59.61728351030203,55.6247630391458
2022-11-21 00:00:00+00:00,172.94,-0.5463223877163692,173.25648780129902,-0.17829869573307755,46.50780398540379,42.527223596531826
2022-11-22 00:00:00+00:00,172.5,-0.25442349947958354,172.87824390064952,-0.21636109760633054,40.34444650202726,47.113854150596595
2022-11-23 00:00:00+00:00,174.85,1.3623188405797126,173.86412195032477,0.572978871486691,71.06473993566361,68.19886511692702
2022-11-25 00:00:00+00:00,178.36,2.00743494423794,176.1120609751624,1.2902069078623155,86.56506097176906,74.32550271450852
2022-11-28 00:00:00+00:00,171.83,-3.6611347835837638,173.9710304875812,-1.1854639378607241,34.69687839146272,21.00031991953916
2022-11-29 00:00:00+00:00,175.32,2.031077227492273,174.6455152437906,0.42280664481577435,55.886836561200894,62.03162546718295
2022-11-30 00:00:00+00:00,178.88,2.0305726671229873,176.7627576218953,1.226689655969381,70.52227980360989,62.02734198956705
2022-12-01 00:00:00+00:00,175.78,-1.7330053667262924,176.27137881094765,-0.2531578553784557,49.20095574670463,34.99202505277373
2022-12-02 00:00:00+00:00,182.87,4.03345090453977,179.57068940547384,1.8901465245806572,75.06431495755503,67.52399006942234
2022-12-05 00:00:00+00:00,185.1,1.2194455077377375,182.3353447027369,1.5547960161591974,79.8938757684924,49.42063216735419
2022-12-06 00:00:00+00:00,178.43,-3.603457590491621,180.38267235136846,-1.0243307871662117,42.74782775599457,29.255984815574415
2022-12-07 00:00:00+00:00,176.5,-1.0816566720842968,178.44133617568423,-1.0529937296252543,35.569825443992464,46.40682328773377
2022-12-08 00:00:00+00:00,179.08,1.4617563739376838,178.76066808784213,0.20438132215621474,51.799078726679305,60.788425880088745
2022-12-09 00:00:00+00:00,179.54,0.25686843868661935,179.15033404392108,0.23062488042141704,54.84122943246116,51.0532802075837
2022-12-12 00:00:00+00:00,186.27,3.7484683078979675,182.71016702196056,1.9895465941596924,81.06611526714265,71.1421253663242
2022-12-13 00:00:00+00:00,187.13,0.4616953884146513,184.92008351098028,1.2256209912871718,82.96260043747809,45.04036604658083
2022-12-14 00:00:00+00:00,188.25,0.5985144017528032,186.58504175549012,0.9120676965199875,85.75073116580563,46.27125162163261
2022-12-15 00:00:00+00:00,183.72,-2.406374501992037,185.15252087774508,-0.7471534027360247,43.029312312533555,26.626119544790637
2022-12-16 00:00:00+00:00,184.7,0.5334204223818695,184.92626043887253,-0.10686649017707761,50.95790304443295,54.79262109268612
2022-12-19 00:00:00+00:00,185.68,0.5305901461830187,185.30313021943627,0.21186182800297054,59.427577809070534,54.76226290449145
2022-12-20 00:00:00+00:00,188.29,1.405644118914262,186.79656510971813,0.8087529734586163,75.99161822202124,64.00995638569923
2022-12-21 00:00:00+00:00,196.0,4.094747464018278,191.39828255485907,2.451750218738447,91.45307446045902,81.4705497801597
2022-12-22 00:00:00+00:00,188.25,-3.9540816326530615,189.82414127742953,-0.7511657069573072,46.39896638270496,25.63436798664794
2022-12-23 00:00:00+00:00,189.06,0.430278884462143,189.44207063871477,-0.1604434112475821,50.24199502262299,52.329401925599015
2022-12-27 00:00:00+00:00,189.4,0.17983708875488613,189.42103531935737,0.009696838753652015,52.391176377753716,50.76791154830363
2022-12-28 00:00:00+00:00,188.38,-0.5385427666314779,188.90051765967868,-0.26442296393891296,43.865222886605174,44.99144717470448
2022-12-29 00:00:00+00:00,188.91,0.28134621509714464,188.90525882983934,0.008461625579115839,50.18383966742624,53.95961819023896
2022-12-30 00:00:00+00:00,190.49,0.8363771107934959,189.69762941491967,0.4224193681863059,66.86303818370553,60.49897964982262
