date,adjClose,daily_return,ema,ema_daily_return,rsi,rsi_daily_return
2013-01-02 00:00:00+00:00,14.4476887902,0.0,,,,
2013-01-03 00:00:00+00:00,14.5258228004,0.5408062932044766,,,,
2013-01-04 00:00:00+00:00,14.5484816633,0.15599021970291727,14.507331084633334,0.23226550430246462,,
2013-01-07 00:00:00+00:00,14.4123864238,-0.9354600888924036,14.459858754216667,-0.3515972922949695,26.80193564517815,15.132555319869473
2013-01-08 00:00:00+00:00,14.4263795147,0.09709072799279905,14.443119134458334,-0.12725328215108522,34.22713835509673,57.031639401884284
2013-01-09 00:00:00+00:00,14.4192764229,-0.04923682891305736,14.431197778679167,-0.08824505553207129,31.773037093300097,51.61482665691166
2013-01-10 00:00:00+00:00,14.5187197085,0.6896551718924782,14.474958743589584,0.30070505818020343,72.77139930110181,71.85936729933032
2013-01-11 00:00:00+00:00,14.5471320759,0.19569471668610117,14.511045409744792,0.2481998874331523,78.34761357667328,50.62073491434085
2013-01-14 00:00:00+00:00,14.8951835757,2.392578124568012,14.703114492722396,1.3203890060005823,95.45410445221495,83.3837093955384
2013-01-15 00:00:00+00:00,14.9022866676,0.0476871725944239,14.802700580161197,0.6840380892975031,95.56145179169309,40.43246159234325
2013-01-16 00:00:00+00:00,14.9378021267,0.23832221116251162,14.870251353430598,0.46118015023000736,96.22927035439425,43.953070122196955
2013-01-17 00:00:00+00:00,14.8809773921,-0.3804089391332255,14.875614372765298,0.040385605548390935,70.69957681250358,34.13197326943162
2013-01-18 00:00:00+00:00,14.927147489,0.31026252969452717,14.901380930882649,0.17532406762145905,77.85865414382468,52.06592278380024
2013-01-22 00:00:00+00:00,14.8241526574,-0.6899833452834625,14.862766794141326,-0.25732963883100174,42.836491590821744,32.71575460834075
2013-01-23 00:00:00+00:00,14.6465753616,-1.1978917102648534,14.754671077870663,-0.7276106745479276,19.801270397989427,25.497934800586613
2013-01-24 00:00:00+00:00,14.9306990349,1.9398642091099871,14.842685056385331,0.6061267672810298,64.98780668863536,75.528474506087
2013-01-25 00:00:00+00:00,15.0230392288,0.6184586112422341,14.932862142592665,0.6122926892616319,72.5324145008257,53.032048653044924
2013-01-28 00:00:00+00:00,14.9591114022,-0.42553191552243685,14.945986772396331,0.09338038686959754,59.26949846683035,39.196373104634674
2013-01-29 00:00:00+00:00,14.7602248309,-1.3295346625385118,14.853105801648166,-0.6180771378344572,31.98011626342894,29.27582685756146
2013-01-30 00:00:00+00:00,14.6181629942,-0.9624639077488784,14.735634397924084,-0.7902705227916678,21.415497281775735,38.72218237643497
2013-01-31 00:00:00+00:00,14.6110599024,-0.048590864685393864,14.67334715016204,-0.4194306937385308,20.897730498064934,59.11532945402614
2013-02-01 00:00:00+00:00,14.7957402901,1.263976665167621,14.73454372013102,0.4222729857145451,59.28672195235192,76.18805550960272
2013-02-04 00:00:00+00:00,14.7886371982,-0.048007681675465985,14.761590459165511,0.18713265201953955,57.67198937864954,46.853369068796
2013-02-05 00:00:00+00:00,14.9733175859,1.248799231632236,14.867454022532755,0.7179659418258878,79.47437851633443,66.1672566073307
2013-02-06 00:00:00+00:00,15.0514515961,0.5218216320581837,14.959452809316378,0.6198937869420358,84.53090013933809,50.680190038696
2013-02-07 00:00:00+00:00,14.9839722237,-0.44832468130504566,14.97171251650819,0.08578455281849506,64.08043525830139,34.51092945614016
2013-02-08 00:00:00+00:00,15.0301423206,0.3081298884615613,15.000927418554095,0.19695722064002819,71.22510882922772,52.307576563045004
2013-02-11 00:00:00+00:00,15.1082763308,0.5198487714445088,15.054601874677047,0.3584029960422685,80.87944486331077,57.191485139341786
2013-02-12 00:00:00+00:00,14.8951835757,-1.4104372360835393,14.974892725188525,-0.5260171200206354,34.08965222128451,23.825194873468796
2013-02-13 00:00:00+00:00,15.0159361369,0.8106819267202248,14.995414431044264,0.1423324033497947,55.816341653784534,62.04493563548335
2013-02-14 00:00:00+00:00,14.9093897594,-0.7095553452586612,14.952402095222132,-0.28361147095443323,38.86151708357402,40.950549391991544
2013-02-15 00:00:00+00:00,14.9093897594,0.0,14.930895927311067,-0.14180573547721662,38.86151708357403,52.30359454326045
2013-02-19 00:00:00+00:00,15.2432350756,2.239161505517151,15.087065501455534,1.0486778850199672,80.53853323223315,75.0293068368138
2013-02-20 00:00:00+00:00,14.9910753155,-1.654240447315769,15.039070408477766,-0.3027812811479009,45.44213989261777,33.454873954614726
2013-02-21 00:00:00+00:00,14.7460186472,-1.6346837244331947,14.892544527838883,-0.9687325027905478,27.789205571536705,33.73154286361329
2013-02-22 00:00:00+00:00,14.8454619329,0.6743737959322482,14.86900323036944,-0.14717935342914978,41.598778850976416,61.834237998654174
2013-02-25 00:00:00+00:00,14.6749877289,-1.1483253587562747,14.77199547963472,-0.6477523560927123,27.885717387191814,41.16448462857414
2013-02-26 00:00:00+00:00,14.6380516514,-0.25169409462101333,14.70502356551736,-0.4497232253568628,25.187245620236823,52.805434485833615
2013-02-27 00:00:00+00:00,14.8383588411,1.3684006209996102,14.77169120330868,0.4593386978213737,58.13917568437188,69.27935516306003
2013-02-28 00:00:00+00:00,14.8134980197,-0.1675442794329629,14.792594611504342,0.1458972091942054,53.733049821007064,46.29736118725277
2013-03-01 00:00:00+00:00,14.7957402901,-0.11987532975928916,14.79416745080217,0.01301093971745812,49.69764539522934,47.1140847773169
2013-03-04 00:00:00+00:00,14.7318124636,-0.43206913102397104,14.762989957201086,-0.20952909565325645,35.35826747511049,40.99004723827491
2013-03-05 00:00:00+00:00,15.0713402532,2.3047251683316006,14.917165105200542,1.0475980363391721,80.40352587407513,78.2187854798605
2013-03-06 00:00:00+00:00,15.4243639174,2.342350834558604,15.17076451130027,1.6949744354488883,90.60938851573384,78.49852549558517
2013-03-07 00:00:00+00:00,15.4861608163,0.40064471527598844,15.328462663800135,1.0478095753624384,91.7390673330891,39.36389999626877
2013-03-08 00:00:00+00:00,15.5060494735,0.1284285849535216,15.417256068650067,0.58811908015798,92.19249046785541,35.62864227984682
2013-03-11 00:00:00+00:00,15.5415649326,0.22904260147433853,15.479410500625033,0.40858084081615925,93.19322566600921,38.84588640770739
2013-03-12 00:00:00+00:00,15.4137092796,-0.8226691041376966,15.446559890112518,-0.20704413166076865,55.073846311674814,21.778901630316234
2013-03-13 00:00:00+00:00,15.3249206317,-0.5760368662039883,15.385740260906259,-0.39154049893237847,38.61906808322439,32.249440772713385
2013-03-14 00:00:00+00:00,15.3355752694,0.06952491276177586,15.360657765153128,-0.1610077930853013,41.75165218547704,55.589784247633496
2013-03-15 00:00:00+00:00,15.5735288459,1.5516442801777552,15.467093305526564,0.695318243546227,78.50358265279164,79.68796928640941
2013-03-18 00:00:00+00:00,15.3924000041,-1.163055872514629,15.429746654813282,-0.233868814484201,45.63058917210561,31.992392060648964
2013-03-19 00:00:00+00:00,15.2858536266,-0.6922011997584576,15.35780014070664,-0.4630350071213293,33.31962186025362,41.15558581004022
2013-03-20 00:00:00+00:00,15.3924000041,0.6970260222470825,15.37510007240332,0.11699550756287663,52.53033628237448,63.13706581612975
2013-03-21 00:00:00+00:00,14.8028433819,-3.830179972213321,15.08897172715166,-1.8565922323252222,15.489998710842293,22.34152380924831
2013-03-22 00:00:00+00:00,14.7389155554,-0.43186180418667286,14.91394364127583,-1.1442270182559475,13.896255915106384,55.0466319279121
2013-03-25 00:00:00+00:00,14.8099464737,0.48192771057689043,14.861945057487915,-0.33114965383952855,26.500083364901773,61.57383545631124
2013-03-26 00:00:00+00:00,14.8063949278,-0.023980815233248798,14.834169992643957,-0.17756523453638867,26.212312376224684,54.94809191754172
2013-03-27 00:00:00+00:00,14.7957402901,-0.07195970222295678,14.814955141371978,-0.12476246837967273,24.99108268677992,54.11964857462634
2013-03-28 00:00:00+00:00,14.841910387,0.3120499278491229,14.82843276418599,0.09364372973472508,42.426366351703926,61.15147217825928
2013-04-01 00:00:00+00:00,14.7957402901,-0.31107920541307843,14.812086527142995,-0.10871773783917668,31.458064791616223,44.53692079586304
2013-04-02 00:00:00+00:00,15.0727608716,1.8722995677705745,14.942423699371497,0.881790914965699,79.39660625535244,77.15675615033683
2013-04-03 00:00:00+00:00,15.0564237604,-0.10838831279266214,14.999423729885748,0.3867013010865184,74.77052384379753,42.85758162726502
2013-04-04 00:00:00+00:00,15.0656577798,0.061329433515866505,15.032540754842874,0.22401536730119245,75.95816650027439,45.94602615659435
2013-04-05 00:00:00+00:00,14.7577569791,-2.0437262361875264,14.895148866971436,-0.909855434443167,22.644023003716956,22.909304309703135
2013-04-08 00:00:00+00:00,14.7291150442,-0.1940805431378423,14.812131955585718,-0.5519679887905047,20.624138344531957,53.58299597402924
2013-04-09 00:00:00+00:00,15.0155343936,1.9445794845141418,14.91383317459286,0.6963057478618185,66.05003792499934,72.53585241099661
2013-04-10 00:00:00+00:00,15.3735585804,2.3843586076603307,15.14369587749643,1.5403321777610746,83.62311190457162,75.60791844413475
2013-04-11 00:00:00+00:00,15.5275089807,1.0013972984516117,15.335602429098216,1.2708647381063432,87.7222103383292,49.49354289473846
2013-04-12 00:00:00+00:00,15.4236819665,-0.6686649760051844,15.379642197799107,0.3010998810505794,69.99811386178582,30.44552674440336
2013-04-15 00:00:00+00:00,15.0728182635,-2.2748375113158525,15.226230230649554,-0.9868688151326366,34.58107025773962,19.57655812990043
2013-04-16 00:00:00+00:00,15.1515835846,0.5225653207186598,15.188906907624776,-0.2321517472069884,44.10444933276901,58.38697019115629
2013-04-17 00:00:00+00:00,14.7720779466,-2.5047258979960962,14.980492427112388,-1.3684388226015423,21.492220599144236,32.740044498522884
2013-04-18 00:00:00+00:00,14.7362755279,-0.24236548730262042,14.858383977506193,-0.8054021549520813,20.038404421261873,54.931689695450025
2013-04-19 00:00:00+00:00,14.6503497231,-0.5830903788227815,14.754366850303096,-0.6942462668874314,16.114288394334373,51.121310219534735
2013-04-22 00:00:00+00:00,14.7434360117,0.6353861195083077,14.74890143100155,-0.029430073689561853,36.36456944311792,64.3765102712754
2013-04-23 00:00:00+00:00,14.9725714912,1.5541525009377999,14.860736461100775,0.762361213624119,66.35422519915453,72.73829440584954
2013-04-24 00:00:00+00:00,14.6002263369,-2.4868483982116385,14.730481399000388,-0.8622435922937597,30.880703584515903,28.540556668646047
2013-04-25 00:00:00+00:00,14.7792384303,1.2260912212543662,14.754859914650194,0.18192381448030326,50.11363575668559,61.109376910772916
2013-04-26 00:00:00+00:00,14.8007198815,0.145348837163084,14.777789898075095,0.16363632582169363,52.49308020106229,50.96724775566157
2013-04-29 00:00:00+00:00,15.0226948773,1.499758103505866,14.900242387687548,0.8316972146637798,72.68631007094437,62.62718235967602
2013-04-30 00:00:00+00:00,14.9797319749,-0.2859866538653999,14.939987181293773,0.27285528039918994,64.70183565332702,42.59497090557727
2013-05-01 00:00:00+00:00,14.5930658532,-2.581261950132996,14.766526517246888,-1.154203334866903,26.0584180918814,26.346890788072514
2013-05-02 00:00:00+00:00,14.843682784,1.7173699709238432,14.805104650623445,0.28158331802847014,53.22117227825888,64.44617397811041
2013-05-03 00:00:00+00:00,14.9152876213,0.48239266725089713,14.860196135961722,0.38198799263968364,59.584144865994794,52.6986755366614
2013-05-06 00:00:00+00:00,14.9009666538,-0.09601536265079202,14.88058139488086,0.1429863149944458,57.24803864431065,46.71618252892976
2013-05-07 00:00:00+00:00,14.5930658532,-2.0663142717756378,14.73682362404043,-0.961663978390596,25.281538421121013,29.566115271542706
2013-05-08 00:00:00+00:00,14.8365223002,1.6683022570381567,14.786672962120214,0.35331913932378034,55.05039193233502,65.53722688289072
2013-05-09 00:00:00+00:00,14.9152876213,0.5308880309433217,14.850980291710107,0.442103585133551,62.33318701965077,53.13923345097543
2013-05-10 00:00:00+00:00,15.1086206822,1.2962073934391194,14.979800486955053,0.8691554892863352,76.40711999051109,60.6520205425824
2013-05-13 00:00:00+00:00,15.2303489057,0.8056872037525808,15.105074696327527,0.837421346519458,82.56105836488823,52.5519956867926
2013-05-14 00:00:00+00:00,15.2303489057,0.0,15.167711801013763,0.418710673259729,82.56105836488821,39.541472660832575
2013-05-15 00:00:00+00:00,15.1873860033,-0.2820874470178425,15.177548902156882,0.06831161312094325,68.39412560632684,34.9917978864765
2013-05-16 00:00:00+00:00,17.1042474993,12.62140499743336,16.140898200728444,6.344858305277152,97.46826681373311,92.69145465131031
2013-05-17 00:00:00+00:00,17.3570125752,1.4777912674050153,16.748955387964223,3.911324786341084,97.85800664902197,43.116697239166065
2013-05-20 00:00:00+00:00,17.145778305,-1.216996699661399,16.94736684648211,1.3471640433398424,82.02871928267504,36.111015413236146
2013-05-21 00:00:00+00:00,17.1923214492,0.27145541819135754,17.069844147841057,0.8093097307656,82.94074614349833,43.69124525352656
2013-05-22 00:00:00+00:00,16.7125690389,-2.7905039567668433,16.891206593370526,-0.9905971130006217,46.4742659729205,31.982218676488223
2013-05-23 00:00:00+00:00,16.8342972625,0.7283633253311717,16.862751927935264,-0.13111689383472502,54.14713466547968,53.47550278346798
2013-05-24 00:00:00+00:00,16.8486182299,0.08507018247740916,16.85568507891763,-0.02302335567865793,55.27845162266634,49.21125843320177
2013-05-28 00:00:00+00:00,17.1063956444,1.5299617510624142,16.981040361658813,0.7534691976918781,73.15898619570122,59.966659902473815
2013-05-29 00:00:00+00:00,17.2710867703,0.9627459186816623,17.126063565979408,0.8581075581867702,80.59442714736839,53.31795572219897
2013-05-30 00:00:00+00:00,17.4500988637,1.036484245495406,17.288081214839703,0.947295901841088,86.63214650666168,54.30588000853445
2013-05-31 00:00:00+00:00,17.2675065285,-1.0463684855094524,17.27779387166985,-0.04953629183418218,58.692517994301475,28.632295530329806
2013-06-03 00:00:00+00:00,17.4572593475,1.098901098932914,17.367526609584925,0.5246824035493659,72.51178576100222,58.75626546672808
2013-06-04 00:00:00+00:00,17.44293838,-0.08203445463533798,17.405232494792465,0.22132397445701396,69.86574819544929,43.57045035735453
2013-06-05 00:00:00+00:00,17.414296445,-0.16420361280895523,17.40976446989623,0.028560180824029363,62.971989552561794,42.426018087361484
2013-06-06 00:00:00+00:00,17.578987571,0.94572368467567,17.494376020448115,0.4871419327498497,79.99612350002252,62.423981253316825
2013-06-07 00:00:00+00:00,17.5360246685,-0.2443991858261163,17.51520034447406,0.12137137346186669,67.7986384015013,40.0497595309293
2013-06-10 00:00:00+00:00,17.44293838,-0.5308289094004937,17.47906936223703,-0.2047287679693135,45.33367758594196,35.461283508911905
2013-06-11 00:00:00+00:00,17.2352843517,-1.1904761902851058,17.357176856968515,-0.6976024791272096,21.497969951759163,25.406074990152895
2013-06-12 00:00:00+00:00,17.1780004818,-0.33236393859871205,17.26758866938426,-0.5149832088629609,17.65651798143892,51.97711142437209
2013-06-13 00:00:00+00:00,17.4357778962,1.5006252600418435,17.35168328279213,0.4928210255894413,62.675502671220464,77.57335972502992
2013-06-14 00:00:00+00:00,17.2496053191,-1.0677618068338557,17.300644300946065,-0.2874703906222072,39.362060552990854,36.58667436646041
2013-06-17 00:00:00+00:00,17.686394827,2.5321710254805563,17.49351956397303,1.1223503174291745,73.73901270746762,69.95839176921024
2013-06-18 00:00:00+00:00,17.7723206318,0.48582995935850803,17.632920097886515,0.8040901383938412,77.50256986743835,48.28988170653362
2013-06-19 00:00:00+00:00,17.6720738595,-0.5640612409424373,17.652496978693257,0.120014448725702,61.96245764511069,38.994795621622174
2013-06-20 00:00:00+00:00,17.496642008,-0.992706644928909,17.57456949334663,-0.4363460981016035,40.59541745629071,34.88279064923453
2013-06-21 00:00:00+00:00,17.5295802332,0.18825455298761007,17.552074863273315,-0.12404577255699673,45.853960511386084,54.647072052677125
2013-06-24 00:00:00+00:00,17.224543626,-1.7401249952482045,17.38830924463666,-0.9320853839026007,20.56535914770928,31.34478059041442
2013-06-25 00:00:00+00:00,17.1887412074,-0.2078569939348407,17.28852522601833,-0.5699711889187207,18.74527511443642,54.47978234230482
2013-06-26 00:00:00+00:00,17.4608395893,1.5830035406133147,17.374682407659165,0.506516175847297,59.55318363566689,71.38468810250252
2013-06-27 00:00:00+00:00,17.6362714408,1.0047160138136002,17.505476924229583,0.7556160948304487,72.77594731444101,60.50167524476292
2013-06-28 00:00:00+00:00,17.4250371706,-1.1977263499774127,17.46525704741479,-0.221055127573482,45.75800910867921,32.337310543463104
2013-07-01 00:00:00+00:00,17.5467653942,0.6985822894276739,17.506011220807395,0.23876358092709593,58.93587480013718,57.742852626465535
2013-07-02 00:00:00+00:00,17.5359496357,-0.06163961423668596,17.520980428253697,0.08856198334520499,57.08742827667951,47.10670111316078
2013-07-03 00:00:00+00:00,17.7306332871,1.110197368516963,17.62580685767685,0.599379675931084,76.7640699644189,62.90524007315302
2013-07-05 00:00:00+00:00,17.7162122759,-0.08133387548258098,17.671009566788424,0.2590229002242515,73.0427171604105,43.21720291809918
2013-07-08 00:00:00+00:00,17.7558700567,0.22385022363922147,17.713439811744212,0.2414365619317365,77.53505289726091,49.312115592732944
2013-07-09 00:00:00+00:00,18.1380268539,2.152284264187876,17.925733332822105,1.1968604130598062,93.40971753697055,74.87444758305332
2013-07-10 00:00:00+00:00,18.3218947469,1.0137149673502766,18.123814039861053,1.1052876902050413,95.63552209760284,51.758050202452736
2013-07-11 00:00:00+00:00,18.6535780048,1.8103109011480267,18.388696022330528,1.457799295676534,97.71957240113052,63.56371579669888
2013-07-12 00:00:00+00:00,18.704051544,0.2705836874138168,18.546373783165265,0.8641914915451754,97.94369930316843,37.18227384130753
2013-07-15 00:00:00+00:00,18.6968410384,-0.038550501120238057,18.62160741078263,0.41282049521246866,95.92349217087695,33.05113203387047
2013-07-16 00:00:00+00:00,18.5382099151,-0.8484381023200482,18.579908662941314,-0.2178088035537898,57.07472908583552,23.006183620447292
2013-07-17 00:00:00+00:00,18.5454204207,0.038895371414082724,18.56266454182066,-0.08945671606985353,58.22819311106605,48.65285655559484
2013-07-18 00:00:00+00:00,18.6463674992,0.5443234836958633,18.60451602051033,0.22743338381300487,73.29681130880003,60.02877424131225
2013-07-19 00:00:00+00:00,18.6175254768,-0.15467904084394135,18.611020748655164,0.03637717148453176,63.48235176855412,41.12684429447141
2013-07-22 00:00:00+00:00,18.5454204207,-0.3872966694196456,18.57822058467758,-0.1754597489675569,42.26167332951715,35.54052614790235
2013-07-23 00:00:00+00:00,18.430052331,-0.6220839812896894,18.50413645783879,-0.39877186512862317,23.449208839245944,29.47837134031078
2013-07-24 00:00:00+00:00,18.4516838478,0.11737089190797523,18.477910152819394,-0.14070048661032397,31.966724068661012,60.94732359503599
2013-07-25 00:00:00+00:00,18.3867892973,-0.35169988297700794,18.432349725059694,-0.24620018479366595,21.301238953999416,42.782121739290645
2013-07-26 00:00:00+00:00,18.3839050951,-0.01568627427748215,18.40812741007985,-0.13094322953557405,20.837747232566976,56.66148072067607
2013-07-29 00:00:00+00:00,18.264210702,-0.6510825228960959,18.336169056039925,-0.39101287621583497,8.850208987937288,33.56633765445918
2013-07-30 00:00:00+00:00,18.5093678927,1.342281879573104,18.42276847436996,0.4756345016786345,67.06333642983954,77.23375315916091
2013-07-31 00:00:00+00:00,18.4516838478,-0.3116478381887444,18.43722616108498,0.08199333174494505,54.72739357153843,42.481157531534684
2013-08-01 00:00:00+00:00,18.6687200666,1.1762407192223767,18.55297311384249,0.6291170254836609,77.78726797903285,64.21155120976577
2013-08-02 00:00:00+00:00,18.8843141842,1.1548414504630067,18.718643649021246,0.8919792379733338,87.37164855898041,63.692434398359076
2013-08-05 00:00:00+00:00,18.9708402515,0.458190149009452,18.844741950260623,0.6750846934913929,89.97554715534996,45.66472474944609
2013-08-06 00:00:00+00:00,18.8987351954,-0.38008361856454176,18.87173857283031,0.14750053746342556,71.53728874017904,30.224031818684924
2013-08-07 00:00:00+00:00,18.833840645,-0.3433803888410303,18.852789608915153,-0.09793992568880236,56.03520344881716,31.739903723040374
2013-08-08 00:00:00+00:00,18.9347877235,0.5359877488758658,18.893788666207577,0.21902391159353168,70.79977004197717,61.667873163185114
2013-08-09 00:00:00+00:00,18.7855302574,-0.7882711350112315,18.83965946180379,-0.28462361170884987,40.57720450955679,30.982896407479902
2013-08-12 00:00:00+00:00,18.9924717683,1.1016005833451414,18.916065615051895,0.4084884858181458,68.52228926483659,66.58036916067017
2013-08-13 00:00:00+00:00,18.9784112824,-0.07403189048551528,18.947238448725948,0.16722829766631525,65.3883078029143,44.94802588286794
2013-08-14 00:00:00+00:00,19.0191506391,0.21466157569143274,18.983194543912973,0.190944936678874,71.12753612724316,50.8323121533116
2013-08-15 00:00:00+00:00,17.6549229783,-7.172915797803247,18.319058761106486,-3.4909854305621866,7.624319876077534,9.96170813776118
2013-08-16 00:00:00+00:00,17.4998971077,-0.8780886259914245,17.90947793440324,-2.1845370282768055,6.617281232704782,55.594704347710596
2013-08-19 00:00:00+00:00,17.4998971077,0.0,17.70468752105162,-1.0922685141384028,6.617281232704782,59.85224499506101
2013-08-20 00:00:00+00:00,17.5359496357,0.20601565699569502,17.62031857837581,-0.44312642857135387,12.65401517153331,61.16271193226072
2013-08-21 00:00:00+00:00,17.3556869956,-1.027960525918814,17.488002786987906,-0.735543477245084,8.522151168756597,47.29319669056335
2013-08-22 00:00:00+00:00,17.3124239619,-0.24927295422514373,17.40021337444395,-0.49240821573511384,7.625749411546776,56.60726285883401
2013-08-23 00:00:00+00:00,17.2042663778,-0.6247396917844927,17.302239876121973,-0.5585739537598033,5.468668873470332,50.19210252085521
2013-08-26 00:00:00+00:00,17.182634861,-0.12573344497799344,17.242437368560985,-0.3421536993688984,5.040896380078084,59.37111630213184
2013-08-27 00:00:00+00:00,16.9338724176,-1.4477549305585535,17.088154893080493,-0.894954314963726,2.1456679313046565,34.2719125695494
2013-08-28 00:00:00+00:00,16.9050303951,-0.17032148222649868,16.996592644090246,-0.5326378985951123,1.950808323669099,59.244444436220064
2013-08-29 00:00:00+00:00,16.9086356479,0.021326508830443736,16.95261414599512,-0.2556556948823343,3.5924249539173205,62.454596487375134
2013-08-30 00:00:00+00:00,16.8076885695,-0.5970149248117118,16.88015135774756,-0.42633530984702306,2.109224553433427,45.21759893756549
2013-09-03 00:00:00+00:00,16.9302671648,0.7293007292057618,16.905209261273782,0.1514827096793694,44.12662502428755,70.9837108721561
2013-09-04 00:00:00+00:00,17.1393718274,1.2350936967773007,17.02229054433689,0.6932882032283351,73.37229207515891,77.13533530651023
2013-09-05 00:00:00+00:00,17.0816877825,-0.33655868768646124,17.051989163418448,0.1783647577709369,60.30975740435997,38.79754148114297
2013-09-06 00:00:00+00:00,16.980740704,-0.5909666526244695,17.016364933709223,-0.20630094742676627,41.10166933219134,34.61960939119573
2013-09-09 00:00:00+00:00,17.2475294115,1.5711252656791075,17.13194717260461,0.6824121591261706,73.96859602913476,72.44532569220277
2013-09-10 00:00:00+00:00,17.4169762932,0.9824414712232388,17.274461732902306,0.8324268151747047,83.00417190276654,58.599141885037
2013-09-11 00:00:00+00:00,17.5756074166,0.9107845169539219,17.42503457475115,0.8716056660643133,88.57362711419421,56.623167076267016
2013-09-12 00:00:00+00:00,17.5143181189,-0.34871794895755537,17.469676346825576,0.261443858553379,74.43697403739432,29.974547430215612
2013-09-13 00:00:00+00:00,17.5359496357,0.12350761618664663,17.502812991262786,0.1924757373700128,76.42865648131811,44.62993549489026
2013-09-16 00:00:00+00:00,17.5792126694,0.2467105266539038,17.541012830331393,0.2195931320119583,80.89436661353947,48.821638531636225
2013-09-17 00:00:00+00:00,17.5720021638,-0.04101722719670464,17.556507497065695,0.08928795240762682,77.23617091139013,38.58819142681827
2013-09-18 00:00:00+00:00,17.8784486521,1.7439474764652019,17.71747807458285,0.9166177144364144,94.137408228454,79.18605364755548
2013-09-19 00:00:00+00:00,17.7486595511,-0.7259528134995974,17.733068812841424,0.09533245046840849,63.96592302076519,33.38196605525233
2013-09-20 00:00:00+00:00,17.6729492423,-0.42656916474185236,17.70300902757071,-0.16561835713672193,49.956140778075735,39.72150735303267
2013-09-23 00:00:00+00:00,17.5035023605,-0.958792329887026,17.603255694035354,-0.562205343511874,28.7885248064582,31.68190945965637
2013-09-24 00:00:00+00:00,17.4061605348,-0.5561277034456191,17.504708114417678,-0.5591665234787466,21.088580550607134,44.44301357462285
2013-09-25 00:00:00+00:00,17.6152651974,1.2013256006799145,17.559986655908837,0.3210795386005839,57.61629849758936,75.00676249175687
2013-09-26 00:00:00+00:00,17.1393718274,-2.7015963975963286,17.34967924165442,-1.1902584294978724,22.32992123542075,26.479923389272237
2013-09-27 00:00:00+00:00,16.8221095807,-1.851072780816898,17.08589441117721,-1.5206656051573852,13.848550612291517,39.313834934878095
2013-09-30 00:00:00+00:00,16.8949356873,0.432918988255504,16.990415049238607,-0.5438733084509406,23.812317736972943,64.36843263032155
2013-10-01 00:00:00+00:00,16.8797936255,-0.08962485611224702,16.935104337369303,-0.3167490822815938,22.983302349733634,56.38031102600666
2013-10-02 00:00:00+00:00,16.9378996277,0.3442340794511889,16.93650198253465,0.013742498584797536,35.84056940257076,62.21954627228466
2013-10-03 00:00:00+00:00,16.7091072442,-1.3507718697649884,16.822804613367325,-0.6685146855900954,18.046638162953464,34.86685291633971
2013-10-04 00:00:00+00:00,16.7200021196,0.06520321666965145,16.77140336648366,-0.301655734460222,20.85337298453583,58.00218018403244
2013-10-07 00:00:00+00:00,16.6255798661,-0.5647263249405565,16.698491616291832,-0.43319102970038925,14.429169417503788,46.888300334202675
2013-10-08 00:00:00+00:00,16.4403669842,-1.114023591307356,16.569429300245915,-0.7736073105038725,7.568712187598906,37.49183013147522
2013-10-09 00:00:00+00:00,16.3423131056,-0.5964214709698212,16.455871202922957,-0.6850143907368469,5.494251840665207,51.28942465729753
2013-10-10 00:00:00+00:00,16.7127388693,2.266666666501882,16.58430503611148,0.7908261378825175,62.98451299145545,82.79663437735142
2013-10-11 00:00:00+00:00,16.9088466266,1.17340286851626,16.74657583135574,0.9821145031993888,75.04151108054812,60.414203673625664
2013-10-14 00:00:00+00:00,16.9524261282,0.2577319586744897,16.849500979777872,0.6199232309369392,77.48599521798904,45.09783089271728
2013-10-15 00:00:00+00:00,16.8362141239,-0.6855184232697153,16.842857551838936,-0.032797596166388054,55.674506711079026,32.403965991362156
2013-10-16 00:00:00+00:00,16.7018439939,-0.7981018120294281,16.772350772869466,-0.41544970409790805,37.41042797611787,30.849351051877683
2013-10-17 00:00:00+00:00,16.5464104382,-0.9306370946631337,16.659380605534732,-0.6730433993805209,23.84025082790528,28.439986553880686
2013-10-18 00:00:00+00:00,16.677148943,0.7901321273777295,16.668264774267364,0.0585443639986043,47.75204365217313,71.61481352763168
2013-10-21 00:00:00+00:00,16.6546328672,-0.13501154110306945,16.661448820733682,-0.03823358855223258,44.16951469821779,48.17479763876512
2013-10-22 00:00:00+00:00,16.4512618596,-1.2211077195254494,16.55635534016684,-0.629670654038841,21.904609283477143,30.56048649614971
2013-10-23 00:00:00+00:00,16.164363474,-1.743929359634988,16.360359407083422,-1.1868000068369144,10.59900667760205,24.1773865200374
2013-10-24 00:00:00+00:00,16.2511593147,0.5369579868678809,16.305759360891713,-0.3249210099845168,27.564665955783017,67.96441961364962
2013-10-25 00:00:00+00:00,16.3096284794,0.35978457639702643,16.30769392014586,0.017431783206254825,39.219630732467756,63.67959518040947
2013-10-28 00:00:00+00:00,16.3786293569,0.42306835859045044,16.34316163852293,0.22025007089835263,52.69369245190494,64.8663468986681
2013-10-29 00:00:00+00:00,16.5783687394,1.2195121957250477,16.460765188961464,0.7198811333117001,75.89582267204004,78.26999472540045
2013-10-30 00:00:00+00:00,16.4912097361,-0.5257393213414119,16.475987462530732,0.09707090598514412,57.45190888691312,34.7250961338408
2013-10-31 00:00:00+00:00,16.3858926072,-0.6386258533202516,16.430940034865365,-0.2707774736675537,39.884228511903856,32.946697044121194
2013-11-01 00:00:00+00:00,16.3895242324,0.02216312096665618,16.410232133632682,-0.12430717635044877,40.820229917293545,53.745940592143555
2013-11-04 00:00:00+00:00,16.4004191078,0.06647462882700683,16.40532562071634,-0.02891627376172097,44.69515875918741,55.145459520293954
2013-11-05 00:00:00+00:00,16.7526867458,2.147918511621816,16.57900618325817,1.0595011189300474,86.75538339783067,85.67820399155751
2013-11-06 00:00:00+00:00,16.9088466266,0.932148276688527,16.743926404929084,0.9958246978092872,91.20370517752079,53.669640836129815
2013-11-07 00:00:00+00:00,16.785371372,-0.7302405499719611,16.764648888464542,0.13279207391866304,65.22264230480691,30.386278311583983
2013-11-08 00:00:00+00:00,17.0759013828,1.730852445032216,16.920275135632274,0.9318222594754395,82.65830191387089,64.54418132552429
2013-11-11 00:00:00+00:00,17.028690256,-0.2764780947233314,16.974482695816135,0.32767208237605405,73.65709009079434,40.332198010401896
2013-11-12 00:00:00+00:00,17.2356928887,1.2156110046517732,17.105087792258068,0.7716415435139137,84.65048637577398,57.92869951116205
2013-11-13 00:00:00+00:00,17.4281690208,1.11672987760294,17.266628406529033,0.9441857105584268,90.29770733304707,56.27886076781902
2013-11-14 00:00:00+00:00,15.5179342001,-10.960616794685606,16.392281303314515,-5.008215542063589,13.94132491100671,9.051080560516027
2013-11-15 00:00:00+00:00,15.6414094546,0.7956938913892708,16.016845378957257,-2.1062608253371593,20.46248789584817,59.12962200236611
2013-11-18 00:00:00+00:00,15.463459823,-1.137682841923593,15.740152600978629,-1.6219718336303761,17.58233597667289,52.05858400335619
2013-11-19 00:00:00+00:00,15.5578820765,0.6106153123608182,15.649017338739315,-0.5056782606347789,25.8852430322189,58.74965878798396
2013-11-20 00:00:00+00:00,15.4198803214,-0.8870214751688477,15.534448830069657,-0.6963498679018133,21.20251652876059,49.81588177749192
2013-11-21 00:00:00+00:00,15.5941983279,1.1304757421370937,15.564323578984828,0.2170629371176402,41.31696101210716,61.611664105589355
2013-11-22 00:00:00+00:00,15.5869350776,-0.04657661873521679,15.575629328292415,0.0852431591912117,40.668132473953314,51.10032169242071
2013-11-25 00:00:00+00:00,15.4489333225,-0.885368126658348,15.512281325396208,-0.4000624837335681,28.094360455767877,43.21868680317347
2013-11-26 00:00:00+00:00,15.4053538209,-0.2820874470118251,15.458817573148103,-0.3410749653726966,24.505447695271332,51.319112087144745
2013-11-27 00:00:00+00:00,15.4489333225,0.2828854313029705,15.453875447824052,-0.02909476703486305,36.64531046583262,59.44617548541502
2013-11-29 00:00:00+00:00,15.434406822,-0.09402914878817725,15.444141134912027,-0.06156195791152015,33.91821026750528,50.93653601873905
2013-12-02 00:00:00+00:00,15.3181948177,-0.7529411764263694,15.381167976306013,-0.4072515671689448,17.917459352622362,37.03470773744001
2013-12-03 00:00:00+00:00,15.4416700722,0.8060692266253611,15.411419024253007,0.19940882972820814,53.145057946322005,68.01558682419035
2013-12-04 00:00:00+00:00,15.4336804969,-0.05174035750437067,15.422549760576503,0.07383423611191874,51.019826424951226,48.37203516780516
2013-12-05 00:00:00+00:00,15.1874563128,-1.5953691936894443,15.305003036688252,-0.7607674787887628,17.910526759763112,27.18187546036156
2013-12-06 00:00:00+00:00,15.4561965728,1.769488283390186,15.380599804744126,0.5043604023007116,60.19788018882136,70.06287949088797
2013-12-09 00:00:00+00:00,15.4126170712,-0.28195488712075,15.396608437972063,0.11120275758998077,53.49478662577607,45.538858757912216
2013-12-10 00:00:00+00:00,15.4053538209,-0.0471253536401095,15.400981129436031,0.032038701974935635,52.04594474904921,48.62650333646848
2013-12-11 00:00:00+00:00,15.165666562,-1.5558698728154075,15.283323845718016,-0.761915585420236,22.235700235663757,31.445377295236266
2013-12-12 00:00:00+00:00,14.896926302,-1.7720306516125772,15.090125073859008,-1.2669731185164066,11.325725860866138,29.226145933415612
2013-12-13 00:00:00+00:00,14.7008185448,-1.3164310088160325,14.895471809329504,-1.2917020636662195,7.3684142301139675,42.1367443873304
2013-12-16 00:00:00+00:00,15.0204015566,2.173913043182507,14.957936682964752,0.4411054897581438,50.039895330155986,81.31201855652519
2013-12-17 00:00:00+00:00,15.1947195631,1.160541586342645,15.076328123032376,0.8008235380503943,63.715569702974804,62.796485953880975
2013-12-18 00:00:00+00:00,15.2528255652,0.38240917746918957,15.164576844116187,0.5916163577597919,68.08380943867175,49.748641092900435
2013-12-19 00:00:00+00:00,15.3036683171,0.3333333334382349,15.234122580608094,0.4624748455990134,72.43876859766287,48.789602129262775
2013-12-20 00:00:00+00:00,15.3472478187,0.28476506872083807,15.290685199654046,0.37361995715992574,76.55232367570589,47.43221263863139
2013-12-23 00:00:00+00:00,15.6668308306,2.082347373778659,15.478758015127024,1.2279836654692924,91.12424338186166,79.34110562545034
2013-12-24 00:00:00+00:00,15.7539898338,0.5563282334660968,15.616373924463513,0.8921559494676946,92.92337511205494,44.75075957578802
2013-12-26 00:00:00+00:00,15.8338855868,0.5071461505490094,15.725129755631755,0.6996510500083519,94.46583083673535,43.82704656719196
2013-12-27 00:00:00+00:00,15.9936770927,1.0091743117887075,15.859403424165878,0.8544126808985297,96.65385630499992,57.31684789660377
2013-12-30 00:00:00+00:00,16.1607318489,1.0445049955163155,16.010067636532938,0.9494588382074226,97.9344876965254,58.372151644370746
2013-12-31 00:00:00+00:00,16.2914703537,0.8089887637662718,16.15076899511647,0.8792238009868472,98.57479944149645,46.80186289502861
2014-01-02 00:00:00+00:00,16.1026258467,-1.1591618368388068,16.126697420908236,-0.13996901792597982,58.9678672791717,13.430820287660593
2014-01-03 00:00:00+00:00,16.087987096,-0.09090909047607676,16.107342258454118,-0.11543905420102829,56.33589438163916,45.22723953697743
2014-01-06 00:00:00+00:00,16.1099452221,0.1364877157656208,16.10864374027706,0.010524330782296254,60.32074479336261,50.97660479100825
2014-01-07 00:00:00+00:00,16.3295264837,1.3630168108751617,16.21908511198853,0.6867705708287289,83.25007973548466,73.49024546322894
2014-01-08 00:00:00+00:00,16.3170835455,-0.0761990141748492,16.268084328744266,0.30528577832693987,79.35239324911592,40.640135750847676
2014-01-09 00:00:00+00:00,16.1685002252,-0.9105997397493182,16.218292276972132,-0.3026569807111892,43.15887802121023,29.264263027173957
2014-01-10 00:00:00+00:00,16.2636521052,0.5885015844060648,16.240972191086065,0.14292230184743782,60.475847055588446,59.67997316438379
2014-01-13 00:00:00+00:00,16.241693979,-0.13501350162905545,16.24133308504303,0.003954400109191181,54.706612158996634,45.512369799430495
2014-01-14 00:00:00+00:00,16.4027202375,0.9914375847014378,16.322026661271515,0.4976959924053145,77.89888028157512,64.9462137467361
2014-01-15 00:00:00+00:00,16.6735371267,1.651048638754804,16.49778189398576,1.0743723155800593,90.35622883120047,73.30814208938932
2014-01-16 00:00:00+00:00,16.6735371267,0.0,16.58565951034288,0.5371861577900297,90.35622883120047,38.67192303989284
2014-01-17 00:00:00+00:00,16.6442596252,-0.17559262487332195,16.61495956777144,0.18079676645835385,79.46166639541717,35.9614033965724
2014-01-21 00:00:00+00:00,16.7101340037,0.39577836433326574,16.66254678573572,0.2882875653958098,85.40207775187092,52.28497307040403
2014-01-22 00:00:00+00:00,16.7174533791,0.043802014983129745,16.69000008241786,0.16604479018946977,86.07342083443736,42.31759623694247
2014-01-23 00:00:00+00:00,16.5125108683,-1.225919439716916,16.601255475358933,-0.5299373247637231,29.36120407087099,20.83020314183387
2014-01-24 00:00:00+00:00,16.2490133544,-1.5957446811184495,16.425134414879466,-1.0628410029410862,12.930459461072548,17.04820901414017
2014-01-27 00:00:00+00:00,16.1026258467,-0.9009009009175228,16.263880130789733,-0.9818709519293045,8.818189837807841,45.12655218074009
2014-01-28 00:00:00+00:00,15.9196414621,-1.1363636362295648,16.091760796444866,-1.0591172940794347,5.52412380902275,38.50201634259949
2014-01-29 00:00:00+00:00,15.8464477083,-0.45977011463639306,15.969104252372432,-0.7594437043579139,4.512685928044668,62.33431995513854
2014-01-30 00:00:00+00:00,16.0850593458,1.505773671754973,16.02708179908622,0.3731649836985296,49.61977347402577,85.99109385039584
2014-01-31 00:00:00+00:00,16.0367514683,-0.3003276298922386,16.031916633693108,0.036418676903145486,43.39458828141804,46.090873871051166
2014-02-03 00:00:00+00:00,15.7732539544,-1.643085349429152,15.902585294046553,-0.8033333362630033,21.413854892182133,30.373893906448252
2014-02-04 00:00:00+00:00,15.956238339,1.1600928072863281,15.929411816523277,0.17837973551166242,48.5570610479673,66.32875573436266
2014-02-05 00:00:00+00:00,16.087987096,0.8256880738487071,16.00869945626164,0.5020339046801847,62.53316032941198,60.7180640121349
2014-02-06 00:00:00+00:00,16.4612752406,2.3202911736099674,16.23498734843082,1.4111625391450762,82.61114505517547,74.93334945697617
2014-02-07 00:00:00+00:00,16.5930239975,0.8003557134811601,16.41400567296541,1.1057591263131181,86.45416354167781,48.28123778010794
2014-02-10 00:00:00+00:00,16.7101340037,0.7057785622297752,16.562069838332704,0.9057688442714467,89.53725203071622,46.72990932894015
2014-02-11 00:00:00+00:00,16.622301499,-0.5256241791989913,16.592185668666353,0.19007233253622768,71.28451879066216,28.712266207818104
2014-02-12 00:00:00+00:00,16.7247727544,0.616468516144808,16.658479211533177,0.40327042434051785,78.8350747759825,53.601050619185195
2014-02-13 00:00:00+00:00,16.3002489821,-2.5382932165001426,16.47936409681659,-1.0675113960798124,29.929707576527,21.90847621031784
2014-02-14 00:00:00+00:00,16.5125108683,1.3022002696590373,16.495937482558297,0.11734443678961248,52.17902633557162,62.45026112795172
2014-02-18 00:00:00+00:00,16.4027202375,-0.6648936171831599,16.449328860029148,-0.2737745901967737,41.86518734447036,44.643453524032935
2014-02-19 00:00:00+00:00,16.3075683575,-0.5800981704392139,16.37844860876457,-0.42693638031799375,33.306663608690386,45.6455864351349
2014-02-20 00:00:00+00:00,16.3222071083,0.0897666070077685,16.350327858532285,-0.16858488665511262,36.311261582311616,55.24607501954047
2014-02-21 00:00:00+00:00,16.1977777267,-0.7623318389136546,16.274052792616143,-0.46545836278438363,23.0635615956335,41.32038388392773
2014-02-24 00:00:00+00:00,16.1904583513,-0.045187528335666194,16.23225557195807,-0.2553229455600249,22.34426571699128,55.485617121673535
2014-02-25 00:00:00+00:00,15.9855158406,-1.2658227843410197,16.108885706279036,-0.7605728649505223,9.673357747553354,34.32833681757924
2014-02-26 00:00:00+00:00,16.051390219,0.4120879116874976,16.08013796263952,-0.17424247663151238,29.067222123880374,63.2346355471457
2014-02-27 00:00:00+00:00,16.0440708436,-0.04559963529724431,16.06210440311976,-0.10992105596437834,28.0629965396311,53.584278697759665
2014-02-28 00:00:00+00:00,15.956238339,-0.5474452553607123,16.00917137105988,-0.32868315566254536,17.3028543814837,42.83301924472312
2014-03-03 00:00:00+00:00,15.7878927052,-1.0550458712347721,15.898532038129941,-0.6918645134486587,8.230221489001964,32.83697169385152
2014-03-04 00:00:00+00:00,15.9708770898,1.1590171533135019,15.93470456396497,0.23357631993242156,50.52594848567344,73.42071183721012
2014-03-05 00:00:00+00:00,16.0074739667,0.22914757088308146,15.971089265332486,0.2313619454077515,56.535629966378295,53.17771550566483
2014-03-06 00:00:00+00:00,15.9708770898,-0.22862368526185284,15.970983177566243,0.0013691300729493372,47.82210422852856,44.18228220057757
2014-03-07 00:00:00+00:00,15.9050027113,-0.4124656280904637,15.937992944433121,-0.20554824900875718,33.7694254550563,40.096406039561934
2014-03-10 00:00:00+00:00,15.8757252098,-0.18407731222327417,15.906859077116561,-0.19481278061601567,28.2376160731405,48.9020491307943
2014-03-11 00:00:00+00:00,15.8171702067,-0.3688335639864482,15.862014641908281,-0.28182317230123194,18.93320445308698,41.4996983767276
2014-03-12 00:00:00+00:00,15.9708770898,0.9717723277384405,15.91644586585414,0.3449745777186043,64.71402510156294,77.90389866417344
2014-03-13 00:00:00+00:00,15.7512958282,-1.3748854265507982,15.83387084702707,-0.514955424416097,29.280576988017017,29.577064387609646
2014-03-14 00:00:00+00:00,15.626793253,-0.7904275086821677,15.730332050013535,-0.6526914665491323,19.977443798198742,42.82702770828398
2014-03-17 00:00:00+00:00,15.7439764529,0.7498864162517993,15.737154251456769,0.04859747485133348,44.75745758443197,67.21330300783585
2014-03-18 00:00:00+00:00,15.8318089575,0.557880055669302,15.784481604478383,0.30323876526031773,59.023540110530874,62.24872017073994
2014-03-19 00:00:00+00:00,15.8318089575,0.0,15.80814528098919,0.15161938263015887,59.023540110530874,47.08973181504607
2014-03-20 00:00:00+00:00,15.9781964652,0.9246417013556218,15.893170873094595,0.5381305419928903,79.18303753925137,67.04292343239223
2014-03-21 00:00:00+00:00,15.8391283329,-0.8703618872310526,15.866149602997297,-0.1661156726190811,46.54901427648202,31.953587900868214
2014-03-24 00:00:00+00:00,15.7878927052,-0.32347504624717915,15.827021154098649,-0.24479535943313013,37.91382663476761,45.08805456259104
2014-03-25 00:00:00+00:00,16.3514846098,3.569772832408291,16.089252881949324,1.6624887364875804,84.71112454202338,82.06175738195286
2014-03-26 00:00:00+00:00,16.336845859,-0.08952551495676753,16.213049370474664,0.7864816107654065,82.29440245708737,42.098080775040174
2014-03-27 00:00:00+00:00,16.1172645975,-1.3440860212256434,16.16515698398733,-0.27880220523011845,50.12138276127452,33.66652114530526
2014-03-28 00:00:00+00:00,16.3441652344,1.4078110806420074,16.254661109193663,0.5645044377059445,68.9418070666774,60.01569519870989
2014-03-31 00:00:00+00:00,16.4063799252,0.38065382910505985,16.33052051719683,0.47257913340550217,73.11421046880766,49.09670280011662
2014-04-01 00:00:00+00:00,17.0468252714,3.90363595820602,16.688672894298413,2.188107545805761,91.2549201475968,73.70716883690632
2014-04-02 00:00:00+00:00,16.9656499129,-0.4761904765703928,16.827161403599206,0.8559585346176841,80.87954988372906,38.7607018791709
2014-04-03 00:00:00+00:00,17.0394456933,0.43497172686493,16.9333035484496,0.6454651307413071,83.44608192239262,46.65347683889642
2014-04-04 00:00:00+00:00,16.7602762561,-1.638371589222365,16.8467899022748,-0.4964532292405289,47.36716127063646,32.400216631924586
2014-04-07 00:00:00+00:00,16.8623358204,0.6089372438766061,16.8545628613374,0.05624200731803858,57.45453214431601,54.834762882679996
2014-04-08 00:00:00+00:00,16.9287520227,0.3938730850067129,16.891657442018698,0.22505754616237575,64.15963190322675,52.341244520287155
2014-04-09 00:00:00+00:00,17.0615844274,0.784655623296282,16.97662093470935,0.5048565847293289,75.66507244945943,57.59674591663736
2014-04-10 00:00:00+00:00,16.7147442596,-2.032871971978134,16.845682597154674,-0.7640076936244026,33.51980189110963,26.268666430637992
2014-04-11 00:00:00+00:00,16.5745322768,-0.83885209741974,16.71010743697734,-0.8014298955220713,25.056777205086863,45.21198383905092
2014-04-14 00:00:00+00:00,16.8623358204,1.7364203031107417,16.78622162868867,0.4674952037943352,57.83470833163576,70.0808528174534
2014-04-15 00:00:00+00:00,16.8918541325,0.17505470424976632,16.839037880594333,0.32127495402205075,60.49304150975457,49.60411209317338
2014-04-16 00:00:00+00:00,16.9951682251,0.611620795382195,16.917103052847168,0.4664478747021229,70.31759282914898,55.10571414769325
2014-04-17 00:00:00+00:00,17.1280006298,0.7815892313664863,17.022551841323583,0.6240185530343045,79.93883292640601,57.796342411737804
2014-04-21 00:00:00+00:00,17.2682126126,0.8186126672371508,17.145382226961793,0.7213156101357276,86.74273678672147,58.60691173400364
2014-04-22 00:00:00+00:00,17.356767549,0.5128205123869467,17.2510748879809,0.6170680612613372,89.96655728643145,47.34200506085109
2014-04-23 00:00:00+00:00,17.342008393,-0.08503401314982062,17.29654164049045,0.2660170240557583,84.81062456430739,30.275853532466876
2014-04-24 00:00:00+00:00,17.2165555663,-0.723404255476201,17.256548603395224,-0.22869361571022137,49.00378678490588,19.19383165169022
2014-04-25 00:00:00+00:00,16.973029491,-1.4144877839367687,17.11478904719761,-0.821590699823495,21.98129874080771,12.038351364669257
2014-04-28 00:00:00+00:00,16.9877886471,0.08695652186210268,17.051288847148804,-0.36731708898069615,25.705716639641608,60.286728866524214
2014-04-29 00:00:00+00:00,17.0911027396,0.6081668111501681,17.0711957933744,0.12042486108473599,50.511512586704214,69.10956778472713
2014-04-30 00:00:00+00:00,17.0542048494,-0.2158894646072551,17.0627003213872,-0.04773230176125956,42.84749588201139,45.26209036007012
2014-05-01 00:00:00+00:00,16.980409069,-0.4327131112336624,17.0215546951936,-0.24022270649746097,29.444720065656018,39.83672567001503
2014-05-02 00:00:00+00:00,16.9287520227,-0.3042155585892714,16.975153358946798,-0.27221913254336616,22.16485283216871,45.63010896615771
2014-05-05 00:00:00+00:00,16.9398213898,0.0653879688541581,16.9574873743734,-0.10341558184460403,27.8950013898283,61.58864208808249
2014-05-06 00:00:00+00:00,16.7664013059,-1.023742103942249,16.861944340136702,-0.5635788428934265,10.217771983016506,26.808131497657314
2014-05-07 00:00:00+00:00,16.8770949765,0.6602112676442173,16.869519658318353,0.048316212375395406,44.12148788363774,68.3113026854038
2014-05-08 00:00:00+00:00,16.9863127314,0.6471359855003467,16.92791619485918,0.34772609893787104,64.1547078904731,67.86311029977544
2014-05-09 00:00:00+00:00,16.9877886471,0.008688852744787035,16.95785242097959,0.17820747584132904,64.41332242971558,45.836471992359016
2014-05-12 00:00:00+00:00,17.1132414737,0.738488270640314,17.035546947339796,0.4583478732408215,81.46410939642531,65.2022644776142
2014-05-13 00:00:00+00:00,16.8697153984,-1.4230271668535521,16.9526311728699,-0.4823396468063653,34.01246028187311,25.189663508330757
2014-05-14 00:00:00+00:00,16.8327437124,-0.21916010511657813,16.89268744263495,-0.3507498759614717,30.02915855396889,50.544474387749744
2014-05-15 00:00:00+00:00,17.8438196996,6.006602396347205,17.368253571117478,2.8279262601928665,87.94455887775318,86.37243994754297
2014-05-16 00:00:00+00:00,17.9840316824,0.7857733666920108,17.67614262675874,1.8068498134424387,89.7153212697215,45.19120188637246
2014-05-19 00:00:00+00:00,17.9692725263,-0.08206811665287805,17.822707576529368,0.8623908483947803,87.68177448697433,40.38960189912479
2014-05-20 00:00:00+00:00,17.7995422314,-0.9445585215070884,17.811124903964682,-0.04108383655615405,63.03506871001566,34.866911581271616
2014-05-21 00:00:00+00:00,18.0652070408,1.4925373132986808,17.938165972382343,0.7257267383712633,77.7313888888794,58.76477523110887
2014-05-22 00:00:00+00:00,17.9914112604,-0.40849673205147763,17.96478861639117,0.15861500315989285,66.68466642022582,41.1142303070441
2014-05-23 00:00:00+00:00,18.094725353,0.5742411815542248,18.029756984695588,0.3664280923570588,74.34202097107901,52.238220835753154
2014-05-27 00:00:00+00:00,18.2349373357,0.7748776506118826,18.132347160197796,0.5706528714844707,82.52060103187603,54.85019886829447
2014-05-28 00:00:00+00:00,18.3161126942,0.44516390161142283,18.2242299271989,0.5079083865479468,86.31012931730272,48.33445121560898
2014-05-29 00:00:00+00:00,18.2127986016,-0.5640612411863866,18.21851426439945,-0.028076427319219888,61.04443054748537,31.276002047191348
2014-05-30 00:00:00+00:00,18.1685211334,-0.24311183123779667,18.193517698899726,-0.13559412927850828,51.37621872239168,41.17877062355937
2014-06-02 00:00:00+00:00,18.286594382,0.64987814766575,18.240056040449865,0.25714200919362085,70.23373378647827,63.2684283772789
2014-06-03 00:00:00+00:00,18.2091088126,-0.42372881347590985,18.224582426524933,-0.0832934021411445,50.828993979592695,37.72167022543831
2014-06-04 00:00:00+00:00,18.0799661969,-0.7092198581988729,18.152274311712468,-0.3962566301700087,30.063518424013438,32.48899834990966
2014-06-05 00:00:00+00:00,18.2275577577,0.8163265306619261,18.189916034706236,0.2100349502459587,58.8693004249393,68.03270300975919
2014-06-06 00:00:00+00:00,18.3234922722,0.5263157893957038,18.256704153453118,0.3681753698208312,70.65421109268776,59.152175108654255
2014-06-09 00:00:00+00:00,18.3013535381,-0.12082158668841325,18.27902884577656,0.12367689156620898,64.27894788955494,41.16615654254764
2014-06-10 00:00:00+00:00,18.4489450989,0.8064516129517196,18.36398697233828,0.4650642522589643,81.22236415556549,64.41928765477873
2014-06-11 00:00:00+00:00,18.478463411,0.15999999968430156,18.42122519166914,0.31253212597163293,83.56152232434624,45.58050219191439
2014-06-12 00:00:00+00:00,18.1980394455,-1.5175718849710473,18.30963231858457,-0.6025198794997072,30.110699895174953,21.315799270025227
2014-06-13 00:00:00+00:00,18.2275577577,0.1622060018520166,18.268595038142287,-0.2201569388238453,36.52190388738057,56.27617090850068
2014-06-16 00:00:00+00:00,18.102104931,-0.6882591094630075,18.185349984571143,-0.4542080241434264,23.045084704147136,42.07782658626011
2014-06-17 00:00:00+00:00,18.0799661969,-0.12229922533532056,18.13265809073557,-0.2882536247393735,20.994390710062913,53.73056004731023
2014-06-18 00:00:00+00:00,18.1759007114,0.5306122448196282,18.154279401067786,0.12117931004012736,49.946083952135055,65.67882856429772
2014-06-19 00:00:00+00:00,18.2349373357,0.32480714566718305,18.194608368383893,0.22299322785365522,62.59783586487416,58.53223724924703
2014-06-20 00:00:00+00:00,18.3234922722,0.48563334696318794,18.259050320291948,0.3543132874084216,76.15745986811748,63.22298384266778
2014-06-23 00:00:00+00:00,18.2275577577,-0.5235602093469294,18.243304038995973,-0.08462346096925388,47.92427662875837,30.620431638647958
2014-06-24 00:00:00+00:00,18.102104931,-0.6882591094630075,18.172704484997986,-0.3864412852161307,27.74706157787805,27.188284451134095
2014-06-25 00:00:00+00:00,18.2423169138,0.7745617613777345,18.207510699398995,0.1940602380808019,57.6435890946882,70.79701922456289
2014-06-26 00:00:00+00:00,18.1906598675,-0.2831715211620067,18.1990852834495,-0.04455564154060242,46.91560233899088,42.91759185828494
2014-06-27 00:00:00+00:00,18.2275577577,0.2028397566045781,18.213321520574752,0.07914205753198783,55.74096191397393,55.103166724423964
2014-06-30 00:00:00+00:00,18.3382514283,0.6072874494293501,18.275786474437375,0.343214753480669,74.68209099139501,64.54967365670407
2014-07-01 00:00:00+00:00,18.5079817232,0.9255533198659682,18.391884098818686,0.6343840366733187,87.24094829832526,71.6023884001348
2014-07-02 00:00:00+00:00,18.6112958158,0.5582137163583356,18.501589957309342,0.5962988765158271,91.21828960771401,53.25841973154211
2014-07-03 00:00:00+00:00,18.7302653455,0.6392329200366698,18.61592765140467,0.6177658982762484,94.29182942754159,56.91056517886463
2014-07-07 00:00:00+00:00,18.760007728,0.15879317218079336,18.687967689702337,0.3882795352285209,94.95409215971252,33.575488475664095
2014-07-08 00:00:00+00:00,18.6410381982,-0.6341656758618197,18.66450294395117,-0.12294307031664942,55.983094467026675,16.661743912358823
2014-07-09 00:00:00+00:00,18.9161552358,1.4758675706515456,18.790329089875584,0.6764622501674481,81.83852947302277,72.31931155559971
2014-07-10 00:00:00+00:00,18.9161552358,0.0,18.853242162837795,0.33823112508372405,81.83852947302277,42.523381016872236
2014-07-11 00:00:00+00:00,18.9756400007,0.3144654088449217,18.9144410817689,0.32634826696432284,85.87492621977252,49.21123893208316
2014-07-14 00:00:00+00:00,18.9161552358,-0.313479623864088,18.915298158784452,0.006434321550117417,64.40414245133151,36.49259996883232
2014-07-15 00:00:00+00:00,19.0871739349,0.9040880504952442,19.001236046842227,0.45526118602268084,82.87201570789041,63.74508002334833
2014-07-16 00:00:00+00:00,19.3176773989,1.207635372246152,19.159456722871113,0.8314482791344164,91.6404834050573,68.7585402141252
2014-07-17 00:00:00+00:00,19.0574315524,-1.347190146755517,19.10844413763556,-0.25787093381055026,49.08456295114069,25.041268753910764
2014-07-18 00:00:00+00:00,19.2656282296,1.0924697623997615,19.187036183617778,0.4172994142946056,67.30436460337386,60.769415195837965
2014-07-21 00:00:00+00:00,19.2210146559,-0.23157082223488334,19.20402541975889,0.09286429602986113,60.36150036373704,43.78144143335747
2014-07-22 00:00:00+00:00,19.295370612,0.3868471952763297,19.249698015879446,0.23985574565309542,68.48811752493148,52.98870960428202
2014-07-23 00:00:00+00:00,19.0946095305,-1.0404624276827423,19.172153773189724,-0.40030334101482345,37.41857490672042,33.81551694994905
2014-07-24 00:00:00+00:00,19.2061434647,0.5841121496715784,19.189148618944863,0.09190440432837749,54.58665918353572,59.08895710972729
2014-07-25 00:00:00+00:00,19.3102418032,0.5420054197310842,19.24969521107243,0.3169549120297308,67.18842701640476,58.224551742365946
2014-07-28 00:00:00+00:00,19.2730638252,-0.19252984182641653,19.261379518136216,0.06221253510165714,58.493100548291665,42.10649675880054
2014-07-29 00:00:00+00:00,19.1169163173,-0.8101851854806608,19.18914791771811,-0.3739863251895018,32.2217935447936,31.209290186011508
2014-07-30 00:00:00+00:00,19.0574315524,-0.31116297164605067,19.123289735059053,-0.34257464841777624,25.641052083069034,47.633502075888636
2014-07-31 00:00:00+00:00,18.760007728,-1.5606710882429597,18.941648731529526,-0.951622868330368,10.127819069956965,25.113389885553424
2014-08-01 00:00:00+00:00,18.5889890289,-0.9116131591180077,18.765318880214764,-0.9316180137241878,6.655044762654567,45.273447368779685
2014-08-04 00:00:00+00:00,18.7116763565,0.6600000000498207,18.738497618357382,-0.13580900683718355,31.814448750284193,72.32929909113854
2014-08-05 00:00:00+00:00,18.5666822421,-0.7748857538872111,18.652589930228693,-0.45534738036219735,21.52816602437775,43.12867390823535
2014-08-06 00:00:00+00:00,18.5369398596,-0.16019223096606083,18.59476489491435,-0.3077698056641291,19.580255317149888,54.84339061335365
2014-08-07 00:00:00+00:00,18.4848906904,-0.2807862009275741,18.539827792657174,-0.29427800329585163,15.822234832575306,51.70893419024431
2014-08-08 00:00:00+00:00,18.6112958158,0.6838294449079241,18.575561804228585,0.19477572080603622,50.45948708221068,71.35315229989197
2014-08-11 00:00:00+00:00,18.760007728,0.7990411504488204,18.667784766114295,0.4969084356274283,71.29977391548788,73.29908436494814
2014-08-12 00:00:00+00:00,18.7005229631,-0.3170828379309154,18.684153864607147,0.08991279884825645,56.93037799201483,36.88760224285209
2014-08-13 00:00:00+00:00,18.7377009412,0.198807157283043,18.71092740290357,0.1443599780656497,63.7747423137277,53.055690890785186
2014-08-14 00:00:00+00:00,18.2469516308,-2.6190476192356704,18.47893951685179,-1.2373438205850102,15.380392300241132,17.120680229413015
2014-08-15 00:00:00+00:00,18.1651600791,-0.4482477586115863,18.322049797975893,-0.8427957895982983,12.927870149631989,53.50830091531812
2014-08-18 00:00:00+00:00,18.3138719913,0.8186655749381488,18.31796089463795,-0.01206510733007471,39.31768044716882,66.41620290568234
2014-08-19 00:00:00+00:00,18.3213075869,0.04060089315647275,18.319634240768977,0.01426789291319902,40.66639213292772,52.88905837561489
2014-08-20 00:00:00+00:00,18.3733567562,0.28409090919478963,18.346495498484487,0.14917940105399433,51.89312509288962,57.000137793280174
2014-08-21 00:00:00+00:00,18.5071974772,0.7284500201893307,18.42684648784224,0.4388147106216625,72.18973451076552,65.29131861187281
2014-08-22 00:00:00+00:00,18.3287431825,-0.9642426678585281,18.37779483517112,-0.2627139786184328,39.15241101613248,31.06515824373076
2014-08-25 00:00:00+00:00,18.3659211606,0.20283975682249267,18.37185799788556,-0.029937110897970076,46.765679542412656,55.299448041504476
2014-08-26 00:00:00+00:00,18.4477127123,0.44534412940564483,18.40978535509278,0.20770350925383738,62.32257483512414,59.71370991061728
2014-08-27 00:00:00+00:00,18.4402771167,-0.040306328030803584,18.42503123589639,0.0836985906115169,59.93418935107971,46.052384965842776
2014-08-28 00:00:00+00:00,18.4774550947,0.2016129029120295,18.451243165298195,0.1426557467617732,68.87904304597363,53.92814253926448
2014-08-29 00:00:00+00:00,18.5815534333,0.5633802818974631,18.516398299299098,0.35301801432961816,83.93895436639576,65.29346212081289
2014-09-02 00:00:00+00:00,18.4997618816,-0.4401760702817281,18.50808009044955,-0.04357902797605498,53.453104185668515,32.22017184715553
2014-09-03 00:00:00+00:00,18.6187314114,0.6430868168001869,18.563405750924773,0.29975389441206596,74.03120025154122,62.761319338638636
2014-09-04 00:00:00+00:00,18.5220686684,-0.5191693293390198,18.542737209662384,-0.10970771746347693,48.10963751052254,36.37963672848836
2014-09-05 00:00:00+00:00,18.5889890289,0.3613006824349396,18.56586311928119,0.12579648248573133,61.946354867337014,56.94505163230121
2014-09-08 00:00:00+00:00,18.5518110509,-0.19999999968906002,18.558837085090595,-0.03710175860166434,50.683855862540476,43.49904517401185
2014-09-09 00:00:00+00:00,18.4848906904,-0.3607214428628658,18.521863887745297,-0.19891160073226505,33.995740848535775,39.49374428674555
2014-09-10 00:00:00+00:00,18.5369398596,0.28157682981069243,18.529401873672647,0.04133261453921369,52.31372945132492,61.013069735788235
2014-09-11 00:00:00+00:00,18.7228297499,1.0028078620740066,18.626115811786324,0.5220702383066101,80.82388739771662,75.61857046168417
2014-09-12 00:00:00+00:00,18.7079585587,-0.0794281174301692,18.66703718524316,0.22132106043822047,75.41340416438277,41.02545664865695
2014-09-15 00:00:00+00:00,18.6336026026,-0.39745627972551656,18.65031989392158,-0.08806760964364804,50.20657646200534,34.140965286955065
2014-09-16 00:00:00+00:00,18.7525721324,0.6384676776534981,18.70144601316079,0.27520003400492504,72.37070592577925,63.81214572371637
2014-09-17 00:00:00+00:00,18.741418739,-0.05947660577575453,18.721432376080394,0.10786171411458526,68.10750134852213,43.84791604044121
2014-09-18 00:00:00+00:00,18.7525721324,0.05951200149427738,18.737002254240195,0.08368685780443132,70.69678645717316,48.00764101624242
2014-09-19 00:00:00+00:00,18.7377009412,-0.07930214103433197,18.7373515977201,0.002192358385049671,60.82093760852006,42.49840966601691
2014-09-22 00:00:00+00:00,18.5666822421,-0.9126984128771554,18.65201691991005,-0.4552530272460528,17.83759572817127,20.89965140106575
2014-09-23 00:00:00+00:00,18.3659211606,-1.081297557001193,18.508969040255025,-0.7682752921236229,7.947456414791458,18.107106122642307
2014-09-24 00:00:00+00:00,18.5741178377,1.133603238734593,18.541543438977513,0.182663973305485,50.57542104740822,77.45862200069661
2014-09-25 00:00:00+00:00,18.2469516308,-1.761409127253133,18.394247534888756,-0.789372576973824,24.180801699583153,31.99538558766521
2014-09-26 00:00:00+00:00,18.5889890289,1.8744906273695294,18.491618281894375,0.5425590251978527,58.30473346042852,67.70474412140906
2014-09-29 00:00:00+00:00,18.6782161763,0.48000000032966117,18.584917229097186,0.5112795127637569,64.54828620786914,51.99691406947189
2014-09-30 00:00:00+00:00,18.8566704709,0.9554140123211097,18.720793849998593,0.7333467625424333,75.53750874816618,57.08813684885974
2014-10-01 00:00:00+00:00,18.7517863285,-0.5562177191453799,18.736290089249295,0.08856452169852669,59.32525378473088,37.91100886137114
2014-10-02 00:00:00+00:00,18.7742615019,0.11985617266681015,18.755275795574647,0.10421034718266842,61.95018425520743,49.330006218685305
2014-10-03 00:00:00+00:00,18.9615546134,0.99760574593597,18.858415204487322,0.5509080465593192,78.939408081779,62.69226715910552
2014-10-06 00:00:00+00:00,18.7368028795,-1.1853022522803514,18.79760904199366,-0.31719710286051606,43.7652864686376,31.60289217768035
2014-10-07 00:00:00+00:00,18.4558632122,-1.4994002397675676,18.62673612709683,-0.9082986713140418,23.844189939221405,28.547372162100054
2014-10-08 00:00:00+00:00,18.4745925234,0.10148163206811223,18.550664325248412,-0.4034085196229648,27.159735349805914,58.91564806307818
2014-10-09 00:00:00+00:00,18.1224814737,-1.9059205189722817,18.336572899474206,-1.1546645192976233,12.191692062489764,32.74169072687696
2014-10-10 00:00:00+00:00,17.4856848944,-3.5138486979508943,17.9111288969371,-2.334256608624259,4.886378052537779,21.347058860758533
2014-10-13 00:00:00+00:00,17.1785241914,-1.756640960048239,17.54482654416855,-2.0454487843362488,3.4086049346344964,49.91816898307461
2014-10-14 00:00:00+00:00,17.2721707472,0.5451373747628496,17.408498645684276,-0.7501557047866996,15.144544912371552,70.77640110741575
2014-10-15 00:00:00+00:00,17.2009993648,-0.412058121944725,17.304749005242137,-0.5811069133657123,13.302062777738927,56.18102304676507
2014-10-16 00:00:00+00:00,17.0961152224,-0.6097560971639493,17.20043211382107,-0.5954315052648308,10.482879346293595,52.80726902538517
2014-10-17 00:00:00+00:00,17.4182593742,1.8843120066125651,17.309345744010535,0.6444402506738671,54.707407107022405,77.90988804108895
2014-10-20 00:00:00+00:00,17.1785241914,-1.3763440861094156,17.24393496770527,-0.36595191771777424,35.261429071854415,38.13290848529621
2014-10-21 00:00:00+00:00,17.6130442102,2.529437418247671,17.428489588952637,1.0817427502649484,67.07746996165255,67.73296322021987
2014-10-22 00:00:00+00:00,17.4257510987,-1.063377285974998,17.427120343826317,0.009182732144975225,50.90301066552248,40.79899236426062
2014-10-23 00:00:00+00:00,17.6542486948,1.3112639725299635,17.54068451931316,0.6602233523374694,65.93490687107555,57.53870488466928
2014-10-24 00:00:00+00:00,17.8153207707,0.9123700401221013,17.67800264500658,0.7862966962297854,74.26591440659575,53.71186896967386
2014-10-27 00:00:00+00:00,17.8003373218,-0.08410428918373958,17.73916998340329,0.3510962035230229,71.815230495434,42.996387867534956
2014-10-28 00:00:00+00:00,18.0288349179,1.2836700337142348,17.884002450651643,0.8173831186186289,83.9389010761136,59.593492040468945
2014-10-29 00:00:00+00:00,18.0550559535,0.1454394347688348,17.96952920207582,0.48141127669373185,85.0461188013566,43.70807308567078
2014-10-30 00:00:00+00:00,18.0400725046,-0.08298755173391514,18.004800853337912,0.19921186247990835,80.3011563310943,40.461326668995966
2014-10-31 00:00:00+00:00,18.3322497586,1.6196013287945288,18.168525305968956,0.9094065956372186,92.51546592780785,67.47411694643516
2014-11-03 00:00:00+00:00,18.4146587277,0.4495300368758226,18.29159201683448,0.6794683162565206,94.07085657614617,45.97280073419548
2014-11-04 00:00:00+00:00,18.6394104615,1.2205044748503369,18.46550123916724,0.9499863955534287,96.79531399927833,58.91323155562187
2014-11-05 00:00:00+00:00,18.841687022,1.085209003352361,18.65359413058362,1.0175976994528948,98.02219999930941,55.41916783023487
2014-11-06 00:00:00+00:00,18.9240959911,0.43737574562074943,18.78884506084181,0.7274867225368221,98.39719088434171,38.86391649940156
2014-11-07 00:00:00+00:00,18.9765380623,0.2771179728990214,18.882691561570905,0.5023023477179218,98.64281643630353,34.985849372127014
2014-11-10 00:00:00+00:00,18.841687022,-0.7106198183108314,18.86218929178545,-0.10415873529645481,61.9968018050241,18.19777517631144
2014-11-11 00:00:00+00:00,18.841687022,0.0,18.851938156892725,-0.052079367648227404,61.9968018050241,46.106151017435295
2014-11-12 00:00:00+00:00,18.8117201242,-0.15904572539077177,18.83182914054636,-0.10556254651949959,52.28483795814945,41.36799003054245
2014-11-13 00:00:00+00:00,19.2387484185,2.2700119472363056,19.035288779523178,1.082224700358403,89.02708883055551,82.52023741950221
2014-11-14 00:00:00+00:00,19.7182187841,2.4922118381616842,19.376753781811587,1.7872182692600436,95.22272542174609,84.05577181989521
2014-11-17 00:00:00+00:00,19.8268487888,0.550911854105185,19.601801285305793,1.1690650616826144,95.99183608662483,39.07325836678193
2014-11-18 00:00:00+00:00,19.9242412068,0.4912148119827098,19.763021246052897,0.8301399368326621,96.70519076493282,38.131982372070496
2014-11-19 00:00:00+00:00,19.9204953445,-0.018800526760953673,19.84175829527645,0.4056697050358542,95.722331743101,29.136943738960326
2014-11-20 00:00:00+00:00,20.0853132827,0.8273787139811528,19.963535788988224,0.6165242095085035,97.43973028346578,55.349537581965016
2014-11-21 00:00:00+00:00,20.1377553539,0.2610966055738517,20.050645571444115,0.4388104075411776,97.85142963869386,40.36214482889866
2014-11-24 00:00:00+00:00,20.2501312209,0.558035714632088,20.150388396172055,0.4984230610866328,98.58354745452128,50.83358575852549
2014-11-25 00:00:00+00:00,20.4374243324,0.9248982609391554,20.293906364286027,0.7116606610128942,99.23512156494961,62.90434754307802
2014-11-26 00:00:00+00:00,20.5460543371,0.5315249266894417,20.419980350693013,0.621592793851168,99.45373772163538,45.09678363186473
2014-11-28 00:00:00+00:00,20.7071264131,0.7839562446262605,20.563553381896504,0.7027745192387143,99.66603741573537,56.853775660577554
2014-12-01 00:00:00+00:00,20.6696677907,-0.18089725079526442,20.61661058629825,0.2609386342217249,87.76723199167769,25.520784517319672
2014-12-02 00:00:00+00:00,20.8419774534,0.8336353754922365,20.729294019849124,0.5472870048569807,93.2925878527402,60.15529538438377
2014-12-03 00:00:00+00:00,20.9393698714,0.4672897195947989,20.834331945624562,0.5072883622258898,95.14992499772798,48.052042560171714
2014-12-04 00:00:00+00:00,20.8045188311,-0.6440071555552596,20.819425388362284,-0.06835939666468488,60.4081654674655,25.085895081189317
2014-12-05 00:00:00+00:00,20.6022422706,-0.9722722363452285,20.710833829481142,-0.5203158165049567,33.16333617057871,20.7018808609309
2014-12-08 00:00:00+00:00,20.3999657101,-0.981818181939631,20.55539976979057,-0.7510669992222938,19.781073317412588,20.545263609731652
2014-12-09 00:00:00+00:00,20.5423084749,0.6977598238291582,20.548854122345283,-0.026653587696567782,43.74328139937346,73.48549353771034
2014-12-10 00:00:00+00:00,20.1302636295,-2.0058351567617927,20.33955887592264,-1.0162443722291803,19.043401050566015,28.16844500524723
2014-12-11 00:00:00+00:00,20.220164323,0.44659471507493276,20.27986159946132,-0.28482482857712377,31.67045007153829,60.941699437565745
2014-12-12 00:00:00+00:00,20.1190260428,-0.5001852536131723,20.19944382113066,-0.39250504109514806,25.07151360593186,48.2053894698143
2014-12-15 00:00:00+00:00,19.9879208647,-0.6516477379227781,20.09368234291533,-0.5220763895089631,17.8425957796684,45.9033098772675
2014-12-16 00:00:00+00:00,19.9167494823,-0.35607196407154706,20.005215912607664,-0.43907417679025507,14.449966599643876,52.53806900903955
2014-12-17 00:00:00+00:00,20.0853132827,0.8463419221585555,20.045264597653834,0.20363387268415023,48.94074529359098,72.85399972458485
2014-12-18 00:00:00+00:00,20.7146181375,3.1331592688775167,20.37994136757692,1.6683965707808335,84.3267093089034,87.77826463292095
2014-12-19 00:00:00+00:00,20.8045188311,0.43399638363235127,20.592230099338458,1.0511964772065925,86.35334623986765,44.48150232082506
2014-12-22 00:00:00+00:00,21.1416464319,1.6204537270818165,20.86693826561923,1.3358251021442045,92.09961968491102,58.10633270455279
2014-12-23 00:00:00+00:00,21.1641216052,0.10630758286680475,21.015529935409614,0.7210663425055046,92.41884370634992,39.53386537418511
2014-12-24 00:00:00+00:00,21.2015802276,0.17699115086731165,21.108555081504807,0.44902874668640813,93.11439575658301,40.85755850040132
2014-12-26 00:00:00+00:00,21.2390388499,0.17667844518134412,21.1737969657024,0.3128535959338761,93.94736662170122,40.85162387918381
2014-12-29 00:00:00+00:00,21.3214478189,0.3880070542852776,21.247622392301203,0.35043032510957683,95.67425028534545,48.44302283255902
2014-12-30 00:00:00+00:00,21.2465305743,-0.35137034424834734,21.247076483300603,-0.0004700095693852546,68.876943275038,28.946043389700503
2014-12-31 00:00:00+00:00,20.8382315911,-1.9217207335200381,21.0426540372003,-0.9610953715447117,20.936973731359807,12.68336220162653
2015-01-02 00:00:00+00:00,20.8269940045,-0.05392773638622783,20.93482402085015,-0.5075115539654698,20.35215627220261,56.393270261899275
2015-01-05 00:00:00+00:00,20.4121136458,-1.9920318727242092,20.673468833325074,-1.2497717133448396,7.991116922322193,31.696702625666763
2015-01-06 00:00:00+00:00,20.4045703665,-0.03695491525717021,20.539019599912535,-0.6433633143010049,7.860906495292537,58.919134175053635
2015-01-07 00:00:00+00:00,20.5931523478,0.924214418205116,20.566085973856268,0.14042555195205553,42.807688580427936,68.25057019137185
2015-01-08 00:00:00+00:00,20.751561212,0.7692307691635314,20.658823592928133,0.45482816055779346,61.30154345959151,64.6961825911907
2015-01-09 00:00:00+00:00,20.9627730309,1.0178117045857027,20.810798311914066,0.7363199325717481,76.49974856267752,68.62703921019428
2015-01-12 00:00:00+00:00,21.1588982914,0.9355883413463717,20.98484830165703,0.83595413695906,84.80936727708668,65.03429224635813
2015-01-13 00:00:00+00:00,21.192843048,0.1604278074052612,21.088845674828516,0.4981909721821606,86.08660605140967,37.36917358329166
2015-01-14 00:00:00+00:00,21.0608356611,-0.6228866348937379,21.07484066796426,-0.06234783135578864,57.758001462133564,22.71956808409877
2015-01-15 00:00:00+00:00,20.6761284195,-1.8266475641826818,20.875484543732128,-0.9444976977692352,23.685772798845797,11.93464163863352
2015-01-16 00:00:00+00:00,20.8797969592,0.9850419554751744,20.877640751466064,0.020272128852969584,48.03114352049494,66.93207577778847
2015-01-20 00:00:00+00:00,21.1739848499,1.4089595376566733,21.02581280068303,0.7146158332548214,69.27099517278647,71.02444170986703
2015-01-21 00:00:00+00:00,21.0004894272,-0.8193801210772844,21.013151113941518,-0.05238214391123153,50.87674388899372,35.9472662782968
2015-01-22 00:00:00+00:00,21.4983458575,2.370689654761904,21.25574848572076,1.1591537554253362,77.07711160687857,68.91458061155454
2015-01-23 00:00:00+00:00,21.2795907593,-1.0175438596532027,21.26766962251038,0.07080494788606673,57.02941508824922,37.865293345983766
2015-01-26 00:00:00+00:00,21.0985520574,-0.8507621408126886,21.18311083995519,-0.38997859646331096,43.10998576864459,39.865748402352494
2015-01-27 00:00:00+00:00,20.2914211778,-3.8255273509013588,20.737266008877597,-2.107752973682335,16.377626936740356,21.41741575029056
2015-01-28 00:00:00+00:00,20.219760025,-0.35315985101330716,20.4785130169388,-1.230456412347821,15.128288007473698,56.59031114676262
2015-01-29 00:00:00+00:00,20.5328061138,1.5482186159130773,20.5056595653694,0.15888110178262815,43.413432435797354,68.25928500078834
2015-01-30 00:00:00+00:00,19.887855738,-3.1410727409856176,20.1967576516847,-1.4910958196014947,21.386739570902858,34.22489294808218
2015-02-02 00:00:00+00:00,20.2386182231,1.7637018777735491,20.21768793739235,0.1363030290860272,44.399996573060065,63.094857347037774
2015-02-03 00:00:00+00:00,20.4573733213,1.080879612375485,20.337530629346176,0.6085913207307561,56.352912223675176,57.79733970892295
2015-02-04 00:00:00+00:00,20.1330123136,-1.5855457228337366,20.235271471473087,-0.4884772010514903,38.124043719668514,38.74327046773623
2015-02-05 00:00:00+00:00,20.5629792308,2.13563132283765,20.399125351136544,0.8235770608930799,62.34406235139195,63.755900830090766
2015-02-06 00:00:00+00:00,20.5478926723,-0.07336757155014251,20.47350901171827,0.3751047446714687,61.085606914927006,46.755915456022336
2015-02-09 00:00:00+00:00,20.4573733213,-0.44052863446200075,20.465441166509137,-0.03271194489526602,51.69426563115917,43.84140886202716
2015-02-10 00:00:00+00:00,20.7364746535,1.3643067847298074,20.600957910004567,0.6657974199172707,71.76837655994115,61.52524791342864
2015-02-11 00:00:00+00:00,20.3140510156,-2.037104401584966,20.457504462802284,-0.6856534908338476,36.928489573003056,32.550106901462065
2015-02-12 00:00:00+00:00,22.2225006654,9.394727070117238,21.34000256410114,4.3545367896416955,85.2972755349111,80.01019954279565
2015-02-13 00:00:00+00:00,22.1998708276,-0.10183299413837332,21.76993669585057,2.126351897751661,84.14945169788048,42.63170604282789
2015-02-17 00:00:00+00:00,22.1093514767,-0.40774719638216883,21.939644086275287,0.8593023506847461,77.86277392932884,41.690598722277706
2015-02-18 00:00:00+00:00,22.2451305031,0.614124871745303,22.092387294687644,0.7367136112150245,81.04842205956957,47.4978627232138
2015-02-19 00:00:00+00:00,22.1093514767,-0.6103763984710242,22.10086938569382,0.06316860637200017,66.6595094086092,40.28608936125979
2015-02-20 00:00:00+00:00,22.3356498541,1.0235414532103748,22.218259619896912,0.5433550297911875,76.90840964255528,54.203600417115865
2015-02-23 00:00:00+00:00,22.3507364126,0.06754474841137448,22.284498016248456,0.305449889101281,77.59707771980108,44.998975007837196
2015-02-24 00:00:00+00:00,22.3507364126,0.0,22.317617214424228,0.1527249445506405,77.59707771980108,44.20343782475732
2015-02-25 00:00:00+00:00,22.2451305031,-0.47249409393269604,22.281373858762116,-0.15988457469102776,52.797277035660656,37.286611992335594
2015-02-26 00:00:00+00:00,22.5619482316,1.4242115974812952,22.421661045181057,0.6321635113951337,80.64023625110926,67.71021944496016
2015-02-27 00:00:00+00:00,22.2602170616,-1.3373453697469229,22.340939053390528,-0.3525909291758946,43.76304520615139,32.87722084058689
2015-03-02 00:00:00+00:00,22.7731600505,2.304303625973403,22.557049551945262,0.9758563483987541,74.03802781661497,66.7311764622845
2015-03-03 00:00:00+00:00,22.2828468994,-2.1530308047399638,22.41994822567263,-0.5885872281706048,41.78467622456932,34.64766640381325
2015-03-04 00:00:00+00:00,22.1244380352,-0.7109004738719671,22.272193130436314,-0.649743851021286,34.50102413454259,47.011548901871976
2015-03-05 00:00:00+00:00,22.1018081974,-0.10228435074371989,22.187000663918155,-0.3760141008825029,33.25871180393024,52.67888465621565
2015-03-06 00:00:00+00:00,21.8189352256,-1.279863481184662,22.002967944759078,-0.8279387910335825,19.854172899748836,40.20030902758692
2015-03-09 00:00:00+00:00,22.1470678729,1.5038893690605182,22.075017908829537,0.33797528901346785,52.89105628989548,67.49951856324702
2015-03-10 00:00:00+00:00,21.6190383255,-2.3841961853836025,21.84702811716477,-1.0231104481850672,26.51195634427949,34.50159150525634
2015-03-11 00:00:00+00:00,21.3173071556,-1.3956734122817394,21.582167636382383,-1.2093919302334033,18.572364950828202,44.793947558564675
2015-03-12 00:00:00+00:00,21.3022205971,-0.07077140836728724,21.44219411674119,-0.6400816693003453,18.164385443830966,58.0474521505939
2015-03-13 00:00:00+00:00,21.0759222196,-1.0623229464200024,21.259058168170597,-0.8512023078601738,12.156124397564332,45.72447682466396
2015-03-16 00:00:00+00:00,21.3474802726,1.2884753045228958,21.303269220385296,0.218636498331361,44.93888827330125,69.07306495714691
2015-03-17 00:00:00+00:00,21.2343310839,-0.5300353355764842,21.268800152142646,-0.1556994186225616,36.439518497120005,46.07420874390661
2015-03-18 00:00:00+00:00,21.2343310839,0.0,21.251565618021324,-0.0778497093112808,36.439518497120005,52.92675374052183
2015-03-19 00:00:00+00:00,21.3173071556,0.3907637653955298,21.28443638681066,0.15645702804212452,51.556998105089214,58.72671540749714
2015-03-20 00:00:00+00:00,21.4530861821,0.6369426753056517,21.36876128445533,0.3966998516738881,69.4134141146352,63.031137747036595
2015-03-23 00:00:00+00:00,21.4266847047,-0.12306610422340158,21.397722994577666,0.13681687372524326,62.67518643922263,42.50380000342674
2015-03-24 00:00:00+00:00,21.1211818951,-1.4258053161765538,21.259452444838836,-0.6444942212256553,23.343367877547117,23.133193780567897
2015-03-25 00:00:00+00:00,20.7138448157,-1.9285714285453892,20.986648630269418,-1.2865328248855223,10.351366292009422,18.30411790687664
2015-03-26 00:00:00+00:00,20.4347434835,-1.3474144210468109,20.710696056884707,-1.3169736229661666,6.584751741611187,40.01545397937934
2015-03-27 00:00:00+00:00,20.4649166005,0.1476559616437667,20.587806328692352,-0.5846588306612,11.789766905596913,70.38566421740157
2015-03-30 00:00:00+00:00,20.8571671214,1.9166973829271017,20.722486725046174,0.6660192761329509,57.72381028335139,84.40217793534953
2015-03-31 00:00:00+00:00,20.9212849951,0.3074141053135193,20.82188586007309,0.4867166907232351,62.510469896536655,51.28218262100942
2015-04-01 00:00:00+00:00,20.7122621659,-0.9990917348000061,20.767074012986544,-0.2561875220383855,40.234349371754696,34.70014183118609
2015-04-02 00:00:00+00:00,20.621052204,-0.44036697280784853,20.694063108493275,-0.34827724742311705,32.62457940969225,45.91783100105941
2015-04-06 00:00:00+00:00,20.6894596754,0.33173608564323054,20.691761391946635,-0.008270580889943258,44.445388041093665,60.11904148638677
2015-04-07 00:00:00+00:00,20.818673788,0.6245407788664448,20.75521758997332,0.30813509898825076,62.8918383956751,65.30191686624738
2015-04-08 00:00:00+00:00,20.9402870704,0.5841548008216346,20.84775233018666,0.4461449499049427,74.73512358396802,63.592090111362076
2015-04-09 00:00:00+00:00,20.9972932966,0.27223230516537633,20.92252281339333,0.3591886275351595,79.3656126868851,48.7915348181275
2015-04-10 00:00:00+00:00,21.3127277479,1.5022624432791787,21.117625280646664,0.9307255354071691,91.81566501669755,78.45384594325229
2015-04-13 00:00:00+00:00,21.267122767,-0.2139800284573723,21.192374023823334,0.3583727534748984,81.19172132443045,35.462245619147254
2015-04-14 00:00:00+00:00,21.1379086544,-0.6075768406269777,21.165141339111667,-0.12460204357603966,54.426604338386326,29.83757513166925
2015-04-15 00:00:00+00:00,21.4723451811,1.58216468889123,21.318743260105833,0.7287813226575952,80.01018133358517,69.8046934578673
2015-04-16 00:00:00+00:00,21.7383742365,1.2389380533718297,21.528558748302917,0.9838596880147125,88.02874061955796,61.559971012259055
2015-04-17 00:00:00+00:00,21.217717371,-2.3951048953135934,21.37313805965146,-0.7056226036494404,40.424485331967034,21.40603963492464
2015-04-20 00:00:00+00:00,21.6471642746,2.0240014328165357,21.51015116712573,0.6591894145835476,64.3061243166442,64.10868101000055
2015-04-21 00:00:00+00:00,21.8067817078,0.737359550540706,21.658466437462863,0.6982744825621268,70.82618523102343,51.81377317979536
2015-04-22 00:00:00+00:00,21.7535758968,-0.2439874517612406,21.706021167131432,0.22714351540044309,64.89878170128453,42.49071050484206
2015-04-23 00:00:00+00:00,21.7953804626,0.19217330519967213,21.750700814865716,0.2096584103000576,68.0501249933623,48.650487073222955
2015-04-24 00:00:00+00:00,21.9055924998,0.5056669572211403,21.82814665733286,0.35766268376059895,76.4213502575934,53.96637213534303
2015-04-27 00:00:00+00:00,21.9587983109,0.24288688425335714,21.89347248411643,0.30027478400697805,80.18154950764206,47.75087938102185
2015-04-28 00:00:00+00:00,22.2856340074,1.4884042918585472,22.089553245758214,0.8943395379327626,91.9745354665776,71.27343995828743
2015-04-29 00:00:00+00:00,22.0804115933,-0.9208731240576529,22.084982419529105,-0.013266793062445159,58.94084910580268,30.904167352082396
2015-04-30 00:00:00+00:00,21.91319333,-0.7573149739234952,21.99908787476455,-0.3852908834929702,40.960305984774195,34.672062348789126
2015-05-01 00:00:00+00:00,22.1412182345,1.0405827259682088,22.070153054632275,0.32764592123761926,63.645240399699006,65.6014423857851
2015-05-04 00:00:00+00:00,22.1716215552,0.13731548272546412,22.12088730491614,0.2324807019815417,66.23960464794479,48.350413494186675
2015-05-05 00:00:00+00:00,21.9587983109,-0.9598902983714575,22.03984280790807,-0.3637047981949579,37.866228228509605,32.68813742834395
2015-05-06 00:00:00+00:00,22.0196049521,0.27691242634992896,22.029723880004035,-0.04339618592251446,47.5033639922592,56.50900699437056
2015-05-07 00:00:00+00:00,21.8941912546,-0.5695547116890465,21.961957567302015,-0.3064754488057805,32.10012151486755,41.45012383725186
2015-05-08 00:00:00+00:00,22.2172265361,1.4754382920270315,22.089592051701008,0.5844814216106256,69.85987230724594,70.21443282818824
2015-05-11 00:00:00+00:00,22.2020248758,-0.06842285320942665,22.145808463750505,0.25802928420059945,67.22112254366178,45.11527151590836
2015-05-12 00:00:00+00:00,22.2172265361,0.06846970213321146,22.181517499925253,0.16324949316690546,68.97872757310971,47.60627834635938
2015-05-13 00:00:00+00:00,22.3084364979,0.4105371192565155,22.244976998912627,0.2868933062117105,79.0761624204948,55.22350128158838
2015-05-14 00:00:00+00:00,22.0804115933,-1.0221465077638547,22.162694296106313,-0.3676266007760721,35.60984698448958,28.861887411924705
2015-05-15 00:00:00+00:00,22.460453101,1.7211703961864444,22.311573698553154,0.6767718977051862,72.87912386938193,69.99767865533957
2015-05-18 00:00:00+00:00,22.6200705342,0.7106598984545576,22.46582211637658,0.6937158980798719,80.12607955539198,53.04855688306702
2015-05-19 00:00:00+00:00,22.6010684588,-0.08400537642563322,22.53344528758829,0.30485526082711933,76.4769087709158,41.262811733647396
2015-05-20 00:00:00+00:00,22.513658912,-0.38674962185677453,22.523552099794145,-0.0409471805148276,58.1907226301368,36.61426964416441
2015-05-21 00:00:00+00:00,22.3692431391,-0.6414584740067508,22.446397619447072,-0.3412028272607892,36.53887374961396,32.056673821564885
2015-05-22 00:00:00+00:00,22.2400290265,-0.5776418620715096,22.343213322973536,-0.4594223446661494,24.369384028024825,35.093063512395965
2015-05-26 00:00:00+00:00,22.0044032918,-1.0594668488033143,22.173808307386768,-0.7594445967347319,12.752123164241468,23.300237597922393
2015-05-27 00:00:00+00:00,22.2780331773,1.2435233160899672,22.225920742343384,0.2420393596776177,52.33417831763438,77.50277365995038
2015-05-28 00:00:00+00:00,22.3084364979,0.13647219374366415,22.26717862012169,0.18925577671064092,55.684940165149946,51.34141580290964
2015-05-29 00:00:00+00:00,22.2780331773,-0.13628620097542177,22.272605898710843,0.026484787867609577,50.37330560413239,45.64690896690689
2015-06-01 00:00:00+00:00,22.1792223853,-0.44353462989129566,22.225914142005422,-0.20852492101184306,34.3842049176692,38.442439270098966
2015-06-02 00:00:00+00:00,22.1032140838,-0.34270047966323824,22.16456411290271,-0.27561270033754065,25.16694253888926,42.880414965052275
2015-06-03 00:00:00+00:00,22.1108149139,0.034387895222764975,22.137689513401355,-0.12061240255738784,28.05966441201801,59.32863820212867
2015-06-04 00:00:00+00:00,21.7459750666,-1.6500515640002211,21.941832290000676,-0.8853319832788045,7.416896774518938,20.252362597974585
2015-06-05 00:00:00+00:00,21.7231725762,-0.10485844083866214,21.832502433100338,-0.4950952120587333,6.938361815850943,58.166061508433934
2015-06-08 00:00:00+00:00,21.4913472565,-1.0671798462531634,21.66192484480017,-0.7811375291559484,3.497293236030496,40.27766949154639
2015-06-09 00:00:00+00:00,21.464744351,-0.12378426155649214,21.563334597900084,-0.45246089535622025,3.222218424071067,58.87564575915532
2015-06-10 00:00:00+00:00,21.7839792174,1.4872521245990367,21.67365690765004,0.5173956146214083,59.939080536981336,77.12372177726512
2015-06-11 00:00:00+00:00,21.9359958204,0.6978367059704782,21.80482636402502,0.6076161602959432,71.76042079395688,58.156366824140946
2015-06-12 00:00:00+00:00,21.6927692555,-1.108801108877866,21.748797809762507,-0.2505924742909614,42.00933365894584,31.53373598148925
2015-06-15 00:00:00+00:00,21.6471642746,-0.21023125430809086,21.697981042181254,-0.23041186429952612,37.62243777945435,48.963951346487065
2015-06-16 00:00:00+00:00,21.8219833681,0.8075842696178226,21.759982205140627,0.28858620265914825,61.02507050269822,64.37394207286906
2015-06-17 00:00:00+00:00,21.9892016315,0.7662835251008637,21.874591918320313,0.5274348638800059,74.66359555768062,63.21220895320384
2015-06-18 00:00:00+00:00,22.2020248758,0.967853439458799,22.038308397060156,0.7476441516694025,84.81076032129026,67.50528068932803
2015-06-19 00:00:00+00:00,22.065209933,-0.6162273196492429,22.051759165030077,0.06570841601007976,61.18246334029172,28.415523886446888
2015-06-22 00:00:00+00:00,21.9968024616,-0.3100241131070769,22.024280813315038,-0.12215784854849857,50.607928175279916,38.70663688562037
2015-06-23 00:00:00+00:00,21.8789895943,-0.5355908773816975,21.95163520380752,-0.32887436296509803,34.98663585650552,33.400767268035224
2015-06-24 00:00:00+00:00,21.6699667651,-0.9553586937783187,21.81080098445376,-0.6421165283717084,19.207933186654603,24.157147479031234
2015-06-25 00:00:00+00:00,21.5863576334,-0.38582953359511674,21.69857930892688,-0.5139730309834125,15.117269959124906,51.48315838708985
2015-06-26 00:00:00+00:00,21.4951476716,-0.42253521112274317,21.59686349026344,-0.46825412105307784,11.210499643159157,49.75028940212179
2015-06-29 00:00:00+00:00,20.9326862403,-2.6166902404822334,21.264774865281723,-1.5424721807676556,3.306457815929321,12.381711921056104
2015-06-30 00:00:00+00:00,20.8718795991,-0.29048656489645275,21.06832723219086,-0.9164793728320542,2.9672064876940754,60.073513862113444
2015-07-01 00:00:00+00:00,20.9478879006,0.36416605959761483,21.00810756639543,-0.27615665661721966,18.62258984329913,67.53351194514049
2015-07-02 00:00:00+00:00,20.9325695182,-0.07312614270559292,20.970338542297718,-0.1746413996614063,17.75653283781334,56.88420391727127
2015-07-06 00:00:00+00:00,20.8483184151,-0.40248810843193095,20.90932847869886,-0.2885647540466686,12.8329041014521,48.28249519677957
2015-07-07 00:00:00+00:00,20.9555470918,0.5143277005129399,20.93243778524943,0.11288147323313563,43.004319392401776,68.29836917397695
2015-07-08 00:00:00+00:00,20.6721570178,-1.3523391814041053,20.802297401524715,-0.6197288540854848,18.128680399955247,31.300986258154698
2015-07-09 00:00:00+00:00,20.6108834883,-0.2964060762853049,20.706590444912358,-0.4580674651853949,15.264922543512364,52.93440192887086
2015-07-10 00:00:00+00:00,20.8942735623,1.3749535489872011,20.80043200360618,0.4584430419009031,59.571136006185505,73.06923525227887
2015-07-13 00:00:00+00:00,21.2848923129,1.8695014662045928,21.042662158253087,1.163972254052748,80.57320946842422,77.36678103160638
2015-07-14 00:00:00+00:00,21.4687129014,0.8636200070817113,21.255687529826545,1.0137961305672296,85.78555209479232,52.03377034499651
2015-07-15 00:00:00+00:00,21.5299864309,0.2854084908648691,21.39283698036327,0.6496023107160493,87.46690962739802,40.57738676215906
2015-07-16 00:00:00+00:00,21.6908294459,0.7470651015792473,21.541833213131635,0.6983337061476483,91.44935308225352,52.97672944637995
2015-07-17 00:00:00+00:00,21.5836007692,-0.49435028276555437,21.562716991165818,0.10199171169104698,69.39787829954776,28.76576265318506
2015-07-20 00:00:00+00:00,21.4687129014,-0.5322924058340894,21.51571494628291,-0.21515034707152123,50.015209437967016,28.17543466026448
2015-07-21 00:00:00+00:00,21.3231882688,-0.6778451659787743,21.419451607541454,-0.4464977565251478,32.6754632077963,25.199646511932322
2015-07-22 00:00:00+00:00,21.085753342,-1.1135057469215948,21.252602474770725,-0.7800017517233713,17.67696642432535,17.09391764966948
2015-07-23 00:00:00+00:00,21.453394519,1.7435524879621411,21.352998496885363,0.48177536811938493,60.155294048604155,80.09060706323832
2015-07-24 00:00:00+00:00,21.7521029754,1.3923598716997887,21.55255073614268,0.9370676199095869,75.53843266981305,70.24854280037896
2015-07-27 00:00:00+00:00,21.6065783428,-0.669014084590247,21.579564539471342,0.13402676765966992,58.91620145842273,33.74170151921358
2015-07-28 00:00:00+00:00,21.6065783428,0.0,21.59307144113567,0.06701338382983496,58.916201458422734,47.11993210363087
2015-07-29 00:00:00+00:00,21.7521029754,0.6735200284430753,21.672587208267835,0.3702667061364552,72.52126560626574,59.47593310151373
2015-07-30 00:00:00+00:00,21.6755110635,-0.3521126761243276,21.67404913588392,0.009077015006063782,57.49097616966596,38.77871582778217
2015-07-31 00:00:00+00:00,21.7674213578,0.42402826872567356,21.72073524684196,0.21655264186586867,69.0405839292296,56.11416370295596
2015-08-03 00:00:00+00:00,21.7214662106,-0.21111893064693632,21.72110072872098,0.002716855609466176,57.35347473649904,41.64062016484679
2015-08-04 00:00:00+00:00,21.4687129014,-1.1636107192278589,21.59490681506049,-0.5804469318091964,23.931679578671154,26.351425668080445
2015-08-05 00:00:00+00:00,21.6525334899,0.8562254725946516,21.623720152480246,0.13788927039272764,53.495209646664954,66.02802242545175
2015-08-06 00:00:00+00:00,21.6065783428,-0.21223912260169842,21.615149247640122,-0.03717492610448539,46.69046367168132,46.25528893428753
2015-08-07 00:00:00+00:00,21.5606231957,-0.2126905351272912,21.58788622167006,-0.12493273061588829,39.20918115791185,46.24651241850377
2015-08-10 00:00:00+00:00,21.897627608,1.5630550621895445,21.74275691483503,0.7190611657868281,77.99464317051165,74.63968073101805
2015-08-11 00:00:00+00:00,21.4610537102,-1.9937040925862792,21.601905312517516,-0.6373214633997255,34.82246659975215,28.852022086839483
2015-08-12 00:00:00+00:00,21.369143416,-0.4282655243359246,21.485524364258758,-0.532793493867825,29.64123391167765,49.36075118814998
2015-08-13 00:00:00+00:00,21.981878711,2.8673835121590274,21.73370153762938,1.1672950091456011,71.71960960621634,73.49111395397269
2015-08-14 00:00:00+00:00,22.2346320203,1.1498257843335358,21.984166778964692,1.1585603967395683,79.35807557689334,53.54503784669095
2015-08-17 00:00:00+00:00,22.0776186009,-0.7061660352941757,22.030892689932344,0.22619718072269634,63.40115458104058,37.18599154289415
2015-08-18 00:00:00+00:00,21.6372151076,-1.9947961836882522,21.83405389876617,-0.8842995014827779,34.34541341740277,28.20995465090154
2015-08-19 00:00:00+00:00,21.2925515041,-1.5929203540567372,21.563302701433088,-1.2386099277697575,22.33142594485242,35.49381301049396
2015-08-20 00:00:00+00:00,20.7104529737,-2.733812949978842,21.136877837566544,-1.9862114388743,11.839642051767763,24.785189639401768
2015-08-21 00:00:00+00:00,20.273879076,-2.1079881654660126,20.705378456783272,-2.0470998021701563,7.745672958859946,39.74354429961076
2015-08-24 00:00:00+00:00,19.2935026039,-4.835663014585901,19.999440530341637,-3.4413814083780285,3.5780928067004587,17.278267940057674
2015-08-25 00:00:00+00:00,18.8569287061,-2.262802699763544,19.42818461822082,-2.8520920540707864,2.6321072084740904,54.0373707602713
2015-08-26 00:00:00+00:00,19.6688029721,4.305442729586018,19.54849379516041,0.7266753377576156,43.960550811093526,82.98718758901981
2015-08-27 00:00:00+00:00,20.0441033403,1.9080996882848478,19.796298567730204,1.3173875130212318,56.7034454075572,61.70801991826866
2015-08-28 00:00:00+00:00,19.9138970901,-0.6495987772035305,19.855097828915103,0.33389436790885063,50.70338914271535,43.75370484976369
2015-08-31 00:00:00+00:00,19.8219867959,-0.46153846122712894,19.83854231240755,-0.06382204665913915,45.59497138782053,45.50251540521402
2015-09-01 00:00:00+00:00,19.2398882656,-2.93663060264171,19.539215289003778,-1.5002263246504246,23.29679885310003,28.195699188953462
2015-09-02 00:00:00+00:00,19.6458253985,2.109872610984942,19.59252034375189,0.30482314316725867,49.25596975313218,66.80717636061856
2015-09-03 00:00:00+00:00,19.8373051783,0.9746588698412051,19.714912761025943,0.6397410065042319,59.05956148456297,56.547019060468905
2015-09-04 00:00:00+00:00,19.5462559131,-1.467181467361689,19.63058433706297,-0.4137202304287285,40.99966044024917,37.81092413717548
2015-09-08 00:00:00+00:00,20.1436728258,3.056426332265527,19.887128581431483,1.3213530509183993,69.61119107223723,67.62202398337436
2015-09-09 00:00:00+00:00,19.867941943,-1.3688212928420929,19.877535262215744,-0.023734120961846794,52.11485018637321,39.69805988405801
2015-09-10 00:00:00+00:00,20.113036061,1.2336160368454863,19.995285661607873,0.6049409579418197,64.13433371401831,55.79910128079119
2015-09-11 00:00:00+00:00,19.9292154725,-0.9139375474816247,19.962250567053935,-0.1544982947699025,50.01186734680515,41.93829629609951
2015-09-14 00:00:00+00:00,19.6841213545,-1.2298232127511577,19.823185960776968,-0.6921607537605301,34.72075405438778,39.7592017484849
2015-09-15 00:00:00+00:00,19.8985787078,1.0894941635328337,19.860882334288483,0.1986667048861518,53.41510737208794,61.68500735576335
2015-09-16 00:00:00+00:00,19.9675114285,0.34642032334188944,19.91419688139424,0.2725435141140206,59.06689396587777,52.50166153925018
2015-09-17 00:00:00+00:00,19.8219867959,-0.7288070580106942,19.868091838647118,-0.2281317719483368,42.6726165442882,39.679815353037526
2015-09-18 00:00:00+00:00,19.5615742955,-1.3137557959319257,19.71483306707356,-0.7709437839401313,24.454018423788913,33.08607911471639
2015-09-21 00:00:00+00:00,19.5615742955,0.0,19.638203681286782,-0.38547189197006565,24.454018423788913,57.10156836123233
2015-09-22 00:00:00+00:00,19.2552066479,-1.566170712908721,19.44670516459339,-0.9758213024393934,11.480046939203326,34.78013948446981
2015-09-23 00:00:00+00:00,19.3624353246,0.5568814641191855,19.404570244596695,-0.20946991916010393,30.76462205724925,63.66283879621767
2015-09-24 00:00:00+00:00,19.46200481,0.5142405060663879,19.433287527298347,0.152385293453142,46.882649171323216,62.824642981923375
2015-09-25 00:00:00+00:00,19.9330450681,2.420306965796093,19.683166297699174,1.2863461296246175,79.9707409312684,80.25527045523154
2015-09-28 00:00:00+00:00,19.6534845897,-1.4024975985600818,19.668325443699587,-0.058075734467732176,51.44286360909467,33.293133035450914
2015-09-29 00:00:00+00:00,19.6381662074,-0.07794232228938158,19.653245825549796,-0.06800902837855688,49.97751359616178,48.849369439999045
2015-09-30 00:00:00+00:00,20.1015472743,2.3595943837433575,19.877396549924896,1.1457926776824003,78.18000635910589,68.88143938160228
2015-10-01 00:00:00+00:00,19.867941943,-1.1621261195085442,19.87266924646245,-0.008166720913071912,54.8115498618546,37.2587777680373
2015-10-02 00:00:00+00:00,19.8911070522,0.11659541419266617,19.881888149331225,0.05421434663979713,56.73513978049111,49.808606812442136
2015-10-05 00:00:00+00:00,20.7327726844,4.2313664593490286,20.30733041686561,2.1427904029944127,86.96828060994625,74.46361664070444
2015-10-06 00:00:00+00:00,21.0261974002,1.4152700184707268,20.666763908532808,1.7790302107325697,90.45591304128342,49.50127120762719
2015-10-07 00:00:00+00:00,21.2655701947,1.1384502387375317,20.966167051616402,1.4587402247350507,92.81042770342964,47.1697176616123
2015-10-08 00:00:00+00:00,21.5512732075,1.3435003631889764,21.2587201295582,1.4011202939620135,95.01302637245783,49.797035316476574
2015-10-09 00:00:00+00:00,21.5512732075,0.0,21.4049966685291,0.7005601469810068,95.01302637245784,33.44858952784649
2015-10-12 00:00:00+00:00,21.5898817228,0.17914725932093312,21.49743919566455,0.43985370315096994,95.43797889031059,37.54943137227317
2015-10-13 00:00:00+00:00,21.5049429892,-0.3934191705659118,21.501191092432276,0.02321726629252907,74.49101188736434,28.986560214227225
2015-10-14 00:00:00+00:00,21.4817778801,-0.10771992797949936,21.49148448626614,-0.042251330843485146,68.35365362262456,39.340168114398104
2015-10-15 00:00:00+00:00,21.7365940807,1.1861969806328476,21.61403928348307,0.5719728248946813,86.58737527065566,69.52481406988875
2015-10-16 00:00:00+00:00,21.8138111112,0.35523978693865477,21.713925197341535,0.463606305916668,89.37105477416982,46.99701789193699
2015-10-19 00:00:00+00:00,21.8138111112,0.0,21.763868154270767,0.231803152958334,89.37105477416982,38.91175880122536
2015-10-20 00:00:00+00:00,22.0068536874,0.8849557521880547,21.88536092083538,0.5583794525731943,95.09604324523201,62.81586594067959
2015-10-21 00:00:00+00:00,21.8369762203,-0.7719298247403028,21.861168570567692,-0.10677518608355424,55.579815511978666,29.927309912371474
2015-10-22 00:00:00+00:00,22.4006605428,2.581329561443546,22.130914556683848,1.237277187679996,85.5226642655896,72.93894947598834
2015-10-23 00:00:00+00:00,22.6631984465,1.1720096521188772,22.397056501591926,1.2046434198994365,90.15772602253234,52.58891614498977
2015-10-26 00:00:00+00:00,22.3543303245,-1.3628620105371803,22.375693413045965,-0.0791092953188719,57.609212898473636,30.00388299350755
2015-10-27 00:00:00+00:00,22.431547355,0.3454231434317112,22.403620384022982,0.13315692405641966,62.6638399979997,51.19270797901512
2015-10-28 00:00:00+00:00,22.6709201495,1.0671256454657607,22.53727026676149,0.6001412847610902,75.98127416504538,59.04852831472034
2015-10-29 00:00:00+00:00,22.5010426824,-0.7493188012650864,22.519156474580747,-0.07458875825199812,55.07077696282942,36.72944464685409
2015-10-30 00:00:00+00:00,22.277113294,-0.9951956074247037,22.39813488429037,-0.5348921828383509,35.663971067380814,34.11153167632224
2015-11-02 00:00:00+00:00,22.2153396697,-0.27729636010171976,22.306737276995186,-0.40609427147003535,31.125291400448354,49.78627606663596
2015-11-03 00:00:00+00:00,22.0917924209,-0.5561348628331353,22.199264848947593,-0.4811145671515853,22.525390922955108,43.72576835173235
2015-11-04 00:00:00+00:00,21.9836885782,-0.48933939193511744,22.091476713573797,-0.48522697954335137,16.530661918848132,46.08408375898856
2015-11-05 00:00:00+00:00,21.952801766,-0.14049877066866223,22.0221392397869,-0.3128628751060068,14.838260347077304,59.409666918420086
2015-11-06 00:00:00+00:00,21.9682451721,0.07034822372384841,21.99519220594345,-0.12125732569107919,20.911076113006143,66.84009917765297
2015-11-09 00:00:00+00:00,21.7597591898,-0.9490333919105254,21.877475697871724,-0.5351453588008023,8.55604703068684,28.716887809610505
2015-11-10 00:00:00+00:00,21.6053251289,-0.7097232076556881,21.74140041338586,-0.6224342832282452,5.165181976635325,40.63936665765381
2015-11-11 00:00:00+00:00,21.4817778801,-0.5718370265797912,21.61158914674293,-0.5971356549040182,3.50045481440018,48.13645951787784
2015-11-12 00:00:00+00:00,21.4894995831,0.035945362823763816,21.550544364921464,-0.2805951460401272,6.3307121881344495,71.73727545204142
2015-11-13 00:00:00+00:00,20.2385836893,-5.821056413913695,20.894564027110732,-3.050825779976911,0.778972544210558,9.466717121135892
2015-11-16 00:00:00+00:00,20.6864424661,2.2128958413072164,20.79050324660537,-0.4189649693348474,32.54659123171921,67.50428133652673
2015-11-17 00:00:00+00:00,20.7018858722,0.07465472192864642,20.74619455940268,-0.1721551237031005,33.645457548582606,53.74848277780777
2015-11-18 00:00:00+00:00,20.9412586667,1.1562849683248055,20.84372661305134,0.4920649223108525,51.873748532563745,59.942244651820275
2015-11-19 00:00:00+00:00,21.1343012429,0.9218289085314968,20.98901392797567,0.7069469154211747,63.87761768172468,57.44117529169379
2015-11-20 00:00:00+00:00,21.2887353039,0.7307270736092164,21.138874615937837,0.7188369945151956,72.1987847712974,54.653114103070635
2015-11-23 00:00:00+00:00,21.1806314612,-0.5077983316378432,21.15975303856892,0.1055193314386762,58.136756795583956,37.132084180647
2015-11-24 00:00:00+00:00,21.0570842124,-0.5833029531075229,21.10841862548446,-0.23889181083442335,43.584424784530725,36.074523735829196
2015-11-25 00:00:00+00:00,21.0339191033,-0.11001100088852134,21.07116886439223,-0.17445140586147234,40.71787536897236,49.577440826904144
2015-11-27 00:00:00+00:00,21.0956927277,0.29368575630923655,21.083430796046116,0.0596171752238821,53.06542985258357,60.305115047547766
2015-11-30 00:00:00+00:00,21.0416408063,-0.2562225478807245,21.062535801173055,-0.09830268632842121,41.67310492855535,42.03274970790999
2015-12-01 00:00:00+00:00,21.2887353039,1.174311926881777,21.175635552536527,0.538004620276678,76.40614442447001,73.43794839092169
2015-12-02 00:00:00+00:00,21.1883531643,-0.4715270220002732,21.181994358418265,0.03323879913820238,56.062422019385096,37.95295590322105
2015-12-03 00:00:00+00:00,20.8099897149,-1.7857142858912822,20.995992036659132,-0.8762377433765399,22.376814485985715,24.039991598479574
2015-12-04 00:00:00+00:00,21.2192399764,1.9666048234852296,21.107616006529568,0.5451835400543448,60.6943942603637,70.44391669631574
2015-12-07 00:00:00+00:00,21.2269616795,0.036390102136496516,21.167288843014784,0.29078682109542064,61.2359598179172,47.876239489851805
2015-12-08 00:00:00+00:00,20.9644237759,-1.2368133865033992,21.06585630945739,-0.4730132827039893,35.96414413615269,36.35315129613531
2015-12-09 00:00:00+00:00,20.6401122478,-1.546961326324714,20.852984278628696,-1.0099873045143517,20.37974028834911,33.414511776327764
2015-12-10 00:00:00+00:00,20.67099906,0.1496445941241875,20.761991669314348,-0.4301713551950821,25.021263653546953,59.96775352382736
2015-12-11 00:00:00+00:00,20.1999751741,-2.2786701529655007,20.480983421707172,-1.3544207540802913,10.722561784631283,32.30748573356704
2015-12-14 00:00:00+00:00,20.4547913747,1.2614678899542486,20.467887398203587,-0.04647643206302132,39.00678526294756,66.29967625735911
2015-12-15 00:00:00+00:00,20.7327726844,1.35900339733519,20.600330041301795,0.6562634826360844,59.83114989498818,66.98482663081619
2015-12-16 00:00:00+00:00,21.0300582518,1.4338919927660454,20.815194146550898,1.045077737701065,74.04603678306741,67.74019324206384
2015-12-17 00:00:00+00:00,20.6323905448,-1.8909491464007888,20.72379234567545,-0.42293570434986194,43.30039241502116,26.8419468341617
2015-12-18 00:00:00+00:00,20.2849139076,-1.6841317366764086,20.504353126637724,-1.0535337205131352,28.04021314943192,30.743404074503935
2015-12-21 00:00:00+00:00,20.5667560689,1.389417586802777,20.53555459776886,0.16794193314482087,49.63567271092144,68.3586564214522
2015-12-22 00:00:00+00:00,20.7636594966,0.9573868967977406,20.649607047184432,0.5626644149712807,61.68536274609407,61.334802362477554
2015-12-23 00:00:00+00:00,21.1574663521,1.8966158425227642,20.903536699642217,1.2296401287470224,77.69488901687934,71.03873239428998
2015-12-24 00:00:00+00:00,21.142022946,-0.07299270074682118,21.022779822821107,0.5783237140001006,75.83103528805988,39.698539648246296
2015-12-28 00:00:00+00:00,21.0879710246,-0.2556610667676207,21.055375423710554,0.16133132361623997,67.34883075728126,37.40298614316313
2015-12-29 00:00:00+00:00,21.4431693648,1.6843647014956664,21.24927239425528,0.9228480125559532,84.47095330624649,67.41755009835792
2015-12-30 00:00:00+00:00,21.2578484917,-0.8642419874937635,21.253560442977637,0.029303012531094852,59.891640319123596,34.66457009302693
2015-12-31 00:00:00+00:00,20.9682846274,-1.3621503813664781,21.11092253518882,-0.6664236844176916,35.60775335817188,30.34445703363955
2016-01-04 00:00:00+00:00,20.5551735143,-1.9701712392828252,20.83304802474441,-1.3182974618502583,19.065106396565707,24.7048186945631
2016-01-05 00:00:00+00:00,20.4617762852,-0.4543733432122443,20.647412154972205,-0.8863354025312513,16.470220762990795,55.578112775160825
2016-01-06 00:00:00+00:00,20.2438494171,-1.0650437433314286,20.445630786036105,-0.97568957293134,11.155867827724252,44.54146642938447
2016-01-07 00:00:00+00:00,19.7768632714,-2.306805074856655,20.111247028718054,-1.6412473238939973,5.476252547150952,27.739635700572517
2016-01-08 00:00:00+00:00,19.2865278184,-2.4793388429250607,19.69888742355903,-2.0602930834095288,3.039229573082268,25.7177685686782
2016-01-11 00:00:00+00:00,19.6678998374,1.9774011299025007,19.683393630479515,-0.041445976753514024,36.17583851789626,80.57544422739034
2016-01-12 00:00:00+00:00,19.7301646569,0.31658092635595825,19.706779143689758,0.1375674748012221,41.105026722038204,57.03209025277439
2016-01-13 00:00:00+00:00,19.1464319747,-2.9585798818757336,19.42660555919488,-1.4105062035372558,19.704647061325385,30.591613699813063
2016-01-14 00:00:00+00:00,19.1931305893,0.24390243916834198,19.30986807424744,-0.5833018821844569,24.42614050966592,58.684962539046474
2016-01-15 00:00:00+00:00,18.3836879367,-4.217356042225118,18.84677800547372,-2.4003289622047874,9.659025727845746,31.79425859291227
2016-01-19 00:00:00+00:00,18.5626992925,0.9737510580922759,18.70473864898686,-0.7132889520562558,24.750456759361228,62.103237723465554
2016-01-20 00:00:00+00:00,17.8233045618,-3.983228511376802,18.26402160539343,-2.3482587317165287,12.162495829689657,37.94880378836039
2016-01-21 00:00:00+00:00,17.8233045618,0.0,18.043663083596716,-1.1741293658582643,12.162495829689659,57.75395091375292
2016-01-22 00:00:00+00:00,18.189110376,2.052401747002719,18.116386729798357,0.4391361905722273,43.91489176637631,66.11334853754188
2016-01-25 00:00:00+00:00,18.0334483274,-0.8557980318014469,18.07491752859918,-0.20833092061460978,35.6817428609354,46.539896763421105
2016-01-26 00:00:00+00:00,18.461518961,2.373759171448042,18.26821824479959,1.0827141254167163,63.73072043961458,64.19667956784964
2016-01-27 00:00:00+00:00,18.2358089905,-1.222596964945366,18.252013617649794,-0.06994141976432489,47.386506808354746,41.37218363382677
2016-01-28 00:00:00+00:00,17.9828581616,-1.3871105418562846,18.117435889624897,-0.7285259808103047,33.11162963957222,40.386904005030004
2016-01-29 00:00:00+00:00,18.516000678,2.964726249904226,18.31671828381245,1.1181001345469606,65.74031285032345,69.34995434922317
2016-02-01 00:00:00+00:00,18.2747245027,-1.3030685162302658,18.295721393256223,-0.0924841908416526,49.386484746828565,40.444326169983874
2016-02-02 00:00:00+00:00,17.7688228448,-2.768313458434113,18.03227211902811,-1.4303988246378827,27.70780845235189,33.29705825573876
2016-02-03 00:00:00+00:00,17.9789666104,1.1826544022385699,18.005619364714057,-0.12387221119965641,43.233709885405325,61.10096451802131
2016-02-04 00:00:00+00:00,18.3214231173,1.9047619049578968,18.16352124100703,0.8904448468791202,62.77579901869052,65.09026706202323
2016-02-05 00:00:00+00:00,17.8155214594,-2.7612574343218066,17.989521350203514,-0.9354062937213432,35.61064199039811,32.64277448093227
2016-02-08 00:00:00+00:00,17.8466538691,0.1747487985178875,17.918087609651757,-0.38032874760172786,38.0838563715846,54.19457987898574
2016-02-09 00:00:00+00:00,17.6287270011,-1.2211077191188302,17.773407305375876,-0.800718233360279,27.138627498784057,44.12598353470539
2016-02-10 00:00:00+00:00,17.5197635671,-0.6181015452403349,17.646585436237938,-0.7094098893003069,22.326238256883514,50.129787877480126
2016-02-11 00:00:00+00:00,19.2086967941,9.640159928708236,18.427641115168967,4.4653750197039646,84.83773527349257,86.67267581709554
2016-02-12 00:00:00+00:00,19.5433701986,1.7423014590078667,18.985505656884484,3.1038382393559156,87.76460578065405,46.94575920548939
2016-02-16 00:00:00+00:00,20.1115366759,2.9072082835574387,19.54852116639224,3.005523261456677,91.79696778668418,51.83056506237148
2016-02-17 00:00:00+00:00,20.5940890264,2.3993808045421616,20.07130509639612,2.7024520329994193,94.22263588005897,48.887235135265236
2016-02-18 00:00:00+00:00,20.5707397192,-0.11337868438884291,20.32102240779806,1.2945366743052882,92.24288449029777,34.391738109315874
2016-02-19 00:00:00+00:00,20.6641369483,0.45402951169921657,20.492579678049033,0.8742830930022524,93.11132905050157,40.379558502279444
2016-02-22 00:00:00+00:00,20.7264017677,0.30131826727524125,20.60949072287452,0.5878006801387468,93.80489894795063,38.944648409256075
2016-02-23 00:00:00+00:00,20.3294635439,-1.9151333079849286,20.469477133387258,-0.663666313923091,47.79189999078025,21.95741124050837
2016-02-24 00:00:00+00:00,20.4851255924,0.7656967837043949,20.477301362893627,0.05101523489065196,59.48274939200529,56.434029374865496
2016-02-25 00:00:00+00:00,20.7030524604,1.0638297872132663,20.590176911646815,0.5574225110519591,72.44190420524515,59.4241752270923
2016-02-26 00:00:00+00:00,20.5551735143,-0.7142857140648884,20.572675212973408,-0.07843160150646467,54.650269691195255,36.81737904353126
2016-02-29 00:00:00+00:00,20.3761621584,-0.8708822417649031,20.474418685686704,-0.4746569216356839,37.795264941732896,35.05561838493591
2016-03-01 00:00:00+00:00,20.8820638163,2.4828113065023194,20.678241250993352,1.0040771924333178,73.04137127205243,74.40299201797718
2016-03-02 00:00:00+00:00,20.9365455333,0.2609019753951225,20.807393392146675,0.6324895839142202,75.3019818251128,46.440926248967884
2016-03-03 00:00:00+00:00,20.913196226,-0.11152416363463535,20.860294809073338,0.2604827101397924,71.45033299308251,42.43158359983619
2016-03-04 00:00:00+00:00,20.858714509,-0.26051358391725454,20.859504659036666,-1.543688873106852e-05,60.60131625866565,40.341649979556195
2016-03-07 00:00:00+00:00,21.1233399916,1.2686567165288265,20.991422325318332,0.6343206398200477,81.29450600586063,66.07023111535567
2016-03-08 00:00:00+00:00,21.0532920697,-0.3316138542856284,21.022357197509166,0.15135339276720966,67.2664073414002,39.39843023246383
2016-03-09 00:00:00+00:00,21.4891458057,2.0702402957078814,21.255751501604585,1.1107968442375455,87.46103912665421,68.25227170678897
2016-03-10 00:00:00+00:00,21.3101344499,-0.8330315100403718,21.28294297575229,0.13888266709858688,63.37395842109163,36.6301584939512
2016-03-11 00:00:00+00:00,21.6837233665,1.7531044559024433,21.483333171126148,0.9459935615005151,80.33113400105064,60.859963570122105
2016-03-14 00:00:00+00:00,21.5591937276,-0.5743000719719116,21.521263449363076,0.18584674476430174,65.23080878888156,40.14102391617645
2016-03-15 00:00:00+00:00,21.5280613179,-0.14440433206063252,21.524662383631536,0.02072120635183461,60.935410761664194,45.300457833950766
2016-03-16 00:00:00+00:00,21.6992895713,0.7953723787363476,21.611975977465768,0.4080467925440911,74.68690410822786,57.35376582207824
2016-03-17 00:00:00+00:00,21.9405657466,1.1119081779484619,21.776270862032884,0.7599774852462765,85.48595144308693,61.62594688083292
2016-03-18 00:00:00+00:00,22.0495291806,0.49663001063171563,21.912900021316442,0.6283037479389961,88.74007058403734,47.69497246760274
2016-03-21 00:00:00+00:00,21.9405657466,-0.4941757853762718,21.926732883958223,0.06706398128136215,66.40693999513697,30.849722901545068
2016-03-22 00:00:00+00:00,22.0106136685,0.3192621498871562,21.96867327622911,0.19316306558425916,72.96726743658542,51.80972744602967
2016-03-23 00:00:00+00:00,21.6603740592,-1.5912305516553538,21.814523667714553,-0.6990337430355473,29.605393119059357,25.05489443209383
2016-03-24 00:00:00+00:00,21.7615543908,0.4671218111167663,21.788039029257277,-0.1159559659593905,44.02084867447024,59.148141017695764
2016-03-28 00:00:00+00:00,21.7148557762,-0.21459227480433718,21.751447402728637,-0.16527412038186384,38.554876052530595,48.245008805489746
2016-03-29 00:00:00+00:00,21.8705178248,0.7168458782517373,21.810982613764317,0.2757858789349367,62.09054631856502,62.436291588068556
2016-03-30 00:00:00+00:00,22.1507095122,1.2811387898748139,21.98084606298216,0.7784623344048753,81.36391421188402,69.9292801597969
2016-03-31 00:00:00+00:00,22.1584926146,0.03513703430453319,22.06966933879108,0.40679968435470426,81.75050342420555,42.10879337097583
2016-04-01 00:00:00+00:00,22.3297208681,0.7727432388030753,22.199695103445542,0.5897714615788898,89.16658351465207,57.22114343962852
2016-04-04 00:00:00+00:00,22.1040108976,-1.0108051588878064,22.15185300052277,-0.2105168486544583,49.440641926997955,29.391990133986894
2016-04-05 00:00:00+00:00,21.6641300837,-1.9900497513225424,21.907991542111386,-1.1002832999885004,21.473434041616812,20.9862515727698
2016-04-06 00:00:00+00:00,21.9940406941,1.5228426395400119,21.95101611810569,0.21127966977575574,52.01206629948842,68.87880851750822
2016-04-07 00:00:00+00:00,21.6798401128,-1.4285714283700734,21.815428115452846,-0.6086458792971589,33.43612371812509,39.0497256099731
2016-04-08 00:00:00+00:00,21.7505352436,0.326086956509708,21.782981679526422,-0.14127946139372544,40.59645171481252,56.03055648424891
2016-04-11 00:00:00+00:00,21.6955501419,-0.2527988441855977,21.73926591071321,-0.19703915278966158,36.06972818323893,49.24154528879456
2016-04-12 00:00:00+00:00,21.7112601709,0.07241129585213724,21.725263040806606,-0.06231392846876217,38.985491225493476,53.94405525744529
2016-04-13 00:00:00+00:00,22.1747060284,2.1345875543473225,21.949984534603303,1.03613681293928,79.78430790504444,75.51777891865058
2016-04-14 00:00:00+00:00,22.1904160575,0.07084661722178698,22.070200296051652,0.5534917150805335,80.44904759528583,44.339553732984434
2016-04-15 00:00:00+00:00,21.9154905488,-1.238938053201022,21.992845422425827,-0.3427231690602442,43.178772656396376,31.829317912681443
2016-04-18 00:00:00+00:00,22.1432859703,1.0394265234116462,22.068065696362915,0.34835167717570104,63.94108004671385,60.735426836605775
2016-04-19 00:00:00+00:00,22.2532561738,0.496630010773913,22.16066093508146,0.422490843974807,71.48586003939873,52.74326780111758
2016-04-20 00:00:00+00:00,22.3396613336,0.388280973917543,22.25016113434073,0.405385908946175,77.12643766953147,50.74393346862821
2016-04-21 00:00:00+00:00,22.182561043,-0.7032348801264576,22.216361088670364,-0.14892448559014132,50.098350929852,32.26312211305627
2016-04-22 00:00:00+00:00,22.1118659122,-0.31869688384024153,22.16411350043518,-0.23381068471519142,40.51474559420545,43.19561571154241
2016-04-25 00:00:00+00:00,22.1747060284,0.2841918291722756,22.16940976441759,0.025190572228542082,52.603698365910894,58.824346499225655
2016-04-26 00:00:00+00:00,22.3475163482,0.7793127880869166,22.258463056308795,0.40225168015772933,74.21742355370242,69.24729500589217
2016-04-27 00:00:00+00:00,22.4967616243,0.6678383126544674,22.377612340304395,0.5350449964060984,83.79223846882789,63.79369553871979
2016-04-28 00:00:00+00:00,21.962620636,-2.374301676037871,22.170116488152196,-0.9196283398158863,27.98991749782105,15.103194139656974
2016-04-29 00:00:00+00:00,21.5934349529,-1.6809728184024153,21.8817757205261,-1.3003005791091509,16.557727938727737,32.671079144450545
2016-05-02 00:00:00+00:00,21.4991747785,-0.4365223717560651,21.69047524951305,-0.868411475432608,14.31804666307762,56.76092831562248
2016-05-03 00:00:00+00:00,21.0985690373,-1.8633540372006263,21.394522143406526,-1.3658827563166172,7.688307755900877,35.138574907384864
2016-05-04 00:00:00+00:00,20.7686584269,-1.5636634400027383,21.08159028515326,-1.4647730981596778,4.890834299405989,42.0889257859347
2016-05-05 00:00:00+00:00,20.5879930926,-0.8698940999770977,20.83479168887663,-1.1673335990683877,3.765407997850294,57.793675566319834
2016-05-06 00:00:00+00:00,20.8393535577,1.2209080504808734,20.837072623288314,0.026787225706242812,34.98664426459491,81.03861817464642
2016-05-09 00:00:00+00:00,20.8236435286,-0.07538635522691406,20.830358075944158,-0.024299564760335624,33.95392991509737,53.5901594873054
2016-05-10 00:00:00+00:00,21.2321042844,1.961523953476263,21.031231180172078,0.9686121943579636,69.2977214154261,74.19289118435496
2016-05-11 00:00:00+00:00,20.9728888048,-1.2208657047264704,21.00205999248604,-0.12612675518425337,45.91044983775359,36.3624854662298
2016-05-12 00:00:00+00:00,20.9493237612,-0.11235955055751701,20.97569187684302,-0.11924315287088519,43.89054836944269,49.74977673836472
2016-05-13 00:00:00+00:00,20.8393535577,-0.5249343833411579,20.90752271727151,-0.32208876810602155,33.55608440787889,44.52099786310564
2016-05-16 00:00:00+00:00,21.1849741972,1.6584998116330407,21.046248457235755,0.6682055217635096,68.5103690612136,69.75516558347523
2016-05-17 00:00:00+00:00,20.9336137321,-1.1865035225448683,20.989931094667877,-0.2591490003906794,43.52913828091671,36.927332670759
2016-05-18 00:00:00+00:00,20.9885988338,0.2626641649343453,20.98926496423394,0.0017575822718329526,49.56362964304102,53.60863949860891
2016-05-19 00:00:00+00:00,21.6562750692,3.181137724757366,21.32277001671697,1.5914476535145994,82.8819393517061,74.21191701807777
2016-05-20 00:00:00+00:00,21.9704756505,1.4508523755632385,21.646622833608482,1.521150014538919,88.32572810617957,53.20005601245119
2016-05-23 00:00:00+00:00,21.9469106069,-0.1072577761850213,21.79676672025424,0.7069461191769488,85.2748816478218,38.48274181241738
2016-05-24 00:00:00+00:00,22.3632263772,1.896921975747734,22.07999654872712,1.3019340474623413,92.31197900658978,59.89121677291088
2016-05-25 00:00:00+00:00,22.7167020312,1.5806111695957137,22.398349289963562,1.4412726085290275,95.22080365572332,55.332547905463514
2016-05-26 00:00:00+00:00,22.7009920022,-0.06915629292678638,22.54967064608178,0.6860581578011206,92.87805955142565,34.68058640133087
2016-05-27 00:00:00+00:00,22.7167020312,0.06920415195281748,22.63318633864089,0.377631154876969,93.13153953645218,37.609970397947706
2016-05-31 00:00:00+00:00,22.8188172202,0.4495159062250842,22.726001779420443,0.41357353055102664,94.90098215849122,47.34604859480871
2016-06-01 00:00:00+00:00,22.7009920022,-0.5163511187411429,22.71349689081022,-0.05138879409505814,65.63552976133725,29.693711904841066
2016-06-02 00:00:00+00:00,22.8423822638,0.6228373702184431,22.777939577305112,0.2857242880616925,77.90182563527115,57.63689027768764
2016-06-03 00:00:00+00:00,22.8816573364,0.17193947700560042,22.829798456852558,0.22883188253364645,80.7629171868347,46.632946393043866
2016-06-06 00:00:00+00:00,22.8580922928,-0.10298661173687718,22.843945374826276,0.06292263539838464,72.33419878780346,39.70068632394714
2016-06-07 00:00:00+00:00,22.8345272492,-0.10309278350153495,22.83923631201314,-0.020085074051575155,62.543318765551184,39.69726789190727
2016-06-08 00:00:00+00:00,22.889512351,0.24079807389894015,22.864374331506568,0.11035649992368249,74.58404216009632,57.48365416843757
2016-06-09 00:00:00+00:00,22.889512351,0.0,22.876943341253284,0.055178249961841244,74.58404216009632,43.88752077474533
2016-06-10 00:00:00+00:00,22.8031071911,-0.3774879891498606,22.840025266176642,-0.16115486959400968,34.908125207972695,28.202153106507104
2016-06-13 00:00:00+00:00,22.653861915,-0.6544953494682093,22.746943590588323,-0.4078251095311095,14.6779697766282,20.239828047197943
2016-06-14 00:00:00+00:00,22.7481220894,0.4160887655874079,22.74753283999416,0.004131828028149209,44.91885762903639,69.75040327827547
2016-06-15 00:00:00+00:00,22.5046166388,-1.0704419892025419,22.626074739397083,-0.5331550805871963,18.925751068786152,30.420510950390565
2016-06-16 00:00:00+00:00,22.6774269586,0.7678883074242693,22.651750848998542,0.11736661341853649,49.83033634510336,65.99183930752284
2016-06-17 00:00:00+00:00,22.7402670748,0.27710426017342193,22.69600896189927,0.1972354367959792,58.466108484942744,54.777381775566994
2016-06-20 00:00:00+00:00,22.6224418568,-0.5181347150076787,22.659225409349634,-0.16044963910584975,39.39447671682512,38.76577315319038
2016-06-21 00:00:00+00:00,22.5988768132,-0.1041666666629748,22.62905111127482,-0.13230815288441228,35.88297148744617,50.14478849058377
2016-06-22 00:00:00+00:00,22.5596017406,-0.173792144293905,22.59432642593741,-0.15305014858915864,29.34390319987134,47.89919429555649
2016-06-23 00:00:00+00:00,22.9523524672,1.7409470748465106,22.773339446568706,0.793948463128676,81.07509361477813,81.70170072387832
2016-06-24 00:00:00+00:00,21.7976653308,-5.030800821179893,22.285502388684353,-2.1184261790256085,19.172118432463044,18.39378623027565
2016-06-27 00:00:00+00:00,21.4520446913,-1.585585585680327,21.868773539992176,-1.8520058823529677,14.277634352955207,48.718401554436795
2016-06-28 00:00:00+00:00,21.8290853889,1.7575979494062643,21.848929464446087,-0.04720396647335168,39.53633907981327,66.71944691244796
2016-06-29 00:00:00+00:00,22.198271072,1.6912558475204342,22.023600268223042,0.8220259405235413,57.79968957317079,66.02953337388256
2016-06-30 00:00:00+00:00,22.536036697,1.5215852797925589,22.27981848261152,1.17180561015805,70.1663867606565,63.51015192736375
2016-07-01 00:00:00+00:00,22.6224418568,0.3834088529484081,22.45113016970576,0.7776072315532291,73.18202692993374,45.891218330269865
2016-07-05 00:00:00+00:00,22.4574865516,-0.7291666666408791,22.45430836065288,0.02422028245617497,56.75392363787595,32.6217201950283
2016-07-06 00:00:00+00:00,22.7666436203,1.3766325451855854,22.61047599047644,0.7004264138208802,73.48629660845452,62.99777884849671
2016-07-07 00:00:00+00:00,22.7824978289,0.06963788279208405,22.69648690968822,0.38503214830648214,74.25260017893966,44.3733840718434
2016-07-08 00:00:00+00:00,23.1947072538,1.8093249826939939,22.94559708174411,1.097178565500238,87.89602027147585,65.02049164287395
2016-07-11 00:00:00+00:00,23.3294680273,0.5809979493400119,23.137532554522053,0.8390882574201249,90.39254134104678,46.673008352764214
2016-07-12 00:00:00+00:00,23.4721559052,0.6116207953521746,23.304844229861025,0.7253545263861498,92.76319767748531,47.22985719469557
2016-07-13 00:00:00+00:00,23.5831353657,0.4728132385803274,23.44398979778051,0.5990838824832386,94.3808277465293,44.098902144227225
2016-07-14 00:00:00+00:00,23.59106247,0.03361344527381682,23.517526133890257,0.3163486638785277,94.51225624544603,33.544718843927186
2016-07-15 00:00:00+00:00,23.638625096,0.20161290344800076,23.578075614945128,0.25898078366326427,95.46656173047423,41.5685296970786
2016-07-18 00:00:00+00:00,23.7099690349,0.3018108651000606,23.644022324922563,0.28039582438166244,96.74150987773568,47.264840901816875
2016-07-19 00:00:00+00:00,23.7178961392,0.033433634132262746,23.680959232061284,0.1569147292569626,96.88740352623327,33.96257677951339
2016-07-20 00:00:00+00:00,24.2807205463,2.372994652631877,23.980839889180643,1.2649546909444198,99.4604023987922,85.88993806775089
2016-07-21 00:00:00+00:00,24.2410850247,-0.1632386548184206,24.11096245694032,0.5508580180629996,91.47288079322047,37.69331775583001
2016-07-22 00:00:00+00:00,24.3441373809,0.4251144538084839,24.22754991892016,0.48798623593574175,93.50662712850527,47.871880610240424
2016-07-25 00:00:00+00:00,24.4075542155,0.2605014653333182,24.31755206721008,0.37424385063453,94.67824772412628,44.80037844837415
2016-07-26 00:00:00+00:00,24.4788981544,0.29230269559206157,24.39822511080504,0.3332732731132958,95.9204069728847,45.80795250712781
2016-07-27 00:00:00+00:00,24.3837729025,-0.38860103628848286,24.39099900665252,-0.02766388158759353,65.39328925812877,28.878361212715447
2016-07-28 00:00:00+00:00,24.1935223987,-0.7802340702594557,24.29226070267626,-0.40394897592352463,33.453290865196166,21.896573807982698
2016-07-29 00:00:00+00:00,24.201449503,0.03276539963616987,24.24685510283813,-0.18559178814367738,35.424573985397835,55.44150010348031
2016-08-01 00:00:00+00:00,24.3599915895,0.6550933508356671,24.303423346169065,0.23475078134599486,65.80916454633952,70.15801031658687
2016-08-02 00:00:00+00:00,24.272793442,-0.3579563941129793,24.28810839408453,-0.06160280638349222,47.40658425284149,38.83752256881265
2016-08-03 00:00:00+00:00,24.3520644852,0.326583931880009,24.320086439642267,0.13249056274825838,61.925280770090836,57.89134601899454
2016-08-04 00:00:00+00:00,24.4154813198,0.26041666667950825,24.367783879721134,0.1964536147138833,71.39962604525533,55.38950362097886
2016-08-05 00:00:00+00:00,24.6057318236,0.7792207792590711,24.486757851660567,0.4878371969864772,86.50773116706094,70.42281430732395
2016-08-08 00:00:00+00:00,24.5819505106,-0.09664948464239709,24.534354181130283,0.19559385617204006,78.71161368655638,37.99685392957961
2016-08-09 00:00:00+00:00,24.5264607804,-0.22573363401765523,24.53040748076514,-0.015069888922807584,59.83755384853271,34.48648474553512
2016-08-10 00:00:00+00:00,24.4551168414,-0.2908855853226755,24.49276216108257,-0.15297773712274154,40.91604132212127,32.232044264262804
2016-08-11 00:00:00+00:00,24.5343878847,0.3241491088106452,24.513575022891285,0.08558568584395182,61.30778489520853,64.80800292946837
2016-08-12 00:00:00+00:00,24.4709710501,-0.25848142166019494,24.492273036495643,-0.08644786790812156,43.35285468734481,38.50609761288868
2016-08-15 00:00:00+00:00,24.7246383885,1.0366051182875369,24.608455712497822,0.47507862518970767,79.45477334975527,73.86773738068469
2016-08-16 00:00:00+00:00,24.6691486582,-0.2244309074538764,24.63880218534891,0.12532385886791564,65.71299767546122,40.14799845473249
2016-08-17 00:00:00+00:00,24.3520644852,-1.2853470437643288,24.495433335274456,-0.5800115924482065,26.47117063573601,25.47350899477631
2016-08-18 00:00:00+00:00,24.1618139814,-0.7812500000384914,24.32862365833723,-0.680630796243349,17.21754845683145,40.87589592461949
2016-08-19 00:00:00+00:00,24.1935223987,0.1312335958070454,24.261073028518616,-0.2746986002181518,23.87074290393173,62.127869496404635
2016-08-22 00:00:00+00:00,24.2807205463,0.36041939723785443,24.270896787409306,0.04286039850985132,42.825501238667954,66.64488003060646
2016-08-23 00:00:00+00:00,24.5581691977,1.1426705845526408,24.414532992554655,0.592765491531246,73.87287602154366,79.29069226966949
2016-08-24 00:00:00+00:00,24.6215860322,0.25823111645446595,24.518059512377327,0.425498303992856,77.97374888569418,48.260294931313304
2016-08-25 00:00:00+00:00,24.8039094317,0.740502253841635,24.660984472038663,0.5830002789172455,86.86476814822822,60.80608878754465
2016-08-26 00:00:00+00:00,24.8514720577,0.19175455438171785,24.756228264869332,0.38737741664948167,88.65649893091191,43.00733978099646
2016-08-29 00:00:00+00:00,25.0337954571,0.7336523123325778,24.895011860984667,0.5605148644910297,93.64273715830139,60.24477164621439
2016-08-30 00:00:00+00:00,25.0020870398,-0.12666244459149656,24.948549450392335,0.21692620994976658,84.00939115140473,35.02088426604298
2016-08-31 00:00:00+00:00,24.9228159966,-0.31705770431808,24.935682723496168,-0.05006574718415671,60.62266806008952,30.747322567354548
2016-09-01 00:00:00+00:00,25.0337954571,0.4452926206859553,24.984739090298085,0.19761343675089932,75.150028796353,60.036847526277406
2016-09-02 00:00:00+00:00,25.2319730652,0.7916402785970389,25.108356077749043,0.4946268576739691,87.5012549782993,68.97801560306154
2016-09-06 00:00:00+00:00,25.2636814825,0.12566760918009123,25.18601878012452,0.31014723342703016,88.83330375887618,41.923965713462906
2016-09-07 00:00:00+00:00,25.2002646479,-0.2510197678193937,25.19314171401226,0.029563732803818216,67.31204156815511,31.456384946156682
2016-09-08 00:00:00+00:00,24.9465973096,-1.0066058505506126,25.069869511806132,-0.4885210588733972,27.434056614234514,17.962360124045848
2016-09-09 00:00:00+00:00,24.4551168414,-1.970130283102256,24.762493176603066,-1.2293256709878266,10.079516451879593,9.866470726857777
2016-09-12 00:00:00+00:00,24.9228159966,1.9124797408787586,24.842654586601533,0.341577034945466,52.74736232213762,75.79847176575785
2016-09-13 00:00:00+00:00,24.6215860322,-1.208651399749916,24.732120309400766,-0.433537182402225,36.1674346029938,40.274585802862894
2016-09-14 00:00:00+00:00,24.5740234063,-0.19317450077260823,24.653071857850385,-0.3133558415874166,33.66147567412055,51.39227654865754
2016-09-15 00:00:00+00:00,24.8197636404,1.0000000001505693,24.736417749125195,0.3433220792815764,56.83838888479703,63.40002085687258
2016-09-16 00:00:00+00:00,24.4471897371,-1.5011178538926528,24.5918037431126,-0.5788978873055383,31.67291069179324,35.683272508779545
2016-09-19 00:00:00+00:00,24.589877615,0.5836575877818051,24.5908406790563,0.0023798502381334186,45.527830260820664,58.414104126920876
2016-09-20 00:00:00+00:00,24.6532944495,0.25789812984393645,24.622067564278147,0.13013899004103494,52.01460613061909,53.945464492876724
2016-09-21 00:00:00+00:00,24.859399162,0.8360128619815388,24.74073336313907,0.48307592601128685,69.63978881266307,61.7373255156531
2016-09-22 00:00:00+00:00,25.0972122917,0.9566326529062863,24.918972827419537,0.7198542894587866,81.43920139724062,63.66144584660192
2016-09-23 00:00:00+00:00,24.8435449533,-1.0107391030193869,24.881258890359767,-0.14544240678030013,50.21421492911238,28.543712247972163
2016-09-26 00:00:00+00:00,24.6295131366,-0.8615188255232109,24.755386013479885,-0.5034806161517555,33.80838455395053,32.7634738801303
2016-09-27 00:00:00+00:00,24.9545244139,1.3196009011523069,24.85495521368994,0.40806014250027567,62.05019151096072,70.70001716260823
2016-09-28 00:00:00+00:00,24.9703786225,0.06353240132745963,24.91266691809497,0.23579627191386765,63.19909973803966,47.532904175325164
2016-09-29 00:00:00+00:00,24.883180475,-0.3492063489234809,24.897923696547487,-0.056705038504806626,50.56883046075681,40.92328987858171
2016-09-30 00:00:00+00:00,25.1447749177,1.0512902197644003,25.021349307123742,0.4972925906297968,73.9742799508051,65.40669723738951
2016-10-03 00:00:00+00:00,25.176483335,0.12610340479795035,25.09891632106187,0.3116979977138736,76.03723751142495,46.36565860160764
2016-10-04 00:00:00+00:00,25.0565953191,-0.4761904762661251,25.077755820080938,-0.08224623927612576,52.455678427345624,36.10259336352188
2016-10-05 00:00:00+00:00,25.2484161445,0.7655502391970215,25.163085982290468,0.34165199996044787,72.74328835271086,62.06817744219531
2016-10-06 00:00:00+00:00,25.1604982662,-0.3482114592726626,25.161792124245235,-0.003279729656107372,56.24353233866252,40.12882111177615
2016-10-07 00:00:00+00:00,25.1525057318,-0.031766200793947874,25.157148928022618,-0.017522965225027623,54.55609956226896,47.96725343087504
2016-10-10 00:00:00+00:00,25.1525057318,0.0,25.15482732991131,-0.008761482612513811,54.55609956226896,48.97318356828133
2016-10-11 00:00:00+00:00,24.8088267529,-1.366380680178092,24.981827041405655,-0.6875710813953029,13.979000725959327,21.791512894212133
2016-10-12 00:00:00+00:00,24.2493493455,-2.2551546390020216,24.61558819345283,-1.4713628601986621,4.963819188374474,14.136218159994415
2016-10-13 00:00:00+00:00,24.1134762608,-0.5603164141194439,24.364532227126414,-1.015839637159053,4.019511078312841,57.17204044887916
2016-10-14 00:00:00+00:00,24.1214687952,0.033145508816545544,24.243000511163206,-0.49134706417125373,5.604016105909864,66.09712744062715
2016-10-17 00:00:00+00:00,24.1534389328,0.1325381048369767,24.1982197219816,-0.17940447966713852,14.111425078610946,67.78373003309834
2016-10-18 00:00:00+00:00,24.3292746894,0.7279947053883795,24.263747205690798,0.27429511286062047,50.7386517196935,77.73670712798888
2016-10-19 00:00:00+00:00,24.2573418799,-0.2956636004086799,24.2605445427954,-0.010684243774029711,40.21497440257887,43.26730486665192
2016-10-20 00:00:00+00:00,24.1054837264,-0.6260296542459742,24.1830141345977,-0.318356949010002,24.27272748266354,35.62109030429707
2016-10-21 00:00:00+00:00,24.097491192,-0.03315649870675452,24.14025266329885,-0.17575672385837826,23.53612306460905,56.37434536716214
2016-10-24 00:00:00+00:00,24.3452597582,1.0281923716700225,24.242756210749427,0.42621782390582214,68.28719100377839,76.61607576454871
2016-10-25 00:00:00+00:00,24.2493493455,-0.39395929085412895,24.246052778124714,0.01612926652584659,50.967169820109724,39.64451438498361
2016-10-26 00:00:00+00:00,24.4171925677,0.6921555700674764,24.331622672912356,0.3541424182966615,70.56485177297368,61.13122208979107
2016-10-27 00:00:00+00:00,24.2813194831,-0.5564648115186643,24.306471078006176,-0.10116119661100142,47.5078080729442,37.87790212042132
2016-10-28 00:00:00+00:00,24.4491627053,0.6912442394937379,24.37781689165309,0.29504152144136825,67.3037101350779,60.43579393887129
2016-10-31 00:00:00+00:00,24.5210955148,0.2942137952413493,24.449456203226546,0.29462765834135873,73.68369884043852,51.508268609036115
2016-11-01 00:00:00+00:00,24.361244827,-0.6518904822319982,24.405350515113273,-0.17863141194531973,44.64516792924816,33.70934796482903
2016-11-02 00:00:00+00:00,24.2893120175,-0.29527559043401874,24.347331266306636,-0.23695350118966924,35.26431295141511,44.54404206939841
2016-11-03 00:00:00+00:00,24.2333642767,-0.23033892750724538,24.29034777150332,-0.2336462143484573,28.321557290003742,46.913924153228855
2016-11-04 00:00:00+00:00,24.1294613296,-0.4287598944728521,24.209904550551663,-0.33120305441065473,18.290322607720526,39.2299612500234
2016-11-07 00:00:00+00:00,24.728901409,2.484266313333139,24.46940297977583,1.0765316294612421,79.89977505220129,86.80884885126922
2016-11-08 00:00:00+00:00,24.7768566154,0.1939237235283997,24.623129797587914,0.6352276764948209,81.56755252959557,45.13390629861256
2016-11-09 00:00:00+00:00,25.0645878535,1.1612903225228344,24.843858825543958,0.8982589995088277,89.44762188970736,57.92972914588606
2016-11-10 00:00:00+00:00,24.7768566154,-1.1479591836169867,24.810357720471977,-0.12485009205407949,54.49915823656914,31.567722718992044
2016-11-11 00:00:00+00:00,25.0645878535,1.1612903225228344,24.93747278698599,0.5182201152343775,71.31223665961718,59.329517800672335
2016-11-14 00:00:00+00:00,25.0725803879,0.03188775513371933,25.005026587442995,0.2750539351840484,71.7472250602131,45.721950980818924
2016-11-15 00:00:00+00:00,25.3363340228,1.051960471636515,25.170680305121497,0.6635072034102817,83.86073400742852,58.589452984728375
2016-11-16 00:00:00+00:00,25.2324310757,-0.4100946372371683,25.20155569041075,0.12670628308655668,66.9090019931518,38.80929852648891
2016-11-17 00:00:00+00:00,24.0175658481,-4.8146974976579715,24.609560769255374,-2.3439956072857075,14.720641604734348,15.36628598631117
2016-11-18 00:00:00+00:00,24.1214687952,0.43261231282611945,24.365514782227685,-0.955691647229794,22.477857700822113,59.29977264248059
2016-11-21 00:00:00+00:00,24.0175658481,-0.4307488403055948,24.19154031516384,-0.6932202437676944,19.77912265755623,52.56537034703592
2016-11-22 00:00:00+00:00,23.8896852979,-0.5324459231579981,24.04061280653192,-0.6128330834628463,16.190461538932784,51.531360002891645
2016-11-23 00:00:00+00:00,23.7458196788,-0.6022080965321419,23.89321624266596,-0.607520589997494,12.395326869757456,50.50901651997152
2016-11-25 00:00:00+00:00,24.0495359857,1.2790306294254927,23.97137611418298,0.33575501971399935,49.71849892453239,72.54301294333689
2016-11-28 00:00:00+00:00,23.913662901,-0.5649717515580854,23.94251950759149,-0.11460836592204304,38.6644834204185,43.843232142631415
2016-11-29 00:00:00+00:00,23.8417300915,-0.30080213891862106,23.892124799545748,-0.20770525242033205,32.86237482652264,48.24332647474476
2016-11-30 00:00:00+00:00,23.8337375571,-0.03352329872591264,23.862931178322874,-0.12061427557312235,32.06052503386864,53.74383095565897
2016-12-01 00:00:00+00:00,23.5380137846,-1.2407780013164782,23.70047248146144,-0.6806961384448003,13.618360622676748,31.245532183436573
2016-12-02 00:00:00+00:00,23.3781630968,-0.6791171475334257,23.53931778913072,-0.679906642989113,9.286919123257329,46.79013765115216
2016-12-05 00:00:00+00:00,23.6019540597,0.9572649569316694,23.57063592441536,0.1386791569712782,45.613174299592096,73.23520033208499
2016-12-06 00:00:00+00:00,23.4421033719,-0.6772773448997627,23.50636964815768,-0.26929909396424223,31.918396259210674,41.97689295913351
2016-12-07 00:00:00+00:00,23.9376405042,2.113876576851892,23.72200507617884,0.9222887414438248,71.58653612351463,72.28101773394069
2016-12-08 00:00:00+00:00,23.9376405042,0.0,23.829822790189418,0.4611443707219124,71.58653612351462,45.36507885326829
2016-12-09 00:00:00+00:00,24.0255583825,0.3672787979440706,23.92769058634471,0.4142115843329915,76.94820831792666,50.19830270157604
2016-12-12 00:00:00+00:00,24.1134762608,0.3659347970203175,24.020583423572354,0.39007319067665447,82.03363643063322,50.17393919719477
2016-12-13 00:00:00+00:00,24.4491627053,1.3921113690509745,24.23487306443618,0.8910922798638146,92.06252767538115,67.97520457055305
2016-12-14 00:00:00+00:00,24.3452597582,-0.4249754821970875,24.29006641131809,0.23305839883336354,73.11389144489,34.878022312694206
2016-12-15 00:00:00+00:00,24.4811328429,0.5581089955478236,24.385599627109045,0.39558369719059355,80.84667773582477,53.32213887033915
2016-12-16 00:00:00+00:00,24.4491627053,-0.13059092406040307,24.41738116620452,0.13249638656509524,73.3962024366784,41.092290359595104
2016-12-19 00:00:00+00:00,24.5770432556,0.52304674741388,24.497212210902262,0.3277715669894876,82.86868412180054,55.59234546354272
2016-12-20 00:00:00+00:00,24.4251851021,-0.6178861790683388,24.461198656501132,-0.14505730603942557,50.708171269436924,33.80535282133182
2016-12-21 00:00:00+00:00,24.3132896206,-0.45811518329242906,24.387244138550564,-0.3015862446659273,35.486523412856094,38.84010509813402
2016-12-22 00:00:00+00:00,24.3452597582,0.13149243931562804,24.366251948375282,-0.08504690267514964,42.840096662986014,56.960828890360915
2016-12-23 00:00:00+00:00,24.4012074989,0.22980958616041214,24.383729723637643,0.07238134174263125,56.00413513580989,59.93032058114605
2016-12-27 00:00:00+00:00,24.5210955148,0.4913200131813289,24.45241261921882,0.28185067746198006,74.7187446757589,68.57961561523143
2016-12-28 00:00:00+00:00,24.3132896206,-0.8474576271462864,24.38285111990941,-0.2828034748421532,35.47953814736573,25.805248636998392
2016-12-29 00:00:00+00:00,24.3452597582,0.13149243931562804,24.364055439054706,-0.07565551776326257,42.45361314917502,55.94448217434493
2016-12-30 00:00:00+00:00,24.1534389328,-0.7879185817082579,24.258747185927355,-0.4317870497357602,21.519273639778646,35.5820273657956
2017-01-03 00:00:00+00:00,24.4092000333,1.0589013896181942,24.33397360961368,0.313557169941217,60.48743089025755,69.27616757912442
2017-01-04 00:00:00+00:00,24.2653344143,-0.5893909624392957,24.29965401195684,-0.13791689624903933,42.62834827610557,40.74488238228206
2017-01-05 00:00:00+00:00,24.3217654245,0.2325581392636611,24.31070971822842,0.04732062150731088,51.11975172348001,54.70010126704357
2017-01-06 00:00:00+00:00,24.3701348619,0.198873052822357,24.34042229006421,0.12309683716483394,58.934329391400205,53.919479814781795
2017-01-09 00:00:00+00:00,24.3298269974,-0.16539861075210993,24.335124643732108,-0.021150886793637996,49.11849592852885,43.783953462588144
2017-01-10 00:00:00+00:00,24.4910584553,0.662690523517595,24.413091549516054,0.32076981836197854,74.55075644140537,65.74236583471632
2017-01-11 00:00:00+00:00,24.3056422788,-0.7570770240020952,24.359366914158027,-0.21815360282005833,40.033439661758024,32.79655192314833
2017-01-12 00:00:00+00:00,24.2169649769,-0.3648424546153439,24.288165945529016,-0.29149802871770114,30.05163291025489,44.3528276363713
2017-01-13 00:00:00+00:00,24.2411496956,0.09986684426834813,24.26465782056451,-0.0958155922246765,36.526062604865785,57.37807899097685
2017-01-17 00:00:00+00:00,24.1766571124,-0.26604589307785975,24.220657466482255,-0.18093074265126813,26.656679949787314,44.95098354201266
2017-01-18 00:00:00+00:00,24.208903404,0.13337779267863503,24.214780435241128,-0.023776474986316548,39.0152835103282,59.36221772828333
2017-01-19 00:00:00+00:00,24.1685955395,-0.16650016660126887,24.191687987370564,-0.09513832079379271,29.648133662900104,45.8460030392586
2017-01-20 00:00:00+00:00,24.2653344143,0.4002668448064961,24.228511200835282,0.1525642620063517,62.26408644615853,67.08964007336307
2017-01-23 00:00:00+00:00,24.4023811535,0.5647840530861759,24.31544617716764,0.35867415754626375,80.9911400072044,71.89078768115334
2017-01-24 00:00:00+00:00,24.668413059,1.0901883050943306,24.49192961808382,0.7244312313202972,92.22544703126009,83.45400716357271
2017-01-25 00:00:00+00:00,24.749028788,0.3267973858196438,24.62047920304191,0.5256143085699705,93.87173281493898,44.003050283052545
2017-01-26 00:00:00+00:00,24.7812750796,0.13029315968808852,24.700877141320955,0.3279537341290295,94.56256862333532,37.21104020471328
2017-01-27 00:00:00+00:00,24.974752829,0.7807417042849041,24.837814985160477,0.5543477192069668,97.30093953082142,64.4534423300388
2017-01-30 00:00:00+00:00,24.8538292356,-0.4841833439872434,24.84582211038024,0.035082187609861704,66.09494611240699,28.448409649718307
2017-01-31 00:00:00+00:00,24.7651519338,-0.35679532903920563,24.80548702209012,-0.16085657071467196,48.85832199041005,34.0165142300974
2017-02-01 00:00:00+00:00,24.5877973301,-0.716145833363302,24.69664217609506,-0.43850120203898696,27.412190774622044,25.590126003042112
2017-02-02 00:00:00+00:00,25.1359842869,2.229508196445562,24.916313231497533,0.8955034972032876,76.08396148881415,81.60827831466575
2017-02-03 00:00:00+00:00,25.2488463075,0.4490057732046582,25.082579769498764,0.6722546352039729,80.18675335267177,48.502018688777156
2017-02-06 00:00:00+00:00,25.2327231617,-0.06385696044737266,25.157651465599383,0.3041988373783001,77.34355227377264,41.2685735565424
2017-02-07 00:00:00+00:00,25.3536467551,0.47923322673133484,25.255649110349694,0.3917160320548175,83.80402784795075,52.51687072396045
2017-02-08 00:00:00+00:00,25.208538443,-0.5723370428785124,25.232093776674844,-0.09031050541184746,55.379459065045914,33.74567454679693
2017-02-09 00:00:00+00:00,25.3939546196,0.7355292613225206,25.31302419813742,0.32260937795533656,72.95877433495052,60.25109098936069
2017-02-10 00:00:00+00:00,25.4020161925,0.03174603176527846,25.35752019531871,0.1771777048603075,73.6361648855126,45.54421479400758
2017-02-13 00:00:00+00:00,25.7728485457,1.459854014696238,25.565184370509357,0.8185158597782728,90.337502378107,68.75682794484419
2017-02-14 00:00:00+00:00,26.0469420241,1.0634970283319056,25.80606319730468,0.9410064440550892,94.32403174400412,58.39426998716702
2017-02-15 00:00:00+00:00,26.4580822417,1.5784586813284651,26.13207271950234,1.2597325626917772,97.05649021310403,67.84018970017384
2017-02-16 00:00:00+00:00,27.0868849276,2.3765996346815976,26.60947882355117,1.8181660986866874,98.60126426872625,78.95054459760645
2017-02-17 00:00:00+00:00,27.1997469481,0.4166666665497587,26.904612885825586,1.117416382618223,98.77443012051428,34.74128626398871
2017-02-21 00:00:00+00:00,27.514148291,1.1558980438307387,27.20938058841279,1.1366572132244808,99.19227681054394,50.44153076626306
2017-02-22 00:00:00+00:00,27.4819019994,-0.11719894528062769,27.345641293906397,0.5097291339719265,94.2487041834043,31.107967597677963
2017-02-23 00:00:00+00:00,27.441594135,-0.14667057760733293,27.3936177144532,0.1815292781822968,86.19413957305943,30.699378117815527
2017-02-24 00:00:00+00:00,27.667318176,0.8225616918956735,27.530467945226597,0.5020454850389852,91.96338590975722,57.94695642326481
2017-02-27 00:00:00+00:00,27.6189487386,-0.17482517493132566,27.5747083419133,0.16361015505382975,81.07359559810885,36.061311960778205
2017-02-28 00:00:00+00:00,27.5544561555,-0.23350846446181794,27.56458224870665,-0.034949154703994095,65.54956836937576,34.89806449598879
2017-03-01 00:00:00+00:00,27.7640570508,0.7606787596066145,27.664319649753324,0.3628648024513102,82.18205525739924,64.22457461452998
2017-03-02 00:00:00+00:00,27.7237491863,-0.14518002331666002,27.69403441802666,0.10884238956732509,72.13585925336812,39.75097502139291
2017-03-03 00:00:00+00:00,27.6431334573,-0.29078220430531765,27.66858393766333,-0.09096990736899628,52.77990758098204,36.40617394959012
2017-03-06 00:00:00+00:00,27.5625177284,-0.29163021270554035,27.615550833031662,-0.19130006003726832,37.633013846134965,36.379431453028516
2017-03-07 00:00:00+00:00,27.5705793013,0.02924831823942764,27.59306506716583,-0.08102587089892034,40.20694516843649,55.09957352167403
2017-03-08 00:00:00+00:00,27.4254709892,-0.5263157894297765,27.509268028182916,-0.3036708301643484,19.01658149799034,31.23237692790812
2017-03-09 00:00:00+00:00,27.4657788536,0.1469723689189184,27.487523440891458,-0.07834923062271501,33.59820579898538,61.52706740643829
2017-03-10 00:00:00+00:00,27.6189487386,0.5576753742045248,27.55323608974573,0.2396630717909049,67.2304226833793,72.57982947632263
2017-03-13 00:00:00+00:00,27.4899635723,-0.4670169292857018,27.521599831022865,-0.11367692874739846,40.99956208464909,34.97556406309313
2017-03-14 00:00:00+00:00,27.5060867181,0.0586510264285911,27.51384327456143,-0.02751295115940368,45.02154741487371,53.51032425315098
2017-03-15 00:00:00+00:00,27.6028255929,0.3516998829802276,27.558334433730714,0.16209346591041196,65.92636026245499,62.45862113193036
2017-03-16 00:00:00+00:00,27.59476402,-0.029205607494309227,27.576549226865357,0.06644392920805137,62.935083498077894,45.41529177855342
2017-03-17 00:00:00+00:00,27.59476402,0.0,27.585656623432676,0.03322196460402568,62.935083498077894,47.076228550386425
2017-03-20 00:00:00+00:00,27.6350718844,0.14607069794394523,27.610364253916337,0.08964633127398546,75.46094973690079,56.912334363854356
2017-03-21 00:00:00+00:00,27.3126089686,-1.1668611435095566,27.461486611258167,-0.5386074061177856,14.92701347131604,16.233863142411515
2017-03-22 00:00:00+00:00,27.4899635723,0.6493506493791878,27.475725091779083,0.05537162163070114,48.80690370121198,66.26565582652796
2017-03-23 00:00:00+00:00,27.3771015518,-0.41055718463637314,27.42641332178954,-0.177592781502836,35.36365856648937,43.514466292377
2017-03-24 00:00:00+00:00,27.4738404265,0.35335689030835393,27.45012687414477,0.08788205440275897,52.267387941439736,58.80513196641523
2017-03-27 00:00:00+00:00,27.4012862705,-0.2640845068387909,27.425706572322387,-0.08810122621801597,40.38553595943803,44.27447960778074
2017-03-28 00:00:00+00:00,27.4254709892,0.08826125336325319,27.425588780761196,8.001357261860909e-05,46.469978118465896,54.00331733612481
2017-03-29 00:00:00+00:00,27.1997469481,-0.8230452676232569,27.312667864430598,-0.4114826270253191,19.13222963787219,32.1962038910053
2017-03-30 00:00:00+00:00,27.1997469481,0.0,27.256207406265297,-0.20574131351265956,19.13222963787219,56.172244934003544
2017-03-31 00:00:00+00:00,27.2481163855,0.17783046839479066,27.25216189588265,-0.01395542255893445,37.00116030050406,60.67860686769791
2017-04-03 00:00:00+00:00,27.0707617818,-0.6508875739916431,27.161461838841326,-0.3324214982752888,16.702502353411038,35.30422719485541
2017-04-04 00:00:00+00:00,27.1675006565,0.3573555686380292,27.164481247670665,0.012467035181370212,42.50787633336436,63.30669861056382
2017-04-05 00:00:00+00:00,26.8341072034,-1.2271774916484013,26.99929422553533,-0.6073552282335155,16.339789900043648,31.334572453210267
2017-04-06 00:00:00+00:00,26.8991595845,0.24242424242741922,26.949226905017667,-0.18246549290304814,29.11216486979669,59.67037990813173
2017-04-07 00:00:00+00:00,26.8015810128,-0.3627569530322061,26.875403958908834,-0.27261122296762713,21.668790047545137,47.549804716593805
2017-04-10 00:00:00+00:00,26.842238751,0.1516990291751119,26.858821354954415,-0.06045609689625761,32.46142092020828,58.340166633672226
2017-04-11 00:00:00+00:00,26.7690548223,-0.2726446529996429,26.813938088627207,-0.16655037494795027,23.659731138844656,46.503371732046375
2017-04-12 00:00:00+00:00,26.5251083932,-0.911300121425207,26.669523240913605,-0.5389252481865786,10.04354385476372,31.894367728593004
2017-04-13 00:00:00+00:00,26.3624774404,-0.6131207849906173,26.516000340656802,-0.576023016588598,6.374827430225727,44.176074072990325
2017-04-17 00:00:00+00:00,26.5169768455,0.5860579888566697,26.5164885930784,0.005017486134035853,38.42578026837791,73.26262080469499
2017-04-18 00:00:00+00:00,26.5657661314,0.18399264057991083,26.5411273622392,0.09450506335697334,47.01732242618893,58.050723192441154
2017-04-19 00:00:00+00:00,26.5495030361,-0.06121824313125579,26.5453151991696,0.016643410112858775,43.95104518217069,48.7842417835573
2017-04-20 00:00:00+00:00,26.6958708935,0.5513016842574547,26.6205930463348,0.28397254718515674,70.19330137488224,67.95223675461916
2017-04-21 00:00:00+00:00,26.6877393459,-0.03045994503210192,26.6541661961174,0.1267563010765274,67.55742234240138,44.32056383140391
2017-04-24 00:00:00+00:00,27.0617905372,1.4015843996822763,26.8579783666587,0.7641703503794018,90.96575924274741,75.62285740372904
2017-04-25 00:00:00+00:00,27.1756322042,0.4206730772064349,27.01680528542935,0.5924217137929184,93.2042451849387,47.9346260491427
2017-04-26 00:00:00+00:00,27.1593691089,-0.05984440464088525,27.088087197164676,0.2662886545760166,88.50504488034831,37.772426460060544
2017-04-27 00:00:00+00:00,27.4439732762,1.047904191584248,27.26603023668234,0.6570964230801323,95.05270013683491,64.09458855838895
2017-04-28 00:00:00+00:00,27.7041828006,0.9481481481606657,27.48510651864117,0.8026222856203991,97.22246103496694,60.630272710742815
2017-05-01 00:00:00+00:00,27.6228673242,-0.29351335495172437,27.553986921420588,0.25455446533433734,80.64359555420359,30.17722798964576
2017-05-02 00:00:00+00:00,27.8424191104,0.794818957869925,27.698203015910295,0.5246867116021312,88.55075040104661,57.94759438395207
2017-05-03 00:00:00+00:00,27.8505506581,0.029205607701521252,27.77437683700515,0.27694615965182623,88.80482081953495,40.817210999826784
2017-05-04 00:00:00+00:00,27.7936298246,-0.204379562180923,27.784003330802577,0.03628329873545161,72.02304691189602,35.95318321813882
2017-05-05 00:00:00+00:00,27.964392325,0.6143943827331855,27.874197827901288,0.3253388407343185,84.88044108748956,60.62437703003969
2017-05-08 00:00:00+00:00,27.8830768486,-0.29078220422227297,27.87863733825064,0.017278318256022773,63.90324563328083,36.993541346645266
2017-05-09 00:00:00+00:00,27.5659464907,-1.1373578304215037,27.72229191447532,-0.5600397560827405,26.1281944132133,23.915650718134458
2017-05-10 00:00:00+00:00,27.4358417286,-0.4719764008244476,27.57906682153766,-0.5160080784535941,19.15877598726601,46.2977366034991
2017-05-11 00:00:00+00:00,27.3463947045,-0.32602252551543476,27.46273076301883,-0.4210153019845144,15.02560725273587,51.03698621339392
2017-05-12 00:00:00+00:00,27.2000268471,-0.535236395808758,27.331378805059416,-0.47812584889663623,9.823708292999987,42.89721509451837
2017-05-15 00:00:00+00:00,27.8342875628,2.331838564959443,27.582833183929708,0.9268563580314034,72.25613424332808,86.65335764546033
2017-05-16 00:00:00+00:00,27.8912083962,0.20449897728322952,27.737020790064854,0.5656776676573165,74.62140125107085,46.767698647869956
2017-05-17 00:00:00+00:00,27.5008941097,-1.3994169092837794,27.618957449882426,-0.4168696208132314,39.75789600524678,30.756973525675345
2017-05-18 00:00:00+00:00,25.5167964861,-7.21466587844567,26.56787696799121,-3.8157677496294506,8.714174945329972,10.747262102282255
2017-05-19 00:00:00+00:00,25.3785601763,-0.5417463351063745,25.973218572145605,-2.178757042367913,8.056729787271195,57.895454383970424
2017-05-22 00:00:00+00:00,25.6875589865,1.217558474765501,25.830388779322803,-0.48059928380120587,26.619400017718966,65.17149053106415
2017-05-23 00:00:00+00:00,25.8257952963,0.5381449824510387,25.828092037811402,0.028772849324916416,35.37485318466849,59.24122388264464
2017-05-24 00:00:00+00:00,25.6062435101,-0.8501259445491516,25.7171677739557,-0.4106765476121176,27.545103451234013,46.32202869954771
2017-05-25 00:00:00+00:00,25.565585772,-0.15878056491951398,25.64137677297785,-0.2847285562658158,25.94965657657896,53.841320049354685
2017-05-26 00:00:00+00:00,25.6143750578,0.1908396945609514,25.627875915388927,-0.04694443085243219,32.94110033879969,58.275051766361635
2017-05-30 00:00:00+00:00,25.7607429152,0.5714285711430289,25.694309415294462,0.2622420701452984,52.936708023707965,63.932074832564034
2017-05-31 00:00:00+00:00,25.6387697007,-0.4734848482495946,25.666539557997233,-0.1056213890521481,38.5632364950955,41.025454462264406
2017-06-01 00:00:00+00:00,25.8745845822,0.9197589597817579,25.770562070098617,0.4070687853648049,65.62811531655441,65.6446768420102
2017-06-02 00:00:00+00:00,26.0046893444,0.5028284098114622,25.887625707249306,0.45494859758813355,74.81135326218923,55.285026317027096
2017-06-05 00:00:00+00:00,25.8257952963,-0.6879299565196395,25.856710501774653,-0.11649067946575298,48.232895270305484,32.98475842848802
2017-06-06 00:00:00+00:00,25.6631643436,-0.6297229217305134,25.759937422687326,-0.37310680059813317,32.49180811861085,34.90989104162781
2017-06-07 00:00:00+00:00,25.7038220818,0.15842839041841916,25.731879752243664,-0.107339205089857,39.85282620523797,58.89379351519356
2017-06-08 00:00:00+00:00,25.7038220818,0.0,25.71785091702183,-0.0536696025449285,39.85282620523797,53.004877603337654
2017-06-09 00:00:00+00:00,25.5086649385,-0.7592534008324825,25.613257927760916,-0.4064615016887055,18.30109323128226,30.838222730408543
2017-06-12 00:00:00+00:00,25.4110863668,-0.3825310808513782,25.51217214728046,-0.3944962912700418,13.020246678931425,47.255103185093795
2017-06-13 00:00:00+00:00,25.7770060105,1.44000000007114,25.644589078890228,0.522751854400549,66.84103278011777,80.62658589095153
2017-06-14 00:00:00+00:00,25.6956905341,-0.3154574133507837,25.670139806495115,0.10364722052488268,55.411891839783216,42.122083537014646
2017-06-15 00:00:00+00:00,25.6794274389,-0.06329113894960603,25.674783622697557,0.020178040787638324,52.708124886992906,47.522128989795654
2017-06-16 00:00:00+00:00,25.7200851771,0.15832805578215314,25.69743439989878,0.08925304828489573,60.02301184465646,53.26982232420959
2017-06-19 00:00:00+00:00,26.012820892,1.1381599745269977,25.855127645949388,0.6137065114059467,85.03011324812795,72.93140737513392
2017-06-20 00:00:00+00:00,25.8989792251,-0.4376367613979637,25.877053435524694,0.08803487500399149,62.297832373645676,36.194459906315174
2017-06-21 00:00:00+00:00,25.8908476774,-0.03139717449605062,25.883950556462345,0.028318850253970435,60.56306467721079,46.596760110672115
2017-06-22 00:00:00+00:00,25.8989792251,0.03140703541775203,25.891464890781172,0.02986294283586123,62.14428051072684,48.542209348493984
2017-06-23 00:00:00+00:00,26.0941363684,0.7535321821134255,25.992800629590587,0.3916975624746434,84.5070294704493,68.39784985072609
2017-06-26 00:00:00+00:00,26.2161095829,0.4674353378780749,26.104455106245293,0.42956645017635914,90.02907848853631,55.6391813331686
2017-06-27 00:00:00+00:00,25.8257952963,-1.48883374692097,25.96512520127265,-0.5296336483723054,33.21089331618141,19.098722202997152
2017-06-28 00:00:00+00:00,26.0860048207,1.0075566750785692,26.025565010986327,0.23896151335313187,59.05295353884004,64.15691761295412
2017-06-29 00:00:00+00:00,25.541191129,-2.0885286782883483,25.783378069993162,-0.9247835824676083,26.658411309080005,31.50939786218785
2017-06-30 00:00:00+00:00,25.451744105,-0.3502069404212049,25.617561087496583,-0.6374952614444066,23.485620724788795,52.05631301417203
2017-07-03 00:00:00+00:00,25.4761387479,0.09584664531969711,25.54684991769829,-0.27082430806235475,27.03803412158536,57.019239802237
2017-07-05 00:00:00+00:00,25.5330595814,0.22342802440848963,25.539954749549146,-0.023698141826932556,37.236920004330166,58.84692037807823
2017-07-06 00:00:00+00:00,25.21297301,-1.2536162005166607,25.376463879774573,-0.6386571711717967,17.08835915361794,33.850137878426025
2017-07-07 00:00:00+00:00,25.3607052737,0.5859374998791633,25.368584576737284,-0.026359835646316665,39.68314105948469,63.1177769929492
2017-07-10 00:00:00+00:00,25.4263640576,0.258899676453761,25.397474317168644,0.11626992040372217,48.956586021579334,56.456610055289744
2017-07-11 00:00:00+00:00,25.5166448854,0.3550677855295392,25.45705960128432,0.2356688529666307,61.245606827826826,58.39341142525523
2017-07-12 00:00:00+00:00,25.5740963213,0.22515278226438173,25.51557796129216,0.23041081761550622,68.48756676877025,53.56541630665203
2017-07-13 00:00:00+00:00,25.6643771492,0.3530166883152219,25.58997755524608,0.29171375296536406,78.12357917940327,58.61676479787733
2017-07-14 00:00:00+00:00,25.7874873689,0.4796929961880414,25.68873246207304,0.38570337457670273,86.54146502494692,64.37579829793188
2017-07-17 00:00:00+00:00,25.8531461528,0.25461489504863266,25.77093930743652,0.32015913481266767,89.70929508420271,46.95885993720948
2017-07-18 00:00:00+00:00,25.8613535008,0.031746031803980834,25.81614640411826,0.17595258330832425,90.14426035541892,33.497940865861366
2017-07-19 00:00:00+00:00,26.1814400722,1.2377023166637358,25.99879323815913,0.70682744998603,97.16190909014003,80.00928603605482
2017-07-20 00:00:00+00:00,26.1486106803,-0.12539184937676584,26.073701959229567,0.29071780030463207,87.56921683245908,36.604215618892994
2017-07-21 00:00:00+00:00,26.1321959843,-0.06277463916033454,26.102948971764782,0.11397158057214876,81.53203806551561,38.88866204128877
2017-07-24 00:00:00+00:00,26.1486106803,0.06281407046639931,26.125779826032392,0.08839282551927403,83.26286970827371,44.86575700573701
2017-07-25 00:00:00+00:00,26.3620017279,0.8160703075546838,26.243890776966197,0.45223156653697894,94.08070575597498,70.67229794963791
2017-07-26 00:00:00+00:00,25.9844637206,-1.4321295142790125,26.1141772487831,-0.48994897387101677,34.64861440769303,22.83050916236973
2017-07-27 00:00:00+00:00,25.9105975887,-0.28427037284375345,26.01238741874155,-0.3871096733573851,29.229611055269636,49.17862462439155
2017-07-28 00:00:00+00:00,25.8695608488,-0.1583782070618711,25.940974133770773,-0.2727439402096281,25.85930631069902,51.881449022578764
2017-07-31 00:00:00+00:00,25.8121094129,-0.22208121829274674,25.876541773335386,-0.24741257925118743,20.818361189764293,49.86842220723536
2017-08-01 00:00:00+00:00,25.9762563726,0.635930047692912,25.926399072967694,0.19425873422086226,56.85972529006968,71.8977954448056
2017-08-02 00:00:00+00:00,25.8695608488,-0.41074249603012536,25.897979960883845,-0.10824188090463155,39.38216143209021,39.85286159886002
2017-08-03 00:00:00+00:00,25.9023902407,0.1269035531444862,25.900185100791923,0.009330836119927327,46.91343863984758,55.228214840768395
2017-08-04 00:00:00+00:00,26.0993665924,0.7604562739947252,25.99977584659596,0.38489355505732625,74.93762219857061,69.1621057896349
2017-08-07 00:00:00+00:00,26.1321959843,0.12578616336826887,26.065985915447982,0.25533985921279756,77.85958176699292,47.12426191673235
2017-08-08 00:00:00+00:00,25.9926710686,-0.5339195978165234,26.029328492023993,-0.13928986930186293,44.66358564861213,31.483031161483183
2017-08-09 00:00:00+00:00,25.9516343286,-0.15787811838073873,25.990481410311997,-0.14858399384130083,37.59248503121567,46.62930909807232
2017-08-10 00:00:00+00:00,25.4427787536,-1.9607843134535008,25.716630081955998,-1.0546841536474008,9.529784619331554,18.005139199763892
2017-08-11 00:00:00+00:00,25.8285241089,1.5161290322717624,25.772577095427998,0.23072243931218084,51.06649903884034,70.4604641798373
2017-08-14 00:00:00+00:00,26.1321959843,1.1757229105296085,25.952386539864,0.7032226749208947,68.26935470959272,64.40920643884374
2017-08-15 00:00:00+00:00,26.3373796839,0.7851758792995156,26.144883111882002,0.7441992771102052,76.60510789961835,56.11547392367613
2017-08-16 00:00:00+00:00,26.5425633836,0.7790588971363421,26.343723247741003,0.7616290871232736,83.21810357519884,55.94622419158956
2017-08-17 00:00:00+00:00,25.4756081455,-4.01978973424717,25.9096656966205,-1.6290803235619482,25.966600583903375,12.297903667060208
2017-08-18 00:00:00+00:00,24.9257158305,-2.1585051546537226,25.417690763560252,-1.8937927391078353,16.95110233949962,39.67819530720611
2017-08-21 00:00:00+00:00,25.180143618,1.0207441552738672,25.298917190780124,-0.43652429191698405,33.07712828410243,66.48586883169895
2017-08-22 00:00:00+00:00,25.6643771492,1.9230769234129585,25.48164716999006,0.7432763157479872,56.944468142428306,71.8178883774451
2017-08-23 00:00:00+00:00,25.3771199697,-1.1192836585514176,25.42938356984503,-0.1880036714017152,43.22657137947349,39.79634867028956
2017-08-24 00:00:00+00:00,25.6397551052,1.0349288485595798,25.534569337522512,0.42346258857893226,57.32529286808858,59.144190103130136
2017-08-25 00:00:00+00:00,25.8039020649,0.6402048655554937,25.669235701211257,0.531833727067213,65.384261819692,54.34400931840694
2017-08-28 00:00:00+00:00,25.8859755448,0.31806615795384463,25.777605623005627,0.4249499425105288,69.67880098589409,49.432667015590845
2017-08-29 00:00:00+00:00,25.8367314568,-0.19023462304821326,25.80716853990281,0.11735765973115778,62.68013302118703,40.72207700675868
2017-08-30 00:00:00+00:00,26.2553062041,1.6200762391321621,26.031237372001407,0.86871694943166,83.6361849810752,69.4658237551931
2017-08-31 00:00:00+00:00,26.4358678598,0.6877149110216862,26.233552615900702,0.7782159302266731,87.99725988565419,50.53514235015376
2017-09-01 00:00:00+00:00,26.5097339916,0.2794163300851027,26.371643303750353,0.5288161301558879,89.68427785213753,42.862313025426424
2017-09-05 00:00:00+00:00,25.9516343286,-2.1052631579662084,26.161638816175177,-0.7882235139051603,34.587992274810084,18.39454150679356
2017-09-06 00:00:00+00:00,26.1568180283,0.7906388364677053,26.15922842223759,0.0012076612812724763,51.14088660516869,59.99406428196419
2017-09-07 00:00:00+00:00,26.0665372004,-0.34515218098134515,26.112882811318794,-0.17197225985003634,43.82189061203262,46.152867155365094
2017-09-08 00:00:00+00:00,25.8367314568,-0.8816120907554792,25.974807134059397,-0.5267921753027578,28.337332240724777,39.66883810889229
2017-09-11 00:00:00+00:00,26.4194531638,2.255400254379447,26.1971301489297,0.8643040395383447,69.42719036302734,72.97354323282585
2017-09-12 00:00:00+00:00,26.6000148195,0.6834420628637705,26.39857248421485,0.7738730512010576,75.8603956377193,51.57378275183956
2017-09-13 00:00:00+00:00,26.4112458158,-0.7096575132793381,26.404909150007427,0.03210776896085976,57.03872137782319,37.10796366995918
2017-09-14 00:00:00+00:00,26.4194531638,0.031075202045527384,26.412181156903713,0.03159148550319357,57.72281049571968,48.60542477088325
2017-09-15 00:00:00+00:00,26.6246368634,0.7766387075760717,26.518409010151856,0.4041150965396326,73.52922592009895,59.722352123159055
2017-09-18 00:00:00+00:00,26.6902956473,0.24660912461218487,26.60435232872593,0.32536211057590875,77.55687676693886,48.52867768220957
2017-09-19 00:00:00+00:00,26.6656736033,-0.0922509226775503,26.635012966012965,0.11655559394917922,71.44234245120694,41.13502494156457
2017-09-20 00:00:00+00:00,26.7559544312,0.3385657127702446,26.69548369860648,0.22756065335971193,80.0799877397583,54.387756049506514
2017-09-21 00:00:00+00:00,26.838027911,0.3067484660696618,26.76675580480324,0.2671545597146868,85.89683769444466,53.06429188924517
2017-09-22 00:00:00+00:00,27.387920226,2.0489296636233556,27.07733801540162,1.1580421116690212,96.41569940966018,84.34763112950986
2017-09-25 00:00:00+00:00,27.6751774055,1.048846269193171,27.37625771045081,1.103444190431096,97.73780622787552,53.59113589978815
2017-09-26 00:00:00+00:00,27.7080067974,0.11862396189545876,27.542132253925402,0.6110340761632774,97.87234473054768,35.52018607654125
2017-09-27 00:00:00+00:00,27.4782010539,-0.8293838859659952,27.5101666539127,-0.1091749049013589,60.24907849662379,23.43837651561388
2017-09-28 00:00:00+00:00,27.37150553,-0.3882915176678159,27.44083609195635,-0.2487332112845874,47.52571943703946,38.126609120950235
2017-09-29 00:00:00+00:00,27.6013112736,0.8395802099673499,27.521073682778173,0.2954234993413813,68.80748646063194,65.64640870894593
2017-10-02 00:00:00+00:00,27.6997994494,0.35682426397691813,27.610436566089085,0.32612388165914974,75.25819058427048,52.00517119539532
2017-10-03 00:00:00+00:00,27.7818729293,0.2962962964765392,27.696154747694543,0.3112100890678445,80.3402966424008,50.049212128764275
2017-10-04 00:00:00+00:00,27.6833847535,-0.35450516979411706,27.68976975059727,-0.02164754036313629,58.65410891762122,31.152403039952343
2017-10-05 00:00:00+00:00,27.8075626157,0.4485645931872506,27.748666183148636,0.21345852641205715,72.62779345947548,59.47412447937826
2017-10-06 00:00:00+00:00,27.9400190021,0.476332241809696,27.84434259262432,0.3448953841108766,82.23452113281499,60.320711921231954
2017-10-09 00:00:00+00:00,27.9482975262,0.029629629455074635,27.89632005941216,0.18726250678297562,82.80044013739044,40.10439518483637
2017-10-10 00:00:00+00:00,27.7744485191,-0.6220379146065214,27.835384289256083,-0.21738770391177287,41.329300436146006,23.136407099534075
2017-10-11 00:00:00+00:00,27.8075626157,0.11922503727563871,27.821473452478042,-0.04908133331806708,48.674128199355614,55.361123198450926
2017-10-12 00:00:00+00:00,27.5343713188,-0.9824352485526933,27.67792238563902,-0.5157582909353802,19.093935252959295,28.61601906603165
2017-10-13 00:00:00+00:00,27.7082203259,0.6313890558354629,27.69307135576951,0.057815382450041364,48.79672211458658,65.37358509677847
2017-10-16 00:00:00+00:00,27.766169995,0.20914251589745358,27.729620675384755,0.13347894917374747,56.73803593006274,54.38322236945866
2017-10-17 00:00:00+00:00,27.8158411399,0.17889087659173075,27.772730907642377,0.1561849128827391,63.930520494794344,53.41812215121334
2017-10-18 00:00:00+00:00,27.7744485191,-0.1488095240112064,27.773589713371187,0.003687694435766359,52.930600196462635,41.46228423305104
2017-10-19 00:00:00+00:00,27.9400190021,0.5961251863781936,27.856804357735594,0.29990644040697995,76.84006579426396,66.79981877694273
2017-10-20 00:00:00+00:00,28.3539452095,1.4814814813436161,28.105374783617798,0.8906939608752981,92.02717009045183,81.26029244860692
2017-10-23 00:00:00+00:00,28.436730451,0.29197080296345934,28.271052617308897,0.5913323819193788,93.33779117503695,43.27475818136016
2017-10-24 00:00:00+00:00,28.6271365064,0.6695778747422887,28.449094561854448,0.6304551283308337,95.74878754226113,53.60234632185865
2017-10-25 00:00:00+00:00,28.3953378303,-0.8097165989625843,28.422216196077223,-0.08963073531587529,57.65063775699471,25.896562268108713
2017-10-26 00:00:00+00:00,28.3705022578,-0.08746355704034592,28.39635922693861,-0.0885471461781106,54.18559249663366,46.245015058763215
2017-10-27 00:00:00+00:00,28.5029586442,0.46688065370286136,28.449658935569303,0.18916675376237538,69.0617444131108,59.15697868463766
2017-10-30 00:00:00+00:00,28.1800962024,-1.1327330816083392,28.314877568984652,-0.4717831639229819,31.575392753467394,29.003043715187644
2017-10-31 00:00:00+00:00,28.271159968,0.3231492360634469,28.293018768492324,-0.0743169639297675,44.35412915204282,58.135864683949784
2017-11-01 00:00:00+00:00,28.660250603,1.3762811127679742,28.476634685746163,0.6509820744191033,74.67118113858241,71.03301681811067
2017-11-02 00:00:00+00:00,28.3208311129,-1.1842865395757407,28.39873289932308,-0.2666522325783187,43.59331555166112,33.4499618372274
2017-11-03 00:00:00+00:00,28.5360727408,0.7600116926016476,28.46740282006154,0.24667973001166443,59.59099710638057,58.47444622486039
2017-11-06 00:00:00+00:00,28.4864015959,-0.17406440385535626,28.47690220798077,0.036307663078154084,54.263720989479836,46.007590032136285
2017-11-07 00:00:00+00:00,28.4781230718,-0.029061319212708714,28.477512639890385,0.0036231719327226852,53.07747484447991,48.56127471578846
2017-11-08 00:00:00+00:00,28.5609083132,0.29069767411034064,28.51921047654519,0.14716042302153165,64.66441552223053,55.5200891143674
2017-11-09 00:00:00+00:00,28.1883747266,-1.3043478257581342,28.353792601572593,-0.5785937013683013,24.24767510142888,27.591086532436673
2017-11-10 00:00:00+00:00,28.1387035817,-0.17621145377043623,28.246248091636296,-0.3774025775693688,21.553401237463554,52.787625871819486
2017-11-13 00:00:00+00:00,28.1055894851,-0.11768167109708072,28.17591878836815,-0.24754212433322476,19.397997940239453,54.032446634317516
2017-11-14 00:00:00+00:00,28.1800962024,0.26509572887449817,28.178007495384076,0.008776802270636708,39.73726658498062,63.47866988288785
2017-11-15 00:00:00+00:00,28.2380458714,0.205640422884934,28.20802668339204,0.10720861257778536,53.44346325745352,60.57826111888931
2017-11-16 00:00:00+00:00,29.7033446458,5.189094107549708,28.955685664596018,2.6481513600637463,95.16371084637952,94.15509697422752
2017-11-17 00:00:00+00:00,29.7199016941,0.055741360097427695,29.33779367934801,1.351946360080587,95.23606771747782,40.65365277189716
2017-11-20 00:00:00+00:00,30.216613143,1.6713091921115142,29.777203411174007,1.5116277760960506,97.15289641235722,53.206051149782816
2017-11-21 00:00:00+00:00,30.3407910052,0.41095890400530966,30.058997208187,0.9612933400506801,97.52616371283736,42.64985197627204
2017-11-22 00:00:00+00:00,30.1752205223,-0.5457025918395586,30.1171088652435,0.20779537410556076,77.26629004780408,34.79081341544129
2017-11-24 00:00:00+00:00,30.2083346189,0.10973936901481629,30.162721742071753,0.15876737156018852,78.59996886093872,45.173497486232215
2017-11-27 00:00:00+00:00,30.5229185365,1.0413812001512257,30.342820139285877,0.6000742858557071,88.3440815971386,59.06864057726425
2017-11-28 00:00:00+00:00,31.2348716133,2.332519663703292,30.78884587629294,1.4662969747794996,95.42138705500366,73.19229781293508
2017-11-29 00:00:00+00:00,31.0279085096,-0.6626027033575954,30.908377192946467,0.4018471357109521,75.44617185865305,33.25908269484298
2017-11-30 00:00:00+00:00,30.8788950749,-0.48025613667738165,30.893636133923234,-0.03920450048321478,61.534268834037846,36.42659734453087
2017-12-01 00:00:00+00:00,31.1272507994,0.8042895443557407,31.010443466661616,0.382542521936263,73.67142033202647,57.66003062980527
2017-12-04 00:00:00+00:00,31.2265930892,0.3191489362173838,31.11851827793081,0.35084572907682343,77.86247313476508,48.48581756364865
2017-12-05 00:00:00+00:00,30.8871735991,-1.0869565217391353,31.002845938515406,-0.3680553963311559,42.88027332647993,28.660524602449975
2017-12-06 00:00:00+00:00,30.9699588405,0.2680246579842782,30.986402389507703,-0.05001536917343885,50.943723471865546,55.161528202203634
2017-12-07 00:00:00+00:00,30.9616803164,-0.026730820478759743,30.97404135295385,-0.0383730948260993,49.88735240579334,49.198043325990014
2017-12-08 00:00:00+00:00,31.1355293235,0.5614973261251377,31.054785338226925,0.2615621156495192,69.68721588712339,61.61900532736732
2017-12-11 00:00:00+00:00,31.4252776687,0.9306035628606102,31.240031503463463,0.5960828392550647,84.75033934839594,68.7992153861864
2017-12-12 00:00:00+00:00,31.383885048,-0.13171759733161537,31.311958275731733,0.23218262096172465,76.59430735009316,38.06028826563931
2017-12-13 00:00:00+00:00,31.5825696275,0.6330783432201725,31.447263951615867,0.43263048209094856,86.17419478250706,58.219071279878825
2017-12-14 00:00:00+00:00,31.3756065238,-0.6553079946977847,31.411435237707934,-0.11133875630341805,52.56039756226874,31.946246658587643
2017-12-15 00:00:00+00:00,31.6156837241,0.7651715039130425,31.513559480903965,0.3269163738048122,71.74058264125858,61.03006000796928
2017-12-18 00:00:00+00:00,31.8557609245,0.7593610895626268,31.684660202701984,0.5431387316837195,82.4089012681702,60.87044668190297
2017-12-19 00:00:00+00:00,31.7067474898,-0.4677754678444779,31.695703846250993,0.03768163191962082,60.976857787592884,33.28948250442361
2017-12-20 00:00:00+00:00,32.0710025523,1.1488250651290555,31.883353199275497,0.5932533485243381,80.0248888972902,64.8034902278068
2017-12-21 00:00:00+00:00,31.8971535452,-0.5420753742153783,31.890253372237748,0.02558898715447988,59.30183118257106,37.218429324226875
2017-12-22 00:00:00+00:00,31.9137105935,0.05190760447177922,31.901981982868875,0.03874829581312955,60.75370663553769,48.720294975410226
2017-12-26 00:00:00+00:00,31.8557609245,-0.18158236044103493,31.87887145368444,-0.07141703231395269,51.17007987317196,43.97041972036516
2017-12-27 00:00:00+00:00,31.9219891176,0.20790020761696226,31.90043028564222,0.06824158765150479,61.56398355804514,54.957978929071515
2017-12-28 00:00:00+00:00,31.9468246901,0.07780083004385041,31.92362748787111,0.0730212088476776,65.6739564015162,50.041103655470046
2017-12-29 00:00:00+00:00,31.7067474898,-0.7514900232773236,31.815187488835555,-0.339234407214823,25.749558685397194,26.97017378827605
2018-01-02 00:00:00+00:00,32.1703448421,1.4621409920684503,31.992766165467778,0.5614532924268136,73.10611147889315,74.33933679257805
2018-01-03 00:00:00+00:00,32.4269790907,0.7977354605914977,32.209872628083886,0.6795943765091557,82.41767025244235,57.537232381409375
2018-01-04 00:00:00+00:00,32.5180428564,0.2808271638418347,32.36395774224194,0.4802107701754952,85.15363859314479,45.52844103387267
2018-01-05 00:00:00+00:00,32.9684081588,1.384970505109484,32.66618295052098,0.9325906376424896,93.10872418321807,67.35755854550365
2018-01-08 00:00:00+00:00,33.3103521847,1.0371869465245265,32.98826756761049,0.9848887920835081,95.72036301074814,56.63442493680627
2018-01-09 00:00:00+00:00,33.1018497299,-0.6259389082525768,33.045058648755244,0.17947494191546565,71.08163413280114,26.44073370733472
2018-01-10 00:00:00+00:00,33.2853318902,0.5542957925226188,33.16519526947762,0.36688536721904225,78.41546121896982,53.072409443021606
2018-01-11 00:00:00+00:00,33.4437937558,0.4760711598812639,33.30449451263881,0.42147826355015305,83.75310392586779,51.2285017678552
2018-01-12 00:00:00+00:00,34.0859813167,1.9201995012561257,33.695237914669406,1.1708388824031393,93.50971396429972,75.14331782117898
2018-01-16 00:00:00+00:00,33.8107580763,-0.8074382187880924,33.752997995484705,0.18170033180752343,67.4649155897839,31.450895671573015
2018-01-17 00:00:00+00:00,34.3612045571,1.6280217070490544,34.05710127629236,0.9048610194282889,82.27526448084166,61.46233059288759
2018-01-18 00:00:00+00:00,34.4446055391,0.2427184467919563,34.250853407696184,0.5737897331101226,83.93708818882797,44.74730663231402
2018-01-19 00:00:00+00:00,34.4362654409,-0.02421307507944892,34.34355942429809,0.27478832901533684,82.77300195842649,41.48631903320495
2018-01-22 00:00:00+00:00,34.744849074,0.8961007506159246,34.54420424914905,0.5854445398156307,90.26560964278873,57.502875130850875
2018-01-23 00:00:00+00:00,35.1118133945,1.0561689870012936,34.828008821824525,0.8208067634084621,94.51839430550608,60.335409372787204
2018-01-24 00:00:00+00:00,35.1701940819,0.16627078397821737,34.99910145186226,0.49353877369333976,95.03592875533151,38.78020486633394
2018-01-25 00:00:00+00:00,34.9450114307,-0.6402655915847988,34.972056441281126,-0.07336340894572951,61.46235106414786,26.102573887367384
2018-01-26 00:00:00+00:00,35.4954579114,1.5751789974131292,35.23375717634056,0.7509077942336998,83.21042789079206,68.51361778614172
2018-01-29 00:00:00+00:00,35.737320759,0.6813909774138205,35.48553896767028,0.7161493858237602,87.76222906619417,50.85223837252833
2018-01-30 00:00:00+00:00,35.2369148674,-1.4002333722064941,35.36122691753514,-0.34204199319136697,47.66131923223217,26.756620477263578
2018-01-31 00:00:00+00:00,34.6447678957,-1.6804733726783705,35.00299740661757,-1.0112576829348687,26.317026837116053,24.419977905662158
2018-02-01 00:00:00+00:00,34.7782094668,0.38517091960821315,34.89060343670879,-0.3130433816633278,36.00464568480593,61.54777459129665
2018-02-02 00:00:00+00:00,34.1360219059,-1.846522781781057,34.51331267130439,-1.0797830817221925,18.472448058724947,34.26763443274364
2018-02-05 00:00:00+00:00,32.3429007943,-5.252870754954852,33.42810673280219,-3.1663269183385223,6.07752754891067,17.007968848818223
2018-02-06 00:00:00+00:00,33.5021744432,3.584321815389857,33.46514058800109,0.20899744852566737,43.101742447992564,71.96252556405851
2018-02-07 00:00:00+00:00,33.6439561125,0.4232013941076529,33.55454835025054,0.31609942131666013,46.93896871155604,53.097436808859186
2018-02-08 00:00:00+00:00,32.3345606961,-3.891918691195506,32.94455452317527,-1.787909634939423,24.267343080654538,34.55111953694402
2018-02-09 00:00:00+00:00,32.9684081588,1.960278565888962,32.95648134098764,0.08618446547476954,43.931430386413055,61.73835671004294
2018-02-12 00:00:00+00:00,33.8607986655,2.7068049582545495,33.40864000324382,1.3964947118646596,63.78800985810409,64.55562162529525
2018-02-13 00:00:00+00:00,34.3862248517,1.5517241379641389,33.89743242747191,1.4741094249143991,72.41570636321643,55.13369656722646
2018-02-14 00:00:00+00:00,35.1034732963,2.085859810704238,34.50045286188596,1.7799846178093186,81.46037376611665,59.2582395959272
2018-02-15 00:00:00+00:00,36.7631528368,4.7279638869095475,35.63180284934298,3.2539742523594333,91.32888419760539,75.77916244054941
2018-02-16 00:00:00+00:00,36.9716552917,0.5671506353809974,36.30172907052149,1.9105624438702153,92.11936286218221,38.70457279937131
2018-02-20 00:00:00+00:00,36.7464726404,-0.609068351209463,36.524100855460745,0.6507470463303762,80.26551907941595,32.054621996118094
2018-02-21 00:00:00+00:00,36.1209652759,-1.7022242396466214,36.322533065680375,-0.5257385966581226,52.25064444196335,25.86051738776529
2018-02-22 00:00:00+00:00,35.8123816428,-0.8543061646967831,36.06745735424019,-0.6900223806774528,41.52543905913291,39.469488016900634
2018-02-23 00:00:00+00:00,36.6964320513,2.4685607824626254,36.3819447027701,0.8892692008925863,68.9309311305772,70.88495463224734
2018-02-26 00:00:00+00:00,37.8306854056,3.0909090908739056,37.106315054185046,1.990089145883246,83.66484624680626,74.58994135129517
2018-02-27 00:00:00+00:00,37.5638022634,-0.7054673721573534,37.33505865879252,0.6423108868629462,71.66917251540355,34.46243542756694
2018-02-28 00:00:00+00:00,37.3469597104,-0.577264653560583,37.34100918459626,0.03252311665118163,61.00845818663767,36.20101624829814
2018-03-01 00:00:00+00:00,36.5296300874,-2.1884769987646324,36.93531963599813,-1.0779769410567255,33.13869409316454,24.13250321759745
2018-03-02 00:00:00+00:00,36.7464726404,0.5936073058533164,36.840896138199064,-0.24218481760170452,43.42393587721897,59.28673873054115
2018-03-05 00:00:00+00:00,37.1301171573,1.0440308670013998,36.98550664774953,0.40092302469984764,59.82497995129401,63.4047599156025
2018-03-06 00:00:00+00:00,36.9382948989,-0.5166217429030895,36.961900773324764,-0.05784935910162092,49.14077866053329,41.55810916345054
2018-03-07 00:00:00+00:00,36.8632340152,-0.20320614122941727,36.91256739426238,-0.1305277501655191,44.47833153388438,47.05358371606883
2018-03-08 00:00:00+00:00,36.9799953899,0.3167420814241373,36.94628139208119,0.0931071656293091,54.54205074584225,57.09358778291922
2018-03-09 00:00:00+00:00,37.8390255038,2.3229589534633277,37.392653447940596,1.2080330595463185,84.84889596291619,79.54406786812211
2018-03-12 00:00:00+00:00,37.9891472713,0.3967379326006215,37.6909003596203,0.80238549607347,87.10287706509953,45.3612462787601
2018-03-13 00:00:00+00:00,37.6638834417,-0.8562019759936201,37.677391900660155,-0.026908239960075075,58.71475763334116,31.96049836284922
2018-03-14 00:00:00+00:00,37.7639646201,0.26572187797604396,37.720678260380076,0.11940681900798444,64.11296539408298,51.288914448143615
2018-03-15 00:00:00+00:00,37.805665111,0.11042402809002816,37.76317168569004,0.1149154235490063,66.82413696822945,48.432225913971365
2018-03-16 00:00:00+00:00,37.5387819688,-0.7059342598957463,37.65097682724502,-0.29550941817337,38.73290697550017,33.65257189502626
2018-03-19 00:00:00+00:00,36.9216147025,-1.644079093490447,37.286295764872506,-0.9697942558319085,15.75675748742171,22.05237166403832
2018-03-20 00:00:00+00:00,37.0050156844,0.22588660483029432,37.145655724636256,-0.3719538255008071,24.79907731098299,61.61404186338648
2018-03-21 00:00:00+00:00,36.9549750953,-0.13522650423060112,37.05031540996813,-0.25359016486570407,22.614468487775635,53.71668458927014
2018-03-22 00:00:00+00:00,35.9208029193,-2.7984653577307506,36.48555916463407,-1.5260277612982274,6.061458354896883,22.215817500480295
2018-03-23 00:00:00+00:00,35.3786965367,-1.5091711168536692,35.93212785066703,-1.5175994390759482,3.847232364714151,45.44676792483518
2018-03-26 00:00:00+00:00,36.7464726404,3.866100895721658,36.339300245533515,1.174250728322855,59.64214729787066,80.97689480862913
2018-03-27 00:00:00+00:00,35.5955390898,-3.1320926007320615,35.96741966766676,-0.9789209362046033,34.42710061385069,35.642804752051035
2018-03-28 00:00:00+00:00,34.744849074,-2.3898781632549215,35.35613437083338,-1.6843995497297624,23.440114444238723,40.9059154425819
2018-03-29 00:00:00+00:00,35.7706811518,2.9524723955921317,35.56340776131669,0.6340364229311847,51.460316715902245,68.6163416641436
2018-04-02 00:00:00+00:00,34.2027426914,-4.383306132041886,34.88307522635834,-1.8746348545553506,27.981242086438634,34.90437257552378
2018-04-03 00:00:00+00:00,34.5113263246,0.9022189711048956,34.697200775479175,-0.4862079417252275,36.530158471258005,57.48146600232045
2018-04-04 00:00:00+00:00,34.6364277975,0.36249395842786747,34.66681428648958,-0.061856991648680026,40.80326748042718,54.581852275899706
2018-04-05 00:00:00+00:00,35.1576555945,1.5048543690686866,34.91223494049479,0.7214986887100033,58.33441790701617,60.85157659999638
2018-04-06 00:00:00+00:00,34.2413034998,-2.606408417185113,34.5767692201474,-0.942454864237555,32.75415023012281,34.86764051939567
2018-04-09 00:00:00+00:00,34.6112070976,1.0802848022481548,34.5939881588737,0.06891496900529992,46.86307896171528,58.62937742523811
2018-04-10 00:00:00+00:00,35.7377316911,3.25479718266779,35.16585992498685,1.661856075836545,72.86794507867337,68.72432744127086
2018-04-11 00:00:00+00:00,35.6704764915,-0.18819101385988413,35.41816820824342,0.7368325309883305,69.80849778239507,43.50931191954275
2018-04-12 00:00:00+00:00,36.435504387,2.144708932279915,35.92683629762171,1.4407707316341227,82.4098755369543,58.85323148165038
2018-04-13 00:00:00+00:00,36.1496697887,-0.7844946930444685,36.03825304316086,0.3281380192948271,66.78720246948373,38.9351953630355
2018-04-16 00:00:00+00:00,36.4018767872,0.697674418533234,36.22006491518043,0.5129062189140305,73.44898941099778,51.41523037894827
2018-04-17 00:00:00+00:00,37.4863668808,2.979214780434991,36.85321589799021,1.7460604996745108,88.42454684871292,66.9917149634841
2018-04-18 00:00:00+00:00,37.5199944806,0.08970621214621222,37.18660518929511,0.9178833559103615,88.72045376098909,41.634202716860514
2018-04-19 00:00:00+00:00,37.461146181,-0.1568451712604335,37.323875685147556,0.380519092324964,83.14136144279658,39.71038313226631
2018-04-20 00:00:00+00:00,37.0660218833,-1.0547576301880413,37.19494878422378,-0.33711926893153865,50.90294140518237,31.706802133617618
2018-04-23 00:00:00+00:00,37.2005322825,0.36289408025358405,37.197740533361895,0.0128874056610227,59.017555340641415,53.77214971455896
2018-04-24 00:00:00+00:00,36.771780385,-1.1525423728995787,36.98476045918095,-0.569827483619278,32.966454414864174,35.421269826598945
2018-04-25 00:00:00+00:00,36.7465596852,-0.068587105481277,36.86566007219047,-0.3192072945502775,31.730605003503314,52.72955592045318
2018-04-26 00:00:00+00:00,37.1669046827,1.1439029969091186,37.016282377445236,0.4123478511794205,64.75876749733689,67.39294226965612
2018-04-27 00:00:00+00:00,37.5872496802,1.130965844717391,37.30176602882262,0.7716568479484057,79.5784385339592,67.06000690163692
2018-04-30 00:00:00+00:00,37.2341598823,-0.9393871616150795,37.26796295556131,-0.0838651568333369,52.01694027174919,30.678656097176823
2018-05-01 00:00:00+00:00,37.6881324797,1.2192368481927396,37.47804771763066,0.5676858456797014,71.23229362208265,62.49809101299912
2018-05-02 00:00:00+00:00,36.8726631844,-2.163729645503776,37.17535545101533,-0.7980218999120372,34.26243068670221,30.061037165434577
2018-05-03 00:00:00+00:00,37.3602633816,1.3223894210231402,37.267809416307664,0.2621837605555515,55.143207332578086,61.19355668526186
2018-05-04 00:00:00+00:00,38.0832567773,1.9351935191550984,37.67553309680383,1.0986886398553248,73.71371897805234,65.26990895010974
2018-05-07 00:00:00+00:00,38.4447534752,0.9492273731050105,38.06014328600192,1.0239580064801677,79.94174111452945,52.069609370134316
2018-05-08 00:00:00+00:00,38.4279396753,-0.04373496610101668,38.244041480650964,0.4901115201895755,78.64178950101858,39.88433808648512
2018-05-09 00:00:00+00:00,38.7053673737,0.7219426821842179,38.47470442717548,0.6060271011868967,84.77095610256904,52.69014504584647
2018-05-10 00:00:00+00:00,38.9239467724,0.56472632487794,38.69932559978774,0.5853767130324183,88.62779773479768,49.44604740211771
2018-05-11 00:00:00+00:00,38.6128914743,-0.7991360689059479,38.65610853704387,-0.10687967793676478,57.52797609669623,27.452071947832213
2018-05-14 00:00:00+00:00,38.4195327754,-0.5007620292530879,38.53782065622194,-0.30382085359492633,43.34556721421256,36.69281503928298
2018-05-15 00:00:00+00:00,38.2345809765,-0.48140043758789774,38.38620081636097,-0.392610645591412,32.0196459918203,37.46808841418534
2018-05-16 00:00:00+00:00,37.965560178,-0.7036059808406159,38.175880497180486,-0.5481083132160139,20.39344206566554,30.94445192546191
2018-05-17 00:00:00+00:00,36.5363871864,-3.764393268265709,37.35613384179024,-2.1562507907408612,5.237923835440307,6.730749952496175
2018-05-18 00:00:00+00:00,36.3262146876,-0.575241601551213,36.84117426469512,-1.365746196146037,4.500199118406884,58.04273691820815
2018-05-21 00:00:00+00:00,36.780187285,1.2497107152619424,36.810680774847555,-0.05801774044204733,34.424394184038086,71.50075925107438
2018-05-22 00:00:00+00:00,36.6961182855,-0.22857142854811885,36.75339953017378,-0.1432945844950831,31.66801855780357,51.449145561188864
2018-05-23 00:00:00+00:00,36.7213389853,0.06872852219350634,36.73736925773689,-0.037283031150788376,34.044506324950184,55.23614242922993
2018-05-24 00:00:00+00:00,36.6288630859,-0.2518315016699635,36.68311617181844,-0.14455726641037592,28.578039770925216,49.04844466625518
2018-05-25 00:00:00+00:00,36.3682491874,-0.7114987377272008,36.52568267960922,-0.4280280020687884,17.023244432873188,39.52484070965146
2018-05-29 00:00:00+00:00,36.1244490888,-0.6703652335413035,36.325065884204605,-0.5491966178050459,10.861106126020948,41.06095179457422
2018-05-30 00:00:00+00:00,36.0235662894,-0.2792646031833157,36.17431608680231,-0.4142306104941808,8.868528761473101,56.73460786058965
2018-05-31 00:00:00+00:00,35.9058696901,-0.32672112015360577,36.040092888451156,-0.3704758653238933,6.713217861464844,54.11530390021312
2018-06-01 00:00:00+00:00,36.7045251854,2.224303441730058,36.37230903692558,0.9269137882030822,73.14475466419614,90.28404469632112
2018-06-04 00:00:00+00:00,36.6372699858,-0.18323408152068899,36.50478951136279,0.3718398533411966,67.10822193609982,42.669855916816935
2018-06-05 00:00:00+00:00,36.7129320854,0.20651675091871713,36.60886079838139,0.2891783021299569,71.12899901374692,49.17833505208208
2018-06-06 00:00:00+00:00,37.2089391825,1.3510419051962819,36.9088999904407,0.8201101036631193,86.88904914562646,66.12034708324316
2018-06-07 00:00:00+00:00,36.6961182855,-1.378219611380893,36.80250913797035,-0.2790547538588869,47.05419738055965,30.158692134489304
2018-06-08 00:00:00+00:00,36.5532009863,-0.38946162667148343,36.67785506213517,-0.33425819026518516,39.486596659590184,46.09165815281478
2018-06-11 00:00:00+00:00,36.7297458853,0.48298068086065626,36.703800473717585,0.07436124529773555,53.37963272095268,58.59387060169601
2018-06-12 00:00:00+00:00,36.939918384,0.5722133209315805,36.821859428858794,0.32328728311465804,66.93532751579805,60.01649434867425
2018-06-13 00:00:00+00:00,36.9987666837,0.15930814759321787,36.91031305627939,0.24129771535393796,70.53380980985172,48.45998800465549
2018-06-14 00:00:00+00:00,37.5704358803,1.545103385437585,37.2403744682897,0.8932005503957615,88.60475620088859,73.82937673356525
2018-06-15 00:00:00+00:00,37.2005322825,-0.9845603042203832,37.220453375394854,-0.045679876912310846,55.54322205340033,31.446402165879924
2018-06-18 00:00:00+00:00,37.1669046827,-0.09039548021687605,37.19367902904743,-0.06803767856459345,52.853907268031826,47.44331698925009
2018-06-19 00:00:00+00:00,36.8390355846,-0.8821533590140929,37.016357306823714,-0.47509551878934314,30.942748897788928,36.2180413882601
2018-06-20 00:00:00+00:00,36.771780385,-0.18256503877672747,36.89406884591186,-0.3288302787830353,27.442288246093742,51.44457759833605
2018-06-21 00:00:00+00:00,36.2841801879,-1.3260173752666637,36.589124516905926,-0.8274238270248495,12.304545049117547,32.45123856694467
2018-06-22 00:00:00+00:00,36.3178077877,0.0926784059219754,36.453466152302965,-0.36737271055143705,17.03867059804556,59.961772816135
2018-06-25 00:00:00+00:00,35.5527798921,-2.1064814816799005,36.00312302220148,-1.2369270961156689,5.9949007864114385,30.797336750737845
2018-06-26 00:00:00+00:00,35.7713592909,0.6148025540151147,35.88724115655074,-0.31106227105027706,26.43106276025354,63.6309787955871
2018-06-27 00:00:00+00:00,35.5864074919,-0.5170387781351482,35.73682432422537,-0.41405052459271263,20.715242766439843,49.09778448073132
2018-06-28 00:00:00+00:00,36.0992283889,1.441058351048019,35.918026356562684,0.5135039132276532,58.258428677419666,68.04023042076564
2018-06-29 00:00:00+00:00,36.1748904885,0.20959478353632655,36.046458422531344,0.3615493483819899,62.217852536459446,50.36073014050874
2018-07-02 00:00:00+00:00,35.9899386896,-0.5112712060836522,36.01819855606567,-0.07486092885083115,46.16238735248779,41.00521808336266
2018-07-03 00:00:00+00:00,35.8722420903,-0.32702639566878355,35.94522032318284,-0.20094366225980737,37.03887141680414,44.92752965858461
2018-07-05 00:00:00+00:00,36.0571938892,0.5155847198913044,36.001207106191416,0.1573205288157485,57.048474422704466,62.17786955406531
2018-07-06 00:00:00+00:00,36.1842751646,0.35244360886903525,36.09274113539571,0.2548820688423919,67.64606874319193,56.9932815230497
2018-07-09 00:00:00+00:00,36.1503868245,-0.0936548817016325,36.12156397994786,0.0806135935703797,61.56955222316678,42.468641403208856
2018-07-10 00:00:00+00:00,36.3113564401,0.4452777127433194,36.216460210023925,0.26294565315684953,76.56715841945058,60.64413274534092
2018-07-11 00:00:00+00:00,36.0656659742,-0.6766215586170521,36.14106309211196,-0.20683795273010128,40.43738579118952,30.528301777957342
2018-07-12 00:00:00+00:00,36.9213465623,2.372562837775183,36.53120482720598,1.0828624425225408,82.81078704729501,77.03068414424244
2018-07-13 00:00:00+00:00,35.3963712568,-4.130335016158748,35.96378804200299,-1.5237362868181035,28.53785466925228,24.521748158030693
2018-07-16 00:00:00+00:00,36.006361379,1.7233125897977652,35.98507471050149,0.09978815148983089,48.70760770223419,60.6967615271146
2018-07-17 00:00:00+00:00,35.8708080185,-0.37647058827514623,35.92794136450075,-0.13834121839265767,44.51918520808558,48.25303087577757
2018-07-18 00:00:00+00:00,35.7606709131,-0.3070382617062828,35.84430613880038,-0.22268974004947023,40.296086938878766,48.773931209259224
2018-07-19 00:00:00+00:00,35.9216405287,0.4501303009419644,35.882973333750186,0.11372028044624707,50.574705575160955,56.016342340946906
2018-07-20 00:00:00+00:00,35.5912292125,-0.919811320799846,35.73710127312509,-0.40304552017679945,33.05382458362175,40.482982759333616
2018-07-23 00:00:00+00:00,35.6335896377,0.11901928125912509,35.685345455412545,-0.14201311945883718,37.23534642444795,54.75424585620076
2018-07-24 00:00:00+00:00,35.9131684437,0.7845934379403952,35.79925694955627,0.32129015924077897,61.21720703175044,63.228089146732344
2018-07-25 00:00:00+00:00,36.565518991,1.8164661475710941,36.182387970278135,1.0688781534059366,83.40716275987096,74.38453346317681
2018-07-26 00:00:00+00:00,36.8789861371,0.8572752548026363,36.530687053689064,0.9630767041042865,88.25203442086219,52.27162800795554
2018-07-27 00:00:00+00:00,36.0656659742,-2.205375602996318,36.29817651394453,-0.6211494494460157,41.30920669578593,21.566044200261864
2018-07-30 00:00:00+00:00,35.726782573,-0.9396288465667757,36.01247954347227,-0.7803891480063957,31.002476178194847,42.503833115656505
2018-07-31 00:00:00+00:00,35.8284475934,0.2845624852791273,35.92046356843613,-0.2479133313636342,37.96725860988997,58.55462616737613
2018-08-01 00:00:00+00:00,35.4641479371,-1.0167888389535085,35.692305752768064,-0.6323510851585713,24.613054077964065,40.51837887305086
2018-08-02 00:00:00+00:00,36.0317776341,1.60057333960697,35.86204169343404,0.4841111272241993,58.62555516673391,69.16896790647228
2018-08-03 00:00:00+00:00,36.285940185,0.705384434487244,36.07399093921702,0.5947477808557217,68.24741825640582,55.46334079650693
2018-08-06 00:00:00+00:00,36.6841281814,1.0973616623129567,36.379059560308505,0.8460547215843393,79.46817938489468,60.59205825098409
2018-08-07 00:00:00+00:00,36.9213465623,0.6466512703449778,36.65020306130425,0.7463529959646585,84.39579095849741,50.55159030941644
2018-08-08 00:00:00+00:00,37.1416207731,0.596603946793528,36.89591191720213,0.6714784713790933,88.30518156200826,49.19382902659154
2018-08-09 00:00:00+00:00,37.0907882629,-0.13686131391664746,36.99335009005107,0.26730857873122293,81.25819209747758,30.93088217044896
2018-08-10 00:00:00+00:00,37.0907882629,0.0,37.042069176475536,0.13365428936561147,81.25819209747758,37.43222888101763
2018-08-13 00:00:00+00:00,37.0653720078,-0.06852444040781336,37.053720592137765,0.032564924478899054,74.56398608421226,34.96075368449646
2018-08-14 00:00:00+00:00,37.2771741336,0.5714285715395784,37.16544736286888,0.3019967480092387,87.46854888164623,66.21198358954595
2018-08-15 00:00:00+00:00,37.1585649431,-0.3181818183827789,37.16200615298444,-0.008092535186770111,61.33147619580303,33.07418007096983
2018-08-16 00:00:00+00:00,38.2599359971,2.9639762883375775,37.710971075042224,1.4779418765754038,92.50913597067795,82.24653953124478
2018-08-17 00:00:00+00:00,38.8614540342,1.572187776648648,38.286212554621116,1.525064826612026,95.48887007386021,56.051477933507805
2018-08-20 00:00:00+00:00,39.1579770103,0.7630259429795005,38.72209478246056,1.1440453847957632,96.51417333731395,43.867303000727084
2018-08-21 00:00:00+00:00,38.785205269,-0.9519688445650432,38.75365002573028,0.09603827011536004,67.55900285942282,25.94042121253975
2018-08-22 00:00:00+00:00,38.9631190546,0.4587155962332945,38.85838454016514,0.27737693317432727,73.29474520503949,50.76553980751424
2018-08-23 00:00:00+00:00,38.9885353097,0.0652315721038077,38.92345992493257,0.17130425263906748,74.26958975813326,44.52146587943446
2018-08-24 00:00:00+00:00,39.2426978606,0.6518904823715532,39.08307889276629,0.41159736750531034,83.37353754592434,56.48993461693491
2018-08-27 00:00:00+00:00,39.4714441564,0.5829015543542759,39.27726152458314,0.49724946092979316,88.74809636601493,54.4190791653828
2018-08-28 00:00:00+00:00,39.7764392175,0.772698003882244,39.52685037104157,0.6349737324060185,93.16619583383559,60.4084495324974
2018-08-29 00:00:00+00:00,40.2254597241,1.128860489861161,39.87615504757078,0.8819171111335897,96.33990243568985,71.09832124862217
2018-08-30 00:00:00+00:00,39.9458809181,-0.6950294860955775,39.91101798283539,0.09344381251900613,67.19462892277122,23.12882077258622
2018-08-31 00:00:00+00:00,40.47115019,1.3149522800034008,40.191084086417696,0.7041980462612034,82.29198358951712,63.65939439385489
2018-09-04 00:00:00+00:00,40.4372618499,-0.08373456138733859,40.31417296815884,0.3102317424369324,78.7832580310982,41.0613095961398
2018-09-05 00:00:00+00:00,40.0475459385,-0.9637544521352348,40.18085945332942,-0.3267613548491512,45.39521136569,30.75704507953405
2018-09-06 00:00:00+00:00,40.0560180235,0.021155066562661418,40.11843873841471,-0.1528031441432449,46.13953295469176,51.281552660653375
2018-09-07 00:00:00+00:00,39.8611600678,-0.48646362098619944,39.989799403107355,-0.3196333825647222,31.381633938997854,41.72097508597401
2018-09-10 00:00:00+00:00,39.8781042379,0.04250797034299758,39.93395182050368,-0.1385627061108623,34.12974393366633,54.87189344759012
2018-09-11 00:00:00+00:00,39.8442158978,-0.08497981723963877,39.88908385915184,-0.11177126167525053,30.468971088113495,50.733197386301555
2018-09-12 00:00:00+00:00,39.7256067073,-0.29768233061537863,39.80734528322592,-0.20472679614531458,19.492437579219043,42.67742649033697
2018-09-13 00:00:00+00:00,40.0221296834,0.7464278098627819,39.91473748331296,0.2708505068587337,65.75527969705044,73.57403070492474
2018-09-14 00:00:00+00:00,40.1576830439,0.33869602035752067,40.03621026360648,0.3047732636081272,75.4348847197371,55.919138807074816
2018-09-17 00:00:00+00:00,39.911992578,-0.6118143460403624,39.97410142080324,-0.15352054121611763,42.655178764103226,30.405697937744314
2018-09-18 00:00:00+00:00,40.2085155541,0.7429420506142481,40.09130848745162,0.29471075469906527,67.90412794222931,64.77037196677698
2018-09-19 00:00:00+00:00,40.0560180235,-0.37926675108116426,40.07366325547581,-0.04227799819104949,50.687570957470925,40.14180435236943
2018-09-20 00:00:00+00:00,40.4372618499,0.9517766498315705,40.2554625526879,0.4547493258202605,74.72172470586342,64.29589590543388
2018-09-21 00:00:00+00:00,41.1404449074,1.7389482505273612,40.69795373004395,1.096848788173811,89.23610829801011,73.70756030905281
2018-09-24 00:00:00+00:00,41.038779887,-0.24711696878543243,40.86836680852197,0.42486590969418925,79.35471254937647,36.897752328936754
2018-09-25 00:00:00+00:00,41.0641961421,0.061932287387667095,40.966281475310986,0.24339909854092817,80.17782695423571,43.48549870565623
2018-09-26 00:00:00+00:00,41.013363632,-0.12378790984753918,40.98982255365549,0.059805594346694496,71.6124046695879,39.74525404363636
2018-09-27 00:00:00+00:00,40.9455869517,-0.16525511271920923,40.96770475267775,-0.05272475918625737,59.00529620837372,38.63238529996521
2018-09-28 00:00:00+00:00,41.2166936727,0.6621146286651225,41.092199212688875,0.30469493473943254,80.06364325055829,66.61177196162033
2018-10-01 00:00:00+00:00,41.4030795433,0.4522096606779824,41.24763937799444,0.3784522977087075,86.96746310225322,56.763066702495095
2018-10-02 00:00:00+00:00,41.5216887338,0.28647431980501903,41.38466405589722,0.33246330875686325,90.20516798549157,48.30445634262543
2018-10-03 00:00:00+00:00,41.6318258392,0.2652519894027039,41.508244947548604,0.29885764907978357,92.72317442993645,46.96034979358299
2018-10-04 00:00:00+00:00,41.2675261829,-0.8750508750374753,41.3878855652243,-0.2880966129788458,40.748707406285384,14.482011771801378
2018-10-05 00:00:00+00:00,41.0542793547,-0.5167424556899225,41.22108245996215,-0.40241953433438415,27.30831943851911,35.50580795711456
2018-10-08 00:00:00+00:00,40.533957094,-1.267400789585238,40.877519776981075,-0.834910161959811,12.372383743393508,20.030847600246382
2018-10-09 00:00:00+00:00,40.5083674747,-0.0631313129400568,40.69294362584054,-0.4490207374499339,11.892545392369744,60.968273661945844
2018-10-10 00:00:00+00:00,38.9218110733,-3.9166140239813574,39.807377349570274,-2.1828173807156457,2.5815083320261825,17.63577926745122
2018-10-11 00:00:00+00:00,37.6338002313,-3.3092263861368987,38.72058879043514,-2.7460218834262724,1.3215412138558142,29.485123910940732
2018-10-12 00:00:00+00:00,38.9900500583,3.6038077968857607,38.855319424367565,0.42889295672974415,44.277739730638956,79.59710415916696
2018-10-15 00:00:00+00:00,38.1029432532,-2.275213301274426,38.47913133878379,-0.9231601722723408,31.02634535379299,41.749441627543796
2018-10-16 00:00:00+00:00,39.0838786626,2.574434743483023,38.781505000691894,0.825637285605341,53.90694457077861,63.32644932049067
2018-10-17 00:00:00+00:00,39.1862371402,0.26189436950112555,38.98387107044594,0.5437658275532333,56.18209656178276,50.06247188419889
2018-10-18 00:00:00+00:00,38.7768032301,-1.044841097233018,38.88033715027297,-0.25053763483989233,43.345037250716956,42.514720615421886
2018-10-19 00:00:00+00:00,38.6744447526,-0.2639683237749324,38.77739095143649,-0.25725297930741237,39.924180532062394,49.35849598965451
2018-10-22 00:00:00+00:00,39.0326994239,0.9263343626307874,38.90504518766824,0.33454069166168754,57.523719385622684,60.194135592451225
2018-10-23 00:00:00+00:00,38.7426837376,-0.7430069930608574,38.82386446263412,-0.20423315069958492,42.430019716548976,41.509801896632034
2018-10-24 00:00:00+00:00,37.5911508656,-2.972258916804016,38.20750766411706,-1.5882460337518003,16.5563168845884,25.595393469744508
2018-10-25 00:00:00+00:00,38.7853331032,3.1767642386623773,38.49642038365853,0.7942591024552885,57.17703574705865,71.23096000143816
2018-10-26 00:00:00+00:00,37.7446885819,-2.683087750029256,38.12055448277927,-0.9444143237869838,34.94240295534542,37.95443653786747
2018-10-29 00:00:00+00:00,37.3949637837,-0.9265536724224255,37.75775913323963,-0.9354839981047046,29.21531135530879,48.72495055050327
2018-10-30 00:00:00+00:00,38.026174395,1.6879562043462526,37.891966764119815,0.376236103120774,50.971023743273456,63.04688583609129
2018-10-31 00:00:00+00:00,39.0241695508,2.624495289568829,38.458068157459905,1.5003656963448015,71.64183465276052,67.86908932550497
2018-11-01 00:00:00+00:00,38.9388708195,-0.2185792350788196,38.69846948847996,0.640893230632991,67.96804035959644,42.571942103917934
2018-11-02 00:00:00+00:00,38.7938629764,-0.37239868555044575,38.746166232439975,0.1342472725412726,60.108066935319826,41.32198538088905
2018-11-05 00:00:00+00:00,39.3568346027,1.4511873350753435,39.05150041756998,0.7927173038083081,76.16180053163231,61.45003699473331
2018-11-06 00:00:00+00:00,39.6639100352,0.7802340701427601,39.357705226384994,0.786475686975534,82.06658237217053,51.66845542899502
2018-11-07 00:00:00+00:00,40.8580922728,3.0107526881243407,40.10789874959249,1.8986141875499374,92.66506278978397,73.05580549796045
2018-11-08 00:00:00+00:00,41.3187054216,1.12734864301689,40.71330208559625,1.5129814152834138,94.53403989117113,46.81642970205196
2018-11-09 00:00:00+00:00,40.1842322959,-2.745664739793452,40.44876719074813,-0.6163416622550191,48.69469675014142,22.210121533899237
2018-11-12 00:00:00+00:00,38.9132812001,-3.1628104437612325,39.681024195424065,-1.8895760530081258,26.831296290156477,20.47178478210178
2018-11-13 00:00:00+00:00,38.4867875438,-1.0960105217210692,39.08390586961203,-1.4927932873645975,21.885209364836207,49.7191823546706
2018-11-14 00:00:00+00:00,37.8129275669,-1.7508865247147676,38.44841671825601,-1.6218399060396824,15.230995815034087,42.32174265244046
2018-11-15 00:00:00+00:00,39.8942166096,5.50417324608814,39.17131666392801,1.9411666700242287,64.80627928202368,83.389836354965
2018-11-16 00:00:00+00:00,39.5359619383,-0.8980115458985916,39.353639301114,0.5215775620628186,56.30429372238431,42.92963309010353
2018-11-19 00:00:00+00:00,39.0241695508,-1.294498381748499,39.188904425957006,-0.3864604098428402,43.94916838245935,41.078158602125825
2018-11-20 00:00:00+00:00,37.9494055369,-2.754098360763113,38.569154981428504,-1.5702793853029766,25.986667951841063,33.176952631516656
2018-11-21 00:00:00+00:00,38.2906004619,0.8990784445048527,38.429877721664255,-0.33560047039906193,38.04467363401038,61.19726063056203
2018-11-23 00:00:00+00:00,37.9920549025,-0.7796836711846722,38.21096631208213,-0.557642070791867,31.34271867913972,47.47510626352477
2018-11-26 00:00:00+00:00,38.8706318345,2.312528064761743,38.54079907329107,0.877442996984938,61.37687709827154,67.56779675680558
2018-11-27 00:00:00+00:00,39.3397748564,1.2069343866018656,38.940286964845534,1.0421886917934018,71.39843749177918,56.06546428529572
2018-11-28 00:00:00+00:00,40.3377700121,2.5368603642062837,39.63902848847277,1.7895245279998426,84.35317501493645,66.38940571352846
2018-11-29 00:00:00+00:00,40.3804193778,0.10573059861069822,40.009723933136385,0.9476275633052704,84.79465452626218,40.37463398593631
2018-11-30 00:00:00+00:00,40.8325026534,1.1195606250898438,40.42111329326819,1.0335940941975572,89.50358624847696,52.11255477692778
2018-12-03 00:00:00+00:00,41.5746016154,1.8174221852115924,40.997857454334095,1.4255081397045748,94.04471190566707,60.201969228155846
2018-12-04 00:00:00+00:00,40.3889492509,-2.8518670496672005,40.69340335261705,-0.7131794549813129,46.17199776499335,22.335207444292276
2018-12-06 00:00:00+00:00,41.276056056,2.196409714917835,40.98472970430852,0.7416151299682612,65.74299223775637,61.55346587843448
2018-12-07 00:00:00+00:00,39.6127307964,-4.029758214649515,40.29873025035426,-1.644071542340627,32.50452503409044,31.823974898781998
2018-12-10 00:00:00+00:00,39.9709854677,0.9043927648950456,40.13485785902713,-0.36983938872279065,41.981391626660816,56.68998694041526
2018-12-11 00:00:00+00:00,40.1671725496,0.4908237302743812,40.151015204313566,0.06049217077579527,47.980987743751605,54.204362323534575
2018-12-12 00:00:00+00:00,40.4486583628,0.700785729571618,40.299836783556785,0.38063895017370664,57.450480760539946,55.68406033884528
2018-12-13 00:00:00+00:00,40.4913077284,0.10544074223046707,40.395572255978394,0.24303984620208685,59.14092361871648,48.95621397042891
2018-12-14 00:00:00+00:00,39.0838786626,-3.475879502930579,39.7397254592892,-1.6164198283642461,19.93574287471765,23.421652068975046
2018-12-17 00:00:00+00:00,37.7020392163,-3.5355739849389667,38.7208823377946,-2.575996906651606,10.08747149533209,23.120147788723738
2018-12-18 00:00:00+00:00,37.5826209925,-0.316742081548671,38.1517516651473,-1.4463694941001386,9.480375453421704,62.335827865287136
2018-12-19 00:00:00+00:00,36.7978726649,-2.088061734056823,37.47481216502365,-1.7672156140784807,5.950396902940499,43.86593115361753
2018-12-20 00:00:00+00:00,36.2434309117,-1.506722299544383,36.859121538361826,-1.6369689568114318,4.266723594190084,51.01161732488884
2018-12-21 00:00:00+00:00,35.6975190317,-1.5062367614424033,36.278320285030915,-1.5716028591269176,3.0091904439748496,51.019428674102734
2018-12-24 00:00:00+00:00,34.3583289509,-3.751493429027297,35.31832461796546,-2.6615481440771074,1.443592075729464,24.22540502404062
2018-12-26 00:00:00+00:00,36.2263711655,5.436941410245932,35.77234789173273,1.3876966330844125,52.81210604330557,82.06012263663888
2018-12-27 00:00:00+00:00,36.601685583,1.0360254296114313,36.18701673736636,1.211861031347922,59.21800932792073,52.998434688283375
2018-12-28 00:00:00+00:00,36.4822673593,-0.3262642738930621,36.33464204833318,0.4427983787274299,55.61466529653084,45.514113490666766
2018-12-31 00:00:00+00:00,36.9599402543,1.3093289687715393,36.647291151316594,0.8760636737494846,67.48547992463133,56.56153525378644
2019-01-02 00:00:00+00:00,36.6358050755,-0.8769905377817522,36.6415481134083,-0.00046343201613380236,53.04524359775753,40.213157369940525
2019-01-03 00:00:00+00:00,35.313674741,-3.6088474970737527,35.97761142720415,-1.8046554645449433,22.971344577063043,26.08300830274041
2019-01-04 00:00:00+00:00,36.9043808104,4.504504504463691,36.440996118802076,1.349924519959374,61.926858113832736,71.18642077966487
2019-01-07 00:00:00+00:00,37.1537347348,0.6756756756903126,36.797365426801036,1.0128000978248433,65.97313904049228,49.713319484278614
2019-01-08 00:00:00+00:00,37.4546791263,0.8099976856919433,37.126022276550515,0.9113988917583933,71.46348333469795,50.49906784291902
2019-01-09 00:00:00+00:00,37.2483172579,-0.5509641871557225,37.18716976722526,0.1802173523013354,61.29136421623786,40.80810410670451
2019-01-10 00:00:00+00:00,37.1795299684,-0.18467220686435581,37.18334986781262,-0.002227427281510208,57.2190795594473,45.06420333161041
2019-01-11 00:00:00+00:00,37.394490248,0.5781683624906053,37.28892005790631,0.2879704676045476,67.378769598147,55.14051150839289
2019-01-14 00:00:00+00:00,37.1537347348,-0.6438261669120537,37.22132739635315,-0.17792784965375308,48.16314663483426,38.27261600612103
2019-01-15 00:00:00+00:00,37.8502060409,1.874566072755135,37.535766718626576,0.848319111550691,76.83282198216223,68.27433770779379
2019-01-16 00:00:00+00:00,37.7986155738,-0.13630168101133044,37.667191146213284,0.35600871526968025,72.38458686236275,43.15344113049112
2019-01-17 00:00:00+00:00,38.0135758534,0.5686988169720131,37.84038349980664,0.46235376612084667,79.722038621427,52.36976160320356
2019-01-18 00:00:00+00:00,38.7186455707,1.854783985645314,38.27951453525332,1.1585688758830803,91.21120079163929,67.00671082245874
2019-01-22 00:00:00+00:00,38.503685291,-0.555185432061367,38.391599913126655,0.3016917219108567,72.44110291520336,35.95213669644747
2019-01-23 00:00:00+00:00,39.0883772517,1.5185350604262071,38.73998858241333,0.910113391168532,85.01917781023127,59.92468385993748
2019-01-24 00:00:00+00:00,39.2173534195,0.3299604047757976,38.978671000956666,0.6200368979721648,86.98470857405052,45.33589510507966
2019-01-25 00:00:00+00:00,39.6644708012,1.1401008551425562,39.32157090107833,0.8800688765573605,92.26319342369628,56.23047380209653
2019-01-28 00:00:00+00:00,39.3377311761,-0.8237589421969838,39.32965103858916,0.028154967180188395,63.86956688863246,32.60331876500208
2019-01-29 00:00:00+00:00,39.518297811,0.4590163934256042,39.42397442479458,0.2435856803028963,71.21322370607407,52.25818184506004
2019-01-30 00:00:00+00:00,40.1631786499,1.6318537857683113,39.79357653734729,0.9377197330356037,86.21891230491565,65.89757920573946
2019-01-31 00:00:00+00:00,40.6618864987,1.2417041319045197,40.227731518023646,1.0897119324700617,91.41190510628006,57.67565540563201
2019-02-01 00:00:00+00:00,40.7048785547,0.1057305986070789,40.466305036361824,0.5977212655385703,91.81093182898046,37.332469989507786
2019-02-04 00:00:00+00:00,40.7134769658,0.02112378517096225,40.589891001080915,0.3094225253547663,91.92350868781654,35.917143630776415
2019-02-05 00:00:00+00:00,40.6360912652,-0.19007391745244906,40.612991133140454,0.05967430395115861,77.53414988281517,31.452379794286703
2019-02-06 00:00:00+00:00,40.8252563113,0.46550994500300646,40.71912372222023,0.2625921244770825,85.7265989340755,56.582399996105146
2019-02-07 00:00:00+00:00,40.1545802388,-1.6427969671175435,40.43685198051011,-0.6901024213202305,29.165249201008066,20.43816029048064
2019-02-08 00:00:00+00:00,40.5759023869,1.0492505352923231,40.506377183705055,0.17957405698604634,56.321299941244,64.21747041629123
2019-02-11 00:00:00+00:00,40.9112404231,0.8264462808552642,40.708808803402526,0.5030101689206552,70.03585921896284,60.111164880389886
2019-02-12 00:00:00+00:00,41.1777911699,0.6515342581729477,40.94329998665126,0.5772722135468015,78.19790087818417,55.90184753199221
2019-02-13 00:00:00+00:00,40.8424531336,-0.8143662561121534,40.89287656012563,-0.11854702128267597,51.64873667143754,29.730219633639983
2019-02-14 00:00:00+00:00,41.6163101404,1.8947368422475241,41.254593350262816,0.8880949104824241,77.77194137114921,69.41903181368451
2019-02-15 00:00:00+00:00,42.5019464925,2.1280991734061505,41.8782699213814,1.5080970419442874,88.4678142276627,71.49899728451005
2019-02-19 00:00:00+00:00,42.6911115386,0.4450738418142475,42.2846907299907,0.9765854418792674,90.0082173544007,41.19095386469014
2019-02-20 00:00:00+00:00,42.6739147163,-0.04028197364795982,42.47930272314535,0.4681517341156538,88.39807548335054,34.80829610194785
2019-02-21 00:00:00+00:00,42.4847496702,-0.443280274044644,42.48202619667268,0.01243573003550491,68.252327547709,29.17736717447453
2019-02-22 00:00:00+00:00,43.0866384532,1.4167172636589287,42.784332324936344,0.7145764968472168,84.79295600163911,66.5922716393169
2019-02-25 00:00:00+00:00,43.6713304138,1.3570145678342582,43.227831369368175,1.0357955323407375,91.35558501886891,64.94045909804211
2019-02-26 00:00:00+00:00,44.0066684501,0.7678676905937154,43.617249909734085,0.9018316114672265,93.69601312822748,47.50019024920143
2019-02-27 00:00:00+00:00,44.3592033087,0.8010941773512137,43.988226609217044,0.8514628944092201,95.58217425085822,48.66643932465409
2019-02-28 00:00:00+00:00,44.5139747101,0.3489048266329897,44.25110065965852,0.600183860521105,96.30935961063936,33.482640306826156
2019-03-01 00:00:00+00:00,44.2044319074,-0.6953834267012016,44.22776628352926,-0.04759978309004831,64.47239754792882,16.091294720208605
2019-03-04 00:00:00+00:00,43.9894716277,-0.4862867147581551,44.10861895561463,-0.2669432489241017,47.95827662786912,27.41477176973657
2019-03-05 00:00:00+00:00,44.1098493843,0.2736512900604948,44.10923416995732,0.0033540205681965585,57.17293499051815,58.18077103684767
2019-03-06 00:00:00+00:00,44.4279905982,0.7212475633916693,44.26861238407866,0.3623007919799329,74.83614636798853,69.57438882059314
2019-03-07 00:00:00+00:00,44.1012509731,-0.7354364235262811,44.18493167858933,-0.1865678157731741,45.7610785251635,29.8600907311222
2019-03-08 00:00:00+00:00,43.912085927,-0.42893351532223845,44.048508802794665,-0.30775066554770625,34.21655633445911,40.567449858563045
2019-03-11 00:00:00+00:00,44.6429508779,1.664382220682925,44.34572984034733,0.6783157775676094,73.28121085710198,76.81946075257862
2019-03-12 00:00:00+00:00,44.8407143351,0.44298921399907876,44.59322208772367,0.5606524957833441,78.4704386366147,50.08275496968887
2019-03-13 00:00:00+00:00,45.2190444273,0.84372003838451,44.90613325751183,0.7021862670839271,86.17521966893824,57.38257894634139
2019-03-14 00:00:00+00:00,45.3480205951,0.2852253280304584,45.12707692630592,0.49370579755719274,88.31381126812964,43.94718476738823
2019-03-15 00:00:00+00:00,45.7435475097,0.8722032613761588,45.43531221800296,0.6829545294666758,93.17230444198086,59.059155816841304
2019-03-18 00:00:00+00:00,46.0100982564,0.5827067667707242,45.72270523720148,0.6328306481187,95.19266279759437,49.23848491292336
2019-03-19 00:00:00+00:00,45.8381300327,-0.3737619136165993,45.78041763495074,0.1295343672510504,74.00151683993428,26.993508148126914
2019-03-20 00:00:00+00:00,45.7951379768,-0.09379103351147,45.787777805875365,0.017871666869790193,68.29984820975278,39.078148663994696
2019-03-21 00:00:00+00:00,46.3798299374,1.2767555387565466,46.083803871637684,0.6473136028131684,87.67384362100181,72.50162020938961
2019-03-22 00:00:00+00:00,45.3480205951,-2.224694104511926,45.71591223336884,-0.7886902508493789,33.49158312014989,23.36921832125967
2019-03-25 00:00:00+00:00,45.3394221839,-0.01896094049347319,45.52766720863442,-0.40382559567142606,33.2348447724056,53.28385063409163
2019-03-26 00:00:00+00:00,45.7693427432,0.9482268158518048,45.648504975917206,0.27220061009018937,57.607589498295866,62.828143228941045
2019-03-27 00:00:00+00:00,45.6919570426,-0.16907758766427916,45.6702310092586,0.0515615112129551,52.43899240730279,46.40116810565058
2019-03-28 00:00:00+00:00,45.8811220886,0.41400075252551183,45.7756765489293,0.23278113186923347,64.21229395539414,55.50738453363582
2019-03-29 00:00:00+00:00,46.4228219934,1.1806596703409555,46.09924927116465,0.7067204011050945,82.65512367496616,66.67420826647206
2019-04-01 00:00:00+00:00,47.2740647008,1.8336729023518128,46.686656985982324,1.2701966517284538,92.16839985479056,74.7659178325925
2019-04-02 00:00:00+00:00,47.5406154476,0.5638413969414557,47.113636216791164,0.9170190243349547,93.77267303944272,43.768026529013596
2019-04-03 00:00:00+00:00,47.8329614279,0.6149394103284855,47.47329882234558,0.7659792173317201,95.34233071816597,45.1408871220854
2019-04-04 00:00:00+00:00,47.7125836713,-0.25166277187634867,47.59294124682279,0.25715822272768574,82.49862443471524,27.846117368308242
2019-04-05 00:00:00+00:00,47.7731545972,0.12694958277104096,47.6830479220114,0.19205390274936335,84.11384765736787,42.32669261430176
2019-04-08 00:00:00+00:00,48.015438301,0.5071545009803557,47.8492431115057,0.3496042018648595,89.77558808070128,55.71432043648269
2019-04-09 00:00:00+00:00,47.747195629,-0.5586592177258543,47.79821937025285,-0.10452750793049737,56.39631472545237,28.194422756512797
2019-04-10 00:00:00+00:00,48.3009869519,1.1598405217408292,48.049603161076426,0.527656506905166,79.73246194291315,67.2814831354774
2019-04-11 00:00:00+00:00,48.1106211847,-0.39412396974325414,48.080112172888214,0.06676626858095591,62.488407594249296,38.70439423894505
2019-04-12 00:00:00+00:00,48.7076774548,1.2410071942489775,48.393894813844106,0.6538867314149668,81.40662271747723,63.30453489047528
2019-04-15 00:00:00+00:00,48.9413081692,0.47965890924857035,48.66760149152205,0.5667728203317686,85.65347617345029,49.44490002315612
2019-04-16 00:00:00+00:00,49.2787747566,0.6895332389426745,48.973188124061025,0.6281530296372215,90.40290138116275,53.64164155789165
2019-04-17 00:00:00+00:00,48.7249834336,-1.1237928007246767,48.84908577883051,-0.24781988554372758,49.811676642845896,25.84070450401806
2019-04-18 00:00:00+00:00,48.8028603384,0.15982951519342148,48.82597305861526,-0.04399518517515305,54.153843548571295,52.16496150379317
2019-04-22 00:00:00+00:00,48.7509424019,-0.10638297866150115,48.78845773025763,-0.0751890819183271,49.84166835993974,46.97741421131731
2019-04-23 00:00:00+00:00,49.0537970316,0.6212282568884175,48.921127380928816,0.27301958748504523,70.43853386867995,62.33400581388391
2019-04-24 00:00:00+00:00,49.2182038306,0.33515611216414776,49.069665605764406,0.30408784982459647,77.84622168953547,53.24028284726148
2019-04-25 00:00:00+00:00,48.7422894125,-0.966947960429454,48.9059775091322,-0.33143005530242875,37.28141381347421,26.672914423267905
2019-04-26 00:00:00+00:00,48.3529048885,-0.7988638381440927,48.629441198816096,-0.5651469467232607,22.739248528684683,33.133732578854435
2019-04-29 00:00:00+00:00,48.569229624,0.44738725832260684,48.59933541140805,-0.058879844200326936,41.69237329035218,66.2278931623012
2019-04-30 00:00:00+00:00,48.4134758144,-0.3206841261551241,48.506405612904025,-0.18978198517772552,32.95999110664473,45.438048294991304
2019-05-01 00:00:00+00:00,48.0933152058,-0.6613047363659197,48.299860409352014,-0.4255433607718226,20.026755467660244,37.58878056818064
2019-05-02 00:00:00+00:00,47.5395238828,-1.1514933429526142,47.919692146076,-0.7885183518622184,9.923578928664904,27.379099377037345
2019-05-03 00:00:00+00:00,47.5395238828,0.0,47.729608014438,-0.3942591759311092,9.923578928664902,62.89303723467247
2019-05-06 00:00:00+00:00,47.2366692531,-0.6370586092671715,47.483138633769,-0.5156588925991403,6.122824844246259,44.73723167196661
2019-05-07 00:00:00+00:00,46.250228459,-2.0882945594968283,46.8666835463845,-1.3019767260479842,2.132467050681292,22.52151173703847
2019-05-08 00:00:00+00:00,46.2675344378,0.037418147707835026,46.56710899209225,-0.6322792891700746,3.782641411263532,62.9477650951779
2019-05-09 00:00:00+00:00,45.7916200197,-1.0286141759721423,46.179364505896125,-0.8304467325711085,2.2309507820199497,45.204865343621584
2019-05-10 00:00:00+00:00,46.1723515542,0.8314436884657272,46.17585803004806,0.0004984779473093948,34.482397836162086,68.46722653497224
2019-05-13 00:00:00+00:00,44.3898357333,-3.860569715206219,45.28284688167403,-1.930035618629455,10.396868965919547,26.269552273056757
2019-05-14 00:00:00+00:00,45.0128509717,1.4035087720151829,45.14784892668702,-0.26326342330713604,34.41421377305985,63.8078482653846
2019-05-15 00:00:00+00:00,45.3762765274,0.8073817762142887,45.262062727043514,0.27205917645357636,46.874148435145415,58.72875518958114
2019-05-16 00:00:00+00:00,48.3961698356,6.655225019127475,46.82911628132176,3.463642097790526,84.22608000359034,80.99219419908508
2019-05-17 00:00:00+00:00,48.7595953913,0.750938673317636,47.794355836310885,2.107290385554081,86.0025983900879,44.575346115375545
2019-05-20 00:00:00+00:00,48.465393751,-0.6033717834182384,48.129874793655446,0.7519593010679213,75.6560682681985,38.60326965716599
2019-05-21 00:00:00+00:00,48.9066962115,0.9105516871837915,48.518285502577726,0.8312554941258564,80.84189705753066,49.86592069566774
2019-05-22 00:00:00+00:00,48.1884980895,-1.468506723279983,48.35339179603886,-0.31862561457706334,53.18448305808193,34.81279424436094
2019-05-23 00:00:00+00:00,46.8905496762,-2.693481774197093,47.62197073611944,-1.5060536943870781,27.593520747078518,28.23077600238712
2019-05-24 00:00:00+00:00,47.0463034858,0.3321646060358674,47.334137110959716,-0.5869445441756054,33.3648708914731,57.79499212301667
2019-05-28 00:00:00+00:00,46.6655719512,-0.8092698180100721,46.99985453107986,-0.6981071810928388,25.818980225421434,46.869469673069595
2019-05-29 00:00:00+00:00,46.0165977446,-1.3906916372495304,46.50822613783993,-1.0443994091711846,16.35917349136912,40.95411048014731
2019-05-30 00:00:00+00:00,46.3540643321,0.7333584055322806,46.43114523496996,-0.15552050181945198,34.94954671387637,65.09467578016212
2019-05-31 00:00:00+00:00,45.0215039611,-2.8747433266109623,45.72632459803498,-1.515131914215207,15.087293684160212,31.88182222105075
2019-06-03 00:00:00+00:00,44.8051792256,-0.4804920237380661,45.26575191181749,-0.9978119689766366,13.253212071565526,54.82456313352015
2019-06-04 00:00:00+00:00,46.0598626917,2.800308999507628,45.66280730175875,0.9012485152654957,57.841046877009425,73.30503493066365
2019-06-05 00:00:00+00:00,47.3751170838,2.8555325944056964,46.51896219277937,1.8783905548355961,76.68483755308897,73.57794112365343
2019-06-06 00:00:00+00:00,47.6779717136,0.6392694064782933,47.098466953189686,1.2588299806569447,79.80288989793102,45.54723775312788
2019-06-07 00:00:00+00:00,48.3961698356,1.5063520871109848,47.74731839439484,1.3825910338839646,86.31367246668347,55.49687618329576
2019-06-10 00:00:00+00:00,48.8201663173,0.8760951189738853,48.28374235584742,1.129343076428925,89.35301609053482,46.27742670876054
2019-06-11 00:00:00+00:00,49.4172225873,1.2229705776082733,48.85048247157371,1.1761568270185991,92.75256595579238,52.75666793042699
2019-06-12 00:00:00+00:00,48.3355989096,-2.188758536134272,48.59304069058686,-0.5063008545578365,49.66258400280466,18.981707618027816
2019-06-13 00:00:00+00:00,48.6038415817,0.5549588256921867,48.598441136143435,0.02432898556717511,57.08000576412831,54.28578401071263
2019-06-14 00:00:00+00:00,47.3751170838,-2.528039878976629,47.98677910997172,-1.251855446704727,28.36323080453636,31.298412681037195
2019-06-17 00:00:00+00:00,47.9375613962,1.1872146118501847,47.96217025308586,-0.0323204174272711,46.75573186247269,61.08523184740144
2019-06-18 00:00:00+00:00,48.5000057086,1.1732851985344794,48.23108798084293,0.5704823905536042,61.55981528265046,60.93664805632106
2019-06-19 00:00:00+00:00,48.569229624,0.14272970567450471,48.400158802421466,0.35660604811405444,63.43663562432538,47.98393170179198
2019-06-20 00:00:00+00:00,49.67681227,2.2804204525671556,49.03848553621073,1.318513250340605,83.16438335161179,68.69093194323483
2019-06-21 00:00:00+00:00,49.347998672,-0.6619055913105965,49.193242104105366,0.32830382951500425,67.05354966154744,37.702993797698376
2019-06-24 00:00:00+00:00,49.4777935133,0.2630194633883809,49.33551780870268,0.2956616464516926,70.44377473986044,48.63017956866186
2019-06-25 00:00:00+00:00,48.5259646769,-1.9237495628097068,48.930741242801346,-0.8140439581790071,33.04253711476088,29.980598581037206
2019-06-26 00:00:00+00:00,48.9759201268,0.9272467902409209,48.953330684800676,0.05660141603095692,51.35612494379277,59.98839817459874
2019-06-27 00:00:00+00:00,48.2231100472,-1.5371024733194405,48.58822036600034,-0.7402505286442418,30.45298628918352,38.56127081161402
2019-06-28 00:00:00+00:00,47.357811105,-1.794365691787736,47.97301573550017,-1.2673081102159889,17.8949497177203,36.51869299897914
2019-07-01 00:00:00+00:00,47.3664640944,0.018271514662737687,47.669739914950085,-0.6245182977766256,18.39969803565573,59.30227000430728
2019-07-02 00:00:00+00:00,48.2923339625,1.954694921400013,47.98103693872504,0.6650883118116937,58.92647297094767,74.16210247482881
2019-07-03 00:00:00+00:00,49.1749388835,1.8276294570590768,48.577987911112515,1.2463588844353852,75.98268040148443,71.58927791785382
2019-07-05 00:00:00+00:00,49.2794182154,0.21246458922403733,48.92870306325626,0.7294117368297113,77.63199330480622,43.08797106075269
2019-07-08 00:00:00+00:00,48.9224471648,-0.7243816252855972,48.92557511402813,0.0025150557720570177,57.42253233675702,32.002703770148386
2019-07-09 00:00:00+00:00,49.0530463297,0.26695141487929064,48.989310721864065,0.13473323532567383,62.74483046912024,51.71847073467473
2019-07-10 00:00:00+00:00,49.740868598,1.4022009228069843,49.36508965993203,0.768467079066329,81.25546128064369,67.77071360682874
2019-07-11 00:00:00+00:00,49.8888809849,0.29756695263249977,49.62698532241602,0.5330170158494144,83.8461940884228,45.628905332475526
2019-07-12 00:00:00+00:00,50.4548106994,1.134380453775452,50.04089801090801,0.8336987348124332,90.98907066165351,60.34939825281219
2019-07-15 00:00:00+00:00,50.5418768093,0.17256255388355957,50.29138741010401,0.5031306443479964,91.82341991610213,41.14421388644311
2019-07-16 00:00:00+00:00,50.1674925366,-0.7407407408169475,50.229439973352,-0.11880504823447557,57.48934385769244,28.311432231679703
2019-07-17 00:00:00+00:00,49.810521486,-0.7115584864831992,50.019980729676,-0.4151817673588374,37.457607500360155,29.36730810620231
2019-07-18 00:00:00+00:00,50.2719718685,0.9264114663599665,50.145976299088005,0.25561484950056457,62.67549047988908,68.46833721989675
2019-07-19 00:00:00+00:00,49.9411206508,-0.6581226186341604,50.043548474944004,-0.20125388456679794,43.71761758039818,37.96868449964181
2019-07-22 00:00:00+00:00,50.2632652576,0.6450488146882094,50.153406866272,0.22189746506070573,60.963133795634356,59.96781882374342
2019-07-23 00:00:00+00:00,50.2458520356,-0.0346440325966757,50.199629450936,0.09362671623201502,59.48527569749247,46.94309021324862
2019-07-24 00:00:00+00:00,49.827934708,-0.8317449315097702,50.013782079468,-0.3690591076388776,31.764343309589165,33.96579741639497
2019-07-25 00:00:00+00:00,49.2968314374,-1.065874541484313,49.655306758434,-0.7174668245615953,16.821323454851843,30.27794808190447
2019-07-26 00:00:00+00:00,49.2184719385,-0.15895443300347756,49.436889348467005,-0.4382106287825364,15.235155019826994,57.248379171428645
2019-07-29 00:00:00+00:00,49.5667363782,0.7075888908846251,49.5018128633335,0.13468913105104433,47.953411401176545,72.49654237713764
2019-07-30 00:00:00+00:00,49.1662322725,-0.8080098367665545,49.33402256791675,-0.3366603528577551,28.78649449630328,37.45180078232906
2019-07-31 00:00:00+00:00,48.2346248964,-1.894811404169916,48.78432373215837,-1.1157358785138356,12.021416134261992,24.64012852904469
2019-08-01 00:00:00+00:00,48.2259182854,-0.018050541532566022,48.505121008779184,-0.5668932100232008,11.92406330864477,60.044618326825606
2019-08-02 00:00:00+00:00,46.3627035331,-3.8635132695110763,47.433912270939594,-2.2152032397671384,3.312655062298834,24.56877856936974
2019-08-05 00:00:00+00:00,44.7258606666,-3.530516431880215,46.0798864687698,-2.872859835823677,1.697346015150356,29.9450384865659
2019-08-06 00:00:00+00:00,45.7967738186,2.3943936148773437,45.9383301436849,-0.23923311047316664,33.51368441058546,75.86164186215072
2019-08-07 00:00:00+00:00,45.5704019328,-0.49429657795689863,45.75436603824245,-0.36676484421503264,30.394510412341123,51.2808245202702
2019-08-08 00:00:00+00:00,46.2843440342,1.566679403997373,46.01935503622123,0.5999572798911702,51.67293974544177,63.82507985984343
2019-08-09 00:00:00+00:00,45.6487614317,-1.37321294222158,45.83405823396062,-0.3866278311652049,36.693747128679604,41.15283676939476
2019-08-12 00:00:00+00:00,44.8738730534,-1.6975014304810854,45.35396564368031,-1.0420646308231452,23.98077958168487,38.86834034291978
2019-08-13 00:00:00+00:00,45.9012531505,2.2894838960689112,45.627609397090154,0.623709632622883,54.99238012396042,69.79292035981291
2019-08-14 00:00:00+00:00,44.0641582312,-4.0022761759391905,44.845883814145076,-1.6892832716581538,26.25950732057772,31.76090789184599
2019-08-15 00:00:00+00:00,40.2680758386,-8.614898241519453,42.55697982637254,-5.152090756588803,10.024756046354197,19.85993035934495
2019-08-16 00:00:00+00:00,40.886245219,1.5351351350328057,41.72161252268627,-1.8084778107779989,21.829700788498524,64.17205086246724
2019-08-19 00:00:00+00:00,42.2270633118,3.2793867121281073,41.97433791724313,0.7354544506750542,45.21550161071798,68.64156315944284
2019-08-20 00:00:00+00:00,41.7307864853,-1.1752577318378643,41.85256220127157,-0.21990164058140504,38.775152871035424,46.44546339396609
2019-08-21 00:00:00+00:00,42.4621418086,1.752555810462919,42.15735200493579,0.7663270849407571,53.436229432206275,59.391302194834594
2019-08-22 00:00:00+00:00,41.9484517601,-1.2097600983376755,42.052901882517894,-0.22171650669845921,42.670769050073496,43.45056043365452
2019-08-23 00:00:00+00:00,40.5815138343,-3.2586135326696075,41.31720785840895,-1.7401650196840333,23.651486205799653,33.98674892003473
2019-08-26 00:00:00+00:00,41.0081377729,1.0512765500616084,41.162672815654474,-0.34444423481121245,36.83240528414488,60.875332327447666
2019-08-27 00:00:00+00:00,40.7382328322,-0.65817409752843,40.950452823927236,-0.5013091661698212,31.647494251809896,49.00068799870293
2019-08-28 00:00:00+00:00,40.8078857201,0.1709767043330146,40.87916927201362,-0.16516623091840332,35.17966778980628,55.339029549929236
2019-08-29 00:00:00+00:00,41.1561501598,0.8534243653021578,41.01765971590681,0.34412906719187725,53.284961283151446,61.280194039035635
2019-08-30 00:00:00+00:00,40.7556460542,-0.9731330652768322,40.88665288505341,-0.31450199904247744,35.95917008850246,39.946137084093934
2019-09-03 00:00:00+00:00,40.4857411134,-0.6622516557363789,40.68619699922671,-0.48837682738942817,27.063672099767953,44.84806325475833
2019-09-04 00:00:00+00:00,41.1996832148,1.7634408603272256,40.94294010701336,0.6375320164688987,63.19193206283489,71.7941995353921
2019-09-05 00:00:00+00:00,42.1574104239,2.3245984783590634,41.55017526545667,1.481065247413981,81.5657353171991,75.88302796487963
2019-09-06 00:00:00+00:00,42.5230880856,0.8674101611627849,42.03663167552834,1.174237704288383,85.66423405718874,48.49827503229503
2019-09-09 00:00:00+00:00,42.2967161998,-0.5323505323609257,42.16667393766417,0.32094358596372863,71.00522504486946,31.907006111463865
2019-09-10 00:00:00+00:00,42.8452326923,1.2968299711706432,42.50595331498209,0.8088867785671859,82.12363605086,59.239785658856064
2019-09-11 00:00:00+00:00,43.5591747936,1.66632798198878,43.03256405429104,1.237607380277983,89.77713643782324,63.659725629281716
2019-09-12 00:00:00+00:00,43.4721086837,-0.199880071908054,43.25233636899552,0.5188636541849645,83.25668810368423,34.948647574225134
2019-09-13 00:00:00+00:00,43.5591747936,0.20028039250059582,43.40575558129776,0.35957202334278016,84.90157012739107,43.18960920731536
2019-09-16 00:00:00+00:00,43.4982285167,-0.1399160502667529,43.45199204899888,0.10982798653801362,76.962629016326,37.18272064979851
2019-09-17 00:00:00+00:00,43.0193649121,-1.100880704638707,43.23567848054944,-0.4955263590503467,36.613064665006554,23.39560366093923
2019-09-18 00:00:00+00:00,42.9584186352,-0.14167172626684543,43.097048557874714,-0.31859904265859607,33.281916908721904,50.74224486783529
2019-09-19 00:00:00+00:00,42.8278194703,-0.3040129712619022,42.96243401408736,-0.3113060069602491,25.751153816567385,46.525758894387884
2019-09-20 00:00:00+00:00,43.184790521,0.8335027445129484,43.07361226754368,0.2610983687763496,61.483491170246225,71.4556669110941
2019-09-23 00:00:00+00:00,43.0280715231,-0.36290322590261104,43.05084189532184,-0.05090242856313071,46.6872883896592,41.17272421909399
2019-09-24 00:00:00+00:00,42.7668731933,-0.60704168361293,42.90885754431092,-0.3289720560880304,29.149801352210435,36.44503756685522
2019-09-25 00:00:00+00:00,43.1934971319,0.997557003224725,43.05117733810546,0.3342924735683473,63.104838596778414,70.19049574658726
2019-09-26 00:00:00+00:00,42.5143814746,-1.5722636563235137,42.78277940635273,-0.6189855913775832,29.42863815911919,30.845666519225297
2019-09-27 00:00:00+00:00,42.5230880856,0.020479213616697578,42.65293374597637,-0.29925318888044283,30.1455261546836,54.5374322125115
2019-09-30 00:00:00+00:00,43.0193649121,1.1670761669542618,42.836149329038186,0.43391148903690946,62.61544245710366,66.81425472567757
2019-10-01 00:00:00+00:00,41.5653608764,-3.37988261488964,42.20075510271909,-1.4729855629263653,20.578423245704947,25.635423897057642
2019-10-02 00:00:00+00:00,40.5379807793,-2.47172182663119,41.36936794100954,-1.9723536947787776,12.023246275920794,37.22628502527521
2019-10-03 00:00:00+00:00,41.2780427137,1.8256013747431243,41.32370532735477,-0.07337616001782665,39.29311419544395,70.19727913696774
2019-10-04 00:00:00+00:00,41.6815254941,0.9774755629730514,41.50261541072739,0.45204970147761236,51.569764378834385,60.7509926867182
2019-10-07 00:00:00+00:00,41.900809614,0.5260942763024357,41.7017125123637,0.489071988890024,58.42398695041369,54.8577619406414
2019-10-08 00:00:00+00:00,40.6903612726,-2.8888423697559396,41.19603689248185,-1.1998851904329577,26.90056486663251,26.112102723069786
2019-10-09 00:00:00+00:00,41.0850726882,0.9700366456706577,41.14055479034093,-0.11492427238115,42.16435638802225,60.86831778440611
2019-10-10 00:00:00+00:00,40.4798485176,-1.4730999143974466,40.810201653970466,-0.7940120933892982,28.48442971369017,42.07327476657111
2019-10-11 00:00:00+00:00,40.8394744741,0.8884073672944748,40.824838064035234,0.04719763695258827,44.52619835250773,59.987001015717894
2019-10-14 00:00:00+00:00,40.3921348696,-1.095360824938385,40.60848646681762,-0.5240815939928984,31.388915903022244,43.166283786668494
2019-10-15 00:00:00+00:00,40.6640471782,0.6731813247252916,40.63626682250881,0.07454986536619657,45.93349067601008,58.66565736608243
2019-10-16 00:00:00+00:00,41.0412158643,0.9275237274026127,40.83874134340441,0.5010367963844047,62.481618399814664,60.9622675626269
2019-10-17 00:00:00+00:00,41.2517286193,0.512930113220933,41.04523498135221,0.5069834548026688,70.13449121605325,53.670881706279886
2019-10-18 00:00:00+00:00,40.9710449459,-0.6804167553567275,41.00813996362611,-0.08671665027702935,49.81308243878796,35.39367077407499
2019-10-21 00:00:00+00:00,41.5674977518,1.4557910511864725,41.28781885771305,0.6845372004547216,73.90956565764748,66.25255248217331
2019-10-22 00:00:00+00:00,41.7078395885,0.3376239713489326,41.49782922310652,0.511080585901827,77.69017374021999,48.18281781875427
2019-10-23 00:00:00+00:00,41.2692713489,-1.0515247107666714,41.383550286003256,-0.2702220624324222,46.26515042493676,31.94604911838206
2019-10-24 00:00:00+00:00,40.7079040022,-1.3602550477668118,41.04572714410163,-0.8152385550996171,26.04104939998988,28.719714805419066
2019-10-25 00:00:00+00:00,41.137700877,1.0558069380746549,41.09171401055082,0.1202841914875189,50.76040271196203,67.38534223718206
2019-10-28 00:00:00+00:00,41.3745277264,0.5756929637562802,41.23312086847541,0.34798857762189955,61.41859107012546,58.00630298111916
2019-10-29 00:00:00+00:00,41.4359272799,0.1483994062869476,41.334524074187705,0.24819399195442357,64.41411125249282,48.917081073305425
2019-10-30 00:00:00+00:00,41.7166109533,0.6773920407379341,41.52556751374385,0.46279301634617886,76.77766368240468,60.430958248450494
2019-10-31 00:00:00+00:00,41.6727541293,-0.10513036173789292,41.59916082152193,0.17883132730414297,70.99651948386546,40.283771115684054
2019-11-01 00:00:00+00:00,41.2517286193,-1.0103136180864447,41.425444720410965,-0.41574114539115087,34.06285306532941,25.52066120606612
2019-11-04 00:00:00+00:00,41.646440035,0.956836062174915,41.53594237770548,0.2705474583918821,61.92030391777589,66.06319298412298
2019-11-05 00:00:00+00:00,41.8920382492,0.5897219882265992,41.71399031345274,0.43013472330924063,72.68939978247928,57.327577138261354
2019-11-06 00:00:00+00:00,42.3393778536,1.0678391959325184,42.02668408352637,0.7489869596208796,84.5934472264712,66.08779000369333
2019-11-07 00:00:00+00:00,42.4709483255,0.31075201991617174,42.24881620451318,0.5298694897685257,87.07827474933782,44.425564024851646
2019-11-08 00:00:00+00:00,42.830574282,0.8467575382207437,42.53969524325659,0.6883135139946347,92.2217490932522,58.7755469720592
2019-11-11 00:00:00+00:00,42.1902646521,-1.4949825927715876,42.36497994767829,-0.40333453938847647,44.700984166358715,21.832254336983617
2019-11-12 00:00:00+00:00,42.4270915015,0.5613305613341613,42.39603572458915,0.0789980109728424,56.99516323509001,57.23643900117033
2019-11-13 00:00:00+00:00,42.5060337846,0.1860657431518975,42.45103475459457,0.13253187706236996,61.2973819082015,50.92280782634103
2019-11-14 00:00:00+00:00,39.3921992833,-7.32562938494663,40.92161701894729,-3.5965487539421304,8.859214648058641,11.80939706442226
2019-11-15 00:00:00+00:00,39.5500838496,0.4008016032934103,40.235850434273644,-1.59787357532436,14.426942987922619,59.639540560115165
2019-11-18 00:00:00+00:00,39.6027120383,0.13306719879566664,39.91928123628682,-0.7324031882643467,16.963271504955422,58.00439366074164
2019-11-19 00:00:00+00:00,39.8833957117,0.7087486158234624,39.901338473993405,-0.011827286220442157,32.878713885421234,61.41628949426652
2019-11-20 00:00:00+00:00,39.5413124848,-0.8577083791279194,39.721325479396704,-0.4347678326741808,24.34753031262813,46.122046087807846
2019-11-21 00:00:00+00:00,39.3307997297,-0.5323868679900978,39.52606260454835,-0.48357735033213933,19.642791074189958,50.00080675914405
2019-11-22 00:00:00+00:00,39.3395710945,0.02230151652213852,39.43281684952417,-0.2306379169050004,20.60168800665608,57.77535927788713
2019-11-25 00:00:00+00:00,39.8658529821,1.3377926422628805,39.64933491581209,0.5535773626789401,61.716633353739574,72.81353724078387
2019-11-26 00:00:00+00:00,39.743053875,-0.30803080309140807,39.696194395406046,0.12277327979376601,52.24728266972298,43.643563360031216
2019-11-27 00:00:00+00:00,39.6816543214,-0.15449128240903054,39.68892435840303,-0.015859001307632264,46.855417219356426,46.63518792151141
2019-11-29 00:00:00+00:00,39.743053875,0.1547303272759093,39.715989116701515,0.06943566298413852,53.979343360367345,54.010247782724086
2019-12-02 00:00:00+00:00,39.2080006226,-1.346281174272257,39.46199486965075,-0.6384227556440591,19.6131678126513,26.920681317312997
2019-12-03 00:00:00+00:00,38.8396033014,-0.9395973152164561,39.15079908552538,-0.7890100354302576,11.832781443966416,39.29483969567303
2019-12-04 00:00:00+00:00,38.4975200744,-0.8807588078214579,38.82415957996269,-0.8348844216258577,7.621586295494429,41.4464823323954
2019-12-05 00:00:00+00:00,38.1729795771,-0.8430166324292943,38.498569578531345,-0.838950527027576,5.059262093364937,43.37751661817506
2019-12-06 00:00:00+00:00,38.4536632505,0.7352941177491523,38.47611641451567,-0.05182820463921184,33.89183150057047,81.54827567966788
2019-12-09 00:00:00+00:00,38.5062914392,0.13686131372494525,38.491203926857835,0.04251655454286671,39.09398826977608,58.94757274333852
2019-12-10 00:00:00+00:00,38.6817187351,0.4555808657320082,38.58646133097892,0.24904871013743746,56.29146031233375,66.38923752191316
2019-12-11 00:00:00+00:00,38.8396033014,0.40816326539474534,38.713032316189455,0.3286059877660914,68.35436775598815,63.80799685938646
2019-12-12 00:00:00+00:00,40.0588230075,3.1391147243155837,39.38592766184473,1.7338603560408377,92.45963064946812,91.69697837219984
2019-12-13 00:00:00+00:00,39.7342825102,-0.8101598422880163,39.56010508602237,0.4618502568764107,70.896908898838,34.323745947884376
2019-12-16 00:00:00+00:00,40.3307353161,1.5011037527779214,39.94542020106118,0.981477004827166,82.2856399943244,57.60797510756765
2019-12-17 00:00:00+00:00,40.7342180965,1.000434971585884,40.33981914878059,0.9909559882065251,87.32042636671655,51.65716181569498
2019-12-18 00:00:00+00:00,40.9096453924,0.43066322148226366,40.6247322705903,0.7108096048443944,89.30319901961144,43.91369631362209
2019-12-19 00:00:00+00:00,41.9972946267,2.6586620926859705,41.31101344864515,1.6847358487651825,95.64159164197778,70.1548815337461
2019-12-20 00:00:00+00:00,41.6201259406,-0.8980785297065585,41.46556969462257,0.39332865952931195,73.10808984079009,33.0864066408472
2019-12-23 00:00:00+00:00,42.1902646521,1.3698630136624201,41.827917173361286,0.881595836595866,82.47190415016608,55.55035320002068
2019-12-24 00:00:00+00:00,41.9095809787,-0.6652806653727139,41.86874907603064,0.10815758561157607,65.60312818405468,38.260897098669325
2019-12-26 00:00:00+00:00,41.9709805323,0.14650481385438674,41.919864804165314,0.1273311997329814,67.76646810362419,47.95318163236611
2019-12-27 00:00:00+00:00,41.900809614,-0.16718913261031254,41.910337209082655,-0.01992896643866557,61.17115109988629,43.95358442501699
2019-12-30 00:00:00+00:00,41.7429250477,-0.3768055265625514,41.82663112839133,-0.1983672465006085,46.04634635641839,40.56253381177863
2019-12-31 00:00:00+00:00,42.067465545,0.7774742592406847,41.94704833669566,0.28955350637003807,69.38567288345435,63.697003602429724
2020-01-02 00:00:00+00:00,42.7779460932,1.6889074228633838,42.36249721494783,0.9892304646167109,87.35207808073507,75.15201336829683
2020-01-03 00:00:00+00:00,42.0799994304,-1.6315572077242546,42.221248322673915,-0.32116337155377184,46.8434944249717,27.585587508683258
2020-01-06 00:00:00+00:00,42.2301904844,0.3569179088236618,42.22571940353696,0.017877268634944987,53.76440666018893,53.83367887096286
2020-01-07 00:00:00+00:00,41.95631268,-0.6485355648612745,42.09101604176848,-0.31532914811316476,39.64540932386996,42.225153984255556
2020-01-08 00:00:00+00:00,41.9828169837,0.06317119405163663,42.03691651273424,-0.12607897703076407,41.86167752941145,52.9887047735958
2020-01-09 00:00:00+00:00,41.806121626,-0.42087542093376396,41.92151906936712,-0.273477198982264,30.618370309879474,44.526022670901284
2020-01-10 00:00:00+00:00,41.6382610362,-0.4015215553877294,41.77989005278356,-0.3374993771849967,22.143422100797817,45.05233765588041
2020-01-13 00:00:00+00:00,42.3803815384,1.7823042647117537,42.08013579559178,0.7224024437633785,72.54292265977958,78.91351809372003
2020-01-14 00:00:00+00:00,42.2213557165,-0.3752345215578434,42.15074575604589,0.17358396110276753,60.0484673704283,41.24601906485754
2020-01-15 00:00:00+00:00,42.41572061,0.46034735313826847,42.28323318302294,0.316965657120518,69.63626579106615,54.001129108843436
2020-01-16 00:00:00+00:00,43.3345364699,2.166215371768021,42.80888482646147,1.2415905144442696,88.76131997394307,72.36982242817068
2020-01-17 00:00:00+00:00,43.3080321662,-0.06116207962305609,43.058458496330736,0.5902142174106068,86.40641886385086,40.608946736610804
2020-01-21 00:00:00+00:00,43.1136672728,-0.44879640952999456,43.086062884565365,0.0707089039403061,66.88642799564101,36.434771443953245
2020-01-22 00:00:00+00:00,43.3522060056,0.5532786883812424,43.21913444508269,0.3119937961607743,76.61269402428664,54.55024825917795
2020-01-23 00:00:00+00:00,43.2903626305,-0.1426533521547091,43.25474853779134,0.08467022200303259,68.75865556437482,42.06252385613917
2020-01-24 00:00:00+00:00,43.1578411122,-0.30612244907975983,43.20629482499567,-0.11072611353836362,51.71704990146387,38.923072355068115
2020-01-27 00:00:00+00:00,41.9386431442,-2.8249744115568243,42.57246898459783,-1.467850262547594,11.699937161625108,14.283121845851523
2020-01-28 00:00:00+00:00,42.2036861808,0.6319780916342221,42.38807758269891,-0.4179360854566859,29.490610623284415,62.78374962877077
2020-01-29 00:00:00+00:00,41.5675828931,-1.5072221060855595,41.977830237899454,-0.9625790957711227,17.09276542940707,41.164091375209956
2020-01-30 00:00:00+00:00,41.7354434829,0.4038257173424986,41.85663686039973,-0.279376689214312,28.92091099751972,59.74107310723465
2020-01-31 00:00:00+00:00,40.6134279617,-2.688399661212948,41.235032411049865,-1.48388817521363,11.899519905732085,33.82188675220842
2020-02-03 00:00:00+00:00,41.1081749632,1.2181857733520207,41.17160368712493,-0.1328512009308046,36.58537090144942,63.68185902985683
2020-02-04 00:00:00+00:00,42.0711646625,2.342574682923937,41.62138417481246,1.1048617409965662,65.12013742138586,69.60312355474198
2020-02-05 00:00:00+00:00,42.8044503969,1.7429651408096491,42.212917285856236,1.4239134409031076,76.96114414607176,61.57296432775814
2020-02-06 00:00:00+00:00,43.0164848261,0.495356037126804,42.61470105597812,0.9596347390149558,79.91808949709056,45.271639309882964
2020-02-07 00:00:00+00:00,42.3803815384,-1.4787430685504144,42.49754129718906,-0.2595541647677293,50.659396747100864,27.80183645535313
2020-02-10 00:00:00+00:00,43.175510648,1.8761726080251284,42.83652597259453,0.8083092216286996,70.74297958578333,63.60441905772776
2020-02-11 00:00:00+00:00,43.405214613,0.5320237364943248,43.120870292797264,0.6701664790615122,75.12969916585268,49.0011134217559
2020-02-12 00:00:00+00:00,44.1119960437,1.6283329940921965,43.61643316824863,1.1492497365768544,85.30140096096264,60.18489584413531
2020-02-13 00:00:00+00:00,41.806121626,-5.227318245621138,42.71127739712432,-2.039034254522142,28.419644380468064,19.68754933822969
2020-02-14 00:00:00+00:00,41.4969047501,-0.7396449703377717,42.10409107361216,-1.3893396124299568,25.058475884829022,51.639333151625486
2020-02-18 00:00:00+00:00,41.1611835705,-0.8090270385749498,41.632637322056084,-1.0991833255024535,21.011461733437226,51.16724668649906
2020-02-19 00:00:00+00:00,40.896140534,-0.6439150031875118,41.26438892802804,-0.8715491643449826,17.63811386296438,52.71046963672556
2020-02-20 00:00:00+00:00,41.3908875355,1.2097645279966818,41.32763823176402,0.16910768182584957,43.180452761044215,69.1359371285985
2020-02-21 00:00:00+00:00,40.9049753018,-1.173959445260131,41.11630676678201,-0.5024258817171408,29.639030208915454,41.39912790134356
2020-02-24 00:00:00+00:00,38.8729786886,-4.967602591635312,39.994642727691,-2.7350142366762262,9.989117497231558,21.146463568055918
2020-02-25 00:00:00+00:00,37.7597979352,-2.8636363637511986,38.8772203314455,-2.799325300213712,6.466319380444181,43.95514836290625
2020-02-26 00:00:00+00:00,37.247381398,-1.3570425829061872,38.06230086472275,-2.0781839415599497,5.200071675579809,57.24020353716073
2020-02-27 00:00:00+00:00,35.3744106066,-5.028462998208427,36.718355735661376,-3.5533234698841882,2.5076963724220938,30.66751712855986
2020-02-28 00:00:00+00:00,35.2772281599,-0.2747252746647111,35.997791947780684,-1.9140243722744497,2.41055776037956,63.54043016019442
2020-03-02 00:00:00+00:00,36.3727393775,3.1054345104281067,36.18526566264034,0.5957050690768285,41.03334939465935,75.78566759262215
2020-03-03 00:00:00+00:00,35.3744106066,-2.7447170270533894,35.77983813462017,-1.0745059789882805,26.62792262615187,40.485519351126925
2020-03-04 00:00:00+00:00,36.5671042709,3.371628371604518,36.17347120276008,1.1485611963081188,54.96223090945092,65.60801692009237
2020-03-05 00:00:00+00:00,34.9591765161,-4.397197390550788,35.56632385943004,-1.6243180971213347,30.861578055013783,36.36290178815385
2020-03-06 00:00:00+00:00,35.0563589628,0.2779883749699952,35.31134141111502,-0.6731648610756698,33.50499713303075,54.62191607007451
2020-03-09 00:00:00+00:00,33.5367788868,-4.33467741933068,34.42406014895751,-2.5039211402031745,17.664382311682964,38.341106962803124
2020-03-10 00:00:00+00:00,35.4097496781,5.58482613259319,34.916904913528754,1.540452496195008,56.066582599440046,68.56504689118528
2020-03-11 00:00:00+00:00,32.7328150094,-7.55988023929921,33.82485996146438,-3.0097138715521012,28.0343761420946,34.72820187253065
2020-03-12 00:00:00+00:00,29.3314293741,-10.39136302308008,31.57814466778219,-6.700538447316091,14.355008662281959,29.952146708630558
2020-03-13 00:00:00+00:00,33.2540663145,13.37349397593195,32.416105491141096,3.3364777643079297,53.55703705928198,74.35467812686447
2020-03-16 00:00:00+00:00,29.7820025362,-10.441020191224116,31.099054013670546,-3.552271213458093,33.31230327776493,38.07554898585848
2020-03-17 00:00:00+00:00,31.3634259874,5.30999703353654,31.231240000535273,0.8788629100392233,46.999818725781715,58.27385532189306
2020-03-18 00:00:00+00:00,32.7946583845,4.563380281462193,32.01294919251764,2.721121595750708,58.54933196938092,56.95301626695434
2020-03-19 00:00:00+00:00,33.3159096897,1.5894396553505885,32.66442944110882,2.155280625550648,62.95892187099814,50.16004344492817
2020-03-20 00:00:00+00:00,31.4517736662,-5.595332803043096,32.05810155365441,-1.720026088746224,40.084006576863025,35.02233273835283
2020-03-23 00:00:00+00:00,30.5682968778,-2.8089887641199685,31.313199215727206,-2.264507426433096,31.855885140496298,44.72600522565902
2020-03-24 00:00:00+00:00,34.1022040313,11.560693641609031,32.7077016235136,4.648093107587968,69.46444239755057,74.35378103179687
2020-03-25 00:00:00+00:00,33.2805706182,-2.409326424608438,32.9941361208568,1.1193833414897651,58.25236478795222,41.73280749454295
2020-03-26 00:00:00+00:00,35.8514880723,7.7249800900170085,34.4228120965784,4.4221817157533865,76.24700619034459,60.560982071405576
2020-03-27 00:00:00+00:00,34.2965689248,-4.337111877655597,34.3596905106892,0.042534919048894615,54.81291219199358,38.40497583502654
2020-03-30 00:00:00+00:00,35.6217841074,3.8639876353396163,34.990737309044604,1.9532612771942555,66.75901139280123,55.14202633488782
2020-03-31 00:00:00+00:00,34.7294725511,-2.504960317567684,34.8601049300723,-0.27584952018671416,52.69005740533596,41.8842446915922
2020-04-01 00:00:00+00:00,33.8636652985,-2.49300432457209,34.36188511428615,-1.3844269223794021,40.32225179317914,41.923563225391234
2020-04-02 00:00:00+00:00,35.4804278212,4.774328202362721,34.921156467743074,1.6949506399916594,63.994815460170905,64.08064614872067
2020-04-03 00:00:00+00:00,34.8207414748,-1.8592964823435087,34.87094897127154,-0.08217292117592467,51.49322010678578,42.09263804717077
2020-04-06 00:00:00+00:00,36.9335207194,6.067588325564599,35.90223484533577,2.992707702194337,74.97699739842751,64.14489091875838
2020-04-07 00:00:00+00:00,36.2292609712,-1.9068307989118294,36.06574790826788,0.5429384516412539,60.36469847467708,40.73584605986
2020-04-08 00:00:00+00:00,37.2098758105,2.7066929134423434,36.637811859383945,1.6248156825417985,71.83091421798831,54.99035271050525
2020-04-09 00:00:00+00:00,36.7284830712,-1.2937230474823536,36.683147465291974,0.1655463175297225,59.21635816597959,41.886527000317784
2020-04-13 00:00:00+00:00,36.7463124319,0.048543689281799196,36.71472994859599,0.10704500340576084,59.61041374072641,48.10983877077267
2020-04-14 00:00:00+00:00,38.1370025676,3.7845705967838095,37.425866258098,1.9458078000947852,81.04189660644809,64.14202922181316
2020-04-15 00:00:00+00:00,37.0137528426,-2.945301542796863,37.219809550349,-0.499746871351039,49.329603471800084,34.958100842465726
2020-04-16 00:00:00+00:00,36.9959234819,-0.04816955680181367,37.1078665161245,-0.27395821407642634,48.87424977752936,49.72806349774156
2020-04-17 00:00:00+00:00,37.8695621569,2.3614457831480307,37.48871433651225,1.0437437845358022,69.54020702365672,60.826250189423035
2020-04-20 00:00:00+00:00,37.9230502391,0.14124293800490406,37.705882287806126,0.5924933612703531,70.63046515664327,46.606070262467654
2020-04-21 00:00:00+00:00,36.149028848,-4.677950164649259,36.92745556790307,-2.0427284016894527,25.400069853444492,26.462989740804584
2020-04-22 00:00:00+00:00,37.2277051712,2.9839704068832296,37.077580369551534,0.47062100259688844,52.90604452656778,63.78760027728132
2020-04-23 00:00:00+00:00,37.1028996462,-0.33524904214764506,37.090240007875764,0.06768598022462169,49.72412155598642,47.96704121981583
2020-04-24 00:00:00+00:00,37.9052208783,2.162421912439849,37.49773044308788,1.1150539463322353,68.17880463387276,59.34757301760517
2020-04-27 00:00:00+00:00,38.3866136176,1.2699905927090471,37.94217203034394,1.1925222695206412,76.08079060282927,53.120588946347034
2020-04-28 00:00:00+00:00,37.8784768373,-1.3237343240588006,37.91032443382197,-0.06560602726907971,54.609423015636885,36.44837349647857
2020-04-29 00:00:00+00:00,38.6362246676,2.0004706988477006,38.27327455071098,0.9674323357893104,72.174820798364,60.36378143889329
2020-04-30 00:00:00+00:00,37.7804153533,-2.2150438394610283,38.02684495200549,-0.623805751835859,43.594481952245445,35.180673678064
2020-05-01 00:00:00+00:00,36.4788720212,-3.445021236343604,37.25285848660275,-2.0344134940897316,22.904118418459877,29.748900743531703
2020-05-04 00:00:00+00:00,36.8622032766,1.0508308896646446,37.05753088160137,-0.4917913022125435,36.26719588650788,61.955123028500076
2020-05-05 00:00:00+00:00,36.9602647605,0.26602176534100686,37.00889782105069,-0.11288476843576833,40.24175216417094,55.31504454546023
2020-05-06 00:00:00+00:00,36.6839096694,-0.7477086349103934,36.846403745225345,-0.4302967016730809,31.84628803380525,45.80362161650341
2020-05-07 00:00:00+00:00,36.8800326373,0.5346294047376077,36.863218191262675,0.0521663515322634,44.231630545667,59.13615706484115
2020-05-08 00:00:00+00:00,38.3242108551,3.9158810731077853,37.59371452318133,1.9840237123200244,81.45537776803774,79.28837580451834
2020-05-11 00:00:00+00:00,38.6183953069,0.7676203768742562,38.106054915040666,1.3758220445971403,84.59684187323492,46.950639112538596
2020-05-12 00:00:00+00:00,38.5292485033,-0.23084025861651591,38.317651709170335,0.5724908929903122,78.54859057966894,39.32140936727926
2020-05-13 00:00:00+00:00,37.397084098,-2.938454419122749,37.85736790358517,-1.1829817630662185,33.25540363698213,23.673664382178956
2020-05-14 00:00:00+00:00,39.0908733658,4.529201430147278,38.47412063469258,1.67310983354053,70.9047603759189,71.15744091788234
2020-05-15 00:00:00+00:00,39.4652899408,0.9578107183646933,38.969705287746294,1.3154602759526117,75.48919667991242,49.200050739394165
2020-05-18 00:00:00+00:00,40.169549689,1.7845041788782767,39.56962748837314,1.5499822274154442,83.03237196324454,54.11612958276177
2020-05-19 00:00:00+00:00,39.768389073,-0.9986684419065139,39.66900828068657,0.27565689275446514,65.74477656162237,36.351262568073864
2020-05-20 00:00:00+00:00,40.5083075426,1.8605693789652378,40.08865791164328,1.0681131358598515,78.26484539832109,57.73283849049161
2020-05-21 00:00:00+00:00,39.795133114,-1.7605633803634002,39.941895512821645,-0.3462251222517744,51.20621783082659,35.24230838067535
2020-05-22 00:00:00+00:00,40.0269148033,0.5824372760257379,39.984405158060824,0.11810607688698177,58.243954538646044,53.00912249449262
2020-05-26 00:00:00+00:00,39.9734267212,-0.1336302894261343,39.97891593963041,-0.007762106269576269,55.47427617999857,47.086822108387146
2020-05-27 00:00:00+00:00,40.9718709212,2.4977698483639843,40.47539343041521,1.245003871047204,80.9024248700734,67.25334174347111
2020-05-28 00:00:00+00:00,40.6509424283,-0.7832898173413483,40.563167929357604,0.23085702685292786,63.43564486160142,39.26447189077506
2020-05-29 00:00:00+00:00,42.6300014676,4.8684210526992455,41.59658469847881,2.549639039776087,87.79996169678864,70.73405930883632
2020-06-01 00:00:00+00:00,41.2749700533,-3.178586365590119,41.4357773758894,-0.31447366290701617,52.12691435224244,33.57722269852257
2020-06-02 00:00:00+00:00,41.8009361944,1.274298056233114,41.6183567851447,0.47991219666304896,61.28534327661487,53.74529359611086
2020-06-03 00:00:00+00:00,41.8455095962,0.10663254428731062,41.73193319067235,0.2932723704751798,62.20447796895585,48.01127782566051
2020-06-04 00:00:00+00:00,41.7741921533,-0.17043033670327556,41.75306267198617,0.06142101688595211,58.85119448628667,46.25486339004167
2020-06-05 00:00:00+00:00,42.638916148,2.069995732117813,42.19598940999309,1.0657083745018825,79.22240656328438,62.773638847908664
2020-06-08 00:00:00+00:00,42.9063565587,0.6272214091270767,42.55117298434654,0.8464648918144796,83.10308629796309,48.40315487945658
2020-06-09 00:00:00+00:00,42.8350391158,-0.16621649708808972,42.69310605007327,0.34012419736319494,77.3261331760765,40.714520431145516
2020-06-10 00:00:00+00:00,42.2734142533,-1.3111342351800115,42.483260151686636,-0.48550501890840825,42.46001248371216,30.29765314777274
2020-06-11 00:00:00+00:00,38.9304091194,-7.9080556726951245,40.706834635543316,-4.196780345801766,8.44829779381485,9.434723828526256
2020-06-12 00:00:00+00:00,40.1784643694,3.205862147947647,40.44264950247165,-0.49545909892705975,36.798845273100945,66.94863129656538
2020-06-15 00:00:00+00:00,40.4280754194,0.6212558242771227,40.43536246093583,0.06289836267503146,42.171152246335815,54.80726024580428
2020-06-16 00:00:00+00:00,41.4354342997,2.4917309811305133,40.93539838031791,1.2773146719027724,61.818396418751256,62.240827828908216
2020-06-17 00:00:00+00:00,41.1590792087,-0.6669535282317507,41.04723879450896,0.30518057183551084,54.235804259122176,43.93513549486356
2020-06-18 00:00:00+00:00,40.8559800765,-0.736408923686338,40.95160943550448,-0.2156141759254136,45.12903222714889,43.513029888521956
2020-06-19 00:00:00+00:00,40.4013313783,-1.1128082042058618,40.67647040690224,-0.6642111900656377,32.75443626913298,40.360900386679155
2020-06-22 00:00:00+00:00,40.2586964926,-0.3530450132061991,40.46758344975112,-0.5086281016359184,29.01093641813366,51.08878110407747
2020-06-23 00:00:00+00:00,40.5350515837,0.6864481843091852,40.501317516725564,0.08891004133663338,46.711104182837744,64.27654081544627
2020-06-24 00:00:00+00:00,39.893194598,-1.5834616230218534,40.19725605736278,-0.74727579084261,24.997161344078325,34.132228059141504
2020-06-25 00:00:00+00:00,40.3121845748,1.0502793296503832,40.25472031608139,0.1515017694038866,48.45773684002248,63.73364551574913
2020-06-26 00:00:00+00:00,41.2838847337,2.4104378592953557,40.76930252489069,1.280969814349621,75.31654711195074,73.09886356200099
2020-06-29 00:00:00+00:00,41.141249848,-0.3454977326384334,40.955276186445346,0.46773604085559384,67.56433675171131,40.955263790164175
2020-06-30 00:00:00+00:00,41.5780691855,1.0617551462677177,41.26667268597267,0.7647455935616558,77.97727934256383,55.83144395737876
2020-07-01 00:00:00+00:00,41.0610177247,-1.2435677532142697,41.16384520533634,-0.23941107982630694,49.66709808781701,34.48300191849402
2020-07-02 00:00:00+00:00,40.9986149622,-0.15197568389169192,41.08123008376817,-0.19569338185899943,46.604012135233035,48.476151781757295
2020-07-06 00:00:00+00:00,41.7084310004,1.731317116089004,41.39483054208408,0.7678118671150023,73.9818780949568,66.81717566403371
2020-07-07 00:00:00+00:00,40.9986149622,-1.7018526498711717,41.19672275214204,-0.4670203913780847,41.818959598902715,33.85919459921562
2020-07-08 00:00:00+00:00,41.1603451988,0.3944773177072314,41.17853397547102,-0.036271536835426665,49.34534016560149,54.441614478126716
2020-07-09 00:00:00+00:00,41.9600113683,1.9428072472125857,41.569272671885514,0.9532678551885795,74.14827228561157,66.12165333032664
2020-07-10 00:00:00+00:00,41.9240713158,-0.08565310477287591,41.74667199384275,0.4338073752078518,71.7788558540136,43.969302796894915
2020-07-13 00:00:00+00:00,41.2681653565,-1.564509215622878,41.50741867517138,-0.5653509202075131,38.286727959919624,32.17950958773042
2020-07-14 00:00:00+00:00,41.5646707901,0.7184846504287412,41.53604473263569,0.07656686511061406,53.11946006942415,58.158930596186686
2020-07-15 00:00:00+00:00,41.6904609741,0.3026372676815603,41.61325285336784,0.18960206639608718,59.33859917859717,52.64862066640032
2020-07-16 00:00:00+00:00,41.1333901594,-1.3362068964554608,41.37332150638392,-0.5733024150296868,31.54233539573895,33.7472597726111
2020-07-17 00:00:00+00:00,42.004936434,2.11882918286721,41.68912897019196,0.7727633839187616,67.39040773423132,68.972693132417
2020-07-20 00:00:00+00:00,42.2026067231,0.4705882352913138,41.94586784664598,0.6216758096050377,72.321358865983,49.96346699045026
2020-07-21 00:00:00+00:00,42.2475317888,0.10645092611167861,42.09669981772299,0.36406336785835813,73.67823118513937,45.782096338243996
2020-07-22 00:00:00+00:00,42.1397116312,-0.2552105484860179,42.1182057244615,0.05442640968617013,62.62596903996365,40.70680012934892
2020-07-23 00:00:00+00:00,42.5979473013,1.0874200424302982,42.35807651288075,0.5709232260582342,80.89550975732591,63.33863927441038
2020-07-24 00:00:00+00:00,41.6904609741,-2.1303522462743363,42.024268743490374,-0.779714510108051,32.990135169429706,26.70082105112901
2020-07-27 00:00:00+00:00,42.4002770122,1.7025862068087205,42.21227287784519,0.46143584835033474,60.461378832386046,63.95494539678432
2020-07-28 00:00:00+00:00,41.5826408164,-1.92837465558241,41.8974568471226,-0.7334694036160376,35.391774576671736,37.13565368909021
2020-07-29 00:00:00+00:00,41.9689963815,0.9291270528148265,41.933226614311295,0.09782882459939446,50.06675534926746,57.951044651250044
2020-07-30 00:00:00+00:00,41.7264010267,-0.5780346820657645,41.82981382050565,-0.240102928733185,41.24345044408962,45.92124395514114
2020-07-31 00:00:00+00:00,42.319411894,1.421188630480108,42.07461285725282,0.5905428508734615,64.30732825226751,61.72872838293065
2020-08-03 00:00:00+00:00,42.3733219728,0.12738853492348934,42.22396741502641,0.3589656928984754,66.12078799240967,48.084761260472995
2020-08-04 00:00:00+00:00,42.831557643,1.08142493641199,42.5277625290132,0.7201953146552327,79.43969521979167,58.28357089477626
2020-08-05 00:00:00+00:00,42.5260671962,-0.7132368366012942,42.5269148626066,0.0034792390269692275,57.02248987445847,37.49770121827401
2020-08-06 00:00:00+00:00,42.9214077744,0.9296429325948319,42.724161318503306,0.46656108581090056,72.23286649487304,58.04390326032087
2020-08-07 00:00:00+00:00,42.6159173276,-0.7117437722585773,42.670039323051654,-0.12259134322383838,51.22101247815378,38.886672367024644
2020-08-10 00:00:00+00:00,42.8854677219,0.6325110691103752,42.77775352247583,0.25495986294326844,64.78056835542654,56.5169190499759
2020-08-11 00:00:00+00:00,42.4002770122,-1.1313639222645833,42.58901526733791,-0.4382020296606574,37.00595346517265,36.04841558111367
2020-08-12 00:00:00+00:00,43.2179132081,1.9283746558182546,42.90346423771896,0.7450863130787986,69.76937717211095,67.07526503132492
2020-08-13 00:00:00+00:00,38.3839761382,-11.185031185156847,40.643720187959474,-5.219972436039024,12.431409712313,16.284543078223887
2020-08-14 00:00:00+00:00,38.1863058491,-0.5149812734050574,39.415013018529734,-2.8674768547220406,11.834826527208234,56.49328521894329
2020-08-17 00:00:00+00:00,37.8179203103,-0.9647058824064803,38.61646666441487,-1.9160913685642604,10.434939471984784,54.828371831008816
2020-08-18 00:00:00+00:00,37.7190851658,-0.2613447373336464,38.16777591510744,-1.0887180529489533,9.960779889663012,57.74949392630594
2020-08-19 00:00:00+00:00,37.6202500212,-0.26202953800591455,37.89401296815372,-0.6753737954774339,9.325181003887538,57.74404051570272
2020-08-20 00:00:00+00:00,38.0155905994,1.0508717458741268,37.95480178377686,0.18774897519834644,34.42954533867086,66.76862934403948
2020-08-21 00:00:00+00:00,37.9616805206,-0.1418104465825465,37.95824115218843,0.022969264307899973,32.58427328725315,51.71771977780675
2020-08-24 00:00:00+00:00,37.8987854286,-0.16568047340757008,37.928513290394214,-0.07135560454983506,29.790183582983737,51.37008755735052
2020-08-25 00:00:00+00:00,37.7011151395,-0.521574205781361,37.814814214947106,-0.29646490516559804,21.214327639589914,44.65691160513108
2020-08-26 00:00:00+00:00,37.9616805206,0.6911344137590314,37.88824736777355,0.19733475429671668,49.79271048876022,66.81973109746758
2020-08-27 00:00:00+00:00,37.9976205732,0.094674556308183,37.94293397048678,0.14600465530244983,53.2976639944471,51.580496588790595
2020-08-28 00:00:00+00:00,37.9167554549,-0.21281626870351955,37.92984471269339,-0.03340580670053486,43.13478225299635,43.8475356126919
2020-08-31 00:00:00+00:00,37.9347254812,0.047393364976522356,37.93228509694669,0.006993779137993747,46.53316227270574,52.82501712432596
2020-09-01 00:00:00+00:00,37.7640102315,-0.45002368551368965,37.84814766422335,-0.22151495318784795,25.131207147861105,36.220435908707714
2020-09-02 00:00:00+00:00,38.114425744,0.9279086366937417,37.981286704111675,0.35319684175294686,69.01251139206227,72.34347819193098
2020-09-03 00:00:00+00:00,36.7936288123,-3.4653465345937273,37.38745775820584,-1.5560748464203902,15.99818075014121,19.506698354530542
2020-09-04 00:00:00+00:00,36.6768236414,-0.3174603176432367,37.03214069980292,-0.9367675820318134,14.51869647528544,54.90530949761211
2020-09-08 00:00:00+00:00,35.9400525639,-2.0088192061112675,36.48609663185146,-1.4727933940715405,7.743359201923884,40.537478379775344
2020-09-09 00:00:00+00:00,36.0568577347,0.32499999990909245,36.271477183275735,-0.573896697081224,16.958829696696405,61.42870029262955
2020-09-10 00:00:00+00:00,35.5536969988,-1.395464739612562,35.912587091037864,-0.984680718346893,10.30656281713991,44.24107101118406
2020-09-11 00:00:00+00:00,35.8322324062,0.7834217842645153,35.872409748618935,-0.10062946704118886,32.34338535174717,63.59257460863595
2020-09-14 00:00:00+00:00,36.2724980501,1.2286860581530945,36.072453899359466,0.5640282955559528,57.24765802392177,67.09330783826613
2020-09-15 00:00:00+00:00,36.4791533523,0.5697299974062098,36.27580362582974,0.5668791464810813,66.04723447563109,55.29130411169238
2020-09-16 00:00:00+00:00,36.3174231158,-0.4433497535923703,36.29661337081487,0.061764696444355505,53.194285905540674,39.33495216189409
2020-09-17 00:00:00+00:00,36.2724980501,-0.12370113803711336,36.28455571045743,-0.030968220796378926,49.20456694729362,46.62506993471215
2020-09-18 00:00:00+00:00,35.7693373142,-1.3871686896364976,36.02694651232872,-0.7090684552164382,21.77148346764952,27.22648369421663
2020-09-21 00:00:00+00:00,35.0774913023,-1.934187390229758,35.552218907314355,-1.321627922723098,10.126703798622513,21.43485749549666
2020-09-22 00:00:00+00:00,35.3290716703,0.7172131149057126,35.440645288807175,-0.3022074039086927,30.424835307883292,69.1488063304555
2020-09-23 00:00:00+00:00,34.3946303036,-2.6449643948203594,34.91763779620359,-1.473585899364526,13.472316486663313,32.08483975137971
2020-09-24 00:00:00+00:00,34.0082747386,-1.1233019851926263,34.46295626740179,-1.2984439422785763,10.012370693414592,50.20438338188187
2020-09-25 00:00:00+00:00,34.547375527,1.5852047554417936,34.5051658972009,0.14338040658160867,41.47252555601144,70.91944093955085
2020-09-28 00:00:00+00:00,35.1583564206,1.7685305592099132,34.83176115890045,0.9559554828957609,63.29021664542337,72.09790613637242
2020-09-29 00:00:00+00:00,35.0954613286,-0.178890876602944,34.96361124375022,0.38853230314640846,59.84544459664791,43.80944319447397
2020-09-30 00:00:00+00:00,35.3919667623,0.8448540707979513,35.17778900302511,0.6166931869721799,71.00513518212072,57.08654450608478
2020-10-01 00:00:00+00:00,35.18531146,-0.5839045444632651,35.18155023151256,0.01639432125445739,55.01923677583878,38.193913465625975
2020-10-02 00:00:00+00:00,34.7046873602,-1.365979381329041,34.94311879585628,-0.6747925300372919,30.81598888655758,30.033009744881852
2020-10-05 00:00:00+00:00,34.9767387375,0.7839038412200017,34.95992876667814,0.05455565559135489,49.62956746736503,62.80434440751655
2020-10-06 00:00:00+00:00,34.9767387375,0.0,34.968333752089066,0.027277827795677445,49.62956746736503,49.9964136676545
2020-10-07 00:00:00+00:00,35.7294142146,2.1519315529924476,35.34887398334453,1.0896046903940626,81.29438584997045,72.82033619230933
2020-10-08 00:00:00+00:00,36.083081005,0.9898477155986463,35.715977494172265,1.0397262029963543,87.03768709077984,53.163852128883846
2020-10-09 00:00:00+00:00,36.1374912805,0.15079165632354563,35.92673438733613,0.59525892965995,87.89535578120115,41.13745897321222
2020-10-12 00:00:00+00:00,36.5999786218,1.2797992470206632,36.263356504568065,0.9375290883403066,93.43430887613664,59.58850569401879
2020-10-13 00:00:00+00:00,36.1012177635,-1.3627353814980592,36.182287134034034,-0.2126031465788763,53.69116293141256,28.368483516017733
2020-10-14 00:00:00+00:00,36.1737647974,0.20095453393083051,36.17802596571701,-0.005824306324022893,57.623904089007354,51.10615942090031
2020-10-15 00:00:00+00:00,36.2463118314,0.20055151684188477,36.2121688985585,0.09736360525893094,62.41208923626306,51.09988857736188
2020-10-16 00:00:00+00:00,36.418611037,0.4753565173787777,36.315389967779254,0.28636006131885433,73.20004097541232,56.55256013755252
2020-10-19 00:00:00+00:00,35.6387304222,-2.141434262848929,35.977060194989626,-0.9275371007650374,24.82519536218463,21.81219154838319
2020-10-20 00:00:00+00:00,35.5480466297,-0.2544529264249751,35.762553412344815,-0.5909950135950062,22.259439655510977,53.02525718019456
2020-10-21 00:00:00+00:00,35.4210893203,-0.3571428571659818,35.59182136632241,-0.474068935380494,18.289801546436305,51.351837437643546
2020-10-22 00:00:00+00:00,35.2034482185,-0.6144393240759771,35.3976347924112,-0.5442541297282355,12.539493157013942,45.90685070403802
2020-10-23 00:00:00+00:00,35.2034482185,0.0,35.3005415054556,-0.27212706486411775,12.539493157013943,60.79693856449748
2020-10-26 00:00:00+00:00,34.1605846057,-2.96239052017625,34.730563055577804,-1.617258792520184,2.856622591087111,20.328548436225628
2020-10-27 00:00:00+00:00,33.4351142663,-2.123705866787051,34.082838660938904,-1.8704823296536177,1.581947310151302,37.8863114632043
2020-10-28 00:00:00+00:00,32.3831822742,-3.1461893137905594,33.23301046756946,-2.5083358217220884,0.8028056931074754,27.00360261387513
2020-10-29 00:00:00+00:00,32.3650455157,-0.056006720854162584,32.79902799163473,-1.2821712712881255,0.7927084883669692,68.29260389856874
2020-10-30 00:00:00+00:00,32.5554814798,0.5884001121136295,32.67725473571737,-0.34688557958724797,17.195734886771625,73.05922181977787
2020-11-02 00:00:00+00:00,32.5554814798,0.0,32.61636810775869,-0.17344278979362399,17.195734886771625,60.584874183785665
2020-11-03 00:00:00+00:00,33.2628150607,2.1727019498663624,32.93959158422935,0.9996295800363693,65.23426137690134,79.74262760133786
2020-11-04 00:00:00+00:00,33.163062889,-0.299890948850734,33.051327236614675,0.34986931559281764,58.10360672045017,43.58215556890405
2020-11-05 00:00:00+00:00,33.761575919,1.804757998388995,33.40645157780734,1.0773136569909063,78.88048038717473,64.26938552228295
2020-11-06 00:00:00+00:00,34.0336272963,0.8058017728576949,33.72003943705367,0.9415577149243006,84.21703293322597,50.96448714732621
2020-11-09 00:00:00+00:00,34.6412087055,1.7852384757884865,34.18062407127684,1.3633980953563936,91.45244676566057,62.40930621181315
2020-11-10 00:00:00+00:00,35.1127644261,1.3612565445071612,34.64669424868842,1.3623273199317774,94.4268295165493,54.195841319680504
2020-11-11 00:00:00+00:00,35.6659355599,1.5754132232004503,35.156314904294206,1.468870271566114,96.54336729523439,58.348995581296
2020-11-12 00:00:00+00:00,35.0674225299,-1.6781083142900055,35.1118687170971,-0.10461902136194579,59.72915949522596,19.029325385088963
2020-11-13 00:00:00+00:00,37.543090063,7.059736229513702,36.32747939004855,3.4775586040758784,88.03576751755233,78.20250680554842
2020-11-16 00:00:00+00:00,38.5768852967,2.7536231886219564,37.452182343374275,3.1155908963489174,91.69313005156677,50.77364133771173
2020-11-17 00:00:00+00:00,37.9783722667,-1.5514809591203549,37.715277305037134,0.7820549686142813,72.45783456130837,33.272612862852874
2020-11-18 00:00:00+00:00,37.4705430291,-1.3371537727678517,37.59291016706857,-0.27754940207678525,57.18888823309461,34.947081078022045
2020-11-19 00:00:00+00:00,37.3345173405,-0.3630203290471701,37.46371375378428,-0.32028486556197766,52.72479640051281,44.450603129926634
2020-11-20 00:00:00+00:00,37.1531497556,-0.48579062438623977,37.30843175469214,-0.4030377449741087,45.605051791722296,43.255982298768636
2020-11-23 00:00:00+00:00,37.7607311648,1.6353429337667924,37.534581459746065,0.6161525943963418,67.59419731079622,66.55221708621593
2020-11-24 00:00:00+00:00,38.6403639513,2.329490874159723,38.087472705523034,1.4728217342780325,82.74346376187239,72.1623538215965
2020-11-25 00:00:00+00:00,38.5406117797,-0.25815536242288495,38.31404224261152,0.6073331859275738,76.64832367498786,37.23765968215488
2020-11-27 00:00:00+00:00,38.7219793645,0.47058823517567294,38.51801080355576,0.5389607105516234,80.55484330829232,47.89120300587258
2020-11-30 00:00:00+00:00,39.0121675003,0.7494145200285018,38.76508915192788,0.6441876152900626,86.12544634565052,52.51696842066014
2020-12-01 00:00:00+00:00,39.4837232209,1.2087401208773496,39.12440618641394,0.9264638680837061,91.83027671745653,61.05894650828683
2020-12-02 00:00:00+00:00,39.8011164944,0.8038585209512172,39.46276134040697,0.8651611945174617,94.2268570303553,49.32627346847947
2020-12-03 00:00:00+00:00,40.0006208377,0.5012531327558856,39.731691089053484,0.6832071636366737,95.47767092608903,40.583701903754985
2020-12-04 00:00:00+00:00,40.2454670772,0.6121060982864357,39.98857908312674,0.6476566309615547,96.7671160030495,45.856809705367844
2020-12-07 00:00:00+00:00,40.2182619395,-0.06759801705819024,40.103420511313374,0.2900293069516822,92.37721910289645,25.24802677422783
2020-12-08 00:00:00+00:00,40.236398698,0.04509582867424644,40.16990960465669,0.16756256781296433,92.70802387193011,32.76301489610009
2020-12-09 00:00:00+00:00,40.5265868337,0.7212080233075735,40.348248219178345,0.4443852955602689,96.42817145786663,64.69985543090077
2020-12-10 00:00:00+00:00,40.1910568018,-0.8279257102919657,40.26965251048917,-0.1917702073658484,51.16024776020725,24.57762622432473
2020-12-11 00:00:00+00:00,40.1910568018,0.0,40.230354656144584,-0.0958851036829242,51.16024776020724,49.62223907678058
2020-12-14 00:00:00+00:00,40.1185097678,-0.1805054153160568,40.17443221197229,-0.1381952594994905,41.64856302698456,44.76143362952122
2020-12-15 00:00:00+00:00,40.5537919715,1.0849909585858075,40.364112091736146,0.4733978495431585,78.17230273246179,72.79068247687421
2020-12-16 00:00:00+00:00,40.5537919715,0.0,40.45895203161807,0.23669892477157925,78.17230273246179,44.04702156814013
2020-12-17 00:00:00+00:00,40.6444757639,0.22361359565026273,40.55171389775903,0.230156260210921,83.12382718440719,50.13440477450742
2020-12-18 00:00:00+00:00,41.2067152769,1.383311021812661,40.879214587329514,0.806733641011791,94.5729971660073,72.99220145262247
2020-12-21 00:00:00+00:00,40.6988860393,-1.2323943662762238,40.78905031331476,-0.21283036263221639,49.2785177774396,28.614896251303843
2020-12-22 00:00:00+00:00,40.5265868337,-0.4233511586376637,40.657818573507384,-0.31809076063494,39.62109174136633,44.32048033624995
2020-12-23 00:00:00+00:00,40.2409328876,-0.7048556723322719,40.4493757305537,-0.511473216483606,26.638493324096725,39.75540843087576
2020-12-24 00:00:00+00:00,40.3905611451,0.37183098592157293,40.41996843782685,-0.06982111528101653,41.658700784215114,62.13254491635017
2020-12-28 00:00:00+00:00,40.7351595563,0.8531656937422971,40.57756399706342,0.3916722892306403,65.82816102425045,69.68367715505944
2020-12-29 00:00:00+00:00,40.4812449375,-0.6233303651334898,40.52940446728171,-0.11582903795142477,45.15318746580748,36.34024984158954
2020-12-30 00:00:00+00:00,40.3361508697,-0.35842293887951016,40.43277766849086,-0.23712598841546745,35.5759030811873,43.60281001879655
2020-12-31 00:00:00+00:00,40.5809971092,0.6070143883855961,40.50688738884543,0.1849441999850643,58.08164188141502,65.26533697386724
2021-01-04 00:00:00+00:00,40.1910568018,-0.9608938547042145,40.348972095322715,-0.3879748273595751,31.6602655003012,33.71655259696351
2021-01-05 00:00:00+00:00,40.2093420869,0.04549590519644653,40.27915709111136,-0.1712394610815643,33.77914473123552,54.768023148869396
2021-01-06 00:00:00+00:00,40.5933330755,0.9549795362732372,40.43624508330568,0.39187003759583644,66.49861387065988,68.38083155435648
2021-01-07 00:00:00+00:00,41.1053210602,1.2612612611724972,40.77078307175284,0.8265656493841668,83.14982590651644,72.55343922297823
2021-01-08 00:00:00+00:00,41.1967474861,0.22241992895788432,40.98376527892642,0.5244927891710256,85.1295731299777,43.40897667728797
2021-01-11 00:00:00+00:00,41.4710267636,0.6657789612943166,41.22739602126321,0.5951358752326711,90.2725678150309,54.984862342285474
2021-01-12 00:00:00+00:00,41.8641603948,0.9479717814584232,41.54577820803161,0.7715538283455472,94.42101899055241,62.3396861698562
2021-01-13 00:00:00+00:00,41.4710267636,-0.9390696660163567,41.50840248581581,-0.08375791883540473,57.58418717051907,23.62376678422799
2021-01-14 00:00:00+00:00,41.2790312693,-0.4629629630210186,41.39371687755791,-0.27336044092821166,44.78486534162801,38.158826032858286
2021-01-15 00:00:00+00:00,41.5350252617,0.6201550388378108,41.46437106962895,0.17339729895479955,61.776743864656346,62.50717347686389
2021-01-19 00:00:00+00:00,41.3156018397,-0.5282852739765476,41.38998645466448,-0.177443987510874,44.26330107768653,38.43747910595295
2021-01-20 00:00:00+00:00,41.4527414785,0.33193184340407633,41.42136396658224,0.07724392794660116,55.96642358351986,57.02876594246425
2021-01-21 00:00:00+00:00,41.242460699,-0.5072783415520754,41.33191233279112,-0.21501720680273712,37.740317515903925,39.55048280466575
2021-01-22 00:00:00+00:00,40.9316108511,-0.7537131457035939,41.13176159194556,-0.48436517625316555,21.91504822568747,34.84630158185191
2021-01-25 00:00:00+00:00,41.1693195583,0.5807460352946769,41.15054057512278,0.048190429520755695,47.274976906544026,66.86162795736222
2021-01-26 00:00:00+00:00,41.3796003378,0.5107705975130772,41.26507045646139,0.27948051351691644,63.153821041830284,64.37358350488415
2021-01-27 00:00:00+00:00,41.7818766115,0.9721608483794997,41.52347353398069,0.6258206809482081,80.23494055494137,73.95806281622312
2021-01-28 00:00:00+00:00,41.4527414785,-0.7877461705715016,41.48810750624035,-0.08096274481164678,51.139649555766596,29.125956284885483
2021-01-29 00:00:00+00:00,40.757900642,-1.6762240848663512,41.123004074120175,-0.878593414838999,23.804525485521598,19.962392876486785
2021-02-01 00:00:00+00:00,41.507597334,1.8393898610848947,41.31530070406009,0.48039822312294783,59.14620683261861,72.08673705222381
2021-02-02 00:00:00+00:00,41.9007309651,0.9471365637875095,41.608015834580044,0.7137673934552287,70.0669991658161,57.76516300245196
2021-02-03 00:00:00+00:00,41.8458751096,-0.13091861224495682,41.72694547209002,0.2914243906051359,66.35450135188879,42.47239182408341
2021-02-04 00:00:00+00:00,43.1989862121,3.2335590998061825,42.46296584209502,1.7624917452056592,88.63498174437626,74.31038575977537
2021-02-05 00:00:00+00:00,43.9578255466,1.75661375656877,43.21039569434751,1.7595527508872146,92.70099553098,54.462810611688404
2021-02-08 00:00:00+00:00,44.7440928089,1.7886855241883381,43.97724425162376,1.7741191375377765,95.30926024421784,54.855556793716744
2021-02-09 00:00:00+00:00,44.3418165352,-0.899060073512048,44.159530393411885,0.43752953201286426,74.79684498753298,26.319943077369935
2021-02-10 00:00:00+00:00,43.1898435695,-2.5979381444274585,43.67468698145594,-1.080204306207297,38.86629041853312,17.626417277664654
2021-02-11 00:00:00+00:00,43.5006934174,0.7197290432408909,43.58769019942797,-0.18023763148320304,48.817996757590095,58.133905628588444
2021-02-12 00:00:00+00:00,43.2355567824,-0.6094997899365517,43.41162349091398,-0.3948687107098774,40.40321162681191,44.87258809699098
2021-02-16 00:00:00+00:00,42.5224306608,-1.6493973355983238,42.96702707585699,-1.0221330231541006,23.83071333578005,35.39700836726816
2021-02-17 00:00:00+00:00,42.2847219536,-0.5590195656880348,42.625874514728494,-0.7905762944210677,19.775067105911155,51.50382883156773
2021-02-18 00:00:00+00:00,42.3670057369,0.19459459468669227,42.496440125814246,-0.2979908498671877,26.28862056350059,61.46437067891169
2021-02-19 00:00:00+00:00,41.7635913263,-1.424255502848637,42.130015726057124,-0.8611231763579124,13.886527848172689,36.98670493982187
2021-02-22 00:00:00+00:00,41.5350252617,-0.5472854640641622,41.83252049387856,-0.7042043202110373,10.951095509259268,52.39269296053746
2021-02-23 00:00:00+00:00,41.6081664024,0.17609509140577018,41.72034344813928,-0.26405461440263356,19.154180482437077,63.44938841403482
2021-02-24 00:00:00+00:00,41.8184471818,0.5053834321040229,41.76939531496964,0.12066440885069468,42.13985508029182,68.45227403056683
2021-02-25 00:00:00+00:00,41.617309045,-0.48097944891540845,41.69335217998482,-0.18015752003235688,29.930359468604152,42.38521848771798
2021-02-26 00:00:00+00:00,41.023037277,-1.4279437609899914,41.35819472849241,-0.8040506405111741,13.103994196796059,27.37367486963088
2021-03-01 00:00:00+00:00,41.9830147484,2.3400936037913045,41.6706047384462,0.7680214816400652,63.21418046473194,76.67670746887322
2021-03-02 00:00:00+00:00,41.6127377237,-0.8819686411731809,41.641671231073104,-0.056973579766557814,47.39959488555765,40.9873210437778
2021-03-03 00:00:00+00:00,41.2607459842,-0.845874986253381,41.45120860763655,-0.4514242830099694,34.93663194234532,41.44527913408341
2021-03-04 00:00:00+00:00,40.7396153569,-1.2630179480990322,41.095411982268274,-0.8572211155545009,22.057092685213156,36.53072608610518
2021-03-05 00:00:00+00:00,42.2847219536,3.792639138008713,41.690066967934136,1.467709011227106,70.4710424853494,79.88756337380715
2021-03-08 00:00:00+00:00,43.4366949193,2.724324324431149,42.56338094361707,2.0960166678291277,82.57523699312148,65.6686864680245
2021-03-09 00:00:00+00:00,43.7841153375,0.799831614365365,43.17374814055853,1.4479241410972463,85.30095651260342,44.34245454585202
2021-03-10 00:00:00+00:00,44.1498210409,0.8352474420941114,43.66178459072927,1.1415857915956789,88.21239442784109,44.836965969279895
2021-03-11 00:00:00+00:00,44.6160958127,1.0561192793240304,44.13894020171463,1.0988525354598546,91.45087647943777,49.07007560386391
2021-03-12 00:00:00+00:00,44.6343810979,0.040983606626543434,44.38666064980731,0.569918071043199,91.58684114773105,32.09213558516914
2021-03-15 00:00:00+00:00,45.1737970104,1.2085210979331462,44.78022883010365,0.8892195844881726,95.06197263828157,57.47536471910416
2021-03-16 00:00:00+00:00,45.4115057176,0.5262092693808285,45.09586727385182,0.7077144269345006,96.12107154073472,43.29056088893009
2021-03-17 00:00:00+00:00,45.182939653,-0.5033219246712184,45.13940346342591,0.1021962511316411,73.41165562578107,27.775548861417047
2021-03-18 00:00:00+00:00,44.6160958127,-1.2545528127503314,44.87774963806295,-0.5761782808093452,39.07199968800737,19.94984233780934
2021-03-19 00:00:00+00:00,44.7806633792,0.36885245896651764,44.82920650863147,-0.10366291092141378,49.382972325777374,58.16085204206568
2021-03-22 00:00:00+00:00,45.9874922004,2.694977541937349,45.408349354515735,1.2956573155079676,82.3113433625204,79.34832052855029
2021-03-23 00:00:00+00:00,45.7223555654,-0.576540755570254,45.565352459957865,0.3595582799688568,67.78042063653885,38.36354696488901
2021-03-24 00:00:00+00:00,45.3932204324,-0.7198560286974187,45.47928644617893,-0.18014887436428095,51.011725200411455,37.10420882165707
2021-03-25 00:00:00+00:00,46.1794876947,1.7321248741778872,45.829387070439466,0.7759879999068031,74.03228731841924,65.86279137676864
2021-03-26 00:00:00+00:00,48.0628720671,4.078400316719311,46.946129568769734,2.427194158313057,90.34094819714987,79.38941454418324
2021-03-29 00:00:00+00:00,48.0171588542,-0.09511128015027293,47.48164421148486,1.166041439081392,88.321443779789,38.59017712916306
2021-03-30 00:00:00+00:00,47.3314606603,-1.428027418244504,47.406552435892436,-0.13099298958155603,58.76458145765233,30.96636570509038
2021-03-31 00:00:00+00:00,47.2766048048,-0.115897237766871,47.34157862034622,-0.12344511367421351,56.49581550175117,46.55666027474727
2021-04-01 00:00:00+00:00,47.5234561546,0.5221427190451156,47.43251738747311,0.19934880268545102,65.48935914412837,54.115001828518295
2021-04-05 00:00:00+00:00,48.2548675614,1.53905348218073,47.84369247443655,0.8692011424330905,82.01439375083119,65.7091211485932
2021-04-06 00:00:00+00:00,47.9003908582,-0.734592635134601,47.872041666318275,0.06730425364924475,60.83693272958507,35.5680610721546
2021-04-07 00:00:00+00:00,47.6656075873,-0.4901489668320824,47.768824626809135,-0.21142235659141884,48.41624539259293,40.00606225798124
2021-04-08 00:00:00+00:00,47.7945082067,0.2704268883259697,47.78166641675457,0.029502265867275446,55.84092038238592,54.60062501346038
2021-04-09 00:00:00+00:00,47.9602375744,0.346753997307081,47.870951995577286,0.18812813158717823,65.43557874427066,56.204393954005184
2021-04-12 00:00:00+00:00,47.4814638454,-0.9982722213527029,47.67620792048864,-0.4050720448827623,33.7031959229987,29.064828640083277
2021-04-13 00:00:00+00:00,47.5643285293,0.1745200699157179,47.62026822489432,-0.11527598748352222,41.11651461821707,56.523084789364674
2021-04-14 00:00:00+00:00,47.2973201036,-0.5613627564100221,47.45879416424716,-0.33831937194677214,26.69099235091575,41.42931029353543
2021-04-15 00:00:00+00:00,47.5459141551,0.5255985983042555,47.50235415967358,0.09363961317874167,50.79843695277057,63.2013961496691
2021-04-16 00:00:00+00:00,48.6139478581,2.246320681764491,48.05815100888679,1.1699801474716163,84.22640570006901,80.45422856394883
2021-04-19 00:00:00+00:00,48.6599837935,0.09469696954951257,48.35906740119339,0.6323385585105644,84.89014079090413,42.8089513286003
2021-04-20 00:00:00+00:00,47.6840219615,-2.0056764427660245,48.0215446813467,-0.6866689421277301,36.3071908677374,25.403705927138855
2021-04-21 00:00:00+00:00,47.8129225808,0.2703224560295592,47.917233631073344,-0.20817324304908547,42.79333623386953,55.08586121412537
2021-04-22 00:00:00+00:00,47.4170135358,-0.8280377429991659,47.66712358343668,-0.5181054930241257,29.127608116584106,42.76743155248155
2021-04-23 00:00:00+00:00,47.7945082067,0.7961165049228391,47.73081589506834,0.13900550594935673,51.34843111568895,61.743147925840255
2021-04-26 00:00:00+00:00,47.5459141551,-0.52013099606526,47.63836502508417,-0.19056274505795165,39.20597643975838,44.00644836224007
2021-04-27 00:00:00+00:00,47.2973201036,-0.5228505033872288,47.467842564342085,-0.35670662422259025,28.940543784258608,43.96730502765265
2021-04-28 00:00:00+00:00,47.0579332391,-0.5061319837480149,47.262887901721044,-0.4314193039853026,20.99874119317242,44.42316780909132
2021-04-29 00:00:00+00:00,47.3801847874,0.6847974955947356,47.32153634456052,0.1266890958047165,49.166336213308924,70.2687168686729
2021-04-30 00:00:00+00:00,46.8737894972,-1.0687912942345945,47.09766292088026,-0.47105109921493904,26.714588605172963,34.66415824374978
2021-05-03 00:00:00+00:00,47.1131763617,0.510705166080716,47.105419641290126,0.019827033432888497,44.64034834039846,61.21540792337763
2021-05-04 00:00:00+00:00,46.6896457553,-0.8989642369863771,46.897532698295066,-0.4395686017767443,27.068928670703315,39.64649842988807
2021-05-05 00:00:00+00:00,47.0763476133,0.8282390061957301,46.986940155797534,0.1943352022094929,52.614188209331594,63.36811022374491
2021-05-06 00:00:00+00:00,48.2824891227,2.562096616559173,47.63471463924877,1.378215909384333,82.04228216182993,76.98767962997404
2021-05-07 00:00:00+00:00,49.194000645,1.887871853465528,48.414357642124386,1.6330438814249306,89.4613961757401,63.2673063433598
2021-05-10 00:00:00+00:00,48.9454065934,-0.5053340820843966,48.67988211776219,0.563854899670267,76.52727361725887,32.46341686703192
2021-05-11 00:00:00+00:00,48.6415694193,-0.6207674943310648,48.660725768531094,-0.028456297330398894,60.493041814323114,31.358758972468518
2021-05-12 00:00:00+00:00,47.5090854067,-2.3282226007918405,48.08490558761555,-1.1783394490611196,27.858688383249604,17.86831591119161
2021-05-13 00:00:00+00:00,48.3285250581,1.7248062015616794,48.206715322857775,0.2732333762502799,54.50005951201936,67.55937324034855
2021-05-14 00:00:00+00:00,48.706019729,0.7811011621939201,48.45636752592888,0.5271672692221,63.75045341462008,55.77391477352275
2021-05-17 00:00:00+00:00,48.7428484774,0.07561436677625544,48.59960800166444,0.3013908179991777,64.79779104578625,46.648679005572475
2021-05-18 00:00:00+00:00,48.7336412903,-0.018889308662939364,48.666624645982225,0.14125075466811918,64.10325390921953,45.16392100707138
2021-05-19 00:00:00+00:00,48.3101106839,-0.8690723598449801,48.48836766494111,-0.36391080258843045,36.849874048775455,31.594030156740143
2021-05-20 00:00:00+00:00,48.6599837935,0.7242233657655417,48.574175729220556,0.18015628158855562,58.63928060830027,62.915899433520664
2021-05-21 00:00:00+00:00,48.2732819356,-0.7947019866283989,48.423728832410276,-0.30727285251992165,37.301337953252386,38.02106491617824
2021-05-24 00:00:00+00:00,49.1571718966,1.831012778826957,48.79045036450513,0.7618699631535177,72.10423466764259,69.40836278739238
2021-05-25 00:00:00+00:00,49.0835143999,-0.14984079404514183,48.936982382202565,0.30601458455418795,67.42587382915478,44.122935271618
2021-05-26 00:00:00+00:00,48.7152269161,-0.7503282686717072,48.82610464915128,-0.22215684205875963,45.355005092536885,37.85252206553534
2021-05-27 00:00:00+00:00,48.7244341032,0.018900018911649497,48.77526937617564,-0.10162841157355507,46.01764251519328,51.18299237473647
2021-05-28 00:00:00+00:00,48.706019729,-0.03779289495902116,48.740644552587824,-0.06971065326628811,44.40234426084741,49.997403259338284
2021-06-01 00:00:00+00:00,48.4482184904,-0.5293005670231277,48.59443152149392,-0.2995056101447079,25.560660154317024,38.423123439955624
2021-06-02 00:00:00+00:00,48.7612628516,0.6461421512579113,48.677847186546956,0.1733182705566017,58.012780545388694,66.35954648427898
2021-06-03 00:00:00+00:00,49.1019287741,0.6986404834033566,48.88988798032348,0.4359793769799791,75.46946241493771,67.35185551084557
2021-06-04 00:00:00+00:00,49.783260619,1.3875867240054074,49.33657429966174,0.9117830504926933,89.08436923943272,79.3451453720929
2021-06-07 00:00:00+00:00,49.6451528126,-0.2774181616125193,49.490863556130876,0.317182444440087,76.22154960436983,34.029112396212156
2021-06-08 00:00:00+00:00,49.8385037416,0.3894658754095337,49.664683648865434,0.35332415992481037,81.75404014846313,50.88269177834242
2021-06-09 00:00:00+00:00,49.7372246836,-0.20321448357500937,49.70095416623272,0.0750548381749005,69.11844408354656,37.95612566396341
2021-06-10 00:00:00+00:00,50.6671505801,1.8696778970191064,50.18405237316636,0.9723663675970035,90.12946493025326,73.40353463532576
2021-06-11 00:00:00+00:00,50.4277637156,-0.47246956215062363,50.30590804438318,0.2499484027231899,71.37730289665429,37.292673571615715
2021-06-14 00:00:00+00:00,49.87533249,-1.0954902317611759,50.09062026719159,-0.42277091451899296,41.4935831381237,31.17358074688605
2021-06-15 00:00:00+00:00,49.5254593804,-0.7014952926281626,49.808039823795795,-0.5621331035735777,29.686217892893055,40.44342953592963
2021-06-16 00:00:00+00:00,49.2308293934,-0.594906116341043,49.5194346085979,-0.5785196099573103,21.837049351745964,43.5298166282453
2021-06-17 00:00:00+00:00,48.9177850322,-0.6358705816196686,49.21860982039895,-0.6071950957884895,15.363115295118089,42.26709235503626
2021-06-18 00:00:00+00:00,47.9418232002,-1.995106342933517,48.58021651029948,-1.3011507193610032,6.437744568173528,17.295797935701454
2021-06-21 00:00:00+00:00,48.9638209676,2.1317457267577167,48.77201873894974,0.4152975036983567,51.079767128231246,77.59076572956097
2021-06-22 00:00:00+00:00,49.0374784644,0.15043249351136545,48.90474860167487,0.2828649986048611,53.479410259379044,50.87839667077177
2021-06-23 00:00:00+00:00,48.5771191097,-0.93879083736782,48.74093385568743,-0.3279629193814795,36.633145266909175,39.62816662686596
2021-06-24 00:00:00+00:00,48.5955334839,0.03790750570946688,48.668233669793715,-0.1450277068360063,37.8085805911441,53.467597649200755
2021-06-25 00:00:00+00:00,48.8533347225,0.5305039786946963,48.76078419614686,0.19273813592934502,55.24327043474365,60.344723326830476
2021-06-28 00:00:00+00:00,48.7612628516,-0.18846588758575367,48.76102352387343,0.002136124171795678,48.03003817489775,45.592549675532695
2021-06-29 00:00:00+00:00,48.7152269161,-0.09441087619102007,48.73812521998671,-0.046137376009612194,43.74602861122472,48.08305981996393
2021-06-30 00:00:00+00:00,48.7980915999,0.17010016999963185,48.76810840994335,0.061981396995009826,54.664050879090865,56.48568877581174
2021-07-01 00:00:00+00:00,49.2032078321,0.830188679347521,48.98565812102167,0.44608503817126544,81.29154096103083,72.90240906521609
2021-07-02 00:00:00+00:00,49.6359456255,0.8794910178959503,49.310801873260836,0.6627880280336078,90.36180218903893,74.00131925886208
2021-07-06 00:00:00+00:00,49.1167799634,-1.045946955492849,49.21379091833042,-0.19157946372962065,48.25788747670648,21.92201185210645
2021-07-07 00:00:00+00:00,49.3763627945,0.5285013213273126,49.29507685641521,0.168460928798846,61.65720375848158,58.09488024091541
2021-07-08 00:00:00+00:00,49.3763627945,0.0,49.3357198254576,0.084230464399423,61.65720375848158,47.10628600134823
2021-07-09 00:00:00+00:00,49.8213619334,0.901239203770543,49.5785408794288,0.492734834084983,80.81765877973044,64.35316480217955
2021-07-12 00:00:00+00:00,49.3485503483,-0.9490137699006307,49.4635456138644,-0.22813946790782386,44.98817227244971,32.11031909916991
2021-07-13 00:00:00+00:00,49.4319876868,0.16907758771251835,49.4477666503322,-0.029530940097652753,50.76598146969898,53.31320428666152
2021-07-14 00:00:00+00:00,50.1458404723,1.4441110279096225,49.796803561316096,0.7072900439059849,79.03030818313583,69.56984731464257
2021-07-15 00:00:00+00:00,49.7379245949,-0.8134590497597238,49.767364078108045,-0.05308450292686945,52.96690321105278,36.14393944756124
2021-07-16 00:00:00+00:00,49.7842786718,0.09319664476863387,49.77582137495402,0.020056070920882213,55.470115223184905,50.47757804813604
2021-07-19 00:00:00+00:00,49.1909464866,-1.1918063312948868,49.48338393077701,-0.5858751301870023,27.435066796641845,34.170944541539946
2021-07-20 00:00:00+00:00,49.6730288871,0.9800226158106717,49.578206408938506,0.1970737428118347,55.09501754188238,63.810103857500096
2021-07-21 00:00:00+00:00,49.951153349,0.5599104144265787,49.764679878969254,0.37849207861920675,66.2333803265392,56.43710866852714
2021-07-22 00:00:00+00:00,50.563027165,1.2249443205543997,50.16385352198463,0.8017181995868032,81.43203363377313,65.8159258930194
2021-07-23 00:00:00+00:00,51.2027134273,1.2651265127235023,50.68328347464231,1.0334223561551528,89.11513936231786,66.47017591791843
2021-07-26 00:00:00+00:00,51.4252129968,0.43454644218399174,51.054248235721154,0.7339843991695723,91.04780019593902,41.71552597792366
2021-07-27 00:00:00+00:00,51.2490675043,-0.3425274923235744,51.15165787001058,0.19572845342299894,75.19351164232513,27.396853764634415
2021-07-28 00:00:00+00:00,50.7762559191,-0.922575976939144,50.963956894555295,-0.3634237617580725,44.202658781126,19.79077221296292
2021-07-29 00:00:00+00:00,51.054380381,0.5477451160304625,51.00916863777765,0.092160677136195,59.082658100719854,60.980140778215244
2021-07-30 00:00:00+00:00,51.3325048428,0.5447612128958612,51.17083674028882,0.3184609450160281,70.77372473046992,60.88496320239361
2021-08-02 00:00:00+00:00,51.406671366,0.14448257186576718,51.28875405314441,0.23147175844089765,73.77138289818593,46.33340785400386
2021-08-03 00:00:00+00:00,52.1483365976,1.442741208275411,51.718545325372205,0.8371064833581543,89.66770556204453,75.18604213158494
2021-08-04 00:00:00+00:00,51.6291709355,-0.995555555503369,51.6738581304361,-0.07922453607260738,54.79667501283406,29.899797816863643
2021-08-05 00:00:00+00:00,51.6940666432,0.1256958159972621,51.68396238681805,0.02323563996232736,57.868766674251674,50.47557363419615
2021-08-06 00:00:00+00:00,51.5364627815,-0.30487804874747004,51.61021258415903,-0.14082120439257134,46.38501843479259,43.17574412461721
2021-08-09 00:00:00+00:00,51.4252129968,-0.21586616289842597,51.517712790479514,-0.17834368364549866,38.33099157091928,45.614703414602936
2021-08-10 00:00:00+00:00,51.5550044123,0.25238867850305713,51.53635860138976,0.037022497428779236,52.70273402874017,59.3740984351607
2021-08-11 00:00:00+00:00,51.7867747972,0.4495594317992291,51.66156669929488,0.24329096461400415,70.8802190759864,64.97154880224305
2021-08-12 00:00:00+00:00,52.2781280131,0.948800572779751,51.96984735619744,0.5960457686968776,86.89567878218588,77.00481051819423
2021-08-13 00:00:00+00:00,52.3522945363,0.14186912580613775,52.16107094624872,0.3689574472515077,88.34679462311236,42.01312132394991
2021-08-16 00:00:00+00:00,52.1761490438,-0.3364618381298645,52.16860999502436,0.016247804560821588,63.353932091490044,29.92290802751487
2021-08-17 00:00:00+00:00,51.9258370281,-0.47974413652084325,52.04722351156218,-0.23174816598001083,39.521784787801245,26.49682310036198
2021-08-18 00:00:00+00:00,51.1285469041,-1.5354401000190698,51.58788520783109,-0.8835941329995404,14.128652200552597,11.69624973823211
2021-08-19 00:00:00+00:00,53.0939597679,3.8440616501119518,52.34092248786555,1.4802337585562058,74.56260635872891,83.24254800676187
2021-08-20 00:00:00+00:00,53.9746872304,1.6588091495719937,53.157804859132774,1.5695214540640996,82.7315396875086,55.729275522190406
2021-08-23 00:00:00+00:00,54.2713533231,0.5496392993138199,53.71457909111639,1.0595803766889598,85.14233784960413,44.52490268146612
2021-08-24 00:00:00+00:00,54.9944769239,1.3324222753299475,54.35452800750819,1.1960013260094535,90.16334284205702,54.25990006475418
2021-08-25 00:00:00+00:00,55.0222893701,0.05057316253500588,54.688408688804095,0.6232872442722297,90.35145629458152,37.91622676367375
2021-08-26 00:00:00+00:00,54.8832271392,-0.25273799489623494,54.78581791400205,0.18527462468799738,79.01806295862333,34.25415630237647
2021-08-27 00:00:00+00:00,54.7163524621,-0.3040540540314107,54.75108518805102,-0.05938971467170667,64.46317130507182,33.434645879084734
2021-08-30 00:00:00+00:00,54.8183314314,0.18637749906782464,54.78470830972551,0.06349389219805898,69.5966875363401,50.43426302100495
2021-08-31 00:00:00+00:00,54.7163524621,-0.1860307795534033,54.750530385912754,-0.06126844367767216,57.20192586262247,39.069488955065516
2021-09-01 00:00:00+00:00,54.7348940928,0.0338868178628049,54.74271223935638,-0.013690812907433632,59.184386213659586,49.20776992704103
2021-09-02 00:00:00+00:00,55.1891640472,0.829945799529308,54.965938143278194,0.4081274933109372,84.8960059176926,73.31575591752986
2021-09-03 00:00:00+00:00,55.0871850779,-0.18478078271448872,55.0265616105891,0.11167335529822423,70.03901105225663,38.43501279072883
2021-09-07 00:00:00+00:00,54.5865610465,-0.9087849210157595,54.80656132854455,-0.39855578285876764,30.602719436668693,25.46747403983958
2021-09-08 00:00:00+00:00,54.4011447386,-0.33967391303887373,54.60385303357228,-0.36911484794882066,23.310814382313332,46.67914304649081
2021-09-09 00:00:00+00:00,54.3269782155,-0.1363326515579355,54.465415624536135,-0.2527237497533781,20.395023082982103,53.73572724535095
2021-09-10 00:00:00+00:00,53.6687503224,-1.2116040956465346,54.06708297346807,-0.7321639226999563,7.652428221747888,26.215889683184976
2021-09-13 00:00:00+00:00,53.8634374457,0.3627569528458663,53.96526020958403,-0.18470348492704503,27.695027535648276,65.27415878302223
2021-09-14 00:00:00+00:00,53.6502086916,-0.39586919107225116,53.807734450592015,-0.2902863379996481,20.415682967843974,47.21056752141092
2021-09-15 00:00:00+00:00,53.3628134144,-0.5356834282827183,53.58527393249601,-0.4129848831411832,13.331448443008846,43.855496646688266
2021-09-16 00:00:00+00:00,53.1495846603,-0.39958304380267595,53.367429296398,-0.4062839634719296,9.617421384647834,49.13376299756013
2021-09-17 00:00:00+00:00,52.7045855213,-0.8372579801783409,53.036007408849,-0.6217709718251352,5.137203385399527,33.80399286137404
2021-09-20 00:00:00+00:00,51.8145872434,-1.6886543535008292,52.4252973261245,-1.1552126626629822,2.1427048389732457,17.694821917937777
2021-09-21 00:00:00+00:00,51.2305258735,-1.1272141707051708,51.82791159981225,-1.1412134166840766,1.3614878353646032,44.062471488186894
2021-09-22 00:00:00+00:00,51.4715670738,0.4705030764181384,51.64973933680613,-0.3353551701329691,19.52481406622791,76.3728890343869
2021-09-23 00:00:00+00:00,52.556252475,2.107348703109757,52.102995905903065,0.885996766488394,64.12078280725477,87.4832739005747
2021-09-24 00:00:00+00:00,52.5933357366,0.07055918155054464,52.34816582125153,0.4782779740194693,65.11223582839183,46.59055160258395
2021-09-27 00:00:00+00:00,52.1205241514,-0.8989952407049251,52.234344986325766,-0.2103586333427279,42.59926763367421,34.931654880376946
2021-09-28 00:00:00+00:00,51.4715670738,-1.2451085021994435,51.852956030062884,-0.7277335677710857,24.884911470669696,30.803994578356637
2021-09-29 00:00:00+00:00,51.4344838122,-0.07204610954788526,51.64371992113144,-0.39988983865948546,24.02846070800847,56.7722042750191
2021-09-30 00:00:00+00:00,50.4610481957,-1.8925739005260622,51.052384058415726,-1.1462318695927738,10.202524979102186,30.300619130267545
2021-10-01 00:00:00+00:00,51.1192760887,1.3044277052018938,51.08583007355786,0.07909791780455999,43.29601033482673,68.71989575540015
2021-10-04 00:00:00+00:00,50.6186520574,-0.9793253535737456,50.85224106547893,-0.4501137178845928,30.480682074221743,43.202856842855
2021-10-05 00:00:00+00:00,51.0480191964,0.8482389821702796,50.95013013093946,0.1990626321428434,49.65265474980834,60.7136064554543
2021-10-06 00:00:00+00:00,50.3479640785,-1.3713658804402118,50.64904710471973,-0.5861516241486842,29.652941458631258,38.877640831775096
2021-10-07 00:00:00+00:00,51.3560434482,2.0022246939881194,51.00254527645986,0.7080365349197176,62.38188863298134,66.41560623668599
2021-10-08 00:00:00+00:00,51.4120478577,0.10905125422384643,51.207296567079936,0.40854389457178203,63.7859370962366,48.15356027775195
2021-10-11 00:00:00+00:00,51.2720368341,-0.27233115472764524,51.239666700589964,0.0681063699220684,55.95434286773712,44.45948900209039
2021-10-12 00:00:00+00:00,50.6653223986,-1.1833242308339265,50.95249454959498,-0.5576089304559291,31.119188706621763,34.873826251973824
2021-10-13 00:00:00+00:00,50.9826807187,0.6263817243740144,50.96758763414749,0.034386396959042664,48.910912437969706,60.348245267767496
2021-10-14 00:00:00+00:00,51.9440897473,1.8857561333516903,51.455838690723745,0.9600712651553664,76.49707391584289,71.84438154477836
2021-10-15 00:00:00+00:00,51.5707270177,-0.7187780773834862,51.51328285421187,0.12064659388594012,58.19299553340062,37.82465043651951
2021-10-18 00:00:00+00:00,51.5147226083,-0.10859728500779431,51.514002731255935,0.006024654439072907,55.22007985276346,46.69473741349143
2021-10-19 00:00:00+00:00,52.0280963614,0.996557347311211,51.77104954632797,0.501291000875142,73.6967570897743,61.584108001560885
2021-10-20 00:00:00+00:00,52.4574635004,0.8252601364030498,52.11425652336399,0.6632755686390959,82.66831338351726,57.82861021898059
2021-10-21 00:00:00+00:00,51.9814260202,-0.9074733096776089,52.04784127178199,-0.1220988705192565,52.74791411008237,30.03652054298095
2021-10-22 00:00:00+00:00,51.4400500624,-1.0414796192578901,51.743945667091,-0.5817892448885733,32.612473907320556,28.45034678823159
2021-10-25 00:00:00+00:00,51.4680522671,0.05443658135253493,51.6059989670955,-0.2636763317680192,34.55087741503874,56.578818353960486
2021-10-26 00:00:00+00:00,52.0934348391,1.2150888647475933,51.84971690309775,0.47570626648978703,66.6692890072254,73.27157380401215
2021-10-27 00:00:00+00:00,52.4387953639,0.6629636265427896,52.14425613349887,0.5693349465162884,76.30249795296025,57.49869091771469
2021-10-28 00:00:00+00:00,52.4947997733,0.10679957274257745,52.31952795339944,0.3380672596294329,77.85904930285129,43.38668860397896
2021-10-29 00:00:00+00:00,52.2427799309,-0.4800853484313805,52.281153942149714,-0.0710090444009738,53.94260657441064,31.2475484349956
2021-11-01 00:00:00+00:00,52.364122818,0.23226728604506253,52.32263838007486,0.08062912082204436,62.30518102208451,54.45068209457466
2021-11-02 00:00:00+00:00,53.7829011903,2.709447415420674,53.05276978518743,1.3950382681213591,90.99165462850767,83.4990373235095
2021-11-03 00:00:00+00:00,53.810903395,0.05206525509084958,53.43183659009371,0.7235517616061043,91.19014220363817,41.20989565746337
2021-11-04 00:00:00+00:00,53.3161977783,-0.9193408500663858,53.37401718419686,-0.09789454423014071,57.57337918760328,32.2530310537099
2021-11-05 00:00:00+00:00,53.2695274371,-0.08753501401969066,53.32177231064843,-0.09271477912491569,54.71887581941389,47.0382887154834
2021-11-08 00:00:00+00:00,53.2041889595,-0.12265638676286494,53.262980635074214,-0.10768558294389032,49.55887712945296,46.39697653745087
2021-11-09 00:00:00+00:00,53.614887962,0.7719298245719486,53.438934298537106,0.33212212081402914,73.29908349197672,64.75587675588726
2021-11-10 00:00:00+00:00,53.9229122138,0.5745125346868551,53.680923256168555,0.45331732775044215,82.5425249674102,58.1618619101272
2021-11-11 00:00:00+00:00,52.9801713217,-1.7483122728277456,53.33054728893428,-0.6474974725386518,31.878301348694915,20.79298326848048
2021-11-12 00:00:00+00:00,53.0361757312,0.10570824537341483,53.18336151006714,-0.27089461358261846,35.41097490670035,55.2310163789753
2021-11-15 00:00:00+00:00,53.4562088019,0.7919746567490726,53.31978515598357,0.2605400215832271,59.20879218237299,63.93680873450118
2021-11-16 00:00:00+00:00,53.2041889595,-0.47145102140322415,53.261987057741784,-0.10545549990999853,44.464235093808156,41.59827690523968
2021-11-17 00:00:00+00:00,52.9801713217,-0.42105263172140805,53.12107918972089,-0.2632540658157033,33.380673076789485,42.79419649681231
2021-11-18 00:00:00+00:00,50.0586079631,-5.514446793423944,51.589843576410445,-2.8888504296198234,5.680532928051876,10.426773122100172
2021-11-19 00:00:00+00:00,49.70391337,-0.7085586426243795,50.64687847320522,-1.7987045361221015,4.934794583184377,56.73806131637728
2021-11-22 00:00:00+00:00,50.9640125822,2.5352112676112926,50.80544552770261,0.36825336574459555,44.06554808069301,71.6026769644879
2021-11-23 00:00:00+00:00,51.6173973589,1.2820512820613361,51.211421443301305,0.8251523239029659,57.63019788118002,59.713130603480494
2021-11-24 00:00:00+00:00,51.8414149966,0.4339963833170257,51.526418219950656,0.6295743536099958,62.32855418093276,51.099921928064475
2021-11-26 00:00:00+00:00,51.0293510599,-1.566438602714182,51.27788463992533,-0.46843212455209304,38.883402606893156,33.832672393643755
2021-11-29 00:00:00+00:00,52.0467644979,1.9937808670263513,51.662324568912666,0.7626743712371291,64.19461145508545,65.21322872745698
2021-11-30 00:00:00+00:00,51.18803022,-1.6499282639070634,51.425177394456334,-0.44362694633496713,42.11327601681312,37.737531502824055
2021-12-01 00:00:00+00:00,51.3653775165,0.3464624361159796,51.395277455478166,-0.048582255109493766,47.687556291078614,53.75163139150232
2021-12-02 00:00:00+00:00,52.4107931592,2.0352534980672132,51.90303530733908,0.9933356214788598,71.74533939091141,65.13137866313653
2021-12-03 00:00:00+00:00,52.4854657051,0.14247551200605724,52.19425050621954,0.5679055667424585,73.07216911309959,46.07263514921469
2021-12-06 00:00:00+00:00,53.1668526865,1.298239373979282,52.68055159635977,0.9330724703608702,83.60818287190152,57.471151201899104
2021-12-07 00:00:00+00:00,54.2122683292,1.9662921348087448,53.44640996277988,1.4496823025848076,91.37478736747697,64.05795607204281
2021-12-08 00:00:00+00:00,53.2228570959,-1.8250688705587437,53.33463352933994,-0.18769328398696805,54.6290564396365,27.629533777834578
2021-12-09 00:00:00+00:00,53.7175627126,0.9294984217187219,53.52609812096997,0.3709025688658769,65.14237024015767,55.31998772011552
2021-12-10 00:00:00+00:00,55.3043543131,2.953953084188976,54.415226217034984,1.6624278265274266,83.51787605691553,68.57521004492283
2021-12-13 00:00:00+00:00,54.7069739459,-1.0801687762558188,54.561100081467494,0.2911295251358039,64.3588972974764,36.345492181242996
2021-12-14 00:00:00+00:00,53.9229122138,-1.4332025252856595,54.242006147633745,-0.5710365000749278,44.3355847392562,34.23346873735492
2021-12-15 00:00:00+00:00,55.9390709534,3.7389648608111115,55.09053855051687,1.583964180368092,74.69836837166928,71.11720857916116
2021-12-16 00:00:00+00:00,56.2937655464,0.6340730851527532,55.69215204845844,1.1090186327604226,77.88205178509007,47.25382081065533
2021-12-17 00:00:00+00:00,56.43377657,0.2487149726812854,56.062964309229216,0.678866802720854,79.41566916408274,44.475469039150845
2021-12-20 00:00:00+00:00,56.3404358876,-0.16539861067815798,56.201700098414605,0.256734096021348,74.26618973910257,40.62519218138118
2021-12-21 00:00:00+00:00,56.9658184596,1.11000662694134,56.5837592790073,0.683370361481344,84.41945643992827,57.5875093112943
2021-12-22 00:00:00+00:00,57.4325218715,0.8192692118186296,57.00814057525365,0.7513197866499868,89.19263727441862,52.46270132298788
2021-12-23 00:00:00+00:00,58.1325769894,1.2189176011917269,57.57035878232682,0.9851186939208568,93.60245807742854,59.833028858871096
2021-12-27 00:00:00+00:00,59.1966607686,1.8304431599411641,58.38350977546341,1.4077809269310104,96.6857745714429,70.37529773439022
2021-12-28 00:00:00+00:00,59.2993355192,0.17344686214879612,58.841422647331704,0.7906138945399033,96.90188772976495,34.05116866704456
2021-12-29 00:00:00+00:00,59.7007004535,0.6768455848380261,59.27106155041585,0.7337297396889647,97.75881491170189,46.6092388871472
2021-12-30 00:00:00+00:00,59.3833421334,-0.5315822388837543,59.32720184190792,0.10107375040260519,73.61044035432741,27.650261404963306
2021-12-31 00:00:00+00:00,59.1499904274,-0.3929581893113987,59.23859613465396,-0.14594221945439675,57.849448372480026,32.382953198910734
2022-01-03 00:00:00+00:00,58.9539749944,-0.33138709166924407,59.09628556452698,-0.23866465556182043,45.558528985101844,35.20673225940524
2022-01-04 00:00:00+00:00,57.5165284857,-2.43825205821413,58.30640702511349,-1.338458356887975,13.652119943212135,11.199814425690903
2022-01-05 00:00:00+00:00,56.6056544835,-1.583673469490543,57.45603075430674,-1.461065913189259,8.196119545253392,37.23814026220267
2022-01-06 00:00:00+00:00,57.2066435159,1.061712010723559,57.33133713510337,-0.19967695123285,34.215518188669584,73.42322806021613
2022-01-07 00:00:00+00:00,57.4038430421,0.34471437944998407,57.36759008860169,0.07251871410856703,42.268872969118405,59.4810020783944
2022-01-10 00:00:00+00:00,58.0517843426,1.1287420252069191,57.709687215600844,0.6006303696577431,63.99359383543532,69.1039226629705
2022-01-11 00:00:00+00:00,58.5682592923,0.8896797153588931,58.138973253950425,0.7451550425083181,75.16686921706918,62.333149415040175
2022-01-12 00:00:00+00:00,58.3334979515,-0.40083373423881463,58.236235602725216,0.17216065413475173,62.04050054388323,34.75746338730598
2022-01-13 00:00:00+00:00,57.7512898264,-0.9980682550257192,57.99376271456261,-0.4129538004454837,37.608907227925464,26.59126567034168
2022-01-14 00:00:00+00:00,57.6198234756,-0.22764227638063517,57.806793095081304,-0.3202980384130594,33.182843151923876,49.534101661066295
2022-01-18 00:00:00+00:00,56.0891795339,-2.6564537157045875,56.94798631449065,-1.4883758770588236,10.860704395601175,19.99012328359969
2022-01-19 00:00:00+00:00,55.3097718825,-1.3895864726081952,56.128879098495325,-1.4389811748335095,7.1744092587266985,45.447270616245255
2022-01-20 00:00:00+00:00,54.5397546849,-1.3921901526475766,55.33431689169766,-1.415585663740543,4.7734252959834755,45.40273618329232
2022-01-21 00:00:00+00:00,53.2250911766,-2.410468319660364,54.279704034148835,-1.9130269917004534,2.570427907409538,28.82979104320091
2022-01-24 00:00:00+00:00,53.4316811565,0.3881439661879149,53.85569259532441,-0.7624415127562693,12.129442769217697,71.58672380050187
2022-01-25 00:00:00+00:00,52.6898353197,-1.3884007029970613,53.27276395751221,-1.0754211078766653,7.935690751597613,45.537219423636046
2022-01-26 00:00:00+00:00,51.9573799365,-1.3901265372263327,52.6150719470061,-1.232773822551499,5.248265210472347,45.513086081627584
2022-01-27 00:00:00+00:00,51.2906577288,-1.283209831817611,51.95286483790305,-1.2579918271845552,3.588831839856356,48.07051023837396
2022-01-28 00:00:00+00:00,52.2203126382,1.812522885386958,52.086588738051525,0.2772655291012014,41.96715593971438,82.90973540108523
2022-01-31 00:00:00+00:00,52.2766553599,0.1078942634648028,52.18162204897576,0.1925798962830021,43.99391079960285,53.34799003421897
2022-02-01 00:00:00+00:00,51.994941751,-0.5388898868156966,52.08828189998788,-0.17315499526634726,34.86234540491299,44.34838924812704
2022-02-02 00:00:00+00:00,52.7461780415,1.4448257180431412,52.41722997074394,0.6358353613883969,64.41065535338298,68.66636003726842
2022-02-03 00:00:00+00:00,51.8353040393,-1.7269004807956678,52.12626700502197,-0.5455325597036355,35.2927902250675,33.52866006774002
2022-02-04 00:00:00+00:00,51.7883517712,-0.09057971004550192,51.957309388110986,-0.3180561348745687,34.10084451401989,52.38436884419417
2022-02-07 00:00:00+00:00,51.8071326784,0.036264732430524305,51.88222103325549,-0.1408957012220222,35.409692124967634,53.9047716389661
2022-02-08 00:00:00+00:00,51.9667703901,0.3081384810291965,51.92449571167775,0.08362138990358715,48.46103296833464,58.19629049846135
2022-02-09 00:00:00+00:00,52.858863485,1.7166606433367093,52.391679598338875,0.9001410166201482,80.86732702333413,75.74497227025432
2022-02-10 00:00:00+00:00,51.5254190695,-2.522650559595163,51.958549333919436,-0.8112547714875075,33.5580471885618,26.16235747863254
2022-02-11 00:00:00+00:00,50.6145450674,-1.7678148349873135,51.28654720065972,-1.2895348032374105,20.98108344841884,37.150533696806
2022-02-14 00:00:00+00:00,49.938432406,-1.335807050126936,50.61248980332986,-1.3126709266821732,14.803731462888232,44.27028758314176
2022-02-15 00:00:00+00:00,50.9619918517,2.0496427228200664,50.78724082751493,0.3684858980689466,48.94115234434763,76.0982597822162
2022-02-16 00:00:00+00:00,50.9432109444,-0.036852773248441384,50.865225885957464,0.1658165624102526,48.40730657017511,49.80329551266739
2022-02-17 00:00:00+00:00,52.3705598962,2.8018433179601177,51.61789289107873,1.483829940185185,77.00349957520343,70.56196135249095
2022-02-18 00:00:00+00:00,53.722785219,2.582033351333557,52.67033905503936,2.032931645759371,87.1358640406951,67.32796546843305
2022-02-22 00:00:00+00:00,52.8682539387,-1.5906310084566888,52.769296496869686,0.22115031865134105,61.46472434929416,29.208934006552845
2022-02-23 00:00:00+00:00,51.1216295634,-3.303730017876494,51.945463030134846,-1.5412898496125764,32.29450654337567,21.657686569875562
2022-02-24 00:00:00+00:00,51.3939527187,0.5326965466980527,51.669707874417426,-0.5042966514572619,39.05850010104807,58.07068515333368
2022-02-25 00:00:00+00:00,52.6241021443,2.3935684268791446,52.14690500935871,0.9446358877109413,63.658891087219544,68.66678156796696
2022-02-28 00:00:00+00:00,52.3705598962,-0.48179871535815044,52.258732452779356,0.23141858617639544,56.59577116124732,43.3029923572838
2022-03-01 00:00:00+00:00,51.2906577288,-2.0620405234169747,51.77469509078968,-0.9153109686202896,33.118946391069834,33.195058661631364
2022-03-02 00:00:00+00:00,52.7273971342,2.8011717318907836,52.25104611249483,0.942930381635247,63.40955186755605,67.8442865809118
2022-03-03 00:00:00+00:00,52.6522735052,-0.14247551194077612,52.45165980884742,0.40022743484723544,61.23439736071332,46.123993679259954
2022-03-04 00:00:00+00:00,53.0654534649,0.784733368938384,52.758556636873706,0.5924804018928097,69.78523403056926,53.20273365072537
2022-03-07 00:00:00+00:00,52.2015317309,-1.6280304371118604,52.480044183886854,-0.5177750176095253,41.24879619334349,35.16725917979371
2022-03-08 00:00:00+00:00,51.0840677489,-2.1406727828611527,51.78205596639343,-1.329223900235339,23.000463233574965,31.738257978345466
2022-03-09 00:00:00+00:00,52.5114167007,2.7941176470441587,52.14673633354671,0.7324468734044098,58.32495318719129,71.65103013691196
2022-03-10 00:00:00+00:00,51.3751718114,-2.1638054363992354,51.76095407247335,-0.7156792814974128,37.682523698593364,38.08866298857356
2022-03-11 00:00:00+00:00,51.3563909042,-0.03655638811087547,51.558672488336676,-0.3761178348041441,37.35473950584399,52.42958052427842
2022-03-14 00:00:00+00:00,50.9901632126,-0.7131102578511683,51.27441785046834,-0.5446140463276562,29.778179871623205,47.21237541591154
2022-03-15 00:00:00+00:00,52.2109221845,2.3941068139164967,51.74267001748417,0.9247463837944203,65.13551772663044,68.68175269702421
2022-03-16 00:00:00+00:00,52.4081217108,0.37769784184840116,52.07539586414209,0.6512221128214107,68.92660189937631,49.20248416441393
2022-03-17 00:00:00+00:00,52.7461780415,0.6450456907528102,52.41078695282104,0.6481339017871104,75.71653295292805,51.914751371407576
2022-03-18 00:00:00+00:00,52.5583689689,-0.356061954768061,52.48457796086052,0.14603597350952469,64.05289267890566,39.93730793199905
2022-03-21 00:00:00+00:00,52.5865403297,0.053600142760656944,52.53555914528026,0.09981805813509081,65.25707512314645,47.387967123409545
2022-03-22 00:00:00+00:00,52.7461780415,0.3035714287327629,52.64086859339013,0.20169474343392685,72.95721598506357,52.75241598558597
2022-03-23 00:00:00+00:00,51.1591913779,-3.0087235180364713,51.90002998564506,-1.4035143873012723,16.947391943366213,17.429539132536007
2022-03-24 00:00:00+00:00,51.1779722852,0.03671071960709149,51.53900113542253,-0.6834018338470904,18.064011433569235,57.07224889854866
2022-03-25 00:00:00+00:00,51.6193236058,0.8623853210527388,51.579162370611265,0.08949174360282419,44.40972113763066,64.08468967193461
2022-03-28 00:00:00+00:00,51.7789613175,0.30925959611385334,51.67906184405563,0.19937566985833877,52.66707457084028,55.04854627213403
2022-03-29 00:00:00+00:00,52.2766553599,0.96118969893626,51.977858601977815,0.5802826843972995,72.06904961948706,64.01827395493794
2022-03-30 00:00:00+00:00,52.6334925979,0.6825938567480039,52.30567559993891,0.6314382705726517,80.61482272324379,56.7583787273765
2022-03-31 00:00:00+00:00,52.3611694426,-0.5173951829122281,52.333422521269455,0.057021543830211796,59.70387115297999,32.75737537152541
2022-04-01 00:00:00+00:00,52.2672649063,-0.17934002868851273,52.30034371378473,-0.06115924242915047,52.64107167626196,42.95140538208295
2022-04-04 00:00:00+00:00,52.4644644326,0.3772906936177378,52.38240407319236,0.15806572559429366,65.49782717840068,58.492945048584765
2022-04-05 00:00:00+00:00,51.9292085756,-1.0202255236735236,52.15580632439618,-0.43107989903961497,31.111067564534878,28.871730936322937
2022-04-06 00:00:00+00:00,51.4091600557,-1.0014566641101452,51.78248319004809,-0.7162682815748801,17.625319299171768,29.590030841101548
2022-04-07 00:00:00+00:00,51.6550011742,0.47820489234533525,51.718742182124046,-0.11903169461477242,36.992087120679294,67.91096109895167
2022-04-08 00:00:00+00:00,51.3240612069,-0.6406736226448828,51.52140169451202,-0.37985265862982764,25.083922910731097,41.989687547806554
2022-04-11 00:00:00+00:00,50.0003013379,-2.579218865131494,50.76085151620601,-1.4795357618806608,8.556782419854864,21.079425035933596
2022-04-12 00:00:00+00:00,48.9980260085,-2.004538577931092,49.879438762353004,-1.7420371699058763,4.8943656603926105,35.38733272694129
2022-04-13 00:00:00+00:00,49.3100551205,0.6368197607509174,49.59474694142651,-0.5526087045774795,20.7369913270004,71.2820892918369
2022-04-14 00:00:00+00:00,48.3834232122,-1.879194630862957,48.989085076813254,-1.2159016677202183,11.903889980988138,39.73887414836256
2022-04-18 00:00:00+00:00,48.3266906464,-0.11725620477737175,48.657887861606625,-0.666578936248795,11.455756219391944,58.8613595474456
2022-04-19 00:00:00+00:00,49.0074814362,1.4087262767096043,48.83268464890331,0.3710736702304046,47.22056963469053,70.87007477699997
2022-04-20 00:00:00+00:00,50.1326773248,2.2959675862242124,49.482680986851655,1.3335206282273084,73.62855533637467,76.78119660974303
2022-04-21 00:00:00+00:00,49.9057470616,-0.4526593737050111,49.69421402422583,0.4404306272611487,63.94891351957678,39.51752763028883
2022-04-22 00:00:00+00:00,48.5630763373,-2.6904130352817135,49.128645180762916,-1.1249912040102825,29.513617741403184,24.812007831504374
2022-04-25 00:00:00+00:00,49.1114911402,1.1292834891491133,49.12006816048146,0.0021461425694153657,46.999317523151625,61.49719877796871
2022-04-26 00:00:00+00:00,48.128126666,-2.0023103582678115,48.62409741324073,-1.000082107849198,28.19009249100617,38.43512275074002
2022-04-27 00:00:00+00:00,46.624713672,-3.123772101983935,47.624405542620366,-2.0619271049165664,14.699403890259108,31.990785496768844
2022-04-28 00:00:00+00:00,47.8728301199,2.6769417967483333,47.748617831260184,0.30750734591588347,46.5516464592304,70.4421236274357
2022-04-29 00:00:00+00:00,46.31268456,-3.2589373888958217,47.03065119563009,-1.475715021489969,27.380954110321447,37.713190835602425
2022-05-02 00:00:00+00:00,47.1447621919,1.7966516944661448,47.08770669376504,0.1604683364880879,45.37672557890305,60.91384825095599
2022-05-03 00:00:00+00:00,47.2014947577,0.12033694341073709,47.144600725732516,0.1404026399494125,46.72689351538204,51.392859560503
2022-05-04 00:00:00+00:00,48.7710957453,3.325320512956753,47.95784823551626,1.7328615764530828,73.7025430083544,66.43750005558242
2022-05-05 00:00:00+00:00,46.908376501,-3.819309810113314,47.43311236825813,-1.0432241168301155,38.76243107761939,32.647932255096386
2022-05-06 00:00:00+00:00,46.6436245272,-0.5644023382356034,47.03836844772906,-0.8038132275328594,35.20431001873415,50.01893842420317
2022-05-09 00:00:00+00:00,46.2937737047,-0.7500506790504291,46.666071076214536,-0.7769319532916443,29.78501823115225,48.939063687242054
2022-05-10 00:00:00+00:00,46.8516439352,1.2050653594553706,46.75885750570727,0.21406670308186315,48.68090360581639,61.924515714017055
2022-05-11 00:00:00+00:00,46.000655448,-1.816347124077422,46.379756476853636,-0.8011402104977794,30.128591435829712,38.95804729854434
2022-05-12 00:00:00+00:00,45.6602600531,-0.7399794450424602,46.020008264976816,-0.7705598277701198,24.521499397361058,49.05470375873019
2022-05-13 00:00:00+00:00,46.8610993629,2.6299440879300695,46.44055381393841,0.9296921300799749,61.97187808965393,71.32722972167662
2022-05-16 00:00:00+00:00,46.3315954153,-1.1299435028176208,46.386074614619204,-0.10012568636882296,46.659342022877745,41.19000324543131
2022-05-17 00:00:00+00:00,47.844463837,3.2653061223969937,47.1152692258096,1.5825902180140854,74.0932787820836,66.2182362338819
2022-05-18 00:00:00+00:00,45.7264480466,-4.426877470329293,46.4208586362048,-1.4221436261576037,35.62069099559994,31.276117904971926
2022-05-19 00:00:00+00:00,39.4480440964,-13.730355665941197,42.9344513663024,-7.5762496460494,10.765482594613134,15.979025807589574
2022-05-20 00:00:00+00:00,40.601606268,2.9242569511964023,41.7680288171512,-2.325996347426499,25.158186242527698,63.67976646878726
2022-05-23 00:00:00+00:00,40.989278801,0.9548206798545955,41.3786538090756,-0.6855878337859518,30.785748587973224,57.85380030988565
2022-05-24 00:00:00+00:00,41.3864067617,0.9688581314836853,41.3825302853878,0.14163514884886674,37.95449218599613,57.894985200762164
2022-05-25 00:00:00+00:00,41.6038815974,0.5254740691845949,41.493205941393896,0.33355460901673084,42.819311415111535,55.33316821514001
2022-05-26 00:00:00+00:00,42.5399689333,2.249999999900254,42.01658743734695,1.2917773044584924,62.0374217140536,64.49827482762778
2022-05-27 00:00:00+00:00,43.1356608744,1.4003111803725377,42.57612415587347,1.346044242415515,71.25826909120595,56.005247411105984
2022-05-31 00:00:00+00:00,42.5967014991,-1.249451994880324,42.58641282748674,0.04829612376759551,53.5921278203883,34.65756024239314
2022-06-01 00:00:00+00:00,42.7668991966,0.3995560489668426,42.67665601204337,0.22392608636721906,58.46926484698084,51.805925561633615
2022-06-02 00:00:00+00:00,43.2964031442,1.238116294487157,42.98652957812168,0.731021190427188,72.13512941533749,59.844440399391445
2022-06-03 00:00:00+00:00,42.7858100518,-1.1792967898498485,42.88616981496084,-0.22413779971133024,48.873580039644885,34.76787077766027
2022-06-06 00:00:00+00:00,42.8614534729,0.1767955801430965,42.87381164393042,-0.02367110978411688,52.292331301144365,51.772545219724144
2022-06-07 00:00:00+00:00,43.0883837362,0.5294506950014544,42.98109769006521,0.25288979260866873,63.32742529238835,56.223935346330045
2022-06-08 00:00:00+00:00,42.4737809399,-1.4263770023558608,42.727439314982604,-0.5867436048735961,32.64834314923836,31.80367510356975
2022-06-09 00:00:00+00:00,41.8497227159,-1.469278717811906,42.2885810154413,-1.028011161342751,18.786550223119676,31.355570831765895
2022-06-10 00:00:00+00:00,41.1216547879,-1.7397198374348721,41.70511790167065,-1.3838654993888115,10.778205399036725,27.669284762203567
2022-06-13 00:00:00+00:00,40.885269097,-0.5748447919210586,41.295193499335326,-0.9793551456549351,8.925279348243789,58.89313910767515
2022-06-14 00:00:00+00:00,40.5732399851,-0.7631822384725151,40.934216742217664,-0.8712686920637251,6.65871813252256,53.31183159282899
2022-06-15 00:00:00+00:00,41.4147730447,2.07410859943411,41.17449489345883,0.6014199536851925,53.95867661136096,85.13852685322153
2022-06-16 00:00:00+00:00,40.9609125181,-1.0958904111586731,41.067703705779415,-0.2472352287367403,38.269957988102,39.739153862411435
2022-06-17 00:00:00+00:00,41.0271005116,0.16158818110008077,41.04740210868971,-0.04282352381832977,41.96136103043151,54.253927571120215
2022-06-21 00:00:00+00:00,41.7362575843,1.7285088730545128,41.39182984649486,0.8428426746180915,70.40441763499835,68.45549849750343
2022-06-22 00:00:00+00:00,41.197298209,-1.2913457183155175,41.29456402774743,-0.224251521848713,45.169228269775026,36.07752805966981
2022-06-23 00:00:00+00:00,40.5921508403,-1.4689006197202592,40.94335743402371,-0.846576070784486,28.166077524227735,34.63286171201177
2022-06-24 00:00:00+00:00,41.6984358737,2.7253668763510763,41.32089665386185,0.9393954027832951,64.65296723320441,72.97627294495622
2022-06-27 00:00:00+00:00,41.3864067617,-0.7482993197756804,41.35365170778093,0.09554804150380736,53.21691144624305,42.21430418342721
2022-06-28 00:00:00+00:00,40.7150713996,-1.6221156042018903,41.03436155369046,-0.7632837813490414,33.877738903799674,36.42121530589051
2022-06-29 00:00:00+00:00,40.5448737022,-0.4180213654289999,40.78961762794523,-0.5906525733890207,29.76443098056059,50.4702956318547
2022-06-30 00:00:00+00:00,40.3179434389,-0.5597014926394639,40.55378053342262,-0.5751770330142423,23.94886769488198,48.57579267057968
2022-07-01 00:00:00+00:00,40.2801217284,-0.09380863028720654,40.41695113091131,-0.3344928316507244,22.833527828057633,56.609600926826836
2022-07-05 00:00:00+00:00,40.0342806098,-0.610328638671076,40.225615870355654,-0.4724107351609002,15.703137651584024,44.935236643236486
2022-07-06 00:00:00+00:00,40.7307778654,1.739752144889306,40.47819686787783,0.633670704864203,63.775659800126,77.12725900184732
2022-07-07 00:00:00+00:00,41.2364539551,1.2415085500479872,40.857325411488915,0.9375896274560951,77.65384293072812,65.03583627703446
2022-07-08 00:00:00+00:00,41.3986519462,0.39333641849177425,41.12798867884446,0.6654630229739347,81.13181822495584,46.44368294756248
2022-07-11 00:00:00+00:00,41.26507713,-0.32265498976532525,41.19653290442223,0.1714040166043047,68.04863466049716,34.09996545604071
2022-07-12 00:00:00+00:00,40.8929758565,-0.9017341039439852,41.044754380461114,-0.36516504366984026,40.6544587761077,25.785762095226147
2022-07-13 00:00:00+00:00,40.7403189237,-0.37330844626152215,40.89253665208056,-0.3692367449656812,32.582635142983044,44.356154931255034
2022-07-14 00:00:00+00:00,40.3872997668,-0.8665105385187388,40.63991820944028,-0.61787364174221,19.29439177783667,32.84860118569636
2022-07-15 00:00:00+00:00,41.0933380807,1.7481691471743277,40.86662814507014,0.5651477527160589,63.70328475250398,78.07709290327135
2022-07-18 00:00:00+00:00,40.6449083408,-1.091246807498003,40.75576824293507,-0.2630495273909721,41.79368993667416,37.23041668368879
2022-07-19 00:00:00+00:00,42.0092796771,3.3568075116814144,41.38252396001754,1.546878992145221,77.3485178960265,71.84363557324039
2022-07-20 00:00:00+00:00,42.1046902601,0.22711787427294183,41.74360711005877,0.8869984332090814,78.71249918423479,45.413470180110764
2022-07-21 00:00:00+00:00,42.5340378834,1.019714479901701,42.13882249672939,0.9533564565553913,84.86445920599151,52.1066026410624
2022-07-22 00:00:00+00:00,42.4195451838,-0.26917900415160956,42.27918384026469,0.34208872620189085,76.07085134116781,40.11011905761279
2022-07-25 00:00:00+00:00,42.3050524843,-0.2699055329422162,42.29211816228235,0.036091596629837325,65.83774569397663,40.10231253389949
2022-07-26 00:00:00+00:00,41.8184585112,-1.150202977009851,42.05528833674117,-0.5570556901900068,35.44294984784541,29.623573057328688
2022-07-27 00:00:00+00:00,42.5912842331,1.8480492811398408,42.323286284920584,0.645496795474917,69.25623741816653,69.85974024975559
2022-07-28 00:00:00+00:00,43.5263079462,2.195340502020704,42.924797115560295,1.4204186487478105,84.23843240934146,72.58321190934228
2022-07-29 00:00:00+00:00,43.2877814888,-0.5480052608524133,43.106289302180144,0.4362066939476986,70.99883338837408,35.0530814593236
2022-08-01 00:00:00+00:00,43.2019119641,-0.19836896636113988,43.154100633140075,0.11891886379327937,65.44450559079313,40.89548767341381
2022-08-02 00:00:00+00:00,42.8584338654,-0.7950530036388681,43.00626724927004,-0.33806706992279434,44.53862879501267,33.24085213522029
2022-08-03 00:00:00+00:00,43.6121774708,1.758682101560649,43.30922236003502,0.7103075158189274,72.96551036913098,69.67743907491784
2022-08-04 00:00:00+00:00,43.297322547,-0.7219426822033914,43.30327245351751,-0.005817583192232023,55.228513808782395,38.81212039026566
2022-08-05 00:00:00+00:00,42.9443033901,-0.8153371528153652,43.123787921808756,-0.4105773680037986,39.201720702744474,37.86486657871424
2022-08-08 00:00:00+00:00,42.9538444484,0.022217285057180014,43.03881618510438,-0.1941800414733093,39.90866414118879,53.222362645063306
2022-08-09 00:00:00+00:00,42.8584338654,-0.22212350076047382,42.94862502525219,-0.20815177111689157,33.98172974139473,48.02778851500694
2022-08-10 00:00:00+00:00,43.907950278,2.448797862973895,43.42828765162609,1.1203230459285016,80.86679729751529,80.01329963030496
2022-08-11 00:00:00+00:00,43.7934575784,-0.26075619307004416,43.61087261501305,0.42978342642922873,72.44753850090238,41.31840708485677
2022-08-12 00:00:00+00:00,44.4708727175,1.5468409588059506,44.040872666256526,0.9883121926175897,85.67959391622013,60.45540128071469
2022-08-15 00:00:00+00:00,44.4517906009,-0.042909246960864955,44.246331633578265,0.4727014728283624,83.97554274401324,42.27000905911435
2022-08-16 00:00:00+00:00,44.6235296502,0.38634900187017873,44.43493064188913,0.42952523734927056,87.3673641606813,48.53963261197762
2022-08-17 00:00:00+00:00,44.5185780089,-0.23519350020652086,44.476754325394566,0.09716586857137485,73.17037175589482,39.275493499785746
2022-08-18 00:00:00+00:00,47.1042048071,5.8079725675044935,45.790479566247285,2.9525692180379344,96.16994661719774,83.95023959046864
2022-08-19 00:00:00+00:00,46.4649539013,-1.3570994530484937,46.12771673377364,0.7977348824947204,72.9716502652796,36.36705415454481
2022-08-22 00:00:00+00:00,45.52038913,-2.0328542094465996,45.82405293188682,-0.6175596634759396,47.54942214006126,33.667441261256315
2022-08-23 00:00:00+00:00,45.2341573811,-0.6287989939685268,45.52910515649341,-0.6231793287222331,41.04902863934895,46.13045357573035
2022-08-24 00:00:00+00:00,44.9097613991,-0.7171482808156382,45.2194332777967,-0.6701638047689357,33.3080982462997,45.326631663634245
2022-08-25 00:00:00+00:00,45.100582565,0.4248990864240687,45.16000792139835,-0.12263235917243348,42.82205471644145,59.133896958097935
2022-08-26 00:00:00+00:00,43.7839165201,-2.919399196235206,44.47196222074918,-1.5210157777038198,17.291480389963937,28.03501488269077
2022-08-29 00:00:00+00:00,43.6121774708,-0.3922423185261703,44.04206984577459,-0.956629048114995,15.485164942789675,54.912277368207874
2022-08-30 00:00:00+00:00,43.1637477309,-1.0282213957334307,43.602908788337295,-0.9924252219242129,10.98904430324591,48.12717988432564
2022-08-31 00:00:00+00:00,42.6676126995,-1.1494252873802902,43.13526074391865,-1.0709252546522516,7.415721359538961,46.485205466683105
2022-09-01 00:00:00+00:00,43.2114530224,1.274597495599683,43.17335688315933,0.10183612047371571,39.671021458418934,73.55333599453749
2022-09-02 00:00:00+00:00,42.5435789417,-1.5455950540561258,42.85846791242966,-0.7218794667912051,24.163592807405088,39.067812749782604
2022-09-06 00:00:00+00:00,42.4290862421,-0.26911863657943513,42.64377707726483,-0.4954990516853201,21.956576697853272,53.7803195726165
2022-09-07 00:00:00+00:00,42.9538444484,1.23678884646663,42.79881076283242,0.37064489739065487,52.05995065559636,67.61704092005989
2022-09-08 00:00:00+00:00,43.2877814888,0.7774322524289001,43.04329612581621,0.5740385749097775,64.96104653365387,59.470870773867766
2022-09-09 00:00:00+00:00,43.6694238206,0.8816398500319123,43.35635997320811,0.7278392124708448,76.02255289869828,61.066957011342126
2022-09-12 00:00:00+00:00,44.2705104932,1.3764474545607586,43.81343523320405,1.0521433335158017,86.26580921880105,69.59519855507719
2022-09-13 00:00:00+00:00,42.0856081435,-4.935344827423227,42.94952168835202,-1.9416007469537129,25.91126783303413,13.406121822278184
2022-09-14 00:00:00+00:00,41.942492269,-0.34005894369403267,42.44600697867601,-1.1408298453238728,24.244656520627167,53.98118204490361
2022-09-15 00:00:00+00:00,41.3032413632,-1.524112829776858,41.874624170938006,-1.3324713375503654,16.94312482472359,45.70409878199982
2022-09-16 00:00:00+00:00,41.3127824215,0.023100023109812184,41.593703296219005,-0.6546856572202766,17.499376874564003,58.2513196309369
2022-09-19 00:00:00+00:00,41.3127824215,0.0,41.453242858859504,-0.3273428286101383,17.499376874564003,57.95140471004959
2022-09-20 00:00:00+00:00,40.6258262242,-1.6628175519412647,41.03953454152975,-0.9950801902757015,8.393174442183224,37.24564258392643
2022-09-21 00:00:00+00:00,39.6812614529,-2.325035227806238,40.360397997214875,-1.6600577090409698,4.048280065684827,30.69427384492823
2022-09-22 00:00:00+00:00,39.2614548879,-1.0579466217279787,39.81092644255744,-1.3590021653844744,3.009620098226282,53.94479772176342
2022-09-23 00:00:00+00:00,38.7939430314,-1.1907654920961352,39.30243473697872,-1.2748838287403048,2.106713271072275,51.24188053504986
2022-09-26 00:00:00+00:00,38.717614565,-0.1967535662415587,39.01002465098936,-0.7358186974909318,1.9625244778994557,68.79438232324404
2022-09-27 00:00:00+00:00,38.6603682152,-0.14785608680485396,38.83519643309468,-0.44183739214789286,1.8222176376702357,69.60185040384687
2022-09-28 00:00:00+00:00,39.4427349955,2.023692004031119,39.13896571429734,0.7909273059416131,60.18109538015591,88.83947495488685
2022-09-29 00:00:00+00:00,38.7080735067,-1.8626028060270472,38.92351961049867,-0.535837750042717,32.75584322344336,32.917204654832915
2022-09-30 00:00:00+00:00,38.1642331838,-1.4049790486366343,38.54387639714933,-0.9704083993396757,21.749968535468714,39.62945278591842
2022-10-03 00:00:00+00:00,39.395029704,3.225000000058831,38.96945305057467,1.1272958003595774,63.44519625631071,76.0292909929403
2022-10-04 00:00:00+00:00,40.2632660089,2.2039234680709896,39.61635952973734,1.6656096342152835,76.6247563899096,63.386531976303665
2022-10-05 00:00:00+00:00,40.426937822,0.40650406517896975,40.02164867586867,1.0360568496971267,78.7873666341973,44.046576557628086
2022-10-06 00:00:00+00:00,39.9744333977,-1.119314122411108,39.99804103678433,-0.041628636356990656,56.940702694785784,31.722170610419045
2022-10-07 00:00:00+00:00,38.7709641841,-3.010597302598006,39.38450261044217,-1.5261129694774982,27.034858770711896,20.86663449621345
2022-10-10 00:00:00+00:00,38.4051095432,-0.943630494105796,38.894806076821084,-1.234871731791647,21.8111724086421,49.30571638286784
2022-10-11 00:00:00+00:00,38.1066491782,-0.7771371271946825,38.50072762751054,-1.006004429493165,17.640289073697474,51.415362423620486
2022-10-12 00:00:00+00:00,37.8081888133,-0.783223850263759,38.154458220405274,-0.894614139878462,13.70821846773681,51.29829625307191
2022-10-13 00:00:00+00:00,39.0983078102,3.4122740004042917,38.626383015302636,1.258829930262915,64.71078212896569,85.4800619540278
2022-10-14 00:00:00+00:00,38.7035699082,-1.0096035458010744,38.66497646175132,0.12461319223092027,50.902691343174276,40.51963970991546
2022-10-17 00:00:00+00:00,39.7626228161,2.736318407867633,39.213799638925664,1.4304658000492765,73.58557411042477,64.34795280004352
2022-10-18 00:00:00+00:00,40.2343827478,1.1864406779247494,39.72409119336283,1.308453238987013,79.81627097856949,51.53493540407486
2022-10-19 00:00:00+00:00,40.3210325312,0.21536252697884617,40.022561862281414,0.7619078829829296,81.04792812278569,43.41103129947598
2022-10-20 00:00:00+00:00,40.1573607181,-0.4059216811309274,40.08996129019071,0.17799310092600107,69.10066751488223,37.706651759998536
2022-10-21 00:00:00+00:00,41.2067858724,2.6132821867125067,40.64837358129535,1.395637643819254,87.21972243695694,68.18292810491495
2022-10-24 00:00:00+00:00,41.9192396468,1.7289719625456224,41.28380661404768,1.562304803182438,91.99806956414771,56.120260226831654
2022-10-25 00:00:00+00:00,42.7087154509,1.8833256775454554,41.99626103247384,1.7228152403639467,95.06497401497194,58.06280398861686
2022-10-26 00:00:00+00:00,42.7279709583,0.04508566271943515,42.362115995386915,0.8839504515416909,95.13321651085018,32.42228619742916
2022-10-27 00:00:00+00:00,42.7664819731,0.0901306894202536,42.56429898424346,0.48704057048097227,95.32707101416351,33.501668827013816
2022-10-28 00:00:00+00:00,43.9410679256,2.7465105809704404,43.25268345492173,1.6167755757257063,98.34429592515613,72.4403122307998
2022-10-31 00:00:00+00:00,43.7388850977,-0.46012269943537243,43.495784276310864,0.5783264381451669,84.2917698616529,35.16042637197092
2022-11-01 00:00:00+00:00,43.7677683588,0.06603565919771626,43.631776317555435,0.3221810486714416,84.75845861214502,42.44993890444345
2022-11-02 00:00:00+00:00,42.9108982788,-1.9577650680645653,43.27133729817771,-0.8177920096965619,36.50098065888486,25.7485253327689
2022-11-03 00:00:00+00:00,42.2177000118,-1.615436392163505,42.74451865498885,-1.2166142009300334,21.586714944566168,32.487970105828694
2022-11-04 00:00:00+00:00,42.8627595102,1.5279361457865015,42.80363908259443,0.15566097242823407,50.06592413488041,69.9966821464865
2022-11-07 00:00:00+00:00,42.8916427714,0.06738544491782239,42.847640926997215,0.11152320867302823,51.254990644754834,50.45807160768222
2022-11-08 00:00:00+00:00,42.9494092936,0.13468013456112704,42.89852511029861,0.12310167161707763,54.50506594854294,51.39573300184574
2022-11-09 00:00:00+00:00,42.275466534,-1.5691548980172443,42.586995822149305,-0.7230266132000833,25.154483658222617,29.902013716291773
2022-11-10 00:00:00+00:00,43.960323433,3.985424732438969,43.27365962757465,1.6311990596194428,75.21136286813099,76.97953231070022
2022-11-11 00:00:00+00:00,43.1227088604,-1.905387647742418,43.19818424398733,-0.13709429406148765,50.18320680548592,37.21741601404228
2022-11-14 00:00:00+00:00,43.0745700918,-0.1116320608611221,43.13637716789366,-0.12436317746130487,48.7837403196777,49.2019376710992
2022-11-15 00:00:00+00:00,43.2286141512,0.35762181507952295,43.18249565954683,0.11662931880910904,54.83010589358366,52.7418620514273
2022-11-16 00:00:00+00:00,42.737598712,-1.135857461177403,42.96004718577342,-0.509614071184147,35.04745513994531,39.57572642386458
2022-11-17 00:00:00+00:00,44.8557045279,4.956071187278188,43.90787585683671,2.223228558047021,80.52153412772601,76.09221716191934
2022-11-18 00:00:00+00:00,46.0110349729,2.5756600128338025,44.95945541486836,2.3994442854404117,87.6155721505137,56.189201369726696
2022-11-21 00:00:00+00:00,45.8473631599,-0.3557229544964624,45.40340928738418,1.0218606654719746,81.32188522609749,37.884801239076886
2022-11-22 00:00:00+00:00,46.5790724417,1.5959680805372578,45.99124086454209,1.3089143730046162,87.39416131377467,53.13249714869692
2022-11-23 00:00:00+00:00,46.7619997622,0.39272426630856394,46.37662031337105,0.8508193196565901,88.76397762368207,43.30250459577699
2022-11-25 00:00:00+00:00,46.5983279491,-0.3500102945389827,46.48747413123553,0.2504045125588037,77.46628178208502,36.96952503279659
2022-11-28 00:00:00+00:00,46.2902398305,-0.6611570246394582,46.388856980867764,-0.20537625604032728,56.98677410404315,33.85796103210148
2022-11-29 00:00:00+00:00,46.4827949046,0.41597337755232555,46.435825942733885,0.10529856075599914,65.52996012694142,53.97367555830029
2022-11-30 00:00:00+00:00,47.8691914386,2.9826014912515575,47.15250869066694,1.5439500260037784,89.0399792106603,77.94655622543335
2022-12-01 00:00:00+00:00,48.1098852814,0.5028157684859424,47.63119698603347,1.0233828972448604,90.69303675009792,44.417976092382645
2022-12-02 00:00:00+00:00,47.8499359312,-0.5403241946629556,47.74056645861674,0.24152935129095243,72.88454780835684,34.935789799838105
2022-12-05 00:00:00+00:00,47.493709044,-0.7444668007752342,47.61713775130837,-0.2514687247421409,51.92579277566941,32.87560668436125
2022-12-06 00:00:00+00:00,46.7812552696,-1.5001013581397715,47.199196510454186,-0.8757850414409563,27.876880264807106,24.766552107068406
2022-12-07 00:00:00+00:00,46.3865173675,-0.8437950196614752,46.792856938977096,-0.8597900305512157,20.129064382985387,43.06332812039971
2022-12-08 00:00:00+00:00,47.1663654179,1.6811955168386739,46.979611178438546,0.41070274314372907,56.20201528919101,76.31079325551059
2022-12-09 00:00:00+00:00,46.6560944714,-1.0818534393713275,46.81785282491927,-0.3355753481137992,38.940565680932856,38.964142134827426
2022-12-12 00:00:00+00:00,47.4648257829,1.7333883615049395,47.14133930390963,0.6989065066955702,64.70886229027492,65.08185840998136
2022-12-13 00:00:00+00:00,47.792169409,0.6896551724370426,47.466754356454814,0.6942808395663064,71.90702365099092,52.57159740946725
2022-12-14 00:00:00+00:00,47.4648257829,-0.684931506872255,47.46579006967741,0.00467466634702568,55.06118218268632,38.102684661117024
2022-12-15 00:00:00+00:00,46.3576341064,-2.332657200859012,46.911712088038705,-1.1639912672559931,25.158305644644745,25.489007886328583
2022-12-16 00:00:00+00:00,46.0302904803,-0.7061266874592409,46.471001284169354,-0.935058977357617,20.275120272248394,49.99862886311005
2022-12-19 00:00:00+00:00,45.6355525783,-0.8575611795648808,46.05327693123468,-0.8963100784612489,15.006495199352516,47.80267941228971
2022-12-20 00:00:00+00:00,45.6066693171,-0.06329113940374276,45.82997312416734,-0.4798006089324958,14.590365525924874,61.20717064900045
2022-12-21 00:00:00+00:00,45.8858741747,0.6122018156132114,45.85792364943367,0.0662006033403578,39.08382135190305,70.77976625181383
2022-12-22 00:00:00+00:00,45.5585305486,-0.713386487644796,45.70822709901684,-0.32359294215221907,25.980871183458266,40.9992084927452
2022-12-23 00:00:00+00:00,45.7125746079,0.3381234149676393,45.710400853458424,0.007265236407710124,40.145394592312776,60.682736702426574
2022-12-27 00:00:00+00:00,45.7607133765,0.1053074980197577,45.735557114979215,0.05628636721373391,45.072471451526596,54.62981069246481
2022-12-28 00:00:00+00:00,45.3178367059,-0.9678098043537808,45.52669691043961,-0.45576171857002346,21.10153761332004,32.332111196448054
2022-12-29 00:00:00+00:00,45.7318301154,0.9135330359802962,45.629263512919806,0.22888565870513639,54.80461484935185,67.36305619840017
2022-12-30 00:00:00+00:00,45.8666186673,0.29473684206355877,45.747941090109904,0.2618112503843476,62.605733361037686,53.65815498322479
