date,adjClose,daily_return,ema,ema_daily_return,rsi,rsi_daily_return
2013-01-02 00:00:00+00:00,46.3167628027,0.0,,,,
2013-01-03 00:00:00+00:00,46.4164662059,0.21526418766510957,,,,
2013-01-04 00:00:00+00:00,47.3047328898,1.9136887327004137,46.6793206328,0.7096509734551745,,
2013-01-07 00:00:00+00:00,46.1989315079,-2.337612569287839,46.43912607035,-0.8139807979163323,36.531791908032034,22.41099357304887
2013-01-08 00:00:00+00:00,46.008588647,-0.4120070631231987,46.223857358675005,-0.6129939305197655,31.388130120275406,49.193699608347906
2013-01-09 00:00:00+00:00,46.0267165385,0.03940110321374313,46.1252869485875,-0.2867964136530112,32.740993182086484,54.693061867311584
2013-01-10 00:00:00+00:00,46.0357804843,0.019692792538039683,46.08053371644375,-0.13355181055748575,33.72113943329075,54.3080886445979
2013-01-11 00:00:00+00:00,45.8454376234,-0.4134672181020371,45.96298566992188,-0.27350951432976145,23.1118600874743,44.079319407443116
2013-01-14 00:00:00+00:00,45.8545015692,0.01977066044054343,45.90874361956094,-0.126869426944609,24.801768763414298,56.399557119085785
2013-01-15 00:00:00+00:00,46.3076988569,0.9883376161358148,46.10822123823047,0.4307340945956029,71.60626873456849,74.92533040182927
2013-01-16 00:00:00+00:00,46.7065124701,0.8612252887633565,46.40736685416523,0.6459796916794797,84.41264636605558,69.14201647933481
2013-01-17 00:00:00+00:00,47.5041396964,1.7077430621920575,46.95575327528262,1.1768613769357685,93.37577971220918,82.57653832559349
2013-01-18 00:00:00+00:00,47.4406920761,-0.13356229731871228,47.19822267569131,0.5216495398085281,87.38051070211318,34.11574469538797
2013-01-22 00:00:00+00:00,47.7941859605,0.7451280091634427,47.49620431809566,0.6333887744859854,91.78727313813151,53.60534952999233
2013-01-23 00:00:00+00:00,48.8999873425,2.313673430726282,48.19809583029783,1.4735311026061337,96.88742971293829,74.1114120842172
2013-01-24 00:00:00+00:00,48.8999873425,0.0,48.549041586398914,0.7367655513030669,96.88742971293829,37.4690581132718
2013-01-25 00:00:00+00:00,49.2897370099,0.7970342909705996,48.919389298149454,0.7668999211368333,97.91449572428178,50.193774568768134
2013-01-28 00:00:00+00:00,49.2716091184,-0.03677822727348179,49.09549920827473,0.36506084693167573,95.71109110167653,38.044980452934425
2013-01-29 00:00:00+00:00,48.9362431255,-0.6806475349609875,49.015871166887365,-0.1577933440146559,58.91841864098355,29.71446606678866
2013-01-30 00:00:00+00:00,48.7549642105,-0.3704389700188049,48.88541768869368,-0.2641161570167304,44.918049493721725,39.31705662304517
2013-01-31 00:00:00+00:00,48.8365397222,0.16731734505597284,48.86097870544684,-0.048399405980378785,52.53174409469091,55.224108520919614
2013-02-01 00:00:00+00:00,49.4800798708,1.3177431330325229,49.17052928812342,0.6346718635260721,81.98999801599209,75.68083319391688
2013-02-04 00:00:00+00:00,48.8546676138,-1.2639677596177012,49.012598450961704,-0.3146479480458146,43.047036009223234,29.820090913068626
2013-02-05 00:00:00+00:00,49.2081614982,0.7235621521251456,49.11037997458085,0.20445710203966552,59.39743488370712,58.71200418024285
2013-02-06 00:00:00+00:00,49.4166322505,0.4236507643302856,49.263506112540426,0.31405393318497554,67.62054405770141,53.707416471152
2013-02-07 00:00:00+00:00,49.2716091184,-0.29347028620820836,49.26755761547021,0.010291823488383589,55.82327908231664,41.13223011279321
2013-02-08 00:00:00+00:00,49.5435274911,0.5518763798571635,49.4055425532851,0.28108410167277353,70.36464804218065,58.36829156044037
2013-02-11 00:00:00+00:00,49.6251030028,0.16465422595244306,49.51532277804255,0.2228691638126083,74.18801309884807,48.592605470629664
2013-02-12 00:00:00+00:00,49.8063819179,0.36529680369583595,49.66085234797127,0.29408298375422215,81.9502340135122,54.513736719996736
2013-02-13 00:00:00+00:00,49.8154458637,0.018198362239885135,49.73814910583563,0.15614067299705364,82.34835136141069,41.96973409329141
2013-02-14 00:00:00+00:00,49.7429342976,-0.14556040770646872,49.74054170171782,0.005290132645292461,65.1139936214917,36.09229839855646
2013-02-15 00:00:00+00:00,50.4046023377,1.3301749272397023,50.07257201970891,0.6677325299424974,90.97293737971596,77.90941398018164
2013-02-19 00:00:00+00:00,50.5133696867,0.21578852714934094,50.29297085320445,0.4417605285459192,92.3678746148911,44.74536640568439
2013-02-20 00:00:00+00:00,49.4891438165,-2.0276332316623957,49.89105733485222,-0.7929363515582383,29.021740169607003,19.57864587303666
2013-02-21 00:00:00+00:00,49.0993941491,-0.7875457875067382,49.495225741976114,-0.7902410695324882,20.85713630736342,45.15538570783615
2013-02-22 00:00:00+00:00,49.1719057151,0.14768321942997265,49.33356572853806,-0.32127892505125777,26.61832475225669,59.66639849326598
2013-02-25 00:00:00+00:00,48.5736852954,-1.2165898616296689,48.95362551196903,-0.7689343933404633,14.003486213472653,37.7887428246488
2013-02-26 00:00:00+00:00,48.8546676138,0.5784661317979278,48.90414656288451,-0.09523413077126774,35.52977566841219,63.90761740684075
2013-02-27 00:00:00+00:00,49.3803764675,1.076066790292729,49.14226151519226,0.49041632976073063,62.13201099946826,69.27193939764958
2013-02-28 00:00:00+00:00,49.4800798708,0.20190895742890902,49.31117069299613,0.34616264359481985,66.1101876537441,49.77679739659458
2013-03-01 00:00:00+00:00,50.1508118566,1.3555596263211012,49.730991274798065,0.8508611349579605,83.54934137650066,67.74598831602357
2013-03-04 00:00:00+00:00,50.576817307,0.8494487619026048,50.153904290899035,0.8501549484302826,88.96110853181969,54.83535909669266
2013-03-05 00:00:00+00:00,51.1931656183,1.2186379928946112,50.67353495459952,1.0343964706624469,93.5593256097799,62.62829881660519
2013-03-06 00:00:00+00:00,51.0843982692,-0.2124645893379129,50.878966611899756,0.410965940662267,84.26775709034517,31.263109003272888
2013-03-07 00:00:00+00:00,51.0481424862,-0.07097232076405113,50.963554549049874,0.16999680994910793,80.28130649047957,36.01542996665242
2013-03-08 00:00:00+00:00,52.0179846819,1.89985795460077,51.49076961547494,1.034927382274939,93.19620725409827,73.8253064892958
2013-03-11 00:00:00+00:00,52.2627112172,0.47046523773757176,51.87674041633747,0.7526963100062554,94.54782520956289,44.93677348816192
2013-03-12 00:00:00+00:00,51.7641942008,-0.9538674990055562,51.82046730856874,-0.10058559449965043,58.83476406752775,28.35331223195168
2013-03-13 00:00:00+00:00,51.9726649531,0.40273157057428843,51.89656613083437,0.151072988037319,66.72000828654332,53.08733352815061
2013-03-14 00:00:00+00:00,52.344286729,0.7150331356595707,52.12042642991719,0.43305306184844483,77.99220143911045,58.084123236024325
2013-03-15 00:00:00+00:00,52.1901996512,-0.294372294339873,52.155313040558596,0.06934038375428592,64.42124000895383,38.30403530622481
2013-03-18 00:00:00+00:00,51.5104037197,-1.3025356025522794,51.832858380129295,-0.6165976093989968,29.94251070688305,25.363811131260853
2013-03-19 00:00:00+00:00,51.0390785405,-0.9150096779764638,51.43596846031465,-0.7658036436877302,19.235646442232056,37.53176698547789
2013-03-20 00:00:00+00:00,51.610107123,1.1188066062887136,51.52303779165732,0.1765014813004917,51.04698720274713,72.64274430320013
2013-03-21 00:00:00+00:00,51.0390785405,-1.1064278187586263,51.281058166078665,-0.4649631687290673,32.08852063624101,37.78670533944839
2013-03-22 00:00:00+00:00,51.4650839909,0.8346652458898873,51.37307107848933,0.18485103858041002,52.02656232186298,61.78164380296758
2013-03-25 00:00:00+00:00,50.9484390829,-1.0038746037825397,51.16075508069467,-0.4095117826010648,33.91381816618169,39.91147398743999
2013-03-26 00:00:00+00:00,51.3291248046,0.7471980075396845,51.244939942647335,0.16884311246930983,52.27714100579891,60.093312999388615
2013-03-27 00:00:00+00:00,51.1841016725,-0.28253575850372137,51.21452080757366,-0.05684632301720577,45.1138520420758,46.358795963208074
2013-03-28 00:00:00+00:00,51.4832118824,0.584381087342023,51.34886634498683,0.2637673821624086,61.45424285746427,58.3732383308961
2013-04-01 00:00:00+00:00,51.3835084791,-0.19366197184383926,51.366187412043416,0.03505270515928466,53.491631231444465,44.84989722043198
2013-04-02 00:00:00+00:00,52.0814323022,1.3582642442251158,51.72380985712171,0.6966584746922002,80.29709233950096,67.42756682195353
2013-04-03 00:00:00+00:00,51.8910894413,-0.3654716325686813,51.80744964921085,0.16559342106175945,64.97670664154245,40.0862611969849
2013-04-04 00:00:00+00:00,52.199263597,0.5938864630094409,52.003356623105425,0.3797399420356002,76.06656144309817,55.23878333029865
2013-04-05 00:00:00+00:00,52.2989670003,0.19100538289151814,52.151161811702714,0.2853726624635592,79.254422816771,47.64794009625503
2013-04-08 00:00:00+00:00,53.3141289247,1.9410745233154891,52.73264536820136,1.1132235928895242,93.16293456352031,72.37936593086944
2013-04-09 00:00:00+00:00,53.6041751888,0.5440326419093422,53.16841027850068,0.8286281173994332,94.68894950137513,46.22909278055289
2013-04-10 00:00:00+00:00,54.483377927,1.6401758540325329,53.82589410275034,1.2344019857159831,97.36404733794564,62.27177448052148
2013-04-11 00:00:00+00:00,54.8821915401,0.7319913490576146,54.35404282142517,0.9831966673867989,98.03684679679438,45.42766471746875
2013-04-12 00:00:00+00:00,54.8821915401,0.0,54.61811718076258,0.49159833369339945,98.03684679679436,34.23273174185301
2013-04-15 00:00:00+00:00,53.3685125992,-2.7580511973433475,53.99331488998129,-1.133226431824974,30.832221842989767,14.306558624546167
2013-04-16 00:00:00+00:00,55.0634704552,3.17595108698121,54.52839267259064,1.021362327578118,67.8498752270712,70.23017592330469
2013-04-17 00:00:00+00:00,55.0000228349,-0.11522633748923816,54.764207753745325,0.45306799504443995,65.87043105514292,45.517457841127985
2013-04-18 00:00:00+00:00,54.3746105779,-1.1371127224389932,54.56940916582266,-0.3420223636972766,46.01957892443933,39.108207363578295
2013-04-19 00:00:00+00:00,55.7976500613,2.6171028505321825,55.18352961356133,1.1375402434174529,73.38980941212274,65.71323138647027
2013-04-22 00:00:00+00:00,56.2055276202,0.7309941519972663,55.69452861688067,0.9342671977073596,78.15246116693261,49.43581807258026
2013-04-23 00:00:00+00:00,56.7312364739,0.9353330107536584,56.21288254539033,0.934800104230509,83.76884716519972,51.3924615537755
2013-04-24 00:00:00+00:00,56.1420799999,-1.0385045534324844,56.17748127264517,-0.051852224600987706,58.49181228493621,32.92938582246507
2013-04-25 00:00:00+00:00,56.1964636744,0.09686793667085247,56.18697247352259,0.022507856034932383,60.15649061231567,48.79997419360306
2013-04-26 00:00:00+00:00,56.0786323796,-0.20967741935277173,56.1328024265613,-0.09358478165891967,53.21978830055564,44.53236952385493
2013-04-29 00:00:00+00:00,57.1028582498,1.8264102149762484,56.61783033818065,0.8664127166586644,81.31390720097208,70.35844947003066
2013-04-30 00:00:00+00:00,56.9578351178,-0.2539682538579502,56.78783272799033,0.3062222314003571,72.11546207481075,41.05880597596049
2013-05-01 00:00:00+00:00,57.2932011107,0.5887969446282337,57.040516919345166,0.4475095880142954,79.97367578544039,52.961713752451935
2013-05-02 00:00:00+00:00,57.9004854762,1.0599588672425941,57.47050119777258,0.7537342276284448,88.6566221672076,59.7740395858266
2013-05-03 00:00:00+00:00,58.7343684856,1.4402003757684856,58.10243484168629,1.0969673016984651,94.00784606008271,65.77437945852964
2013-05-06 00:00:00+00:00,58.9700310752,0.4012345678966023,58.536232958443144,0.7491009347975337,95.00645695803678,40.81897854143123
2013-05-07 00:00:00+00:00,59.8854895963,1.5524131570027189,59.21086127737157,1.1507570459001264,97.46658859349004,63.70554938726559
2013-05-08 00:00:00+00:00,59.8129780303,-0.12108369905432514,59.51191965383579,0.5148366734229006,92.07694178069791,34.56097521708796
2013-05-09 00:00:00+00:00,60.4293263415,1.0304591603644386,59.970622997667896,0.7726479168936696,95.35315833512686,55.5502107153605
2013-05-10 00:00:00+00:00,60.9097154665,0.7949602520557875,60.440169232083946,0.7838040844747285,96.86751217005848,50.57412106348159
2013-05-13 00:00:00+00:00,61.0184828155,0.17857142849373453,60.72932602379197,0.4811877564842315,97.1796647040582,37.415482636261984
2013-05-14 00:00:00+00:00,61.1544420019,0.22281639943604326,60.94188401284599,0.3520020779601374,97.62366771339406,39.120978578521694
2013-05-15 00:00:00+00:00,61.3357209169,0.2964280419636145,61.138802464872995,0.32421505996187594,98.19270847638525,42.997578156319385
2013-05-16 00:00:00+00:00,60.2480474265,-1.7733116594058185,60.6934249456865,-0.7245482997219712,31.121347846205687,11.6663236835036
2013-05-17 00:00:00+00:00,60.3477508298,0.16548819017185856,60.52058788774325,-0.2795300547750563,37.03504988729917,56.353947690903745
2013-05-20 00:00:00+00:00,59.9308093251,-0.6908981676482129,60.22569860642162,-0.4852141112116346,24.071297932838892,42.206738521104974
2013-05-21 00:00:00+00:00,59.6679548982,-0.43859649128734635,59.94682675231081,-0.4619053012494905,18.084902759931733,47.97805237311398
2013-05-22 00:00:00+00:00,59.4322923086,-0.39495670666452876,59.689559530455405,-0.4284310039570096,13.552316965093647,49.29185148414492
2013-05-23 00:00:00+00:00,59.124118153,-0.5185298154071094,59.406838841727705,-0.4734804096820595,9.085656111732737,44.516592769823156
2013-05-24 00:00:00+00:00,59.3597807426,0.3985896060050509,59.38330979216386,-0.03744540183850431,34.0270625452738,73.30586875206248
2013-05-28 00:00:00+00:00,60.447454233,1.8323408152675746,59.91538201258193,0.8974477067145352,77.24501685044999,87.95807013567308
2013-05-29 00:00:00+00:00,60.0577045656,-0.6447743289530128,59.98654328909096,0.12633668888076122,57.12929171304764,36.308876048586704
2013-05-30 00:00:00+00:00,58.5984092992,-2.4298219136997368,59.29247629414548,-1.1517426124094878,23.199140499204873,22.21105671403696
2013-05-31 00:00:00+00:00,57.1753698159,-2.4284609434260362,58.23392305502274,-1.7901017779177621,12.414293349551084,22.245583352998384
2013-06-03 00:00:00+00:00,57.8279739102,1.1414077362356112,58.03094848261137,-0.3243470208410755,33.636683122116985,71.68808917865321
2013-06-04 00:00:00+00:00,58.3264909266,0.862068965400975,58.17871970460568,0.26886097227994976,48.05790250053905,66.70921157499228
2013-06-05 00:00:00+00:00,57.2116255989,-1.9114219113626874,57.69517265175284,-0.8212804695413688,27.795739272715146,32.79127085244666
2013-06-06 00:00:00+00:00,57.2297534904,0.0316856780597119,57.46246307107642,-0.39479739574082845,28.5306874974024,56.196533371294905
2013-06-07 00:00:00+00:00,58.7796882143,2.708267342371129,58.12107564268821,1.1567349733151502,68.99948104556864,74.5262469109671
2013-06-10 00:00:00+00:00,57.8551657474,-1.5728604471826446,57.9881206950441,-0.20806273693374722,45.79705047024816,37.18949951936106
2013-06-11 00:00:00+00:00,57.8279739102,-0.04699984322700246,57.90804730262205,-0.12753129008037484,45.12756387144317,50.4586470072144
2013-06-12 00:00:00+00:00,57.0937943041,-1.269592476541015,57.500920803361026,-0.6985618833106949,28.34554474872079,40.24124746909932
2013-06-13 00:00:00+00:00,58.2811711979,2.0796951897708027,57.89104600063051,0.6905666532300538,62.32980110506404,67.38207343554193
2013-06-14 00:00:00+00:00,57.8279739102,-0.7776049766761162,57.859509955415255,-0.04351916172303116,49.01936653588243,42.614855242942426
2013-06-17 00:00:00+00:00,58.4533861672,1.081504702155378,58.15644806130763,0.5189927702161734,64.6469974030452,57.765744065232525
2013-06-18 00:00:00+00:00,59.1785018275,1.2405024034465306,58.667474944403814,0.879747586831352,76.94039514817459,59.149357018510656
2013-06-19 00:00:00+00:00,58.3083630351,-1.4703629959007314,58.487918989751904,-0.2953077045346897,47.32117360640645,32.184270792021636
2013-06-20 00:00:00+00:00,56.1783357829,-3.653039017606763,57.333127386325955,-1.9741733610707262,19.606568179669086,20.756212011221724
2013-06-21 00:00:00+00:00,56.8581317145,1.2100677638922086,57.09562955041298,-0.3820527985892588,37.210981215709154,63.761179923106944
2013-06-24 00:00:00+00:00,56.5952772876,-0.46229874069704247,56.84545341900649,-0.4221757696431506,33.01751319902138,49.81582325302261
2013-06-25 00:00:00+00:00,56.7131085824,0.208199871874859,56.77928100070324,-0.10698794888414581,37.73572832676515,55.64934713754961
2013-06-26 00:00:00+00:00,57.2932011107,1.022854403152973,57.03624105570162,0.45793322713441353,59.04121366089593,63.402560429526105
2013-06-27 00:00:00+00:00,57.7554623441,0.8068343615621032,57.39585169990082,0.6323837943482584,70.93080612904902,59.28057946796434
2013-06-28 00:00:00+00:00,57.2388174362,-0.8945386062739757,57.31733456805041,-0.13107740596285866,47.7118718131286,33.528575547576295
2013-07-01 00:00:00+00:00,57.945805205,1.2351543942850096,57.631569886525206,0.5520384941610754,68.72572356423038,63.38986867399821
2013-07-02 00:00:00+00:00,57.3385208394,-1.0480212734149785,57.4850453629626,-0.24799138962695155,45.2794022304018,36.80288486750999
2013-07-03 00:00:00+00:00,57.6557589408,0.5532722099486298,57.5704021518813,0.15264041016083912,56.82197593754386,56.150787249367035
2013-07-05 00:00:00+00:00,57.8461018017,0.33013677106470407,57.70825197679065,0.2413885906127716,63.7111550771482,52.77369436633361
2013-07-08 00:00:00+00:00,58.6527929738,1.3945471638959983,58.18052247529532,0.8179678772543849,81.98439457007008,66.98262770381116
2013-07-09 00:00:00+00:00,58.8612637261,0.35543192698961334,58.52089310069766,0.5866999021219992,84.9266551029266,46.49703188137493
2013-07-10 00:00:00+00:00,58.8340718888,-0.046196489131689056,58.67748249474883,0.27025170649515506,82.29698735195504,39.494227138384936
2013-07-11 00:00:00+00:00,60.3477508298,2.572793098293369,59.51261666227441,1.4215224023942619,95.06259988747287,75.5349499815899
2013-07-12 00:00:00+00:00,60.7103086599,0.6007810152238058,60.1114626610872,1.0111517088090338,96.0785566091347,45.15573050737526
2013-07-15 00:00:00+00:00,59.7585943557,-1.5676321290532758,59.9350285083936,-0.27824021012212097,53.07592552899702,27.147221173607555
2013-07-16 00:00:00+00:00,58.9428392379,-1.36508418010034,59.4389338731468,-0.8216621951112304,33.68922085171841,31.002664219660655
2013-07-17 00:00:00+00:00,59.2419494478,0.5074580962969089,59.3404416604734,-0.15710204940716077,44.78220023142642,60.20632362546408
2013-07-18 00:00:00+00:00,59.6588909525,0.7037943696761362,59.4996663064867,0.2733461601344877,59.09136328452369,62.689975158694715
2013-07-19 00:00:00+00:00,59.0606705327,-1.002734731150634,59.28016841959335,-0.36469428550807315,37.93463815493188,34.56409210585086
2013-07-22 00:00:00+00:00,58.3718106554,-1.1663597298960604,58.825989537496675,-0.7655270077020668,23.439266256716426,32.46899511331986
2013-07-23 00:00:00+00:00,58.4171303842,0.07763975160466341,58.62155996084834,-0.3439436280487017,26.22135983726367,60.070571118189115
2013-07-24 00:00:00+00:00,58.5893453535,0.29480217218369464,58.60545265717417,-0.024570727932503533,38.88088845823725,63.9308791348367
2013-07-25 00:00:00+00:00,58.5077698417,-0.1392326732920779,58.55661124943708,-0.08190170061229071,34.65573774749759,49.56492447366838
2013-07-26 00:00:00+00:00,58.8975195091,0.6661502710742839,58.72706537926854,0.2921242852309966,63.26487464019993,68.97163138978601
2013-07-29 00:00:00+00:00,58.5621535162,-0.5694059710752097,58.64460944773427,-0.13864084292210657,40.42237418410741,36.58073571571209
2013-07-30 00:00:00+00:00,58.1724038488,-0.665531651414053,58.408506648267135,-0.4020862471680798,24.807864263080123,34.680091368601246
2013-07-31 00:00:00+00:00,58.5984092992,0.7323153629807955,58.50345797373357,0.16511455790635785,53.96378706194025,69.38137657084405
2013-08-01 00:00:00+00:00,59.2419494478,1.0982211911489292,58.872703710766785,0.6316678745276435,75.49479763525581,74.66590590741528
2013-08-02 00:00:00+00:00,60.2843032095,1.7594859241059524,59.57850346013339,1.195576899316798,88.52917413627544,82.74082243714399
2013-08-05 00:00:00+00:00,59.8401698675,-0.7367313186926072,59.7093366638167,0.22942279031209534,66.06876527944583,29.49964161577878
2013-08-06 00:00:00+00:00,60.7737562802,1.5601332930156753,60.24154647200835,0.8947780416638853,81.148805943905,62.66110081228606
2013-08-07 00:00:00+00:00,59.7404664642,-1.7002237137292875,59.991006468104175,-0.4027228360327011,46.69523229695961,31.306623756695775
2013-08-08 00:00:00+00:00,59.5954433322,-0.24275527223561744,59.79322490015208,-0.32273905413415926,42.863896809710226,48.564571959916435
2013-08-09 00:00:00+00:00,58.6709208653,-1.5513307984747815,59.232072882726044,-0.9370349263044704,24.018750801192958,36.28692040112941
2013-08-12 00:00:00+00:00,57.945805205,-1.2359029815890543,58.58893904386302,-1.0864689539467625,15.830594120007389,41.62308632074058
2013-08-13 00:00:00+00:00,57.9911249337,0.07821054266079486,58.29003198878151,-0.5041292056429838,18.43733819080271,61.679583958919864
2013-08-14 00:00:00+00:00,57.9729970422,-0.03125976866412694,58.13151451549075,-0.26769448715355537,18.100983448795535,59.14063103957464
2013-08-15 00:00:00+00:00,56.5408936131,-2.4702939336697205,57.33620406429537,-1.368994210411638,5.724878734491372,24.893905997621605
2013-08-16 00:00:00+00:00,56.3505507523,-0.33664636095510625,56.843377408297684,-0.8528202856833721,5.038120575304944,57.32250023526801
2013-08-19 00:00:00+00:00,56.0423765966,-0.5468875664669914,56.44287700244884,-0.6998539260751817,3.901490848536009,53.883775777101995
2013-08-20 00:00:00+00:00,56.0876963254,0.08086689314805717,56.26528666392442,-0.30949351646356227,8.45721001060251,63.65023405728257
2013-08-21 00:00:00+00:00,55.4169643396,-1.1958629605834825,55.84112550176221,-0.7526782385235224,4.120583661383052,38.66785112632498
2013-08-22 00:00:00+00:00,55.8701616273,0.8177952240811415,55.85564356453111,0.03255849277880951,36.909069690058736,68.1980229135498
2013-08-23 00:00:00+00:00,55.9517371391,0.1460090850357254,55.903690351815555,0.08928378890726746,42.24206727750164,54.95661134529096
2013-08-26 00:00:00+00:00,55.6073072004,-0.6155839949056774,55.75549877610778,-0.26315010299920494,27.5130109485737,41.31528821963262
2013-08-27 00:00:00+00:00,55.0090867807,-1.0757946209193459,55.382292778403894,-0.6694723619592754,14.416727807415768,33.72706622858169
2013-08-28 00:00:00+00:00,55.1178541297,0.1977261491971527,55.25007345405194,-0.23587310638106135,24.250462555137855,62.39571506078624
2013-08-29 00:00:00+00:00,55.3625806651,0.44400592015814144,55.30632705957597,0.10406640688854005,45.41738498677017,66.58831457850184
2013-08-30 00:00:00+00:00,55.1359820212,-0.40929927972602753,55.221154540387985,-0.15261643641874373,32.71906806590595,42.159285822236086
2013-09-03 00:00:00+00:00,55.2266214788,0.16439256956581882,55.22388800959399,0.005888066573537548,42.384373372039406,57.77976549304567
2013-09-04 00:00:00+00:00,55.3897725023,0.29542097476056295,55.30683025594699,0.15065452066705026,58.48632515105723,61.355207463697255
2013-09-05 00:00:00+00:00,55.5619874717,0.3109147440402582,55.43440886382349,0.23078463235365423,71.22096800087535,61.927091581118624
2013-09-06 00:00:00+00:00,55.6435629835,0.14681892335393076,55.53898592366174,0.18880177785379249,76.37110877738492,50.13941937488532
2013-09-09 00:00:00+00:00,55.8248418985,0.3257859584832046,55.68191391108087,0.25729386816849853,85.19970984463738,61.97902836908365
2013-09-10 00:00:00+00:00,56.948771172,2.013313849672005,56.31534254154043,1.1353038589202518,96.69253474136241,91.2766520946032
2013-09-11 00:00:00+00:00,57.9548691507,1.7666719720102808,57.13510584612021,1.4509879154652663,98.38081698412222,78.08539681363725
2013-09-12 00:00:00+00:00,59.3597807426,2.4241476384785132,58.24744329436011,1.9375677769718898,99.21747498592265,86.11127924780384
2013-09-13 00:00:00+00:00,60.447454233,1.8323408152675746,59.347448763680056,1.8849542961197323,99.51093942825393,57.61947189659313
2013-09-16 00:00:00+00:00,60.6740528769,0.3748687960067887,60.01075082029003,1.1299115460632605,99.56224223635549,25.928062955361625
2013-09-17 00:00:00+00:00,60.7103086599,0.059755004455630534,60.36052974009502,0.5948332752594455,99.57299264765727,22.003260833926397
2013-09-18 00:00:00+00:00,60.8281399547,0.19408778739717913,60.594334847397505,0.3944605313283123,99.61864801625163,28.886684201146412
2013-09-19 00:00:00+00:00,59.5682514949,-2.071226344810595,60.08129317114875,-0.8383829067411414,36.694348544614954,8.936695170083674
2013-09-20 00:00:00+00:00,58.9247113464,-1.0803408398769143,59.50300225877437,-0.9593618733090279,24.727259175854762,37.33337539200322
2013-09-23 00:00:00+00:00,58.6890487568,-0.39993847100008306,59.09602550778719,-0.6796501721545555,20.970565727323702,52.56793213359096
2013-09-24 00:00:00+00:00,58.2992990894,-0.6640926640591349,58.6976622985936,-0.6718714181068453,15.230370996486444,46.048734198399636
2013-09-25 00:00:00+00:00,58.4171303842,0.20211442785840195,58.557396341396796,-0.23487849512422165,24.591015023916903,66.4898655626206
2013-09-26 00:00:00+00:00,59.1331820987,1.2257564002042587,58.8452892200484,0.4954389525400185,62.418807689303186,79.95344708326978
2013-09-27 00:00:00+00:00,59.08786237,-0.07664009798145077,58.9665757950242,0.20939942727928387,59.58133115730503,45.25376276019178
2013-09-30 00:00:00+00:00,58.4533861672,-1.0737843227886623,58.709980981112096,-0.43219244775468924,30.482118026476645,30.201012601364152
2013-10-01 00:00:00+00:00,58.7615603228,0.5272135214177354,58.735770651956045,0.047510536831523065,48.72671649532719,61.246406125018666
2013-10-02 00:00:00+00:00,58.8068800516,0.07712478795838251,58.77132535177802,0.06231766239495279,51.532601292317985,51.57319366262463
2013-10-03 00:00:00+00:00,58.0273807167,-1.3255240444927985,58.39935303423901,-0.6316031910489228,21.366136735213843,29.66877291087678
2013-10-04 00:00:00+00:00,59.1875657733,1.9993751954171968,58.7934594037695,0.683886002184137,65.9137460379913,71.98159333262998
2013-10-07 00:00:00+00:00,58.5440256247,-1.0872894335017702,58.66874251423475,-0.20170171565881662,44.797781155038706,39.16785197769414
2013-10-08 00:00:00+00:00,58.0092528252,-0.9134540950910819,58.33899766971737,-0.5575779053749492,32.01399007306846,41.42363134942215
2013-10-09 00:00:00+00:00,57.6376310493,-0.6406249999802882,57.988314359508685,-0.5991014526776187,24.67438617801511,46.12669605615499
2013-10-10 00:00:00+00:00,59.4413562544,3.129422865345033,58.71483530695434,1.2651607063337071,71.77909128373686,79.77881898530204
2013-10-11 00:00:00+00:00,60.0123848369,0.9606587374219488,59.36361007192717,1.1129097218778279,78.2407528414284,51.837804455009355
2013-10-14 00:00:00+00:00,60.5743494736,0.9364144388317452,59.96897977276359,1.0246620803547866,83.73747314776824,51.53515027462531
2013-10-15 00:00:00+00:00,60.2208555892,-0.5835702528742215,60.094917680981794,0.22054591374028254,67.619935224209,33.26862943993598
2013-10-16 00:00:00+00:00,60.1392800774,-0.13546056594823108,60.1170988791909,0.04254267389602573,63.39606731163457,42.31098879157488
2013-10-17 00:00:00+00:00,60.2027276977,0.10550113040650455,60.15991328844545,0.07402190215126514,65.88240854479696,47.99496261546379
2013-10-18 00:00:00+00:00,60.8643957377,1.0990665461579674,60.51215451307273,0.5865442241546163,83.45853235203016,67.68658631122875
2013-10-21 00:00:00+00:00,61.2813372424,0.6850335071046265,60.896745877736365,0.6357888656296213,88.87545997000443,54.73239373744909
2013-10-22 00:00:00+00:00,62.5412257022,2.055908889221003,61.71898578996819,1.3458488774253121,95.52209662511143,76.7920503846469
2013-10-23 00:00:00+00:00,61.7435984759,-1.2753623187655938,61.731292132934094,0.035243279329859156,60.943549023788435,27.659927518530317
2013-10-24 00:00:00+00:00,62.586545431,1.3652378155915468,62.158918781967046,0.700240547460703,75.18405155091016,58.914834683576004
2013-10-25 00:00:00+00:00,62.7768882918,0.3041274438287278,62.467903536883526,0.5021839956447154,77.91189029919084,46.74191064124838
2013-10-28 00:00:00+00:00,62.5412257022,-0.3753970545729901,62.50456461954177,0.06339347053586264,64.70322195866288,39.00115235939503
2013-10-29 00:00:00+00:00,62.4687141362,-0.11594202893508987,62.48663937787089,-0.026274279199613615,60.007837396461845,44.28552366852374
2013-10-30 00:00:00+00:00,62.0608365773,-0.6529309343725309,62.27373797758544,-0.33960260678607224,37.218948671679755,34.899436304021535
2013-10-31 00:00:00+00:00,62.1696039263,0.17525923754593276,62.22167095194272,-0.08217168462006974,45.49811630247552,56.317702060789635
2013-11-01 00:00:00+00:00,62.550289648,0.6123341595537513,62.385980299971365,0.26508123746684076,67.79489474490947,65.34375925442002
2013-11-04 00:00:00+00:00,62.3690107329,-0.28981307060309547,62.37749551643569,-0.012365916568127355,52.46409650237602,39.85000572040331
2013-11-05 00:00:00+00:00,62.4052665159,0.058131085572710184,62.39138101616784,0.022882584502291414,55.484078797754975,50.926453364464415
2013-11-06 00:00:00+00:00,62.5412257022,0.21786492373261357,62.466303359183925,0.12037375411745249,67.20402697987927,56.44902581694276
2013-11-07 00:00:00+00:00,60.8643957377,-2.6811594203229983,61.66534954844197,-1.280392833102773,11.447565759569825,13.891187908816155
2013-11-08 00:00:00+00:00,62.1605399805,2.129560685011711,61.91294476447098,0.42458392595446903,54.86524276126544,70.06580742555094
2013-11-11 00:00:00+00:00,61.9430052824,-0.3499562554769242,61.92797502343549,0.03731383523877241,48.837113826898864,46.575154260618504
2013-11-12 00:00:00+00:00,61.4263603745,-0.8340649691512381,61.67716769896775,-0.39837556695623283,35.09882418357949,42.410932388570195
2013-11-13 00:00:00+00:00,62.5140338649,1.7706949976667108,62.095600781933875,0.686159715355239,65.63060794395923,66.54907207638853
2013-11-14 00:00:00+00:00,63.4657481691,1.5224010439907953,62.78067447551694,1.1042803796730172,78.75082459447644,62.78621480784832
2013-11-15 00:00:00+00:00,63.4476202776,-0.028563267625392186,63.11414737655847,0.5378585560238125,77.90116480958115,41.042410842401594
2013-11-18 00:00:00+00:00,62.9944229899,-0.7142857142902193,63.05428518322924,-0.08821357913320338,55.461629962941544,33.37669993071443
2013-11-19 00:00:00+00:00,62.6499930513,-0.5467625898489814,62.85213911726462,-0.3174880844910924,41.751374967279865,37.64457294536333
2013-11-20 00:00:00+00:00,62.7496964546,0.15914351852897024,62.80091778593231,-0.07917228298106108,47.39760736500415,55.61578373928972
2013-11-21 00:00:00+00:00,63.3932366031,1.0255669506953113,63.09707719451616,0.47319733385712515,72.8642539147539,71.00231946490807
2013-11-22 00:00:00+00:00,63.6288991927,0.37174721189179305,63.362988193608075,0.4224722728744591,78.56462995266536,50.99268113172973
2013-11-25 00:00:00+00:00,63.211957688,-0.6552706552997112,63.28747294080404,-0.11639919121262604,50.44308730095825,30.64436264983547
2013-11-26 00:00:00+00:00,64.5171658766,2.0648121595002955,63.90231940870202,0.9742064841438347,81.51391804468565,73.17325405246989
2013-11-27 00:00:00+00:00,64.1455441007,-0.5760044956264809,64.02393175470101,0.1991009942586769,64.29710807794743,38.654725628295935
2013-11-29 00:00:00+00:00,63.9370733483,-0.3249964675219319,63.98050255150051,-0.0629477366316275,54.594185860797886,42.520641820034626
2013-12-02 00:00:00+00:00,64.2724393412,0.5245250921528388,64.12647094635025,0.23078867776060566,66.71485732929774,56.452586444386746
2013-12-03 00:00:00+00:00,63.3569808201,-1.4243407135057562,63.74172588322513,-0.5967760178725753,31.87500203113529,30.78007704262566
2013-12-04 00:00:00+00:00,63.4204284403,0.10014306139392026,63.581077161762565,-0.2483164782393275,35.38307020685231,54.86445007806555
2013-12-05 00:00:00+00:00,63.6560910299,0.37158782334911766,63.61858409583128,0.06163567255489508,49.788630560346,58.702235550767384
2013-12-06 00:00:00+00:00,64.7709563577,1.7513882957034488,64.19477022676564,0.9065119841291719,80.55331429921681,74.94551053875908
2013-12-09 00:00:00+00:00,64.4537182563,-0.48978449484062825,64.32424424153282,0.20836374464427182,63.85418136224011,38.270877160504526
2013-12-10 00:00:00+00:00,64.870659761,0.6468851076085969,64.59745200126642,0.42762442612643436,74.3407861494516,55.01712548568154
2013-12-11 00:00:00+00:00,63.9189454568,-1.4670951516546182,64.25819872903321,-0.5197353627640919,37.2945139408233,31.31653813126116
2013-12-12 00:00:00+00:00,63.8917536195,-0.04254112314537872,64.07497617426661,-0.28113824295473533,36.51466954761942,52.15170345788273
2013-12-13 00:00:00+00:00,63.882577725,-0.014361625687486779,63.9787769496333,-0.14774993432111105,36.13223340651308,52.57854358410958
2013-12-16 00:00:00+00:00,64.6992323383,1.2783682850362243,64.33900464396666,0.5653091753575566,73.36858284899921,70.61600494224366
2013-12-17 00:00:00+00:00,64.8368707562,0.21273578205736055,64.58793770008333,0.3890224787074586,76.78963606035106,48.027714400096635
2013-12-18 00:00:00+00:00,66.249958514,2.179450891628476,65.41894810704167,1.2842366851679674,92.20677144440249,72.43631122046618
2013-12-19 00:00:00+00:00,66.9565023929,1.0664819944765647,66.18772524997084,1.1753593398222661,94.79818968262089,51.78975284516531
2013-12-20 00:00:00+00:00,66.4334764046,-0.7811429354999677,66.31060082728541,0.19710820216114922,69.2347359894801,30.29060243325548
2013-12-23 00:00:00+00:00,67.2409551234,1.2154696133651166,66.7757779753427,0.7062889077631329,81.06146993815283,58.330135985876474
2013-12-24 00:00:00+00:00,67.7639811116,0.7778384278452899,67.26987954347135,0.7420636678042114,86.21145581842929,51.517156738171195
2013-12-26 00:00:00+00:00,68.4705249905,1.0426540284526498,67.87020226698567,0.8923588481284306,91.11001185969592,56.16442118180878
2013-12-27 00:00:00+00:00,68.2227758382,-0.36183328860758257,68.04648905259283,0.265262779760424,76.76565937968637,31.865228130576853
2013-12-30 00:00:00+00:00,69.94784401,2.528581035593236,68.99716653129641,1.39692190767683,91.2136655709825,70.82724948292592
2013-12-31 00:00:00+00:00,70.1038342171,0.22300931402217117,69.55050037419821,0.8099656108495006,91.89710511498234,42.053965858622284
2014-01-02 00:00:00+00:00,69.9845475882,-0.17015706805791897,69.7675239811991,0.3199042713957908,84.3693932143536,38.09529503858923
2014-01-03 00:00:00+00:00,69.8377332757,-0.20978104104334427,69.80262862844955,0.055061615176223266,73.28650264478439,37.560792125540935
2014-01-06 00:00:00+00:00,69.5716323343,-0.3810274602549124,69.68713048137478,-0.16298292253934457,54.00073059326464,34.42923163674534
2014-01-07 00:00:00+00:00,70.0487788499,0.685834872045632,69.8679546656374,0.2614259747531437,73.06516580245692,63.144263342576906
2014-01-08 00:00:00+00:00,69.0210786624,-1.4671207755129423,69.44451666401869,-0.6028474003798993,31.23784639232979,27.151655931811007
2014-01-09 00:00:00+00:00,68.7274500374,-0.42541877161353936,69.08598335070934,-0.5141330859967193,25.083738135625875,48.46950552493204
2014-01-10 00:00:00+00:00,69.1770688694,0.6542056074469782,69.13152611005466,0.07003626072512947,48.42264364030078,64.58213780183641
2014-01-13 00:00:00+00:00,67.2317792288,-2.8120440377034983,68.18165266942734,-1.3710038884891844,16.024505247035897,25.772587054042443
2014-01-14 00:00:00+00:00,68.3145347835,1.6104817797774063,68.24809372646367,0.11973894564411092,46.121559104299635,65.4769041362017
2014-01-15 00:00:00+00:00,68.1585445765,-0.2283411685292891,68.20331915148184,-0.05430111144258909,42.80615970329489,49.097627723358904
2014-01-16 00:00:00+00:00,68.0943133148,-0.09423801828384315,68.14881623314092,-0.07426956486321612,40.986408092927356,50.45347295223449
2014-01-17 00:00:00+00:00,67.8832677405,-0.30993127623497596,68.01604198682045,-0.19210042054909604,33.886487997223405,47.40695985768653
2014-01-21 00:00:00+00:00,68.0851374202,0.29737766966624335,68.05058970351023,0.052638624558573655,47.04742448059174,58.093904280890484
2014-01-22 00:00:00+00:00,69.1036617132,1.4959568733980522,68.57712570835511,0.7742977489783129,78.87445276340112,73.83408059774638
2014-01-23 00:00:00+00:00,68.6265151976,-0.6904793519919239,68.60182045297756,0.04190919849319452,55.45330929625361,36.411560960262285
2014-01-24 00:00:00+00:00,66.7271050296,-2.7677496992684625,67.66446274128879,-1.362920250387634,19.996961268422453,21.141119321325284
2014-01-27 00:00:00+00:00,66.2958379867,-0.6463146313760992,66.9801503639944,-1.0046174408818667,16.421053421137934,51.987084308396796
2014-01-28 00:00:00+00:00,66.8739193421,0.8719723182561978,66.92703485304719,-0.06632256131283443,38.52443766554781,66.18610350582551
2014-01-29 00:00:00+00:00,65.4516556898,-2.1267837541033896,66.1893452714236,-1.096553157708112,19.496295511595253,35.27760532195975
2014-01-30 00:00:00+00:00,67.1858997562,2.6496565260613503,66.6876225138118,0.7765516841766191,57.705377212454586,69.40919313757064
2014-01-31 00:00:00+00:00,66.6261701898,-0.8331057088334148,66.6568963518059,-0.028277012328397855,46.92337803798297,44.01948881647019
2014-02-03 00:00:00+00:00,64.2220858227,-3.608318413397349,65.43949108725295,-1.8182977128628734,21.292261731737923,30.62812593054186
2014-02-04 00:00:00+00:00,65.194730643,1.5145020717408864,65.31711086512647,-0.15189782056099355,40.88759701957774,62.345641380585086
2014-02-05 00:00:00+00:00,65.8462191547,0.9992962702269237,65.58166500991322,0.42369922483296507,52.71528337210254,58.322938154128884
2014-02-06 00:00:00+00:00,69.3330590764,5.295429208331592,67.45736204315662,2.8595642165822786,81.8578151756753,76.93640157699548
2014-02-07 00:00:00+00:00,69.4339939163,0.1455796718687452,68.44567797972832,1.5025719442255119,82.3306690390948,42.67033579741522
2014-02-10 00:00:00+00:00,70.7094432561,1.83692348352813,69.57756061791416,1.6697477138768209,88.17335270769208,52.98582465903925
2014-02-11 00:00:00+00:00,71.3792835569,0.947313781518444,70.47842208740708,1.3085307476976324,90.61742314317551,46.39897602203448
2014-02-12 00:00:00+00:00,71.4893942912,0.15426147309565152,70.98390818930355,0.731396110396642,91.07234730568143,39.78541375729137
2014-02-13 00:00:00+00:00,71.4802183967,-0.012835322764981338,71.23206329300177,0.3592803938158303,90.52370510895526,38.07038326070531
2014-02-14 00:00:00+00:00,72.7006123693,1.7073170731335408,71.9663378311509,1.0332987334746855,95.69618695702933,62.819279367991214
2014-02-18 00:00:00+00:00,73.0217686779,0.4417518616880445,72.49405325452545,0.737525297581365,96.45910967300243,43.59337443286037
2014-02-19 00:00:00+00:00,72.3702801662,-0.8921839658167174,72.43216671036274,-0.07732933411767623,62.66031130023932,29.378012539095078
2014-02-20 00:00:00+00:00,72.6639087912,0.4057309496739103,72.54803775078136,0.16420080777811705,69.81155586570719,52.15074550296307
2014-02-21 00:00:00+00:00,73.5264428771,1.1870185629271557,73.03724031394069,0.6756096853526363,83.62775021996153,62.940869169028005
2014-02-24 00:00:00+00:00,74.076996549,0.7487832273081141,73.55711843147034,0.7121964563303752,88.61607230925938,52.90343265698935
2014-02-25 00:00:00+00:00,73.5998500334,-0.6441223832345577,73.57848423243517,0.03403703654790874,63.47465208232326,30.053327779595353
2014-02-26 00:00:00+00:00,73.4805634045,-0.1620745542903479,73.5295238184676,-0.06401875887121958,57.37085737885895,42.86404726476412
2014-02-27 00:00:00+00:00,73.8475991857,0.4995004994443608,73.6885615020838,0.21774087028657063,70.47476556787493,58.508119987950835
2014-02-28 00:00:00+00:00,74.1504037052,0.4100397613990836,73.91948260364191,0.3138903158428271,78.61108791996963,55.429702514878436
2014-03-03 00:00:00+00:00,72.9116579435,-1.6705853236145374,73.41557027357095,-0.6783475038858551,29.212497024079926,19.548195986615916
2014-03-04 00:00:00+00:00,74.976234213,2.831613390412624,74.19590224328547,1.0766329432633843,72.46672772650403,74.05715186267139
2014-03-05 00:00:00+00:00,75.8662959825,1.1871251988615938,75.03109911289275,1.131879071062489,80.26488688210794,54.00828534086464
2014-03-06 00:00:00+00:00,76.4719050216,0.7982583454972936,75.75150206724638,0.9650687082798913,84.69038369179059,49.27650931218225
2014-03-07 00:00:00+00:00,75.4350289396,-1.3558915286694062,75.5932655034232,-0.19541141019475744,53.74091330239036,28.51653551171006
2014-03-10 00:00:00+00:00,75.2148074708,-0.29193528775117716,75.4040364871116,-0.2436733489729673,48.13664410247285,45.52076554587018
2014-03-11 00:00:00+00:00,74.370625174,-1.1223618396254298,74.8873308305558,-0.6830175942991985,30.092402012585264,35.6049135854722
2014-03-12 00:00:00+00:00,74.6734296935,0.40715607646373275,74.7803802620279,-0.13793075891773288,41.825503792689474,59.79874635098385
2014-03-13 00:00:00+00:00,73.3429249865,-1.7817645613186772,74.06165262426396,-0.9598476601182051,19.858274360545206,33.10150490404016
2014-03-14 00:00:00+00:00,73.4713875099,0.1751532590548388,73.76652006708198,-0.39234720053168315,25.523347796977305,58.15440074196646
2014-03-17 00:00:00+00:00,74.682605588,1.6485575121836238,74.22456282754099,0.6281051558259703,62.756701113725086,70.59222349860495
2014-03-18 00:00:00+00:00,75.2331592599,0.7371913011943176,74.7288610437205,0.682648228510144,72.22439342291936,55.3327626539112
2014-03-19 00:00:00+00:00,73.8843027638,-1.792901573414274,74.30658190376025,-0.5551266724520649,37.34014641748212,29.120136496989442
2014-03-20 00:00:00+00:00,74.1504037052,0.3601589667167948,74.22849280448013,-0.09748385286763506,45.17602807599044,55.82980634597312
2014-03-21 00:00:00+00:00,73.7283125568,-0.5692364805970684,73.97840268064007,-0.33336016673235175,34.816596984803475,44.87944028454734
2014-03-24 00:00:00+00:00,72.9391856271,-1.0703173615862482,73.45879415387003,-0.7018387641593,21.18993726727842,38.73521614300592
2014-03-25 00:00:00+00:00,72.9942409943,0.07548119262184017,73.22651757408502,-0.31317878576872993,24.290890982662543,58.31141811618379
2014-03-26 00:00:00+00:00,72.1408828029,-1.1690760528171529,72.68370018849251,-0.7411274192929413,12.685717963748441,38.34729823226672
2014-03-27 00:00:00+00:00,72.0124202795,-0.17807173742380167,72.34806023399625,-0.4595995783583715,11.450434859763023,56.24145874542446
2014-03-28 00:00:00+00:00,72.4803909006,0.6498470948256951,72.41422556729813,0.09512375823366181,42.20340666290875,67.91228260100678
2014-03-31 00:00:00+00:00,73.4713875099,1.3672616786229108,72.94280653859906,0.7311927184282863,72.51939679559815,76.17249121234313
2014-04-01 00:00:00+00:00,74.8477716896,1.8733608093552512,73.89528911409953,1.3022767638917687,86.86878193678453,81.27358662644849
2014-04-02 00:00:00+00:00,74.9395306349,0.1225940909510781,74.41740987449975,0.7124354274214234,87.5204207930446,38.50215455925981
2014-04-03 00:00:00+00:00,74.957882424,0.024488796426314074,74.68764614924987,0.36846211192386874,87.7034857560242,36.871181300137806
2014-04-04 00:00:00+00:00,73.8017197131,-1.5424164524287964,74.24468293117494,-0.5869771702524639,36.75390639453209,18.299683430184196
2014-04-07 00:00:00+00:00,72.608853424,-1.6163123213621566,73.42676817758746,-1.1016447458073102,19.353754441721797,17.670080006822012
2014-04-08 00:00:00+00:00,73.0125927834,0.5560470112953686,73.21968048049374,-0.2727988672559708,34.98123117024148,67.29230374891716
2014-04-09 00:00:00+00:00,73.8384232912,1.1310795526052964,73.52905188584687,0.4291403426746628,59.22428704021892,73.60825363366214
2014-04-10 00:00:00+00:00,71.12235851,-3.678389461931675,72.32570519792344,-1.624624559628506,20.857627492896206,21.506426925537777
2014-04-11 00:00:00+00:00,70.6635637834,-0.6450780545129042,71.49463449066172,-1.1348513070707051,17.91671510085601,52.987559967121285
2014-04-14 00:00:00+00:00,71.2232933498,0.7921049214496323,71.35896392023086,-0.17137319281053642,34.7524623380303,63.4155220403537
2014-04-15 00:00:00+00:00,71.259996928,0.05153311012977557,71.30948042411543,-0.059920041340380426,36.04275676335622,54.13429296948901
2014-04-16 00:00:00+00:00,72.4436873225,1.661086788561006,71.87658387330771,0.8005833736103127,67.31261269083735,68.94950784199804
2014-04-17 00:00:00+00:00,73.3979803537,1.317289423648127,72.63728211350386,1.05893639862922,79.45804197683047,62.482996432790486
2014-04-21 00:00:00+00:00,72.590501635,-1.1001375171480587,72.61389187425192,-0.020600559259419393,53.99434211545108,31.411231800024556
2014-04-22 00:00:00+00:00,72.902482049,0.4297813170774045,72.75818696162597,0.20459037890899257,61.2004091461084,53.40672141067813
2014-04-23 00:00:00+00:00,72.9667133107,0.08810572684867513,72.86245013616298,0.14634805287883385,62.990639886985626,48.22590893036178
2014-04-24 00:00:00+00:00,73.0309445725,0.08802816912760747,72.94669735433149,0.11718811100322066,65.38627909188148,48.2243160968734
2014-04-25 00:00:00+00:00,71.7830229162,-1.7087573816892854,72.36486013526574,-0.7957846353430323,22.652949951952753,22.45327073708339
2014-04-28 00:00:00+00:00,71.3701076623,-0.5752268950585115,71.86748389878287,-0.6855057652007719,17.104657441843557,48.497937188371665
2014-04-29 00:00:00+00:00,72.159234592,1.1056826948249832,72.01335924539143,0.21008846481210564,51.29878727006235,70.52078966332304
2014-04-30 00:00:00+00:00,72.8015472092,0.8901322482586238,72.40745322729572,0.5501103565353647,67.61092347627846,65.16117366767827
2014-05-01 00:00:00+00:00,73.0034168889,0.2772876229126364,72.70543505809786,0.41369898972400054,72.02778532663523,49.21083369368405
2014-05-02 00:00:00+00:00,73.6916089787,0.9426847661765159,73.19852201839893,0.6781918779502583,83.51997769156499,63.68727219640983
2014-05-05 00:00:00+00:00,74.526615381,1.1331092018106892,73.86256869969947,0.9056505398804737,90.57063744104785,67.64596743071245
2014-05-06 00:00:00+00:00,74.3522733849,-0.23393252894783334,74.10742104229973,0.3358590054663202,79.86892518670368,31.116850193694994
2014-05-07 00:00:00+00:00,73.6732571896,-0.91324200913796,73.89033911594987,-0.28869150183581993,47.251448997726186,22.18657720872457
2014-05-08 00:00:00+00:00,74.8752993732,1.63158550260174,74.38281924457493,0.67144700038296,74.69407192509716,70.21713005801207
2014-05-09 00:00:00+00:00,75.1964556818,0.4289215686461123,74.78963746318746,0.5501842845145362,79.06002655684438,48.84456978947235
2014-05-12 00:00:00+00:00,75.6277227247,0.5735204392145032,75.20868009394374,0.5618523618645197,84.46034522662093,51.50657096447516
2014-05-13 00:00:00+00:00,75.3157423107,-0.4125212326380301,75.26221120232188,0.0746655646132448,65.99270152847576,33.61438780662516
2014-05-14 00:00:00+00:00,74.2513385451,-1.4132553606243659,74.75677487371094,-0.6692948980055605,31.143365473922238,21.98701371790867
2014-05-15 00:00:00+00:00,73.5447946662,-0.9515570934399253,74.15078476995546,-0.8104259957227429,20.411138876266772,37.0548111454378
2014-05-16 00:00:00+00:00,73.7650161349,0.29943855265286423,73.95790045242774,-0.2554937215349393,31.454800942060494,64.73666122597939
2014-05-19 00:00:00+00:00,74.370625174,0.820997636593046,74.16426281321387,0.28275195752905335,56.406733361583086,72.34301307028139
2014-05-20 00:00:00+00:00,74.4073287521,0.049352251664047664,74.28579578265693,0.1660521045965505,57.803148366780725,48.92356756517636
2014-05-21 00:00:00+00:00,75.4166771505,1.3565174497297328,74.85123646657847,0.7612847771631417,81.82230748055802,71.97592294807026
2014-05-22 00:00:00+00:00,75.563491463,0.19467088454059311,75.20736396478924,0.4779778308518674,83.83044880180158,44.93626149134523
2014-05-23 00:00:00+00:00,76.4535532325,1.1778992106734831,75.83045859864461,0.8279385207626753,91.93382657256284,62.71622175256379
2014-05-27 00:00:00+00:00,76.8389408028,0.5040806529004627,76.3346997007223,0.666009586831569,93.91456994062395,47.08676748702392
2014-05-28 00:00:00+00:00,76.7104782794,-0.16718414134532233,76.52258899006114,0.24941272274312332,83.64461273057974,34.30987534198965
2014-05-29 00:00:00+00:00,77.1050417442,0.5143540669410251,76.81381536713056,0.38188339484207423,89.1240381034828,53.518431549813705
2014-05-30 00:00:00+00:00,77.0866899552,-0.0238010233635233,76.95025266116528,0.17904118573927547,87.08846081290996,39.751040669217446
2014-06-02 00:00:00+00:00,77.325263213,0.3094869658285315,77.13775793708264,0.2442640757839035,91.0670066438657,51.37191711382407
2014-06-03 00:00:00+00:00,76.9674033263,-0.4627981487941857,77.05258063169131,-0.1092670365051411,53.78039834744896,30.754130321044315
2014-06-04 00:00:00+00:00,77.2977355294,0.42918454933391637,77.17515808054566,0.15995875641438764,70.50287652099973,59.1547515016296
2014-06-05 00:00:00+00:00,77.7932338341,0.6410256410571469,77.48419595732283,0.40049219873576725,83.73972914144136,64.36183282312133
2014-06-06 00:00:00+00:00,77.637243627,-0.20051899042100585,77.56071979216142,0.0999866041573807,69.09731573278087,36.576588462538496
2014-06-09 00:00:00+00:00,78.4355464512,1.0282472520989572,77.99813312168071,0.5641169281281689,86.80657254757519,67.40022216058948
2014-06-10 00:00:00+00:00,77.7657061505,-0.8540009358088074,77.88191963609034,-0.14494200384031924,50.43164523243927,31.8422549001131
2014-06-11 00:00:00+00:00,77.3619667911,-0.5191740413423851,77.62194321359517,-0.3320580225913522,36.57507317834671,40.252863102822474
2014-06-12 00:00:00+00:00,75.9764067169,-1.7910093702005025,76.79917496524759,-1.0615336963959274,15.148804249036198,23.635125210600325
2014-06-13 00:00:00+00:00,75.9764067169,0.0,76.3877908410738,-0.5307668481979637,15.1488042490362,59.207536039226625
2014-06-16 00:00:00+00:00,76.4352014435,0.6038647343635795,76.4114961422869,0.03654894308280787,40.930034613118096,66.98537711316912
2014-06-17 00:00:00+00:00,76.30673892,-0.16806722697652043,76.35911753114345,-0.06575914194685628,36.297944540012544,49.05186758015581
2014-06-18 00:00:00+00:00,76.6921264903,0.5050505050465226,76.52562201072172,0.21964568154983316,57.79278067426015,62.265611031666474
2014-06-19 00:00:00+00:00,76.8664684864,0.22732711176296494,76.69604524856086,0.22348639665639905,65.65639408253918,53.653521706370654
2014-06-20 00:00:00+00:00,75.994758506,-1.1340575384365836,76.34540187728044,-0.4552855708900923,27.38738401796031,26.60068727304683
2014-06-23 00:00:00+00:00,75.9397031388,-0.07244626903532003,76.14255250804021,-0.26386591996270614,25.954216275589093,53.83053894797552
2014-06-24 00:00:00+00:00,75.8662959825,-0.09666505565055772,76.00442424527012,-0.18026548780663193,23.49522966690676,53.1557289933376
2014-06-25 00:00:00+00:00,76.9857551153,1.4755684567204996,76.49508968028505,0.6476514844569339,75.84506119466744,78.90562133776709
2014-06-26 00:00:00+00:00,77.4904293145,0.6555423122682535,76.99275949739253,0.6515968983625937,83.48631814614401,55.17675471721184
2014-06-27 00:00:00+00:00,78.2703803497,1.0065127295069143,77.63156992354627,0.829054813934754,90.47292162333062,62.43016734228519
2014-06-30 00:00:00+00:00,78.674119709,0.5158264946409474,78.15284481627313,0.6724406542878507,92.82874349237552,46.61185638776175
2014-07-01 00:00:00+00:00,79.3439600098,0.8514112433384735,78.74840241303656,0.7619259488131621,95.56064107236566,57.62607923259725
2014-07-02 00:00:00+00:00,79.3164323262,-0.03469411357411856,79.03241736961829,0.3636159176195218,93.36805267677501,31.712942552329775
2014-07-03 00:00:00+00:00,79.6834681074,0.46274872738918393,79.35794273850914,0.41318232250435283,95.4541124247421,50.468546965976735
2014-07-07 00:00:00+00:00,79.4540707442,-0.2878857668328627,79.40600674135456,0.06264827783574506,73.71612051421982,31.121085404721104
2014-07-08 00:00:00+00:00,78.7842304434,-0.8430534704213177,79.09511859237728,-0.3902025962927863,36.90478519624953,21.834840249058704
2014-07-09 00:00:00+00:00,80.0321520996,1.5839739109929196,79.56363534598864,0.5968856573500667,73.66082012967505,73.56349524142317
2014-07-10 00:00:00+00:00,79.7018198965,-0.4127493693895645,79.63272762124433,0.0920681439802511,59.8233211082436,40.493348486801594
2014-07-11 00:00:00+00:00,79.7293475801,0.03453833756337232,79.68103760067217,0.06330324077181171,60.74509623185453,48.30249686131866
2014-07-14 00:00:00+00:00,79.6100609512,-0.14961445505390358,79.64554927593608,-0.04315560714104594,52.86182516696438,44.6813429407519
2014-07-15 00:00:00+00:00,79.0503313848,-0.7030889811064256,79.34794033036803,-0.37312229412373576,27.62680550159883,33.39468540283548
2014-07-16 00:00:00+00:00,78.3162598223,-0.9286128845263142,78.83210007633402,-0.650867589325025,14.247214028156307,28.92837083308765
2014-07-17 00:00:00+00:00,78.0226311973,-0.3749267721240068,78.427365636817,-0.512897180724516,11.039401597944913,52.38183203466408
2014-07-18 00:00:00+00:00,78.7383509708,0.9173232977623069,78.58285830380851,0.20221305851889548,51.20682528069003,77.90620783109593
2014-07-21 00:00:00+00:00,78.674119709,-0.08157557404754323,78.62848900640425,0.060318742235676126,48.27273874997518,48.04544555281694
2014-07-22 00:00:00+00:00,79.105386752,0.5481688827217557,78.86693787920213,0.3042438124787159,67.20061377302598,61.867163496317566
2014-07-23 00:00:00+00:00,78.949396545,-0.1971929010208151,78.90816721210106,0.0535254557289504,56.06922715219678,42.0203094696004
2014-07-24 00:00:00+00:00,79.6467645293,0.8833100882569944,79.27746587070052,0.4684177719929724,79.18752076108255,65.84527799177053
2014-07-25 00:00:00+00:00,79.1237385411,-0.6566820275638374,79.20060220590025,-0.0941321277854325,49.74014914354779,35.052109209469165
2014-07-28 00:00:00+00:00,79.9679208379,1.0669140669604449,79.58426152190012,0.48639096958750616,73.55181835256832,63.617145476358154
2014-07-29 00:00:00+00:00,79.0962108575,-1.0900745839910075,79.34023618970005,-0.3018418072017507,42.42157685195134,34.847120354179545
2014-07-30 00:00:00+00:00,80.0229762051,1.1716937354554924,79.68160619740001,0.43492596412687085,65.62400323323105,61.92801833523901
2014-07-31 00:00:00+00:00,78.8025822325,-1.5250544661974397,79.24209421495001,-0.5450642510352844,36.53964496232875,35.52173929233603
2014-08-01 00:00:00+00:00,78.3437875059,-0.5822077317801266,78.792940860425,-0.5636359914077056,29.233514561151235,47.30535278510118
2014-08-04 00:00:00+00:00,80.0505038887,2.178496134963459,79.4217223745625,0.8074300717778767,66.55213970774932,70.76849977588421
2014-08-05 00:00:00+00:00,79.6008850567,-0.5616689591675161,79.51130371563124,0.1228805563051803,55.07514782162336,42.55650170365643
2014-08-06 00:00:00+00:00,79.4540707442,-0.18443804035020994,79.48268722991563,-0.03077874202251482,50.7855063055528,46.92568314284192
2014-08-07 00:00:00+00:00,78.4630741348,-1.247257189113049,78.97288068235781,-0.6390179655677819,28.393895414055436,35.5109683853237
2014-08-08 00:00:00+00:00,79.692644002,1.5670681792145924,79.33276234217891,0.46402510682340525,60.66839523343203,67.20094744842581
2014-08-11 00:00:00+00:00,80.2890771465,0.7484168105716726,79.81091974433946,0.6062209586975389,70.38174044681136,55.33613528673057
2014-08-12 00:00:00+00:00,80.0229762051,-0.33142857142880455,79.91694797471973,0.13739619363436717,60.399334810649144,41.00999915944599
2014-08-13 00:00:00+00:00,80.3808360918,0.44719642241599633,80.14889203325987,0.29229630802518175,69.20896009339737,53.914531725494236
2014-08-14 00:00:00+00:00,81.3076014394,1.152968036487656,80.72824673632994,0.7226321722564188,83.48277508677388,64.47953477303862
2014-08-15 00:00:00+00:00,81.922386373,0.7561223338486966,81.32531655466497,0.7393772530525577,88.69670720263004,54.032169459546196
2014-08-18 00:00:00+00:00,82.5555230957,0.7728494624378746,81.94041982518249,0.7561133577452162,92.40183135894023,54.498295668259836
2014-08-19 00:00:00+00:00,82.66563383,0.13337779250985893,82.30302682759125,0.44474557512753754,93.00037519595648,34.46014061893245
2014-08-20 00:00:00+00:00,82.4362364668,-0.27750027740881533,82.36963164719563,0.0836226488593611,74.62889774873142,25.44365610569641
2014-08-21 00:00:00+00:00,82.9317347714,0.6010685662482418,82.65068320929782,0.34234560755380145,84.53015516075935,59.4629983959541
2014-08-22 00:00:00+00:00,83.0326696113,0.12170834262446029,82.8416764102989,0.23202697508913087,86.17832471130133,43.294993169041426
2014-08-25 00:00:00+00:00,82.9317347714,-0.12156039348427683,82.88670559084946,0.05523329080242702,74.30375339727121,35.87055922906557
2014-08-26 00:00:00+00:00,82.6014025683,-0.3983182119734474,82.74405407957474,-0.1715424605855102,44.32268815399988,27.749890352478566
2014-08-27 00:00:00+00:00,82.9225588769,0.3888024883529573,82.83330647823738,0.10863001388372354,64.9481611301672,63.246424217881106
2014-08-28 00:00:00+00:00,83.4455848652,0.6307402899571102,83.13944567171869,0.36968515192041684,81.59958439339279,70.03419338300732
2014-08-29 00:00:00+00:00,82.4729400449,-1.1656036947565784,82.80619285830934,-0.3979592714180808,35.09443346233112,22.910509044955354
2014-09-02 00:00:00+00:00,83.3171223417,1.0235870048289852,83.06165760000468,0.3128138667054522,62.74013479771325,65.43113183671693
2014-09-03 00:00:00+00:00,83.4455848652,0.15418502210524654,83.25362123260234,0.23349944440534937,66.0417221481627,49.24915673401497
2014-09-04 00:00:00+00:00,82.7115133027,-0.8797009017143864,82.98256726765118,-0.32310072865451855,37.53410986401008,34.17341396685884
2014-09-05 00:00:00+00:00,83.4455848652,0.887508320411845,83.21407606642559,0.28220379587866323,62.08422901838861,63.11925642958026
2014-09-08 00:00:00+00:00,83.096900873,-0.4178579283293238,83.1554884697128,-0.06782706622533027,48.5023875377563,42.44124897396524
2014-09-09 00:00:00+00:00,82.216014998,-1.0600706714035901,82.68575173385639,-0.5639488688144602,26.51848002616618,34.17830002343329
2014-09-10 00:00:00+00:00,82.1426078418,-0.08928571422707199,82.4141797878282,-0.3266172915207661,25.096588477184124,54.3364915915921
2014-09-11 00:00:00+00:00,82.5555230957,0.5026809651517805,82.4848514417641,0.08803183681550722,48.42816983264681,64.32879723010673
2014-09-12 00:00:00+00:00,82.2802462597,-0.33344448157743845,82.38254885073205,-0.12270632238096561,36.926099628852135,43.95185285948797
2014-09-15 00:00:00+00:00,82.6564579355,0.45723207319114945,82.51950339311603,0.1672628754050919,57.580012942201186,61.327874538857195
2014-09-16 00:00:00+00:00,82.8307999316,0.21092362345849214,82.67515166235802,0.189093249431792,65.44539168206889,53.56782004143089
2014-09-17 00:00:00+00:00,82.8858552988,0.06646726488874766,82.780503480579,0.12778025716026983,68.23525773673154,48.20217316322394
2014-09-18 00:00:00+00:00,82.8950311933,0.011070519169908977,82.83776733693949,0.0694253881650894,68.86372695650958,45.57617260118169
2014-09-19 00:00:00+00:00,83.0326696113,0.16603940672756945,82.93521847411975,0.11773239744632943,78.45486918844021,55.702632279275925
2014-09-22 00:00:00+00:00,81.9315622675,-1.326113382786076,82.43339037080987,-0.6041904926698733,16.705139615607226,15.106302470265819
2014-09-23 00:00:00+00:00,81.0323246035,-1.0975473176796702,81.73285748715494,-0.8508689051747718,8.50495849838759,27.283173020218584
2014-09-24 00:00:00+00:00,82.07837658,1.2909070320004323,81.90561703357747,0.22001906341283028,50.717217273121456,77.61396878463613
2014-09-25 00:00:00+00:00,80.8121031348,-1.5427613190738376,81.35886008418873,-0.6613711278305037,27.59768102944706,34.77719472991667
2014-09-26 00:00:00+00:00,81.4268880683,0.7607584874687712,81.39287407624437,0.04969367981913375,45.64304970502445,61.014317151863494
2014-09-29 00:00:00+00:00,81.5094711191,0.10141987832168464,81.45117259767218,0.0755567790704092,48.24229496184524,52.02835406032733
2014-09-30 00:00:00+00:00,81.6929890097,0.22514916129421358,81.57208080368609,0.1503529701823114,55.357952354108775,53.93790736981104
2014-10-01 00:00:00+00:00,80.279901252,-1.729754015405427,80.92599102784305,-0.7897005226115578,21.39110553572658,27.754548768192834
2014-10-02 00:00:00+00:00,79.6375886348,-0.8000914390561831,80.28178983132153,-0.7948959808338705,15.081642141763844,46.33682718284689
2014-10-03 00:00:00+00:00,81.1607871269,1.9126627491008685,80.72128847911077,0.558883384133499,58.560347633642095,74.75635542726786
2014-10-06 00:00:00+00:00,81.2617219668,0.12436404755682418,80.99150522295538,0.3416237158451616,60.567169508402934,49.06320692123415
2014-10-07 00:00:00+00:00,79.9312172598,-1.6373080397478978,80.46136124137769,-0.6478421619513681,30.940367803095796,32.538266815527905
2014-10-08 00:00:00+00:00,80.8488067129,1.1479738261930494,80.65508397713884,0.25006583212084066,54.14438830322457,62.49553757671687
2014-10-09 00:00:00+00:00,78.6465920254,-2.723867892472709,79.65083800126942,-1.2369010301759342,24.5041675577941,32.449311200979764
2014-10-10 00:00:00+00:00,79.1604421192,0.6533660017131515,79.4056400602347,-0.29176751423139136,36.64332170300522,58.53334423770877
2014-10-13 00:00:00+00:00,76.9949310099,-2.7355975425695123,78.20028553506735,-1.5136825284004518,18.17230712428633,37.01779231413427
2014-10-14 00:00:00+00:00,77.2059765841,0.27410320579788205,77.70313105958368,-0.6197896613012849,23.788277222855292,57.72048477657561
2014-10-15 00:00:00+00:00,75.3157423107,-2.4483004516379303,76.50943668514185,-1.5340450564696075,12.376504305928218,39.91750207262566
2014-10-16 00:00:00+00:00,75.0037618966,-0.41423001955287475,75.75659929087092,-0.9741375380112411,11.062636345578706,55.35139335286063
2014-10-17 00:00:00+00:00,76.9215238536,2.556887692705101,76.33906157223547,0.7913750773469299,55.05584162621927,71.43081534877064
2014-10-20 00:00:00+00:00,78.4722500294,2.015984731076581,77.40565580081773,1.4036799042117556,71.9094591117426,65.03493952140016
2014-10-21 00:00:00+00:00,80.3257807246,2.362020579893609,78.86571826270887,1.8828502420526823,83.20264855293757,67.80151689925869
2014-10-22 00:00:00+00:00,79.9220413653,-0.5026273702638862,79.39387981400444,0.690111435894398,73.54242800369379,34.19932940689558
2014-10-23 00:00:00+00:00,80.7386959785,1.0218140068110948,80.06628789625222,0.8559627213527464,80.43473031548164,52.85141912896826
2014-10-24 00:00:00+00:00,81.3076014394,0.7046255255986456,80.68694466782611,0.7802941234756959,84.62106188679351,48.55570494031281
2014-10-27 00:00:00+00:00,81.1607871269,-0.18056652748442703,80.92386589736306,0.29986379799563445,78.14833797861705,36.229012087148796
2014-10-28 00:00:00+00:00,82.5188195175,1.6732617298014008,81.72134270743153,0.9865627638985176,89.39913019910051,64.52235796976744
2014-10-29 00:00:00+00:00,82.1517837363,-0.44479039247787844,81.93656322186577,0.2708861857103196,73.96111058751903,36.65292230060175
2014-10-30 00:00:00+00:00,82.7849204589,0.7706913883115618,82.36074184038289,0.5207887870109407,82.00275265518226,53.822264181073315
2014-10-31 00:00:00+00:00,83.8493242245,1.2857459543352823,83.10503303244144,0.9032673706731115,89.88233027181072,60.60845577704323
2014-11-03 00:00:00+00:00,84.1521287441,0.3611293500580537,83.62858088827072,0.6321983603655825,91.47503931843255,43.42436199334542
2014-11-04 00:00:00+00:00,82.9042070878,-1.482935339752156,83.26639398803536,-0.4253684896932868,46.36030204759837,23.495466977754806
2014-11-05 00:00:00+00:00,83.5006402324,0.7194244605323252,83.38351711021768,0.14702798541951922,60.371831309837276,58.01423214673236
2014-11-06 00:00:00+00:00,84.4182296855,1.0989010988971426,83.90087339785885,0.622964542158331,75.27574508828128,62.39908052217748
2014-11-07 00:00:00+00:00,82.5830507793,-2.1739130434705323,83.24196208857941,-0.7754742506561006,35.369256663118996,26.540638919914162
2014-11-10 00:00:00+00:00,82.3811810996,-0.24444444446535263,82.81157159408971,-0.5099593475607267,32.524271699300286,51.29283377399836
2014-11-11 00:00:00+00:00,82.5646989902,0.22276676317389832,82.68813529214486,-0.1435962921934142,39.19387418622172,56.603925596042075
2014-11-12 00:00:00+00:00,82.4912918339,-0.08890864642856489,82.58971356302243,-0.11625246931098954,36.99955347039512,51.03536768587834
2014-11-13 00:00:00+00:00,83.0326696113,0.6562847609297817,82.8111915871612,0.2700161458093961,61.09519300299618,63.805523859673166
2014-11-14 00:00:00+00:00,83.3171223417,0.34257929045471425,83.0641569644306,0.3062977181320552,70.10625689635914,54.7834311219389
2014-11-17 00:00:00+00:00,82.959262455,-0.4295154184902672,83.01170970971529,-0.061608850179106,48.78361695985724,35.99385126574653
2014-11-18 00:00:00+00:00,82.8399758261,-0.14378940382299144,82.92584276790765,-0.10269912700104872,42.34417962859415,46.230826795396844
2014-11-19 00:00:00+00:00,82.4178846777,-0.5095259193291679,82.67186372280383,-0.3061125231651083,24.899327798250653,35.36938889831231
2014-11-20 00:00:00+00:00,81.5737023808,-1.0242707638047577,82.12278305180192,-0.665191643484933,11.135991704147674,23.642839477535468
2014-11-21 00:00:00+00:00,81.628757748,0.06749156357153119,81.87577039990096,-0.2988500399567009,15.694738335762583,62.839610734488005
2014-11-24 00:00:00+00:00,83.1152526621,1.8210431655582004,82.49551153100049,0.7610965628007498,72.60735481221981,83.38644257478511
2014-11-25 00:00:00+00:00,84.0970733769,1.1812762198913473,83.29629245395024,0.9711863913460486,83.58569058227071,64.01572233927116
2014-11-26 00:00:00+00:00,84.3448225292,0.2945990179582747,83.82055749157513,0.6328927046521616,85.74770499967283,43.16836774850427
2014-11-28 00:00:00+00:00,84.8862003065,0.6418624890847102,84.35337889903757,0.6373775968684359,90.04542556694899,52.29504358327162
2014-12-01 00:00:00+00:00,85.0605423026,0.20538320182843517,84.70696060081877,0.4213803993484355,91.31107204877925,40.14130738625788
2014-12-02 00:00:00+00:00,85.7670861815,0.83063646171746,85.2370233911594,0.6260084305329477,95.09900538149128,60.07775623105801
2014-12-03 00:00:00+00:00,85.4367539784,-0.38515031558954416,85.3368886847797,0.1204290574717018,72.83201620226278,30.474140741303714
2014-12-04 00:00:00+00:00,85.5468647128,0.12887981960063577,85.44187669878986,0.12465443853616878,75.67930493958015,47.028017014917275
2014-12-05 00:00:00+00:00,86.0331871229,0.5684865386156313,85.73753191084492,0.3465704885759,85.64575286987599,59.42200180203091
2014-12-08 00:00:00+00:00,86.069890701,0.04266211601293701,85.90371130592246,0.1946163022944185,86.28214669142513,41.8526602171256
2014-12-09 00:00:00+00:00,85.2807637714,-0.9168443496011425,85.59223753866124,-0.361114023653362,35.509980706048374,23.132032350553285
2014-12-10 00:00:00+00:00,84.0787215878,-1.4095115128449631,84.83547956323062,-0.8853127682491626,15.145917430204436,17.20488131194023
2014-12-11 00:00:00+00:00,85.2440601932,1.3860089489860838,85.03976987821531,0.2503480903684606,53.73140525435095,73.9710330048997
2014-12-12 00:00:00+00:00,85.0024966439,-0.2833787465689852,85.02113326105766,-0.016515328100262294,47.07537122642693,45.82677483387312
2014-12-15 00:00:00+00:00,84.4543332051,-0.6448792217202959,84.73773323307883,-0.3306972749102791,33.113076757736756,40.78615637313827
2014-12-16 00:00:00+00:00,83.7760970858,-0.8030803080913307,84.25691515943942,-0.566888791500805,21.356947938021378,38.039577562338174
2014-12-17 00:00:00+00:00,84.9002966808,1.341909726170032,84.57860592011971,0.3875104673346135,58.2288256537659,73.85169164754868
2014-12-18 00:00:00+00:00,86.0430780872,1.3460275771432606,85.31084200365986,0.866769022238937,75.6422238252109,73.89514002501828
2014-12-19 00:00:00+00:00,86.303223448,0.30234315947688106,85.80703272582993,0.584556090857909,78.67744453772576,45.286849510517655
2014-12-22 00:00:00+00:00,87.5203321003,1.4102702120197597,86.66368241306496,0.9974131514388344,88.624904705675,66.15261668361813
2014-12-23 00:00:00+00:00,87.9755864817,0.5201698513646935,87.31963444738248,0.7587915014017639,90.98467783047896,45.32303042249337
2014-12-24 00:00:00+00:00,87.7247320267,-0.28514098630327833,87.52218323704125,0.23682525754924277,77.66746657030141,31.754020440616294
2014-12-26 00:00:00+00:00,88.291477277,0.6460495657342191,87.90683025702063,0.44143741164173095,85.07207163828818,55.0798357802727
2014-12-29 00:00:00+00:00,88.7281498469,0.49458065870844337,88.3174900519603,0.4680090351750872,89.20767035081953,50.84006796559284
2014-12-30 00:00:00+00:00,87.9848773875,-0.8376963350216426,88.15118371973016,-0.18484364992327773,52.24980338419465,25.223613021755398
2014-12-31 00:00:00+00:00,87.5110411946,-0.5385427666315334,87.83111245716508,-0.3616932082774056,37.42380154834424,36.07263581566705
2015-01-02 00:00:00+00:00,87.1022413419,-0.46714088544660415,87.46667689953253,-0.41441704686200487,27.372410103964366,39.22929119757831
2015-01-05 00:00:00+00:00,85.8293872551,-1.4613333333222678,86.64803207731626,-0.9378751900921363,12.141750077295184,19.31223890497332
2015-01-06 00:00:00+00:00,85.3741328737,-0.5304178393431891,86.01108247550813,-0.7341465147176627,9.3504577091418,52.89934593765206
2015-01-07 00:00:00+00:00,86.2474780135,1.0229622373933767,86.12928024450406,0.144407861337857,45.442003599097156,76.93286379461117
2015-01-08 00:00:00+00:00,87.1394049648,1.0341484433439074,86.63434260465203,0.5892781523408822,66.11141007123535,77.05930635775363
2015-01-09 00:00:00+00:00,87.566786629,0.4904574048590904,87.10056461682602,0.5398677785999864,73.3643062875382,55.056834589742564
2015-01-12 00:00:00+00:00,87.7618956496,0.2228116710809802,87.431230133213,0.3813397248404833,76.76900371006909,45.47008191821733
2015-01-13 00:00:00+00:00,88.4401317689,0.7728138895357617,87.9356809510565,0.5770768071881225,86.0601260792335,64.51560955528804
2015-01-14 00:00:00+00:00,87.5482048175,-1.0085092972618726,87.74194288427825,-0.21571624503687503,48.10696589887287,23.92312577031597
2015-01-15 00:00:00+00:00,87.6596956865,0.12734797844504708,87.70081928538912,-0.044184133295913974,52.07022636889604,52.50542366397469
2015-01-16 00:00:00+00:00,88.4308408631,0.8797032325527088,88.06583007424456,0.4177595496283974,73.25909471209107,65.41523212931247
2015-01-20 00:00:00+00:00,88.0220410104,-0.46228199201776565,88.04393554232229,-0.022261221194684128,54.20437486391296,37.87217792050295
2015-01-21 00:00:00+00:00,87.4924593831,-0.6016466117133468,87.76819746271114,-0.31195391645401543,36.006091049389596,35.5410831600638
2015-01-22 00:00:00+00:00,88.4029681459,1.0406711266546909,88.08558280430557,0.3643586051003377,65.70239380991157,69.12911795393755
2015-01-23 00:00:00+00:00,88.003459199,-0.4519180241105203,88.04452100165278,-0.0437797095050913,50.33046607213885,40.417974369337365
2015-01-26 00:00:00+00:00,88.2357318425,0.2639358107216827,88.14012642207639,0.1100780506082957,58.74751848682796,54.12494319120544
2015-01-27 00:00:00+00:00,87.3066412682,-1.0529640939097362,87.72338384513819,-0.4714430216507203,29.129559934507036,33.107726874413736
2015-01-28 00:00:00+00:00,86.0988235216,-1.3834202404942708,86.91110368336909,-0.9274316310724955,14.688859101903862,28.885768101646676
2015-01-29 00:00:00+00:00,86.6098233375,0.5935038308297003,86.76046351043455,-0.1669639001213976,35.10509032553076,66.83618382948798
2015-01-30 00:00:00+00:00,84.5100786395,-2.4243724523230537,85.63527107496728,-1.2956681762222257,14.18358654209722,30.079614042079164
2015-02-02 00:00:00+00:00,85.4112964966,1.0664028144434567,85.52328378578363,-0.1146326808893845,37.97990545416305,64.22027987129609
2015-02-03 00:00:00+00:00,87.4274230429,2.3604916784985885,86.47535341434181,1.1229294988046021,67.8736409683263,71.86066801422824
2015-02-04 00:00:00+00:00,94.0982933665,7.6301806589068155,90.2868233904209,4.376555078855709,90.52944014604134,87.78854732399965
2015-02-05 00:00:00+00:00,95.3618565475,1.342812006248173,92.82433996896046,2.859683542551941,92.11027185952204,43.61030172595104
2015-02-06 00:00:00+00:00,94.7858203914,-0.604053000806537,93.80508018018023,1.127815270872702,82.67356055515066,35.34811455616217
2015-02-09 00:00:00+00:00,94.5163841249,-0.28425798857615314,94.1607321525401,0.42177864114827446,77.12946757010067,38.231483487332284
2015-02-10 00:00:00+00:00,94.692911334,0.1867688980428328,94.42682174327005,0.30427376959555363,78.54353126998305,43.77184523678718
2015-02-11 00:00:00+00:00,94.6464568053,-0.0490580847558264,94.53663927428502,0.12760784241986362,76.6722521100425,41.00940151885833
2015-02-12 00:00:00+00:00,96.2352016874,1.6786099931540344,95.38592048084251,0.903108917786949,89.5024515982917,65.16679563041572
2015-02-13 00:00:00+00:00,96.7833651262,0.5696080323919217,96.08464280352126,0.7363584750894354,91.82846161750608,46.737886881399604
2015-02-17 00:00:00+00:00,96.7369105975,-0.047998464032972255,96.41077670051064,0.3441800055282316,89.31283138974115,37.8066393146825
2015-02-18 00:00:00+00:00,96.4953470482,-0.24971187089598557,96.45306187435531,0.04723406731612301,73.58844447754286,34.57025692127929
2015-02-19 00:00:00+00:00,96.5232197654,0.02888503752007665,96.48814081987766,0.03805955241809983,74.36945497412081,44.426131577028556
2015-02-20 00:00:00+00:00,97.1364195445,0.6352873231854295,96.81228018218883,0.3366734378017646,87.0279997112239,62.74730962644105
2015-02-23 00:00:00+00:00,97.5452193972,0.4208512673382181,97.17874978969442,0.37876235256999136,91.31660116382301,53.407953360808236
2015-02-24 00:00:00+00:00,97.2479104134,-0.30479093248985123,97.21333010154721,0.03698571004007006,67.11201842701891,30.423113858661743
2015-02-25 00:00:00+00:00,98.0840919303,0.8598452278772761,97.64871101592361,0.4484154689586731,84.47384793651544,65.8280694050109
2015-02-26 00:00:00+00:00,97.1457104502,-0.9567111869342004,97.3972107330618,-0.25414785898776365,44.72721969208535,30.05088308916173
2015-02-27 00:00:00+00:00,96.6997469745,-0.4590665646823533,97.04847885378089,-0.3566072118350585,33.49299467548951,42.820962293635986
2015-03-02 00:00:00+00:00,98.381400914,1.7390468870031706,97.71493988389045,0.691219837584056,72.52561814864852,74.12217534256959
2015-03-03 00:00:00+00:00,98.8087825782,0.4344130701834592,98.26186123104523,0.5628164538837577,77.54871987849582,49.83456507598103
2015-03-04 00:00:00+00:00,98.0840919303,-0.7334273624173493,98.17297658067261,-0.08530545426679581,52.93354003932897,34.6080651869841
2015-03-05 00:00:00+00:00,97.5823830201,-0.5115089514786231,97.8776798003863,-0.29840720287270944,39.81090963852708,39.84683126883869
2015-03-06 00:00:00+00:00,96.4581834252,-1.1520517947060438,97.16793161279315,-0.7252294987893766,21.716085419542928,29.585041542065053
2015-03-09 00:00:00+00:00,97.7960738522,1.387015989200635,97.48200273249657,0.33089324520562924,56.78200637925812,72.18176766091727
2015-03-10 00:00:00+00:00,95.779947306,-2.0615618467945684,96.63097501924828,-0.8653343007944696,28.21445942783112,32.33302475032395
2015-03-11 00:00:00+00:00,95.5941291911,-0.1940052381803281,96.11255210517413,-0.5296697694873989,26.379642879024438,53.28311807393837
2015-03-12 00:00:00+00:00,99.5706368492,4.1597822918086,97.84159447718707,1.8150562611606007,76.1553299795066,77.56869578059732
2015-03-13 00:00:00+00:00,98.8924007299,-0.6811607726554869,98.36699760354354,0.5669477442525569,64.9247986102122,41.54681745107722
2015-03-16 00:00:00+00:00,99.756454964,0.8737316798081762,99.06172628377178,0.7203397120303665,72.63612307257333,52.23394272800077
2015-03-17 00:00:00+00:00,99.3755278286,-0.38185712948346495,99.21862705618588,0.16924129127345078,63.41631328183888,42.76360641288615
2015-03-18 00:00:00+00:00,100.3139093086,0.9442782347969025,99.76626818239293,0.5567597630351766,75.09665899709543,55.535554708026886
2015-03-19 00:00:00+00:00,99.756454964,-0.5557099194340887,99.76136157319647,0.000524921800543976,58.46351681477788,40.2841377503237
2015-03-20 00:00:00+00:00,100.7412909728,0.9872403837480004,100.25132627299823,0.4938826527742722,73.826183572183,58.05690122788316
2015-03-23 00:00:00+00:00,100.5461819522,-0.19367333763141703,100.39875411259911,0.15010465757142757,66.51540219107532,43.271713668936414
2015-03-24 00:00:00+00:00,99.5148914147,-1.025688412505088,99.95682276364955,-0.43779187746683024,37.26056226406048,34.09531989960778
2015-03-25 00:00:00+00:00,97.5545103029,-1.9699374474827835,98.75566653327478,-1.2038646624748068,16.530253852425783,25.051555232011655
2015-03-26 00:00:00+00:00,97.7774920407,0.22857142853534018,98.2665792869874,-0.4876466169697333,23.766635933043283,61.09355871632741
2015-03-27 00:00:00+00:00,98.0004737786,0.2280501711039884,98.1335265327937,-0.12979822293287246,32.53935362944025,61.08311192911705
2015-03-30 00:00:00+00:00,98.5950917461,0.6067500947427584,98.36430913944685,0.23847593590494298,53.80384134319815,67.19602256067338
2015-03-31 00:00:00+00:00,97.4523103397,-1.1590652091920117,97.90830973957343,-0.46029463664353437,28.18872737741415,32.01900207997541
2015-04-01 00:00:00+00:00,97.9633101556,0.5243588521593345,97.9358099475867,0.03203210775790008,45.569654459572135,61.12281187445933
2015-04-02 00:00:00+00:00,98.4836008772,0.5311077389826835,98.20970541239336,0.2815699233702918,60.25982125815307,61.22264401326694
2015-04-06 00:00:00+00:00,98.1398373647,-0.34905660377776426,98.17477138854667,-0.03374334020373623,47.54303217550565,40.751503161408735
2015-04-07 00:00:00+00:00,97.9540192499,-0.18934014951489386,98.06439531922334,-0.11154174485931505,40.59664066554915,45.69408896702357
2015-04-08 00:00:00+00:00,98.818073484,0.8821018685263082,98.44123440161167,0.3852800618334966,70.5792809923585,70.47685488751287
2015-04-09 00:00:00+00:00,99.1990006194,0.38548326431568913,98.82011751050584,0.3853816630745929,77.94173235121735,53.5016383566355
2015-04-10 00:00:00+00:00,99.3662369228,0.16858668167600843,99.09317721665292,0.27698417237530065,81.06256338645682,46.20999073313967
2015-04-13 00:00:00+00:00,98.9574370701,-0.4114071996281887,99.02530714337647,-0.06721151362644404,53.374016255995826,29.87719879482452
2015-04-14 00:00:00+00:00,99.0968006563,0.14083184682853744,99.06105389983824,0.036810166601046704,60.307046466392535,53.40058973897109
2015-04-15 00:00:00+00:00,99.39410964,0.30001875109082476,99.22758176991911,0.16841445884593573,73.10452243899906,59.30353602439421
2015-04-16 00:00:00+00:00,100.4346910833,1.0469246588846515,99.83113642660956,0.6076695588652936,90.01156518031979,78.48494926934384
2015-04-17 00:00:00+00:00,99.1246733735,-1.3043478261047015,99.47790490005478,-0.3483391336197039,41.156007391522394,24.331692840722713
2015-04-20 00:00:00+00:00,100.5461819522,1.4340612990912716,100.01204342612739,0.5428610827357838,68.75724523874186,65.68925686563192
2015-04-21 00:00:00+00:00,100.0444730421,-0.49898355199456956,100.0282582341137,0.021938765370607127,55.079613677773466,41.60893143317242
2015-04-22 00:00:00+00:00,100.2860365914,0.24145616639748013,100.15714741275684,0.13169746588404363,60.72256607151695,51.76777620509081
2015-04-23 00:00:00+00:00,101.2708726002,0.9820270520935592,100.71401000647842,0.5568622589888015,77.78704467886952,61.75128011924677
2015-04-24 00:00:00+00:00,101.7632906045,0.4862385320248963,101.23865030548922,0.5215503955068489,83.24619104755503,51.124617969717136
2015-04-27 00:00:00+00:00,102.3486176664,0.5751848809359528,101.79363398594461,0.5483676382214009,88.3508650404788,53.28785275507
2015-04-28 00:00:00+00:00,102.1256359285,-0.21786492381049571,101.9596349572223,0.1652513572054526,75.2494107128889,33.473548065194926
2015-04-29 00:00:00+00:00,102.0234359653,-0.10007278022881039,101.99153546126115,0.0325892884883211,68.28758483829607,38.563180969646915
2015-04-30 00:00:00+00:00,101.0107272393,-0.9926236226198482,101.50113135028057,-0.48001716706576353,28.75104110648863,20.62686552802362
2015-05-01 00:00:00+00:00,102.6830902731,1.6556291391092381,102.09211081169029,0.5878059860217373,70.72941519218539,74.14587053168019
2015-05-04 00:00:00+00:00,103.156926466,0.4614549402825352,102.62451863884515,0.5246304631521362,76.59104133506669,50.92182154070207
2015-05-05 00:00:00+00:00,102.9525265397,-0.1981446455438629,102.78852258927257,0.16324290880413667,67.80501866403684,40.429851030194214
2015-05-06 00:00:00+00:00,101.9398178137,-0.9836657341376509,102.36417020148629,-0.4102114126667571,36.60131633332906,29.552629137227548
2015-05-07 00:00:00+00:00,101.5124361495,-0.41924899746343947,101.93830317549315,-0.4147302050650983,28.34416054593368,45.38825392291336
2015-05-08 00:00:00+00:00,102.3021631376,0.7779608273186911,102.12023315654658,0.1816153111267964,55.912148175780054,68.16026864261907
2015-05-11 00:00:00+00:00,100.8992363704,-1.3713559167981781,101.50973476347329,-0.5948703028356909,27.60839856175264,32.107317297525285
2015-05-12 00:00:00+00:00,101.493854338,0.5893186004076068,101.50179455073665,-0.0027758512140420577,45.233974140196345,60.614040559974384
2015-05-13 00:00:00+00:00,101.4473998093,-0.04577077991866352,101.47459718001832,-0.024273315566352788,43.97914893371896,50.34359744453486
2015-05-14 00:00:00+00:00,102.1349268343,0.6777177397276013,101.80476200715916,0.32672221208062424,65.33030771606651,61.49284247679951
2015-05-15 00:00:00+00:00,102.4786903468,0.33657782225438027,102.14172617697957,0.33165001716750225,73.03745825490086,53.06576826836708
2015-05-18 00:00:00+00:00,102.506563064,0.027198549382001502,102.32414462048979,0.17942428327475188,73.74724761742529,44.727484724959425
2015-05-19 00:00:00+00:00,102.7202538961,0.20846551256097356,102.5221992582949,0.19394489791786274,79.84801351096243,51.434221498188215
2015-05-20 00:00:00+00:00,102.3857812893,-0.3256150506971256,102.45399027379744,-0.06583507638963143,51.66145407766581,33.47999255096186
2015-05-21 00:00:00+00:00,102.5623084985,0.17241379318209127,102.50814938614872,0.05328935839622992,62.219584843757126,55.30358561743947
2015-05-22 00:00:00+00:00,102.4415267238,-0.1177642902819187,102.47483805497436,-0.03223746594284439,50.82599986817625,42.97989720624239
2015-05-26 00:00:00+00:00,101.6796724529,-0.7436967168149455,102.07725525393718,-0.38796709137889496,18.599956851905482,24.973641954537147
2015-05-27 00:00:00+00:00,102.543726687,0.849780701742775,102.31049097046859,0.23090680518194,60.839987679386326,71.1415727500589
2015-05-28 00:00:00+00:00,102.6923811789,0.14496692942880252,102.5014360746843,0.18793686730537126,65.46476005553876,50.51703832726998
2015-05-29 00:00:00+00:00,102.543726687,-0.14475707953546246,102.52258138084215,0.0215898938849544,55.61297496423752,42.85620871287235
2015-06-01 00:00:00+00:00,103.0918901258,0.5345655521894477,102.80723575332108,0.278077723037201,75.77652715729283,62.732968194993276
2015-06-02 00:00:00+00:00,102.8967811052,-0.1892573900448613,102.85200842926054,0.044410166496169856,60.98556024391495,40.31850070407086
2015-06-03 00:00:00+00:00,103.2869991464,0.37923250563207667,103.06950378783027,0.21182133606412326,75.39415038890196,57.998408634960235
2015-06-04 00:00:00+00:00,102.4786903468,-0.7825852297773772,102.77409706731513,-0.285381946856627,35.1076693635763,30.395459059639286
2015-06-05 00:00:00+00:00,102.4786903468,0.0,102.62639370705756,-0.1426909734283135,35.1076693635763,52.99741634322367
2015-06-08 00:00:00+00:00,101.5403088667,-0.9156844968689515,102.08335128687878,-0.5291877351486325,14.654171463913404,33.758034830448764
2015-06-09 00:00:00+00:00,100.8249091245,-0.7045475340627272,101.45413020568938,-0.6168676346056798,8.79479079027015,41.1474695537832
2015-06-10 00:00:00+00:00,102.1999631745,1.3638039071298014,101.82704669009469,0.37346813626206077,57.63408009616344,77.70053407945599
2015-06-11 00:00:00+00:00,102.7759993305,0.5636363635635133,102.30152301029734,0.46855224991278704,68.30058564354535,57.11518982380394
2015-06-12 00:00:00+00:00,102.1535086458,-0.6056770926626931,102.22751582804867,-0.06856242137495303,48.505063146611725,36.13212539737059
2015-06-15 00:00:00+00:00,102.3671994778,0.2091859935432483,102.29735765292433,0.07031178608414763,55.19220326903823,53.85360634373095
2015-06-16 00:00:00+00:00,103.1847991832,0.7986930477445586,102.74107841806216,0.43450241691435315,74.32636275436907,64.53283044706089
2015-06-17 00:00:00+00:00,103.5843081302,0.38717810197090863,103.16269327413107,0.4108402594426309,80.44645907420453,51.94540442370331
2015-06-18 00:00:00+00:00,105.1916348238,1.5517086734601504,104.17716404896554,0.9812744664513906,91.98164983983385,73.711446044634
2015-06-19 00:00:00+00:00,104.6341804792,-0.5299417064234868,104.40567226408277,0.2256663800139519,70.38159409917543,33.28602219534558
2015-06-22 00:00:00+00:00,105.4796529018,0.8080269934049644,104.94266258294138,0.5168466867094581,80.69504292599485,56.360394288108644
2015-06-23 00:00:00+00:00,106.2972526072,0.7751255174883509,105.61995759507069,0.6459861020989045,87.17361255606112,55.65042069964406
2015-06-24 00:00:00+00:00,105.7026346396,-0.559391661605102,105.66129611733535,0.04329722024690125,63.81206335875766,31.50459318848078
2015-06-25 00:00:00+00:00,106.3344162302,0.597697108264228,105.99785617376767,0.3204971642555646,74.6424521403637,56.21328582960653
2015-06-26 00:00:00+00:00,106.8361251403,0.47182175619777666,106.41699065703384,0.39615946022667065,81.30660007313314,53.0882703534155
2015-06-29 00:00:00+00:00,105.0336894261,-1.687103226397435,105.72534004156691,-0.6454718830853822,33.65006278927372,21.845092490825333
2015-06-30 00:00:00+00:00,106.0463981521,0.9641751437404533,105.88586909683346,0.15935163032753558,55.58858331286603,62.49927915736001
2015-07-01 00:00:00+00:00,107.5793975997,1.4455931312266301,106.73263334826673,0.8024723807770828,74.63342478531061,67.15302486387486
2015-07-02 00:00:00+00:00,107.4298909237,-0.13897333442627335,107.08126213598337,0.33174952317540474,70.22785595135763,41.640320267271676
2015-07-06 00:00:00+00:00,108.1120151332,0.6349482473034129,107.59663863459168,0.48334888523940883,78.79450775431081,54.34713536865854
2015-07-07 00:00:00+00:00,109.4201985489,1.2100259292070703,108.50841859174585,0.8466874072232395,88.39801342025669,63.262749684057546
2015-07-08 00:00:00+00:00,107.6354626033,-1.6310845431361631,108.07194059752293,-0.3921985679564618,45.87855317401895,25.850808743465493
2015-07-09 00:00:00+00:00,108.0185734607,0.355933674770359,108.04525702911147,-0.01813244659305141,53.136614679687625,54.24000636983496
2015-07-10 00:00:00+00:00,108.8034835101,0.7266435986451603,108.42437026960573,0.3542555760260544,66.81377166008417,58.66845822733461
2015-07-13 00:00:00+00:00,110.307894438,1.3826863620229224,109.36613235380287,0.8684709690244884,81.954920380175,67.11614640139832
2015-07-14 00:00:00+00:00,110.1210110929,-0.16941973741058103,109.74357172335144,0.3495256158069537,75.53343439860987,38.90042606548712
2015-07-15 00:00:00+00:00,110.5414986194,0.3818413237645091,110.14253517137573,0.3656834697857314,80.65034201779146,50.0808544202318
2015-07-16 00:00:00+00:00,111.260999498,0.6508875739755338,110.70176733468787,0.5082855218806326,87.40903837560788,55.97810857799779
2015-07-17 00:00:00+00:00,111.0647719856,-0.17636684308550699,110.88326966014394,0.1659593393975628,76.48054164972882,36.235034020110106
2015-07-20 00:00:00+00:00,111.7375520279,0.605754669344849,111.31041084402196,0.3858570043712059,85.6850214154921,57.49501358966496
2015-07-21 00:00:00+00:00,111.4852595121,-0.2257902658696187,111.39783517806097,0.0800333692507936,70.22569683708883,37.536228703860125
2015-07-22 00:00:00+00:00,111.5039478466,0.016763054220603202,111.45089151233049,0.0483982117356984,70.81084337964924,45.77259246265323
2015-07-23 00:00:00+00:00,111.0087069821,-0.4441464845543641,111.22979924721524,-0.19787413640933285,39.75465472106549,33.26874917948919
2015-07-24 00:00:00+00:00,111.1114928219,0.09259259259417618,111.17064603455762,-0.052640771907578335,46.992272583391085,54.82505786764658
2015-07-27 00:00:00+00:00,110.4947777831,-0.5550416281315917,110.83271190882881,-0.30384120001958503,22.57917923156893,34.59737576243192
2015-07-28 00:00:00+00:00,110.6910052955,0.17758985206086653,110.76185860216441,-0.06312567397935925,37.96156831524585,59.77840067047534
2015-07-29 00:00:00+00:00,111.9805003766,1.164950194153147,111.3711794893822,0.5509122600868939,79.03023601448609,77.38228071573022
2015-07-30 00:00:00+00:00,112.1580395544,0.15854472627190308,111.7646095218911,0.3547284931793985,81.55230870639744,46.35968604725495
2015-07-31 00:00:00+00:00,112.1300070526,-0.024993751594959424,111.94730828724556,0.16486737079221953,79.29359554743706,41.77795903451506
2015-08-03 00:00:00+00:00,113.1765537851,0.9333333333414018,112.56193103617278,0.5491003520668106,91.8830364551865,67.18120622999889
2015-08-04 00:00:00+00:00,113.7091713186,0.4706076618230748,113.13555117738639,0.5098540069449427,94.45615956281341,51.049102365293514
2015-08-05 00:00:00+00:00,103.2810806627,-9.170843947742513,108.20831592004319,-4.330494970398785,9.161646425958617,6.002214231445969
2015-08-06 00:00:00+00:00,101.4309355464,-1.7913688590675214,104.81962573322159,-3.0609319147331533,7.386540912091316,53.30687486405479
2015-08-07 00:00:00+00:00,102.1784689267,0.7369875632844192,103.4990473299608,-1.161972175724367,17.118981897139186,62.90182878608842
2015-08-10 00:00:00+00:00,103.7202565237,1.508916323757048,103.6096519268304,0.17347207401634046,37.4535712883899,66.09272732495468
2015-08-11 00:00:00+00:00,100.9170063474,-2.7027027026870654,102.26332913711519,-1.2646153143353625,22.43901114663709,38.78862161505999
2015-08-12 00:00:00+00:00,99.9732454547,-0.9351851851918447,101.1182872959076,-1.0999002497636035,18.661127073453265,51.42200730751846
2015-08-13 00:00:00+00:00,100.4684863192,0.4953733994005338,100.7933868075538,-0.3022634251815348,28.17904282977447,61.155170331693036
2015-08-14 00:00:00+00:00,100.132096298,-0.33482142861319675,100.46274155277689,-0.3185424268973658,25.17731686325741,52.07294616734746
2015-08-17 00:00:00+00:00,101.8981439091,1.7637178051722158,101.18044273093844,0.722587689137425,59.31053973534713,69.33850632623906
2015-08-18 00:00:00+00:00,99.9265246184,-1.9348922512846034,100.55348367466922,-0.6061522810735892,33.624009996888006,35.514766863217304
2015-08-19 00:00:00+00:00,99.4686604229,-0.45820086033061536,100.01107204878461,-0.5321765707021022,29.216382496556825,50.09419941745556
2015-08-20 00:00:00+00:00,93.4603608784,-6.0403945513643915,96.7357164635923,-3.286285561033247,8.160434313119016,21.951919855345015
2015-08-21 00:00:00+00:00,92.3577491423,-1.1797640472783866,94.54673280294614,-2.233024804155817,6.8095216827650225,54.9832005711774
2015-08-24 00:00:00+00:00,89.1059789378,-3.5208417644412626,91.82635587037308,-2.8769332842985396,3.9308621661369023,42.1082660558069
2015-08-25 00:00:00+00:00,89.6012198023,0.5557885906238624,90.71378783633654,-1.1605723468373386,12.391583808269688,64.07886274543627
2015-08-26 00:00:00+00:00,92.7221716653,3.4831577850013673,91.71797975081827,1.1612927190820144,52.191916601725985,74.50200643686311
2015-08-27 00:00:00+00:00,95.4693568381,2.9628136652326775,93.59366829445914,2.0620531921573457,70.11689698257054,69.15195998511074
2015-08-28 00:00:00+00:00,95.7590260229,0.3034158754114502,94.67634715867956,1.182734533784398,71.78979410400612,44.599191052423954
2015-08-31 00:00:00+00:00,95.1983759877,-0.585480093611146,94.93736157318978,0.298627220086626,61.753250414946045,37.85963489305765
2015-09-01 00:00:00+00:00,92.9838083484,-2.3262661955348207,93.96058496079489,-1.0138194877240974,33.77554151746954,26.220308531859445
2015-09-02 00:00:00+00:00,95.2077201549,2.3917194251360963,94.58415255784745,0.6889499687059994,60.638132169097666,67.2066716389988
2015-09-03 00:00:00+00:00,95.3011618275,0.0981450584553123,94.94265719267372,0.39354751358065587,61.61932945577972,47.83091376997647
2015-09-04 00:00:00+00:00,94.3480567675,-1.0000980488833577,94.64535698008686,-0.30327526765135093,44.60667950203556,39.625539142115116
2015-09-08 00:00:00+00:00,97.1886836129,3.0107952858002163,95.91702029649343,1.3537600090744326,75.20771822069094,68.87552485606575
2015-09-09 00:00:00+00:00,95.2264084894,-2.0190366311737318,95.57171439294672,-0.3326383110496496,47.82924343674211,36.03537787590215
2015-09-10 00:00:00+00:00,95.87115603,0.6770680012275765,95.72143521147336,0.17221484508896345,55.765706328769824,53.761638672601656
2015-09-11 00:00:00+00:00,97.6278594738,1.832358674438317,96.67464734263669,1.0022867597636402,72.72396154171336,60.75255998683813
2015-09-14 00:00:00+00:00,97.011144435,-0.6316998468715807,96.84289588881835,0.1852934564460298,60.5083614197571,40.94644821629692
2015-09-15 00:00:00+00:00,96.6467219121,-0.37565016372337334,96.74480890045918,-0.09517835363867178,52.667057848662736,43.80218738458564
2015-09-16 00:00:00+00:00,97.1419627766,0.5124238615670906,96.9433858385296,0.20862275396420943,62.55794188347178,55.098766968252434
2015-09-17 00:00:00+00:00,97.3662227907,0.23085802231084251,97.1548043146148,0.21974038813752597,67.21182512587434,50.29103565962651
2015-09-18 00:00:00+00:00,96.0954160441,-1.3051823416542874,96.62511017935739,-0.5427209767583807,32.68242748006295,29.340933104428583
2015-09-21 00:00:00+00:00,96.6280335776,0.554259043173877,96.6265718784787,0.005769033207748131,49.11656570750536,59.771120776160224
2015-09-22 00:00:00+00:00,95.7683701902,-0.8896625084578669,96.19747103433934,-0.44194673762505937,30.87057529570812,39.803988655037465
2015-09-23 00:00:00+00:00,94.9087068028,-0.8976485510745147,95.55308891856967,-0.6697976443497871,19.824092441895484,39.69397965454428
2015-09-24 00:00:00+00:00,94.0210109136,-0.9353155459640217,94.78704991608484,-0.8025565951569044,12.754757667335388,38.932712836456595
2015-09-25 00:00:00+00:00,93.7219975615,-0.31802822496215244,94.25452373879241,-0.5602924100595283,10.807482189237597,58.49838882873214
2015-09-28 00:00:00+00:00,92.0307032884,-1.8045862413359037,93.14261351359622,-1.182439325697716,4.708498479657364,27.115610729583185
2015-09-29 00:00:00+00:00,92.8997108431,0.9442583003812954,93.0211621783481,-0.11909051265821025,33.59196001358473,70.70579774019849
2015-09-30 00:00:00+00:00,95.4973893398,2.796218064755074,94.25927575907406,1.338563776048432,71.85014408647484,81.74137267690044
2015-10-01 00:00:00+00:00,95.9365652008,0.45988258321632003,95.09792047993703,0.899223179632376,75.4385532405342,47.72197527932779
2015-10-02 00:00:00+00:00,96.2449227202,0.32141813578021594,95.67142160006851,0.610320657706296,78.34576086618077,46.01934839578741
2015-10-05 00:00:00+00:00,97.0391769368,0.8252427184227029,96.35529926843427,0.7177816880644994,85.14103421953598,54.81770733018482
2015-10-06 00:00:00+00:00,96.9644235988,-0.07703418388296246,96.65986143361712,0.32037375209076846,81.52910685510065,38.125043544537235
2015-10-07 00:00:00+00:00,96.6093452431,-0.36619446857042437,96.63460333835856,-0.022910358239827955,62.60571657320215,33.25677063418984
2015-10-08 00:00:00+00:00,97.7493336481,1.1799980655405884,97.19196849322928,0.5785438536503802,82.34264150664589,67.02720004668355
2015-10-09 00:00:00+00:00,98.6370295373,0.9081349775699854,97.91449901526464,0.7433394156101828,89.07676028336627,59.13574042925567
2015-10-12 00:00:00+00:00,99.3752187504,0.7483895414965414,98.64485888283232,0.7458644785533621,92.59801797641978,53.57609854451522
2015-10-13 00:00:00+00:00,99.5994787645,0.2256699576815846,99.12216882366616,0.48576721811747336,93.5460963331669,36.65945083313926
2015-10-14 00:00:00+00:00,98.7958803806,-0.8068299090200015,98.95902460213307,-0.16053134545126407,55.40341550356102,18.940307145663933
2015-10-15 00:00:00+00:00,100.8142205076,2.0429395630916725,99.88662255486653,0.9412041088202042,82.41559878803109,72.98996323844008
2015-10-16 00:00:00+00:00,101.1412663615,0.3244044860470252,100.51394445818326,0.6328042974336148,84.67214859046183,45.528989897112076
2015-10-19 00:00:00+00:00,102.2905989338,1.1363636363737495,101.40227169599163,0.8845839669036821,90.85704344592718,56.995551376887285
2015-10-20 00:00:00+00:00,102.6363331222,0.3379921439542466,102.01930240909581,0.6112880554289644,92.26530165558665,43.49220753207485
2015-10-21 00:00:00+00:00,102.8699373035,0.22760378726884856,102.4446198562979,0.41944592134890646,93.30970956206603,41.45521675106733
2015-10-22 00:00:00+00:00,105.8226941559,2.870378781011995,104.13365700609896,1.6449123511804509,98.12078315447575,78.17058501036614
2015-10-23 00:00:00+00:00,105.6731874798,-0.1412803532290896,104.90342224294949,0.7518159989756806,93.03933182334596,37.72703600223616
2015-10-26 00:00:00+00:00,106.0749866718,0.38022813694040813,105.48920445737474,0.5660220679580443,94.2415243667323,45.10423598761607
2015-10-27 00:00:00+00:00,106.3085908531,0.22022551086693376,105.89889765523736,0.39312378941248904,94.99533298439499,42.77232553283289
2015-10-28 00:00:00+00:00,106.8412083866,0.5010108112861511,106.37005302091868,0.4470673003493201,96.54300375008783,49.62761182436336
2015-10-29 00:00:00+00:00,107.4953000945,0.6122092007170066,106.93267655770933,0.5296382505331634,97.79761849420758,52.973975608232976
2015-10-30 00:00:00+00:00,106.2805583514,-1.1300417246448036,106.60661745455467,-0.3002017370558201,48.63151173006722,20.68252271234808
2015-11-02 00:00:00+00:00,107.4953000945,1.142957622676044,107.05095877452733,0.421377942810112,70.71518417155852,63.82990869549896
2015-11-03 00:00:00+00:00,107.9625084572,0.43463143252708836,107.50673361586367,0.42800468766860017,76.53504015875757,50.88971294552669
2015-11-04 00:00:00+00:00,105.8226941559,-1.98199757663865,106.66471388588184,-0.7769964444850249,32.35750397294659,24.9766498693667
2015-11-05 00:00:00+00:00,105.5890899746,-0.2207505518200481,106.12690193024092,-0.4988734981525365,29.563113259491608,51.8049332180266
2015-11-06 00:00:00+00:00,108.0839826315,2.362831858386283,107.10544228087046,0.9319791801168732,70.44794893522905,73.0278563399479
2015-11-09 00:00:00+00:00,108.7847951756,0.6483962998378168,107.94511872823523,0.7901877399773449,76.25521374259418,50.77297327555192
2015-11-10 00:00:00+00:00,109.719211901,0.8589589417268062,108.83216531461761,0.8245733408520756,82.95444692193094,53.38976678782457
2015-11-11 00:00:00+00:00,108.8782368481,-0.7664793050635499,108.85520108135881,0.02904701789426284,60.073517538452826,33.04791961637289
2015-11-12 00:00:00+00:00,108.5885676632,-0.26604874700912884,108.7218843722794,-0.118500864557433,52.58031282377814,43.065689173439196
2015-11-13 00:00:00+00:00,107.3084167494,-1.1789002667118131,108.0151505608397,-0.6487005656346231,28.781716011001986,30.555907542679126
2015-11-16 00:00:00+00:00,108.3175868128,0.9404388714044254,108.16636868681985,0.14586915288490115,53.610011225722715,65.47822353998896
2015-11-17 00:00:00+00:00,108.5138143252,0.18115942034337973,108.34009150600993,0.16351428661414044,57.89165352004373,51.547648686153586
2015-11-18 00:00:00+00:00,110.3919919433,1.7308189098130589,109.36604172465496,0.9471665982135996,81.8897924558592,70.65850855915257
2015-11-19 00:00:00+00:00,110.9246094768,0.4824784154393802,110.14532560072749,0.71482250682649,85.42351366218197,47.852188561532216
2015-11-20 00:00:00+00:00,112.1954162234,1.145649060739573,111.17037091206375,0.9302357837830315,91.4171930765491,58.52073582826545
2015-11-23 00:00:00+00:00,111.5880453519,-0.5413508786229038,111.37920813198187,0.19444245258006387,70.60411249647323,32.86502015571409
2015-11-24 00:00:00+00:00,110.2144527655,-1.2309495896879463,110.79683044874093,-0.5182535685539412,39.83685583452982,25.902219416099435
2015-11-25 00:00:00+00:00,110.8872328078,0.610428147505715,110.84203162827046,0.04608728947588686,54.42733673449797,59.91616597683609
2015-11-27 00:00:00+00:00,107.5793975997,-2.9830622735743106,109.21071461398523,-1.468487492049212,19.51814924086767,25.5642912158144
2015-11-30 00:00:00+00:00,106.0282658355,-1.44184834532326,107.6194902247426,-1.4551679186862359,13.45014661003188,45.62152866632656
2015-12-01 00:00:00+00:00,107.8223459484,1.69207720107718,107.7209180865713,0.11845464119547211,43.776010637451115,70.15250038014436
2015-12-02 00:00:00+00:00,106.5235067,-1.2046104515492373,107.12221239328565,-0.5430779051768826,31.71031766065974,43.158840248984575
2015-12-03 00:00:00+00:00,104.5518874093,-1.850877193005518,105.83704990129283,-1.1969775490912002,19.483006256499618,38.23522941557286
2015-12-04 00:00:00+00:00,106.7477667141,2.1002770578436136,106.2924083076964,0.4516497543762067,51.029079785754874,69.81498575842589
2015-12-07 00:00:00+00:00,106.3646558567,-0.3588935573950458,106.3285320821982,0.046378098490580444,46.28348089914104,47.25736187798052
2015-12-08 00:00:00+00:00,105.1031932773,-1.1859790916820212,105.7158626797491,-0.5698004965957204,31.715806611612788,40.63388443274836
2015-12-09 00:00:00+00:00,104.1594323846,-0.8979374111022675,104.93764753217454,-0.733868953848994,23.43731898715573,44.68396620206225
2015-12-10 00:00:00+00:00,104.1594323846,0.0,104.54853995838727,-0.366934476924497,23.437318987155738,58.06252720206996
2015-12-11 00:00:00+00:00,101.6015264973,-2.455760202163104,103.07503322784363,-1.4113473395438005,9.042977577351296,29.14525312472957
2015-12-14 00:00:00+00:00,102.8334591121,1.212513883669586,102.95424616997181,-0.09941672793710732,36.99675208472791,66.51331824571061
2015-12-15 00:00:00+00:00,105.4760015914,2.5697302241086017,104.21512388068591,1.2351567480857473,68.32177310885932,74.09538175363485
2015-12-16 00:00:00+00:00,107.0088643107,1.453281027127007,105.61199409569295,1.344218887606377,77.88782048793216,57.915036555904514
2015-12-17 00:00:00+00:00,105.3349406049,-1.564285086644568,105.47346735029647,-0.11003309951909546,52.1111834764515,30.71876124900633
2015-12-18 00:00:00+00:00,101.3005963929,-3.8300151771408775,103.38703187159824,-1.9700241383299866,23.725462166039847,20.092272430811292
2015-12-21 00:00:00+00:00,100.2379369617,-1.0490159673674726,101.81248441664911,-1.5095200528487296,19.523603919427362,51.183448047154805
2015-12-22 00:00:00+00:00,100.3789979481,0.14072614688178664,101.09574118237455,-0.6843969529834715,22.264851265558907,60.93689907586327
2015-12-23 00:00:00+00:00,99.2693181882,-1.1054899755761016,100.18252968528728,-0.8949434642797865,15.881452951849646,46.37783473634266
2015-12-24 00:00:00+00:00,99.551440161,0.28419855998722543,99.86698492314363,-0.30537245214628056,24.17215600830093,61.6885901179764
2015-12-28 00:00:00+00:00,100.858605302,1.313054978296635,100.36279511257182,0.5038412630751772,54.998052309389614,70.91205126482002
2015-12-29 00:00:00+00:00,100.6987361841,-0.1585081584474679,100.53076564833592,0.17266655231385464,51.181056920461224,46.75993924804474
2015-12-30 00:00:00+00:00,100.0028353176,-0.6910720957090555,100.26680048296797,-0.2592027716976004,35.220604729216944,39.46344599351646
2015-12-31 00:00:00+00:00,98.8179230316,-1.184878690925939,99.54236175728398,-0.7220407313117697,19.605519070794465,32.426067361534564
2016-01-04 00:00:00+00:00,96.8430692215,-1.998477350579897,98.19271548939199,-1.3602590409458333,9.298867091847487,22.506884572184426
2016-01-05 00:00:00+00:00,94.8870235429,-2.019809671796058,96.53986951614598,-1.6900343563709455,5.221025346710031,22.239323861174665
2016-01-06 00:00:00+00:00,94.3792039917,-0.5351833498817737,95.45953675392299,-1.1126088531263596,4.459464329299236,65.30114543201273
2016-01-07 00:00:00+00:00,93.5704543361,-0.8569151056530666,94.51499554501149,-0.9847619793897131,3.3070953264941605,55.33941151512332
2016-01-08 00:00:00+00:00,93.3353526921,-0.2512562813423158,93.92517411855574,-0.6180091303660145,2.9721926311035394,68.78549859640336
2016-01-11 00:00:00+00:00,93.9654250982,0.6750629723107249,93.94529960837787,0.028526920972355208,31.043984770136692,81.53763087054877
2016-01-12 00:00:00+00:00,95.4136512256,1.541232986373986,94.67947541698894,0.7848799536731705,65.47876928541899,88.26301080970737
2016-01-13 00:00:00+00:00,92.6112396284,-2.937118076085221,93.64535752269447,-1.0761190612060254,26.731709680103652,23.07462231419963
2016-01-14 00:00:00+00:00,93.2036957714,0.6397238017515239,93.42452664704723,-0.21819762972725076,38.308296875504396,59.18730033648224
2016-01-15 00:00:00+00:00,88.3041775092,-5.256785389945284,90.86435207812362,-2.7374915098362673,12.942054321180395,27.39073391478466
2016-01-19 00:00:00+00:00,88.3700059695,0.07454739079941763,89.61717902381181,-1.3314720595184248,14.088533063846928,57.995113516175046
2016-01-20 00:00:00+00:00,87.0252245655,-1.5217622645223527,88.3212017946559,-1.426617162020389,10.037854744751867,48.763832506489436
2016-01-21 00:00:00+00:00,88.4170262983,1.5993084071302288,88.36911404647796,0.08634562255491995,37.80071951674445,65.06987141600436
2016-01-22 00:00:00+00:00,91.1253972379,3.0631780472491155,89.74725564218897,1.5747618349020178,67.27724773410203,71.46007537080092
2016-01-25 00:00:00+00:00,89.6113426502,-1.6615067078909695,89.6792991461945,-0.04337243649447586,48.14497439279844,37.89620857084551
2016-01-26 00:00:00+00:00,90.5329410949,1.0284395004519498,90.10612012054725,0.49253353197873695,58.833811869341154,55.67549805788046
2016-01-27 00:00:00+00:00,88.6991482712,-2.0255531318459474,89.40263419587362,-0.7665097999336052,36.424356450102934,37.42785227330169
2016-01-28 00:00:00+00:00,87.956227076,-0.8375742154011379,88.67943063593681,-0.8020420076673715,29.57803389444251,47.47301956876905
2016-01-29 00:00:00+00:00,90.1097581356,2.4484122741408765,89.39459438576841,0.8231851332367525,61.24846717990844,68.47265661301556
2016-02-01 00:00:00+00:00,89.4796857295,-0.6992277186582241,89.43714005763421,0.06197870728926419,51.15258984278979,43.4903404413017
2016-02-02 00:00:00+00:00,87.5706603797,-2.1334734629835927,88.5039002186671,-1.0357473778471642,29.244470511841705,34.80979903982983
2016-02-03 00:00:00+00:00,89.4702816637,2.1692439862430968,88.98709094118355,0.5667483041979663,56.837161560538696,65.65651316393328
2016-02-04 00:00:00+00:00,89.7429995708,0.30481395836561287,89.36504525599177,0.4357811312817896,60.18111807926926,50.21323998341305
2016-02-05 00:00:00+00:00,88.3041775092,-1.6032694120780677,88.83461138259588,-0.583744140398139,37.30761103547101,36.89218922237862
2016-02-08 00:00:00+00:00,86.6302538035,-1.8956336528083373,87.73243259304795,-1.2396888966032382,22.430238724186434,34.772030129693995
2016-02-09 00:00:00+00:00,86.8183351187,0.21710811978761235,87.27538385587397,-0.5112903884078129,27.31533193807442,59.80880442578083
2016-02-10 00:00:00+00:00,83.5551242992,-3.758665511194692,85.41525407753699,-2.1349779498012524,10.35075301960618,28.70654543264265
2016-02-11 00:00:00+00:00,84.9281179005,1.6432189082544957,85.1716859890185,-0.24587952077337838,35.59535103058314,65.38889622678498
2016-02-12 00:00:00+00:00,85.7180594245,0.9301295537073928,85.44487270675924,0.3421250164670072,48.186898158778455,59.34292123798393
2016-02-16 00:00:00+00:00,87.3731749987,1.9308831596424714,86.40902385272962,1.1365040880547392,67.90665353572341,65.96714753510848
2016-02-17 00:00:00+00:00,89.8088280312,2.7876439565533095,88.1089259419648,1.9620740223040243,82.55908230239118,71.85575128218126
2016-02-18 00:00:00+00:00,89.498493861,-0.3455497382642392,88.80370990148239,0.8082621420198925,75.93336790228402,36.86525347824908
2016-02-19 00:00:00+00:00,89.3480288088,-0.16812020594859645,89.0758693551412,0.32007096803564805,71.74580203172965,39.37300527618612
2016-02-22 00:00:00+00:00,90.6269817525,1.431428270719759,89.8514255538206,0.8757496193777035,83.41048379142069,60.55829944112582
2016-02-23 00:00:00+00:00,89.695979242,-1.0272906506392787,89.77370239791031,-0.07577051563078763,57.493016806374456,33.5373730106511
2016-02-24 00:00:00+00:00,89.7429995708,0.05242189136831499,89.75835098435516,-0.01167431213123632,58.470599807474315,48.6343467997826
2016-02-25 00:00:00+00:00,89.9498890176,0.23053547105564842,89.85412000097759,0.10943057946220605,63.94353646617062,51.36782870260425
2016-02-26 00:00:00+00:00,89.6301507817,-0.35546262412557983,89.74213539133879,-0.12301602233168689,48.98008464389618,40.683404786724154
2016-02-29 00:00:00+00:00,89.8276361627,0.22033364808344835,89.7848857770194,0.04865881287588073,58.07054697831555,54.60114450137466
2016-03-01 00:00:00+00:00,91.8307021701,2.2298994974908837,90.8077939735597,1.1392791551833823,88.70070339661001,79.6265655709907
2016-03-02 00:00:00+00:00,91.2194378955,-0.6656426011724781,91.01361593452984,0.2368182770054521,66.47278074566542,36.33603424554747
2016-03-03 00:00:00+00:00,92.9309778643,1.8762886598366668,91.97229689941491,1.0565534684210593,83.66516010522632,62.897900846124976
2016-03-04 00:00:00+00:00,92.6112396284,-0.34405990687722543,92.29176826390746,0.35624678077191696,73.15347800873637,40.66704658011617
2016-03-07 00:00:00+00:00,93.4670096128,0.9240454914908325,92.87938893835373,0.6401461361313747,82.1547507927296,54.45710450476587
2016-03-08 00:00:00+00:00,91.9905712881,-1.5796357782455472,92.43498011322686,-0.46974482105708626,43.987320560328634,32.25536410150652
2016-03-09 00:00:00+00:00,91.8401062359,-0.1635657329801421,92.13754317456343,-0.3166552770186142,41.070549510881044,49.66529229746991
2016-03-10 00:00:00+00:00,91.2570541586,-0.6348556215760137,91.69729866658172,-0.47575544929731395,29.64476915243419,44.01792219164899
2016-03-11 00:00:00+00:00,92.1034200772,0.9274525968469893,91.90035937189086,0.2258485737748377,56.18559205492805,64.23806202411976
2016-03-14 00:00:00+00:00,92.9215737985,0.8882989585123235,92.41096658519544,0.5570737661435806,71.67779219548686,63.37752984307655
2016-03-15 00:00:00+00:00,92.3855420501,-0.5768646897462038,92.39825431764771,-0.009895461801311567,53.19353932181083,36.175743662141414
2016-03-16 00:00:00+00:00,92.5736233653,0.2035830618366763,92.48593884147385,0.09684380001768236,58.7871964187599,52.47403329783865
2016-03-17 00:00:00+00:00,93.6644949938,1.1783827712947836,93.07521691763694,0.637613285656233,79.79470347466643,67.85377554856183
2016-03-18 00:00:00+00:00,93.2883323633,-0.40160642570581384,93.18177464046846,0.11800342997520957,63.14596823905528,37.97565186625834
2016-03-21 00:00:00+00:00,92.5924314969,-0.7459677419142774,92.88710306868424,-0.31398215596953394,39.991396965745835,33.19676674804746
2016-03-22 00:00:00+00:00,91.7648737098,-0.8937639650684726,92.32598838924213,-0.6038730605190032,24.177371969774384,30.708906710308362
2016-03-23 00:00:00+00:00,91.0595687776,-0.7686001229952888,91.69277858342107,-0.686236591757146,16.059058999412628,36.732018769121964
2016-03-24 00:00:00+00:00,91.4263273423,0.402767737233356,91.55955296286054,-0.141734427261895,33.48101504814348,71.50413241472287
2016-03-28 00:00:00+00:00,92.2444810636,0.8948775971683087,91.90201701323028,0.37657158495320686,60.74406024239119,78.83462429721526
2016-03-29 00:00:00+00:00,92.310309524,0.07136303401675814,92.10616326861515,0.2239673094849825,62.594334809096175,47.90249385066105
2016-03-30 00:00:00+00:00,93.0156144562,0.7640586797259319,92.56088886240758,0.4940129946054572,78.716604847222,65.1534999382637
2016-03-31 00:00:00+00:00,93.3917770867,0.4044080477231482,92.9763329745538,0.4492105211643027,84.17366882204212,51.79604488297722
2016-04-01 00:00:00+00:00,93.1660795084,-0.24166750579173168,93.0712062414769,0.10377150768628551,68.3916154298684,33.36442909550203
2016-04-04 00:00:00+00:00,92.7993209436,-0.3936610478140201,92.93526359253845,-0.1449447700638673,46.939492884709146,29.642144942452582
2016-04-05 00:00:00+00:00,91.2194378955,-1.702472638846353,92.07735074401921,-0.9237087044551101,15.508140495625918,12.143359048428719
2016-04-06 00:00:00+00:00,91.6708330521,0.4948453608288217,91.8740918980596,-0.2144316718131442,34.34861315002667,64.66850875497825
2016-04-07 00:00:00+00:00,90.4294963715,-1.3541239228125113,91.1517941347798,-0.7842777973128278,17.89161890000841,36.85640948969672
2016-04-08 00:00:00+00:00,90.6740020813,0.27038269548194105,90.91289810803991,-0.25694755091544336,28.073354039427976,59.69881336128005
2016-04-11 00:00:00+00:00,90.5329410949,-0.15556938390512975,90.72291960146995,-0.20625846741028656,25.352731831569834,52.26286653230532
2016-04-12 00:00:00+00:00,91.5485801972,1.1218448114210355,91.13574989933497,0.4577931720053745,63.526933786731455,69.40546589490623
2016-04-13 00:00:00+00:00,93.5516462046,2.187981510019399,92.3436980519675,1.3228873410123867,85.48552526004285,78.89399342038328
2016-04-14 00:00:00+00:00,92.7523006148,-0.8544431041350276,92.54799933338376,0.23422211843867957,62.83936512710395,33.89562282214509
2016-04-15 00:00:00+00:00,92.7146843518,-0.0405556118292183,92.63134184259188,0.09683325330473064,61.68585893583229,46.20717957769281
2016-04-18 00:00:00+00:00,95.4324593571,2.9313317780251147,94.03190059984594,1.5140825156649227,87.18323861816629,73.37118560799246
2016-04-19 00:00:00+00:00,96.5233309855,1.143082380721272,95.27761579267298,1.3285824481930972,90.84955583401572,50.399868275590016
2016-04-20 00:00:00+00:00,97.1157871286,0.6137957911844127,96.19670146063649,0.971189119688755,92.57894007505126,44.24923052463205
2016-04-21 00:00:00+00:00,96.7772407611,-0.34860075535576573,96.48697111086824,0.3112941821664946,79.67238471386348,33.19902220549018
2016-04-22 00:00:00+00:00,97.5859904167,0.8356816636221787,97.03648076378411,0.5734879228943366,86.44425618265896,54.275770985441106
2016-04-25 00:00:00+00:00,98.3383156777,0.770935723240096,97.68739822074205,0.6722118230672163,90.74593252025018,52.90684126360925
2016-04-26 00:00:00+00:00,98.6392457821,0.30601510949841426,98.16332200142102,0.48911346628281527,92.2260820190699,41.6044066622086
2016-04-27 00:00:00+00:00,99.0060043468,0.371818095112153,98.58466317411052,0.43046578069748415,93.98490239112368,44.13798770617207
2016-04-28 00:00:00+00:00,97.8304961265,-1.187310030392108,98.20757965030526,-0.37842212484731197,45.01790477536942,17.36354139727534
2016-04-29 00:00:00+00:00,97.1063830628,-0.7401711044822568,97.65698135655263,-0.5592966146647844,30.388500911809782,34.46500161625018
2016-05-02 00:00:00+00:00,98.1408302967,1.0652721286416478,97.89890582662632,0.2529877569884317,58.96422368881582,70.91744607937379
2016-05-03 00:00:00+00:00,97.5953944825,-0.5557684936545182,97.74715015456316,-0.15139036833304326,44.51237082383546,40.54451147065218
2016-05-04 00:00:00+00:00,97.4919497591,-0.10599344769137709,97.61954995683158,-0.12869190801221017,41.61102616448888,49.53910135287456
2016-05-05 00:00:00+00:00,98.6768620451,1.2153950033083616,98.14820600096579,0.5433515476480757,72.45701580799516,69.72365830749305
2016-05-06 00:00:00+00:00,99.2505100567,0.5813399410064424,98.69935802883289,0.562345744327259,80.09375246735016,54.13719121461508
2016-05-09 00:00:00+00:00,99.0624287414,-0.1895016108154457,98.88089338511645,0.18642206675590667,70.48270338710522,38.45902683513738
2016-05-10 00:00:00+00:00,100.2473410275,1.1961268274505832,99.56411720630823,0.6912744471032449,86.16793580085002,65.44308934301289
2016-05-11 00:00:00+00:00,96.1941886839,-4.04315196997408,97.87915294510411,-1.6759387614354173,23.122753212869153,18.768252997929167
2016-05-12 00:00:00+00:00,95.6487528696,-0.5670153486010743,96.76395290735206,-1.1214770550182458,20.147228795664873,52.49047969323472
2016-05-13 00:00:00+00:00,94.5296690439,-1.1699931176579748,95.64681097562604,-1.1457350863381102,14.4317445287226,47.37341544767368
2016-05-16 00:00:00+00:00,94.3792039917,-0.15917230402037186,95.01300748366302,-0.652453695179241,13.650732110216735,57.73421749391482
2016-05-17 00:00:00+00:00,93.9842332297,-0.41849342365161135,94.4986203566815,-0.5354735594154262,11.2528755970518,53.6682787724134
2016-05-18 00:00:00+00:00,93.100251048,-0.9405643386370066,93.79943570234076,-0.7380189490262163,7.078579910367635,44.25621817693899
2016-05-19 00:00:00+00:00,92.545411168,-0.5959595959778241,93.17242343517037,-0.6669892725020202,5.246311225792638,52.50351343360484
2016-05-20 00:00:00+00:00,93.8337681775,1.3921349456875953,93.50309580633518,0.36257283659278755,50.170996133888806,79.17122862918403
2016-05-23 00:00:00+00:00,93.2695242317,-0.601322910460822,93.3863100190176,-0.11937503693401721,38.25565463355322,42.923502824537536
2016-05-24 00:00:00+00:00,93.5798584019,0.3327283726987318,93.4830842104588,0.10667666788235729,48.371403474881966,56.81868305966457
2016-05-25 00:00:00+00:00,93.9090007036,0.351723444896046,93.69604245702939,0.22920005638920166,59.04582585626232,57.13699357643235
2016-05-26 00:00:00+00:00,93.8619803748,-0.05007009812446617,93.7790114159147,0.08956497913236774,56.54081646299567,46.30645804716375
2016-05-27 00:00:00+00:00,94.3133755314,0.48091373610223975,94.04619347365735,0.28523935761730373,73.02209432870286,60.971517227704275
2016-05-31 00:00:00+00:00,93.3071404948,-1.0669059727005492,93.67666698422867,-0.3908333075416227,32.195701500815986,27.78706074183618
2016-06-01 00:00:00+00:00,92.6488558914,-0.7055029228300924,93.16276143781434,-0.5481681151858575,20.78958052849292,39.348501137767414
2016-06-02 00:00:00+00:00,92.8369372067,0.20300446615386658,92.99984932225718,-0.17258182451599546,31.230926145073308,62.18039118534428
2016-06-03 00:00:00+00:00,92.865149404,0.030388978943984846,92.93249936312858,-0.07109642278600531,33.21179820871728,56.15567576268182
2016-06-06 00:00:00+00:00,92.8933616013,0.030379746849140687,92.91293048221429,-0.02035833796843231,35.9779993254241,56.155239261797355
2016-06-07 00:00:00+00:00,92.4889867735,-0.43531079167484776,92.70095862785715,-0.22783456482164005,19.031180434624066,35.3591491006929
2016-06-08 00:00:00+00:00,92.1974607348,-0.3152008134913675,92.44920968132857,-0.27151768915650376,12.60866866682056,43.4598288166743
2016-06-09 00:00:00+00:00,92.0093794196,-0.20399836796048954,92.22929455046429,-0.23775802855849665,9.504593174021473,51.841224463748006
2016-06-10 00:00:00+00:00,91.5391761315,-0.5110384300666571,91.88423534098214,-0.3743982293125768,4.942080271931853,32.12076387531968
2016-06-13 00:00:00+00:00,91.755469644,0.23628518590694814,91.81985249249107,-0.06905652170281434,28.593507980444162,71.58464558855735
2016-06-14 00:00:00+00:00,92.5360071023,0.8506713129237786,92.17792979739554,0.39080739561048217,69.57312606588953,83.45006509563237
2016-06-15 00:00:00+00:00,92.4137542474,-0.13211382112570114,92.29584202239778,0.12934678724239052,61.307087751234576,41.6847549846746
2016-06-16 00:00:00+00:00,92.5171989708,0.11193650148986212,92.40652049659889,0.12064164436612632,66.37732976420558,50.847875371063914
2016-06-17 00:00:00+00:00,93.100251048,0.6302093920764085,92.75338577229945,0.3754255182212674,84.0489585106291,67.24352964425306
2016-06-20 00:00:00+00:00,93.6362827965,0.5757575758024824,93.19483428439972,0.4755915470118749,90.75195272393552,63.88513733732972
2016-06-21 00:00:00+00:00,92.9309778643,-0.7532389274068407,93.06290607434985,-0.13882369019748292,49.607835701108705,22.586605323270632
2016-06-22 00:00:00+00:00,92.902765667,-0.030358227093230106,92.98283587067493,-0.08459095864535651,48.294132118150955,49.31803864910644
2016-06-23 00:00:00+00:00,93.1190591795,0.23281708671114565,93.05094752508747,0.07411306403289457,60.364687035198536,57.35892707707921
2016-06-24 00:00:00+00:00,90.0157174779,-3.332660068673887,91.53333250149373,-1.6292735023204963,10.020407109035542,13.57882948771728
2016-06-27 00:00:00+00:00,88.7555726658,-1.3999164228284622,90.14445258364687,-1.5145949625744792,6.644906595797643,46.673903444864706
2016-06-28 00:00:00+00:00,90.3260516481,1.7694426785048067,90.23525211587344,0.12742385796516376,42.71751737747649,72.54004000647609
2016-06-29 00:00:00+00:00,91.200629764,0.968245705355586,90.71794093993671,0.5478347816603748,56.69515514601213,61.27058513132694
2016-06-30 00:00:00+00:00,91.9905712881,0.8661579707773148,91.35425611401836,0.7069963762188448,67.45458688686732,59.503754132258074
2016-07-01 00:00:00+00:00,92.1880566691,0.21468002452285084,91.77115639155917,0.46083820037084783,70.22845313143668,46.631844368974704
2016-07-05 00:00:00+00:00,91.8401062359,-0.37743547892429286,91.80563131372958,0.041701360723277486,57.317540022278486,36.01151500769538
2016-07-06 00:00:00+00:00,92.5830274311,0.8089289370939445,92.19432937241478,0.425315148908611,73.13524259583048,62.012828538361205
2016-07-07 00:00:00+00:00,93.2130998372,0.6805485017962853,92.7037146048074,0.5529318253524482,81.74262731273457,58.17569402125703
2016-07-08 00:00:00+00:00,94.3592013594,1.2295498424595985,93.5314579821037,0.8912408339060234,90.25859264003027,70.05939813305962
2016-07-11 00:00:00+00:00,94.7001902421,0.36137321828448865,94.11582411210185,0.626307026095256,91.93701048494978,41.85191397070279
2016-07-12 00:00:00+00:00,94.908572337,0.2200440087472444,94.51219822455093,0.4231755174212502,93.03677619928752,38.10561818894258
2016-07-13 00:00:00+00:00,94.605471108,-0.3193612774236465,94.55883466627546,0.05190711999880185,71.69950810372927,25.194438005352463
2016-07-14 00:00:00+00:00,94.6907183286,0.09010812969016957,94.62477649743772,0.07100762484448571,74.19613010859489,46.02036683002402
2016-07-15 00:00:00+00:00,94.5296958007,-0.17005101528664301,94.57723614906885,-0.04952169522107865,59.35918716942314,36.37037115392485
2016-07-18 00:00:00+00:00,94.86121277,0.35070140286810325,94.71922445953442,0.1505898538235123,74.8751124865981,60.9536894562965
2016-07-19 00:00:00+00:00,94.2171226583,-0.67898152774164,94.46817355891721,-0.26419583695906385,35.44180289339002,28.404794695264638
2016-07-20 00:00:00+00:00,93.0331334824,-1.2566602996294085,93.7506535206586,-0.7604280682942361,14.453227953958597,19.597940067076678
2016-07-21 00:00:00+00:00,92.8342233009,-0.21380574216348647,93.29243841077931,-0.4871169052288613,12.576401633435209,56.293053439554875
2016-07-22 00:00:00+00:00,92.5500658987,-0.30609121517500837,92.92125215473965,-0.39660406020193484,9.838680000725626,53.07752343037944
2016-07-25 00:00:00+00:00,92.2469646697,-0.32749974411876437,92.58410841221982,-0.3620519021603496,7.297102667513005,52.04308292203799
2016-07-26 00:00:00+00:00,91.5839307312,-0.7187596262641982,92.08401957170992,-0.5404057642122739,3.9494414805673306,33.920315857993465
2016-07-27 00:00:00+00:00,91.2429418485,-0.37232392186878904,91.66348071010495,-0.4563648430405315,2.9170741917018512,54.81725538099569
2016-07-28 00:00:00+00:00,90.8451214855,-0.43600124562022113,91.25430109780248,-0.4461830443303763,2.0015019487979684,50.42103085737543
2016-07-29 00:00:00+00:00,90.8830091391,0.041705765791766325,91.06865511845123,-0.202238639269305,6.207000868831725,73.93962365156868
2016-08-01 00:00:00+00:00,90.4946606894,-0.4273058885028824,90.78165790392562,-0.3147722638860937,3.739604556909832,43.529804608064836
2016-08-02 00:00:00+00:00,89.9926492788,-0.5547414695802111,90.38715359136282,-0.4347568667331524,2.1118192557193827,37.28068531189484
2016-08-03 00:00:00+00:00,91.0156159268,1.1367224503312512,90.7013847590814,0.3509827917990494,57.99668182376749,83.74396930731766
2016-08-04 00:00:00+00:00,90.1347279799,-0.9678426475830837,90.4180563694907,-0.3084299278920172,33.38093947605741,35.14800700026917
2016-08-05 00:00:00+00:00,90.7693461782,0.7040773434646708,90.59370127384534,0.1978237077863268,54.32865625537016,61.66002752919715
2016-08-08 00:00:00+00:00,90.6935708709,-0.08348116461170951,90.64363607237267,0.05717127158730864,51.43211942963442,47.84097868994189
2016-08-09 00:00:00+00:00,91.5649869044,0.9608355092120435,91.10431148838634,0.5090033903996761,74.70008052454973,63.92312458495541
2016-08-10 00:00:00+00:00,92.6921445998,1.2309920347357561,91.89822804409317,0.8699977125677161,86.8879845022832,67.77824750726529
2016-08-11 00:00:00+00:00,92.6068973791,-0.09196811776019942,92.2525627115966,0.38901479740375833,82.38554671710318,37.97245975846678
2016-08-12 00:00:00+00:00,91.7260094323,-0.9512120281861436,91.9892860719483,-0.28109861539119263,45.68871179028868,26.58351231889734
2016-08-15 00:00:00+00:00,91.9722791809,0.2684840975031966,91.98078262642414,-0.006307258943998029,54.2369099354776,55.19609924685614
2016-08-16 00:00:00+00:00,91.7638970859,-0.22657054588169911,91.87233985616207,-0.11643890241284857,45.20617959168414,44.61093501728093
2016-08-17 00:00:00+00:00,91.7544251725,-0.010322047886790475,91.81338251433104,-0.06338047514981952,44.69873139729157,50.793932782788055
2016-08-18 00:00:00+00:00,91.5460430776,-0.22710849586626836,91.67971279596551,-0.14524448550804395,32.61653953195131,43.49319634974059
2016-08-19 00:00:00+00:00,91.299773329,-0.2690118986259704,91.48974306248276,-0.20712819206700717,22.05052192017041,41.75318200175259
2016-08-22 00:00:00+00:00,90.8072338318,-0.5394750493247447,91.14848844714137,-0.3733016206958759,11.18271442664292,30.096062379631356
2016-08-23 00:00:00+00:00,90.9019529659,0.10430791700519748,91.02522070652068,-0.13449685184533922,22.238188005690155,64.99267364262344
2016-08-24 00:00:00+00:00,90.7598742648,-0.15629884338490552,90.89254748566034,-0.14539784761512237,17.37267123504722,49.874545509826035
2016-08-25 00:00:00+00:00,90.5041326028,-0.28177833439241295,90.69834004423018,-0.21358809100376766,10.921153907870384,42.70077179656048
2016-08-26 00:00:00+00:00,90.182087547,-0.35583464151121014,90.44021379561508,-0.2847113662574889,6.418703161260738,37.8776097844029
2016-08-29 00:00:00+00:00,89.8600424911,-0.35710534614997735,90.15012814335753,-0.32090835620373315,3.966071809151753,37.76781245447642
2016-08-30 00:00:00+00:00,89.8505705777,-0.010540739952291656,90.00034936052876,-0.1657245480780124,3.900321509945536,71.52989164921289
2016-08-31 00:00:00+00:00,89.4716940415,-0.42167404587860613,89.73602170101438,-0.29369929697830927,1.9553507354181001,36.39471455934505
2016-09-01 00:00:00+00:00,89.2822557733,-0.21172983280292046,89.50913873715719,-0.25271456489061483,1.4231061688209004,53.783351356497285
2016-09-02 00:00:00+00:00,89.4338063878,0.16974326330285727,89.4714725624786,-0.04148565079387878,25.694249647960337,73.51656738475332
2016-09-06 00:00:00+00:00,88.8465477566,-0.6566405422280153,89.15901015953929,-0.349063096510947,10.568865045424701,30.793286111750547
2016-09-07 00:00:00+00:00,88.7613005359,-0.09594882733490184,88.96015534771965,-0.22250596192292443,9.368085179637765,56.513234247966885
2016-09-08 00:00:00+00:00,89.1212332454,0.4055063494190492,89.04069429655982,0.09150019374806237,47.29356240544685,70.98104609649612
2016-09-09 00:00:00+00:00,87.5394237064,-1.7748963758663527,88.2900590014799,-0.8416980910591452,12.583072759742311,22.392137233766714
2016-09-12 00:00:00+00:00,88.6949971421,1.3200605930142828,88.49252807178995,0.23918125097756882,51.549549995118966,68.41979407131451
2016-09-13 00:00:00+00:00,87.8046372818,-1.00384451095199,88.14858267679497,-0.3823316299872106,34.02217270474537,41.01937460809793
2016-09-14 00:00:00+00:00,87.3878730919,-0.47464940668501265,87.76822788434748,-0.4284905183361116,27.465351999675615,48.11665701796871
2016-09-15 00:00:00+00:00,87.6151990137,0.26013440281460465,87.69171344902375,-0.08417805776075349,37.34490863644405,58.51394114761357
2016-09-16 00:00:00+00:00,87.6720304941,0.06486486481769305,87.68187197156188,-0.009656596471530221,40.389613176678886,54.185410392485835
2016-09-19 00:00:00+00:00,87.738333888,0.07562662062956527,87.71010292978093,0.03298501207901752,45.06161223866576,54.46387953545939
2016-09-20 00:00:00+00:00,88.041435117,0.3454604339614198,87.87576902339046,0.18922272302021864,64.26614871694716,62.93660242146331
2016-09-21 00:00:00+00:00,87.5110079662,-0.6024744486446743,87.69338849479523,-0.2066258628122278,33.513703629424725,31.77839996468587
2016-09-22 00:00:00+00:00,88.4771431337,1.1040155860999379,88.0852658142476,0.448694861643855,71.18533228885218,70.80628339488318
2016-09-23 00:00:00+00:00,88.344536346,-0.1498768868470557,88.21490108012381,0.14940898739839967,63.74875515576757,43.425505641365916
2016-09-26 00:00:00+00:00,87.1037156897,-1.4045244987650918,87.6593083849119,-0.627557755683346,25.84813548682353,27.47755704042907
2016-09-27 00:00:00+00:00,86.876389768,-0.2609830360277954,87.26784907645595,-0.4442703958555707,22.218086682965314,51.7189681616432
2016-09-28 00:00:00+00:00,87.3310416115,0.5233318795982767,87.29944534397796,0.03953074187135297,45.274592881828475,64.07358268493685
2016-09-29 00:00:00+00:00,86.9521650752,-0.43383947942069456,87.12580520958898,-0.1971543687746708,33.034337254058464,43.63412374759769
2016-09-30 00:00:00+00:00,87.9561878964,1.1546840959413496,87.54099655299449,0.47876486358333936,67.72217887327693,68.58297882595419
2016-10-03 00:00:00+00:00,87.6057271003,-0.39844927853488477,87.57336182664724,0.0401577925242273,53.273622595588336,41.587029489985746
2016-10-04 00:00:00+00:00,87.7004462344,0.1081197967703229,87.63690403052362,0.0741387946472751,56.99340964950329,51.01952183359144
2016-10-05 00:00:00+00:00,87.5678394467,-0.1512042337225683,87.60237173861182,-0.0385327195376466,48.83015468931345,45.39113936667269
2016-10-06 00:00:00+00:00,87.9277721561,0.41103299073523836,87.76507194735592,0.18625013559879589,67.678604698135,59.81005794792805
2016-10-07 00:00:00+00:00,87.6057271003,-0.3662609069956524,87.68539952382795,-0.09000538569842825,45.289192400558065,38.648137890274064
2016-10-10 00:00:00+00:00,87.6057271003,0.0,87.64556331206398,-0.045002692849214126,45.28919240055806,50.92161635229118
2016-10-11 00:00:00+00:00,87.0089965557,-0.6811547193904421,87.32727993388198,-0.3630787061198281,19.03526258003912,32.68255782628453
2016-10-12 00:00:00+00:00,86.5827604524,-0.4898758980942164,86.955020193141,-0.4264773021070223,11.742174101512218,41.50751638047655
2016-10-13 00:00:00+00:00,86.3080749636,-0.3172519418008224,86.6315475783705,-0.37186462195392234,8.568650232689324,50.323340040199945
2016-10-14 00:00:00+00:00,86.4785694049,0.19754170322059394,86.55505849163525,-0.0871614593666642,26.95006225905334,70.32805088322547
2016-10-17 00:00:00+00:00,86.0333894748,-0.5147864183733475,86.29422398321762,-0.30097393887000584,15.077725861450425,38.308581394901324
2016-10-18 00:00:00+00:00,86.3554345306,0.3743256632871894,86.3248292569088,0.036675862208591786,42.54333148905231,66.69683727097743
2016-10-19 00:00:00+00:00,87.0752999495,0.8336075463147852,86.7000646032044,0.43514170426168847,72.43504417812639,75.45021558227275
2016-10-20 00:00:00+00:00,87.1700190836,0.1087784183975593,86.93504184340219,0.2719600613296239,75.00186543342839,46.51072382872055
2016-10-21 00:00:00+00:00,88.1172104243,1.08660219494916,87.5261261338511,0.679281128139392,89.57013924488709,69.8847371579177
2016-10-24 00:00:00+00:00,88.4392554801,0.365473503132141,87.98269080697554,0.5223773156357665,91.95980538944322,47.11106976506906
2016-10-25 00:00:00+00:00,87.8519968489,-0.664024847350897,87.91734382793777,-0.07082376585756522,56.531355498595914,27.74767826229132
2016-10-26 00:00:00+00:00,88.552918441,0.7978436657570143,88.23513113446889,0.3635099499497245,74.27495049337504,61.47471710753544
2016-10-27 00:00:00+00:00,89.0549298515,0.566905551322372,88.64503049298445,0.46520775063604825,82.11714716706335,55.35207499552754
2016-10-28 00:00:00+00:00,88.8939073236,-0.1808125930462312,88.76946890829223,0.14219757879490852,71.61348742192968,37.306789006434556
2016-10-31 00:00:00+00:00,87.7951653684,-1.236014917423145,88.28231713834612,-0.5469086693141182,31.012204456020584,22.07357344035589
2016-11-01 00:00:00+00:00,87.5110079662,-0.3236595101878903,87.89666255227306,-0.43528408975100424,25.4211401939756,49.05337317838153
2016-11-02 00:00:00+00:00,87.0563561227,-0.5195367463663558,87.47650933748653,-0.47741041805868,17.74368974434454,44.13268864860638
2016-11-03 00:00:00+00:00,88.4392554801,1.588510499395257,87.95788240879327,0.5555500406682885,65.40833385684486,78.67141508637522
2016-11-04 00:00:00+00:00,87.5678394467,-0.9853271928505491,87.76286092774663,-0.21488857609113032,42.261270174864514,36.896038988833354
2016-11-07 00:00:00+00:00,89.4432783012,2.1416982151780894,88.60306961447331,0.9634048195434796,73.0499483397455,67.93024217982045
2016-11-08 00:00:00+00:00,89.3959187342,-0.05294927455645748,88.99949417433666,0.45522777249351104,71.60365925610965,44.75760578481076
2016-11-09 00:00:00+00:00,89.6421884828,0.27548209368732923,89.32084132856832,0.3653549330904201,75.40227027267419,48.686875662385454
2016-11-10 00:00:00+00:00,89.9452897118,0.33812341502368337,89.63306552018416,0.35173917405705174,80.2738756429851,49.71023120160678
2016-11-11 00:00:00+00:00,92.5216501585,2.8643639427424095,91.07735783934208,1.6080515583997306,94.40417519921125,77.2076589031429
2016-11-14 00:00:00+00:00,92.7489760802,0.2457002456295987,91.91316695977105,0.9268759020146646,94.88875967838511,41.72990510931046
2016-11-15 00:00:00+00:00,92.5405939853,-0.22467320255891154,92.22688047253553,0.35110134972787654,84.7923957713848,37.132580281487485
2016-11-16 00:00:00+00:00,93.8856056891,1.4534288638925918,93.05624308081777,0.9022651068102342,92.50918133786578,60.44968329319875
2016-11-17 00:00:00+00:00,94.1224035242,0.2522195318035658,93.58932330250889,0.5772423193069001,93.39436452723336,43.2328179148661
2016-11-18 00:00:00+00:00,93.0520773093,-1.1371641339617877,93.32070030590444,-0.27996090732744383,51.851582161613315,28.93481207335087
2016-11-21 00:00:00+00:00,92.4742905914,-0.6209283388477926,92.89749544865222,-0.45044462308761823,38.12116519079413,39.99508698500352
2016-11-22 00:00:00+00:00,92.5500658987,0.08194202606517376,92.72378067367612,-0.18425129851122224,41.18497237482239,54.4677007328224
2016-11-23 00:00:00+00:00,93.0710211361,0.5628901852649193,92.89740090488806,0.18931944337684853,61.065195748614016,63.50281789990531
2016-11-25 00:00:00+00:00,93.6014482869,0.5699165479492674,93.24942459589403,0.379617995663058,74.32143434832082,63.66083812251989
2016-11-28 00:00:00+00:00,93.743526988,0.15179113539409705,93.496475791947,0.2657045655285775,77.41147805412555,45.91562868828245
2016-11-29 00:00:00+00:00,94.4065609264,0.7072850357815907,93.9515183591735,0.4864948006550841,87.73927966858416,65.22991084561787
2016-11-30 00:00:00+00:00,93.8856056891,-0.5518210092475884,93.91856202413675,-0.03266310429625213,57.015763115953845,29.460150867065828
2016-12-01 00:00:00+00:00,93.7151112477,-0.18159806303492676,93.81683663591838,-0.10713058366558945,48.652379482821566,43.19816323695655
2016-12-02 00:00:00+00:00,93.2983470578,-0.4447139680584078,93.5575918468592,-0.27592227586199863,31.636690132538753,35.77138919261716
2016-12-05 00:00:00+00:00,94.6812464152,1.4822335025327593,94.11941913102959,0.6031556133353804,75.05673258760697,77.76509633663794
2016-12-06 00:00:00+00:00,95.3442803537,0.7002801120640445,94.7318497423648,0.6517178626997124,82.87776467149574,55.6268795783166
2016-12-07 00:00:00+00:00,96.6040448368,1.3212795549210066,95.6679472895824,0.9864987088103595,90.95796146631142,66.86408830450436
2016-12-08 00:00:00+00:00,98.6594500461,2.127659574474694,97.1636986678412,1.5570791416425267,95.80404890643614,77.80972397932375
2016-12-09 00:00:00+00:00,100.0718701087,1.4316115303095733,98.6177843882706,1.4943453359760501,97.29718389989223,54.50029495935259
2016-12-12 00:00:00+00:00,99.3083998046,-0.7629219912355989,98.9630920964353,0.3657116723702256,75.51032867452544,22.551105096212027
2016-12-13 00:00:00+00:00,99.1079888498,-0.20180664998563635,99.03554047311765,0.08195251119229463,69.39211075505122,36.76784888396852
2016-12-14 00:00:00+00:00,99.2988564258,0.1925854597748522,99.16719844945882,0.1372689854835734,72.56742765102908,47.02097317348355
2016-12-15 00:00:00+00:00,99.623331305,0.3267659778564136,99.39526487722941,0.2320174816699935,78.30630981075606,51.06995981163464
2016-12-16 00:00:00+00:00,99.1652491226,-0.4598141583898263,99.28025699991471,-0.1138983383599164,54.26591930335071,30.543729387751203
2016-12-19 00:00:00+00:00,100.491778776,1.3376960831913864,99.88601788795737,0.611898872415735,80.40150673034408,70.78880179442763
2016-12-20 00:00:00+00:00,100.6444728368,0.15194681859533876,100.26524536237869,0.3819228455055369,82.16163308627674,44.99262540753904
2016-12-21 00:00:00+00:00,100.7399066248,0.09482268157412488,100.50257599358935,0.2383727635398309,83.54691975316513,43.83821123775153
2016-12-22 00:00:00+00:00,100.6062993216,-0.1326259946791586,100.55443765759468,0.05287338443033615,71.83240593020606,38.01304884405275
2016-12-23 00:00:00+00:00,100.3486280939,-0.2561183836772729,100.45153287574735,-0.10162249962346838,51.10366710744097,34.301028157148416
2016-12-27 00:00:00+00:00,100.3677148515,0.019020446978235128,100.40962386362366,-0.041301026322616625,52.622744349977786,50.466254968626934
2016-12-28 00:00:00+00:00,99.5374408958,-0.8272321004104133,99.97353237971183,-0.434266563366515,17.38364154966531,23.635659392174638
2016-12-29 00:00:00+00:00,99.7855687447,0.24928092049276707,99.8795505622059,-0.09249282143687396,36.45825822271608,62.0921190809929
2016-12-30 00:00:00+00:00,99.4610938654,-0.32517215002317856,99.67032221380296,-0.20883248573002627,25.093722648833783,44.25374548665833
2017-01-03 00:00:00+00:00,101.2361623224,1.784686240634148,100.45324226810149,0.7879268774520608,78.94640452399085,78.41582314541374
2017-01-04 00:00:00+00:00,102.5340618394,1.2820512820968633,101.49365205375074,1.034989079774462,88.22840584315945,64.32865506513775
2017-01-05 00:00:00+00:00,102.4768015666,-0.05584512285261578,101.98522681017536,0.48957197846092315,85.72726627093675,37.45989585199538
2017-01-06 00:00:00+00:00,104.0037421748,1.4900353883582351,102.99448449248769,0.9898036834095791,93.31155327227131,63.72205792606304
2017-01-09 00:00:00+00:00,103.4120526891,-0.5689117269506938,103.20326859079384,0.21044597822944267,71.29188937367351,34.65146075801878
2017-01-10 00:00:00+00:00,103.4311394467,0.018456995199001014,103.31720401874692,0.11445148671422184,71.61598905036112,45.32502846311081
2017-01-11 00:00:00+00:00,104.4427375996,0.9780402288048773,103.87997080917346,0.5462458577595496,85.04147292420947,60.95356230005547
2017-01-12 00:00:00+00:00,102.6199522486,-1.7452485379959803,103.24996152888673,-0.5995013401182154,37.32469018163109,27.495749849684312
2017-01-13 00:00:00+00:00,103.1257513251,0.49288570635337425,103.18785642699336,-0.05330781688242059,49.190980202014295,56.757204364810256
2017-01-17 00:00:00+00:00,103.0398609159,-0.08328706273299513,103.11385867144668,-0.06829743980770786,46.92786250290064,49.104550956256716
2017-01-18 00:00:00+00:00,103.2211851131,0.17597480779598662,103.16752189227334,0.05383868399413938,53.67662586578502,53.349966349709064
2017-01-19 00:00:00+00:00,102.3813677786,-0.8136094674555561,102.77444483543667,-0.37988539173070834,28.499221711839567,36.10629973876521
2017-01-20 00:00:00+00:00,102.744016173,0.354213273634163,102.75923050421834,-0.012836059048272674,45.16059106417503,59.35906339232604
2017-01-23 00:00:00+00:00,102.2286737178,-0.5015790450825564,102.49395211100918,-0.2572075520654145,30.173276615250337,42.39823583508095
2017-01-24 00:00:00+00:00,102.9730572642,0.7281553397189056,102.73350468760458,0.23547389382674552,59.38052366250604,64.35263710705728
2017-01-25 00:00:00+00:00,103.1066645675,0.12974976838573404,102.92008462755228,0.1826118311062398,63.49186301019085,50.34618978122891
2017-01-26 00:00:00+00:00,103.1257513251,0.018511662345055413,103.02291797632614,0.1005617467256476,64.26688338478486,47.46554734812734
2017-01-27 00:00:00+00:00,104.3091302964,1.1475106421958925,103.66602413636306,0.6240361944607701,87.98591763121262,71.92280281267554
2017-01-30 00:00:00+00:00,105.8742444198,1.5004574565549822,104.77013427808153,1.062246825507876,94.81449737786572,76.95394962898267
2017-01-31 00:00:00+00:00,105.5974864346,-0.26140255991119465,105.18381035634076,0.4004221327983407,82.39296138886588,32.86194277129717
2017-02-01 00:00:00+00:00,106.2178060566,0.5874378670785774,105.70080820647038,0.49392999993845904,87.776800497095,52.521439920076475
2017-02-02 00:00:00+00:00,105.5593129194,-0.6199460915706667,105.6300605629352,-0.06300804581610384,59.033738280075795,32.325631034298446
2017-02-03 00:00:00+00:00,105.2634681765,-0.28026399065887997,105.4467643697176,-0.17163601823749192,48.36147181378393,41.77406102558427
2017-02-06 00:00:00+00:00,104.566801524,-0.6618313690100575,105.0067829468588,-0.41673369362377466,29.51442983767902,33.81836952345086
2017-02-07 00:00:00+00:00,104.0228289324,-0.5202153873618665,104.51480593962941,-0.46847454049282056,20.2647281735822,40.16256418288763
2017-02-08 00:00:00+00:00,104.0228289324,0.0,104.2688174360147,-0.23423727024641028,20.264728173582192,60.8445876146833
2017-02-09 00:00:00+00:00,104.4904544936,0.44954128435008567,104.37963596480735,0.1076520070518377,50.35700485211572,72.95934855031585
2017-02-10 00:00:00+00:00,104.2709567812,-0.2100648460797383,104.32529637300368,-0.0512064195139503,39.78520019302764,43.40306575190438
2017-02-13 00:00:00+00:00,104.6431485544,0.35694673252206766,104.48422246370184,0.15287015650405866,60.7457903544075,62.822822447404164
2017-02-14 00:00:00+00:00,105.2920983129,0.6201550387817667,104.88816038830092,0.3865125976429127,79.45244155963624,69.99223337233343
2017-02-15 00:00:00+00:00,105.1489476309,-0.13595576904033013,105.01855400960045,0.12527841430129127,68.63059911930658,38.22690658790474
2017-02-16 00:00:00+00:00,105.6547467074,0.4810310401540896,105.33665035850022,0.30315472722769043,81.78197380178328,60.28734343660106
2017-02-17 00:00:00+00:00,105.0344270853,-0.5871195014246822,105.18553872190012,-0.14198238709849587,46.17196733449446,31.279258710696208
2017-02-21 00:00:00+00:00,104.9867101913,-0.045429765576998626,105.08612445660006,-0.09370607633774725,43.96319178347335,49.69264899032379
2017-02-22 00:00:00+00:00,105.0916873581,0.09999090990537862,105.08890590735004,0.003142416783815688,51.603351447629315,54.592066711120054
2017-02-23 00:00:00+00:00,104.7194955849,-0.3541590991224197,104.90420074612501,-0.17550834116930203,29.913416689398883,37.488802205923754
2017-02-24 00:00:00+00:00,105.2825549341,0.5376834046564971,105.09337784011251,0.18108753174359754,64.12813454360293,67.49028560846877
2017-02-27 00:00:00+00:00,105.1966645249,-0.08158085568285012,105.14502118250626,0.04975333803037371,57.684659317507,44.99718373453902
2017-02-28 00:00:00+00:00,105.0630572217,-0.12700716681789403,105.10403920210314,-0.03862691439376016,46.72907540273352,43.40543359324458
2017-03-01 00:00:00+00:00,105.9696782078,0.8629303297227331,105.53685870495157,0.41215170766448644,81.83822519738032,73.75419671391202
2017-03-02 00:00:00+00:00,105.5402261618,-0.4052593659460424,105.5385424333758,0.0034461708592220253,55.73728892856879,36.32376565516241
2017-03-03 00:00:00+00:00,106.1605457838,0.5877565782822947,105.8495441085879,0.29560137457075836,73.82487843201748,60.10450009906936
2017-03-06 00:00:00+00:00,105.6165731922,-0.5124056094321761,105.73305865039396,-0.10840211743070885,48.01552509975042,37.08689557772248
2017-03-07 00:00:00+00:00,105.7978973894,0.17168157583566934,105.76547801989699,0.031639729202480246,55.75040670368922,53.64458150795869
2017-03-08 00:00:00+00:00,105.7788106318,-0.018040772142902117,105.7721443258485,0.0067994785297890645,54.470699498652785,48.350860741908164
2017-03-09 00:00:00+00:00,105.960134829,0.1714182605353276,105.86613957742425,0.08910886953255834,65.69257725695537,55.00227248812603
2017-03-10 00:00:00+00:00,105.8551576622,-0.09907232278385525,105.86064861981212,-0.0049817266256484555,54.11050025718741,43.11231756231271
2017-03-13 00:00:00+00:00,106.4277603903,0.5409304003185733,106.14420450505605,0.26797433684646244,81.21218392120238,67.80952632016019
2017-03-14 00:00:00+00:00,107.1816873155,0.7083931132583654,106.66294591027803,0.4881837250524139,91.3276601834066,72.49606332608892
2017-03-15 00:00:00+00:00,106.7617786483,-0.39177277174594627,106.71236227928901,0.048205476653233825,62.992947674121545,29.776385369815245
2017-03-16 00:00:00+00:00,106.6090845875,-0.14302315185568126,106.66072343339451,-0.04740883760122372,53.87562427023901,41.47311535273956
2017-03-17 00:00:00+00:00,106.6568014815,0.0447587503303426,106.65876245744725,-0.0013250436354405593,56.80610631481723,50.760213094541555
2017-03-20 00:00:00+00:00,107.5634224676,0.8500357909732248,107.11109246252363,0.4243553736688921,84.63249362074735,75.63257671781639
2017-03-21 00:00:00+00:00,106.6472581027,-0.8517434122886636,106.87917528261181,-0.21369401930988574,42.819320399743006,29.075848819668057
2017-03-22 00:00:00+00:00,106.9621896031,0.29530201338765494,106.9206824428559,0.0408039970388846,54.42853728273643,56.28336681053376
2017-03-23 00:00:00+00:00,107.1148836639,0.1427551748581335,107.01778305337795,0.09177958594850905,60.29170307186401,52.28240686253708
2017-03-24 00:00:00+00:00,107.0194498759,-0.08909479685330624,107.01861646463897,0.0013423945476014054,53.80221233692733,44.99109327910582
2017-03-27 00:00:00+00:00,107.2484909672,0.2140181916143291,107.13355371591948,0.10768029308096526,66.70395158740371,56.80454937199648
2017-03-28 00:00:00+00:00,107.8878973468,0.5961914930771028,107.51072553135974,0.35193589307903406,84.65231356118095,69.28114375264173
2017-03-29 00:00:00+00:00,107.3916416492,-0.4599734630148733,107.45118359027987,-0.05401878496791962,52.01194657481085,31.529423526891115
2017-03-30 00:00:00+00:00,108.0119612712,0.5776237447103094,107.73157243073993,0.26180247987119487,72.14798667502144,62.023867972155095
2017-03-31 00:00:00+00:00,108.2123722261,0.1855451493902649,107.97197232841997,0.22367381463072988,76.85454868196065,49.522560637703506
2017-04-03 00:00:00+00:00,108.0310480288,-0.16756327725737652,108.00151017860998,0.028055268686676682,62.517107966524854,38.92412721282161
2017-04-04 00:00:00+00:00,107.878353968,-0.14134275616699554,107.93993207330499,-0.05664374374015943,50.5946834360887,40.34613401387722
2017-04-05 00:00:00+00:00,107.8401804528,-0.03538570417132014,107.89005626305249,-0.046014723955739786,47.21789688287757,47.72375266832595
2017-04-06 00:00:00+00:00,107.8878973468,0.04424778760536707,107.88897680492624,-0.0008834681751863568,53.088459125879595,54.12042554235897
2017-04-07 00:00:00+00:00,107.4393585432,-0.4157452454172872,107.66416767406312,-0.20831435679623678,20.671155959550518,26.26923025386653
2017-04-10 00:00:00+00:00,107.2962078612,-0.13323858587860338,107.48018776763156,-0.17077647133742008,15.995360915635983,49.98182845505249
2017-04-11 00:00:00+00:00,107.9069841044,0.5692430845180452,107.69358593601578,0.19923330659031255,65.6798044617486,77.26008979692985
2017-04-12 00:00:00+00:00,107.878353968,-0.02653223666440052,107.78596995200789,0.08635053496295601,63.05748067049213,45.61375271602707
2017-04-13 00:00:00+00:00,108.0310480288,0.14154281668525837,107.90850899040394,0.1139466758241072,72.00066477441885,53.64805568303879
2017-04-17 00:00:00+00:00,108.5845639993,0.5123674911979403,108.24653649485197,0.3131570835110238,87.91220178956772,68.8682282077357
2017-04-18 00:00:00+00:00,108.9758425302,0.36034452457027744,108.61118951252598,0.3367508040406506,92.45726798942144,57.29842124044276
2017-04-19 00:00:00+00:00,108.5368471053,-0.4028373763463655,108.574018308913,-0.033043286152857454,56.62539599693235,25.296444495003282
2017-04-20 00:00:00+00:00,109.5484452582,0.9320320056087184,109.06123178355651,0.44949435972793045,81.46049433905877,69.69838264143866
2017-04-21 00:00:00+00:00,109.2144270002,-0.3049046083791862,109.13782939187826,0.07229487567437212,63.46324692308181,38.16677745584737
2017-04-24 00:00:00+00:00,108.5082169689,-0.646627053492399,108.82302318038913,-0.28716608890901346,37.316598394079406,32.14115194819803
2017-04-25 00:00:00+00:00,109.9206370315,1.3016710642336005,109.37183010594455,0.5072524876622935,71.96615436391659,71.12603495986629
2017-04-26 00:00:00+00:00,110.3023721835,0.3472825142840197,109.83710114472228,0.4272675009731566,77.09833284058635,50.013579062142696
2017-04-27 00:00:00+00:00,110.5505000323,0.22495241388571507,110.19380058851114,0.3261099574294358,80.56700617532748,47.31339341159981
2017-04-28 00:00:00+00:00,110.3214589411,-0.20718232041743168,110.25762976480557,0.059463818506002075,66.60009677048187,36.78893024611835
2017-05-01 00:00:00+00:00,109.4911849854,-0.7525951557106225,109.87440737510278,-0.3465656686023102,34.283427467097944,25.88714807346738
2017-05-02 00:00:00+00:00,109.1476233486,-0.31378017951472215,109.51101536185139,-0.33017292405851617,26.34794987504737,45.40991790682238
2017-05-03 00:00:00+00:00,106.5231941783,-2.4044766984233856,108.01710477007569,-1.3673248112409508,7.214219617020983,15.75333211262089
2017-05-04 00:00:00+00:00,106.0937421322,-0.4031535567560751,107.05542345113784,-0.885239183998513,6.122837931462968,56.52349950564248
2017-05-05 00:00:00+00:00,106.8762991939,0.7376090672010394,106.96586132251892,-0.07381505839873681,33.5855078151577,69.24782820239058
2017-05-08 00:00:00+00:00,106.3323266022,-0.508974015570185,106.64909396235946,-0.2913945369844609,25.735533410653677,46.79758863853416
2017-05-09 00:00:00+00:00,106.9526462243,0.5833782086050565,106.80087009332973,0.14599183581029782,46.94648819537258,62.69469666755829
2017-05-10 00:00:00+00:00,104.6526919332,-2.150441688255711,105.72678101326487,-1.0022249262227065,18.13689730724526,29.54896737923556
2017-05-11 00:00:00+00:00,104.5763449028,-0.07295276307726084,105.15156295803243,-0.5375888446499837,17.59913602357894,56.040595518759645
2017-05-12 00:00:00+00:00,104.6813220696,0.10038328160881793,104.91644251381621,-0.21860278152058288,22.34782905991689,58.01639313825042
2017-05-15 00:00:00+00:00,104.1468928568,-0.5105296744768673,104.5316676853081,-0.36456622799872507,15.518493075758908,46.87760828573435
2017-05-16 00:00:00+00:00,103.0494042947,-1.053789058891097,103.79053599000405,-0.7091776434449111,7.993722360831657,37.320023499969516
2017-05-17 00:00:00+00:00,101.4556600349,-1.546582700509569,102.62309801245203,-1.12788017197724,3.8875848229148176,29.21524188036571
2017-05-18 00:00:00+00:00,101.8087650505,0.34803875454412214,102.21593153147602,-0.38992070871655893,17.90251110144916,68.57382870980688
2017-05-19 00:00:00+00:00,102.6104088698,0.7874015748077889,102.413170200638,0.198740433045615,45.14288699273418,73.6670384471186
2017-05-22 00:00:00+00:00,102.7153860366,0.10230654760687852,102.564278118619,0.15052349032624676,48.49948587183504,53.417929775026934
2017-05-23 00:00:00+00:00,102.1332399297,-0.5667564805652003,102.3487590241595,-0.20811649511947677,32.14072073023278,38.08326338000698
2017-05-24 00:00:00+00:00,102.791733067,0.6447393010867497,102.57024604557975,0.21831140298363647,56.84076152421847,65.20965925469504
2017-05-25 00:00:00+00:00,102.3718243998,-0.4085043170994007,102.47103522268988,-0.09509645705788212,42.1616223913688,41.499825921721474
2017-05-26 00:00:00+00:00,103.4597695831,1.0627388831629725,102.96540240289494,0.48382121305254516,71.1335539703185,66.7959677863495
2017-05-30 00:00:00+00:00,103.3929659315,-0.0645696891353853,103.17918416719746,0.20962576195857993,67.9964284340802,44.620214428147015
2017-05-31 00:00:00+00:00,103.0112307795,-0.36920804869154944,103.09520747334872,-0.07979114336648475,49.34370171091567,39.327725011161476
2017-06-01 00:00:00+00:00,103.2689020071,0.2501389660624076,103.18205474022436,0.08517391134796143,60.35502286709995,55.444288628362884
2017-06-02 00:00:00+00:00,102.2859339906,-0.9518528786453206,102.73399436541217,-0.4333394836486796,26.89788345219415,31.266387269472503
2017-06-05 00:00:00+00:00,101.6560709897,-0.615786527361506,102.19503267755609,-0.5245630055050927,17.548073238704443,41.89321005846361
2017-06-06 00:00:00+00:00,100.682646352,-0.9575666541338457,101.43883951477804,-0.7410648298194692,9.717568128302522,33.89812663989557
2017-06-07 00:00:00+00:00,101.0834682616,0.39810426535540344,101.26115388818903,-0.17148028223203288,29.224313226149935,69.04584150975074
2017-06-08 00:00:00+00:00,99.5565276534,-1.5105740181454275,100.40884077079451,-0.8410271501887302,13.077809147958655,32.52382875717607
2017-06-09 00:00:00+00:00,100.7971668976,1.2461656442249724,100.60300383419725,0.20256924701812112,48.05536796216055,68.55672736335902
2017-06-12 00:00:00+00:00,102.1523266873,1.3444423404049832,101.37766526074863,0.7735057937115521,68.69519591218383,69.42968805970062
2017-06-13 00:00:00+00:00,101.6942445049,-0.4484304932204308,101.53595488282431,0.16253765024556066,57.175974499561356,39.4548226211648
2017-06-14 00:00:00+00:00,101.2934225952,-0.3941441441955851,101.41468873901215,-0.11580324697501221,46.86217833249888,40.6191913749494
2017-06-15 00:00:00+00:00,101.1407285344,-0.1507442999633013,101.27770863670608,-0.13327377346915675,42.48309629015418,47.419888169490385
2017-06-16 00:00:00+00:00,100.6921897308,-0.44347990181565766,100.98494918375303,-0.2883768376424072,30.0925847594604,39.300057112411004
2017-06-19 00:00:00+00:00,100.5585824276,-0.1326888446434582,100.77176580567652,-0.2105328411429327,26.623183748334043,52.305825918678956
2017-06-20 00:00:00+00:00,99.193879259,-1.3571225206784887,99.98282253233826,-0.7838276809107108,9.623691329156498,23.080749196626584
2017-06-21 00:00:00+00:00,100.0146098359,0.8274004233235432,99.99871618411913,0.021786371206416244,42.65497172320018,69.17391643224335
2017-06-22 00:00:00+00:00,99.4610938654,-0.553435114537959,99.72990502475957,-0.2658243716657714,31.141019221055558,44.11124261301425
2017-06-23 00:00:00+00:00,99.5947011686,0.1343312223981874,99.66230309667978,-0.065746574633792,37.2717114564282,56.017066357035326
2017-06-26 00:00:00+00:00,100.7494500036,1.1594480644559368,100.20587655013989,0.5468507449110724,70.88152649150443,70.20683577403489
2017-06-27 00:00:00+00:00,100.5967559428,-0.15155820780614615,100.40131624646995,0.19764626855246314,64.07228456335943,43.36725460193952
2017-06-28 00:00:00+00:00,101.9805458689,1.3755810643504507,101.19093105768496,0.7866136664514569,84.41912186227118,66.04704534970654
2017-06-29 00:00:00+00:00,100.8830573068,-1.0761744338090296,101.03699418224248,-0.14478038367878632,50.43760021000347,33.62184224416621
2017-06-30 00:00:00+00:00,101.3983997621,0.5108315202351221,101.21769697217124,0.1830255682781679,61.38567229829227,55.04889171391196
2017-07-03 00:00:00+00:00,102.553148597,1.1388235293744886,101.88542278458561,0.6609245488263282,77.83908256541166,62.27679847525882
2017-07-05 00:00:00+00:00,100.8067102764,-1.7029592406401228,101.3460665304928,-0.5210173459068973,39.579746201011496,29.776984655753306
2017-07-06 00:00:00+00:00,99.3752034562,-1.4200511218697476,100.3606349933464,-0.9705342338883225,24.67064085378454,34.85377949033638
2017-07-07 00:00:00+00:00,99.3463572433,-0.029027576192797166,99.85349611832319,-0.49978090504055983,24.392907025219877,57.509650787444684
2017-07-10 00:00:00+00:00,99.6059731595,0.2613240418712026,99.7297346389116,-0.1192284315846786,34.36761729204539,61.68195455853619
2017-07-11 00:00:00+00:00,99.846358267,0.24133603625866584,99.7880464529558,0.06105380233699362,44.53134236285548,61.062800379469564
2017-07-12 00:00:00+00:00,100.3655900993,0.5200308166588341,100.0768182761279,0.2905423094979139,63.06377002548255,67.8188505387539
2017-07-13 00:00:00+00:00,100.2790514606,-0.08622341443353942,100.17793486836395,0.10215944753218723,58.202328915483115,43.30240966360883
2017-07-14 00:00:00+00:00,101.0482838047,0.7670917633302965,100.61310933653198,0.43462560543124185,79.38804196431437,67.84439300285601
2017-07-17 00:00:00+00:00,100.7598216756,-0.28546959754164325,100.68646550606599,0.0745780039447993,61.77525521708398,37.672648531351804
2017-07-18 00:00:00+00:00,101.6829004886,0.9161179502400252,101.184682997333,0.49534797709241224,81.48844988513947,64.617444916067
2017-07-19 00:00:00+00:00,102.7117487488,1.0118203309074092,101.9482158730665,0.7535841539999107,90.05939842079736,66.35513987833728
2017-07-20 00:00:00+00:00,103.2309805811,0.5055233102591483,102.58959822708326,0.6295537321295295,92.63931460689139,47.746957834120444
2017-07-21 00:00:00+00:00,102.971364665,-0.2514903129260171,102.78048144604162,0.1890317096017562,77.54515722732144,29.311419847336087
2017-07-24 00:00:00+00:00,102.8848260263,-0.08404146044050931,102.83265373617081,0.05249512458062344,71.70365136660791,37.33887744487309
2017-07-25 00:00:00+00:00,102.3271325768,-0.5420560747776859,102.57989315648541,-0.24478047509853124,41.49051927524821,25.471184104724113
2017-07-26 00:00:00+00:00,102.8271336005,0.48862995679541665,102.70351337849272,0.12192474084844271,62.65331828017564,64.0454311430221
2017-07-27 00:00:00+00:00,105.7694473167,2.861417617290929,104.23648034759636,1.4916711790696857,91.09242097207202,87.1005653914538
2017-07-28 00:00:00+00:00,105.7309856995,-0.036363636357894524,104.98373302354818,0.7276537713558956,89.75231436316774,40.05252931204473
2017-07-31 00:00:00+00:00,105.7021394866,-0.027282648231408135,105.3429362550741,0.35018556156224373,88.29105822308043,40.20435625214874
2017-08-01 00:00:00+00:00,106.3559869791,0.6185754571059299,105.84946161708704,0.48438050933408683,92.46312296865274,52.92395036275907
2017-08-02 00:00:00+00:00,104.4905985446,-1.753910134712544,105.17003008084353,-0.6347648126892287,36.62172579854381,24.365435653759924
2017-08-03 00:00:00+00:00,104.9232917382,0.41409772709390946,105.04666090952176,-0.11033354279765961,47.62692346437086,56.523353843264864
2017-08-04 00:00:00+00:00,103.5482889231,-1.3104838709510291,104.29747491631088,-0.7104087068743443,26.058412173085,37.49924580972433
2017-08-07 00:00:00+00:00,102.2598247467,-1.2443123781184617,103.27864983150545,-0.977360542496403,15.922841109043583,38.686948540966775
2017-08-08 00:00:00+00:00,102.8655952177,0.5923836389320147,103.07212252460272,-0.19248845178219415,34.02095474607097,65.76963138689837
2017-08-09 00:00:00+00:00,98.8752024325,-3.8792297626382477,100.97366247855136,-2.035859107210221,10.879970831834822,25.16935238022492
2017-08-10 00:00:00+00:00,97.4521225959,-1.4392686958810685,99.21289253722568,-1.7375639015456448,7.977308150413003,50.28717388111695
2017-08-11 00:00:00+00:00,98.0675084712,0.6314750863373186,98.64020050421284,-0.5530444076041631,21.552806119505284,65.1701263183587
2017-08-14 00:00:00+00:00,97.5001996174,-0.5784880870778997,98.07020006080643,-0.5657662473410314,17.901043905823563,51.62414288002208
2017-08-15 00:00:00+00:00,97.6059690647,0.10848126231028932,97.83808456275321,-0.22864249251537105,21.61521880912067,58.899659891459905
2017-08-16 00:00:00+00:00,98.2694319615,0.6797359865975183,98.0537582621266,0.22554674704107364,45.0189616829254,65.39192611296654
2017-08-17 00:00:00+00:00,97.4809688088,-0.8023483365701245,97.7673635354633,-0.2884007947645254,29.381093601968935,40.497096461897826
2017-08-18 00:00:00+00:00,96.8271213163,-0.6707437364337987,97.29724242588165,-0.47957226559916205,20.516317063634805,43.36874088053262
2017-08-21 00:00:00+00:00,97.2790453185,0.4667328699401452,97.28814387219083,-0.006419697829508436,39.455284017749655,65.16466101254079
2017-08-22 00:00:00+00:00,98.8175100067,1.5814964910098928,98.05282693944542,0.7875383965901922,72.68728737180516,77.75214088057183
2017-08-23 00:00:00+00:00,97.5963536604,-1.2357691933516768,97.8245902999227,-0.2241153983807423,43.95926635110021,32.80967256361087
2017-08-24 00:00:00+00:00,97.615584469,0.01970443349443851,97.72008738446135,-0.10220548244315189,44.47762791818997,51.535448133844945
2017-08-25 00:00:00+00:00,98.4713554519,0.8766745469538817,98.09572141818067,0.3872345322553649,65.67224739526442,62.29475250645617
2017-08-28 00:00:00+00:00,98.6155865164,0.14647007125889733,98.35565396729034,0.26685230175713115,68.69348478749508,48.525753877706585
2017-08-29 00:00:00+00:00,98.6252019207,0.009750390014051646,98.49042794399517,0.1383013458855914,68.96661430560519,45.68949999784057
2017-08-30 00:00:00+00:00,98.9136640497,0.2924831821707663,98.70204599684759,0.21539226402817885,77.71545046718389,54.02498859105915
2017-08-31 00:00:00+00:00,97.3078915314,-1.6234081850341364,98.00496876412379,-0.7040079605029788,23.170932345301054,21.103255933835918
2017-09-01 00:00:00+00:00,97.5963536604,0.29644268770010473,97.8006612122619,-0.203782636401437,35.39003442188394,58.821270194862585
2017-09-05 00:00:00+00:00,97.6925077035,0.09852216757459953,97.74658445788094,-0.05263023441341874,40.14943226190857,54.772120076830554
2017-09-06 00:00:00+00:00,97.5963536604,-0.09842519693713525,97.67146905914046,-0.075527715675277,36.15452734695057,49.668683333569426
2017-09-07 00:00:00+00:00,93.3271141506,-4.374384236377738,95.49929160487022,-2.2249559760265076,4.740482922402987,12.311187600217208
2017-09-08 00:00:00+00:00,93.3367295549,0.010302905417702846,94.4180105798851,-1.1073265353044024,5.019290685911376,59.34476021586868
2017-09-11 00:00:00+00:00,93.3559603635,0.020603688056897163,93.88698547169255,-0.5433614236237526,5.846006956302343,59.42145804814605
2017-09-12 00:00:00+00:00,94.1251927076,0.8239777525771652,94.00608908964628,0.1403081644767063,38.14784143593448,66.75801585682339
2017-09-13 00:00:00+00:00,95.0194253076,0.950045969922142,94.51275719862315,0.5451770671994242,61.29973788924922,68.11495989425632
2017-09-14 00:00:00+00:00,94.1348081119,-0.9309856303974628,94.32378265526157,-0.19290428159901934,39.410203426485516,35.59516693815851
2017-09-15 00:00:00+00:00,94.7309631786,0.6332992849906738,94.52737291693079,0.22019750169582722,55.48048410694994,59.634646169428784
2017-09-18 00:00:00+00:00,94.3271161979,-0.4263093788444028,94.42724455741539,-0.10305593857428778,43.70232599546175,43.23695782564895
2017-09-19 00:00:00+00:00,94.6444245399,0.33639143736174937,94.5358345486577,0.11666774939373079,54.96918488291824,56.2311454149865
2017-09-20 00:00:00+00:00,95.3944260754,0.7924413288432186,94.96513031202886,0.4545545391184747,73.65929145750523,63.68696544745997
2017-09-21 00:00:00+00:00,95.0867331377,-0.3225481302825961,95.02593172486442,0.0660032044179393,58.67319998435148,39.19892423016373
2017-09-22 00:00:00+00:00,94.807886413,-0.29325513191853503,94.91690906893221,-0.11362596375029786,45.96171368576433,40.10646833173572
2017-09-25 00:00:00+00:00,95.7405806302,0.9837728194224349,95.3287448495661,0.4350734278360685,74.10694580039768,69.69069729609396
2017-09-26 00:00:00+00:00,94.8367326259,-0.9440594556148874,95.08273873773305,-0.2544930138894094,42.17582212168932,32.896068227466436
2017-09-27 00:00:00+00:00,95.4232722883,0.6184730812202277,95.25300551301652,0.18199003366540914,59.262091690341435,59.13007188619897
2017-09-28 00:00:00+00:00,94.2790391764,-1.1991132608017763,94.76602234470826,-0.5085616135681835,31.781687182070634,35.15168393742355
2017-09-29 00:00:00+00:00,94.7790402001,0.5303416624393709,94.77253127240414,0.01089002443559367,47.683102139798365,58.92516776953717
2017-10-02 00:00:00+00:00,96.019427355,1.3087146190563503,95.39597931370207,0.659802321745972,71.98388706919641,67.07411241612331
2017-10-03 00:00:00+00:00,96.913659955,0.931303825312213,96.15481963435104,0.7955530735290925,81.35118100701666,58.61623602435961
2017-10-04 00:00:00+00:00,96.6828902518,-0.23811886096052337,96.41885494307553,0.2787171062842846,72.02870208370409,36.956734844217294
2017-10-05 00:00:00+00:00,96.2598124625,-0.4375932372296165,96.33933370278777,-0.07943806547266596,54.76894686872887,33.764480709341825
2017-10-06 00:00:00+00:00,96.2213508453,-0.03995604834050592,96.28034227404387,-0.059697056906585944,53.03594926094397,47.360375244944144
2017-10-09 00:00:00+00:00,95.7405806302,-0.4996502448536111,96.01046145212194,-0.27967365088009855,33.28712822630103,34.92779447191819
2017-10-10 00:00:00+00:00,95.7501960345,0.01004318569690632,95.88032874331097,-0.1348152325915961,34.024144559329756,54.70381976734817
2017-10-11 00:00:00+00:00,94.7598093915,-1.0343442457738106,95.32006906740548,-0.5845797391827033,12.569634349013894,28.28405284426096
2017-10-12 00:00:00+00:00,93.2021138946,-1.6438356164947265,94.26109148100275,-1.1142076778387149,5.0528169273781876,19.879508736633998
2017-10-13 00:00:00+00:00,93.6348070882,0.4642525534231279,93.94794928460138,-0.3249775622077935,23.99193641814402,68.476941944799
2017-10-16 00:00:00+00:00,94.3559624108,0.7701786814391598,94.15195584770069,0.22260055961568315,49.28316208444479,72.1536344215888
2017-10-17 00:00:00+00:00,94.5771167098,0.23438296144673298,94.36453627875034,0.22849176053120807,56.015524107923284,55.23046824768292
2017-10-18 00:00:00+00:00,94.4713472624,-0.11183407898185393,94.41794177057517,0.058328840774677065,51.145011395405454,45.00036720070984
2017-10-19 00:00:00+00:00,95.2021179894,0.7735368957640043,94.81002987998758,0.41593286826934067,74.30187900959832,67.8460342416392
2017-10-20 00:00:00+00:00,95.5771187571,0.3938996060379285,95.1935743185438,0.40491623715363456,81.17145498651308,53.541611551248415
2017-10-23 00:00:00+00:00,94.904040456,-0.704225352106036,95.04880738727189,-0.1496545574762007,47.20085946257835,27.96217499133226
2017-10-24 00:00:00+00:00,94.5098088796,-0.4154002026739656,94.77930813343595,-0.28252738007508316,34.511477759598144,39.38678444327031
2017-10-25 00:00:00+00:00,94.0194232603,-0.5188727234912927,94.39936569686797,-0.4007000517831879,22.98294901557779,36.2936900176321
2017-10-26 00:00:00+00:00,94.7694247958,0.7977091429539618,94.584395246334,0.19850454558538694,56.39757743551078,74.50569859753422
2017-10-27 00:00:00+00:00,94.5290396883,-0.2536525973624526,94.556717467317,-0.027574025888532833,46.66407620063516,43.355652175699504
2017-10-30 00:00:00+00:00,94.2694237721,-0.27464144040398875,94.41307061970849,-0.1511077331462608,36.46795362803855,42.819560574516395
2017-10-31 00:00:00+00:00,94.0482694732,-0.2345981231779426,94.23067004645424,-0.1928529281621017,28.50851696225073,44.773771653014606
2017-11-01 00:00:00+00:00,95.221348798,1.2473162253498815,94.72600942222712,0.5272316485938899,73.8755870081587,80.93792985042562
2017-11-02 00:00:00+00:00,94.5675013055,-0.6866606078927195,94.64675536386356,-0.0797144796494148,48.26732912685316,35.46961429483002
2017-11-03 00:00:00+00:00,94.8463480302,0.29486527702491383,94.74655169703178,0.10757539868774951,57.65683522915563,54.79988892351415
2017-11-06 00:00:00+00:00,96.7694288905,2.027575020271377,95.75799029376589,1.0675752094795634,85.2852063428161,74.79376672897195
2017-11-07 00:00:00+00:00,97.7021231078,0.9638314785916702,96.73005670078294,1.0157033440356167,90.02173373188849,53.14538394947848
2017-11-08 00:00:00+00:00,97.2886607228,-0.4231866942582263,97.00935871179146,0.2962583248886952,74.15058268067132,33.934764571219745
2017-11-09 00:00:00+00:00,98.730971368,1.4825064241654085,97.87016503989574,0.8893823745270518,86.5543991138239,62.139582131722584
2017-11-10 00:00:00+00:00,100.7502062713,2.045188936482467,99.31018565559788,1.4672856555047595,93.3029258642371,68.15998183842184
2017-11-13 00:00:00+00:00,100.7117446541,-0.03817522427341791,100.01096515484895,0.7145552156156708,91.98384244587689,36.19472359283965
2017-11-14 00:00:00+00:00,99.2021261788,-1.4989497803705731,99.60654566682447,-0.39219728237745116,50.199828814712184,24.239058073064136
2017-11-15 00:00:00+00:00,99.7021272025,0.5040224871781573,99.65433643466224,0.05591260240035309,59.36936152907148,54.887499389552005
2017-11-16 00:00:00+00:00,99.6155885638,-0.08679718389982272,99.63496249923112,-0.015442290749734813,56.66085481991264,46.55458767044311
2017-11-17 00:00:00+00:00,99.4617420949,-0.15444015451604454,99.54835229706556,-0.08494122263288967,50.51532385303602,45.37163664421805
2017-11-20 00:00:00+00:00,98.7982791981,-0.6670533642643917,99.17331574758279,-0.37599729344864063,29.686756293389546,35.2033704445032
2017-11-21 00:00:00+00:00,99.0386643057,0.24330900249587284,99.1059900266414,-0.0663441454763839,42.55866530890511,59.42616628029768
2017-11-22 00:00:00+00:00,98.7886637938,-0.252427184526971,98.9473269102207,-0.15938566500167745,33.10459707223846,45.525045277981306
2017-11-24 00:00:00+00:00,98.6925097508,-0.09733307376309508,98.81991833051035,-0.12835936938238626,29.34391438424916,50.913565771113575
2017-11-27 00:00:00+00:00,98.8367408153,0.1461418550041893,98.82832957290518,0.00889124281090152,43.727234904286256,60.18712414426496
2017-11-28 00:00:00+00:00,99.432895882,0.6031715147447603,99.13061272745259,0.3060313787778309,75.12390153140699,74.01154161613576
2017-11-29 00:00:00+00:00,101.1925148692,1.7696547722880318,100.16156379832628,1.0378430755329313,92.83155368620913,88.84317959323641
2017-11-30 00:00:00+00:00,100.7886678885,-0.3990877993515607,100.47511584341314,0.3193776380906853,74.56004745082427,34.28143031733947
2017-12-01 00:00:00+00:00,101.2021302735,0.4102270559398713,100.83862305845656,0.3648023470152783,80.46485549211319,51.09379849102851
2017-12-04 00:00:00+00:00,105.9809862114,4.722090261326595,103.40980463492828,2.5434463041709363,96.11171203021313,83.93602346230298
2017-12-05 00:00:00+00:00,103.0963649209,-2.721829069174775,103.25308477791414,-0.08919138250191927,55.7100006928498,30.644903849269667
2017-12-06 00:00:00+00:00,101.4040537638,-1.6414847976438551,102.32856927085706,-0.8653380900728872,40.6666515639689,39.06683975174895
2017-12-07 00:00:00+00:00,101.2117456778,-0.1896453631409445,101.77015747432853,-0.5274917266069159,38.87721973871177,51.0491700561758
2017-12-08 00:00:00+00:00,101.0290529961,-0.1805054151339136,101.39960523521427,-0.35399857087041475,36.58331855508374,51.1399016034775
2017-12-11 00:00:00+00:00,103.5492059059,2.4944833541073352,102.47440557055714,1.0702423916184602,71.44537377814828,73.06063580609049
2017-12-12 00:00:00+00:00,104.1307796543,0.5616399887494072,103.30259261242857,0.8159411901839337,76.01038557185946,49.15743983150058
2017-12-13 00:00:00+00:00,104.3052517788,0.16755096339355902,103.80392219561429,0.4917460767887464,77.62040169427067,44.686135205860246
2017-12-14 00:00:00+00:00,107.1743489377,2.750673729242803,105.48913556665715,1.6212099030157747,91.57221758785901,70.79995772546467
2017-12-15 00:00:00+00:00,107.8528516442,0.6330831147800087,106.67099360542858,1.1271465088978916,93.09845576746211,44.795073927339985
2017-12-18 00:00:00+00:00,107.6202221448,-0.21569156109793042,107.14560787511428,0.4557274738999806,85.16646698651286,36.69222661499345
2017-12-19 00:00:00+00:00,108.3762680178,0.702512834421376,107.76093794645715,0.5791201541606783,89.51953027736158,51.057956835180896
2017-12-20 00:00:00+00:00,106.3213741067,-1.8960736964687586,107.04115602657858,-0.6584767711540401,40.75705762432128,26.00624546572095
2017-12-21 00:00:00+00:00,106.205059357,-0.1093992159876378,106.62310769178929,-0.38393799357083896,38.955400105114705,50.86823364965343
2017-12-22 00:00:00+00:00,105.3326987344,-0.8213927169586355,105.97790321309463,-0.6026653552647372,26.017028305661377,42.36033950826352
2017-12-26 00:00:00+00:00,104.799589465,-0.506119444204367,105.38874633904732,-0.5543923997345521,19.944746508228732,48.12335379559856
2017-12-27 00:00:00+00:00,104.3343304663,-0.44395116533865187,104.86153840267366,-0.499171782536602,15.27704238859339,49.61345514778895
2017-12-28 00:00:00+00:00,104.4603381117,0.12077294677297346,104.66093825718683,-0.18919941788181427,22.632763519269083,63.786734624662365
2017-12-29 00:00:00+00:00,104.2083228208,-0.24125452344458953,104.43463053899342,-0.2152269706632019,17.95591807647769,50.2063794190667
2018-01-02 00:00:00+00:00,108.366575122,3.9903264812645167,106.40060283049671,1.8875497553006575,86.58172137684652,89.47900554860068
2018-01-03 00:00:00+00:00,108.8318341207,0.4293381037245192,107.61621847559834,1.1584439295125883,88.23353616553983,44.83863572294062
2018-01-04 00:00:00+00:00,108.7833696417,-0.04453152829000384,108.19979405864918,0.5569562006112923,86.568421789775,40.77784603561778
2018-01-05 00:00:00+00:00,108.1921029974,-0.5435266863376809,108.19594852802459,0.0067147571368056935,64.34631782042985,35.67460590493499
2018-01-08 00:00:00+00:00,106.6412396683,-1.4334348682891074,107.41859409816229,-0.7133600555761508,32.01362281694528,26.726919488345626
2018-01-09 00:00:00+00:00,106.5636965019,-0.07271405193824965,106.99114530003115,-0.3930370537572002,30.850974529780004,53.485184934347714
2018-01-10 00:00:00+00:00,106.1081303989,-0.42750591238346347,106.54963784946557,-0.41027148307033184,23.371132572735384,46.80078369494977
2018-01-11 00:00:00+00:00,107.5814505616,1.3885082671433624,107.06554420553277,0.4891183920365153,64.78685926066788,72.85125589101388
2018-01-12 00:00:00+00:00,109.015999141,1.333453464246226,108.04077167326639,0.9112859281413705,80.3209611383886,71.26435444236469
2018-01-16 00:00:00+00:00,107.2906636874,-1.58264426065432,107.66571768033319,-0.33567916625647476,44.72588732297983,26.097877248479364
2018-01-17 00:00:00+00:00,108.5313543507,1.1563826904033903,108.0985360155166,0.41035176207345775,62.60248796430422,60.959378127612155
2018-01-18 00:00:00+00:00,107.0289555006,-1.3842993659189506,107.5637457580583,-0.4869738019227464,39.43570414484774,36.80347537056947
2018-01-19 00:00:00+00:00,107.1937347293,0.15395761635650373,107.37874024367915,-0.16650809278312134,42.9113265369691,53.52772133464144
2018-01-22 00:00:00+00:00,107.6880724155,0.461162853825714,107.53340632958958,0.14732738052129632,54.6282578371935,56.94126597651839
2018-01-23 00:00:00+00:00,107.0192626048,-0.6210621062279653,107.2763344671948,-0.23686736285333448,38.5651616064718,41.01973941021154
2018-01-24 00:00:00+00:00,107.1064986671,0.08151435561851716,107.1914165671474,-0.07767650361740866,41.907254307653886,53.642284294064865
2018-01-25 00:00:00+00:00,107.1549631461,0.04524886874570644,107.17318985662371,-0.01621381743585111,44.426609599137166,52.76790222777167
2018-01-26 00:00:00+00:00,108.7445980584,1.4834916327045145,107.95889395751186,0.7336389076343317,82.265866282406,76.02029794272502
2018-01-29 00:00:00+00:00,108.114559831,-0.5793742757333575,108.03672689425593,0.07713231595048708,58.56071070174365,36.91815673527708
2018-01-30 00:00:00+00:00,106.7284757306,-1.2820512820536534,107.38260131242797,-0.6024594830515831,30.017204531668195,29.23485457507009
2018-01-31 00:00:00+00:00,105.3326987344,-1.3077831259608375,106.35765002341398,-0.9551213045062104,17.288638372697573,28.904425187250798
2018-02-01 00:00:00+00:00,107.0968057712,1.6747952516134257,106.72722789730699,0.35983697355360766,54.14893483778449,76.0227307403335
2018-02-02 00:00:00+00:00,105.3617774218,-1.6200561136311409,106.0445026595535,-0.6301095700387667,32.66991198726012,36.232318375537886
2018-02-05 00:00:00+00:00,101.484619099,-3.6798528058978874,103.76456087927676,-2.154981187968327,14.023795528646218,24.303755029385147
2018-02-06 00:00:00+00:00,102.9094747826,1.4040114612934973,103.33701783093838,-0.3754848633374148,34.60005448170708,65.8850325472004
2018-02-07 00:00:00+00:00,101.5427764738,-1.3280587736816285,102.43989715236918,-0.8517718185095217,25.737672641240046,45.6645393271572
2018-02-08 00:00:00+00:00,98.2374990037,-3.255059182819209,100.33869807803458,-2.0534155006643653,13.341244843512673,34.471532332428524
2018-02-09 00:00:00+00:00,99.9240628741,1.7168228909578476,100.13138047606729,-0.16829630485325886,36.68300907627713,66.37207367896849
2018-02-12 00:00:00+00:00,100.2148497483,0.29100785720290734,100.17311511218364,0.06135577617482424,40.806442075021614,54.879619921660165
2018-02-13 00:00:00+00:00,100.9224311422,0.7060644162787844,100.54777312719182,0.3837100962268043,52.17460110533718,58.05124474076435
2018-02-14 00:00:00+00:00,101.3876901409,0.46100653089149457,100.96773163404592,0.42235831355914943,59.7909841184008,54.64915939824995
2018-02-15 00:00:00+00:00,101.9498780977,0.5544933078352132,101.45880486587296,0.48842581069718133,68.79751227426985,56.12067991507839
2018-02-16 00:00:00+00:00,103.2584190317,1.2835139760991376,102.35861194878649,0.8859698933981595,82.4906154800255,68.19287628625268
2018-02-20 00:00:00+00:00,102.7253097623,-0.5162864920838395,102.54196085554324,0.18484170065716,65.04625229925882,33.77839648652434
2018-02-21 00:00:00+00:00,101.8238704523,-0.877524061096413,102.18291565392161,-0.3463411802196265,42.33770316783692,29.32314202389816
2018-02-22 00:00:00+00:00,102.0080354726,0.18086625413269442,102.0954755632608,-0.08273746304346605,47.91056952978917,55.258348156282096
2018-02-23 00:00:00+00:00,103.9563075298,1.909920182438296,103.0258915465304,0.913591359697415,79.44078490065205,76.44210268007986
2018-02-26 00:00:00+00:00,106.4376888564,2.386946386960398,104.7317902014652,1.6502688733289066,90.46600672892893,80.30171953886838
2018-02-27 00:00:00+00:00,101.6493983277,-4.498679537433503,103.1905942645826,-1.4242053320522983,35.445719911709496,17.65913892035227
2018-02-28 00:00:00+00:00,99.9919131447,-1.6305902546088324,101.5912537046413,-1.5273977933305654,26.93874414650872,44.641068110948815
2018-03-01 00:00:00+00:00,99.4200322921,-0.571927103517289,100.50564299837066,-1.0496624484239272,23.96236511856943,53.142516855047305
2018-03-02 00:00:00+00:00,99.827133916,0.40947645511109076,100.16638845718532,-0.3200929966564182,31.98643938257089,61.38788295325462
2018-03-05 00:00:00+00:00,100.2342355399,0.40780658317063345,100.20031199854266,0.04385679325710762,41.28113645894476,61.360325096691184
2018-03-06 00:00:00+00:00,101.7172485984,1.479547432583228,100.95878029847134,0.7617021129201679,66.38386426370735,73.02030291707202
2018-03-07 00:00:00+00:00,100.4087076644,-1.2864493997142845,100.68374398143567,-0.2623736433970583,42.395641146857194,33.67783586445632
2018-03-08 00:00:00+00:00,100.8351950799,0.42475142387596865,100.75946953066784,0.08118889023945516,51.04430364279775,55.784834204468154
2018-03-09 00:00:00+00:00,101.5136977864,0.6728828222748673,101.13658365853392,0.37703585625716124,63.95774905688621,58.773770813627614
2018-03-12 00:00:00+00:00,101.9401852019,0.4201279480503084,101.53838443021695,0.3985819021537348,71.1363001242245,53.27141403833873
2018-03-13 00:00:00+00:00,100.5444082057,-1.3692117523973146,101.04139631795847,-0.4853149251217899,35.96837360061489,26.713912716243627
2018-03-14 00:00:00+00:00,100.7091874345,0.1638870144452742,100.87529187622923,-0.16071395533825786,41.122799827525974,55.332702301541225
2018-03-15 00:00:00+00:00,100.0694563112,-0.6352261790574687,100.47237409371462,-0.39797006719786326,27.997868545193878,42.39005464702249
2018-03-16 00:00:00+00:00,99.7108191663,-0.35838822166146533,100.0915966300073,-0.37817914442966427,22.0735801924216,48.633570526153164
2018-03-19 00:00:00+00:00,98.3635066492,-1.3512199863215613,99.22755163960366,-0.8646995653756128,10.068307555279693,30.72229020397553
2018-03-20 00:00:00+00:00,98.2374990037,-0.1281040599227512,98.73252532165182,-0.496401812649182,9.354563373139674,58.777288523446295
2018-03-21 00:00:00+00:00,98.6930651066,0.4637395164985403,98.71279521412592,-0.01633114807532085,34.525696210178054,68.14152352864313
2018-03-22 00:00:00+00:00,97.5105318181,-1.1981928894626237,98.11166351611297,-0.6072620187689722,16.589242047608447,34.82245654523263
2018-03-23 00:00:00+00:00,95.5137952819,-2.0477137176574844,96.81272939900649,-1.3274878682132283,7.16347646949409,25.326986865801214
2018-03-26 00:00:00+00:00,97.5589962972,2.141262431530211,97.18586284810324,0.4068872816584913,50.43337801328028,75.24834548418022
2018-03-27 00:00:00+00:00,96.3086127381,-1.2816691505218802,96.74723779310162,-0.43739093443169447,35.33158112097976,41.358521411299044
2018-03-28 00:00:00+00:00,95.5137952819,-0.8252818035718201,96.13051653750081,-0.6313363690017573,27.48442035311197,46.204125904988096
2018-03-29 00:00:00+00:00,97.3554454852,1.9281510046423422,96.7429810113504,0.6484073178202925,59.075475307975914,69.22049547598796
2018-04-02 00:00:00+00:00,95.6301100316,-1.7722023097950679,96.1865455214752,-0.5618974959873877,36.64286252715651,37.165813744122225
2018-04-03 00:00:00+00:00,96.3667701129,0.7703223190442587,96.2766578171876,0.10421241152843552,49.036911867524,57.46619631041916
2018-04-04 00:00:00+00:00,97.8497831714,1.5389257694976788,97.0632204942938,0.8215690905130572,67.96239057877074,62.90116361391161
2018-04-05 00:00:00+00:00,98.974159085,1.1490837047952063,98.0186897896469,0.9853263976541318,77.47521697010623,57.32793755628166
2018-04-06 00:00:00+00:00,97.268209423,-1.7236313778982493,97.64344960632346,-0.36915249012205875,46.232758005270234,28.962841383867676
2018-04-09 00:00:00+00:00,96.6381711955,-0.6477329347763572,97.14081040091173,-0.5084427124492079,37.79052586302819,44.41378559413248
2018-04-10 00:00:00+00:00,98.2568847953,1.6750250752627815,97.69884759810586,0.5832911814067868,63.48616103692248,67.38583224466846
2018-04-11 00:00:00+00:00,97.7043897343,-0.5622965374396105,97.70161866620293,0.01049732198358816,52.404158980881355,42.19257457250808
2018-04-12 00:00:00+00:00,97.3069810062,-0.4067460317604077,97.50429983620147,-0.19812435488840976,44.09867474348311,44.36188838682833
2018-04-13 00:00:00+00:00,97.268209423,-0.03984460600779949,97.38625462960073,-0.11898448044810463,43.09905608269488,50.88324105200472
2018-04-16 00:00:00+00:00,97.1615875691,-0.10961634282411481,97.27392109935036,-0.11430041163610971,39.41369596156335,49.23705554962364
2018-04-17 00:00:00+00:00,99.0323164598,1.9253790901363699,98.15311877957518,0.9055393392501301,81.36060213915935,78.98362760517016
2018-04-18 00:00:00+00:00,98.1017984624,-0.9396104530966176,98.1274586209876,-0.017035556923243766,53.64771021909887,35.30013525763721
2018-04-19 00:00:00+00:00,97.7916257966,-0.3161742910542831,97.9595422087938,-0.16660492398876342,45.84063562090385,45.19405056170826
2018-04-20 00:00:00+00:00,97.1615875691,-0.644266032359897,97.56056488894691,-0.40543547817433023,31.758876596262834,40.326105528398045
2018-04-23 00:00:00+00:00,97.0743515068,-0.08978451719715563,97.31745819787346,-0.24760999768574293,29.854155137694246,53.12537628296913
2018-04-24 00:00:00+00:00,96.4055416962,-0.6889665500913966,96.86149994703673,-0.46828827388856975,17.66825123408528,39.42024659457276
2018-04-25 00:00:00+00:00,98.0436410875,1.6991755478767967,97.45257051726837,0.6154436369941134,67.06232184604183,76.1714441074534
2018-04-26 00:00:00+00:00,96.7738717368,-1.2951062777919353,97.1132211270342,-0.33983132039891095,39.5050603324014,35.57828843456811
2018-04-27 00:00:00+00:00,96.1826050926,-0.610977564076487,96.6479131098171,-0.47540444223769895,30.695062643692836,45.527222416821715
2018-04-30 00:00:00+00:00,97.2488236314,1.1085357251173322,96.94836837060855,0.31656564143981664,56.77146569186937,65.57240313126661
2018-05-01 00:00:00+00:00,96.9871154446,-0.26911193064088623,96.96774190760428,0.023726855399465202,49.86380127418094,45.46578502005618
2018-05-02 00:00:00+00:00,96.5606280291,-0.4397361582978543,96.76418496835214,-0.20800465144919456,38.432819308143365,43.01539270743248
2018-05-03 00:00:00+00:00,95.7270389897,-0.8632804657699444,96.24561197902608,-0.5356425586095694,22.984733715802687,35.825911048233834
2018-05-04 00:00:00+00:00,98.0436410875,2.420008100375126,97.14462653326305,0.9421827708827784,71.21540286044942,78.19772197686787
2018-05-07 00:00:00+00:00,99.3327962299,1.3148788928080135,98.23871138158152,1.128530831845396,81.09692611298874,58.64714932466153
2018-05-08 00:00:00+00:00,98.6639864192,-0.6733021077470536,98.45134890039077,0.22761436204917118,63.999552952302,35.019859720751896
2018-05-09 00:00:00+00:00,96.8998793823,-1.7879948914741095,97.67561414134539,-0.7801902647124692,34.89350832108749,26.157433134367476
2018-05-10 00:00:00+00:00,98.5573645653,1.7105131539542073,98.11648935332269,0.46516144462086906,60.323834305807544,66.30345718990863
2018-05-11 00:00:00+00:00,98.9353875018,0.3835562549458382,98.52593842756134,0.42435884978335364,65.00062257354561,50.639806434035044
2018-05-14 00:00:00+00:00,99.2940246466,0.3624963259920344,98.90998153708067,0.39342758788769405,70.02820443688353,50.35659906276667
2018-05-15 00:00:00+00:00,99.7592836454,0.46856696609480775,99.33463259124034,0.4309972769912509,76.57594759270359,52.36907669970081
2018-05-16 00:00:00+00:00,101.8141775564,2.0598523123965373,100.57440507382017,1.245424794693894,90.42869495551206,75.09168054199256
2018-05-17 00:00:00+00:00,101.13567485,-0.6664127950394172,100.85503996191008,0.28950599982723846,69.9422383603357,33.73434037467135
2018-05-18 00:00:00+00:00,100.7382661219,-0.3929461376407706,100.79665304190505,-0.05172006890676606,58.33192438073862,38.80542928217407
2018-05-21 00:00:00+00:00,100.8642737674,0.12508419129184656,100.83046340465252,0.03668206119254025,61.38092205342295,49.73535856334587
2018-05-22 00:00:00+00:00,100.8739666632,0.009609840469737563,100.85221503392626,0.023145950831138906,61.70425656380706,46.93250872944011
2018-05-23 00:00:00+00:00,99.7302049579,-1.133852214931541,100.29120999591314,-0.5553531320502011,24.86154655006049,25.54747211285215
2018-05-24 00:00:00+00:00,98.974159085,-0.7580911652785183,99.63268454045657,-0.6567221486643597,15.61630074564751,39.20277268390747
2018-05-25 00:00:00+00:00,99.0613951473,0.08814024095429307,99.34703984387829,-0.28429095385503333,20.718984923440154,62.46088567214741
2018-05-29 00:00:00+00:00,96.6284782997,-2.4559686888947607,97.98775907178916,-1.370129821374897,5.869961884156679,22.920108745506788
2018-05-30 00:00:00+00:00,96.9095722781,0.2909017955639914,97.44866567494458,-0.5396140129054527,16.269810472036333,61.94060020320358
2018-05-31 00:00:00+00:00,96.415234592,-0.5101020203467699,96.9319501334723,-0.5248580166261113,12.598107579083491,50.71148301345621
2018-06-01 00:00:00+00:00,96.3086127381,-0.11058610638785549,96.62028143578615,-0.3177220615069834,11.740873891842643,56.598146846353885
2018-06-04 00:00:00+00:00,97.1615875691,0.8856682769583513,96.89093450244309,0.28397310772568396,51.413491381613355,70.00015581846897
2018-06-05 00:00:00+00:00,96.8708006949,-0.299281723853273,96.88086759867154,-0.007654308063794524,41.80438660308206,45.13481791856138
2018-06-06 00:00:00+00:00,98.7803011689,1.971182709652708,97.83058438378578,0.9817642007944567,79.51544118159646,72.85168612635046
2018-06-07 00:00:00+00:00,99.3231033341,0.5495044647331859,98.57684385894288,0.7656343327638213,83.95012884392277,49.408125144169176
2018-06-08 00:00:00+00:00,100.7867306009,1.4736020298084185,99.68178722992144,1.11961818128612,91.44290681376391,61.490654878161614
2018-06-11 00:00:00+00:00,101.1453677458,0.35583766113036486,100.41357748786072,0.7377279212082424,92.69615946427301,42.90109312965652
2018-06-12 00:00:00+00:00,101.1259819541,-0.01916626745450678,100.76977972098035,0.3592808268768678,91.60831502035745,37.23608133457522
2018-06-13 00:00:00+00:00,103.0451753239,1.8978242116562072,101.90747752244017,1.1285525192665375,96.94039596469806,68.8134230457985
2018-06-14 00:00:00+00:00,105.4102419008,2.2951744896992476,103.6588597116201,1.7118635044828925,98.59298030499829,73.03194207583685
2018-06-15 00:00:00+00:00,105.5071708589,0.09195402301724886,104.58301528526005,0.9019087637500707,98.63819854300394,34.367324368978935
2018-06-18 00:00:00+00:00,103.7721425095,-1.6444648598533007,104.17757889738002,-0.371278048051615,52.948888681945526,21.137720814305936
2018-06-19 00:00:00+00:00,102.841624512,-0.896693442958274,103.50960170469,-0.6339857455049445,38.57474477515823,36.84249490373774
2018-06-20 00:00:00+00:00,103.8593785717,0.9896324222117503,103.684490138195,0.17782333835340292,57.50246187956468,63.98268273317465
2018-06-21 00:00:00+00:00,102.6380737,-1.1759216052470989,103.1612819190975,-0.499049133446848,36.98725583889518,36.77166661259505
2018-06-22 00:00:00+00:00,103.0742540114,0.4249693078563599,103.11776796524876,-0.037039912795244045,47.0982275490245,57.03405569228495
2018-06-25 00:00:00+00:00,101.2422967038,-1.777318036565556,102.18003233452438,-0.9071789746804001,23.421552048964926,34.331485912530546
2018-06-26 00:00:00+00:00,101.0581316835,-0.18190521777553537,101.61908200901219,-0.5445420962279677,21.77118239185369,54.159539653396465
2018-06-27 00:00:00+00:00,100.7673448093,-0.28774218299493226,101.1932134091561,-0.41614213961144997,18.657477806026925,52.579758087736224
2018-06-28 00:00:00+00:00,101.5524693697,0.7791458253522787,101.37284138942806,0.18150184287041438,48.49226158717952,67.0934324745707
2018-06-29 00:00:00+00:00,101.5912409529,0.03817886796906311,101.48204117116403,0.10984035541973874,49.85465371706519,50.87272256100861
2018-07-02 00:00:00+00:00,102.0952715348,0.4961358648366998,101.78865635298202,0.30298811012821925,66.91778769389882,59.86771581512737
2018-07-03 00:00:00+00:00,100.8448879757,-1.2247223013396868,101.31677216434102,-0.4608670956057338,29.52850051410783,29.46211109322051
2018-07-05 00:00:00+00:00,102.1049644307,1.2495194157026823,101.7108682975205,0.39432616004847426,61.79575979519899,66.33583950194209
2018-07-06 00:00:00+00:00,102.3763655132,0.26580596155461045,102.04361690536025,0.3300660608015423,66.71899847815162,50.57032675925549
2018-07-09 00:00:00+00:00,103.5879201347,1.1834319527037618,102.81576852003013,0.7567490067526521,82.13487200031875,62.905766278207636
2018-07-10 00:00:00+00:00,103.5976907365,0.009432182620616736,103.20672962826507,0.3830905946866344,82.23441730554215,42.53501507614991
2018-07-11 00:00:00+00:00,105.5615816955,1.895689899107067,104.38415566188253,1.1393902468968506,93.37098123651332,67.724322653104
2018-07-12 00:00:00+00:00,105.766764333,0.19437245464155595,105.07545999744127,0.6668813507692033,93.96395903445303,42.512466530699854
2018-07-13 00:00:00+00:00,107.4766196455,1.6166281754792289,106.27603982147063,1.141754763124216,97.1503211047854,60.807887772412485
2018-07-16 00:00:00+00:00,107.6720316812,0.18181818180043052,106.97403575133532,0.6617864724623232,97.3868032021255,41.042341238069596
2018-07-17 00:00:00+00:00,107.7697376991,0.0907441016709809,107.37188672521766,0.3762652870666521,97.53991668036676,39.81027035020993
2018-07-18 00:00:00+00:00,108.1507911687,0.3535811422905377,107.76133894695883,0.3649232146785949,98.16789810183347,46.732541113280405
2018-07-19 00:00:00+00:00,109.5577578259,1.3009305267174032,108.6595483864294,0.8329268706979991,99.24098662732347,67.15506649839547
2018-07-20 00:00:00+00:00,108.9226687098,-0.5796842950265724,108.7911085481147,0.12662128783571336,71.060136636771,31.356871557751294
2018-07-23 00:00:00+00:00,108.5416152402,-0.34983853601240344,108.66636189415735,-0.11160862408834504,56.59603325191034,37.46788658083076
2018-07-24 00:00:00+00:00,108.1605617705,-0.35106670271742857,108.41346183232866,-0.2313376634028868,43.35794134731899,37.44117019045797
2018-07-25 00:00:00+00:00,108.6295506563,0.43360433611201454,108.52150624431434,0.10113333635456387,60.44064179264279,62.83660066146577
2018-07-26 00:00:00+00:00,110.9061008724,2.0957006655609955,109.71380355835717,1.0984170009577796,87.6220541099371,83.77011682072683
2018-07-27 00:00:00+00:00,110.0365173134,-0.7840718879843056,109.87516043587858,0.157172556486737,62.870803940001586,33.99859235337377
2018-07-30 00:00:00+00:00,110.0462879152,0.008879417522966726,109.9607241755393,0.08302598700485186,63.046733088872024,47.00377237157367
2018-07-31 00:00:00+00:00,110.9549538813,0.8257125099941698,110.45783902841964,0.4543692484995108,77.75229614545219,59.37329272659005
2018-08-01 00:00:00+00:00,110.3784883759,-0.5195491370459271,110.41816370215983,-0.03258994427320813,56.3955895214765,37.65913655873171
2018-08-02 00:00:00+00:00,110.1635351367,-0.1947419668114736,110.29084941942992,-0.11366595554234087,48.88523116630186,44.950597265975176
2018-08-03 00:00:00+00:00,111.472795776,1.1884700665019121,110.88182259771496,0.5374020554797856,76.94120955179694,68.49152332879926
2018-08-06 00:00:00+00:00,113.2803571064,1.6215268647538306,112.08108985205749,1.079464460116808,89.2081083550104,73.76098066615617
2018-08-07 00:00:00+00:00,113.8861344171,0.534759358262793,112.98361213457875,0.8071119091898005,91.48521415549001,45.26498203275386
2018-08-08 00:00:00+00:00,111.3653191563,-2.2134522992655836,112.17446564543937,-0.7031701950378916,39.48335050883308,18.35995071462081
2018-08-09 00:00:00+00:00,111.5411899885,0.15792244258121535,111.85782781696969,-0.2726238762283381,42.881103961977274,53.85820085176775
2018-08-10 00:00:00+00:00,110.0951409242,-1.2964260686559759,110.97648437058484,-0.784524972442157,25.336487869700864,38.47006106648092
2018-08-13 00:00:00+00:00,109.5479872241,-0.49698260568712405,110.26223579734241,-0.6407537890646405,20.561696260054223,50.20171386590144
2018-08-14 00:00:00+00:00,110.1635351367,0.5618979665420909,110.21288546702121,-0.03942791126127482,39.72897196057404,63.88318150668911
2018-08-15 00:00:00+00:00,110.2612411545,0.08869179595476506,110.2370633107606,0.024631942346745123,43.003361755020805,53.947758270404805
2018-08-16 00:00:00+00:00,109.8997288884,-0.3278688524768536,110.0683960995803,-0.15161845506505423,33.04090064269627,44.75649853764346
2018-08-17 00:00:00+00:00,109.8997288884,0.0,109.98406249399015,-0.07580922753252711,33.04090064269627,54.007732008577925
2018-08-20 00:00:00+00:00,109.4209694009,-0.43563300141182815,109.70251594744508,-0.2557211144721776,19.547299423587447,40.492933974558646
2018-08-21 00:00:00+00:00,109.8117934724,0.3571747478018361,109.75715470992253,0.050726816664829255,46.367384094807285,64.64462159884539
2018-08-22 00:00:00+00:00,109.372116392,-0.4003914939341269,109.56463555096127,-0.1748323386346488,29.674122859792906,40.86951700010976
2018-08-23 00:00:00+00:00,109.4307400027,0.05360014291933002,109.49768777683065,-0.060616097857659396,34.39776740966864,55.561182474032044
2018-08-24 00:00:00+00:00,109.3623457902,-0.06249999999846656,109.43001678351533,-0.06155804892806298,30.779790725347837,50.72647248632596
2018-08-27 00:00:00+00:00,109.7531698616,0.3573662109898068,109.59159332255766,0.1479040810308719,63.59796358989432,66.52678817753963
2018-08-28 00:00:00+00:00,109.9974349063,0.22255853294079753,109.79451411442884,0.18523130698583473,74.79922019607825,57.62711694059955
2018-08-29 00:00:00+00:00,109.8704170831,-0.11547344109269497,109.83246559876441,0.03487893294656988,60.32129506879544,38.33714527590485
2018-08-30 00:00:00+00:00,109.3525751884,-0.4713205869677606,109.5925203935822,-0.21822082701059536,27.623732057604734,25.080415804676576
2018-08-31 00:00:00+00:00,109.4502812063,0.08934953541941404,109.5214007999411,-0.06443564579559066,37.25030560045825,58.772966696455015
2018-09-04 00:00:00+00:00,108.3071207973,-1.044456347120104,108.91426079862055,-0.5544459964578473,11.17192390679862,24.860118015391965
2018-09-05 00:00:00+00:00,107.3496018223,-0.8840775822967606,108.13193131046027,-0.7192617893773039,5.9437962450097475,33.056034276306754
2018-09-06 00:00:00+00:00,107.730655292,0.35496495863185373,107.93129330123014,-0.18214841537272508,26.481232295806954,70.43151127509533
2018-09-07 00:00:00+00:00,108.4243680188,0.6439325231242021,108.17783066001508,0.23089205387573852,53.94343320101185,75.26295817028375
2018-09-10 00:00:00+00:00,108.141020567,-0.2613318915088092,108.15942561350754,-0.015219918816535338,43.897170000709494,42.57361385407876
2018-09-11 00:00:00+00:00,107.0857955741,-0.9757860498886384,107.62261059380377,-0.4955029843525869,21.514440617179797,28.11661518434108
2018-09-12 00:00:00+00:00,106.9490071491,-0.12773722627419382,107.28580887145188,-0.31162010531339035,19.573791502621756,55.201960600373575
2018-09-13 00:00:00+00:00,108.1312499652,1.105426639867546,107.70852941832594,0.39690326727707786,62.92709387790529,75.4108020467075
2018-09-14 00:00:00+00:00,106.7535951134,-1.2740580102822974,107.23106226586296,-0.4385773715026098,32.399669252504054,32.7065755434841
2018-09-17 00:00:00+00:00,106.8513011312,0.09152480316585443,107.04118169853149,-0.17352628416837768,35.717232447821104,54.76035005172679
2018-09-18 00:00:00+00:00,107.0174013616,0.15544989030693568,107.02929153006573,-0.009038196930720999,42.8670829752779,55.777988114959605
2018-09-19 00:00:00+00:00,107.271437008,0.23737788730420206,107.15036426903288,0.11416984518674053,54.48168341827741,57.61105771234792
2018-09-20 00:00:00+00:00,109.0594571348,1.6668184715999068,108.10491070191644,0.8904941583933237,85.5326668400868,79.66800686472149
2018-09-21 00:00:00+00:00,107.867443717,-1.0929940870021415,107.98617720945822,-0.10124996430440891,50.84678855905413,31.778912215094085
2018-09-24 00:00:00+00:00,110.1830763402,2.1467391303675143,109.0846267748291,1.0227445830315527,77.47003392490463,66.85815764970951
2018-09-25 00:00:00+00:00,111.0233480938,0.7626141704426326,110.05398743431455,0.8926793767370926,82.599865135985,50.28723555905228
2018-09-26 00:00:00+00:00,112.567103176,1.3904778667778395,111.31054530515728,1.141578621757466,89.30847074732026,57.46119457897867
2018-09-27 00:00:00+00:00,113.3780631242,0.7204235743119902,112.34430421467863,0.9310010980347281,91.7997350092905,46.67816830945796
2018-09-28 00:00:00+00:00,114.257417285,0.775594622600595,113.30086074983932,0.8532978603176615,94.05345649908668,47.88601767479566
2018-10-01 00:00:00+00:00,113.57347516,-0.59859757138917,113.43716795491966,0.12735014446424575,71.21803089594137,25.93590858855773
2018-10-02 00:00:00+00:00,114.9609006136,1.221610461109357,114.19903428425982,0.6744803027868014,83.44704502634558,61.23793669140442
2018-10-03 00:00:00+00:00,114.2281054796,-0.637429882759033,114.21356988192991,0.018525210013884186,62.431563929789995,35.39324394235724
2018-10-04 00:00:00+00:00,113.4659985403,-0.6671798819565478,113.83978421111496,-0.3243273359713318,44.822128021326904,35.03828099811719
2018-10-05 00:00:00+00:00,112.1469672992,-1.1624903125772246,112.99337575515747,-0.7434088242742782,25.874782808743937,28.02023518106029
2018-10-08 00:00:00+00:00,113.3585219207,1.0803275832396375,113.17594883792873,0.16845937948267964,53.15700440791318,69.50585839574305
2018-10-09 00:00:00+00:00,114.208564276,0.7498707118769987,113.69225655696437,0.4591650456798392,66.23561096921172,61.65258817191694
2018-10-10 00:00:00+00:00,110.2710117563,-3.447685858465388,111.98163415663218,-1.4942604063927745,22.529388509720317,19.55491498066359
2018-10-11 00:00:00+00:00,108.6002388509,-1.5151515151528905,110.29093650376609,-1.5047059607728324,15.865931247956771,45.333132741066436
2018-10-12 00:00:00+00:00,110.0267467117,1.313540260955115,110.15884160773305,-0.09558284990885868,38.979769142974156,67.91027698991279
2018-10-15 00:00:00+00:00,110.8377066599,0.7370570996931614,110.49827413381652,0.32073712489215134,50.56168330484663,60.29760463770664
2018-10-16 00:00:00+00:00,113.524622151,2.4241889985550547,112.01144814240826,1.3724630617236029,74.55967819755162,73.39163806378508
2018-10-17 00:00:00+00:00,114.4430587189,0.8090197091150664,113.22725343065413,1.0907413854193346,79.629562575852,49.80411884965403
2018-10-18 00:00:00+00:00,113.5148515492,-0.8110646290745427,113.37105248992707,0.13983837817239597,61.15433772510785,33.570777529770695
2018-10-19 00:00:00+00:00,116.172455235,2.34119469790095,114.77175386246353,1.240516538036673,80.5425526266738,65.95645592558984
2018-10-22 00:00:00+00:00,115.5569073225,-0.5298570226951349,115.16433059248176,0.355329757670769,68.6401082870788,39.58861847010118
2018-10-23 00:00:00+00:00,115.1465420475,-0.3551196414894764,115.15543631999088,0.000105058090646315,59.802582242821316,41.715797889146046
2018-10-24 00:00:00+00:00,109.0496865331,-5.294866355504569,112.10256142654544,-2.647380648706961,15.455570904985423,16.732349104061324
2018-10-25 00:00:00+00:00,111.5411899885,2.284741510599164,111.82187570752271,-0.18131956905389846,41.8762884651524,64.99051783942471
2018-10-26 00:00:00+00:00,110.5934416152,-0.8496846531740432,111.20765866136136,-0.5155021111139708,35.53919624621557,47.80477326840796
2018-10-29 00:00:00+00:00,110.4468825884,-0.13252054069349262,110.82727062488068,-0.3240113259037317,34.33400198208086,52.14761229765833
2018-10-30 00:00:00+00:00,112.1274260956,1.5215852795618101,111.47734836024034,0.5987869768290393,58.52536976615036,62.84344085984967
2018-10-31 00:00:00+00:00,112.1958203081,0.06099686301697105,111.83658433417017,0.32989191992300515,59.437599812340736,48.48839840602793
2018-11-01 00:00:00+00:00,113.436686735,1.1059827571940462,112.63663553458508,0.7179373385585257,74.62590579252578,58.62995003390697
2018-11-02 00:00:00+00:00,112.5377913706,-0.7924203273848351,112.58721345259255,-0.03724149441315472,53.043733961323575,38.158153231902226
2018-11-05 00:00:00+00:00,112.8015976189,0.23441569724009792,112.69440553574628,0.0985871014134716,58.34673568806001,51.810144137984565
2018-11-06 00:00:00+00:00,114.0326934439,1.0913815504273616,113.36354948982314,0.5949843259204166,76.73709467896744,62.24415744052906
2018-11-07 00:00:00+00:00,114.3648939046,0.29132036670116435,113.86422169721158,0.4431523463107905,80.26404224137396,47.76210386859431
2018-11-08 00:00:00+00:00,113.3389807171,-0.897052541626786,113.6016012071558,-0.22695009765799778,47.14972277385289,31.455860286897725
2018-11-09 00:00:00+00:00,115.2931010743,1.7241379310420912,114.4473511407279,0.7485939166920468,75.74299744248036,67.81293572455716
2018-11-12 00:00:00+00:00,114.0229228421,-1.1016949152763633,114.23513699141395,-0.17655049929215827,49.586298548538096,36.50283930503079
2018-11-13 00:00:00+00:00,114.1694818689,0.12853470437952375,114.20230943015697,-0.024007897456317262,52.429559891368335,51.2127273853598
2018-11-14 00:00:00+00:00,114.4332881171,0.2310654685311997,114.31779877362848,0.10352878553744121,58.716112386209794,52.58588990306368
2018-11-15 00:00:00+00:00,114.4235175153,-0.008538251378398254,114.37065814446424,0.04749526707952148,58.288171967026685,47.86361250294347
2018-11-16 00:00:00+00:00,113.524622151,-0.7855862010008652,113.94764014773213,-0.36904546696067186,29.060031656956614,33.31159480709304
2018-11-19 00:00:00+00:00,112.7722858135,-0.662707634031412,113.35996298061607,-0.5158765504960419,17.833406627177478,37.79745247952959
2018-11-20 00:00:00+00:00,109.3037221795,-3.075723444797629,111.33184258005804,-1.7957999976468355,4.857035165810789,12.677786098393439
2018-11-21 00:00:00+00:00,110.4371119867,1.0369178511036692,110.88447728337903,-0.37944107327158316,29.869088059008245,67.64691992584578
2018-11-23 00:00:00+00:00,109.508904817,-0.8404848270677223,110.19669105018951,-0.6099629501696527,22.5777124595734,47.27101376134902
2018-11-26 00:00:00+00:00,109.9681231009,0.419343326159094,110.08240707554475,-0.09530981200527938,34.45211348823179,59.538509525716854
2018-11-27 00:00:00+00:00,111.287154342,1.19946690359507,110.68478070877237,0.5520785457948953,60.532444931989666,66.72841715206722
2018-11-28 00:00:00+00:00,113.436686735,1.9315188762884627,112.06073372188618,1.241798711041679,79.99212168927163,73.38532287722063
2018-11-29 00:00:00+00:00,113.934987426,0.4392764857140907,112.99786057394309,0.8405375983778849,82.92039710632132,45.530910690810444
2018-11-30 00:00:00+00:00,112.840680026,-0.9604665122824985,112.91927029997154,-0.05996445695230679,55.94737096534613,29.680127144528694
2018-12-03 00:00:00+00:00,113.0849450707,0.21646895839666502,113.00210768533577,0.07825225072217912,60.27406040026325,51.13541070150367
2018-12-04 00:00:00+00:00,110.2807823581,-2.479695870079668,111.64144502171789,-1.2007218096787444,22.39600762252014,24.963168337537358
2018-12-06 00:00:00+00:00,111.7072902188,1.2935235225915331,111.67436762025895,0.04640085645639436,47.548355184658064,63.82764600365658
2018-12-07 00:00:00+00:00,110.2710117563,-1.285751771157262,110.97268968827947,-0.6196754573504337,31.922420289811004,41.688145369966776
2018-12-10 00:00:00+00:00,110.1528431422,-0.10716199318199227,110.56276641523974,-0.363418725266213,30.67820589058934,52.88871633600324
2018-12-11 00:00:00+00:00,110.2611643718,0.09833720720233696,110.41196539351986,-0.13254075903193802,34.20434409981549,55.14222761328439
2018-12-12 00:00:00+00:00,110.4975016001,0.2143431276519614,110.45473349680992,0.04090118431001169,43.59427762779117,56.888411978759606
2018-12-13 00:00:00+00:00,111.6594929724,1.0515996791541582,111.05711323460497,0.546250431732085,72.51869676137231,69.67019974172932
2018-12-14 00:00:00+00:00,110.4876542155,-1.0494752624299108,110.77238372505249,-0.25161241534891293,40.83933778623602,32.92511994039425
2018-12-17 00:00:00+00:00,108.9317674628,-1.4081996434328614,109.85207559392624,-0.8299060293908872,21.83901859000585,29.007096660399576
2018-12-18 00:00:00+00:00,107.779623475,-1.0576749231517413,108.81584953446313,-0.9437904762713143,14.398316062883907,39.550511456461614
2018-12-19 00:00:00+00:00,107.5531336312,-0.21014161721629732,108.18449158283155,-0.5769660467438058,13.083849350353693,60.712299087534305
2018-12-20 00:00:00+00:00,105.3670142697,-2.032594762878981,106.77575292626577,-1.3047804048113933,5.635302742380203,28.514842895213086
2018-12-21 00:00:00+00:00,102.6294413756,-2.598130841112034,104.70259715093289,-1.9514556229617137,2.7232261482686875,22.869432977963648
2018-12-24 00:00:00+00:00,98.8185035698,-3.7132987909900494,101.76055036036644,-2.8323772069758815,1.3098393933512709,14.423270033814411
2018-12-26 00:00:00+00:00,104.2148702819,5.460886895831507,102.98771032113322,1.3142548444278128,53.0582739099873,84.60145847092208
2018-12-27 00:00:00+00:00,104.8943398132,0.6519890390517702,103.9410250671666,0.9831219417397915,57.28818446488276,51.43614235812661
2018-12-28 00:00:00+00:00,105.6624358051,0.7322568531989981,104.80173043613331,0.8576893974693949,62.94933730606935,51.90816710001313
2018-12-31 00:00:00+00:00,107.9765711652,2.190121155609681,106.38915080066666,1.523905276539538,76.82874480748993,61.97673891695678
2019-01-02 00:00:00+00:00,107.3069490184,-0.6201550387958665,106.84804990953333,0.45187511887183573,66.08384095942712,38.60593071251392
2019-01-03 00:00:00+00:00,104.7072395075,-2.422685142650194,105.77764470851668,-0.9854050118891791,36.42084222221471,28.328346961186217
2019-01-04 00:00:00+00:00,107.9371816271,3.084736198559268,106.85741316780835,1.0496655933350445,65.38080200508817,67.71686885359729
2019-01-07 00:00:00+00:00,108.8726831557,0.8667092418921607,107.86504816175417,0.9581874176136026,71.09985615775933,50.83866651435709
2019-01-08 00:00:00+00:00,109.7195582237,0.777858176590418,108.79230319272709,0.8680227971020102,76.39499555683453,50.08850553039186
2019-01-09 00:00:00+00:00,110.9504812876,1.1218811703473497,109.87139224016354,0.99495198372468,83.13285328833,54.0282449402624
2019-01-10 00:00:00+00:00,111.0784972862,0.11538120169858335,110.47494476318178,0.5551665927116316,83.85191057903442,40.12777325031006
2019-01-11 00:00:00+00:00,110.9307865186,-0.13297872334320227,110.70286564089089,0.21109393468421467,78.09012422047242,36.638717168082415
2019-01-14 00:00:00+00:00,110.7042966748,-0.20417221486301873,110.70358115784545,0.0034608599105979687,67.43290510894495,35.31829545816267
2019-01-15 00:00:00+00:00,110.0543692971,-0.5870841486931733,110.37897522747272,-0.29181164439128765,42.47932920262699,27.362579037936985
2019-01-16 00:00:00+00:00,109.2173416136,-0.7605583393425985,109.79815842053637,-0.5261849918669431,24.7711635559447,23.73007651350342
2019-01-17 00:00:00+00:00,109.3158154587,0.09016319537276107,109.55698693961818,-0.21801089824709102,29.926113630840902,61.41252316860441
2019-01-18 00:00:00+00:00,109.3453576122,0.02702459234835697,109.4511722759091,-0.09549315294936703,32.022249459876164,58.21076944328953
2019-01-22 00:00:00+00:00,108.9120726938,-0.3962536022212082,109.18162248485456,-0.2458733775852876,19.312722295365788,38.18933271537361
2019-01-23 00:00:00+00:00,109.4241366883,0.47016274856841456,109.30287958657728,0.11214468549156348,52.63690728565095,69.93715637697153
2019-01-24 00:00:00+00:00,108.8628357712,-0.5129589632485665,109.08285767888864,-0.2004071388785015,31.34876743307344,37.31527193006053
2019-01-25 00:00:00+00:00,109.3945945348,0.48846675711959886,109.23872610684433,0.1440298091205487,56.40420953809638,63.399949497967285
2019-01-28 00:00:00+00:00,109.1188677685,-0.25204788908678166,109.17879693767216,-0.054009039983116486,43.933189085383745,43.378218922390765
2019-01-29 00:00:00+00:00,109.2074942291,0.08122010648794475,109.19314558338608,0.013605533252414134,49.33426811407898,53.32812848059655
2019-01-30 00:00:00+00:00,108.4492456217,-0.6943192065274606,108.82119560254304,-0.34035683663752325,22.060939191724106,33.05345305119601
2019-01-31 00:00:00+00:00,109.8180320688,1.2621447380783968,109.31961383567152,0.46089395072043676,68.78618723613106,72.54776551472474
2019-02-01 00:00:00+00:00,109.6013896095,-0.1972740316128263,109.46050172258576,0.13180995955380523,60.21570321261122,43.701001407372885
2019-02-04 00:00:00+00:00,110.0937588351,0.44923629833004686,109.77713027884289,0.29052312894192606,72.0764747437347,55.467279090801924
2019-02-05 00:00:00+00:00,110.9406339031,0.7692307692650058,110.35888209097143,0.5298769491034659,84.21657401895662,61.44907380969636
2019-02-06 00:00:00+00:00,109.7097108392,-1.109533108468741,110.03429646508572,-0.2898280796826375,43.23492046274398,28.149314882181613
2019-02-07 00:00:00+00:00,109.2567311516,-0.412889327786059,109.64551380834286,-0.3513587037343483,34.08039885342065,44.79006224760851
2019-02-08 00:00:00+00:00,109.8081846843,0.5047318612661389,109.72684924632142,0.0766865787658953,52.461389919647125,62.122705343203705
2019-02-11 00:00:00+00:00,107.7697760905,-1.8563357546256265,108.7483126684107,-0.8898245879298656,20.604885022451185,28.088616236858353
2019-02-12 00:00:00+00:00,107.5334388622,-0.21929824564314027,108.14087576530535,-0.554561416786503,18.636726314109453,54.190076417306166
2019-02-13 00:00:00+00:00,108.5181773133,0.9157509157331933,108.32952653930268,0.1805947494733452,49.0522345898302,66.744104700405
2019-02-14 00:00:00+00:00,108.9711570008,0.4174228675000835,108.65034177005134,0.29900880848671435,59.498993475860956,56.54007260078243
2019-02-15 00:00:00+00:00,110.8717022115,1.7440809687705228,109.76102199077567,1.0215448886286185,82.31758298463167,73.01482941235813
2019-02-19 00:00:00+00:00,111.7776615865,0.8171240784883071,110.76934178863783,0.9193344835584628,87.39537314919835,52.254114958559526
2019-02-20 00:00:00+00:00,111.9450671232,0.1497665404016857,111.35720445591892,0.5345505119800742,88.32467034447598,39.97839727412361
2019-02-21 00:00:00+00:00,112.5457575784,0.5365939479395898,111.95148101715947,0.535572229959832,91.64151085228478,50.158797138427055
2019-02-22 00:00:00+00:00,113.4911064915,0.8399685012040248,112.72129375432974,0.6877703655819284,94.99682777351236,58.44942558578692
2019-02-25 00:00:00+00:00,111.8564406626,-1.4403470716204847,112.28886720846486,-0.37628835301927815,46.53971152043513,20.32703780911796
2019-02-26 00:00:00+00:00,111.767814202,-0.07923232678870296,112.02834070523244,-0.22776033990399056,44.685985759866284,49.70047526734824
2019-02-27 00:00:00+00:00,111.0588025172,-0.6343612334751336,111.54357161121621,-0.4310607866895621,30.23465003703902,40.55375761774111
2019-02-28 00:00:00+00:00,111.1178868243,0.053200922178908705,111.3307292177581,-0.1889299322553267,32.94531467143317,55.70033620678636
2019-03-01 00:00:00+00:00,112.2700308121,1.0368663594384042,111.80038001492906,0.42396821359153875,68.61441327926505,71.36017299791705
2019-03-04 00:00:00+00:00,112.5851471164,0.2806771335329694,112.19276356566454,0.3523226735622541,74.23677313599966,50.695432153902026
2019-03-05 00:00:00+00:00,112.2601834276,-0.28863815265438575,112.22647349663227,0.03184226045393418,58.12897225525648,38.202172877382644
2019-03-06 00:00:00+00:00,113.097211111,0.7456140350419194,112.66184230381613,0.38872814774792674,77.22329617589602,63.029402312091456
2019-03-07 00:00:00+00:00,112.2700308121,-0.7313887679229802,112.46593655795806,-0.17133031008752675,46.076141160071316,33.87585347419872
2019-03-08 00:00:00+00:00,112.0730831218,-0.17542320855832294,112.26950983987902,-0.17337675932292484,40.27460144575557,47.568773843968934
2019-03-11 00:00:00+00:00,112.9987372659,0.8259379668301037,112.63412355288952,0.3262806037535894,68.36041692632135,66.37863149116028
2019-03-12 00:00:00+00:00,112.9790424969,-0.017429193879991978,112.80658302489476,0.15442570493679872,67.34963692377941,45.676813366086556
2019-03-13 00:00:00+00:00,112.3488098882,-0.5578314303002596,112.57769645654739,-0.20170286268173043,39.3919718764206,35.14253125889342
2019-03-14 00:00:00+00:00,112.7328578841,0.34183539307819366,112.6552771703237,0.07006626519823161,56.06326566392435,58.84479211187149
2019-03-15 00:00:00+00:00,113.2055323406,0.41928721170712,112.93040475546185,0.24467673845267582,70.86069396683975,60.69947352647352
2019-03-18 00:00:00+00:00,111.3936135906,-1.60055671532775,112.16200917303092,-0.6779399884375371,24.130681299657166,21.969663154333002
2019-03-19 00:00:00+00:00,108.3212296231,-2.7581329561601198,110.24161939806547,-1.7180364722988284,9.012964725733356,14.187626828379766
2019-03-20 00:00:00+00:00,108.3113822386,-0.009090909080566867,109.27650081833274,-0.8635636906896976,8.985899302224494,62.0602564484902
2019-03-21 00:00:00+00:00,107.0016800986,-1.2092008364502638,108.13909045846637,-1.0363822635699806,5.619392851537978,45.45487815773025
2019-03-22 00:00:00+00:00,106.5782425646,-0.3957297993917641,107.35866651153319,-0.7160560314808724,4.75539514910325,57.12027515820195
2019-03-25 00:00:00+00:00,106.1449576461,-0.40654162432579577,106.75181207881658,-0.5612988279033341,3.8474296264791716,56.87776257349132
2019-03-26 00:00:00+00:00,108.4590930062,2.1801651358848373,107.60545254250829,0.8094331539907516,61.98962078022041,82.91270826353612
2019-03-27 00:00:00+00:00,108.5969563894,0.1271109497404055,108.10120446595414,0.4682720518655785,63.93824794217558,48.23909903914533
2019-03-28 00:00:00+00:00,109.0203939234,0.38991657600573326,108.56079919467706,0.4290943139356559,70.8282674497012,52.086449996341024
2019-03-29 00:00:00+00:00,109.3355102277,0.289043446789794,108.94815471118852,0.35906888036272494,75.95627019507249,49.948891889454984
2019-04-01 00:00:00+00:00,110.7929231354,1.3329730703820042,109.87053892329426,0.8460209753723645,89.16715014142294,69.42621764060186
2019-04-02 00:00:00+00:00,110.2513169873,-0.4888454359472938,110.06092795529713,0.17858776971253537,68.260236371311,34.391768784227295
2019-04-03 00:00:00+00:00,110.8027705199,0.5001786352026194,110.43184923759856,0.33938320245757736,76.6292501811483,53.499914583699926
2019-04-04 00:00:00+00:00,112.9987372659,1.981869889801735,111.71529325174927,1.1606265461296563,90.92395679211995,71.89459327973309
2019-04-05 00:00:00+00:00,113.2449218787,0.21786492376520972,112.48010756522464,0.689245734947433,91.77041750810416,42.131473628646425
2019-04-08 00:00:00+00:00,113.2055323406,-0.034782608744421406,112.84281995291232,0.3272315631015058,89.76127606100519,38.6904146241716
2019-04-09 00:00:00+00:00,115.0765353978,1.6527487822509679,113.95967767535616,0.9899901726762368,96.00031930225684,66.2819538545071
2019-04-10 00:00:00+00:00,115.3719569331,0.25671743964030824,114.66581730422809,0.6233538061582725,96.50475792831776,42.53076644010364
2019-04-11 00:00:00+00:00,114.8205034005,-0.47797883234290683,114.74316035236404,0.07268748690768284,71.31937441872752,33.15270758513486
2019-04-12 00:00:00+00:00,128.0750829525,11.543739279532094,121.40912165243202,5.808213383219888,97.24465875358126,89.57469698078992
2019-04-15 00:00:00+00:00,130.0248650857,1.5223742887780167,125.716993369066,3.6652938359989524,97.70284020560987,43.58022484267672
2019-04-16 00:00:00+00:00,127.9175248004,-1.6207209935661382,126.817259084733,1.0222864212164071,76.95628307400483,35.10091264576763
2019-04-17 00:00:00+00:00,129.7392909349,1.424172440283411,128.2782750098165,1.223229430749909,81.93148329639911,49.405626931346106
2019-04-18 00:00:00+00:00,130.4286078507,0.5313092979256862,129.35344143025824,0.8772693643377976,83.90389025784687,45.039116354024586
2019-04-22 00:00:00+00:00,129.6703592433,-0.5813514534080966,129.51190033677912,0.1479589554648505,71.0978606331832,38.65333297568988
2019-04-23 00:00:00+00:00,131.3247198412,1.2758201701253302,130.41831008898956,0.7118895627950903,80.72558170905221,54.72506509300139
2019-04-24 00:00:00+00:00,133.0381647462,1.304739052230186,131.72823741759478,1.0083143075126382,87.2987145679032,55.00042508753882
2019-04-25 00:00:00+00:00,135.1455050316,1.5840118430829442,133.43687122459738,1.296163075297791,92.20368430007575,58.643939988498175
2019-04-26 00:00:00+00:00,137.7846040806,1.9527834450601134,135.6107376525987,1.6244732601789522,95.48154676597733,64.35969555373353
2019-04-29 00:00:00+00:00,137.1740662409,-0.4431103487751331,136.39240194674935,0.5906814557019096,83.324644277435,27.423262131670935
2019-04-30 00:00:00+00:00,134.8796256498,-1.67264895907554,135.6360137982747,-0.5409837516868152,48.5086796814255,19.02041003525499
2019-05-01 00:00:00+00:00,134.2986299636,-0.43075125942927395,134.96732188093733,-0.4858675055580446,41.86454154562597,44.6951370780559
2019-05-02 00:00:00+00:00,132.0928158331,-1.642469570313465,133.53006885701865,-1.0641685379357548,23.519123862884268,30.529033244058436
2019-05-03 00:00:00+00:00,132.2799161388,0.14164305948054512,132.90499249790932,-0.46126273922760486,27.558070500765883,59.13487898709217
2019-05-06 00:00:00+00:00,132.9396909011,0.4987716817175025,132.92234169950467,0.018754471244948834,43.37539166486933,63.63135444094367
2019-05-07 00:00:00+00:00,131.4034989173,-1.1555555555961328,132.16292030840233,-0.568400542175592,24.609069416239578,36.06089656520175
2019-05-08 00:00:00+00:00,132.9298435165,1.1615707433792366,132.54638191245118,0.2965851006018223,54.16445041314729,66.52957375348903
2019-05-09 00:00:00+00:00,131.551209685,-1.0371138602362606,132.0487957987256,-0.37026437981721916,35.375355291466136,39.642166457357696
2019-05-10 00:00:00+00:00,131.994341988,0.3368515607428346,132.0215688933628,-0.01670640953719227,44.635150558998966,56.22515854390181
2019-05-13 00:00:00+00:00,129.33554817,-2.0143240823471853,130.6785585316814,-1.0155152459421888,19.494972419617923,32.97221604834676
2019-05-14 00:00:00+00:00,131.167161689,1.4161717678673469,130.9228601103407,0.20032826096257905,49.11224564935667,64.81718758271879
2019-05-15 00:00:00+00:00,132.6245745967,1.1111111111449912,131.77371735352034,0.6557196860537851,64.63914794667141,60.95430966838497
2019-05-16 00:00:00+00:00,133.4320601266,0.6088506088373746,132.60288874006017,0.6322851474455798,71.79210488124772,53.1339459221501
2019-05-17 00:00:00+00:00,132.9790804391,-0.3394833948229703,132.7909845895801,0.14640087631130477,61.349493646843506,38.97257750299264
2019-05-20 00:00:00+00:00,131.8663259893,-0.836789099552826,132.32865528944006,-0.34519411162076064,39.94173434535975,32.21816820865401
2019-05-21 00:00:00+00:00,132.0435789105,0.13441863938361553,132.18611709997003,-0.10538773611857255,44.563828429079344,55.04292798052384
2019-05-22 00:00:00+00:00,131.8072416823,-0.17898426424823866,131.99667939113502,-0.1421860001834056,38.619501891712986,47.328590634013985
2019-05-23 00:00:00+00:00,130.704334617,-0.8367575644731118,131.3505070040675,-0.4894717823282587,19.971575828851183,32.83910670007338
2019-05-24 00:00:00+00:00,130.7634189241,0.045204550616562145,131.05696296408377,-0.2221336158558483,22.960810843211643,58.43324147060341
2019-05-28 00:00:00+00:00,130.5960133874,-0.12802168838760286,130.82648817574187,-0.17507765212172557,19.81521130047066,52.53493672845645
2019-05-29 00:00:00+00:00,129.5620380137,-0.7917357864767438,130.19426309472095,-0.4834067192992347,8.732045400835956,33.24720954542885
2019-05-30 00:00:00+00:00,130.1824232379,0.47883256061038715,130.18834316631046,-0.0022870793444237647,39.29204008574473,67.50493402511385
2019-05-31 00:00:00+00:00,130.0248650857,-0.12102874434291033,130.1066041260052,-0.06165791184366705,34.84704209509244,49.5107345091114
2019-06-03 00:00:00+00:00,130.4483026197,0.3256588912597058,130.27745337285262,0.1320004897080194,55.25344081520004,61.09455345980559
2019-06-04 00:00:00+00:00,132.7624379799,1.7739865630497897,131.51994567637632,0.9529935263789046,87.4574249697646,81.61240301308688
2019-06-05 00:00:00+00:00,133.8653450451,0.8307372792950574,132.69264536073817,0.891865402836981,91.7183782284483,53.86261010806782
2019-06-06 00:00:00+00:00,135.115962878,0.9342356922014794,133.9043041193691,0.9130505475192302,94.75124494797237,56.30776463466717
2019-06-07 00:00:00+00:00,135.9332957925,0.604912178465522,134.91879995593456,0.7589813629923761,96.13780283305141,44.94017562659164
2019-06-10 00:00:00+00:00,134.9780994949,-0.7026948710624148,134.94844972541728,0.028143245964980634,65.70868432278438,20.405172461090828
2019-06-11 00:00:00+00:00,133.0184699772,-1.4518129422721904,133.98345985130862,-0.7118348481536049,33.2867404326018,13.88906086266188
2019-06-12 00:00:00+00:00,133.6487025859,0.47379330765722205,133.81608121860432,-0.11902077024819141,46.11343934347206,61.407375552425556
2019-06-13 00:00:00+00:00,139.5768280616,4.435602711436593,136.69645464010216,2.1582909705942006,85.48609704357246,85.72241148251604
2019-06-14 00:00:00+00:00,139.488201601,-0.06349654296550211,138.0923281205511,1.0473972138143492,84.10797175145784,41.347223354108664
2019-06-17 00:00:00+00:00,138.8185794542,-0.4800564772606375,138.45545378737555,0.2836703682768559,71.11490902780994,38.574006935862606
2019-06-18 00:00:00+00:00,137.1149819338,-1.2272114634064968,137.78521786058778,-0.47177054756482045,44.739700698078856,32.677317301988346
2019-06-19 00:00:00+00:00,138.7693425317,1.2065498420141596,138.2772801961439,0.3673896472246696,64.12236531135139,61.46199178089741
2019-06-20 00:00:00+00:00,139.8525548279,0.7805847289018786,139.06491751202196,0.5739871880632741,73.31503331378804,55.2591408282386
2019-06-21 00:00:00+00:00,138.0898730004,-1.2603858611443641,138.577395256211,-0.343199336540545,45.10538103330327,32.028062874319474
2019-06-24 00:00:00+00:00,137.0952871648,-0.7202453112525542,137.8363412105055,-0.5317223238965496,34.02485108887253,41.749417789649826
2019-06-25 00:00:00+00:00,137.8042988496,0.5171670736921152,137.82032003005276,-0.007277625102217189,47.75009479079019,60.94415366864193
2019-06-26 00:00:00+00:00,138.2572785371,0.32871230526296813,138.0387992835764,0.16071734008037547,56.435482135450535,56.677599630870745
2019-06-27 00:00:00+00:00,137.1740662409,-0.78347578345348,137.6064327622382,-0.3113792216865523,35.354996980228066,34.991848994751656
2019-06-28 00:00:00+00:00,137.5088773143,0.24407753052388959,137.5576550382691,-0.03365084558133136,44.89777813298808,57.517944334105046
2019-07-01 00:00:00+00:00,139.488201601,1.4394156401814628,138.52292831963456,0.7028823973000657,76.13616630713963,73.52546579193937
2019-07-02 00:00:00+00:00,140.354771438,0.6212495587826217,139.43884987881728,0.6620659780413437,82.61038479955434,53.01555247816195
2019-07-03 00:00:00+00:00,140.797903741,0.3157230056804572,140.11837680990863,0.48889449186090045,85.60579281903212,45.85122067878273
2019-07-05 00:00:00+00:00,141.1425621989,0.2447894810522211,140.63046950440432,0.36684198645656074,88.01443051931531,43.790377581074296
2019-07-08 00:00:00+00:00,139.7256870571,-1.0038610038857865,140.17807828075217,-0.31850950871461287,43.317332131238636,20.024938917139007
2019-07-09 00:00:00+00:00,140.3102719058,0.41838037157841956,140.24417509327608,0.04993543143190335,56.872074070330136,58.50273997722831
2019-07-10 00:00:00+00:00,142.2225579363,1.3628981004212282,141.23336651478803,0.7064167659265658,80.15625992097641,71.94754698201152
2019-07-11 00:00:00+00:00,142.2423743719,0.013933398391619,141.73787044334404,0.3601750821590924,80.32140306986092,42.469687414889414
2019-07-12 00:00:00+00:00,143.5502591181,0.9194761771766036,142.64406478072203,0.639825629667848,89.21067846053805,59.27209923528895
2019-07-15 00:00:00+00:00,143.728607038,0.12424075093677711,143.18633590936102,0.38203319030231253,90.12326770501173,42.80417039738127
2019-07-16 00:00:00+00:00,142.9755824872,-0.5239211360344664,143.0809591982805,-0.07094397286607695,58.68584575666736,31.951083256028195
2019-07-17 00:00:00+00:00,141.2614608122,-1.1988911988894735,142.17121000524025,-0.6349175858777752,26.784221622027726,22.88663418015956
2019-07-18 00:00:00+00:00,140.3300883414,-0.6593252437324115,141.25064917332014,-0.6471214148050934,18.560845018376806,42.46038535067455
2019-07-19 00:00:00+00:00,138.5664255775,-1.2567958765972498,139.90853737541008,-0.9519586457011716,9.914576423769072,29.867881211561855
2019-07-22 00:00:00+00:00,139.5473391372,0.7079013228578734,139.72793825630504,-0.12202866142164909,35.12644886534307,71.52394834872786
2019-07-23 00:00:00+00:00,139.9634842837,0.2982107355632646,139.84571127000254,0.08809103707080776,44.93359517136265,60.31775540363453
2019-07-24 00:00:00+00:00,139.993208937,0.021237434500931407,139.91946010350125,0.05466423578586958,45.81129691836006,52.048144980925876
2019-07-25 00:00:00+00:00,141.8955867497,1.3589072121034773,140.90752342660062,0.7067857239446734,78.58273451350681,75.94242624908105
2019-07-26 00:00:00+00:00,143.3223701093,1.0055163745979145,142.1149467679503,0.856151049271294,87.25436467188617,63.419423445550294
2019-07-29 00:00:00+00:00,145.0464000021,1.202903560334101,143.58067338502514,1.0295273048026976,92.64899335706879,67.8598692857574
2019-07-30 00:00:00+00:00,143.599800207,-0.997335883606254,143.59023679601256,0.01609571059822179,60.44763223081479,22.39868298768389
2019-07-31 00:00:00+00:00,141.6974223943,-1.3247774787692679,142.64382959515626,-0.654340884085523,35.861117310487344,19.484760600197728
2019-08-01 00:00:00+00:00,140.5480691324,-0.811132088699329,141.59594936377812,-0.732736486392426,26.202606123999047,38.3548918948257
2019-08-02 00:00:00+00:00,140.4093540836,-0.09869580539689782,141.00265172368904,-0.4157161458946619,24.984411174874584,58.560916222772526
2019-08-05 00:00:00+00:00,137.0306518224,-2.4063227719061553,139.01665177304452,-1.4110194589004086,9.258302467386903,22.588152687523856
2019-08-06 00:00:00+00:00,140.567885568,2.5813449024415958,139.79226867052228,0.5851627217705936,54.36574559502785,74.12308071179746
2019-08-07 00:00:00+00:00,133.622224908,-4.941143300217055,136.70724678926115,-2.1779902892232306,22.062773624458682,29.57724026601115
2019-08-08 00:00:00+00:00,136.6244148937,2.2467744327465233,136.66583084148056,0.03439207176164638,43.737442498974225,62.166038891809556
2019-08-09 00:00:00+00:00,137.2486326135,0.4568859235632772,136.9572317274903,0.24563899766246178,48.22791804195989,53.00425243191375
2019-08-12 00:00:00+00:00,134.5040562899,-1.9997112330648048,135.73064400869515,-0.8770361177011715,31.596172786414265,40.6659128506013
2019-08-13 00:00:00+00:00,135.7524917295,0.928176795582436,135.7415678690976,0.025570338940632265,44.62572276274627,58.102057971304056
2019-08-14 00:00:00+00:00,131.6306731353,-3.036274724454524,133.68612050219878,-1.505352192756946,22.963548155986004,36.385391278251305
2019-08-15 00:00:00+00:00,132.1855333307,0.42152803915975756,132.9358269164494,-0.5419120767985942,29.840402608971345,57.27699589909951
2019-08-16 00:00:00+00:00,133.9591043123,1.341728506071016,133.44746561437472,0.3999082146362109,50.86883458257207,62.22865642275658
2019-08-19 00:00:00+00:00,134.0482782723,0.06656804735876154,133.74787194333737,0.23323813099748622,51.95488448583143,50.14742139549648
2019-08-20 00:00:00+00:00,133.8897467879,-0.11826446892361231,133.81880936561868,0.057486831036936956,49.06278238356912,48.11638054885704
2019-08-21 00:00:00+00:00,134.5139645077,0.46621771627428643,134.16638693665934,0.2618522736556117,61.66603858553097,56.477558444946894
2019-08-22 00:00:00+00:00,134.8310274765,0.23571007661575827,134.49870720657967,0.24878117513568498,67.7463650794804,51.562006271636655
2019-08-23 00:00:00+00:00,130.4615034379,-3.2407407407479494,132.48010532223984,-1.495979782806132,15.832801666345798,17.366985733695287
2019-08-26 00:00:00+00:00,133.3745194636,2.2328548644133805,132.92731239291993,0.36843754080362423,52.348110032432515,67.80008530255321
2019-08-27 00:00:00+00:00,133.2556208503,-0.08914642300356102,133.09146662160998,0.1396455589000316,50.9936281846191,48.83438778324322
2019-08-28 00:00:00+00:00,135.2967137119,1.5317123950013167,134.194090166755,0.8356789769506742,70.58915431092542,60.4255597948719
2019-08-29 00:00:00+00:00,136.5748738048,0.9447088978241647,135.38448198577748,0.8901939373874195,78.61952342800905,53.804133121896115
2019-08-30 00:00:00+00:00,136.0001971739,-0.42077771327203584,135.69233957983874,0.23470811205769182,66.39355045300138,38.92202797924436
2019-09-03 00:00:00+00:00,135.0589164853,-0.692117149945326,135.37562803256935,-0.2287045189438171,48.03930268216226,35.95750379969836
2019-09-04 00:00:00+00:00,136.6244148937,1.1591225882301437,136.00002146313466,0.4652090346431633,69.24784997578183,64.0103947590779
2019-09-05 00:00:00+00:00,137.5656955823,0.6889549641126536,136.78285852271733,0.5770819993779084,77.52238999075865,54.85626756939283
2019-09-06 00:00:00+00:00,138.2691790443,0.511380005765405,137.52601878350868,0.5442310025716567,82.73136605547947,50.74496311910207
2019-09-09 00:00:00+00:00,137.5557873645,-0.5159441060769154,137.54090307400435,0.014143448247370627,61.1689044528175,30.74735190090867
2019-09-10 00:00:00+00:00,134.543689161,-2.1897284448806453,136.0422961175022,-1.0877924983166374,23.07676328804751,15.662703640933762
2019-09-11 00:00:00+00:00,134.940017872,0.29457250166951,135.4911569947511,-0.3966099983235637,31.49644129196574,59.69068875600623
2019-09-12 00:00:00+00:00,136.2379944005,0.9618914751673202,135.86457569762555,0.28264073842187826,55.450651405406354,66.6959816886888
2019-09-13 00:00:00+00:00,136.7532217247,0.3781818181243679,136.30889871116278,0.3304112782731231,63.127670259101265,54.31174267235253
2019-09-16 00:00:00+00:00,134.5535973788,-1.6084625416197595,135.43124804498137,-0.6390256316733183,30.010059571731844,27.88152657732431
2019-09-17 00:00:00+00:00,135.0589164853,0.37555228276611174,135.2450822651407,-0.13173667445360326,40.72561635586977,58.28872809357871
2019-09-18 00:00:00+00:00,135.5444191562,0.35947472668556024,135.39475071067034,0.11386902611597849,51.440156968820034,57.99151988657323
2019-09-19 00:00:00+00:00,132.0765429351,-2.558479532162561,133.73564682288517,-1.2223052530232912,17.516116913175072,24.28337112637308
2019-09-20 00:00:00+00:00,131.0559965044,-0.772693173231731,132.3958216636426,-0.9974992131275111,13.566650967348002,50.62805247417809
2019-09-23 00:00:00+00:00,131.2442526421,0.14364557343522488,131.8200371528713,-0.4269268198461431,18.642467784951553,61.05715931924182
2019-09-24 00:00:00+00:00,130.7587499711,-0.3699229956560135,131.28939356198566,-0.3984249077510783,15.191382858975764,51.84957501355424
2019-09-25 00:00:00+00:00,131.8684703619,0.848677729823244,131.57893196194283,0.22512641103608283,48.11962532471866,68.66714724508137
2019-09-26 00:00:00+00:00,130.0651747269,-1.3674956796351778,130.82205334442142,-0.5711846342995475,24.722414810514984,35.16362830751749
2019-09-27 00:00:00+00:00,128.7671981984,-0.9979431705876673,129.79462577141072,-0.7845639024436074,16.21175740448502,42.215674405884855
2019-09-30 00:00:00+00:00,129.1238940383,0.2770083102611398,129.45925990485534,-0.2537777960912338,26.62409318844552,63.02669791844216
2019-10-01 00:00:00+00:00,128.3609612697,-0.590853284190529,128.91011058727767,-0.42231554014088135,19.0349055175657,46.08117410344113
2019-10-02 00:00:00+00:00,127.9547243409,-0.31648012353728827,128.43241746408884,-0.3693978318390848,15.504910303098665,52.17845822712937
2019-10-03 00:00:00+00:00,126.9738107812,-0.766609880762692,127.70311412264442,-0.5680038563008885,9.275016196720513,40.81924338023135
2019-10-04 00:00:00+00:00,129.0743529494,1.654311353874105,128.38873353602222,0.5431537487866083,60.393080380303935,78.52867894285853
2019-10-07 00:00:00+00:00,129.6985706692,0.4836109618497897,129.0436521026111,0.513382355318199,68.34373839619772,53.70599847280124
2019-10-08 00:00:00+00:00,127.29087375,-1.856378915185497,128.16726292630557,-0.6714982799336491,31.61984467576314,27.57378355092983
2019-10-09 00:00:00+00:00,128.1429804786,0.6694169844992492,128.1551217024528,-0.0010406477171999162,46.796433655714424,59.489169764946844
2019-10-10 00:00:00+00:00,128.1528886964,0.0077321580651323885,128.1540051994264,0.003345755173966236,47.00159695858011,50.70847230717727
2019-10-11 00:00:00+00:00,128.8266475051,0.5257460955844451,128.4903263522632,0.2645459253792056,61.96282796338145,57.99004015386845
2019-10-14 00:00:00+00:00,128.5095845363,-0.2461159821670056,128.4999554442816,0.00921497160610002,51.66722064899575,43.59584864538993
2019-10-15 00:00:00+00:00,128.5690338429,0.046260601350889274,128.5344946435908,0.027737786478494647,53.82506237783426,50.56756926803655
2019-10-16 00:00:00+00:00,129.6589377981,0.8477188655953816,129.0967162208454,0.4377283260369381,79.27285185362781,67.2248264116681
2019-10-17 00:00:00+00:00,131.1550786821,1.1539049366035448,130.1258974514727,0.7958166313202415,90.29082365093103,72.52945085696246
2019-10-18 00:00:00+00:00,129.6886624515,-1.1180781143476537,129.90727995148634,-0.1611307415137061,50.682003473497666,25.890031424598288
2019-10-21 00:00:00+00:00,129.0644447317,-0.48132019252911107,129.4858623415932,-0.3212254670214086,39.592116829084944,41.66099682844602
2019-10-22 00:00:00+00:00,131.1848033354,1.642868109887119,130.33533283849658,0.6608213214328552,71.43706849487792,71.74671945103754
2019-10-23 00:00:00+00:00,129.9264596781,-0.9592145014562403,130.1308962582983,-0.14919659001169255,48.620597440444925,36.838705927217404
2019-10-24 00:00:00+00:00,129.0644447317,-0.6634637382837094,129.59767049499914,-0.40633016414770096,36.60652711577499,41.67665779272689
2019-10-25 00:00:00+00:00,129.6985706692,0.49132504216651274,129.64812058209958,0.04249743900940589,50.18822035924854,59.73868293113634
2019-10-28 00:00:00+00:00,129.3319666116,-0.28265851790690855,129.49004359684977,-0.12008053944875133,42.32471137672925,45.55521131037486
2019-10-29 00:00:00+00:00,128.2916037453,-0.804412778647634,128.89082367107488,-0.4622466590481927,25.39050697065765,36.73576180098142
2019-10-30 00:00:00+00:00,128.4105023585,0.09267840585738263,128.65066301478743,-0.18478412659540502,30.179425163228714,57.804269215114424
2019-10-31 00:00:00+00:00,128.7275653273,0.24691358025750176,128.6891141710437,0.03106472683104837,44.44335861543954,61.14159465992687
2019-11-01 00:00:00+00:00,131.5315909575,2.1782635467939793,130.11035256427186,1.1046641368125139,85.02552444993542,84.36652407194947
2019-11-04 00:00:00+00:00,131.7000306597,0.12806026367797596,130.9051916119859,0.6163622002452449,85.95026742543946,43.22736553507441
2019-11-05 00:00:00+00:00,130.2435226468,-1.1059283779997542,130.57435712939295,-0.24478308887725464,47.72380276813925,30.01397521413377
2019-11-06 00:00:00+00:00,130.0651747269,-0.13693419547905483,130.31976592814647,-0.19085864217815474,44.119709849434635,48.541389641354826
2019-11-07 00:00:00+00:00,131.7396635308,1.2874228688931844,131.02971472947323,0.5482821133575149,72.92058465029471,67.50742575062279
2019-11-08 00:00:00+00:00,136.6937724181,3.760529482559183,133.8617435737866,2.154405797958349,91.7623939546097,83.42145506938648
2019-11-11 00:00:00+00:00,135.4849698496,-0.884314293999211,134.67335671169332,0.6350457519795689,73.13713397748639,35.05400416164518
2019-11-12 00:00:00+00:00,137.3080819201,1.3456194237071673,135.99071931589665,0.9903325878433681,81.59048904892258,54.18368413938585
2019-11-13 00:00:00+00:00,147.3550147435,7.317073170715727,141.67286702969832,4.153702879279547,94.88807349988537,79.01353191526111
2019-11-14 00:00:00+00:00,145.7994245529,-1.055675094130859,143.73614579129918,1.549013892574344,81.25661868960293,36.92546015980953
2019-11-15 00:00:00+00:00,143.3421865448,-1.6853550798538675,143.53916616804958,-0.06817059363976175,60.6217278102482,34.83238928716092
2019-11-18 00:00:00+00:00,146.2948354417,2.0598603719339748,144.9170008048748,0.9958448891471066,72.98638302078149,56.719835663441046
2019-11-19 00:00:00+00:00,147.0181353392,0.4944124618727619,145.9675680720374,0.7451286755099342,75.78075264522556,46.853452663267625
2019-11-20 00:00:00+00:00,145.5814437619,-0.9772206496737712,145.7745059169687,-0.11604598708191849,57.92734444486163,37.62461068325853
2019-11-21 00:00:00+00:00,145.5517191086,-0.02041788605189332,145.66311251278435,-0.0682319365669059,57.506882633014044,47.675894804264246
2019-11-22 00:00:00+00:00,146.9289613792,0.9462219196273436,146.29603694599217,0.4389949915302188,71.75525814930526,57.94550986856844
2019-11-25 00:00:00+00:00,148.3161118677,0.9440960280934663,147.30607440684608,0.6915455098118426,81.25245817913472,57.908016131617444
2019-11-26 00:00:00+00:00,150.2482143337,1.3026922305807709,148.77714437027305,0.9971188701963067,88.98832720581657,63.82971961932467
2019-11-27 00:00:00+00:00,150.0896828493,-0.10551305724532112,149.43341360978653,0.4458029064754928,84.687417763417,34.90437026473931
2019-11-29 00:00:00+00:00,150.1887650271,0.0660153155893406,149.81108931844327,0.2559091110324167,85.35116338188485,39.88198802058058
2019-12-02 00:00:00+00:00,149.2375761207,-0.6333289352425053,149.52433271957165,-0.18870991210504431,52.55003729665562,27.17414385250499
2019-12-03 00:00:00+00:00,147.2162996947,-1.354401805859684,148.37031620713583,-0.7715558589823642,23.618191506683225,18.2034201429665
2019-12-04 00:00:00+00:00,146.9190531615,-0.2019114281614609,147.6446846843179,-0.48673364357191257,21.060468618879327,54.34045902574896
2019-12-05 00:00:00+00:00,146.0867628684,-0.5664958187452385,146.86572377635895,-0.5266147311585755,14.476166917327253,44.922920199374964
2019-12-06 00:00:00+00:00,146.3047436594,0.14921323925587426,146.58523371787948,-0.1887007459513506,23.831356004816733,63.532875739986416
2019-12-09 00:00:00+00:00,144.8680520821,-0.9819856426833584,145.72664289998974,-0.5853431943173545,11.449462118506293,35.275157013580866
2019-12-10 00:00:00+00:00,144.7590616866,-0.07523425208908474,145.24285229329487,-0.3302887232032196,10.81032642341187,57.82806793936552
2019-12-11 00:00:00+00:00,146.235386135,1.0198494181982154,145.73911921414742,0.34478034749749786,58.20948100766072,74.14702631885964
2019-12-12 00:00:00+00:00,146.4038258372,0.1151839555745493,146.0714725256737,0.22998215153602358,61.69351391654694,50.11581356711607
2019-12-13 00:00:00+00:00,145.9084149485,-0.33838657280097495,145.98994373708683,-0.054202210632475684,45.104049619803405,40.294386898500534
2019-12-16 00:00:00+00:00,147.9817139175,1.420959147374612,146.9858288272934,0.6833784683710681,79.57763729396414,72.10334845824228
2019-12-17 00:00:00+00:00,147.2540657216,-0.49171494006730043,147.1199472744467,0.09583176415188382,59.8060314556223,38.58288263866124
2019-12-18 00:00:00+00:00,145.7888015464,-0.9950585527263023,146.45437441042336,-0.44961339428720926,34.165587853211434,32.600272664076144
2019-12-19 00:00:00+00:00,145.6791559278,-0.0752085327796026,146.06676516911168,-0.2624109635334059,32.59694505564433,52.703596078462205
2019-12-20 00:00:00+00:00,146.4068041237,0.4994868286171572,146.23678464640585,0.11853793254187564,53.739815766291464,63.0359857680185
2019-12-23 00:00:00+00:00,144.2138917526,-1.4978213507394034,145.22533819950291,-0.6896417090987639,22.224926470687077,29.4717331879018
2019-12-24 00:00:00+00:00,144.8219265464,0.4216201271671327,145.02363237295145,-0.13401079096581558,37.474994033316044,60.09840249480594
2019-12-26 00:00:00+00:00,145.2306056701,0.28219423221735873,145.12711902152574,0.07409172062577157,47.79517400008737,57.383325826035474
2019-12-27 00:00:00+00:00,145.2804445876,0.03431708989301008,145.20378180456288,0.054204405259390825,49.32521425284131,51.21330953532708
2019-12-30 00:00:00+00:00,143.3068234536,-1.3584905660238067,144.25530262908143,-0.6521430803822079,17.995864960291595,26.86604257949653
2019-12-31 00:00:00+00:00,144.1640528351,0.5981776448890086,144.2096777320907,-0.02698271774659966,41.998000335445965,63.466055694816134
2020-01-02 00:00:00+00:00,147.7225515464,2.4683675585690956,145.96611463924535,1.220692420411248,79.45036566281756,78.72841755107267
2020-01-03 00:00:00+00:00,146.0280283505,-1.1470985155355717,145.99707149487267,0.03679695243783809,54.372619373256576,35.60083086417122
2020-01-06 00:00:00+00:00,145.1807667526,-0.5802047781309327,145.58891912373633,-0.2717039128465473,43.964815061806235,42.951044462957064
2020-01-07 00:00:00+00:00,145.2306056701,0.03432887056240563,145.40976239691815,-0.11868752114207085,44.89551176056667,51.881386069613846
2020-01-08 00:00:00+00:00,144.9315721649,-0.20590253949590576,145.17066728090907,-0.1622950303189883,39.057156763684524,47.51956162765494
2020-01-09 00:00:00+00:00,144.3634085052,-0.3920220081884862,144.76703789305452,-0.27715851925373725,28.495914039968717,43.28998125520481
2020-01-10 00:00:00+00:00,144.1540850515,-0.1449975834371231,144.46056147227728,-0.21107805134543017,24.791252281898657,51.82635991839874
2020-01-13 00:00:00+00:00,143.4164690722,-0.5116857972054634,143.93851527223865,-0.3613819242754468,14.69391067214018,38.816366566297916
2020-01-14 00:00:00+00:00,144.7322164948,0.9174311926042789,144.33536588351933,0.27802463416441603,59.17955032743193,75.20455263016869
2020-01-15 00:00:00+00:00,143.8550515464,-0.6060606060237617,144.09520871495965,-0.16401798592967282,38.895976239517076,38.54631396879775
2020-01-16 00:00:00+00:00,144.6524742268,0.5543237250468014,144.37384147087982,0.19515286955856428,58.3584574008809,60.52827920131279
2020-01-17 00:00:00+00:00,143.8650193299,-0.5443770672497017,144.11943040038992,-0.17461209884556872,39.65111301747251,40.1373780482066
2020-01-21 00:00:00+00:00,143.0975,-0.5334996189309882,143.60846520019496,-0.35405585888827845,26.998050855082678,40.435370584196946
2020-01-22 00:00:00+00:00,143.5460502577,0.3134577876622524,143.57725772894747,-0.020299035613013022,42.95560380760698,62.33425572247135
2020-01-23 00:00:00+00:00,141.7418814433,-1.2568571626743186,142.65956958612372,-0.6385780991436658,18.524680392051174,30.820875589403478
2020-01-24 00:00:00+00:00,139.6287113402,-1.490857946559232,141.14414046316188,-1.0647180228514488,9.265874140895619,27.69163720430028
2020-01-27 00:00:00+00:00,135.4621778351,-2.9840091375966438,138.30315914913092,-2.0243635802240463,3.738939185105088,14.043924138295045
2020-01-28 00:00:00+00:00,137.9242203608,1.817512877060845,138.11368975496546,-0.1034253515816006,37.03079963721335,74.54861593413729
2020-01-29 00:00:00+00:00,135.6216623711,-1.6694370167014028,136.86767606303272,-0.8864311841415017,24.933715380085612,42.19463402487881
2020-01-30 00:00:00+00:00,137.3660244845,1.2861972659109044,137.11685027376637,0.19988304088470138,45.255963849179274,62.749556677329174
2020-01-31 00:00:00+00:00,137.8644136598,0.36281837315328413,137.49063196678318,0.2813507070189928,50.947285091403955,53.78675932744902
2020-02-03 00:00:00+00:00,140.8647164948,2.176270696224547,139.17767423079158,1.22881070162177,74.69919043913897,67.47322647526767
2020-02-04 00:00:00+00:00,144.2637306701,2.4129634871521866,141.7207024504458,1.8208870943869782,86.12010276858119,69.25584200589965
2020-02-05 00:00:00+00:00,140.9145554124,-2.321564292108058,141.31762893142292,-0.25033859886054,51.65617448598788,26.189919254384826
2020-02-06 00:00:00+00:00,142.2402706186,0.9407936620316804,141.77894977501145,0.3452275315855702,60.93773987914511,55.06844398231316
2020-02-07 00:00:00+00:00,140.5656829897,-1.1772950245505287,141.17231638235575,-0.41603374648247926,44.68323561576914,39.874808023619096
2020-02-10 00:00:00+00:00,142.130625,1.1133172599564478,141.65147069117788,0.3486417567369843,59.73775772156797,58.46464383936836
2020-02-11 00:00:00+00:00,140.5557152062,-1.1080720948071554,141.10359294868894,-0.37971516903508556,42.34237148019135,40.32704368334358
2020-02-12 00:00:00+00:00,141.3930090206,0.595702432428058,141.24830098464446,0.10799363169648621,53.208312127457866,56.023080627475274
2020-02-13 00:00:00+00:00,140.4460695876,-0.6697215368420717,140.84718528612223,-0.28086395257279273,40.318412065237105,43.32662468964193
2020-02-14 00:00:00+00:00,139.0904510309,-0.9652235628099692,139.9688181585111,-0.623043757691381,26.52165011084855,40.14015199393981
2020-02-18 00:00:00+00:00,138.6917396907,-0.286656155936571,139.33027892460555,-0.454849956813976,23.04290002819706,52.23918953117487
2020-02-19 00:00:00+00:00,140.8447809278,1.5523932729530676,140.08752992620276,0.5487716580695459,62.68652698773268,73.78211105448237
2020-02-20 00:00:00+00:00,139.9177770619,-0.6581740976083439,140.0026534940514,-0.05470121976939901,47.03744496271333,40.690094949688465
2020-02-21 00:00:00+00:00,138.5222873711,-0.9973641091958196,139.2624704325757,-0.5260326644826093,30.08078854096585,36.882719985185496
2020-02-24 00:00:00+00:00,132.5814884021,-4.288695401834241,135.92197941733787,-2.407364033158425,9.109859665728274,15.61546017036052
2020-02-25 00:00:00+00:00,127.7770167526,-3.623787685147073,131.84949808496893,-3.015575859152749,4.935699033484974,28.166916959044883
2020-02-26 00:00:00+00:00,122.9625773196,-3.767844605670867,127.40603770228446,-3.391710232411808,2.9227288310803403,26.86814488222324
2020-02-27 00:00:00+00:00,117.6597164948,-4.312581063600351,122.53287709854223,-3.8521456480060796,1.7461419798798337,21.29790305387444
2020-02-28 00:00:00+00:00,117.2709729381,-0.3303964757701672,119.90192501832112,-2.0912710618881234,1.6721222123415325,75.9565684747305
2020-03-02 00:00:00+00:00,119.5934664948,1.9804504887376506,119.74769575656056,-0.05541028657523639,28.741912825146695,85.01522773202268
2020-03-03 00:00:00+00:00,116.0748389175,-2.9421570261557672,117.91126733703028,-1.498783656365502,17.680465286863928,38.575274095123234
2020-03-04 00:00:00+00:00,118.7960438144,2.3443537999084274,118.35365557571514,0.42278507177146274,43.08868019282239,67.32648314494985
2020-03-05 00:00:00+00:00,113.6127963918,-4.363148179158216,115.98322598375756,-1.9701815536933767,22.896769546479195,35.60680260315298
2020-03-06 00:00:00+00:00,114.8986404639,1.1317775047677614,115.44093322382878,-0.41920202446280763,34.345477940687786,59.21750612496019
2020-03-09 00:00:00+00:00,104.0138208763,-9.47341025416214,109.72737705006439,-4.946306139312473,11.903112234274069,28.72555674615049
2020-03-10 00:00:00+00:00,111.1009149485,6.813608049865261,110.4141459992822,0.9336509552763936,46.222421344425086,67.3976819020875
2020-03-11 00:00:00+00:00,105.1700837629,-5.338237932918188,107.7921148810911,-2.2022934888208976,31.04241167150811,41.93395525378787
2020-03-12 00:00:00+00:00,91.5142203608,-12.984551227406438,99.65316762094554,-7.593422358113668,14.544784092732774,30.911128987084748
2020-03-13 00:00:00+00:00,102.1897164948,11.665395926350296,100.92144205787277,2.035986784118314,47.35380136818316,69.57921652304442
2020-03-16 00:00:00+00:00,94.7039110825,-7.325399921900089,97.81267657018638,-2.6447065688908875,33.73191241259541,42.251430588487
2020-03-17 00:00:00+00:00,93.2286791237,-1.5577307652213768,95.52067784694319,-2.1012186670561324,31.08832963895603,51.01594879967648
2020-03-18 00:00:00+00:00,88.5139175258,-5.057200898067271,92.01729768637159,-3.5792097825617017,22.598169307371464,44.824459972810864
2020-03-19 00:00:00+00:00,94.6241688144,6.903153153083497,93.32073325038579,1.6619716852608974,49.44016265644263,65.98697823974516
2020-03-20 00:00:00+00:00,85.7030025773,-9.427999578626011,89.51186791384289,-3.883013946682557,28.09927537158574,36.9556965586311
2020-03-23 00:00:00+00:00,85.4837113402,-0.25587345892835733,87.49778962702145,-2.069443702805457,27.6590642915592,54.00375093555621
2020-03-24 00:00:00+00:00,97.8038917526,14.412313432870615,92.65084068981072,6.1714348650325785,68.82178799335679,72.10106876804028
2020-03-25 00:00:00+00:00,100.4054832474,2.6600081532347053,96.52816196860536,4.4157215091336415,73.58299306776829,48.95320868705589
2020-03-26 00:00:00+00:00,105.0205670103,4.5964459446187655,100.77436448945268,4.506083726876204,81.21587312120946,52.70594014167207
2020-03-27 00:00:00+00:00,96.0894329897,-8.504176157917776,98.43189873957634,-1.999046215520786,44.16950501855642,30.18608899281167
2020-03-30 00:00:00+00:00,99.4784793814,3.526970954301789,98.95518906048818,0.7639623693905016,55.67732059060376,56.052887256841565
2020-03-31 00:00:00+00:00,96.2887886598,-3.2064128256029556,97.62198886014409,-1.221225228106227,43.12748876813287,42.75447303703589
2020-04-01 00:00:00+00:00,94.6142010309,-1.739130434817826,96.11809494552205,-1.4801778314620266,36.62616761568569,46.874292555937224
2020-04-02 00:00:00+00:00,96.6575966495,2.1597134429456766,96.38784579751102,0.33976780574182497,50.3308757330769,58.716370254946305
2020-04-03 00:00:00+00:00,93.5775515464,-3.186552542030252,94.98269867195552,-1.4233923681442135,33.80315582461433,40.25834974397016
2020-04-06 00:00:00+00:00,99.2591881443,6.071580741330651,97.12094340812776,2.3240941865932188,65.31705190760992,67.11282325092485
2020-04-07 00:00:00+00:00,100.9138402062,1.667001405949975,99.01739180716388,1.9955477962715968,71.28810760289566,50.81289668469336
2020-04-08 00:00:00+00:00,100.7443878866,-0.16791781905610703,99.88088984688193,0.9138149886077449,69.45136625710255,44.117252453442035
2020-04-09 00:00:00+00:00,104.1633376289,3.39368754331848,102.02211373789096,2.1537512659631126,82.835643081902,59.612164092860795
2020-04-13 00:00:00+00:00,103.1665592784,-0.9569377990279015,102.59433650814549,0.5984067334676055,69.51619445151597,39.52923941799646
2020-04-14 00:00:00+00:00,105.6884085052,2.4444444444392754,104.14137250667275,1.5214255889534405,81.0684527207388,56.65432796543911
2020-04-15 00:00:00+00:00,103.0369780928,-2.5087239460792388,103.58917529973638,-0.49364917856289914,50.74217270586216,35.00216725278891
2020-04-16 00:00:00+00:00,101.6913273196,-1.3059881977400711,102.6402513096682,-0.8998186881514851,39.49481048732194,42.944435354519676
2020-04-17 00:00:00+00:00,106.2864755155,4.518721819273885,104.4633634125841,1.8094515655612002,71.66533427578906,69.77426404705506
2020-04-20 00:00:00+00:00,101.9305541237,-4.0982837850943366,103.19695876814205,-1.1444161097665682,40.811067434437156,34.14445869911853
2020-04-21 00:00:00+00:00,100.2160953608,-1.6819870917403112,101.70652706447103,-1.4132016007534398,32.539994591588965,45.78830170537911
2020-04-22 00:00:00+00:00,100.6646456186,0.44758305158980605,101.18558634153553,-0.4828092745818169,37.51013654839969,56.059132852714725
2020-04-23 00:00:00+00:00,100.6746134021,0.009901970486980716,100.93009987181776,-0.23645365204741808,37.66322607823173,52.96554060755614
2020-04-24 00:00:00+00:00,100.8640012887,0.18811881188316448,100.89705058025888,-0.0241674200821268,41.7315387484458,54.499162542929916
2020-04-27 00:00:00+00:00,105.7183118557,4.812728530475052,103.30768121797944,2.3942805551964628,83.39555094956988,79.94824551681451
2020-04-28 00:00:00+00:00,105.8678286082,0.1414293795232835,104.58775491308973,1.2678549673598731,83.92654580558771,43.27525915283558
2020-04-29 00:00:00+00:00,111.8883698454,5.686846813002155,108.23806237924487,3.477350890181014,94.51705359157566,68.77796842618908
2020-04-30 00:00:00+00:00,107.8015786082,-3.652561247292152,108.01982049372243,-0.08760517855556893,56.567183180682434,32.202899900893826
2020-05-01 00:00:00+00:00,105.1601159794,-2.4503005084928087,106.58996823656122,-1.2689528435241888,40.7171343718338,38.516340341367815
2020-05-04 00:00:00+00:00,102.8475902062,-2.1990521327049595,104.7187792213806,-1.7340024881145741,29.764879357922645,40.26021193837913
2020-05-05 00:00:00+00:00,100.7344201031,-2.0546617561610137,102.7265996622403,-1.894332122137794,21.746928314499385,41.68599646853688
2020-05-06 00:00:00+00:00,100.555,-0.178112012672893,101.64079983112015,-1.0362220674053435,21.025595833270167,60.20250352358795
2020-05-07 00:00:00+00:00,105.2298904639,4.64908802535926,103.43534514751008,1.8064329789769584,65.60903310885895,82.11522142979159
2020-05-08 00:00:00+00:00,108.8083247423,3.4005872881029076,106.12183494490503,2.603510133539933,79.13405758886826,67.66185095019216
2020-05-11 00:00:00+00:00,107.4228028351,-1.2733602051878345,106.77231889000251,0.6650749641760492,64.42017779763475,34.028327914614756
2020-05-12 00:00:00+00:00,104.2231443299,-2.978565463527949,105.49773160995124,-1.15674524967595,39.182923760759905,26.75125480688352
2020-05-13 00:00:00+00:00,102.5884278351,-1.5684774291836567,104.04307972252562,-1.3626113394298034,30.135440328700668,42.10789735239357
2020-05-14 00:00:00+00:00,105.5687951031,2.905169063308599,104.80593741281281,0.7712788619393979,57.17680569474537,71.02071599599786
2020-05-15 00:00:00+00:00,108.6986791237,2.9647814181674725,106.7523082682564,1.8680301400534352,73.39690651379176,71.3071409209082
2020-05-18 00:00:00+00:00,116.4735502577,7.152682255827725,111.6129292629782,4.51035619794058,88.96749216872513,85.94545924088915
2020-05-19 00:00:00+00:00,114.0015399485,-2.122379118461337,112.8072346057391,1.1939885397396215,69.55261638904544,31.89258720393202
2020-05-20 00:00:00+00:00,119.5336597938,4.852671154967836,116.17044719976954,3.023329847353729,82.42623507987398,60.158131199654306
2020-05-21 00:00:00+00:00,117.4503930412,-1.742828552387432,116.81042012048476,0.6402506474831484,66.53536230679912,37.86753698824388
2020-05-22 00:00:00+00:00,117.6397809278,0.16124925740654827,117.22510052414239,0.40074995244484835,67.39259187069679,46.45857226988953
2020-05-26 00:00:00+00:00,120.5603414948,2.482630062693203,118.89272100947119,1.4416900075690258,79.52488055064593,57.26463147038831
2020-05-27 00:00:00+00:00,121.1384729381,0.4795369987608433,120.01559697378559,0.9606135031649345,81.56189610936579,45.40379006950288
2020-05-28 00:00:00+00:00,116.3738724227,-3.933185221704616,118.1947346982428,-1.4862858592698407,36.57698027345859,26.95507068310486
2020-05-29 00:00:00+00:00,116.9221005155,0.4710920771018978,117.5584176068714,-0.5075968910839714,42.08964845341815,54.58314041355736
2020-06-01 00:00:00+00:00,118.3873646907,1.2531969308965163,117.97289114878569,0.37280001990627243,57.05465564333257,58.74005151597535
2020-06-02 00:00:00+00:00,118.3674291237,-0.016839269167001625,118.17016013624286,0.1779803753696354,56.75533865439003,48.03167272546035
2020-06-03 00:00:00+00:00,121.786378866,2.8884210526588516,119.97826950112143,1.5332007140142436,81.59465467868749,68.02995974656264
2020-06-04 00:00:00+00:00,123.2915141753,1.2358814863491885,121.6348918382107,1.384541100181716,86.65601084124117,51.21460717714891
2020-06-05 00:00:00+00:00,124.4178737113,0.9135742581590112,123.02638277475535,1.1490576791703635,89.80351420496034,47.76088375552484
2020-06-08 00:00:00+00:00,126.8699484536,1.970838006756015,124.94816561417767,1.5599478429631892,94.24006828614903,60.77604711614688
2020-06-09 00:00:00+00:00,123.4908698454,-2.6634192331494777,124.21951772978883,-0.5517356950931442,49.61579990242697,23.03776255379963
2020-06-10 00:00:00+00:00,121.786378866,-1.3802566793268745,123.00294829789442,-0.9659961872100093,36.528389686837286,38.816632039827226
2020-06-11 00:00:00+00:00,112.2771134021,-7.808151907006722,117.6400308499972,-4.387074047108365,11.388853738197474,15.278813726643877
2020-06-12 00:00:00+00:00,115.117931701,2.5301846590285226,116.3789812754986,-0.9284446940399214,32.27519012808484,65.60136735792243
2020-06-15 00:00:00+00:00,116.7028092784,1.3767425751849416,116.5408952769493,0.2241489405725101,43.43303491757286,59.66989759293676
2020-06-16 00:00:00+00:00,118.0584278351,1.1615989067290666,117.29966155602466,0.6928739236507884,53.30373036902771,58.197656412344585
2020-06-17 00:00:00+00:00,117.2709729381,-0.6670043904869694,117.28531724706232,0.012934766581909507,46.26890195817515,44.27152865877991
2020-06-18 00:00:00+00:00,117.9886533505,0.6119847004073309,117.63698529878116,0.3124597334946202,54.48149910979541,55.45470799963989
2020-06-19 00:00:00+00:00,113.9816043814,-3.3961307764031834,115.80929484009059,-1.5418355214542816,23.89447847896364,28.536265100653182
2020-06-22 00:00:00+00:00,115.5465463918,1.3729777001238341,115.6779206159453,-0.08442891066522373,42.73008220894927,61.70962112836945
2020-06-23 00:00:00+00:00,116.2143878866,0.5779848170757385,115.94615425127265,0.24677795320525736,50.56235122390222,55.291877874362214
2020-06-24 00:00:00+00:00,111.7089497423,-3.8768333476026373,113.82755199678633,-1.81502769719869,21.209611579947754,29.502328508990995
2020-06-25 00:00:00+00:00,111.0012371134,-0.6335326135753938,112.41439455509317,-1.224280155387042,18.657570578667684,53.29322444760484
2020-06-26 00:00:00+00:00,108.7485180412,-2.0294540230201163,110.58145629814658,-1.626867089203579,11.84977619975732,43.75930555699717
2020-06-29 00:00:00+00:00,111.1607216495,2.2181484876751423,110.87108897382329,0.2956406992357816,44.42223771176063,69.03953751834761
2020-06-30 00:00:00+00:00,111.150753866,-0.008967001430082444,111.01092141991165,0.1433368489028496,44.32072745338195,51.00720107885324
2020-07-01 00:00:00+00:00,112.6459213918,1.345170836720122,111.82842140585583,0.7442538428114858,63.227436080934005,60.432657762538476
2020-07-02 00:00:00+00:00,111.8185953608,-0.7344482789771178,111.82350838332792,0.004902781917183963,49.32558290529409,41.87458559613095
2020-07-06 00:00:00+00:00,114.0613466495,2.0057051168129947,112.94242751641396,1.0053039493650893,73.24549941762076,63.828438688580896
2020-07-07 00:00:00+00:00,113.2639239691,-0.6991173643165816,113.10317574275697,0.15309329252425385,58.51447529410709,40.93555420588231
2020-07-08 00:00:00+00:00,116.2841623711,2.666549326707024,114.69366905692848,1.409821309615639,80.6378048735722,64.62014679308675
2020-07-09 00:00:00+00:00,116.4336791237,0.12857877594960598,115.56367409031424,0.7692000427826224,81.37533907806286,44.45609418043379
2020-07-10 00:00:00+00:00,118.9555283505,2.1659104528688466,117.25960122040712,1.4675552478257345,90.51559317616271,59.62587798059399
2020-07-13 00:00:00+00:00,115.8455798969,-2.6143790849607274,116.55259055865356,-0.5734119185674964,47.44474921504262,30.402308524754407
2020-07-14 00:00:00+00:00,118.2777190722,2.0994665290333447,117.41515481542677,0.7630273052329242,66.27172604188627,59.65245323101332
2020-07-15 00:00:00+00:00,120.5105025773,1.887746502565757,118.96282869636339,1.3253869038993407,77.41364638971982,58.00992319860243
2020-07-16 00:00:00+00:00,119.0452384021,-1.2158808932525411,119.00403354923169,0.05475300532339977,58.4173690401932,36.13294712377079
2020-07-17 00:00:00+00:00,118.2677512887,-0.6531022356172533,118.63589241896585,-0.2991746151469268,48.872241006572374,42.07467530139891
2020-07-20 00:00:00+00:00,117.4105219072,-0.7248209018597462,118.02320716308293,-0.5119977585033365,38.47508689134762,41.33950655473694
2020-07-21 00:00:00+00:00,118.2378479381,0.7046438576892688,118.13052755059147,0.09632304959296617,52.96190105809114,61.4682755809461
2020-07-22 00:00:00+00:00,118.6465270619,0.345641544502695,118.38852730624573,0.2209822970478306,59.949484595246886,54.43202856979893
2020-07-23 00:00:00+00:00,117.7394587629,-0.7645131479716794,118.06399303457286,-0.2717654254619244,40.11157944503227,35.554017384825286
2020-07-24 00:00:00+00:00,117.2311018041,-0.431764307515381,117.64754741933643,-0.3517648664886527,31.381721724240343,44.24744088629953
2020-07-27 00:00:00+00:00,115.9352899485,-1.1053481846186042,116.79141868391821,-0.7285565255536284,17.12835439269539,31.39003868395815
2020-07-28 00:00:00+00:00,115.8057087629,-0.11177026913683497,116.2985637234091,-0.42016339734523167,16.03584820240062,58.239375460950825
2020-07-29 00:00:00+00:00,115.2375451031,-0.49061800654685017,115.76805441325456,-0.4553907019460409,11.296835802662088,47.588156830768035
2020-07-30 00:00:00+00:00,115.2873840206,0.04324885388300448,115.52771921692728,-0.20607092403151822,14.616957053958032,62.20070156398107
2020-07-31 00:00:00+00:00,116.5632603093,1.1066920283940407,116.04548976311364,0.45031055218126126,64.96811979526714,79.37896944214518
2020-08-03 00:00:00+00:00,115.9751610825,-0.5045322387512985,116.01032542280682,-0.027110843285018615,46.15102639029811,39.048514837199086
2020-08-04 00:00:00+00:00,116.912132732,0.807907176635414,116.4612290774034,0.39039816667519767,68.17775972280292,62.393881548107395
2020-08-05 00:00:00+00:00,127.1988853093,8.798704066822992,121.8300571933517,4.594551116749095,95.88658648633455,91.63934932739417
2020-08-06 00:00:00+00:00,130.3985438144,2.5154768434641817,126.11430050387585,3.5550139801066383,97.07492658451281,47.797483570198914
2020-08-07 00:00:00+00:00,129.5114110825,-0.6803241094184953,127.81285579318792,1.4373449353440715,86.66263108857666,35.01642012498145
2020-08-10 00:00:00+00:00,128.3750837629,-0.87739552067434,128.09396977804397,0.27997470733486574,71.85452151298162,34.171223696172135
2020-08-11 00:00:00+00:00,130.0696069588,1.3199782591999387,129.081788368422,0.7999764832674022,79.6373488985697,53.10334710931494
2020-08-12 00:00:00+00:00,131.3654188144,0.9962449229284243,130.223603591411,0.8981107030979132,84.54079673517057,49.92998436414189
2020-08-13 00:00:00+00:00,130.5380927835,-0.6297898171122807,130.3808481874555,0.13416044299281626,68.69783749033178,34.429083435092615
2020-08-14 00:00:00+00:00,130.1094780928,-0.32834453266514796,130.24516314012777,-0.09709204483616585,59.965104426205656,39.6400061378779
2020-08-17 00:00:00+00:00,128.9532152062,-0.8886845935814791,129.5991891731639,-0.4928883192088225,39.59701293758803,32.449684837434354
2020-08-18 00:00:00+00:00,128.5046649485,-0.34783953000534495,129.05192706083193,-0.4203639246070837,33.06224881218366,46.49986564638868
2020-08-19 00:00:00+00:00,127.3583698454,-0.8920260626798071,128.20514845311595,-0.6561949936434455,20.25101654772354,35.390146644884254
2020-08-20 00:00:00+00:00,127.707242268,0.2739297173978361,127.95619536055798,-0.19113263812280468,32.23791294357658,63.45288419686523
2020-08-21 00:00:00+00:00,127.0294329897,-0.5307524195672375,127.49281417512898,-0.3609425288450211,22.41795360798035,43.771480939480576
2020-08-24 00:00:00+00:00,130.2689626289,2.550219711255952,128.88088840201448,1.0946385912054655,75.63208007605692,79.78403245345986
2020-08-25 00:00:00+00:00,129.3718621134,-0.6886525365643603,129.12637525770725,0.20299302732055258,58.861519392486926,39.69478018367342
2020-08-26 00:00:00+00:00,131.7541623711,1.8414361660898049,130.44026881440362,1.0222145967051788,78.15569955203244,62.04280913176087
2020-08-27 00:00:00+00:00,133.2991688144,1.1726433651092716,131.8697188144018,1.097428980907225,84.99962483070958,54.09434389238711
2020-08-28 00:00:00+00:00,135.1033376289,1.353473416636275,133.4865282216509,1.22545119877175,90.3147704883949,56.36175057254027
2020-08-31 00:00:00+00:00,131.4451610825,-2.7076877674541477,132.46584465207545,-0.7411182843411989,43.4689449238852,21.157398106671863
2020-09-01 00:00:00+00:00,133.1197487113,1.2739819518718942,132.79279668168772,0.2664318337653477,58.315386407027134,58.90580506001037
2020-09-02 00:00:00+00:00,134.9538208763,1.3777611381896593,133.87330877899387,0.8220964859775035,70.87954150170303,59.660897632524964
2020-09-03 00:00:00+00:00,132.8107474227,-1.5880050225212772,133.34202810084693,-0.38295426827188683,46.37844252151695,33.37377813428464
2020-09-04 00:00:00+00:00,131.5647744845,-0.938156709738569,132.45340129267345,-0.6605554890052279,35.63574552566594,41.80185872435541
2020-09-08 00:00:00+00:00,133.7676546392,1.6743692704459745,133.11052796593674,0.5069068907203733,60.1283473842331,66.98581494373724
2020-09-09 00:00:00+00:00,132.9303608247,-0.6259314456535714,133.02044439531835,-0.05951227746659904,49.40887486257777,42.62490447381697
2020-09-10 00:00:00+00:00,132.7908118557,-0.10497900414488948,132.90562812550917,-0.08224564080574426,47.300722800890426,48.933743093729376
2020-09-11 00:00:00+00:00,131.3255476804,-1.1034379222654822,132.1155879029546,-0.5928417815356133,28.289689872429417,37.180358416881376
2020-09-14 00:00:00+00:00,130.8271585052,-0.3795066413223025,131.47137320407728,-0.4861742114289579,23.475743746415166,50.191523150482475
2020-09-15 00:00:00+00:00,130.8171907216,-0.007619047691531655,131.14428196283865,-0.24689662956024477,23.356509164769957,57.04675716993881
2020-09-16 00:00:00+00:00,131.6644523196,0.6476683938299033,131.40436714121932,0.20038588213482925,53.48115610071175,68.50411067832985
2020-09-17 00:00:00+00:00,129.8004768041,-1.4157014157286985,130.60242197265967,-0.6076577667969346,23.28242057969062,30.31333182017686
2020-09-18 00:00:00+00:00,128.2155992268,-1.221010597435579,129.40901059972984,-0.9143341821162567,13.534956898226676,35.409787521634065
2020-09-21 00:00:00+00:00,125.0059729381,-2.5033040504084947,127.20749176891492,-1.7088191162623758,5.9578526689769955,20.556929834008322
2020-09-22 00:00:00+00:00,126.8001739691,1.4352922415062919,127.00383286900745,-0.13676343737804197,36.00015436809841,72.90995275701049
2020-09-23 00:00:00+00:00,122.8828350515,-3.089379765799549,124.94333396025372,-1.6130716015887956,17.593513290774318,34.14038110563889
2020-09-24 00:00:00+00:00,122.0953801546,-0.6408176508704289,123.51935705742686,-1.1269446262296121,15.243451440794214,53.9970102708001
2020-09-25 00:00:00+00:00,123.6005154639,1.2327536941972417,123.55993626066342,0.05290453398381478,38.714229413974536,65.82367007418561
2020-09-28 00:00:00+00:00,125.5841043814,1.6048387096567973,124.57202032103172,0.828871621820306,60.39490043594716,68.25484757424907
2020-09-29 00:00:00+00:00,124.9960051546,-0.4682911342138718,124.78401273781586,0.18029024380321712,52.18481933792209,42.80587677846547
2020-09-30 00:00:00+00:00,123.680257732,-1.0526315788833673,124.23213523490793,-0.4361706675400751,35.83616831005439,36.97683509641725
2020-10-01 00:00:00+00:00,122.9127384021,-0.6205673758888142,123.57243681850397,-0.5283690217144447,28.126140643043808,45.246356675355145
2020-10-02 00:00:00+00:00,122.1551868557,-0.6163328197291817,122.86381183710199,-0.5723509207218132,21.331459681384793,45.35177281876028
2020-10-05 00:00:00+00:00,122.9725451031,0.6691146470640952,122.918178470101,0.048381863171141015,43.44365199366912,70.88007863673529
2020-10-06 00:00:00+00:00,120.5404059278,-1.9777903866760704,121.7292921989505,-0.9647042617524647,19.269076791442103,29.015320979152847
2020-10-07 00:00:00+00:00,122.5140270619,1.6373108410487225,122.12165963042526,0.3363032896481289,51.86933368082215,67.8807371367734
2020-10-08 00:00:00+00:00,122.6934471649,0.14644862086636845,122.40755339766262,0.24137595525724867,54.381348078845676,50.70670132362309
2020-10-09 00:00:00+00:00,124.5773582474,1.5354618571992829,123.49245582253131,0.8884189062282658,74.96255442358009,63.58297968331351
2020-10-12 00:00:00+00:00,124.5673904639,-0.008001280200697902,124.02992314321565,0.44020881301378395,74.69509990063126,44.296498148024995
2020-10-13 00:00:00+00:00,128.5445360825,3.19276626393854,126.28722961285783,1.816487538476162,91.9291708739482,71.33918365987996
2020-10-14 00:00:00+00:00,126.1821713918,-1.8377791563103374,126.2347005023289,-0.010645808917087662,57.21236007227127,33.2659628967055
2020-10-15 00:00:00+00:00,126.9496907216,0.6082628958863356,126.59219561196446,0.298808543484624,63.86311353078298,51.96407450880111
2020-10-16 00:00:00+00:00,126.4014626289,-0.4318467336027365,126.49682912043224,-0.06651909505905626,54.74580617968945,44.08542411417006
2020-10-19 00:00:00+00:00,123.8297744845,-2.0345398628417555,125.16330180246612,-1.0505294789504058,27.310984590884406,32.64527897911218
2020-10-20 00:00:00+00:00,124.5474548969,0.5795701521606356,124.85537834968306,-0.23547966339488513,39.91529925679825,58.801782236710835
2020-10-21 00:00:00+00:00,126.2220425258,1.344537815153446,125.53871043774154,0.5545290758792805,62.60835782067248,64.80168239787086
2020-10-22 00:00:00+00:00,127.1490463918,0.7344231224990061,126.34387841477077,0.6444760991891433,71.53526786734948,55.18648896842468
2020-10-23 00:00:00+00:00,127.9365012887,0.6193164001195184,127.14018985173539,0.6318962496543308,78.1745981054949,52.96255870118368
2020-10-26 00:00:00+00:00,123.6603221649,-3.3424230620082596,125.40025600831768,-1.3552634061769644,26.957366807191374,17.1929207332127
2020-10-27 00:00:00+00:00,122.9127384021,-0.6045461872589142,124.15649720520884,-0.9799047967179393,23.00491717168031,51.29303878919191
2020-10-28 00:00:00+00:00,118.0883311856,-3.9250669045524877,121.12241419540442,-2.4524858506352136,9.509042682992092,29.324459508381246
2020-10-29 00:00:00+00:00,121.1484407216,2.591373343391923,121.1354274585022,0.0694437463783546,41.924760307753736,68.73841486478204
2020-10-30 00:00:00+00:00,120.859375,-0.2386045745848886,120.9974012292511,-0.084580414103267,39.89955351624602,50.421246159175276
2020-11-02 00:00:00+00:00,119.7429832474,-0.923711340224942,120.37019223832556,-0.5041458771641045,31.175418740285135,45.9726326562107
2020-11-03 00:00:00+00:00,123.6204510309,3.238158661446411,121.99532163461278,1.3670063921411533,67.82605360601328,70.05062825080395
2020-11-04 00:00:00+00:00,124.667068299,0.8466376391381925,123.33119496680638,1.1068220156396729,73.5326736058194,50.60969218304225
2020-11-05 00:00:00+00:00,126.5509793814,1.5111537538379016,124.94108717410319,1.3089878847387872,82.1032836998845,55.730435009843944
2020-11-06 00:00:00+00:00,127.0493685567,0.3938248267506106,125.9952278654016,0.8514063557446989,84.14113805837809,44.178199607102904
2020-11-09 00:00:00+00:00,142.130625,11.870390710812151,134.0629264327008,6.360898533278425,97.42903442883038,86.68916733692183
2020-11-10 00:00:00+00:00,141.6521713918,-0.3366294971263173,137.85754891225042,3.0121345180760537,93.69321460557667,39.13683506457897
2020-11-11 00:00:00+00:00,137.375992268,-3.018788262675054,137.6167705901252,-0.0033268722995001276,61.88253566212585,33.14463495538761
2020-11-12 00:00:00+00:00,135.0834020619,-1.6688434188904866,136.35008632601262,-0.8360851455949934,48.61004029068211,40.07178722316391
2020-11-13 00:00:00+00:00,137.9142525773,2.095631641038187,137.1321694516563,0.6297732477215968,63.2206970687657,58.191831985426326
2020-11-16 00:00:00+00:00,144.2039239691,4.560566637791608,140.66804671037815,2.5951699427566024,81.1149141851258,67.76486810284062
2020-11-17 00:00:00+00:00,144.0344716495,-0.11750881316954231,142.35125917993906,1.23883056479353,79.55081368119352,41.0238482277417
2020-11-18 00:00:00+00:00,143.4364046392,-0.41522491348833235,142.89383190956954,0.41180282565259885,72.18217140555852,39.534567002171535
2020-11-19 00:00:00+00:00,141.2634278351,-1.5149409311854267,142.07862987233477,-0.5515690527664139,47.96720900307455,32.914059831911956
2020-11-20 00:00:00+00:00,140.6155219072,-0.45865086089821316,141.34707588976738,-0.5051099568323135,41.709229380909214,45.953906566128836
2020-11-23 00:00:00+00:00,145.5097036082,3.480541575082974,143.4283897489837,1.4877158091253302,76.47909839791271,74.10738775327948
2020-11-24 00:00:00+00:00,151.0019523196,3.7744896561596075,147.21517103429187,2.6311027326424687,88.26344167421033,75.53393640264426
2020-11-25 00:00:00+00:00,148.6096842784,-1.5842629876312464,147.91242765634593,0.5234198725056112,66.49636046421313,30.134141831112597
2020-11-27 00:00:00+00:00,146.6559987113,-1.3146421625121363,147.28421318382294,-0.39561114500326255,51.06842285056405,33.16587528424428
2020-11-30 00:00:00+00:00,147.5331636598,0.5981105145427934,147.40868842181146,0.10124968476976542,57.680901275055135,54.278530066351884
2020-12-01 00:00:00+00:00,148.958556701,0.9661509357223652,148.18362256140574,0.5337003102460653,68.16669678956563,58.09883991841556
2020-12-02 00:00:00+00:00,153.1151224227,2.790417558921021,150.64937249205286,1.6620589345835433,84.72356638120615,74.15493850877968
2020-12-03 00:00:00+00:00,152.746314433,-0.24086973504932052,151.69784346252644,0.7105945997671114,79.2384077675817,37.9291803845576
2020-12-04 00:00:00+00:00,153.6434149485,0.5873140172514502,152.67062920551322,0.6489543085092808,83.20558709800699,48.28301986194479
2020-12-07 00:00:00+00:00,153.1848969072,-0.29842999874332143,152.9277630563566,0.1752621548829797,72.57377119226267,38.09009573191673
2020-12-08 00:00:00+00:00,153.2247680412,0.026028110345732713,153.0762655487783,0.1006451326143562,73.02338112126182,44.52501662127486
2020-12-09 00:00:00+00:00,153.9324806701,0.461878740589583,153.50437310943914,0.28126193660196963,81.22026621208319,54.13156376545904
2020-12-10 00:00:00+00:00,154.1916430412,0.16836106971822584,153.84800807531957,0.22481150316009774,83.9063637031436,46.072260598831136
2020-12-11 00:00:00+00:00,175.1538917526,13.5949317991241,164.5009499139598,6.909871651142098,99.12313451439086,95.19177245550777
2020-12-14 00:00:00+00:00,168.7545747423,-3.653539722279686,166.6277623281299,1.628165964431206,69.17332891315056,34.55026541247639
2020-12-15 00:00:00+00:00,173.3796262887,2.740696987600355,170.00369430841494,2.1844314760157806,76.77948244755952,51.670573231539905
2020-12-16 00:00:00+00:00,172.5622680412,-0.47142692887051085,171.28298117480747,0.8565022735726349,72.06585622868138,43.162927246576814
2020-12-17 00:00:00+00:00,172.990882732,0.24838262481439166,172.13693195340375,0.5524424491935133,73.35265254101968,46.14363724579299
2020-12-18 00:00:00+00:00,172.3330090206,-0.3802938634744013,172.23497048700187,0.08607429285955598,66.3190257559165,43.17714757172974
2020-12-21 00:00:00+00:00,170.1400966495,-1.2724853953184678,171.18753356825096,-0.593205551229456,44.827139681672946,37.97954665676339
2020-12-22 00:00:00+00:00,169.9008698454,-0.14060577654004813,170.54420170682548,-0.36690566388475204,42.56969680775624,49.539020371199896
2020-12-23 00:00:00+00:00,172.990882732,1.8187151657385492,171.76754221941275,0.7259047509268985,70.93170608062421,65.99547910984727
2020-12-24 00:00:00+00:00,173.1703028351,0.10371650821503486,172.46892252725638,0.4148106295709667,72.13045395660656,46.20937578553779
2020-12-28 00:00:00+00:00,178.2837757732,2.9528578828953655,175.37634915022818,1.683834256233166,89.91318533292879,69.21174698666155
2020-12-29 00:00:00+00:00,176.7288015464,-0.8721905400848828,176.0525753483141,0.4058218580741416,69.6434765793737,37.187568265603595
2020-12-30 00:00:00+00:00,180.5863337629,2.1827411167540944,178.31945455560705,1.294281487414118,83.49187412656447,59.58826432865163
2020-12-31 00:00:00+00:00,180.5963015464,0.0055196776479693455,179.45787805100355,0.6499005825310437,83.52101203138467,43.14086827418055
2021-01-04 00:00:00+00:00,177.1075773196,-1.93178054972718,178.28272768530178,-0.6409399835980683,43.35018334576382,31.526457641256226
2021-01-05 00:00:00+00:00,177.865128866,0.4277352543945234,178.07392827565087,-0.10660236460177241,51.0228351729254,54.101340905589566
2021-01-06 00:00:00+00:00,178.5429381443,0.38108047520133415,178.30843320997542,0.13723905529978087,58.55626063639814,53.57743995988215
2021-01-07 00:00:00+00:00,178.0046778351,-0.301473872220559,178.1565555225377,-0.08211740846038906,49.48886696660395,44.18731941908848
2021-01-08 00:00:00+00:00,178.1143234536,0.061597043310057664,178.13543948806887,-0.0102601825751657,51.7708325271159,51.03468124480427
2021-01-11 00:00:00+00:00,178.5130347938,0.22385136269169603,178.32423714093443,0.10679559005826517,61.305926772012164,54.75560876716434
2021-01-12 00:00:00+00:00,175.4230219072,-1.7309732536726297,176.8736295240672,-0.8120888318071823,18.587084938309744,23.071507629919733
2021-01-13 00:00:00+00:00,175.5526030928,0.0738678334184506,176.2131163084336,-0.36911049919436584,22.00571951873638,57.294545431356475
2021-01-14 00:00:00+00:00,172.8712693299,-1.5273677038457834,174.54219281916681,-0.9482391015200746,9.553807429914581,35.988507930078086
2021-01-15 00:00:00+00:00,170.8876804124,-1.1474370062700356,172.71493661578342,-1.0478380538950551,5.86878191377029,43.47031337715556
2021-01-19 00:00:00+00:00,171.7050386598,0.47830144655689466,172.2099876377917,-0.28476830366908024,23.98997967076903,67.70129863644094
2021-01-20 00:00:00+00:00,173.0805927835,0.8011145942114162,172.64529021064584,0.25817314527116797,48.84822319396142,71.35800102840207
2021-01-21 00:00:00+00:00,170.7281958763,-1.3591338401195197,171.68674304347292,-0.5504803474241758,26.563449264206298,33.40035050972603
2021-01-22 00:00:00+00:00,172.2233634021,0.8757589911412955,171.95505322278646,0.16263932185855984,48.82258587101482,63.516422534271555
2021-01-25 00:00:00+00:00,171.3362306701,-0.5151059150602877,171.64564194644322,-0.17623329660086393,38.45008734101043,44.66289072331888
2021-01-26 00:00:00+00:00,169.0137371134,-1.3555180638774922,170.3296895299216,-0.7658756802391781,20.9617765084127,35.19443215760749
2021-01-27 00:00:00+00:00,162.5047744845,-3.8511441377885203,166.4172320072108,-2.308509909013849,7.198290760536574,18.101319800944086
2021-01-28 00:00:00+00:00,171.3262628866,5.428448751788162,168.8717474469054,1.5599694213871564,60.25311069959816,77.91814677286936
2021-01-29 00:00:00+00:00,167.6282152062,-2.1584826623153086,168.2499813265527,-0.2992566204640761,44.32027131756897,41.10201857741207
2021-02-01 00:00:00+00:00,170.4191945876,1.664981863564452,169.33458795707634,0.682862621550188,57.14823678353366,56.602531294660146
2021-02-02 00:00:00+00:00,176.3898969072,3.5035386325164897,172.86224243213817,2.093200627033339,75.36263867053643,63.52622176658782
2021-02-03 00:00:00+00:00,175.8616043814,-0.2995027124926164,174.3619234067691,0.8968489572703613,71.3381705432036,42.492024886448746
2021-02-04 00:00:00+00:00,179.6493621134,2.153828713961503,177.00564276008456,1.525338835615932,81.79411362175864,56.44647318376557
2021-02-05 00:00:00+00:00,180.5763659794,0.5160073239864005,178.79100436974227,1.0206730798011663,83.9443133273253,45.41189378646046
2021-02-08 00:00:00+00:00,189.3878865979,4.87966438504206,184.08944548382112,2.950168732421613,94.01787482329428,69.35417791168562
2021-02-09 00:00:00+00:00,187.6036533505,-0.9421052631461091,185.84654941716056,1.0040317346377519,78.9690351734908,36.935026934112756
2021-02-10 00:00:00+00:00,189.0190786082,0.7544763827469714,187.4328140126803,0.8792540586923616,82.33384935944801,47.63496804566486
2021-02-11 00:00:00+00:00,190.2949548969,0.6749986816646514,188.86388445479014,0.7771263701785065,85.47584541928805,47.07374727535534
2021-02-12 00:00:00+00:00,187.0653930412,-1.6971347755644683,187.96463874799508,-0.4600042026929809,51.021536682833975,30.818233997092722
2021-02-16 00:00:00+00:00,185.7496456186,-0.7033622848188759,186.85714218329753,-0.5816832437559284,40.93736555374388,43.153878974162396
2021-02-17 00:00:00+00:00,185.8393556701,0.048296216771359646,186.34824892669877,-0.2666935134922844,42.10758728558419,52.718839969731434
2021-02-18 00:00:00+00:00,182.4104381443,-1.845097618551239,184.3793435354994,-1.0558955660217617,19.713671218018682,32.22893435563808
2021-02-19 00:00:00+00:00,183.0583440722,0.35519125686624964,183.7188438038497,-0.35035215457775604,30.230429900524918,59.599766108920235
2021-02-22 00:00:00+00:00,191.1422164948,4.4160087121795755,187.43053014932485,2.0328282788009098,79.78596199321989,80.92591454672964
2021-02-23 00:00:00+00:00,196.4550451031,2.7795160617720027,191.9427876262124,2.4061721702864562,88.11080622389669,61.34955898278817
2021-02-24 00:00:00+00:00,196.8736920103,0.2131006139243219,194.40823981825622,1.309636392105389,88.66268851337136,39.09987790659273
2021-02-25 00:00:00+00:00,190.3647293814,-3.30616171334841,192.38648459982812,-0.9982626606215105,42.57403529052253,22.394205887352786
2021-02-26 00:00:00+00:00,188.4309793814,-1.0158131741545895,190.40873199061406,-1.00703791738805,34.566657553592925,45.23580307849745
2021-03-01 00:00:00+00:00,194.3518427835,3.1421921286709953,192.38028738705702,1.0675771056414727,64.89281863191171,69.60088831444487
2021-03-02 00:00:00+00:00,193.315193299,-0.5333880397804025,192.8477403430285,0.2670945329305351,57.85125265844452,43.775964278550035
2021-03-03 00:00:00+00:00,191.6406056701,-0.8662472929946596,192.24417300656427,-0.2995763800320623,45.807179880351725,41.67542732740368
2021-03-04 00:00:00+00:00,187.4242332474,-2.2001456361280147,189.83420312698212,-1.2498610080800385,25.64374808582055,32.345773942749204
2021-03-05 00:00:00+00:00,189.3779188144,1.042386853156363,189.60606097069106,-0.1037370774618378,43.06309026329918,62.7511808243036
2021-03-08 00:00:00+00:00,201.2595167526,6.274014421842167,195.43278886164552,3.0851386721901646,81.85048834345882,82.15776043036348
2021-03-09 00:00:00+00:00,193.8833569588,-3.664999257087165,194.65807291022276,-0.2899302924485001,50.080720237102426,33.06566919899448
2021-03-10 00:00:00+00:00,194.4315850515,0.2827618116889363,194.54482898086138,-0.003584240379781889,52.15126881773791,50.638750423973214
2021-03-11 00:00:00+00:00,196.1161404639,0.8664000820410855,195.33048472238067,0.4314079208306518,59.83066435807173,53.35451881409982
2021-03-12 00:00:00+00:00,196.5248195876,0.20838627699550916,195.92765215499034,0.3198970989130805,62.047268114282,48.81277547004848
2021-03-15 00:00:00+00:00,196.1261082474,-0.20288090890335786,196.02688020119518,0.058508095004861316,57.41112467584119,45.20516412002026
2021-03-16 00:00:00+00:00,193.6142268041,-1.2807481195371562,194.8205535026476,-0.6111200122661474,33.65051040702262,35.02786807072038
2021-03-17 00:00:00+00:00,194.6110051546,0.5148270181139836,194.7157793286238,-0.04814649707608193,46.76495622276831,58.4196077230238
2021-03-18 00:00:00+00:00,191.6605412371,-1.5160827699112533,193.1881602828619,-0.7821146334936676,24.906807110913544,36.266984554376826
2021-03-19 00:00:00+00:00,190.5242139175,-0.5928853755005736,191.85618710018093,-0.6875000044971207,19.611337642787948,49.360376967056716
2021-03-22 00:00:00+00:00,192.2386726804,0.8998639740575909,192.04742989029046,0.1061819847802351,45.72635241860478,66.20143980839325
2021-03-23 00:00:00+00:00,188.1219780928,-2.14144975628503,190.0847039915452,-1.0176338857523974,21.07146382654349,32.83226497072083
2021-03-24 00:00:00+00:00,184.1248969072,-2.1247284480648276,187.1048004493726,-1.5711811669086124,11.80291974998031,33.11032426214862
2021-03-25 00:00:00+00:00,186.3078414948,1.1855781723534076,186.7063209720863,-0.19280149727760243,35.16523005524174,69.99551807896573
2021-03-26 00:00:00+00:00,185.3210309278,-0.5296666844951559,186.01367594994315,-0.36123409088637914,29.810755058668118,48.996222058106525
2021-03-29 00:00:00+00:00,184.2544780928,-0.5755163510910433,185.13407702137158,-0.4683752209887112,23.908743814134922,48.413843495032054
2021-03-30 00:00:00+00:00,184.9322873711,0.3678658371378152,185.03318219623577,-0.050254691925448014,35.989512884334495,62.259024942309644
2021-03-31 00:00:00+00:00,183.9255412371,-0.54438635260039,184.47936171666788,-0.29732052226291905,26.585577321321555,44.81324544282925
2021-04-01 00:00:00+00:00,188.3612048969,2.4116626923946116,186.42028330678394,1.0571710850658462,73.07755696793812,76.63554933185453
2021-04-05 00:00:00+00:00,187.8927190722,-0.24871672750045315,187.15650118949196,0.40422717878269654,66.4142889211935,43.09166975750759
2021-04-06 00:00:00+00:00,189.1187564433,0.652519893880954,188.137628816396,0.5283735363318253,75.26703427818185,53.446088072196105
2021-04-07 00:00:00+00:00,186.9557474227,-1.1437305644765527,187.54668811954798,-0.30767851407236374,44.33887909289811,34.61617651310657
2021-04-08 00:00:00+00:00,186.7165206186,-0.12795905309032074,187.13160436907398,-0.21781878358134224,41.50920514803302,49.660206283751215
2021-04-09 00:00:00+00:00,187.2846842784,0.3042921204388538,187.20814432373697,0.04323666842875577,52.344070200224344,56.106699380504175
2021-04-12 00:00:00+00:00,185.8891945876,-0.745116823715064,186.5486694556685,-0.35094007764315416,31.11153474307577,38.262830489437476
2021-04-13 00:00:00+00:00,184.8924162371,-0.5362217813205228,185.72054284638426,-0.44358092948183847,21.686438001683268,43.617056259577026
2021-04-14 00:00:00+00:00,186.8560695876,1.0620518626258013,186.2883062169921,0.3092354665719814,58.67802379812034,71.74245399468163
2021-04-15 00:00:00+00:00,185.3309987113,-0.8161741171511805,185.80965246414604,-0.25346932528959953,37.84999213999767,38.175019157583776
2021-04-16 00:00:00+00:00,186.6567139175,0.7153229710185505,186.233183190823,0.23092682286447547,57.51393887042898,60.67790331016005
2021-04-19 00:00:00+00:00,186.8261662371,0.09078286874528718,186.52967471396153,0.16085484580488132,59.94383341068639,49.628459822567336
2021-04-20 00:00:00+00:00,182.2011146907,-2.4755908872691745,184.36539470233078,-1.1573680207321466,17.938993140507243,23.382808727476714
2021-04-21 00:00:00+00:00,182.5200837629,0.1750642814350778,183.4427392326154,-0.4911518696485344,23.485527054968813,57.8868020772877
2021-04-22 00:00:00+00:00,182.1712113402,-0.1911419365515976,182.8069752864077,-0.341146903100066,21.141172828561427,52.9455569830066
2021-04-23 00:00:00+00:00,182.4303737113,0.14226307724114484,182.61867449885386,-0.09944191292946059,29.0346087269726,57.858122851108675
2021-04-26 00:00:00+00:00,183.6763466495,0.6829854660999501,183.14751057417692,0.2917717765852448,58.78525140821605,66.39352825492793
2021-04-27 00:00:00+00:00,184.0451546392,0.20079231562883937,183.59633260668846,0.24628204610704207,65.25296113548927,52.240341739734
2021-04-28 00:00:00+00:00,182.799181701,-0.6769930676211455,183.19775715384424,-0.21535551075705173,36.34779449891804,33.019915737279916
2021-04-29 00:00:00+00:00,184.732931701,1.0578548448663128,183.9653444274221,0.4212496670546305,68.66331959830983,67.96345903078766
2021-04-30 00:00:00+00:00,185.4207087629,0.37230885449985873,184.69302659516106,0.3967792607772446,75.342043171708,51.91084409685531
2021-05-03 00:00:00+00:00,184.9123518041,-0.2741640683997404,184.80268919963055,0.06130759618875212,60.941846224789664,38.91078537980604
2021-05-04 00:00:00+00:00,183.6564110825,-0.6792086679696663,184.22955014106526,-0.30895053589045707,35.67378716536103,31.497550371852398
2021-05-05 00:00:00+00:00,180.9252384021,-1.4871099050134062,182.57739427158265,-0.8980302204519317,15.164397970514635,20.061972962635394
2021-05-06 00:00:00+00:00,181.2043363402,0.15426147317252337,181.89086530589134,-0.37188437363970417,22.03510361942498,62.05034299676637
2021-05-07 00:00:00+00:00,184.2445103093,1.677760052823607,183.0676878075957,0.6529378395919514,66.44208417855094,78.0803915862345
2021-05-10 00:00:00+00:00,183.70625,-0.29214455746681134,183.38696890379785,0.18039664106257003,57.71226170206479,42.918780806144206
2021-05-11 00:00:00+00:00,181.0847229381,-1.4270211611744466,182.23584592094892,-0.6233122600559382,29.4468851538254,30.895625103259103
2021-05-12 00:00:00+00:00,177.2770296392,-2.1027137116373718,179.75643778007446,-1.3630129858466549,14.245837157706266,24.712824655307866
2021-05-13 00:00:00+00:00,177.7654510309,0.27551307278448345,178.76094440548724,-0.5437499565310857,21.993795727809474,63.39123928258188
2021-05-14 00:00:00+00:00,173.1403994845,-2.601771896382765,175.95067194499362,-1.5727609264569256,9.63224745638237,32.80563811370249
2021-05-17 00:00:00+00:00,169.5320618557,-2.0840529648443074,172.7413669003468,-1.8284069456506165,5.810467877124152,40.54773516161225
2021-05-18 00:00:00+00:00,169.1333505155,-0.23518344308190997,170.9373587079234,-1.0317951943662633,5.451933166260288,63.23763877886645
2021-05-19 00:00:00+00:00,168.7246713918,-0.2416313059809938,169.83101504986172,-0.6367132501736286,4.97951928926854,63.11163763518531
2021-05-20 00:00:00+00:00,170.8079381443,1.2347137708524025,170.31947659708086,0.299000260339387,42.84691768246016,78.099018925379
2021-05-21 00:00:00+00:00,171.8445876289,0.6069094304763656,171.08203211299042,0.4529548454078763,55.94997677448634,62.02481272223223
2021-05-24 00:00:00+00:00,173.7484342784,1.1078886310992742,172.4152331956952,0.7804217382535752,73.00151887661247,69.53113038920269
2021-05-25 00:00:00+00:00,175.6024420103,1.0670644254147765,174.0088376029976,0.9237430818341759,82.75344946271342,67.89081505400969
2021-05-26 00:00:00+00:00,175.9014755155,0.17029006076263453,174.9551565592488,0.5470165712984052,84.1394666801879,38.198230539807106
2021-05-27 00:00:00+00:00,178.4631958763,1.4563381877795933,176.7091762177744,1.0016773795389993,92.19726474246812,68.15672560586717
2021-05-28 00:00:00+00:00,178.0744523196,-0.21782841822997057,177.3918142686872,0.39192448065451435,82.64043340379179,35.01379211621006
2021-06-01 00:00:00+00:00,178.2638402062,0.1063532045911364,177.8278272374436,0.24913884262282537,83.86280744604235,43.056582201703456
2021-06-02 00:00:00+00:00,176.4297680412,-1.0288526057098957,177.12879763932182,-0.38985688154353515,41.45732551373126,26.093722969354314
2021-06-03 00:00:00+00:00,175.6722164948,-0.429378531078195,176.40050706706091,-0.4096177063108651,31.567652688178118,43.67183315981375
2021-06-04 00:00:00+00:00,176.6091881443,0.5333635951065174,176.50484760568045,0.061872944397826174,52.562340349142445,64.189623045687
2021-06-07 00:00:00+00:00,176.4198002577,-0.10723557963771002,176.4623239316902,-0.022681317619941924,48.08919986004979,47.075126889441144
2021-06-08 00:00:00+00:00,175.7619265464,-0.3729024238430356,176.1121252390451,-0.19779187073148877,33.316053775566026,40.378028964083
2021-06-09 00:00:00+00:00,175.4728608247,-0.16446435663282077,175.79249303187254,-0.18112811368215476,27.706240965111352,48.928747287291245
2021-06-10 00:00:00+00:00,176.0011533505,0.3010679391201032,175.8968231911863,0.05996991271897423,50.53786500896291,65.50319797664731
2021-06-11 00:00:00+00:00,176.8085438144,0.45874157556917705,176.35268350279313,0.25935574414407564,71.30960653816767,70.38591426849295
2021-06-14 00:00:00+00:00,177.6059664948,0.45100913292801526,176.97932499879656,0.3551824385360455,82.31337192209075,69.66061235322562
2021-06-15 00:00:00+00:00,175.2934407216,-1.302054102595529,176.1363828601983,-0.47343583202974177,30.84773480763834,15.46524937472322
2021-06-16 00:00:00+00:00,174.097306701,-0.6823609689421861,175.11684478059914,-0.577898400485964,20.77148341531497,40.15324411738489
2021-06-17 00:00:00+00:00,174.0873389175,-0.005725409363810385,174.60209184904957,-0.2918119049248872,20.687017089849764,59.51709116667553
2021-06-18 00:00:00+00:00,171.8645231959,-1.2768393930436273,173.23330752247477,-0.7843256489842572,8.764832617664075,31.132386453038063
2021-06-21 00:00:00+00:00,173.4095296392,0.8989676371655264,173.3214185808374,0.057320994090634625,43.00878941853165,69.0417394560453
2021-06-22 00:00:00+00:00,172.9410438144,-0.27016152213477085,173.1312311976187,-0.10642026402206811,36.73710723795233,47.82361082182807
2021-06-23 00:00:00+00:00,174.7651481959,1.0547550432606467,173.94818969675936,0.4741673896192893,65.83468160794627,65.72779934118037
2021-06-24 00:00:00+00:00,177.3567719072,1.4829179261730996,175.65248080197966,0.9785426578961944,82.74666045649627,70.61555858289096
2021-06-25 00:00:00+00:00,177.7754188144,0.23604788399005372,176.71394980818985,0.6072952709431241,84.59445326204944,43.50992427823739
2021-06-28 00:00:00+00:00,176.0011533505,-0.9980375665728958,176.35755157934494,-0.19537114781488585,50.328817217617974,27.71565302574243
2021-06-29 00:00:00+00:00,173.3696585052,-1.4951577277789063,174.86360504227247,-0.8452644377968961,26.472972422600904,22.73003715497972
2021-06-30 00:00:00+00:00,175.2037306701,1.0578968550283951,175.03366785618624,0.10631620861574953,50.835969425200204,67.61182540201341
2021-07-01 00:00:00+00:00,176.6889304124,0.8476986971793332,175.86129913429312,0.4770074528975414,64.94491206185167,63.08644036123011
2021-07-02 00:00:00+00:00,176.5394136598,-0.08462146001507742,176.20035639704656,0.19619299644123198,62.24739369968091,43.64913849344865
2021-07-06 00:00:00+00:00,173.130431701,-1.9310033312840202,174.6653940490233,-0.8674051674213942,25.716606109021633,22.79010967882307
2021-07-07 00:00:00+00:00,172.2632345361,-0.5008923944680443,173.46431429256165,-0.6841487809447193,21.01141232782097,50.35406599129813
2021-07-08 00:00:00+00:00,172.2432989691,-0.011572734631193349,172.85380663083083,-0.34786075778795633,20.87968080316069,58.04181965564803
2021-07-09 00:00:00+00:00,176.4696391753,2.453703703711674,174.66172290306542,1.0529214729618588,73.57113180470492,80.6666925878026
2021-07-12 00:00:00+00:00,183.785992268,4.145955716174021,179.2238575855327,2.59943859456794,90.3166588712064,87.56871331154548
2021-07-13 00:00:00+00:00,183.0583440722,-0.3959214664950861,181.14110082886634,1.101758564036427,82.51689929480807,35.92934073594461
2021-07-14 00:00:00+00:00,182.8290850515,-0.1252382249287587,181.98509294018316,0.4882601695538341,79.28111661353407,39.13780243626267
2021-07-15 00:00:00+00:00,183.5567332474,0.3979936757300129,182.7709130937916,0.4431269226419235,82.54062069427322,46.854450183106415
2021-07-16 00:00:00+00:00,178.7323260309,-2.6282921531391557,180.7516195623458,-1.092582615248616,32.18479638853621,22.311768076678852
2021-07-19 00:00:00+00:00,172.3928157216,-3.546929897954787,176.57221764197288,-2.3197562566017016,14.61284909982523,18.01508682967791
2021-07-20 00:00:00+00:00,176.1805734536,2.1971668112416687,176.37639554778644,-0.061294722680016456,42.66675729934725,70.78445344362561
2021-07-21 00:00:00+00:00,176.3201224227,0.07920792080786665,176.3482589852432,0.008956599063925097,43.6891751791833,52.20139819770458
2021-07-22 00:00:00+00:00,174.5657925258,-0.9949686245647404,175.4570257555216,-0.4930060127504077,32.69468721707853,43.511199790844586
2021-07-23 00:00:00+00:00,175.5725386598,0.5767144406892966,175.5147822076608,0.04185421396944444,44.6785013386167,58.627356734539816
2021-07-26 00:00:00+00:00,178.1641623711,1.476098557942307,176.8394722893804,0.7589763859558757,67.21738936827974,66.35534740524376
2021-07-27 00:00:00+00:00,178.9217139175,0.4251986125145102,177.88059310344022,0.592087499235193,72.18598581632084,49.98947073840851
2021-07-28 00:00:00+00:00,178.5230025773,-0.22284122562331588,178.2017978403701,0.18462313680593856,64.47168027237929,40.70351070383302
2021-07-29 00:00:00+00:00,177.7754188144,-0.41876046901926367,177.98860832738507,-0.11706866610666256,49.572106377212876,37.54107553250208
2021-07-30 00:00:00+00:00,175.4529252577,-1.306419960751004,176.72076679254252,-0.7117443134288333,23.86787759507473,24.56844601171296
2021-08-02 00:00:00+00:00,174.984439433,-0.26701511189505256,175.85260311277125,-0.4893797126619429,20.631036054863955,53.059095697622
2021-08-03 00:00:00+00:00,172.4326868557,-1.458273996001247,174.14264498423563,-0.9738268543315949,9.787004276146945,32.170192693974315
2021-08-04 00:00:00+00:00,172.024007732,-0.23700791952631084,173.0833263581178,-0.6054173869289529,8.689739020973807,57.749289524533374
2021-08-05 00:00:00+00:00,176.1407023196,2.3930930582744425,174.6120143388589,0.8938378356727448,66.10635437920476,80.95269060457112
2021-08-06 00:00:00+00:00,176.5593492268,0.2376775507800577,175.58568178282945,0.5657576932264012,69.07287923587643,48.32710794458473
2021-08-09 00:00:00+00:00,176.1506701031,-0.23146841302357224,175.86817594296474,0.1671446401014145,61.22608886890259,42.70757592086462
2021-08-10 00:00:00+00:00,176.4995425258,0.19805341784724373,176.18385923438237,0.18259902897432911,66.1500831876404,50.596778852396646
2021-08-11 00:00:00+00:00,177.5162564433,0.5760433726627712,176.85005783884117,0.37932120081855014,78.23350292780795,58.19557004469291
2021-08-12 00:00:00+00:00,178.7123904639,0.6738166095689779,177.78122415137057,0.5265689051937641,86.64589346250268,60.54990520873683
2021-08-13 00:00:00+00:00,180.4966237113,0.9983825087720666,179.13892393133528,0.7624757069829153,92.83868686191428,69.18989634616656
2021-08-16 00:00:00+00:00,178.5130347938,-1.0989617848324529,178.82597936256764,-0.16824303892476877,52.35283593739606,22.155870154967126
2021-08-17 00:00:00+00:00,175.2635373711,-1.8203138087106496,177.04475836683383,-0.9942784238177091,25.271770870375878,16.403225806599
2021-08-18 00:00:00+00:00,174.1770489691,-0.6199169652153502,175.6109036679669,-0.8070976945165297,20.065986253896856,49.27713443690035
2021-08-19 00:00:00+00:00,172.6918492268,-0.8526954332332859,174.15137644738346,-0.8298965638749078,14.107348876207798,44.2191087627172
2021-08-20 00:00:00+00:00,174.5558247423,1.0793650793859966,174.35360059484174,0.12473425775554436,44.906257085083695,75.5123918742499
2021-08-23 00:00:00+00:00,177.0876417526,1.4504339881168615,175.72062117372087,0.787584122936203,68.1644212733836,78.91940391845895
2021-08-24 00:00:00+00:00,177.8950322165,0.4559270516617753,176.80782669511044,0.621755587298989,73.51310342987729,50.61094375524431
2021-08-25 00:00:00+00:00,177.7355476804,-0.08965092173338629,177.27168718775522,0.2660523327828014,70.02711073504838,39.076669723065095
2021-08-26 00:00:00+00:00,175.991185567,-0.9814368235085302,176.6314363773776,-0.3576922453628644,39.385666168352564,25.068752117802113
2021-08-27 00:00:00+00:00,179.5596520619,2.027639329437614,178.0955442196388,0.8349735420373747,74.12630223376803,73.37524428097869
2021-08-30 00:00:00+00:00,179.4001675258,-0.08881980682666768,178.7478558727194,0.3730768676053535,71.38353656511296,43.671605187063506
2021-08-31 00:00:00+00:00,180.7159149485,0.7334148238801408,179.73188541060972,0.5532458457427472,80.37132102009912,54.42336376648014
2021-09-01 00:00:00+00:00,182.8888917526,1.2024269166992063,181.31038858160485,0.8778363812209767,88.9605918860351,60.821829088285796
2021-09-02 00:00:00+00:00,181.2741108247,-0.8829300196560697,181.29224970315244,-0.002546819217546459,59.79459004112543,31.41115156792316
2021-09-03 00:00:00+00:00,180.4168814433,-0.4728912349921566,180.85456557322624,-0.23771902710485152,47.41582675195112,39.97231768508701
2021-09-07 00:00:00+00:00,183.746121134,1.8453038673913014,182.30034335361313,0.8037924201432249,76.16333277904438,70.8392823876261
2021-09-08 00:00:00+00:00,184.5535115979,0.43940544644816004,183.42692747575657,0.6215989332956925,80.11743084703329,48.26301936117927
2021-09-09 00:00:00+00:00,185.3110631443,0.41047799082278846,184.36899531002828,0.5160384620592404,83.88071849618704,47.79292068658446
2021-09-10 00:00:00+00:00,183.5268298969,-0.9628314775845914,183.94791260346415,-0.2233965077626755,50.26737016215516,28.219325425414475
2021-09-13 00:00:00+00:00,184.3840592784,0.46708668262920305,184.16598594093207,0.12184508743326378,61.411461123866076,56.221900203849096
2021-09-14 00:00:00+00:00,181.812371134,-1.39474537791634,182.98917853746605,-0.6364501452415381,30.57791037668366,31.909399114963403
2021-09-15 00:00:00+00:00,183.8158956186,1.101973684245805,183.40253707803302,0.23276176950213345,56.24845617809419,63.5850000734743
2021-09-16 00:00:00+00:00,182.7493427835,-0.580228837941732,183.0759399307665,-0.17373353421979926,43.426113866584586,43.25065315605758
2021-09-17 00:00:00+00:00,182.8789239691,0.07090651250849511,182.97743194993325,-0.05141351085565207,45.682669331234194,52.13762925806783
2021-09-20 00:00:00+00:00,178.0345811856,-2.6489344306938944,180.50600656776663,-1.3501739707747733,14.113820032366888,26.31621386726407
2021-09-21 00:00:00+00:00,170.6185502577,-4.16550025198128,175.56227841273332,-2.7578371113780267,5.455992199488849,18.6082042845524
2021-09-22 00:00:00+00:00,173.090560567,1.4488520184741338,174.32641948986668,-0.6544925464519464,27.647543203782973,69.01106310588158
2021-09-23 00:00:00+00:00,175.6821842784,1.4972646127613842,175.00430188413333,0.4213860331547189,47.15401000085143,69.25730752512607
2021-09-24 00:00:00+00:00,175.4329896907,-0.1418439716716624,175.21864578741668,0.13977103074152825,45.38905205117885,49.344284264461436
2021-09-27 00:00:00+00:00,177.6857087629,1.2840909091110353,176.45217727515833,0.7119309699262818,63.7749379031162,63.16465205715085
2021-09-28 00:00:00+00:00,173.957757732,-2.098059014906195,175.20496750357916,-0.6930640224899567,34.74115885512756,32.05223018054353
2021-09-29 00:00:00+00:00,172.123685567,-1.0543204217575597,173.66432653528958,-0.8736922221237582,26.004588347367577,44.668294958417796
2021-09-30 00:00:00+00:00,168.6249935567,-2.0326615705298257,171.14466004599478,-1.453176896326792,15.122666355805322,35.42125921080588
2021-10-01 00:00:00+00:00,175.4429574742,4.0432700833328505,173.2938087600974,1.2950465935030293,61.821920644363786,77.94809576084525
2021-10-04 00:00:00+00:00,172.9011726804,-1.448781319235215,173.0974907202487,-0.07686736286609286,47.27617761380199,41.17992476731962
2021-10-05 00:00:00+00:00,174.0474677835,0.6629770552330827,173.57247925187434,0.2930548461834949,54.51561280357063,53.76004542058374
2021-10-06 00:00:00+00:00,174.9146649485,0.4982532501298431,174.24357210018718,0.39565404815666905,60.647361208781355,52.447579366994425
2021-10-07 00:00:00+00:00,177.1374806701,1.2708000911498596,175.69052638514358,0.8332270696532643,74.08147720723517,59.41748809948387
2021-10-08 00:00:00+00:00,176.1706056701,-0.5458330988689419,175.9305660276218,0.1436969853921612,60.58657435337532,39.16783120705664
2021-10-11 00:00:00+00:00,172.9609793814,-1.821885255199951,174.4457727045109,-0.8390941349038948,31.76963854725292,28.819290608574757
2021-10-12 00:00:00+00:00,172.5722358247,-0.2247579529731869,173.50900426460544,-0.5319260439385409,29.242731146973238,52.42041159272201
2021-10-13 00:00:00+00:00,172.4027835052,-0.09819210992439986,172.9558938849027,-0.3150590769314704,27.79711702489438,54.22455531999491
2021-10-14 00:00:00+00:00,173.8481121134,0.8383441257816981,173.40200299915136,0.2616425244251139,55.77096675215238,67.7835493980781
2021-10-15 00:00:00+00:00,175.891507732,1.1753913193300214,174.6467553655757,0.7185169218775677,75.7200414792361,72.22483706139116
2021-10-18 00:00:00+00:00,170.5886469072,-3.014847557552236,172.61770113638784,-1.148165317837334,27.477041341692814,20.22643890488523
2021-10-19 00:00:00+00:00,170.6285180412,0.023372677328103997,171.6231095887939,-0.5623963202546151,27.994444514606332,55.25940364441172
2021-10-20 00:00:00+00:00,170.0005476804,-0.3680336487763336,170.81182863459696,-0.46521498451547433,23.95659218880757,50.93676327432197
2021-10-21 00:00:00+00:00,170.7880025773,0.46320727059092626,170.79991560594848,-0.0010038569622740356,40.18472290333968,60.72400725863238
2021-10-22 00:00:00+00:00,168.8741881443,-1.1205789658051635,169.83705187512425,-0.5607914113837188,22.601247147679594,38.674792701557
2021-10-25 00:00:00+00:00,171.4558440722,1.5287451304837774,170.64644797366213,0.4839768595500293,58.94809968825791,67.91091668459111
2021-10-26 00:00:00+00:00,171.4857474227,0.01744084645338706,171.06609769818107,0.2507088530017082,59.2803380370565,48.23447995291319
2021-10-27 00:00:00+00:00,169.0037693299,-1.4473378284214578,170.03493351404052,-0.5983144877098747,29.528041691939087,33.938571149764
2021-10-28 00:00:00+00:00,169.1333505155,0.07667354764560042,169.58414201477026,-0.26082047003213715,32.19317238060157,54.83143325550838
2021-10-29 00:00:00+00:00,168.5253157216,-0.3595002357883792,169.05472886818512,-0.3101603529102582,25.425375850348775,48.27676462594322
2021-11-01 00:00:00+00:00,169.6417074742,0.6624475069634261,169.34821817119257,0.17614357702658398,52.77035698173896,63.57846707734677
2021-11-02 00:00:00+00:00,169.282867268,-0.21152829191758427,169.3155427195963,-0.017692357445500143,44.84255736533921,46.08792696248225
2021-11-03 00:00:00+00:00,169.5320618557,0.14720602960103246,169.42380228764813,0.06475683607776617,52.30623698189271,53.89681012779515
2021-11-04 00:00:00+00:00,169.7314175258,0.11759172154095499,169.57760990672406,0.09117427880936058,58.96883961261546,52.94715602155943
2021-11-05 00:00:00+00:00,175.064181701,3.1418839558029266,172.32089580386202,1.6165291173061436,93.78812769748447,87.27985345966148
2021-11-08 00:00:00+00:00,176.3001868557,0.7060297216086253,174.31054132978102,1.1612794194573843,95.20329619406473,46.38751451999601
2021-11-09 00:00:00+00:00,174.5458569588,-0.9950811330313059,174.4281991442905,0.08309914321303924,64.10870369083996,31.115948677282546
2021-11-10 00:00:00+00:00,173.8879832474,-0.3769059448688439,174.15809119584526,-0.14690340082790232,54.15869224209951,41.596651897861044
2021-11-11 00:00:00+00:00,161.5877384021,-7.073660074485866,167.87291479897263,-3.610281737656884,10.117818002101073,11.979280341257617
2021-11-12 00:00:00+00:00,159.1157280928,-1.5298254271921108,163.49432144588633,-2.5700535824244977,8.125842684603045,53.283559940091074
2021-11-15 00:00:00+00:00,157.9195940722,-0.7517383950267909,160.70695775904318,-1.6608959887256443,7.109875030728463,57.48379677401367
2021-11-16 00:00:00+00:00,158.3183054124,0.2524774348253045,159.51263158572158,-0.7042092769501699,12.575201569720543,63.78696758835051
2021-11-17 00:00:00+00:00,156.8231378866,-0.9444059686624873,158.16788473616077,-0.8243076228063286,9.448253700839107,50.422661623609585
2021-11-18 00:00:00+00:00,155.0787757732,-1.1123117015177764,156.62333025468038,-0.9683096621620525,6.583438936802809,48.29350261128506
2021-11-19 00:00:00+00:00,153.5038659794,-1.0155546985380348,155.0635981170402,-0.9919321803500436,4.667005905544162,50.11431990651604
2021-11-22 00:00:00+00:00,153.6633505155,0.10389610390753035,154.3634743162701,-0.44401803822125663,8.703898756706954,69.03687828164497
2021-11-23 00:00:00+00:00,150.5434342784,-2.030358069528948,152.45345429733504,-1.2371880538751023,3.8812223284052343,33.11491806423744
2021-11-24 00:00:00+00:00,150.852435567,0.20525723362239123,151.65294493216751,-0.5159654101263556,11.191555527897783,63.200674465782605
2021-11-26 00:00:00+00:00,147.6328414948,-2.1342672129214812,149.64289321348377,-1.3251163115239184,5.113406528490189,37.04439564370635
2021-11-29 00:00:00+00:00,147.3338079897,-0.2025521571435207,148.4883506015919,-0.7638342343337196,4.75371976513402,58.37863945351355
2021-11-30 00:00:00+00:00,144.4331829897,-1.9687436573978978,146.46076679564595,-1.3662889458658087,2.349285452155391,39.85542700682049
2021-12-01 00:00:00+00:00,141.6920425258,-1.897860593500511,144.07640466072297,-1.63207476968316,1.368261762187407,40.98272170860875
2021-12-02 00:00:00+00:00,146.7257731959,3.5525852972183802,145.40108892831148,0.9602552637676102,54.13018611664019,81.33446413050609
2021-12-03 00:00:00+00:00,145.7489304124,-0.6657608695615935,145.57500967035574,0.14724719710300832,46.83697573551493,45.343217393627455
2021-12-06 00:00:00+00:00,149.885560567,2.8381890302009882,147.73028511867787,1.4927181136519982,71.35365724234728,64.76829818507387
2021-12-07 00:00:00+00:00,150.3241430412,0.2926115581386668,149.02721407993891,0.8926648358953325,73.31105569598135,46.68685533762417
2021-12-08 00:00:00+00:00,152.845992268,1.677607585701546,150.93660317396944,1.2851362107984392,83.20757645958288,56.57962013140378
2021-12-09 00:00:00+00:00,152.4472809278,-0.26085822355153,151.69194205088473,0.5121389936234546,76.48183493681567,40.717391431036766
2021-12-10 00:00:00+00:00,152.2180219072,-0.15038577218610127,151.95498197904237,0.18087661071867667,71.49728496701529,42.10489194759492
2021-12-13 00:00:00+00:00,149.945367268,-1.4930259970041715,150.9501746235212,-0.6560746931427475,36.30973599933171,29.512489074666437
2021-12-14 00:00:00+00:00,148.6196520619,-0.8841321544336367,149.7849133427106,-0.7701034237881921,25.380185320036393,41.42860700280908
2021-12-15 00:00:00+00:00,149.9154639175,0.871898054949205,149.85018863010532,0.050897315580506475,48.22845488585893,66.16941191043011
2021-12-16 00:00:00+00:00,148.2707796392,-1.0970744680516065,149.06048413465265,-0.5230885762355499,30.46746105343523,38.685615805850354
2021-12-17 00:00:00+00:00,148.2807474227,0.006722689072158339,148.67061577867634,-0.2581829435816958,30.699471625796697,54.55733877392619
2021-12-20 00:00:00+00:00,145.998125,-1.5393923097736906,147.33437038933818,-0.8987876266776932,14.304351503836092,35.337741755654726
2021-12-21 00:00:00+00:00,150.5633698454,3.126920188461324,148.9488701173691,1.1140662808918154,67.06745118101671,75.08034850339517
2021-12-22 00:00:00+00:00,151.3906958763,0.549486924840692,150.16978299683456,0.8317766028662537,71.78908755657191,49.747593341881824
2021-12-23 00:00:00+00:00,153.1350579897,1.1522254411362898,151.65242049326727,0.9920010220012717,80.59022649015054,55.06580794025476
2021-12-27 00:00:00+00:00,152.3077319588,-0.540259063966686,151.98007622603365,0.22587097901729286,65.95220538456874,38.08793077630467
2021-12-28 00:00:00+00:00,154.7,1.5706806282475005,153.34003811301682,0.8982758036323967,80.95564180801466,60.736235226125665
2021-12-29 00:00:00+00:00,154.3710631443,-0.21262886599869857,153.85555062865842,0.34282346881684905,74.21092730106693,41.499075477740476
2021-12-30 00:00:00+00:00,155.4276481959,0.6844450184373851,154.64159941227922,0.5136342436271171,81.59790640968538,52.78350438695484
2021-12-31 00:00:00+00:00,154.3909987113,-0.6669659462989475,154.5162990617896,-0.07666585133591519,57.40062800411932,36.76037673719909
2022-01-03 00:00:00+00:00,156.2549742268,1.2073084124453848,155.38563664429478,0.5653212805547347,76.33118873683115,61.23879414607927
2022-01-04 00:00:00+00:00,155.2282925258,-0.6570553712484051,155.30696458504738,-0.04586704534683517,55.83221854482822,38.81914600948605
2022-01-05 00:00:00+00:00,154.6900322165,-0.3467539973169065,154.99849840077368,-0.19631052133187082,46.0969117331954,43.94277913278668
2022-01-06 00:00:00+00:00,156.3945231959,1.101875120831619,155.69651079833685,0.45278229974987416,70.51647132872523,64.66488144503927
2022-01-07 00:00:00+00:00,157.3215270619,0.5927342256345058,156.50901893011843,0.5227582626921901,78.47249377888713,54.118163506101595
2022-01-10 00:00:00+00:00,156.0954896907,-0.7793195210453407,156.3022543104092,-0.12828062917657534,51.11081384598203,32.61534993763004
2022-01-11 00:00:00+00:00,157.3813337629,0.8237547892945951,156.84179403665462,0.3477370800590099,68.42866772733085,60.27662400396696
2022-01-12 00:00:00+00:00,157.2916237113,-0.05700171008536925,157.0667088739773,0.14536768498682032,65.98267457339807,45.039625254951694
2022-01-13 00:00:00+00:00,154.9392268041,-1.495564005059602,156.00296783903866,-0.6750981600363908,27.424494171950073,27.81392547196166
2022-01-14 00:00:00+00:00,151.4505025773,-2.2516726711248047,153.72673520816932,-1.4633854155805976,11.92383955470129,21.370194707269626
2022-01-18 00:00:00+00:00,151.779439433,0.2171909964657326,152.75308732058465,-0.6230972095574325,18.44325215662107,63.165794328366346
2022-01-19 00:00:00+00:00,149.6263981959,-1.4185328692364774,151.18974275824235,-1.0208150393969548,10.680944805130704,41.331845174722666
2022-01-20 00:00:00+00:00,147.1444201031,-1.658783558734367,149.16708143067117,-1.3397992990656609,6.181948907169277,38.40697654547654
2022-01-21 00:00:00+00:00,136.9374097938,-6.936729440469602,143.0522456122356,-4.138264369767631,1.7179950317119776,11.526990202330703
2022-01-24 00:00:00+00:00,137.0171520619,0.05823263943729451,140.0346988370678,-2.0400158651651683,2.542683695699592,63.00261581966643
2022-01-25 00:00:00+00:00,136.0702126289,-0.6911101411392506,138.0524557329839,-1.3655630031522095,2.2120574694477098,57.61595059634185
2022-01-26 00:00:00+00:00,133.1695876289,-2.131711962493066,135.61102168094195,-1.7486374828226376,1.3847380356142756,46.220095181204826
2022-01-27 00:00:00+00:00,134.9837242268,1.362275449072814,135.297372953871,-0.19318101687491185,26.99871362691598,68.7247882181166
2022-01-28 00:00:00+00:00,138.183382732,2.370403190108994,136.74037784293552,1.088611086617041,56.73125617592898,73.52045567282569
2022-01-31 00:00:00+00:00,142.5094007732,3.130635504552748,139.62488930806776,2.1096232955848944,76.30402027504972,77.43442351633976
2022-02-01 00:00:00+00:00,144.024503866,1.0631601035297589,141.82469658703388,1.5863916995573266,80.8539287713427,48.30699886636375
2022-02-02 00:00:00+00:00,142.1605283505,-1.2942072115966097,141.99261246876694,0.14609224398035847,59.69997971142601,29.395471264302707
2022-02-03 00:00:00+00:00,139.5788724227,-1.8160145841853326,140.78574244573346,-0.834961170102487,38.67705480247254,26.01405374033477
2022-02-04 00:00:00+00:00,141.5624613402,1.4211240448288809,141.17410189296675,0.2930814373631969,56.38010621570795,64.26552415972323
2022-02-07 00:00:00+00:00,142.050882732,0.34502182794506897,141.61249231248337,0.31905163265413294,60.58295226311961,51.0936079371133
2022-02-08 00:00:00+00:00,142.0209793814,-0.021051154364459812,141.8167358469417,0.14900023914483657,60.05157894433616,46.255861618493235
2022-02-09 00:00:00+00:00,146.7556765464,3.333801235298406,144.28620619667083,1.7414007372216211,87.04283132287388,76.64910503768952
2022-02-10 00:00:00+00:00,151.6697938144,3.348502343244153,147.97800000553542,2.544951540232887,93.68523435832746,76.73558311481591
2022-02-11 00:00:00+00:00,148.9884600515,-1.7678759200933536,148.4832300285177,0.38853781006976673,65.99517370713178,26.159874039262547
2022-02-14 00:00:00+00:00,150.3640141753,0.9232621931420271,149.42362210190885,0.6559000016058969,72.29618671874731,51.42121619738712
2022-02-15 00:00:00+00:00,154.2215463918,2.565462379850225,151.82258424685443,1.610681190728061,84.43132306235867,63.005770875304904
2022-02-16 00:00:00+00:00,155.8462951031,1.0535160289291579,153.8344396749772,1.3320986098286094,87.80592084580152,47.39655666725586
2022-02-17 00:00:00+00:00,152.4572487113,-2.1746082507498765,153.1458441931386,-0.42125482046063356,52.32172655114923,26.427957040348375
2022-02-18 00:00:00+00:00,150.872371134,-1.0395554102522242,152.0091076635693,-0.7304051153564288,40.765555163236115,40.347068676248064
2022-02-22 00:00:00+00:00,147.6129059278,-2.1604122621663002,149.81100679568465,-1.4454086887613644,24.245648266475648,31.515335061122073
2022-02-23 00:00:00+00:00,145.4000579897,-1.4990883921642606,147.60553239269234,-1.4722485404628125,17.16290484056505,42.62952310130305
2022-02-24 00:00:00+00:00,148.918685567,2.4199629807226453,148.26210897984618,0.4738572201299164,51.17913443119169,76.51242511190232
2022-02-25 00:00:00+00:00,149.0482667526,0.08701472559109469,148.6551878662231,0.28043597286050553,52.262026561434844,50.09454420379114
2022-02-28 00:00:00+00:00,147.9817139175,-0.7155754698377925,148.31845089186154,-0.2175697484886435,41.02685652478275,42.518774678410814
2022-03-01 00:00:00+00:00,145.2306056701,-1.8590866226443015,146.77452828098077,-1.0383281855664726,22.3972270032056,32.13324369331314
2022-03-02 00:00:00+00:00,146.8653221649,1.1256005490422272,146.81992522294038,0.04363618173787731,44.75596887302343,65.30875108840053
2022-03-03 00:00:00+00:00,145.1010244845,-1.2013031084486037,145.9604748537202,-0.5788334633553631,30.52026155775834,41.55422012634356
2022-03-04 00:00:00+00:00,140.2666494845,-3.331730438964897,143.11356216911008,-1.95528195116013,13.227478678437091,27.71164329507681
2022-03-07 00:00:00+00:00,133.0699097938,-5.130756111412826,138.09173598145503,-3.5430190312864784,5.839399479595227,19.48844331661937
2022-03-08 00:00:00+00:00,131.3255476804,-1.310861423219567,134.70864183092752,-2.4269402272530227,4.853747191113937,58.60829391003878
2022-03-09 00:00:00+00:00,133.2194265464,1.442125237207481,133.96403418866376,-0.4924074950227708,25.36917588409953,72.86270965145185
2022-03-10 00:00:00+00:00,133.2094587629,-0.007482229700583876,133.58674647578187,-0.24994486236167734,25.326064271296904,57.28187021877915
2022-03-11 00:00:00+00:00,131.3255476804,-1.4142472313870558,132.45614707809094,-0.8320960468743666,17.091749134662745,43.684013432212005
2022-03-14 00:00:00+00:00,128.614310567,-2.064516129030891,130.53522882254546,-1.4483060879526288,10.042908955617946,37.5100554911997
2022-03-15 00:00:00+00:00,133.7676546392,4.006820119379673,132.15144173087273,1.279257015713522,58.656170163441764,79.02568038112139
2022-03-16 00:00:00+00:00,137.6949613402,2.9359165424502454,134.92320153553635,2.107586779081884,74.44370189808298,67.21152839067473
2022-03-17 00:00:00+00:00,139.0206765464,0.9627913710833713,136.97193904096818,1.5351890750826276,78.58445504408873,47.560789268314004
2022-03-18 00:00:00+00:00,139.8480025773,0.5951100594909553,138.4099708091341,1.0651495672867914,81.4047871960297,43.96763087575165
2022-03-21 00:00:00+00:00,138.1734149485,-1.1974340698033048,138.29169287881706,-0.06614225125825668,58.15264196935982,28.32089290748022
2022-03-22 00:00:00+00:00,139.6586146907,1.0748809695074524,138.97515378475853,0.5043693591245979,69.67578388007774,57.249276177046475
2022-03-23 00:00:00+00:00,137.1965721649,-1.7629005781366613,138.08586297482927,-0.6292656095060317,41.35780355562399,32.60172320825245
2022-03-24 00:00:00+00:00,138.5123195876,0.9590235396833124,138.29909128121463,0.16487896508864036,55.76838354278656,58.381477695733714
2022-03-25 00:00:00+00:00,138.6917396907,0.1295336787617174,138.49541548595732,0.14720632192517888,57.8852584953646,49.69286654471707
2022-03-28 00:00:00+00:00,138.2730927835,-0.3018542475086261,138.38425413472868,-0.07732396279172361,49.58026525316275,44.52376223634449
2022-03-29 00:00:00+00:00,141.9213015464,2.6384083045080553,140.15277784056434,1.280542170858166,82.46515240781095,73.11524616449074
2022-03-30 00:00:00+00:00,140.5058762887,-0.9973310858040874,140.32932706463217,0.14160554252703927,59.7758903594058,37.38125754615208
2022-03-31 00:00:00+00:00,136.7181185567,-2.6958002270433212,138.52372281066607,-1.2770973422581409,28.404850168496687,27.845016793753203
2022-04-01 00:00:00+00:00,136.5586340206,-0.11665208516883352,137.54117841563306,-0.6968747137134872,27.493550243417857,54.36337778551878
2022-04-04 00:00:00+00:00,138.1335438144,1.1532846715224476,137.83736111501653,0.22820497890448022,50.85050629469088,64.10641303694187
2022-04-05 00:00:00+00:00,135.1830798969,-2.135950353568228,136.51022050595827,-0.9538726873318738,26.689765557387705,35.04155437897551
2022-04-06 00:00:00+00:00,132.1429059278,-2.2489308361805738,134.32656321687915,-1.6014017617562237,15.388746660256155,34.24168036939393
2022-04-07 00:00:00+00:00,131.4451610825,-0.5280229312357054,132.88586214968956,-1.0647123464959645,13.430944291601328,56.78160025750834
2022-04-08 00:00:00+00:00,131.4451610825,0.0,132.16551161609476,-0.5323561732479822,13.430944291601328,62.67057129012125
2022-04-11 00:00:00+00:00,130.2290914948,-0.9251535603784888,131.19730155544738,-0.7287548668132355,8.96055861131288,46.14524643928397
2022-04-12 00:00:00+00:00,130.4184793814,0.14542671259252238,130.8078904684237,-0.2916640771103566,15.528561917553208,63.055037810784825
2022-04-13 00:00:00+00:00,131.9236146907,1.1540813207140177,131.36575257956184,0.43120862180183056,54.58621209043992,74.41024085301353
2022-04-14 00:00:00+00:00,130.0496713918,-1.4204760105258951,130.70771198568093,-0.4946336943620323,29.29211707440402,34.183810330012975
2022-04-18 00:00:00+00:00,127.3583698454,-2.069441250867843,129.03304091554048,-1.2820374726149375,14.658985517208535,28.38235067581648
2022-04-19 00:00:00+00:00,131.475064433,3.2323706660168705,130.25405267427024,0.9751665967009665,60.23640361312519,76.74562217458445
2022-04-20 00:00:00+00:00,124.1686791237,-5.557240333602076,127.21136589898512,-2.2910368684505547,24.872623009904864,28.643745855343184
2022-04-21 00:00:00+00:00,121.2680541237,-2.3360359637153993,124.23971001134257,-2.313536416082977,18.429532359230382,46.92914278562073
2022-04-22 00:00:00+00:00,117.8889755155,-2.7864540522379966,121.06434276342128,-2.5499952341604866,12.686762317630592,44.53545739952509
2022-04-25 00:00:00+00:00,119.5635631443,1.420478565936678,120.31395295386065,-0.5647583341119042,29.10797835677117,67.65168936206962
2022-04-26 00:00:00+00:00,115.3970296392,-3.4847853271748552,117.85549129653032,-2.0247718306433797,17.103091028118605,39.12907732600266
2022-04-27 00:00:00+00:00,114.8388337629,-0.4837177161710837,116.34716252971515,-1.2542447734072317,15.794079784563419,56.11055278823369
2022-04-28 00:00:00+00:00,114.9185760309,0.06943841676818607,115.63286928030757,-0.5924031783195228,17.15283012424735,59.253378875533386
2022-04-29 00:00:00+00:00,111.270367268,-3.174603174615609,113.45161827415379,-1.8835031764675658,8.139580296734497,36.35339571028488
2022-05-02 00:00:00+00:00,113.1343427835,1.67517692379906,113.29298052882689,-0.10416312633425295,34.51239616763079,65.9034897183934
2022-05-03 00:00:00+00:00,113.184181701,0.04405286341333525,113.23858111491344,-0.03005513146045885,35.257873926731016,53.396503890883935
2022-05-04 00:00:00+00:00,115.8156765464,2.32496697493616,114.52712883065672,1.1474559217378506,65.95337919799023,66.66579112996749
2022-05-05 00:00:00+00:00,112.2472100515,-3.0811601687361634,113.38716944107836,-0.9668521234991564,33.574274915189356,33.12959478032851
2022-05-06 00:00:00+00:00,109.9346842784,-2.060207796736324,111.66092685973918,-1.5135299601177403,22.727922088820556,41.47021222275809
2022-05-09 00:00:00+00:00,106.6353479381,-3.0011787107558474,109.14813739891959,-2.2573543354367938,13.437608957979043,35.37100220133143
2022-05-10 00:00:00+00:00,107.3330927835,0.6543279117962264,108.2406150912098,-0.8015132118202837,23.373582919108316,65.19780123951288
2022-05-11 00:00:00+00:00,104.8710502577,-2.2938335810057664,106.5558326744549,-1.5476733964130251,14.540014052647473,41.83883002017008
2022-05-12 00:00:00+00:00,103.9739497423,-0.8554319930958676,105.26489120837745,-1.2015526947544464,12.05079354486543,53.920978170185634
2022-05-13 00:00:00+00:00,106.9842203608,2.8952161824774114,106.12455578458872,0.8468317438614825,52.758564510288686,74.5772248589496
2022-05-16 00:00:00+00:00,104.8411469072,-2.003167800234995,105.48285134589436,-0.5781680281867563,35.307144577171485,39.70707498453068
2022-05-17 00:00:00+00:00,108.29,3.289598783054859,106.88642567294718,1.3557153774340513,64.0292469730159,65.70026339612532
2022-05-18 00:00:00+00:00,103.9639819588,-3.9948453607904666,105.4252038158736,-1.3195649916782077,34.886803071027195,34.761737700435205
2022-05-19 00:00:00+00:00,102.8077190722,-1.1121764141914237,104.1164614440368,-1.2158707029348157,29.503166612808894,49.01372429478214
2022-05-20 00:00:00+00:00,102.0900386598,-0.6980802792599494,103.1032500519184,-0.9569754910973826,25.796816568516196,51.305895589681974
2022-05-23 00:00:00+00:00,105.4890528351,3.3294278461650118,104.29615144350919,1.1862261775338145,60.79018445848563,70.59310665933509
2022-05-24 00:00:00+00:00,101.2627126289,-4.0064253992370125,102.7794320362046,-1.4100996108515989,32.34275766854204,33.90350009171152
2022-05-25 00:00:00+00:00,102.9273324742,1.6438625848394617,102.85338225520229,0.11688148699393142,46.99669557159902,58.70184220863792
2022-05-26 00:00:00+00:00,105.2697615979,2.2758086383781073,104.06157192655115,1.1963450626860195,63.62599168016943,61.14733125445672
2022-05-27 00:00:00+00:00,108.9678092784,3.5129249124981055,106.51469060247558,2.3546349875920622,79.13095621621707,66.90243164014025
2022-05-31 00:00:00+00:00,110.0842010309,1.0245151847072087,108.2994458166878,1.6895750861496355,82.50746405634287,46.23766281974009
2022-06-01 00:00:00+00:00,108.8382280928,-1.131836291158872,108.56883695474389,0.27886939749538175,64.92242953116069,32.99172763829876
2022-06-02 00:00:00+00:00,110.5128157216,1.5386024360596773,109.54082633817194,0.9087359167775295,75.46466150311001,56.26544619527696
2022-06-03 00:00:00+00:00,108.3199033505,-1.9843059438683697,108.93036484433597,-0.5377850135454201,47.45168084789512,33.34640741850575
2022-06-06 00:00:00+00:00,107.4826095361,-0.7729824238216776,108.20648719021798,-0.6553837186835488,39.132174795036015,44.918468105628115
2022-06-07 00:00:00+00:00,107.4427384021,-0.03709542796930254,107.82461279615899,-0.3462395733264257,38.6481731083163,52.44246658735241
2022-06-08 00:00:00+00:00,106.9941881443,-0.4174784303442869,107.40940047022949,-0.38185900183535626,31.974557158329656,47.420121141794475
2022-06-09 00:00:00+00:00,102.9672036082,-3.7637413825402533,105.18830203921473,-2.0728001921878048,9.615333765382273,20.947797601097164
2022-06-10 00:00:00+00:00,99.0797680412,-3.775411423031416,102.13403504020737,-2.9241058076096103,4.777630443835267,20.88680110459063
2022-06-13 00:00:00+00:00,95.4016559278,-3.7122736418504165,98.76784548400369,-3.318189724730013,2.787336324168957,22.713136008655823
2022-06-14 00:00:00+00:00,93.9164561856,-1.5567861246810977,96.34215083480184,-2.4374879247055556,2.2257337611002987,64.5825206833007
2022-06-15 00:00:00+00:00,95.5711082474,1.7618340054591064,95.95662954110092,-0.3378269596232246,26.854404188908852,84.2666334375297
2022-06-16 00:00:00+00:00,93.9762628866,-1.66875260740047,94.96644621385046,-1.0032897835118473,19.68533991797302,45.26113943921485
2022-06-17 00:00:00+00:00,94.0360695876,0.06364022058651386,94.50125790072522,-0.4698247814626667,20.87354441418882,59.471374494951604
2022-06-21 00:00:00+00:00,92.9894523196,-1.1129955479742826,93.74535511016262,-0.7914101647184746,15.034762580298372,47.032286730296406
2022-06-22 00:00:00+00:00,93.1987757732,0.22510451280062238,93.47206544168131,-0.2831528259589261,21.612745705292213,60.961142902101635
2022-06-23 00:00:00+00:00,93.9961984536,0.8556149732487306,93.73413194764066,0.28623107364490225,45.65491701326281,67.07986587373001
2022-06-24 00:00:00+00:00,97.4649871134,3.690349946984628,95.59955953052034,1.988290510314765,81.89272301946775,83.9960481638652
2022-06-27 00:00:00+00:00,96.2987564433,-1.1965637144578989,95.94915798691017,0.39586339792843306,61.28415845750417,36.06863775154324
2022-06-28 00:00:00+00:00,95.6109793814,-0.7142117793649261,95.78006868415508,-0.1591741907182465,50.12542325433969,41.04874592690525
2022-06-29 00:00:00+00:00,95.3418492268,-0.28148457043455366,95.56095895547753,-0.22032938057640009,45.285566757806365,46.64201457679654
2022-06-30 00:00:00+00:00,94.0958762887,-1.306847882859985,94.82841762208876,-0.7635886317181926,27.10865971865614,34.87954988653662
2022-07-01 00:00:00+00:00,95.8302706186,1.8432203389855406,95.32934412034439,0.539815853633674,60.34397707280064,69.88133501678853
2022-07-05 00:00:00+00:00,96.8669201031,1.081755772793147,96.0981321117222,0.8107858132134105,71.85098564853783,58.48339483179046
2022-07-06 00:00:00+00:00,95.7704639175,-1.1319201482126173,95.9342980146111,-0.16056716749960342,49.200647035854665,34.1758823419565
2022-07-07 00:00:00+00:00,97.1161146907,1.4050791007540697,96.52520635265554,0.6222559666272331,67.85520524657188,61.60751744992509
2022-07-08 00:00:00+00:00,95.5511726804,-1.6114133223761096,96.03818951652778,-0.4945786778744382,41.36010514403748,35.34043979926937
2022-07-11 00:00:00+00:00,93.3383247423,-2.315877321047166,94.6882571294139,-1.4052279994608021,22.62359754039287,30.748006684247432
2022-07-12 00:00:00+00:00,93.2984536082,-0.04271678778259291,93.99335536880696,-0.7239723936216975,22.349956042136856,57.487383739617336
2022-07-13 00:00:00+00:00,92.6405798969,-0.7051282050854812,93.31696763285348,-0.7145502993535894,17.2007261911946,49.18601662397787
2022-07-14 00:00:00+00:00,91.5441237113,-1.1835592855962696,92.43054567207673,-0.9490547924749295,10.91432131040871,42.532108180821545
2022-07-15 00:00:00+00:00,94.8932989691,3.658536585441796,93.66192232058836,1.3547408964834333,66.69111341874492,81.18099774973889
2022-07-18 00:00:00+00:00,95.3916881443,0.5252100839726159,94.52680523244419,0.9399754902280246,70.77539995169258,49.11747146207931
2022-07-19 00:00:00+00:00,99.2890914948,4.085684430497083,96.9079483636221,2.512829960362554,88.01442942776839,69.58986764108744
2022-07-20 00:00:00+00:00,103.0170425258,3.754643108196065,99.96249544471104,3.1337365342793095,93.50850799916307,65.89242786895454
2022-07-21 00:00:00+00:00,103.8443685567,0.8030962747671788,101.90343200070552,1.9684164045232442,94.36792223705697,38.52048686288672
2022-07-22 00:00:00+00:00,102.3890721649,-1.4014206182065614,102.14625208280276,0.2834978931583414,69.9373677843618,26.286695084801288
2022-07-25 00:00:00+00:00,102.3591688144,-0.029205607461557648,102.25271044860138,0.12714614284839187,69.3837293555033,43.14572066244881
2022-07-26 00:00:00+00:00,99.4585438144,-2.833771545428887,100.85562713150068,-1.3533127012902475,32.24439280382389,25.362428332365813
2022-07-27 00:00:00+00:00,103.1665592784,3.728202044582063,102.01109320495034,1.1874446716459077,66.56359911533916,69.49277036444354
2022-07-28 00:00:00+00:00,104.5620489691,1.3526570048092879,103.28657108702518,1.270050838227598,73.99838774936674,52.60339416393633
2022-07-29 00:00:00+00:00,105.7581829897,1.1439466158065459,104.52237703836259,1.206998727017072,79.77923148222933,50.97083914928195
2022-08-01 00:00:00+00:00,105.8777963918,0.1131008482924134,105.2000867150813,0.6600497876547426,80.43181013779036,41.44207756392502
2022-08-02 00:00:00+00:00,104.3726610825,-1.4215778572971627,104.78637389879066,-0.38076403482121,49.98412580370795,29.236564300895754
2022-08-03 00:00:00+00:00,108.6687757732,4.116130264518403,106.72757483599533,1.8676831148485964,80.91548855640491,72.72150132965494
2022-08-04 00:00:00+00:00,107.7716752577,-0.8255365988223851,107.24962504684765,0.5210732580131057,67.78498977978295,39.90086869427552
2022-08-05 00:00:00+00:00,106.2864755155,-1.3780984091122606,106.76805028117383,-0.42851257554957745,48.31497312007867,37.09301240074184
2022-08-08 00:00:00+00:00,108.7584858247,2.3257994935014015,107.76326805293692,0.9486434589759121,69.9000972970258,63.15967317992226
2022-08-09 00:00:00+00:00,107.7816430412,-0.8981761525022613,107.77245554706846,0.02523365323682536,56.03008771087234,40.985721369749605
2022-08-10 00:00:00+00:00,112.0677899485,3.9766947193981883,109.92012274778423,2.000964186317507,80.932125921215,67.14639355013962
2022-08-11 00:00:00+00:00,117.3108440722,4.678466601428832,113.61548340999212,3.3397153938731696,90.64921204823628,70.01650135247633
2022-08-12 00:00:00+00:00,121.1783440722,3.296796669214763,117.39691374109606,3.3182560315439664,94.02069875488138,55.65712626813324
2022-08-15 00:00:00+00:00,123.8596778351,2.2127169532061064,120.62829578809803,2.7654864923750364,95.65129108515256,44.835243240587715
2022-08-16 00:00:00+00:00,124.5574226804,0.563334942812399,122.592859234249,1.6644107175937177,96.06966234434957,31.054824161832112
2022-08-17 00:00:00+00:00,122.4143492268,-1.720550576177926,122.5036042305245,-0.028069929292104168,66.56554274341383,18.954456480979033
2022-08-18 00:00:00+00:00,122.2748002577,-0.11399723151854779,122.38920224411225,-0.07103358040532598,64.62693132960926,42.56701163667598
2022-08-19 00:00:00+00:00,119.7529510309,-2.0624439553244667,121.07107663750612,-1.0667387678648963,36.115513061520915,27.821074251709398
2022-08-22 00:00:00+00:00,115.5664819588,-3.495921424950732,118.31877929815306,-2.2813300964078143,17.20963247524068,20.126801444461126
2022-08-23 00:00:00+00:00,114.4899613402,-0.9315163015724437,116.40437031917654,-1.606423198990129,14.318508986185725,54.15201960540155
2022-08-24 00:00:00+00:00,116.0349677835,1.3494689186845932,116.21966905133826,-0.1284771401527679,37.075468576899,70.76701195342727
2022-08-25 00:00:00+00:00,117.0815850515,0.9019843655688309,116.65062705141912,0.3867536127080315,50.44857331674383,63.94754189198534
2022-08-26 00:00:00+00:00,113.7025064433,-2.886088881281945,115.17656674735956,-1.2496676342869568,24.860901062864798,28.75813068274686
2022-08-29 00:00:00+00:00,113.164246134,-0.47339353030745324,114.17040644067978,-0.861530582297205,22.173671214804976,53.30640010916294
2022-08-30 00:00:00+00:00,112.0677899485,-0.9689068967964065,113.1190981945899,-0.9152187395468058,16.668463572303068,48.190829086536546
2022-08-31 00:00:00+00:00,111.7189175258,-0.3113048119003148,112.41900786019494,-0.6132617757235603,14.902572314038286,56.50072925661425
2022-09-01 00:00:00+00:00,112.1674677835,0.40149892930749775,112.29323782184747,-0.10588142320803129,29.339666718763375,65.49834004037629
2022-09-02 00:00:00+00:00,110.8417525773,-1.1819070470226123,111.56749519957373,-0.6438942351153218,16.74512872962584,38.77427642268278
2022-09-06 00:00:00+00:00,109.7353286082,-0.9982014388742022,110.65141190388687,-0.821047836994762,10.891919188413633,42.83343217692232
2022-09-07 00:00:00+00:00,112.3269523196,2.361704060369796,111.48918211174343,0.7703281116875169,60.00782884922725,79.71992165654595
2022-09-08 00:00:00+00:00,111.9681121134,-0.3194604667800527,111.72864711257171,0.2254338224537321,53.84384389230479,44.97984275650451
2022-09-09 00:00:00+00:00,114.8089304124,2.5371672750210017,113.26878876248585,1.3813005487373669,79.20702982076028,67.56733502076564
2022-09-12 00:00:00+00:00,116.0150322165,1.0505296058134217,114.64191048949293,1.2159150772753944,84.59722887326109,51.169111322146506
2022-09-13 00:00:00+00:00,111.3999484536,-3.978004983257355,113.02092947154647,-1.3810449529909803,34.00340237565112,22.931730418564396
2022-09-14 00:00:00+00:00,112.137564433,0.6621331424647936,112.57924695227322,-0.35945590526309334,42.279297621588846,56.3063179804274
2022-09-15 00:00:00+00:00,110.4131378866,-1.5377777777849877,111.49619241943661,-0.9486168415240406,29.365861328516637,43.04869332651929
2022-09-16 00:00:00+00:00,107.9012564433,-2.274984201499486,109.6987244313683,-1.6118005215117632,17.612196866915465,38.49289547568833
2022-09-19 00:00:00+00:00,108.8182925258,0.849884526582767,109.25850847858416,-0.3809579974644981,32.42382210266771,63.232831874546044
2022-09-20 00:00:00+00:00,107.2234471649,-1.4656041037602985,108.24097782174208,-0.9232810506123983,22.072193180697205,43.69715099586701
2022-09-21 00:00:00+00:00,104.1533698454,-2.8632518359333226,106.19717383357104,-1.8932664432728603,11.484788897403428,34.14571857559899
2022-09-22 00:00:00+00:00,101.8308762887,-2.2298784572668096,104.01402506113553,-2.0615724502698347,7.436876883782481,42.66475368194449
2022-09-23 00:00:00+00:00,99.1794458763,-2.6037588097375775,101.59673546871775,-2.332665630003706,4.63771072861607,38.28002520782373
2022-09-26 00:00:00+00:00,97.8038917526,-1.3869346733552446,99.70031361065887,-1.8598001516794753,3.5870467700903883,58.90042952199183
2022-09-27 00:00:00+00:00,95.5412048969,-2.3134936812367113,97.62075925377943,-2.0866469164580934,2.300889702820111,42.63205315555492
2022-09-28 00:00:00+00:00,99.0797680412,3.7037037036727005,98.35026364748971,0.8085283936073036,46.93455400676439,84.45537263883776
2022-09-29 00:00:00+00:00,97.1360502577,-1.9617706237379795,97.74315695259486,-0.576621115065338,34.09907567294178,41.61115387444955
2022-09-30 00:00:00+00:00,94.0261018041,-3.201641867617,95.88462937834743,-1.889131491341169,20.586969944765084,35.670834605371276
2022-10-03 00:00:00+00:00,96.8170811856,2.968302766943287,96.35085528197371,0.5395856378010591,48.21206241487483,68.85697555415621
2022-10-04 00:00:00+00:00,101.1131958763,4.437352002447037,98.73202557913686,2.488468820124048,71.27994518333938,73.70220658080719
2022-10-05 00:00:00+00:00,100.475257732,-0.6309148264687758,99.60364165556842,0.928776996827636,64.84628412502634,40.82921990046623
2022-10-06 00:00:00+00:00,99.7177061856,-0.7539682539761672,99.6606739205842,0.08740437142573443,55.86469596214131,40.17660436989971
2022-10-07 00:00:00+00:00,96.8469845361,-2.878848460630312,98.2538292283421,-1.3957220446022889,31.256539122672265,28.413095799025847
2022-10-10 00:00:00+00:00,94.8534278351,-2.058460271684437,96.55362853172105,-1.727091158143363,21.425469666553568,38.79192925220297
2022-10-11 00:00:00+00:00,92.800064433,-2.164775115633899,94.67684648236053,-1.945933136888631,14.41873665789534,37.72863891956998
2022-10-12 00:00:00+00:00,93.1090657216,0.33297529531683967,93.89295610198027,-0.8064789207858957,20.302001075666738,68.32513346380264
2022-10-13 00:00:00+00:00,96.3286597938,3.457873889344687,95.11080794789014,1.3256974842793956,61.58048051815403,83.52039646955171
2022-10-14 00:00:00+00:00,94.1457152062,-2.2661423840763417,94.62826157704507,-0.47022244989847306,40.3342108437231,36.029618613739636
2022-10-17 00:00:00+00:00,97.0164368557,3.049232398110191,95.82234921637253,1.289504974105859,64.4969085066192,64.30281815351123
2022-10-18 00:00:00+00:00,98.1627319588,1.181547313271225,96.99254058758626,1.235526143688542,71.4274304237306,52.15375887630101
2022-10-19 00:00:00+00:00,98.6710889175,0.5178716490015445,97.83181475254312,0.8766988963450433,74.71132655968854,47.38208939663658
2022-10-20 00:00:00+00:00,98.2723775773,-0.4040812203191191,98.05209616492156,0.2363088380129621,65.81255714058794,39.79526215343786
2022-10-21 00:00:00+00:00,101.7112628866,3.4993407039480617,99.88167952576077,1.867824770980512,86.54550903733384,70.14971833227848
2022-10-24 00:00:00+00:00,101.3922938144,-0.3136025088545158,100.63698667008039,0.7771111310629981,79.811379273298,40.344898008054145
2022-10-25 00:00:00+00:00,104.0237886598,2.5953598112860465,102.33038766494019,1.6862354711745224,89.7149122619288,59.86109263141918
2022-10-26 00:00:00+00:00,104.2929188144,0.2587198159837767,103.3116532396701,0.9724776435791496,90.43474431778395,42.936473930008376
2022-10-27 00:00:00+00:00,104.1035309278,-0.1815922775515011,103.70759208373505,0.39544268301382424,84.21338343354664,39.7590828090968
2022-10-28 00:00:00+00:00,105.6086662371,1.4458062045406228,104.65812916041753,0.9206244437772235,91.3264922764246,57.28409890733939
2022-10-31 00:00:00+00:00,106.1967654639,0.5568664464331574,105.42744731215876,0.7387454451051905,93.13848593942743,46.25796922745016
2022-11-01 00:00:00+00:00,105.6585051546,-0.5068518866358285,105.54297623337938,0.115946779234681,72.3793381881575,34.38003538182344
2022-11-02 00:00:00+00:00,101.4919716495,-3.943396226364837,103.51747394143969,-1.913724723565078,20.172953652775483,15.318514333401627
2022-11-03 00:00:00+00:00,98.9302512887,-2.5240620702954075,101.22386261506985,-2.218893396930243,12.114378623157625,36.96869385678841
2022-11-04 00:00:00+00:00,99.2591881443,0.3324937026997654,100.24152537968493,-0.9431998471152387,18.39332161226887,64.42589725832762
2022-11-07 00:00:00+00:00,100.1064497423,0.8535850573029968,100.17398756099246,-0.044807394906120956,36.04670274327827,68.21459658716904
2022-11-08 00:00:00+00:00,99.5781572165,-0.5277307577683188,99.87607238874622,-0.2862690763372199,29.980821215810813,47.92121630125884
2022-11-09 00:00:00+00:00,86.4705219072,-13.163163163184233,93.1732971479731,-6.724716119760727,4.1279896175478585,9.429729318730677
2022-11-10 00:00:00+00:00,90.1685695876,4.276657060505262,91.67093336778655,-1.2240295296277321,29.76025257251132,65.98878535859038
2022-11-11 00:00:00+00:00,94.7039110825,5.029847446447344,93.18742222514328,1.902908958409806,52.917372779274494,67.31120538212306
2022-11-14 00:00:00+00:00,93.9762628866,-0.7683401747432761,93.58184255587165,0.567284391833265,49.02742795292015,46.45423108440237
2022-11-15 00:00:00+00:00,95.2023002577,1.3046245226621123,94.39207140678582,0.9359544572476886,57.01377199866926,54.08411301078527
2022-11-16 00:00:00+00:00,93.6473260309,-1.6333368233654944,94.0196987188429,-0.3486911830589029,43.92186327829336,41.509700839789524
2022-11-17 00:00:00+00:00,91.1553801546,-2.6609898882513305,92.58753943672144,-1.5048405356551167,28.30038319546173,36.99663278578541
2022-11-18 00:00:00+00:00,91.5042525773,0.38272279936555353,92.04589600701073,-0.5610588681447816,33.283424261676146,57.51702294371254
2022-11-21 00:00:00+00:00,97.2656314433,6.296296296320181,94.65576372515537,2.8676187140876994,75.48613955842819,78.20495854228835
2022-11-22 00:00:00+00:00,95.9000451031,-1.4039762246298215,95.27790441412768,0.731821244728939,61.626338431155986,40.08144413098587
2022-11-23 00:00:00+00:00,98.561443299,2.775179295316077,96.91967385656383,1.753500270022508,75.02933375869002,57.10468367167064
2022-11-25 00:00:00+00:00,98.5514755155,-0.010113268603184622,97.73557468603192,0.8716935007096617,74.88239770741984,44.47323549428549
2022-11-28 00:00:00+00:00,95.3817203608,-3.216344695114648,96.55864752341597,-1.172325597202493,38.715962059790314,32.18170895185342
2022-11-29 00:00:00+00:00,94.3849420103,-1.045041279114589,95.47179476685798,-1.108683438158541,31.53230185055315,47.04810001940315
2022-11-30 00:00:00+00:00,97.5546971649,3.358327172838771,96.513245965879,1.124821867340115,63.67882448054202,68.23195428897658
2022-12-01 00:00:00+00:00,98.2723775773,0.7356697660461098,97.39281177158949,0.9302458166931123,68.67399107073477,50.266144315789795
2022-12-02 00:00:00+00:00,99.1096713918,0.8520133888501924,98.25124158169476,0.8911296027716524,74.7508019253533,51.12251176286607
2022-12-05 00:00:00+00:00,95.6209471649,-3.520064366986342,96.93609437329738,-1.3144673821073447,33.78699816468443,25.94248616529377
2022-12-06 00:00:00+00:00,91.9926739691,-3.794433440972911,94.46438417119869,-2.554450411540128,18.215118864410183,24.79298013073241
2022-12-07 00:00:00+00:00,91.853125,-0.15169574171401967,93.15875458559935,-1.3530730766270738,17.74333341208512,60.04805282076839
2022-12-08 00:00:00+00:00,92.2518363402,0.4340748779096959,92.70529546289967,-0.45949909935868893,25.961813762520993,64.1065847060435
2022-12-09 00:00:00+00:00,93.0791623711,0.8968125337354138,92.89222891699984,0.21865671718836244,43.52446660119438,67.96298075892636
2022-12-12 00:00:00+00:00,94.3550386598,1.3707431998723596,93.62363378839993,0.794699958530361,63.5342572814094,72.50179509188078
2022-12-13 00:00:00+00:00,94.3949097938,0.04225649691453892,94.00927179109996,0.41847822772244997,64.12999476240856,45.43587202383156
2022-12-14 00:00:00+00:00,93.846681701,-0.5807814150122881,93.92797674604998,-0.08115159364491906,47.96743024948328,35.985478609988235
2022-12-15 00:00:00+00:00,90.1984729381,-3.887413701555653,92.06322484207499,-1.9842826476002862,13.64378085642387,13.54965640450297
2022-12-16 00:00:00+00:00,89.7897938144,-0.45308873907483616,90.9265093282375,-1.2186856933375612,12.17936121338441,56.1459174536016
2022-12-19 00:00:00+00:00,85.5036469072,-4.7735346358626085,88.21507811771875,-2.996110164600085,4.530132981831548,29.09436858622572
2022-12-20 00:00:00+00:00,86.7396520619,1.4455584052941006,87.47736508980938,-0.7752758796529922,24.925445364509446,65.24765617521841
2022-12-21 00:00:00+00:00,86.6399742268,-0.114916111294594,87.0586696583047,-0.4450959954737931,24.29753756137426,54.74229570194696
2022-12-22 00:00:00+00:00,86.3907796392,-0.28762080070300344,86.72472464875236,-0.36635839808839826,22.200320134699613,53.31717425458259
2022-12-23 00:00:00+00:00,87.7264626289,1.5460943809956218,87.22559363882618,0.5898679914536118,54.072425598550254,66.99968871809133
2022-12-27 00:00:00+00:00,86.091746134,-1.863424610901232,86.6586698864131,-0.6367783097238101,30.861871410892086,36.86466400709845
2022-12-28 00:00:00+00:00,83.8988337629,-2.5471807340122776,85.27875182465655,-1.591979521868044,16.559165713028584,32.47129439529958
2022-12-29 00:00:00+00:00,86.8991365979,3.5760959961361527,86.08894421127827,0.9920582371340544,57.23418520157791,74.03630435358798
2022-12-30 00:00:00+00:00,86.6001030928,-0.34411562278655605,86.34452365203913,0.32397130717374917,53.34641664797298,46.53170539100559
