date,adjClose,daily_return,ema,ema_daily_return,rsi,rsi_daily_return
2013-01-02 00:00:00+00:00,15.4515649042,0.0,,,,
2013-01-03 00:00:00+00:00,15.4082022338,-0.2806361081796438,,,,
2013-01-04 00:00:00+00:00,15.2925684459,-0.7504690433407069,15.384111861300001,-0.3437017171734502,,
2013-01-07 00:00:00+00:00,15.3576124516,0.4253308130030886,15.37086215645,0.0408145479148192,40.298507471933426,72.86138529102074
2013-01-08 00:00:00+00:00,15.2419786637,-0.7529411766602601,15.306420410074999,-0.35606331437272043,19.42446043476971,34.775074667201245
2013-01-09 00:00:00+00:00,15.5021546864,1.7069701279639693,15.4042875482375,0.6754534067956244,70.6806282692076,75.2650556362317
2013-01-10 00:00:00+00:00,15.7551035974,1.63170163191515,15.57969557281875,1.1535775193553872,84.79035817251513,73.18002899541763
2013-01-11 00:00:00+00:00,15.8996458322,0.917431192415985,15.739670702509375,1.0355043558856862,89.23206345211776,52.48404027181806
2013-01-14 00:00:00+00:00,15.898923121,-0.004545454707782781,15.819296911754687,0.5154794505889517,89.03705079633886,33.91377135892367
2013-01-15 00:00:00+00:00,15.8129204913,-0.5409336786238228,15.816108701527344,-0.012727114017435537,64.05065393214781,25.91261513437367
2013-01-16 00:00:00+00:00,15.9791440614,1.051188300045225,15.897626381463672,0.5192305930138947,80.17778639517127,63.86730212224746
2013-01-17 00:00:00+00:00,16.3910894307,2.5780189959931255,16.144357906081837,1.54862479450351,92.56940489196577,79.1973927542426
2013-01-18 00:00:00+00:00,15.3576124516,-6.305114638471377,15.750985178840917,-2.3782449219839332,27.6121105595035,16.841067269832593
2013-01-22 00:00:00+00:00,15.2997955576,-0.3764705886557085,15.525390368220458,-1.3773577553198209,26.07658723788834,53.496375417327144
2013-01-23 00:00:00+00:00,15.2564328872,-0.2834199335327692,15.39091162771023,-0.830388844426295,24.541242577441782,53.97399983398223
2013-01-24 00:00:00+00:00,15.1407990993,-0.7579346283299038,15.265855363505114,-0.7941617363780994,19.863198539940736,50.042483694908825
2013-01-25 00:00:00+00:00,15.1480262111,0.047732697281044345,15.206940787302557,-0.3732145195485275,21.27014792115239,57.859977811898226
2013-01-28 00:00:00+00:00,15.2130702167,0.42938931246592205,15.210005502001279,0.02808739645869726,36.355097378687475,62.07675381864876
2013-01-29 00:00:00+00:00,15.3792937868,1.0926365798110238,15.29464964440064,0.5603619881348605,63.30609845978599,69.922316424607
2013-01-30 00:00:00+00:00,15.4443377925,0.42293233097496774,15.36949371845032,0.4916471595549141,70.61083362522213,53.240025640487296
2013-01-31 00:00:00+00:00,15.205843105,-1.5442208704850913,15.28766841172516,-0.5262868554650886,33.706112041271574,25.955522661580673
2013-02-01 00:00:00+00:00,15.4334971249,1.4971482891674937,15.36058276831258,0.48543071685120254,62.08179180780501,66.16659738577268
2013-02-04 00:00:00+00:00,15.2925684459,-0.9131350973761387,15.32657560710629,-0.2138521902624681,44.42489115684215,40.208926716009984
2013-02-05 00:00:00+00:00,15.4684763457,1.1502835538863332,15.397525976403145,0.4682156818119325,63.73588238077542,60.23937357677533
2013-02-06 00:00:00+00:00,15.3308710052,-0.8895856154458981,15.364198490801574,-0.2106849668169828,45.27586197698155,40.24608759343221
2013-02-07 00:00:00+00:00,15.1994009346,-0.8575512151619336,15.281799712700787,-0.5341180909894582,31.99528328218901,40.709634197630926
2013-02-08 00:00:00+00:00,15.338174898,0.9130225855421337,15.309987305350393,0.18945224727633775,53.5624103372277,63.91675749491658
2013-02-11 00:00:00+00:00,15.3600865764,0.1428571426894898,15.335036940875197,0.16615469498291377,56.80676209208058,50.913995502728206
2013-02-12 00:00:00+00:00,15.4769488613,0.7608178789796138,15.405992901087599,0.4634862869812638,72.29281312681559,60.5685410751162
2013-02-13 00:00:00+00:00,15.5207722182,0.28315243070666796,15.463382559643799,0.3733193588439659,76.94282042145731,49.32094422566909
2013-02-14 00:00:00+00:00,15.5061644326,-0.09411764694845504,15.4847734961219,0.13960085594775543,70.9861341245892,40.42683996008711
2013-02-15 00:00:00+00:00,15.4221696653,-0.5416862929907396,15.45347158071095,-0.20104271852149208,42.56472668609778,30.60553216490585
2013-02-19 00:00:00+00:00,15.4002579869,-0.14207909052706968,15.426864783805474,-0.17156090452428088,36.799359317221544,47.641050806632805
2013-02-20 00:00:00+00:00,15.1409697922,-1.6836613706118442,15.283917288002737,-0.9276111375680626,10.80990129387591,19.681947444561963
2013-02-21 00:00:00+00:00,14.7903829373,-2.315484805211143,15.037150112651368,-1.6215479713896028,4.444149091443425,14.463550569597748
2013-02-22 00:00:00+00:00,14.9145491151,0.8395061732097808,14.975849613875685,-0.391020899089911,27.214583467136407,71.35344334377524
2013-02-25 00:00:00+00:00,14.7757751517,-0.9304603332560779,14.875812382787842,-0.6607406161729945,19.446020258939004,45.7486844099193
2013-02-26 00:00:00+00:00,15.0314114,1.7301038062330631,14.95361189139392,0.5346815950300343,54.9665728507301,70.0120943291434
2013-02-27 00:00:00+00:00,15.2870476483,1.700680272113364,15.120329769846961,1.117680933571699,72.89478114534678,69.49648971937921
2013-02-28 00:00:00+00:00,15.2505281843,-0.23889154295964055,15.185428977073482,0.43939469530602926,67.16499885857783,40.213403666972354
2013-03-01 00:00:00+00:00,15.3600865764,0.7183908044102294,15.272757776736741,0.5788927498581293,75.7445349283315,54.42907225141226
2013-03-04 00:00:00+00:00,15.5353800038,1.1412268187949381,15.40406889026837,0.8600597843265337,85.09284061718503,60.63117667575951
2013-03-05 00:00:00+00:00,15.7106734312,1.1283497883999072,15.557371160734185,0.9942047863632204,90.55382189850765,60.256557049274356
2013-03-06 00:00:00+00:00,15.8859668586,1.1157601115422855,15.721669009667092,1.054982448952753,93.90372179808995,59.71546460846767
2013-03-07 00:00:00+00:00,15.9882213579,0.6436781607953801,15.854945183783546,0.8493303048740666,95.34742301140454,39.6759082425746
2013-03-08 00:00:00+00:00,15.7618006809,-1.4161717675251095,15.808372932341772,-0.2834207313255215,53.36897799728776,12.412699427222234
2013-03-11 00:00:00+00:00,15.8421435018,0.5097312326589609,15.825258217070886,0.11315525066671972,62.221786247075975,55.396717078880094
2013-03-12 00:00:00+00:00,15.8056240377,-0.23052097776953273,15.815441127385442,-0.058682863551406506,55.09073919182124,43.179330174647745
2013-03-13 00:00:00+00:00,15.8165798769,0.06931608124973732,15.81601050214272,0.005316608849165405,57.29325875174831,49.89340321382352
2013-03-14 00:00:00+00:00,15.8129279305,-0.02308935577995941,15.81446921632136,-0.008886373465397002,55.921947131714276,47.30918798618801
2013-03-15 00:00:00+00:00,15.6120708783,-1.2702078519727267,15.71327004731068,-0.6395471127190618,18.79960685446526,23.09404562138327
2013-03-18 00:00:00+00:00,15.528076111,-0.5380116959163184,15.62067307915534,-0.5887794043176902,13.272820384667284,46.98946675552554
2013-03-19 00:00:00+00:00,15.4404293973,-0.5644402633878887,15.53055123822767,-0.5766098338527894,9.090044519353633,46.21206144510318
2013-03-20 00:00:00+00:00,15.4696449685,0.18921475852937686,15.500098103363836,-0.19369753766170628,21.464778038738057,68.50234043199764
2013-03-21 00:00:00+00:00,15.3673904692,-0.6610009441601061,15.433744286281918,-0.4273492409109062,12.518576689938936,40.26567640213632
2013-03-22 00:00:00+00:00,15.5792033607,1.3783269965354394,15.506473823490959,0.4754888778122666,61.88191697935979,75.94321122096211
2013-03-25 00:00:00+00:00,15.4477332901,-0.8438818568325845,15.47710355679548,-0.18419648951015896,40.56881098107292,38.42798525132209
2013-03-26 00:00:00+00:00,15.8969226978,2.9078014182693845,15.687013127297739,1.3618024643796127,78.50691464829154,72.64660190688609
2013-03-27 00:00:00+00:00,15.9443980011,0.2986446131902687,15.815705564198868,0.8302235387849407,80.48216580372556,45.98599842277883
2013-03-28 00:00:00+00:00,15.9480499475,0.02290426016553493,15.881877755849434,0.4265638994752378,80.6869620820727,43.457785376548856
2013-04-01 00:00:00+00:00,15.6522422888,-1.854820242435784,15.767060022324717,-0.7141281714802731,35.46878611356457,27.829386531606765
2013-04-02 00:00:00+00:00,15.6705020208,0.11665888927023804,15.718781021562359,-0.2987346411050175,38.65214290104788,53.9248580005255
2013-04-03 00:00:00+00:00,15.374694362,-1.8876718716947627,15.546737691781178,-1.0932032563998901,17.579295489578374,34.75865225810123
2013-04-04 00:00:00+00:00,15.4367774509,0.4038004752370483,15.491757571340589,-0.3447013905814209,29.653233633752823,59.465185603368866
2013-04-05 00:00:00+00:00,15.2943515411,-0.9226401705473619,15.393054556220294,-0.6336707805643914,19.71489124842236,44.750493550560435
2013-04-08 00:00:00+00:00,15.4039099333,0.7163323786927966,15.398482244760146,0.04133079906420262,42.104057841460325,62.12235853141462
2013-04-09 00:00:00+00:00,15.8859668586,3.1294452342771395,15.642224551680073,1.585388016670671,79.6180290669483,77.64551266130863
2013-04-10 00:00:00+00:00,16.2584653919,2.3448275866088997,15.950344971790036,1.9651078016397854,88.36006940077644,64.71107993889665
2013-04-11 00:00:00+00:00,15.9407460547,-1.9541778977386626,15.945545513245019,0.005464951950561403,57.052393151205386,27.31473336306037
2013-04-12 00:00:00+00:00,15.8311876626,-0.6872852231887716,15.888366587922508,-0.3409101356191051,48.21592786672855,42.10442135613758
2013-04-15 00:00:00+00:00,15.6157228247,-1.3610149945289196,15.752044706311255,-0.8509625650740124,33.09474502167173,36.224725049594056
2013-04-16 00:00:00+00:00,16.00648109,2.5023386345070397,15.879262898155627,0.8256880347165136,63.896197858151794,71.02638137617052
2013-04-17 00:00:00+00:00,16.0174369292,0.06844626959789935,15.948349913677813,0.4470671521572065,64.58194563342161,46.86123357656686
2013-04-18 00:00:00+00:00,16.2438576062,1.4135886908799522,16.096103759938906,0.9303279215185793,77.70777166515327,58.55175900780964
2013-04-19 00:00:00+00:00,16.3899354624,0.8992805757189526,16.24301961116945,0.914804248618766,83.59227559721249,51.99176435760326
2013-04-22 00:00:00+00:00,16.711306746,1.9607843138690573,16.477163178584725,1.4377942812439115,91.23099570473116,64.35541048558657
2013-04-23 00:00:00+00:00,17.07284944,2.163461538317679,16.775006309292362,1.8006279097807953,95.08911568684799,66.80387015500577
2013-04-24 00:00:00+00:00,17.2810103851,1.2192513372272895,17.02800834719618,1.5099396235040423,96.44132674085394,45.13730856962506
2013-04-25 00:00:00+00:00,17.0765013864,-1.1834319530085513,17.05225486679809,0.1632538352477455,68.60349296432395,20.168930268621153
2013-04-26 00:00:00+00:00,17.091109172,0.08554319921545428,17.071682019399045,0.12439851723159989,69.54535864629021,44.49354681157545
2013-04-29 00:00:00+00:00,17.3540493131,1.5384615384165246,17.21286566624952,0.8314300278240623,83.17399523796495,63.56178286927179
2013-04-30 00:00:00+00:00,17.4928232765,0.799663299880371,17.35284447137476,0.8155466638522166,87.57564238202808,50.36491056598086
2013-05-01 00:00:00+00:00,17.5220388477,0.16701461358297198,17.437441659537377,0.4912806387175943,88.52369803637254,39.76111171139031
2013-05-02 00:00:00+00:00,17.6096855614,0.5002084201605639,17.52356361046869,0.4957445294390791,91.45713091145402,48.35156615795987
2013-05-03 00:00:00+00:00,17.6644647575,0.31107424325664823,17.594014183984342,0.40340938634786366,93.10854623918195,43.11623267861159
2013-05-06 00:00:00+00:00,17.6276023519,-0.20868113529649568,17.61080826794217,0.09736412552568399,77.90698377231693,29.810828150163783
2013-05-07 00:00:00+00:00,17.8045418987,1.0037641153218368,17.707675083321085,0.5505641204237605,89.84473392985346,66.2518945306817
2013-05-08 00:00:00+00:00,17.8782667099,0.41407867509011265,17.79297089661054,0.48232139775693655,92.4084854025199,48.05160232902571
2013-05-09 00:00:00+00:00,17.9593640022,0.4536082474655867,17.876167449405273,0.4679648226112616,94.64084762984534,49.4480070579569
2013-05-10 00:00:00+00:00,18.0625787379,0.5747126439853645,17.969373093652635,0.521338733298313,96.56769898419739,55.00605490512835
2013-05-13 00:00:00+00:00,17.7529345309,-1.7142857146432156,17.861153812276317,-0.5964734906724513,36.88678709390518,13.360153239171346
2013-05-14 00:00:00+00:00,17.5759949841,-0.9966777407533711,17.71857439818816,-0.7965756157129111,24.113223992103496,36.10803839384013
2013-05-15 00:00:00+00:00,17.8414043043,1.5100671139249844,17.77998935124408,0.3567457491060366,57.34672649764477,73.10654111928724
2013-05-16 00:00:00+00:00,17.6497197953,-1.0743801649839901,17.714854573272042,-0.35881720793897676,38.89416762678772,38.56758630018002
2013-05-17 00:00:00+00:00,17.7234446065,0.41771094416824806,17.719149589886023,0.02944686811463565,48.461626186852016,56.40432019503093
2013-05-20 00:00:00+00:00,17.7529345309,0.16638935068629124,17.73604206039301,0.09791810940046344,52.88752140405054,52.549434359458154
2013-05-21 00:00:00+00:00,17.8045418987,0.29069767429250604,17.770291979546506,0.19430789184648473,61.554133827953336,54.83935760871609
2013-05-22 00:00:00+00:00,17.7455620498,-0.3312629397350886,17.757927014673253,-0.06847752394430193,46.79667385632427,40.2583031643739
2013-05-23 00:00:00+00:00,17.7308170876,-0.08309098443105567,17.744372051136626,-0.0757842541876788,42.9364557079548,48.460299014996785
2013-05-24 00:00:00+00:00,17.6371865774,-0.5280665281098496,17.690779314268312,-0.30192539114876416,24.044483452087565,35.39193994181626
2013-05-28 00:00:00+00:00,17.7529345309,0.6562722064091364,17.721856922584156,0.17717340763018613,58.172030774284025,68.88800828151737
2013-05-29 00:00:00+00:00,17.8930116722,0.7890365452325021,17.807434297392078,0.4831049764313441,76.9622304118296,71.38278277804777
2013-05-30 00:00:00+00:00,17.8487767854,-0.2472187891584987,17.828105541396038,0.11794309363642269,63.45876748198944,36.817735474752745
2013-05-31 00:00:00+00:00,17.9003841533,0.28913672079877717,17.86424484734802,0.20353990721759993,72.04291914560262,54.08072277509307
2013-06-03 00:00:00+00:00,18.6081423406,3.9538714992858104,18.236193593974008,2.078705703251705,95.20673479860008,87.91687754196664
2013-06-04 00:00:00+00:00,18.696612114,0.4754358161103145,18.466402853987006,1.2770707596810098,95.85125468836948,42.90502914517119
2013-06-05 00:00:00+00:00,18.2100283602,-2.6025236595438983,18.338215607093503,-0.6627264499314443,45.44167117744205,25.545470549561372
2013-06-06 00:00:00+00:00,18.1731659546,-0.20242914986647875,18.255690780846752,-0.4325777998989615,42.87908686420107,49.46226441822596
2013-06-07 00:00:00+00:00,18.1289310679,-0.243407707883736,18.192310924373377,-0.33799275389134875,38.92765402179481,49.058668116177635
2013-06-10 00:00:00+00:00,18.4385752748,1.708011386552588,18.315443099586687,0.6850093163306197,68.96108357239191,67.81674433180889
2013-06-11 00:00:00+00:00,18.2174008413,-1.1995201917920362,18.266421970443346,-0.25725543773070825,45.164279517069616,37.20127295773324
2013-06-12 00:00:00+00:00,18.0330888134,-1.011736139011421,18.149755391921673,-0.6344957883710647,31.55373841142219,39.83269262643579
2013-06-13 00:00:00+00:00,18.4238303126,2.166802943429458,18.286792852260838,0.7661535775291965,65.04835637261502,70.84771103207072
2013-06-14 00:00:00+00:00,18.3722229448,-0.28011204469629014,18.32950789853042,0.2430207664164532,59.29939986240754,44.41187077503628
2013-06-17 00:00:00+00:00,18.5049276049,0.7223113963874539,18.41721775171521,0.48266608140195355,69.64665181135355,54.780408689039206
2013-06-18 00:00:00+00:00,18.7740231657,1.4541832669950239,18.595620458707607,0.9684246741984888,82.88291917147012,62.45070805334722
2013-06-19 00:00:00+00:00,18.4312027937,-1.8260357355174284,18.513411626203805,-0.4288055306594698,45.20926621779326,29.177567030824505
2013-06-20 00:00:00+00:00,17.8303455827,-3.259999999595131,18.171878604451905,-1.8444027651273005,20.596458470630576,21.62313470415739
2013-06-21 00:00:00+00:00,17.8377180638,0.04134794284162968,18.00479833412595,-0.9015274111428354,21.384188231728444,58.62101408618947
2013-06-24 00:00:00+00:00,17.384310475,-2.541847489562865,17.694554404562975,-1.7216874503528503,11.165662374751882,37.721533069105845
2013-06-25 00:00:00+00:00,17.6054849086,1.2722646314794472,17.650019656581488,-0.22471140943670154,34.179696715066065,65.19987166511908
2013-06-26 00:00:00+00:00,17.6976409225,0.5234505858738414,17.673830289540746,0.14936958821856994,43.351965104181936,57.70234825567615
2013-06-27 00:00:00+00:00,17.7308170876,0.18746094603954155,17.702323688570374,0.16841526712905575,47.31644066175249,53.55727044116057
2013-06-28 00:00:00+00:00,17.8635217477,0.7484407483556277,17.782922718135186,0.4584280077423417,62.89644736158265,60.63870404007085
2013-07-01 00:00:00+00:00,17.6099083972,-1.4197276107251966,17.696415557667592,-0.48064980149142744,34.03940962523907,32.18655820780632
2013-07-02 00:00:00+00:00,17.4875252107,-0.6949677632591245,17.591970384183796,-0.587808782375276,25.553228240067217,45.102114429688996
2013-07-03 00:00:00+00:00,17.5184896314,0.17706576732228196,17.5552300077919,-0.20537150752649702,31.98820509603751,59.145397138930036
2013-07-05 00:00:00+00:00,17.7381895687,1.2541031899588662,17.64670978824595,0.5243658412161846,64.5760772503752,72.2816041163314
2013-07-08 00:00:00+00:00,17.0930974709,-3.6367414797409903,17.369903629572974,-1.5561878192624028,20.761664858212942,22.657763813866488
2013-07-09 00:00:00+00:00,17.0562350653,-0.21565667464749083,17.213069347436488,-0.8859222469549468,19.6205987685945,55.04230957573635
2013-07-10 00:00:00+00:00,17.1410185982,0.4970823430575644,17.177043972818243,-0.19441995194869122,32.432301277570666,60.24439421437704
2013-07-11 00:00:00+00:00,17.6865822009,3.182795698951568,17.431813086859123,1.4941878735014384,73.38244303003054,75.96431403120457
2013-07-12 00:00:00+00:00,17.6202298708,-0.37515631537122784,17.526021478829563,0.5595157790651053,66.07666540632346,42.53919748647183
2013-07-15 00:00:00+00:00,17.6497197953,0.16736401690691238,17.587870637064782,0.36343989798600884,68.18807720301004,47.793280230955816
2013-07-16 00:00:00+00:00,17.8782667099,1.2949039262416973,17.733068673482393,0.829171912113853,81.54276983319444,59.37401857306927
2013-07-17 00:00:00+00:00,17.8045418987,-0.41237113416132676,17.768805286091194,0.20840038897626312,67.77554088895941,39.4822143223952
2013-07-18 00:00:00+00:00,17.1365951095,-3.7515527947886596,17.452700197795597,-1.771576202906198,20.572578342881666,19.911435395786835
2013-07-19 00:00:00+00:00,16.9861964947,-0.8776458441071777,17.2194483462478,-1.324611023506688,16.65487993953742,51.163339523574905
2013-07-22 00:00:00+00:00,16.7871395045,-1.1718750001632694,17.0032939253739,-1.2482430118349788,12.085694817179755,48.2707030376527
2013-07-23 00:00:00+00:00,16.7723945423,-0.08783487023533709,16.88784423383695,-0.6680389410351579,11.728186938724166,60.58581661241487
2013-07-24 00:00:00+00:00,16.9050992024,0.7912087911199572,16.896471718118477,0.06158492504239965,36.91917190845492,69.43625462066426
2013-07-25 00:00:00+00:00,17.0009414569,0.5669428694414114,16.94870658750924,0.3142638972419055,51.81584940296595,63.94160664516588
2013-07-26 00:00:00+00:00,17.1483910793,0.8673026889352453,17.04854883340462,0.5907832930885755,68.81217446396111,68.88763321626493
2013-07-29 00:00:00+00:00,17.1336461171,-0.08598452258182787,17.09109747525231,0.2523993852533738,65.3542468858708,41.6739270383942
2013-07-30 00:00:00+00:00,17.2368608527,0.6024096382905242,17.16397916397616,0.427404511771949,77.32077419938398,59.15279897150216
2013-07-31 00:00:00+00:00,17.2036846877,-0.19247219829360285,17.183831925838078,0.11746615673917307,66.28268368280827,38.94071054003617
2013-08-01 00:00:00+00:00,17.1041561926,-0.5785301050719616,17.14399405921904,-0.23053197416639426,40.35703895192957,31.179260900353555
2013-08-02 00:00:00+00:00,17.1189011548,0.08620689634708523,17.13144760700952,-0.07216253890965452,45.12660429322537,54.5673842297214
2013-08-05 00:00:00+00:00,17.0665565389,-0.3057708869667941,17.09900207295476,-0.1889667129382243,31.649293596192706,41.95577181043085
2013-08-06 00:00:00+00:00,16.9742404941,-0.5409178154338501,17.03662128352738,-0.3649422641860372,17.68045222302555,34.732380440506
2013-08-07 00:00:00+00:00,16.8997920709,-0.4385964911117979,16.96820667721369,-0.4017693776489175,11.526414339888225,41.325854556013354
2013-08-08 00:00:00+00:00,16.7136710128,-1.1013215862015535,16.840938845006846,-0.7515454819252355,5.0000428516904805,20.85620656268148
2013-08-09 00:00:00+00:00,16.7583400668,0.2672605794728833,16.799639455903424,-0.24214245122617611,21.08560663838627,68.77124849834581
2013-08-12 00:00:00+00:00,16.8551230169,0.5775211012201353,16.827381236401713,0.1676893249969796,49.097204023816495,74.10281133369483
2013-08-13 00:00:00+00:00,16.7657849091,-0.5300353353127396,16.796583072750856,-0.18117300515787998,32.91832232353555,38.71261276438503
2013-08-14 00:00:00+00:00,16.8030091207,0.22202486672602273,16.79979609672543,0.020425930784071372,44.37463000639429,58.76892163033466
2013-08-15 00:00:00+00:00,16.4009876353,-2.392556490996245,16.600391866012714,-1.1860652801060867,11.78089653299348,21.71353820540482
2013-08-16 00:00:00+00:00,16.3153719486,-0.5220154334835914,16.45788190730636,-0.854040356794839,9.541999612062867,53.307628971403005
2013-08-19 00:00:00+00:00,16.5871086933,1.6655258951869367,16.522495300303177,0.40574276919604885,52.509951522112516,72.66166480801617
2013-08-20 00:00:00+00:00,16.7680183618,1.0906642733526928,16.64525683105159,0.7482035212743708,67.78924429202652,62.456872819073205
2013-08-21 00:00:00+00:00,16.5052154278,-1.5672867737233864,16.575236129425797,-0.4095416262245078,39.85098321957893,31.639222016860707
2013-08-22 00:00:00+00:00,16.5722190087,0.4059539918948474,16.573727569062896,-0.0017938171648302081,48.04057050307327,55.88117454183175
2013-08-23 00:00:00+00:00,16.7062261705,0.8086253369548713,16.63997686978145,0.40341575989502054,63.10917676054746,60.201255424301635
2013-08-26 00:00:00+00:00,16.5833862722,-0.7352941175722383,16.611681570990726,-0.16593917883860887,45.11795028859742,38.51249395673062
2013-08-27 00:00:00+00:00,16.5208495967,-0.37710437707667577,16.566265583845365,-0.2715217779576423,37.051832670939554,45.36262377198878
2013-08-28 00:00:00+00:00,16.5908311145,0.42359515102647904,16.57854834917268,0.07603668653441836,51.581774723675174,60.22204925605
2013-08-29 00:00:00+00:00,16.4233221623,-1.0096477448534813,16.50093525573634,-0.46680552915953144,28.205935141506874,34.80600881307658
2013-08-30 00:00:00+00:00,16.3637634237,-0.3626473256228113,16.432349339718172,-0.4147264273911714,22.7156506702992,49.29606453481702
2013-09-03 00:00:00+00:00,16.4285335519,0.39581437669888864,16.430441445809087,-0.009456025346141372,41.34116591212145,63.54399801347899
2013-09-04 00:00:00+00:00,16.8514005958,2.573979245098812,16.640921020804544,1.2822616098763353,82.5427217783275,83.50767315934071
2013-09-05 00:00:00+00:00,16.8253436477,-0.1546277886628422,16.73313233425227,0.5638169106067465,77.51058788928691,41.15717530595024
2013-09-06 00:00:00+00:00,16.8774575439,0.3097345129537743,16.805294939076134,0.4367757117802604,80.98777189606899,47.901858953425624
2013-09-09 00:00:00+00:00,17.0561337596,1.0586678428030183,16.930714349338068,0.7477217772916394,89.40916816922909,59.212202340163365
2013-09-10 00:00:00+00:00,17.111970077,0.32736796150281133,17.021342213169035,0.5375448693972253,91.23007681406452,44.92654601781604
2013-09-11 00:00:00+00:00,16.9816853364,-0.7613661081321776,17.00151377478452,-0.11191061936747615,56.95600760311345,29.196326940883257
2013-09-12 00:00:00+00:00,16.8476781746,-0.7891275756521043,16.92459597469226,-0.45051909750979025,36.05647386702126,28.81049837683104
2013-09-13 00:00:00+00:00,17.4507104027,3.5793194875312295,17.18765318869613,1.5644001950107196,81.60881022153765,82.71760437840317
2013-09-16 00:00:00+00:00,17.4134861911,-0.21331058014831816,17.300569689898065,0.6755448074312007,76.55887439691897,41.64760186448791
2013-09-17 00:00:00+00:00,17.6740556724,1.4963659685398367,17.487312681149035,1.0859553879855186,85.79099899275877,56.3142609790542
2013-09-18 00:00:00+00:00,17.7931731495,0.673967986227475,17.640242915324517,0.8799616871064968,88.81237235337905,47.6691724982144
2013-09-19 00:00:00+00:00,17.804340413,0.06276150637196665,17.722291664162256,0.4713615967392317,89.1371943245377,40.703268142953455
2013-09-20 00:00:00+00:00,17.6956457151,-0.610495504908648,17.708968689631128,-0.06956695408470814,62.60087636905588,32.78692258488543
2013-09-23 00:00:00+00:00,17.5847175645,-0.6268669275252381,17.646843127065566,-0.3482169408049731,43.00312045255343,32.55596996377861
2013-09-24 00:00:00+00:00,17.6479987242,0.3598645213827689,17.647420925632783,0.005823790288897901,55.04573418667906,58.79604062130146
2013-09-25 00:00:00+00:00,17.6442763031,-0.021092596153104992,17.645848614366393,-0.007634402932103546,54.03830682832825,47.984433820891816
2013-09-26 00:00:00+00:00,17.4283758757,-1.2236286923372863,17.537112245033196,-0.615631547634695,20.84615835718614,25.650883209658996
2013-09-27 00:00:00+00:00,17.1082476559,-1.8368218707421002,17.3226799504666,-1.2262267091883976,8.810194857370607,18.916605091129505
2013-09-30 00:00:00+00:00,17.0643230862,-0.2567449956503931,17.1935015183333,-0.7414858524193954,7.8744645869982275,59.75519386111324
2013-10-01 00:00:00+00:00,16.9965750211,-0.3970158368297061,17.09503826971665,-0.5692508446245508,6.321200301167167,55.99939293720005
2013-10-02 00:00:00+00:00,17.0375216538,0.24091108149240092,17.066279961758326,-0.16416988156607493,20.53229543089264,69.20379825259646
2013-10-03 00:00:00+00:00,16.8253436477,-1.2453572204421892,16.94581180472916,-0.7047635510041321,9.422268224174962,33.778318073877344
2013-10-04 00:00:00+00:00,16.9816853364,0.9292035394556475,16.963748570564583,0.11221999422575768,43.320122807647415,68.81401915882081
2013-10-07 00:00:00+00:00,16.9965750211,0.08768084206625115,16.98016179583229,0.09995041814600442,46.196609551370734,52.645865678825324
2013-10-08 00:00:00+00:00,16.7360055398,-1.533070521422819,16.858083667816146,-0.7165600516384073,19.808341233342894,31.35970639630515
2013-10-09 00:00:00+00:00,16.8178988053,0.48932384316704436,16.837991236558075,-0.11361810423568147,36.82153220762893,60.928508715636454
2013-10-10 00:00:00+00:00,17.1975857638,2.2576361226549047,17.017788500179037,1.0720090092096115,74.47801591220184,75.03399431261542
2013-10-11 00:00:00+00:00,17.3129808197,0.6709956704673115,17.16538465993952,0.8715023398384615,79.9311476862522,50.49764302051322
2013-10-14 00:00:00+00:00,17.458155245,0.8385293486538714,17.31176995246976,0.8550158442461664,85.69784552516282,52.935243842874435
2013-10-15 00:00:00+00:00,17.4134861911,-0.25586353926365657,17.36262807178488,0.2995761524912549,75.66329739090875,35.70669331168882
2013-10-16 00:00:00+00:00,17.6405538819,1.3039760580282556,17.50159097684244,0.8017761052597552,87.14267562754863,62.08736076050764
2013-10-17 00:00:00+00:00,17.8080628342,0.9495674196028148,17.65482690552122,0.875671762431285,91.55208288711717,54.4701771946512
2013-10-18 00:00:00+00:00,17.7745610437,-0.1881270905876531,17.71469397461061,0.34377233592181594,83.01147116814418,34.24181790897866
2013-10-21 00:00:00+00:00,17.9681269441,1.0890052357642066,17.841410459355306,0.7163887858430112,90.6062181676175,59.54143112300411
2013-10-22 00:00:00+00:00,17.9204799532,-0.26517505719005907,17.88094520627765,0.2256068643264761,77.76922789800247,36.93816330708339
2013-10-23 00:00:00+00:00,17.6703332512,-1.3958705495236146,17.775639228738825,-0.5851318425985692,36.75778257406249,25.035044655508965
2013-10-24 00:00:00+00:00,17.7038350416,0.18959342715128003,17.739737135169413,-0.1977692077236446,42.81589225201977,55.318905661035835
2013-10-25 00:00:00+00:00,18.0425753673,1.9133725822909842,17.891156251234705,0.8578016872836698,76.68664861411223,73.06459741580099
2013-10-28 00:00:00+00:00,18.1356358963,0.5157829583944062,18.013396073767353,0.686792322839038,81.26063012139323,49.26768581441016
2013-10-29 00:00:00+00:00,18.2569868262,0.6691297211406821,18.135191449983676,0.6779610219898601,86.45763444678163,51.84879832130028
2013-10-30 00:00:00+00:00,18.2361412677,-0.11417852627293446,18.185666358841836,0.2818912478584628,80.69146524198712,37.305944284214924
2013-10-31 00:00:00+00:00,18.2175291619,-0.10206164520651928,18.201597760370916,0.08991480132597177,74.07495951494529,37.711330900340904
2013-11-01 00:00:00+00:00,18.1095789482,-0.5925623213809184,18.155588354285456,-0.2513237600274733,43.23325888068519,27.07922495997422
2013-11-04 00:00:00+00:00,18.0574650519,-0.28776978442770496,18.106526703092726,-0.26954677222758916,33.218008988172244,42.25408461683776
2013-11-05 00:00:00+00:00,18.0574650519,0.0,18.08199587749636,-0.13477338611379458,33.218008988172244,55.39882070473736
2013-11-06 00:00:00+00:00,18.2190278895,0.8947149399743726,18.150511883498183,0.379970776930289,74.47073214948013,78.3657568834974
2013-11-07 00:00:00+00:00,18.0792572486,-0.7671684886137786,18.114884566049092,-0.1935988558417448,41.33583114675153,32.18690780695974
2013-11-08 00:00:00+00:00,18.1025523554,0.12884991058912387,18.108718460724546,-0.03237447262631046,47.20811732678377,54.073827840684004
2013-11-11 00:00:00+00:00,18.161917305,0.32793690323060787,18.135317882862275,0.14778121530214872,61.81807036292011,58.53426744196017
2013-11-12 00:00:00+00:00,18.3580470753,1.079895734609515,18.246682479081137,0.6138384749558319,83.8994682778055,73.25222424766821
2013-11-13 00:00:00+00:00,18.4857944352,0.6958657387466705,18.366238457140568,0.6548521068512512,89.71229063152558,57.59243352516927
2013-11-14 00:00:00+00:00,18.3242315976,-0.8739837401434913,18.345235027370286,-0.10956581664612008,53.24485235066188,24.922740368901295
2013-11-15 00:00:00+00:00,18.4256780305,0.5536190282231734,18.385456528935144,0.22202660578852668,66.18952668961654,57.673977589030514
2013-11-18 00:00:00+00:00,18.4857944352,0.3262642742399402,18.43562548206757,0.27414544001423347,72.86693618165476,52.231011231710895
2013-11-19 00:00:00+00:00,18.560939941,0.40650406485593926,18.498282711533786,0.34032475243508636,80.19923309094526,54.504043253878656
2013-11-20 00:00:00+00:00,18.4557362329,-0.566801619068924,18.477009472216892,-0.11323843331691882,51.16401388511752,29.21238658983151
2013-11-21 00:00:00+00:00,18.9592111219,2.7280130288299453,18.718110297058445,1.3073872977565133,86.43037761427249,78.90872457250629
2013-11-22 00:00:00+00:00,17.9372322426,-5.39040824393533,18.327671269829224,-2.0415104730894083,27.020037739878568,21.950976273161892
2013-11-25 00:00:00+00:00,17.8470576356,-0.5027230833631102,18.08736445271461,-1.2721167782262592,24.766837551957682,52.750667578998865
2013-11-26 00:00:00+00:00,17.7719121298,-0.42105263138784155,17.929638291257305,-0.8465847048070504,22.428905322226953,53.21342473150943
2013-11-27 00:00:00+00:00,17.9597758944,1.0570824525121703,17.94470709282865,0.10524887385255993,42.70931229406678,63.04049451833166
2013-11-29 00:00:00+00:00,17.9146885909,-0.25104602510134244,17.929697841864325,-0.07289857562439125,39.03532967101025,49.29567267221863
2013-12-02 00:00:00+00:00,17.8094848827,-0.5872483223260616,17.869591362282165,-0.33007344897522645,30.002241226825785,45.47342597180468
2013-12-03 00:00:00+00:00,17.6967666239,-0.6329113926787144,17.783178993091084,-0.4814924208269704,21.869025053937133,44.76626790661785
2013-12-04 00:00:00+00:00,17.839543085,0.8067940552890285,17.811361039045543,0.16265081723102903,48.430619123051486,68.1734205255964
2013-12-05 00:00:00+00:00,18.2302997154,2.1903959565453324,18.020830377222772,1.1765233868881806,78.47360802886045,80.24303139720467
2013-12-06 00:00:00+00:00,18.651114548,2.3083264629188527,18.335972462611387,1.7424249249035166,88.91010308188316,81.15665552942546
2013-12-09 00:00:00+00:00,18.7337746044,0.4431909749268437,18.534873533505696,1.0928079499151802,90.29627703495008,38.70056319534915
2013-12-10 00:00:00+00:00,18.651114548,-0.4412354591935119,18.59299404075285,0.3257862453608341,76.03951717997677,28.205373003533353
2013-12-11 00:00:00+00:00,18.3505325247,-1.6116035453346722,18.471763282726425,-0.642908649986919,40.85486183605445,18.335407867427026
2013-12-12 00:00:00+00:00,18.3881052776,0.20475020465715588,18.429934280163213,-0.21907922266488156,45.57658991763463,54.99621561530647
2013-12-13 00:00:00+00:00,18.2528433671,-0.7355946056322393,18.341388823631604,-0.47733691414856044,31.84729502325044,40.779771640241286
2013-12-16 00:00:00+00:00,18.3730761764,0.6587072867601407,18.357232500015805,0.09068518630579012,51.376718007748025,62.3983148240595
2013-12-17 00:00:00+00:00,18.5271244634,0.8384458079908841,18.442178481707902,0.4645654971483371,68.6447211574505,64.87754483418995
2013-12-18 00:00:00+00:00,18.8990947173,2.0077063477109913,18.67063659950395,1.2361359224296642,86.28554743359447,78.62798055204537
2013-12-19 00:00:00+00:00,18.8915801667,-0.03976143149926337,18.781108383101973,0.5981872454652004,84.83914023170037,38.76506083587064
2013-12-20 00:00:00+00:00,18.8277064867,-0.3381066032400515,18.804407434900988,0.13004032111257446,69.89959548813884,34.897962210959165
2013-12-23 00:00:00+00:00,19.0268420772,1.057673119350322,18.915624756050494,0.5938567202314482,83.49298664922004,61.70598599611957
2013-12-24 00:00:00+00:00,19.1095021336,0.43443917842282964,19.012563444825247,0.5141479493271389,87.11583288427771,48.36646980795486
2013-12-26 00:00:00+00:00,19.3123949994,1.0617381048523278,19.162479222112623,0.7879430270897334,92.87403879483165,61.07192915007246
2013-12-27 00:00:00+00:00,19.2372494935,-0.3891050587062628,19.199864357806312,0.19941898419173532,74.40104200099444,32.946295215055656
2013-12-30 00:00:00+00:00,19.4251132581,0.9765625000781819,19.31248880795316,0.5879907421349586,85.33758114694957,59.367403868384116
2013-12-31 00:00:00+00:00,19.5040160392,0.406189554993186,19.408252423576577,0.4970901485640723,88.44707739553134,47.613903404896625
2014-01-02 00:00:00+00:00,19.3800259546,-0.6357156615888648,19.39413918908829,-0.06931275651239627,58.96922952090887,30.868509065482364
2014-01-03 00:00:00+00:00,19.372511404,-0.03877471896891471,19.383325296544143,-0.05404373774065549,57.23509799727369,46.91351768837502
2014-01-06 00:00:00+00:00,19.1320457854,-1.2412723037569129,19.25768554097207,-0.6476580207487842,23.733689313237736,27.5749875562826
2014-01-07 00:00:00+00:00,19.2259776677,0.49096622156152847,19.241831604336035,-0.07834589959362787,43.210571263542,61.694438554933164
2014-01-08 00:00:00+00:00,19.1095021336,-0.6058237251345688,19.175666868968015,-0.3420848123640984,29.29517159603529,42.62357509741614
2014-01-09 00:00:00+00:00,19.0193275266,-0.47188360204029056,19.09749719778401,-0.40698420720219447,21.321421253063022,45.69836695783608
2014-01-10 00:00:00+00:00,19.1846476394,0.8692216513374929,19.141072418592003,0.2311187220676492,55.00257425922535,69.91382366440716
2014-01-13 00:00:00+00:00,19.1621039877,-0.11750881289944726,19.151588203146,0.05680495458410097,50.57415330719263,46.85409262183788
2014-01-14 00:00:00+00:00,19.9210735966,3.9607843135971654,19.536330899873,2.0087946340906333,90.2434325753432,82.54566414925353
2014-01-15 00:00:00+00:00,20.041306406,0.6035458320907017,19.7888186529365,1.3061702330906675,91.80614279306778,45.12516098675791
2014-01-16 00:00:00+00:00,19.9436172484,-0.48743907019331845,19.86621795066825,0.4093655814486745,76.81190002467605,36.95830019996454
2014-01-17 00:00:00+00:00,19.4251132581,-2.599849284319744,19.645665604384128,-1.0952418514355347,33.39185191624966,24.224808334967598
2014-01-21 00:00:00+00:00,19.229734943,-1.0058027075776854,19.437700273692066,-1.05052227950661,25.30635233780841,45.48494275717268
2014-01-22 00:00:00+00:00,19.0193275266,-1.0941774133844229,19.228513900146034,-1.0723498464455163,18.190971036519002,44.44787251169817
2014-01-23 00:00:00+00:00,18.8840656161,-0.7111813512377219,19.056289758123015,-0.8917655988416191,14.310888538394988,51.618791563323285
2014-01-24 00:00:00+00:00,18.6435999974,-1.2733784323169628,18.84994487776151,-1.082572015579291,9.122232006654356,40.19456117921327
2014-01-27 00:00:00+00:00,18.5759690422,-0.36275695257047547,18.712956959980755,-0.7226644840748833,7.912024754593258,61.107828052141635
2014-01-28 00:00:00+00:00,18.7112309527,0.7281553397979756,18.712093956340375,0.0027454278615461902,34.128635781681524,76.11607784528232
2014-01-29 00:00:00+00:00,18.5459108399,-0.8835341363585991,18.629002398120186,-0.44039435424852647,22.424526952154533,41.029244849013246
2014-01-30 00:00:00+00:00,18.5909981434,0.24311183143941317,18.610000270760093,-0.09864126140455665,31.968887259330685,60.24498285858747
2014-01-31 00:00:00+00:00,18.4407071317,-0.8084074375175665,18.525353701230046,-0.45352434946106157,19.79294090781808,41.37177981631583
2014-02-03 00:00:00+00:00,17.9973486473,-2.4042379786936574,18.261351174265023,-1.4288811640773595,7.370729095766358,24.149429971071807
2014-02-04 00:00:00+00:00,17.8996594897,-0.5427974948668757,18.08050533198251,-0.9858393294721176,6.104478239965795,56.1139563878554
2014-02-05 00:00:00+00:00,17.8433003603,-0.3148614610933298,17.961902846141257,-0.6503503952827236,5.314395864161919,59.266871537986866
2014-02-06 00:00:00+00:00,18.19986291,1.998299319633312,18.08088287807063,0.6739744621752942,57.506728229865786,80.54424541249364
2014-02-07 00:00:00+00:00,18.3629713104,0.8962067528012874,18.221927094235312,0.7850906074882908,69.16820246234298,58.6495666535408
2014-02-10 00:00:00+00:00,18.4274560269,0.35116711456975036,18.324691560567658,0.5681288610290206,73.48358943468159,48.80739448299213
2014-02-11 00:00:00+00:00,18.564011897,0.741045697792786,18.44435172878383,0.6545872794109033,81.64441335904914,56.6186640133786
2014-02-12 00:00:00+00:00,18.6247033948,0.32693093570903553,18.534527561791915,0.49075910755996943,84.76938125902413,45.54610047015531
2014-02-13 00:00:00+00:00,18.7384999532,0.6109979632307638,18.63651375749596,0.5508785353953667,89.70081100521551,54.66799183582356
2014-02-14 00:00:00+00:00,18.780225358,0.2226720650223335,18.70836955774798,0.3867753002088501,91.2576575529881,40.69082394801384
2014-02-18 00:00:00+00:00,18.7840185766,0.020197939735511206,18.746194067173988,0.20348661997218065,91.4342239551052,33.91005442922103
2014-02-19 00:00:00+00:00,18.5867712087,-1.0500807752911845,18.666482637936994,-0.4232970776595019,35.50372075973402,14.608223259111277
2014-02-20 00:00:00+00:00,18.7688457021,0.9795918363420419,18.717664170018494,0.27814737934127,65.0799923758553,67.39729484603747
2014-02-21 00:00:00+00:00,18.5260797108,-1.293451899776843,18.62187194040925,-0.5076522602177864,33.94627847211116,33.062412099441225
2014-02-24 00:00:00+00:00,18.6853948926,0.8599508600145134,18.653633416504626,0.17614929989836348,55.09349686103511,61.17171382411172
2014-02-25 00:00:00+00:00,18.6778084554,-0.040600893069731026,18.665720935952315,0.06777420341431623,53.861786274847226,48.41742245408744
2014-02-26 00:00:00+00:00,18.8143643255,0.7311129163042773,18.74004263072616,0.3994435598592968,71.22892293217836,59.31992676292995
2014-02-27 00:00:00+00:00,18.7840185766,-0.16129032251634978,18.762030603663078,0.11907661867147351,63.28805555137979,43.406220846915375
2014-02-28 00:00:00+00:00,18.7840185766,0.0,18.77302459013154,0.059538309335736755,63.28805555137979,47.24318483845745
2014-03-03 00:00:00+00:00,18.5867712087,-1.0500807752911845,18.67989789941577,-0.49527123297772385,24.05978428714474,28.423763513397432
2014-03-04 00:00:00+00:00,18.6702220182,0.44897959179128755,18.675059958807886,-0.023145820593218153,45.498418626349924,61.373016206709
2014-03-05 00:00:00+00:00,18.5867712087,-0.4469727752495434,18.630915583753943,-0.23505929792138075,31.963166572415172,43.44379213572774
2014-03-06 00:00:00+00:00,18.6853948926,0.5306122445507766,18.658155238176974,0.14777647331469793,55.45478828328011,61.73797039859853
2014-03-07 00:00:00+00:00,18.6929813298,0.04060089306969772,18.675568283988486,0.09418868319219782,57.16146559837625,49.660263045916906
2014-03-10 00:00:00+00:00,18.8447100744,0.811688311901948,18.76013917919424,0.45293849754707294,80.06954938566955,65.56235684803976
2014-03-11 00:00:00+00:00,18.7612592649,-0.4428341384427159,18.760699222047123,0.005052179552178515,55.55862868798942,37.02163164875986
2014-03-12 00:00:00+00:00,18.7840185766,0.1213101497007596,18.772358899323564,0.06318116462646906,60.504670777389514,51.31688412787956
2014-03-13 00:00:00+00:00,18.6398762693,-0.7673667203436652,18.706117584311784,-0.35209277785859805,29.409894798465714,33.401897055460545
2014-03-14 00:00:00+00:00,18.5867712087,-0.2849002849201532,18.646444396505892,-0.3184965313893756,22.904717146251002,48.14427176595113
2014-03-17 00:00:00+00:00,18.7384999532,0.8163265302850498,18.692472174852945,0.24891499944783707,60.42250430067578,70.5011629707046
2014-03-18 00:00:00+00:00,18.8295372,0.4858299598546667,18.76100468742647,0.36737247965125186,72.47697380229171,59.041905459195775
2014-03-19 00:00:00+00:00,18.9812659445,0.805801772440784,18.871135315963237,0.5865871260460179,84.37476523570271,66.86361011016923
2014-03-20 00:00:00+00:00,19.2885166522,1.618705035788337,19.079825984081616,1.1026460809171774,93.24479421129278,80.82103389299807
2014-03-21 00:00:00+00:00,19.0950625029,-1.002949852434265,19.087444243490808,0.04984811424145619,60.70087490496144,26.606499733741646
2014-03-24 00:00:00+00:00,19.0571303168,-0.1986491853286143,19.072287280145403,-0.07440053554357906,55.049905925744454,43.91843501523984
2014-03-25 00:00:00+00:00,19.3150691825,1.3535031844359668,19.1936782313227,0.6395513244461939,76.94361544593163,66.67371258183331
2014-03-26 00:00:00+00:00,19.2522534823,-0.32521602488959633,19.22296585681135,0.15716764977829878,65.32144572062364,40.20704966512105
2014-03-27 00:00:00+00:00,19.2012726241,-0.2648046279198901,19.212119240455674,-0.05381848907079567,55.17552835744676,41.461400302149855
2014-03-28 00:00:00+00:00,19.4364521782,1.2248123273080447,19.32428570932784,0.5854969191186246,78.39554501858032,67.03755921174285
2014-03-31 00:00:00+00:00,19.5836290604,0.7572209210334968,19.45395738486392,0.6713589200760607,85.46398971593676,55.599615536259975
2014-04-01 00:00:00+00:00,19.7171503556,0.681800573265523,19.585553870231962,0.6765797466707919,89.9420662897676,53.395435025380785
2014-04-02 00:00:00+00:00,19.6412859834,-0.38476337012084416,19.61341992681598,0.14590818827497387,71.23798055467938,29.00444113293588
2014-04-03 00:00:00+00:00,20.0357807192,2.008497489081984,19.824600323007992,1.0772028386784789,89.0307751602374,72.02163588550377
2014-04-04 00:00:00+00:00,19.8461197885,-0.9466111321444592,19.835360055753995,0.06529585326700982,61.565230148923696,33.93661926958591
2014-04-07 00:00:00+00:00,20.0926789984,1.242354740007512,19.964019527077,0.6538252966372609,76.00174458124597,58.3866939172116
2014-04-08 00:00:00+00:00,20.4151025806,1.6046818954589037,20.1895610538385,1.1292535960480823,86.18228892776362,61.88876952926139
2014-04-09 00:00:00+00:00,20.4682076412,0.2601263471017967,20.32888434751925,0.6946899715749395,87.49310348058127,42.14566848771279
2014-04-10 00:00:00+00:00,20.0471603751,-2.057079317743893,20.188022361309624,-0.6811946730844767,41.11105272133907,23.097683562989832
2014-04-11 00:00:00+00:00,19.8612167986,-0.9275307476013017,20.024619579954813,-0.8043627103428892,30.426256667341654,42.19899115515143
2014-04-14 00:00:00+00:00,20.1495772776,1.4518772033157878,20.087098428777406,0.3237572464864493,56.640514877693654,67.61550765241427
2014-04-15 00:00:00+00:00,20.3088924594,0.7906626506607006,20.197995444088704,0.557209948573575,66.95795224320078,57.14182380351013
2014-04-16 00:00:00+00:00,20.4302754551,0.5976839748531804,20.314135449594353,0.5774469617133777,74.0224061290319,53.51296289234364
2014-04-17 00:00:00+00:00,20.5137262646,0.408466394314666,20.413930857097178,0.4929566780140219,78.71532126516797,48.94167593925319
2014-04-21 00:00:00+00:00,20.4454483295,-0.33284023691895204,20.42968959329859,0.08005822054753492,64.43045820312136,32.584252202369335
2014-04-22 00:00:00+00:00,20.36199752,-0.4081632652661926,20.395843556649297,-0.16405252235932885,48.34565665432383,31.00487038584778
2014-04-23 00:00:00+00:00,20.293719585,-0.3353204170314483,20.34478157082465,-0.2496864696953886,37.00724290201602,35.53737024429131
2014-04-24 00:00:00+00:00,20.293719585,0.0,20.319250577912328,-0.1248432348476943,37.00724290201602,55.65345612764899
2014-04-25 00:00:00+00:00,19.9219841608,-1.8317757010635316,20.120617369356165,-0.9783094679556129,9.555264642205277,15.645963589367375
2014-04-28 00:00:00+00:00,19.9750892214,0.2665651180693729,20.047853295378083,-0.35587217494312,21.960243792326875,62.26141048405739
2014-04-29 00:00:00+00:00,20.0888857798,0.5696923660199804,20.068369537589042,0.1069100955384302,45.83793907712273,66.29721382044477
2014-04-30 00:00:00+00:00,20.2482009616,0.7930513595741484,20.15828524959452,0.4499807275562893,67.02529360753921,69.8597619128168
2014-05-01 00:00:00+00:00,20.0661264681,-0.8992131885953603,20.11220585884726,-0.22461623051953547,40.120446956825,31.73570327125775
2014-05-02 00:00:00+00:00,20.0357807192,-0.15122873339923348,20.073993289023633,-0.1879224819593845,36.461421732737485,49.87259392439623
2014-05-05 00:00:00+00:00,20.0244010634,-0.05679666771905012,20.049197176211816,-0.1223595748392173,34.68220495002419,52.27387798487124
2014-05-06 00:00:00+00:00,20.0473560512,0.11463507810955953,20.04827661370591,-0.003862248364828888,43.08563115605884,57.78116340458369
2014-05-07 00:00:00+00:00,20.1774343157,0.648854962059775,20.112855464702953,0.3224963568474731,72.8145896460236,72.57427678854597
2014-05-08 00:00:00+00:00,20.1544793278,-0.1137656430487799,20.133667396251475,0.10436535689934659,63.96964168812421,41.463984002238675
2014-05-09 00:00:00+00:00,20.1238726774,-0.15186028823767073,20.12877003682574,-0.02374746566916207,51.46621390503746,40.17362930732955
2014-05-12 00:00:00+00:00,20.1774343157,0.266159695793311,20.15310217626287,0.12120611506207446,67.92383149400847,60.43823344754919
2014-05-13 00:00:00+00:00,20.2386476166,0.3033750473040664,20.195874896431434,0.21229058118307043,79.7154149486849,62.15031359930048
2014-05-14 00:00:00+00:00,20.1468276652,-0.4536862004785869,20.171351280815717,-0.12069780964775823,43.62883258578942,26.78279945594775
2014-05-15 00:00:00+00:00,19.9019744615,-1.2153437144992285,20.03666287115786,-0.6680207620734934,15.522018285258984,14.408816770959707
2014-05-16 00:00:00+00:00,19.7565928718,-0.7304882738204621,19.896627871478927,-0.6992545179469778,9.86299296565706,40.60957121042644
2014-05-19 00:00:00+00:00,19.9249294494,0.8520526727069377,19.910778660439462,0.07639907737997997,44.81020654390236,76.23160017889128
2014-05-20 00:00:00+00:00,19.9249294494,0.0,19.91785405491973,0.03819953868998999,44.81020654390236,51.3551294457878
2014-05-21 00:00:00+00:00,20.0473560512,0.6144393239178481,19.982605053059864,0.32631943130391905,66.23316954137151,64.04628830483931
2014-05-22 00:00:00+00:00,20.0090977381,-0.19083969478215224,19.995851395579933,0.0677398682608834,56.037002411124384,42.333782659859914
2014-05-23 00:00:00+00:00,20.1154558485,0.5315487574308886,20.05565362203997,0.299644312845886,73.22503995185093,60.39884604472872
2014-05-27 00:00:00+00:00,20.4375908446,1.6014302560487081,20.246622233319982,0.950537284447297,90.35561710602423,76.64948916171356
2014-05-28 00:00:00+00:00,20.567669109,0.6364657429002829,20.40714567115999,0.79350151367379,93.04922545783825,49.28674001132395
2014-05-29 00:00:00+00:00,20.6288824099,0.2976190475235452,20.518014040529998,0.5455602805986676,94.19388859109206,41.486009149552416
2014-05-30 00:00:00+00:00,20.9043422641,1.3353115730001974,20.711178152315,0.9404359267994324,97.25037255230286,66.11903180570808
2014-06-02 00:00:00+00:00,20.8584322884,-0.21961932654940286,20.784805220357498,0.3604083001250148,85.94011037787824,33.973069204760584
2014-06-03 00:00:00+00:00,21.164498793,1.4673514306739799,20.97465200667875,0.9138798653994973,93.49983341797312,63.13821046579726
2014-06-04 00:00:00+00:00,21.1185888173,-0.2169197397444811,21.046620411989373,0.3484800628275081,83.40915816012924,38.00042039269039
2014-06-05 00:00:00+00:00,21.164498793,0.21739130439619725,21.105559602494687,0.2829356836118527,85.72072661964263,46.274099079870844
2014-06-06 00:00:00+00:00,21.5547335864,1.8438177875918838,21.330146594447342,1.0633767356018682,94.8569693858289,69.2926223773702
2014-06-09 00:00:00+00:00,21.3557903584,-0.9229676961793887,21.34296847642367,0.07020451971123975,63.69324623290685,33.10262719436099
2014-06-10 00:00:00+00:00,21.6082952247,1.1823719097368013,21.475631850561836,0.6262882147240205,77.66395064314682,58.08771202767795
2014-06-11 00:00:00+00:00,21.3710936836,-1.097733711213178,21.423362767080917,-0.23572274824457873,50.3587717428969,36.1527411768426
2014-06-12 00:00:00+00:00,21.3940486714,0.10741138539678285,21.40870571924046,-0.06415568142389794,52.7692393870277,50.86343654306023
2014-06-13 00:00:00+00:00,21.3940486714,0.0,21.40137719532023,-0.03207784071194897,52.76923938702771,49.343507878168154
2014-06-16 00:00:00+00:00,22.9626395075,7.331902718333638,22.182008351410115,3.6499124388108446,94.42096500273708,87.52202924392978
2014-06-17 00:00:00+00:00,22.9167295318,-0.19993335559269632,22.54936894160506,1.7249895416090741,90.90156938529077,40.49433490778598
2014-06-18 00:00:00+00:00,22.9014262066,-0.06677796314158435,22.72539757410253,0.8291057892337449,89.2384565782151,41.330321240447496
2014-06-19 00:00:00+00:00,23.0238528084,0.5345806881001947,22.874625191251265,0.6818432386669697,91.17580111128201,46.42877520945733
2014-06-20 00:00:00+00:00,23.1080210972,0.36556995695045114,22.991323144225632,0.5237065978087104,92.55750455119087,44.78796591367198
2014-06-23 00:00:00+00:00,23.130976085,0.09933774815005236,23.061149614612816,0.3115221729793814,93.00554115586958,41.336217102068936
2014-06-24 00:00:00+00:00,23.3375709756,0.8931524975029914,23.19936029510641,0.6023373352411864,96.141407742028,56.37372337534735
2014-06-25 00:00:00+00:00,23.628334155,1.2459016394808398,23.413847225053203,0.924119487361013,98.01766325482109,62.74001456025198
2014-06-26 00:00:00+00:00,23.5518175289,-0.3238341966812386,23.482832376976603,0.3001426453398872,82.23356203088933,31.782059972336334
2014-06-27 00:00:00+00:00,23.6665924681,0.48732943459315337,23.5747124225383,0.3937360399665203,86.95873531979589,50.655138116572026
2014-06-30 00:00:00+00:00,23.6436374802,-0.09699321070805178,23.60917495136915,0.14837141462923426,80.5331414473233,38.99737930771387
2014-07-01 00:00:00+00:00,23.7048507812,0.25889967671541836,23.657012866284575,0.2036355456723263,84.97428803386902,49.595295585619446
2014-07-02 00:00:00+00:00,23.7048507812,0.0,23.680931823742288,0.10181777283616315,84.974288033869,41.69169473577293
2014-07-03 00:00:00+00:00,23.827277383,0.5164622335319224,23.754104603371143,0.3091400031840428,92.5858441939395,60.518495597982565
2014-07-07 00:00:00+00:00,23.7431090942,-0.3532434169757459,23.74860684878557,-0.022051706895851564,60.815753697543165,33.33271592250326
2014-07-08 00:00:00+00:00,23.5594691915,-0.7734450529263692,23.654038020142785,-0.3977483799111104,28.6460025062605,25.146148377863955
2014-07-09 00:00:00+00:00,23.6359858176,0.32478077276718587,23.645011918871393,-0.036483803571962264,46.37483900558583,61.86461152839039
2014-07-10 00:00:00+00:00,23.9190973344,1.1977986405339092,23.7820546266357,0.5806574184809734,77.45866721879588,75.93853425682734
2014-07-11 00:00:00+00:00,23.9114456718,-0.03198976321315827,23.846750149217847,0.27433382763390757,75.68023268142406,42.666793921536936
2014-07-14 00:00:00+00:00,24.0950855745,0.7679999997514786,23.970917861858922,0.5211669136926931,86.68542551599712,59.8372559201206
2014-07-15 00:00:00+00:00,24.2634221521,0.6986344874331918,24.11717000697946,0.6099007005629424,91.79235240824032,57.593877696114426
2014-07-16 00:00:00+00:00,26.5130109609,9.271523178791586,25.31509048393973,4.940711939677264,99.05535632577345,94.66612067229218
2014-07-17 00:00:00+00:00,25.7861030124,-2.7417027419933793,25.550596748169866,1.0995045988419425,69.32237085225233,33.361680106090645
2014-07-18 00:00:00+00:00,25.7861030124,0.0,25.668349880284936,0.5497522994209713,69.32237085225233,45.45405958966209
2014-07-21 00:00:00+00:00,26.0615628666,1.0682492583991232,25.864956373442467,0.8090007789100473,75.57378353190886,50.68424307175195
2014-07-22 00:00:00+00:00,26.6202107541,2.143570170213982,26.242583563771234,1.4762854745620146,84.9212354875399,56.92122626940744
2014-07-23 00:00:00+00:00,26.3982360216,-0.8338579080025221,26.320409792685616,0.32121378327974626,69.14940421865639,37.31876569802496
2014-07-24 00:00:00+00:00,26.2069444563,-0.7246376808794253,26.26367712449281,-0.2017119487998395,55.76221570398294,38.48443250782873
2014-07-25 00:00:00+00:00,26.2069444563,0.0,26.235310790396404,-0.10085597439991975,55.762215703982946,48.09138101565585
2014-07-28 00:00:00+00:00,26.191641131,-0.05839416085121618,26.213475960698204,-0.07962506762556797,53.88446882107423,47.20036491493281
2014-07-29 00:00:00+00:00,26.1610344806,-0.11685655834591246,26.187255220649103,-0.09824081298574022,48.940386696290474,45.922622123177376
2014-07-30 00:00:00+00:00,26.2834610824,0.46797309139585686,26.23535815152455,0.18486613920505832,67.0693676164221,61.54366426503388
2014-07-31 00:00:00+00:00,25.9314846021,-1.3391557496805095,26.083421376812275,-0.5771448052377256,26.497319894898958,26.313176659405354
2014-08-01 00:00:00+00:00,25.8205354942,-0.4278548243667246,25.95197843550614,-0.502499814802225,20.60404567588933,48.579036356913385
2014-08-04 00:00:00+00:00,26.053911204,0.9038376057398878,26.00294481975307,0.20066889546883138,53.34432029736061,69.06717763605371
2014-08-05 00:00:00+00:00,25.2849191112,-2.951541850199968,25.643931965476533,-1.3754364773655683,17.558015565530372,25.296722500467528
2014-08-06 00:00:00+00:00,25.3041794091,0.0761730651195558,25.474055687288267,-0.6496317061230062,19.584761949553606,57.22765176621839
2014-08-07 00:00:00+00:00,25.1770614428,-0.5023595677411619,25.325558565044133,-0.575995636932084,15.751218988989205,50.98180598084216
2014-08-08 00:00:00+00:00,25.1154284894,-0.2447980418208262,25.220493527222068,-0.4103968393764551,13.788348715278902,54.311730774334734
2014-08-11 00:00:00+00:00,25.4390014945,1.288343558369176,25.329747510861033,0.43897335949636046,56.488630613989116,71.56132823774563
2014-08-12 00:00:00+00:00,25.5237468054,0.3331314356749493,25.426747158130517,0.3860523975856549,63.57602734398514,52.89694428690291
2014-08-13 00:00:00+00:00,26.2710463647,2.92785994547593,25.848896761415258,1.6569561715307926,88.4534709918259,77.16458436274382
2014-08-14 00:00:00+00:00,26.147780458,-0.4692082111568574,25.99833860970763,0.5938739801869676,75.66665330353669,38.356552217580784
2014-08-15 00:00:00+00:00,26.3249751989,0.6776664703324276,26.161656904303815,0.6357702252596975,81.4491005298316,50.86945673301572
2014-08-18 00:00:00+00:00,26.509874059,0.7023705006480974,26.335765481651908,0.6690703629538974,86.4784429356566,51.189587044046206
2014-08-19 00:00:00+00:00,26.4559452248,-0.20342923576316396,26.395855353225954,0.23282056359536674,77.30878495551387,37.68458613783736
2014-08-20 00:00:00+00:00,26.5792111315,0.46592894584787103,26.48753324236298,0.3493747547216189,83.35866374264809,51.784521406985526
2014-08-21 00:00:00+00:00,27.0799788774,1.8840579708045535,26.78375605988149,1.1167163627630863,93.65972210920562,71.95254994638003
2014-08-22 00:00:00+00:00,26.9181923749,-0.597439544663092,26.850974217390743,0.25963840904999713,72.04710408020895,34.2972702132109
2014-08-25 00:00:00+00:00,26.8180388257,-0.37206639957513277,26.83450652154537,-0.05621399526256782,59.3334731271036,38.669808200137346
2014-08-26 00:00:00+00:00,26.8103347065,-0.028727377307757873,26.822420614022686,-0.042470686285162845,58.14948632122033,46.76552669956238
2014-08-27 00:00:00+00:00,26.8026305874,-0.02873563192828943,26.812525600711343,-0.03560315910672614,56.459529531873564,46.76530407655529
2014-08-28 00:00:00+00:00,26.694772919,-0.4024144870716784,26.75364925985567,-0.21900882308920225,35.06132480154017,35.341279020640116
2014-08-29 00:00:00+00:00,26.9027841366,0.7792207794056649,26.828216698227834,0.28010597815823135,69.0236461767309,70.0474005341743
2014-09-02 00:00:00+00:00,26.6331399657,-1.0022909507464761,26.730678331963915,-0.3610924862941224,34.222195408176496,31.64011844562096
2014-09-03 00:00:00+00:00,26.6331399657,0.0,26.681909148831956,-0.1805462431470612,34.222195408176496,53.26521935529128
2014-09-04 00:00:00+00:00,26.8912279578,0.9690483076061795,26.78656855331598,0.39425103222955915,68.4643286649711,67.96299531397088
2014-09-05 00:00:00+00:00,26.9644170899,0.2721673112691336,26.875492821607992,0.3332091717493464,74.1815139636883,50.747174483352744
2014-09-08 00:00:00+00:00,27.2186530225,0.942857142998399,27.047072922053996,0.6380331573738727,86.72318915628931,63.93549644421986
2014-09-09 00:00:00+00:00,26.8950800174,-1.1887913954908846,26.971076469727,-0.275379119058506,44.99569271891953,28.084173869282793
2014-09-10 00:00:00+00:00,26.9798253282,0.3150959608418047,26.9754508989635,0.019858420891649353,53.74003318713911,54.86668676058925
2014-09-11 00:00:00+00:00,26.9798253282,0.0,26.97763811358175,0.009929210445824677,53.74003318713912,49.11779066042166
2014-09-12 00:00:00+00:00,26.6716605615,-1.1422044544443288,26.824649337540876,-0.5661376219992521,23.358030281804734,31.290626709246638
2014-09-15 00:00:00+00:00,26.6100276081,-0.23108030059802998,26.717338472820437,-0.39860896129864104,19.970863583106777,52.09482001367925
2014-09-16 00:00:00+00:00,26.9104882557,1.1291256515214565,26.813913364260216,0.36525834511140776,61.15828621944041,71.4516510659294
2014-09-17 00:00:00+00:00,26.9490088516,0.14314342992955975,26.881461107930107,0.25420088752048375,64.65632666927395,49.64172058163732
2014-09-18 00:00:00+00:00,27.0953871158,0.5431675242902667,26.988424111865054,0.39868420590537523,76.64518320692638,57.53077074443498
2014-09-19 00:00:00+00:00,26.8257429449,-0.995166334946973,26.90708352838253,-0.2982410645207989,39.563189427734095,30.220989486739477
2014-09-22 00:00:00+00:00,26.740997634,-0.31591039649514485,26.824040581191262,-0.3070757305079719,32.215387099385765,46.91217154330335
2014-09-23 00:00:00+00:00,26.5175781781,-0.8354940939672817,26.670809379645632,-0.5712849122376268,18.573825262737838,36.809512714182766
2014-09-24 00:00:00+00:00,26.7718141107,0.9587449158911632,26.721311745172816,0.1937300018267682,52.735676129856095,70.12963974297428
2014-09-25 00:00:00+00:00,26.3018628414,-1.7553956835228979,26.511587293286407,-0.7808328408480648,24.377639351162706,31.92848216814646
2014-09-26 00:00:00+00:00,26.3943122714,0.3514938487721331,26.452949782343204,-0.21466949603796587,34.73387947294578,58.347500122017536
2014-09-29 00:00:00+00:00,26.8873758982,1.8680677175069382,26.6701628402716,0.8266991107344862,68.85525939679428,70.64758556991968
2014-09-30 00:00:00+00:00,26.8257429449,-0.2292263608518419,26.7479528925858,0.29873637494132216,62.708238868287154,43.810617393504714
2014-10-01 00:00:00+00:00,26.1863010539,-2.383687535936707,26.467126973242898,-1.0424755804976924,26.24506169925706,27.634874759725697
2014-10-02 00:00:00+00:00,25.824207453,-1.3827596351034588,26.14566721312145,-1.2126176078005755,17.568126178091326,42.4440389227259
2014-10-03 00:00:00+00:00,26.2171175306,1.5214797136179126,26.181392371860724,0.15443105290866854,46.40752329174693,69.55807633280668
2014-10-06 00:00:00+00:00,26.2787504839,0.2350866880314495,26.23007142788036,0.19475887047005902,50.483676213556166,52.976678568325674
2014-10-07 00:00:00+00:00,25.7856868571,-1.876282615119329,26.007879142490182,-0.8407618723246351,26.393938030335555,33.384002326869904
2014-10-08 00:00:00+00:00,26.4020163906,2.3902001793304706,26.20494776654509,0.7747191535029178,61.15180954884585,68.59219286007266
2014-10-09 00:00:00+00:00,25.9012486446,-1.8967026555528177,26.053098205572546,-0.56099175102495,38.81393350018928,38.179288328960226
2014-10-10 00:00:00+00:00,24.5838442668,-5.0862581795826145,25.318471236186273,-2.8236249653037824,15.897751108512766,25.540792958243262
2014-10-13 00:00:00+00:00,24.2448630234,-1.3788780945776957,24.781667129793135,-2.101251529940739,12.947337476195228,52.78904053199767
2014-10-14 00:00:00+00:00,24.7610390077,2.1290117572609457,24.771353068746567,0.013880113660103444,38.86310083059349,68.92760724460787
2014-10-15 00:00:00+00:00,24.0946326996,-2.691350342337262,24.432992884173284,-1.3387351143385793,24.651191538339194,40.43606357163236
2014-10-16 00:00:00+00:00,23.767207635,-1.3589128694434849,24.10010025958664,-1.348823991891032,19.417839346008247,49.15098979628283
2014-10-17 00:00:00+00:00,24.1755259509,1.7179902753855947,24.137813105243318,0.1845831417472813,42.32260612269525,66.25369467618341
2014-10-20 00:00:00+00:00,24.3296083343,0.6373486298206776,24.233710719771658,0.41096588578397947,50.316280487601084,56.28118113198857
2014-10-21 00:00:00+00:00,25.1231326086,3.2615579478165513,24.678421664185827,1.8362619168002654,76.00550304286295,71.76298012168733
2014-10-22 00:00:00+00:00,24.8611925569,-1.0426249615477223,24.769807110542914,0.39681847762627154,60.513087895418124,38.35054827808588
2014-10-23 00:00:00+00:00,25.184765562,1.3015184382624945,24.977286336271455,0.849168457944383,71.33832265929183,55.338064268633865
2014-10-24 00:00:00+00:00,25.5622674012,1.4989293359537692,25.269776868735725,1.174048896949076,80.63083429703204,56.84036416908337
2014-10-27 00:00:00+00:00,25.5776756396,0.060277275713316314,25.42372625416786,0.6171630863311962,81.00782563906156,41.55905229500009
2014-10-28 00:00:00+00:00,25.9936980747,1.6265060240888474,25.70871216443393,1.1218345552100217,89.37958752480031,59.38865993421251
2014-10-29 00:00:00+00:00,26.1323722197,0.5334914047300243,25.920542192066964,0.827662979970023,91.2975992645208,45.013081726024424
2014-10-30 00:00:00+00:00,25.1000202511,-3.9504716981711985,25.510281221583483,-1.5614043591005877,30.264429719783134,18.080959224287135
2014-10-31 00:00:00+00:00,26.2017092922,4.389195825655645,25.85599525689174,1.4138957332775286,66.31313457901143,69.30957859786928
2014-11-03 00:00:00+00:00,26.4328328673,0.8820935020785292,26.14441406209587,1.147994617678029,71.02632858183522,49.70301487105638
2014-11-04 00:00:00+00:00,26.6100276081,0.6703584957751918,26.377220835097937,0.9091765567266104,75.04203318042715,48.461531658742565
2014-11-05 00:00:00+00:00,26.1824489943,-1.606832657587498,26.279834914698966,-0.34882805043044385,49.972520632957874,34.54247846006894
2014-11-06 00:00:00+00:00,26.2289817828,0.17772511849494244,26.254408348749482,-0.0855514659677507,52.55968049780555,51.064380228800715
2014-11-07 00:00:00+00:00,26.0428506288,-0.7096392667520823,26.14862948877474,-0.39759536635991655,40.11305476455065,42.97400054655004
2014-11-10 00:00:00+00:00,25.7946757568,-0.9529481835047315,25.97165262278737,-0.675271774932324,27.220781560433576,40.345016072682625
2014-11-11 00:00:00+00:00,25.8334530806,0.15033072780445966,25.902552851693684,-0.2624705235639322,32.319036864131235,57.873836616473845
2014-11-12 00:00:00+00:00,25.8877413338,0.2101471027919688,25.895147092746843,-0.026161710385981696,40.99856404380474,58.85700498439591
2014-11-13 00:00:00+00:00,26.1204052763,0.8987417615928806,26.007776184523422,0.4362900256034494,67.660016506719,70.67509748838607
2014-11-14 00:00:00+00:00,26.3298028245,0.8016627076992355,26.16878950451171,0.6189763666513425,79.91349458776804,66.62784417039947
2014-11-17 00:00:00+00:00,26.5547113023,0.8541973492893762,26.361750403405857,0.7365868579703594,87.52734115700386,68.11021565277093
2014-11-18 00:00:00+00:00,26.9192181455,1.3726635513014562,26.64048427445293,1.054625204635908,93.50886254120671,80.76106619668
2014-11-19 00:00:00+00:00,26.6400214145,-1.0371650821763279,26.640252844476464,0.008730061229790032,60.28955395713551,21.44576811571984
2014-11-20 00:00:00+00:00,27.8808957744,4.657933042143125,27.260574309438233,2.3333315516864577,88.21072547454975,78.20105992138487
2014-11-21 00:00:00+00:00,27.6016990434,-1.0013908206505828,27.431136676419115,0.6659703655179374,71.29276181867397,37.652061583738615
2014-11-24 00:00:00+00:00,28.1135597169,1.8544534982979366,27.772348196659557,1.260211931907937,81.20544812336037,55.22557939837025
2014-11-25 00:00:00+00:00,28.1678479702,0.19310344846641403,27.97009808342978,0.7266576901871755,82.18415307726274,44.32391918901524
2014-11-26 00:00:00+00:00,28.6176649256,1.5969162993064945,28.29388150451489,1.161786994746835,89.18418747752844,55.466350617218346
2014-11-28 00:00:00+00:00,28.8891061919,0.9485094853325382,28.591493848207445,1.0551482400396865,92.02168837331351,48.712091662340235
2014-12-01 00:00:00+00:00,28.8270624739,-0.2147651006848994,28.709278161053724,0.4201915696773936,84.42761836473034,36.689130102953186
2014-12-02 00:00:00+00:00,29.1605474581,1.1568469194595865,28.934912809576865,0.7885192445684901,90.64921798733612,55.92794397420421
2014-12-03 00:00:00+00:00,29.0287045574,-0.45212765943246636,28.98180868348843,0.16819579256801187,73.28569143442643,36.442294529337026
2014-12-04 00:00:00+00:00,29.0519709516,0.08014961244307006,29.016889817544218,0.12417270250554097,74.57483488701779,45.81095550111088
2014-12-05 00:00:00+00:00,29.2148357113,0.5605979710338049,29.11586276442211,0.342385336769673,83.12520762103374,54.82651978211872
2014-12-08 00:00:00+00:00,28.8503288681,-1.2476771966203892,28.983095816261056,-0.4526459299253581,39.04438578443113,28.27172996095902
2014-12-09 00:00:00+00:00,28.6099094609,-0.833333333214914,28.796502638580527,-0.642989631570136,25.60870550644979,38.50833796100202
2014-12-10 00:00:00+00:00,28.2454026177,-1.2740580102085008,28.520952628140265,-0.9585238208893184,14.366094164792477,31.366238784423
2014-12-11 00:00:00+00:00,28.4625556306,0.7688083467570106,28.491754129370133,-0.09485773706615391,38.49515155717549,70.02290873200913
2014-12-12 00:00:00+00:00,28.094171055,-1.2942779291538753,28.292962592185066,-0.6945678331100146,22.419957466610217,37.78468364887294
2014-12-15 00:00:00+00:00,27.8576293802,-0.8419599721839921,28.075295986192533,-0.7682639026470033,15.989070274490587,45.965879040687724
2014-12-16 00:00:00+00:00,27.5784326492,-1.0022271715569575,27.826864317696266,-0.8852455371019804,10.603931156374244,42.96320492881755
2014-12-17 00:00:00+00:00,28.1058042522,1.912260967503876,27.966334284948132,0.5135077152009477,54.25603566596662,79.49712569182624
2014-12-18 00:00:00+00:00,28.7107305026,2.1523178805767484,28.338532393774067,1.3329127978888482,75.14135621138973,81.00069055596464
2014-12-19 00:00:00+00:00,28.2066252939,-1.7558076714709436,28.27257884383703,-0.21144743679104772,47.8390270940017,29.023930956832654
2014-12-22 00:00:00+00:00,28.8580843329,2.309595820882837,28.565331588368515,1.0490741920458948,69.39507605616818,64.5343096925736
2014-12-23 00:00:00+00:00,29.0287045574,0.5912389143082564,28.797018072884256,0.8201565531770756,73.66983570249513,48.993251121728534
2014-12-24 00:00:00+00:00,29.0364600221,0.026716537366189286,28.91673904749213,0.42343654527163244,73.9182211683433,43.79589600194981
2014-12-26 00:00:00+00:00,29.1217701344,0.2938034189948313,29.019254590946062,0.3586199821332319,77.43112645769932,47.73097273400009
2014-12-29 00:00:00+00:00,28.8348179386,-0.9853528630838104,28.92703626477303,-0.3133664404752893,46.10195655009953,31.757635861741317
2014-12-30 00:00:00+00:00,28.5090884191,-1.129639591252496,28.718062341936516,-0.7215030158638926,27.29662257112793,30.05579991344273
2014-12-31 00:00:00+00:00,28.1445815759,-1.2785636560578184,28.431321958918257,-1.0000333359608555,16.202642673218513,27.753230035758644
2015-01-02 00:00:00+00:00,28.1988698292,0.19289060366236566,28.315095894059127,-0.40357136614924494,23.177838780456433,66.16746596923628
2015-01-05 00:00:00+00:00,27.8808957744,-1.1276127615254206,28.097995834229565,-0.7655920638373328,13.387435694709136,38.564880663161446
2015-01-06 00:00:00+00:00,27.3612796362,-1.8636995826981528,27.72963773521478,-1.314645823267743,6.577286705979979,28.591830430046695
2015-01-07 00:00:00+00:00,27.9351840277,2.0975056690722305,27.832410881457392,0.39142992290224377,49.303017641429435,76.87181527547446
2015-01-08 00:00:00+00:00,28.4548001659,1.8600777345327613,28.143605523678694,1.1257538287175026,68.72707274328229,72.46673672997473
2015-01-09 00:00:00+00:00,28.5090884191,0.1907876804035924,28.32634697138935,0.6582707545605475,70.49847330871731,45.16932889760255
2015-01-12 00:00:00+00:00,28.3850009831,-0.4352557127602408,28.355673977244674,0.11150752090015337,59.03378889824126,37.271263748092686
2015-01-13 00:00:00+00:00,28.3074463357,-0.2732240433818367,28.331560156472335,-0.08085826124084167,51.22418939616393,41.25881695968412
2015-01-14 00:00:00+00:00,28.1911143644,-0.41095890431235294,28.261337260436168,-0.2459085827765973,39.47448175408822,38.16535692896374
2015-01-15 00:00:00+00:00,28.0670269284,-0.44016506192710025,28.164182094418084,-0.3430368223518488,28.87661899481199,37.276394420524085
2015-01-16 00:00:00+00:00,28.2686690119,0.7184305057118978,28.21642555315904,0.1876968416800245,57.0096865927141,73.71180196956196
2015-01-20 00:00:00+00:00,27.9894722809,-0.9876543210522892,28.102948917029522,-0.39997873968613235,31.297638297798574,32.286169163479684
2015-01-21 00:00:00+00:00,28.2919354062,1.0806317541985244,28.19744216161476,0.34032650725619606,60.353981875965694,66.5107754659444
2015-01-22 00:00:00+00:00,28.6254203904,1.1787280700736869,28.411431276007377,0.7595272886649415,76.67143620304779,67.67318029636095
2015-01-23 00:00:00+00:00,28.2647912795,-1.2598211868390274,28.33811127775369,-0.250146949087043,45.97659497250803,29.496701750136722
2015-01-26 00:00:00+00:00,27.7684415356,-1.7560707913664708,28.053276406676844,-1.003108870226757,25.171776262841583,25.16348879082306
2015-01-27 00:00:00+00:00,26.5120562461,-4.524507750603424,27.282666326388423,-2.76380831041509,9.260731144657136,11.287555561139445
2015-01-28 00:00:00+00:00,26.1940821914,-1.1993564427760006,26.73837425889421,-1.9815823765955454,7.468552214835003,55.49871641313408
2015-01-29 00:00:00+00:00,26.531444908,1.2879348630537857,26.634909583447104,-0.34682375677087984,29.256613805564967,71.45858641463953
2015-01-30 00:00:00+00:00,25.6240555323,-3.4200526162312173,26.12948255787355,-1.8834381865010486,15.003501168959412,35.40611695159901
2015-02-02 00:00:00+00:00,26.097138882,1.8462469732929643,26.113310719936777,-0.018595606604042136,38.452773784293385,65.01876542184633
2015-02-03 00:00:00+00:00,26.1359162058,0.14858841030558345,26.12461346286839,0.06499640185077066,40.47198238775065,53.22088486303204
2015-02-04 00:00:00+00:00,26.2444927123,0.41543026708934505,26.184553087584195,0.24021333447005785,47.68107791659527,55.1400778859037
2015-02-05 00:00:00+00:00,26.5100619838,1.0119047619294719,26.347307535692096,0.6260590481997649,63.77600267924454,60.564826226092705
2015-02-06 00:00:00+00:00,26.006261454,-1.9004124928408972,26.176784494846046,-0.6371767223205662,34.00677133819555,32.11890942744772
2015-02-09 00:00:00+00:00,25.7211650302,-1.0962606997713897,25.948974762523022,-0.866718711045978,24.35633940470376,43.17346412249455
2015-02-10 00:00:00+00:00,26.3226013216,2.338293349830134,26.135788042061513,0.735787319392078,60.14534035261209,72.1890663979728
2015-02-11 00:00:00+00:00,26.2054384077,-0.4451038575881805,26.170613224880757,0.14534173090194874,52.84013026173486,44.542111702217724
2015-02-12 00:00:00+00:00,26.6545629109,1.7138599103460717,26.41258806789038,0.9296008206240102,72.2326174105521,61.63655333806378
2015-02-13 00:00:00+00:00,26.8381181427,0.6886446887671038,26.62535310529519,0.8091227546955571,77.82313835938406,50.54000682268309
2015-02-17 00:00:00+00:00,27.1310254274,1.0913853316487865,26.878189266347597,0.9502540431721718,85.03501495259574,55.283704297447706
2015-02-18 00:00:00+00:00,26.7639149639,-1.3531020583145814,26.8210521151238,-0.20142400757120482,52.77178547000504,29.512885837808113
2015-02-19 00:00:00+00:00,26.7209552288,-0.16051364368009358,26.7710036719619,-0.1809688256256492,49.47669874270051,47.44215754941964
2015-02-20 00:00:00+00:00,26.8771724473,0.5846243787408723,26.824088059630952,0.20182777655761153,62.31245528986762,57.55958197966176
2015-02-23 00:00:00+00:00,26.3694664871,-1.888985759925077,26.596777273365475,-0.8435789916837327,27.8364045647458,29.388760991208336
2015-02-24 00:00:00+00:00,26.8771724473,1.9253554502074444,26.736974860332737,0.5408882292618558,60.5645216092166,66.88088896044955
2015-02-25 00:00:00+00:00,26.5139674142,-1.351351351456942,26.625471137266366,-0.4052315610975431,40.73840263280001,39.71105496472912
2015-02-26 00:00:00+00:00,26.2835470169,-0.8690528795648911,26.45450907708318,-0.6371422203312171,31.062081147333558,44.67341609285114
2015-02-27 00:00:00+00:00,25.9711125799,-1.1887072806387455,26.21281082849159,-0.9129247504849813,20.94404715477116,41.29434502916209
2015-03-02 00:00:00+00:00,26.6037923149,2.4360902254517036,26.408301571695795,0.7615827374833611,60.261862514721905,74.32618914576393
2015-03-03 00:00:00+00:00,26.6311303281,0.10275983542649136,26.519715949897897,0.43217128645492625,61.50282304479808,48.16067808498995
2015-03-04 00:00:00+00:00,26.6506574805,0.07332453470589861,26.58518671519895,0.25274791058041246,62.749199666934665,47.84197960236679
2015-03-05 00:00:00+00:00,26.3460339043,-1.143024619272115,26.465610309749476,-0.44513835434585125,35.701769486902165,33.926288199907454
2015-03-06 00:00:00+00:00,25.9242474143,-1.6009487102768727,26.19492886202474,-1.023043532311362,18.837623733240502,29.139878424919853
2015-03-09 00:00:00+00:00,25.5571369508,-1.4160891833546518,25.87603290641237,-1.219566357833007,11.651938937972682,34.717036984119
2015-03-10 00:00:00+00:00,24.7604291363,-3.117359413277554,25.318231021356183,-2.1684628855552806,5.19768814717959,16.638805004475536
2015-03-11 00:00:00+00:00,25.2525133747,1.9873817036498043,25.285372198028092,-0.09054059095273814,37.349419908568684,75.06929552458693
2015-03-12 00:00:00+00:00,24.0574516529,-4.732446644290511,24.671411925464046,-2.4114936176216246,16.707734656805833,31.48815752566496
2015-03-13 00:00:00+00:00,24.158992845,0.4220779223212512,24.41520238523202,-0.9947078476501867,22.188583122328364,58.92505157781117
2015-03-16 00:00:00+00:00,24.0808842357,-0.3233107017379888,24.24804331046601,-0.6590092746940878,20.622776375335878,54.21551382253739
2015-03-17 00:00:00+00:00,23.8934235735,-0.7784625363635445,24.070733441983005,-0.718735905528816,16.445001703277608,50.51736965624285
2015-03-18 00:00:00+00:00,24.1277494013,0.9807126512413555,24.0992414216415,0.13098837285626974,39.44581971761002,64.54031369491605
2015-03-19 00:00:00+00:00,24.0105864874,-0.4855940434033479,24.05491395452075,-0.17730283527353907,32.69555474364407,47.65520814019208
2015-03-20 00:00:00+00:00,24.4558055602,1.8542615484783642,24.255359757360374,0.8384793566024126,65.9291629052082,67.81202243280029
2015-03-23 00:00:00+00:00,24.36988609,-0.35132545517055913,24.312622923680188,0.24357695071592672,57.684017240672134,43.90630772360149
2015-03-24 00:00:00+00:00,24.049640792,-1.3141025641946302,24.181131857840093,-0.5352628067393518,33.94769294215328,35.67218142050887
2015-03-25 00:00:00+00:00,23.3466633086,-2.923026956950825,23.763897583220047,-1.7291448818450883,14.415756190070695,24.265112674290084
2015-03-26 00:00:00+00:00,23.4950696662,0.6356641017105424,23.629483624710023,-0.5467403900672729,27.60566974344952,63.25223720871352
2015-03-27 00:00:00+00:00,24.9947549641,6.382978723648769,24.31211929440501,2.9181191667907482,78.29955781876178,83.64637189265095
2015-03-30 00:00:00+00:00,24.5729684741,-1.6874999999232254,24.44254388425251,0.6153095834337614,60.443536247738415,38.56518308232545
2015-03-31 00:00:00+00:00,24.4245621165,-0.6039415130346337,24.433553000376254,0.005684035199563842,53.9501778615239,44.58045829175026
2015-04-01 00:00:00+00:00,24.0652625139,-1.471058522507862,24.249407757138126,-0.7326872436541492,38.809306224941864,39.89187158090461
2015-04-02 00:00:00+00:00,24.0652625139,0.0,24.157335135519062,-0.3663436218270746,38.80930622494187,52.58241821735335
2015-04-06 00:00:00+00:00,24.2449123152,0.7465108730737358,24.20112372535953,0.1900836256233306,53.49283363810838,59.147800440312075
2015-04-07 00:00:00+00:00,24.4167512555,0.7087628862747719,24.308937490429763,0.44942325594905125,65.40405555157375,58.53308945238587
2015-04-08 00:00:00+00:00,24.4558055602,0.15994881666006044,24.38237152531488,0.3046860363045558,68.18214319768201,47.71785392316113
2015-04-09 00:00:00+00:00,24.4011295337,-0.22357074423662304,24.39175052950744,0.04055764603396639,58.343552070174376,39.975366173410706
2015-04-10 00:00:00+00:00,24.9400789376,2.208706786116865,24.66591473355372,1.1246322160754159,86.70634464728391,76.40109805807268
2015-04-13 00:00:00+00:00,24.7838617191,-0.626370184676861,24.72488822632686,0.24913101569927742,66.90138271347566,37.069636716365295
2015-04-14 00:00:00+00:00,24.5964010568,-0.756381973175424,24.66064464156343,-0.2536254787380733,47.40927019737138,35.80182493171424
2015-04-15 00:00:00+00:00,25.643056421,4.255319149264869,25.151850531281717,2.0008468352633977,84.71246668573225,78.43935020298788
2015-04-16 00:00:00+00:00,25.6742998647,0.12183978066830914,25.413075197990857,1.0613433079658534,85.18305587428618,43.05931353161181
2015-04-17 00:00:00+00:00,25.3618654276,-1.2169151203595963,25.38747031279543,-0.07778590619687142,58.275180164552665,35.31972074566083
2015-04-20 00:00:00+00:00,25.5649478117,0.800739143891982,25.476209062247715,0.3614766188475553,68.099946392998,54.00802829772455
2015-04-21 00:00:00+00:00,25.3306219839,-0.9165902841888895,25.403415523073857,-0.2775568326706671,48.38235298629901,39.45390126541499
2015-04-22 00:00:00+00:00,25.5415152289,0.8325624421462896,25.47246537598693,0.27750280473781125,62.88843609832401,57.11157001513652
2015-04-23 00:00:00+00:00,25.2681350965,-1.0703363913612818,25.370300236243466,-0.3964167933117353,40.666420625745864,38.69578921711501
2015-04-24 00:00:00+00:00,25.0572418515,-0.8346213291744342,25.21377104387173,-0.6155190612430848,28.86428822941091,42.16115093983347
2015-04-27 00:00:00+00:00,25.3852980104,1.309226932653651,25.299534527135865,0.3468539357052831,57.5860091316399,67.34447015857124
2015-04-28 00:00:00+00:00,25.7914627786,1.6000000001323622,25.545498652867934,0.9734269679188227,75.76120534790587,70.00176882444036
2015-04-29 00:00:00+00:00,25.6860161561,-0.40884312535965917,25.615757404483965,0.28229192127958175,64.92657396823014,37.976944385127084
2015-04-30 00:00:00+00:00,25.424352315,-1.018701535924471,25.520054859741983,-0.36820480732244465,42.37152896478702,31.429279769165927
2015-05-01 00:00:00+00:00,26.1038972156,2.6728110599658406,25.81197603767099,1.1523031263216978,75.5114019202768,73.27123220858111
2015-05-04 00:00:00+00:00,26.1117080765,0.029922202173437995,25.961842057085498,0.5911126642475679,75.75181877768057,44.26466978231812
2015-05-05 00:00:00+00:00,25.6821107256,-1.645228836204049,25.82197639134275,-0.5270580859782406,41.85313063769141,32.16015811088504
2015-05-06 00:00:00+00:00,25.3516423891,-1.2867647057163034,25.586809390221376,-0.906911395847272,27.601121879501108,37.63433231715618
2015-05-07 00:00:00+00:00,25.3713131234,0.07759155796729367,25.479061256810688,-0.41465991893998916,29.737383446457134,57.30391620335421
2015-05-08 00:00:00+00:00,25.8080034252,1.7211970845814717,25.643532341005344,0.6532685828207413,64.55996510315123,72.80358274110806
2015-05-11 00:00:00+00:00,25.7214521942,-0.3353658536618398,25.682492267602672,0.15895136457945075,56.26913780755139,43.30068190482977
2015-05-12 00:00:00+00:00,25.3752472702,-1.345977363121309,25.528869768901338,-0.5935129992709292,31.781075487627376,33.34137761279644
2015-05-13 00:00:00+00:00,25.6821107256,1.2093023257368385,25.60549024725067,0.30789466323295467,56.78549926285872,64.39799627133108
2015-05-14 00:00:00+00:00,25.9417644186,1.0110294117732899,25.773627332925336,0.6594620375031223,70.50635121883484,61.085523326273105
2015-05-15 00:00:00+00:00,25.957501006,0.060661206948275925,25.86556416946267,0.3600616222256991,71.33377758932185,44.59357282875654
2015-05-18 00:00:00+00:00,26.2879693426,1.2731130647885225,26.076766756031333,0.8165873435071108,84.78206749519966,63.4679213946402
2015-05-19 00:00:00+00:00,26.0833937057,-0.7782101167033928,26.08008023086567,0.01918861340185901,59.05589534980003,34.03990431380077
2015-05-20 00:00:00+00:00,26.2564961677,0.663650075420108,26.168288199282834,0.34141934441098354,70.44032759862516,55.69766879560559
2015-05-21 00:00:00+00:00,26.3981254548,0.539406652720964,26.28320682704142,0.44041299856597377,77.96095216725976,53.430103110155464
2015-05-22 00:00:00+00:00,26.3194425175,-0.29806259325012574,26.30132467227071,0.07117520265792401,64.3232545502411,37.84986952800675
2015-05-26 00:00:00+00:00,26.0479863839,-1.0313901345725962,26.174655528085353,-0.4801074659573361,33.76084525978545,27.367779216779265
2015-05-27 00:00:00+00:00,26.5240181544,1.827518501753489,26.349336841242675,0.6737055178980764,70.55800697328075,72.27233278662989
2015-05-28 00:00:00+00:00,26.7600669662,0.889943636842383,26.554701903721337,0.7818245773702297,79.16638475548622,55.41808088628068
2015-05-29 00:00:00+00:00,27.1141401839,1.323140252777466,26.834421043810668,1.0524824150738479,87.4334652591563,61.621065197713285
2015-06-01 00:00:00+00:00,26.6774498821,-1.6105629713432656,26.755935462955335,-0.2790402781347089,50.41988446508405,25.532912146430146
2015-06-02 00:00:00+00:00,26.1778132304,-1.8728801062624978,26.46687434667767,-1.0759601921986033,29.202964090499083,23.673404714350372
2015-06-03 00:00:00+00:00,25.7529253691,-1.6230838594515684,26.109899857888834,-1.349522025825086,19.002765870626735,30.865312035747923
2015-06-04 00:00:00+00:00,25.4224570326,-1.2832263976368163,25.766178445244417,-1.3163742117309511,13.501069313161357,42.01550172151101
2015-06-05 00:00:00+00:00,25.0526472274,-1.4546580007030019,25.40941283632221,-1.3855161062169765,9.085624736432331,37.44592336771388
2015-06-08 00:00:00+00:00,24.6277593662,-1.695979899223199,25.018586101261107,-1.5407480027200877,5.810600834644038,30.45254174637301
2015-06-09 00:00:00+00:00,24.5884178975,-0.15974440920513144,24.803501999380554,-0.8502462059626096,5.533567278035857,75.01298052628032
2015-06-10 00:00:00+00:00,25.03691064,1.8240000002017087,24.920206319690276,0.48687689711954957,47.96044214876313,88.85027997195382
2015-06-11 00:00:00+00:00,25.0605155211,0.09428032651237483,24.99036092039514,0.29057861181596223,49.74242180275046,51.528335308190904
2015-06-12 00:00:00+00:00,24.6434959536,-1.66405023531494,24.81692843699757,-0.6867358117494888,26.078188488450582,31.4100729404205
2015-06-15 00:00:00+00:00,24.6985740097,0.2234993614692593,24.757751223348784,-0.23161822514011476,32.445193565547655,57.886328587651555
2015-06-16 00:00:00+00:00,24.891347206,0.7805033449473253,24.82454921467439,0.2744425599036053,53.48076995094172,64.03193191271814
2015-06-17 00:00:00+00:00,25.1391984584,0.9957325746525081,24.981873836537197,0.6350875672780567,70.93508845268967,66.83691682761531
2015-06-18 00:00:00+00:00,25.4775350887,1.3458528952698279,25.2297044626186,0.9904702312739423,83.56317370283188,72.1387016177122
2015-06-19 00:00:00+00:00,25.2336179831,-0.9573810996660548,25.2316612228593,0.016544565803943756,56.8517584456333,27.987469352046908
2015-06-22 00:00:00+00:00,25.383115564,0.592454007190435,25.30738839342965,0.3044992864971894,66.65196776792818,55.48601300565024
2015-06-23 00:00:00+00:00,25.2454204237,-0.5424674522432893,25.276404408564826,-0.11898408287304996,50.73234159606636,39.089983784410606
2015-06-24 00:00:00+00:00,25.1077252835,-0.5454262115228481,25.192064846032412,-0.332205147197949,37.35068865702683,39.0448653337525
2015-06-25 00:00:00+00:00,25.1706716333,0.250705108046434,25.181368239666206,-0.04075001957575752,46.946507304624696,58.41679799804549
2015-06-26 00:00:00+00:00,24.4074471418,-3.0321975615870245,24.794407690733102,-1.536473790581391,12.400918699440417,19.6971739183918
2015-06-29 00:00:00+00:00,23.911744637,-2.0309477755707683,24.353076163866554,-1.7837107830760797,7.222918254837068,38.38159098152936
2015-06-30 00:00:00+00:00,23.9314153713,0.08226390252412674,24.142245767583276,-0.8507234402759765,9.472892693308195,64.51809431654505
2015-07-01 00:00:00+00:00,23.7465104687,-0.7726450764869996,23.944378118141636,-0.811684258381488,7.059077819812677,51.31079830893775
2015-07-02 00:00:00+00:00,24.0415714835,1.2425447317361282,23.992974800820818,0.21543023667732009,42.2700082501212,71.75475808721136
2015-07-06 00:00:00+00:00,23.6363543565,-1.6854851908416402,23.81466457866041,-0.7350274770821601,23.741369560366945,37.46728831087933
2015-07-07 00:00:00+00:00,23.5261982443,-0.4660452730507747,23.670431411480205,-0.6005363750664674,20.141301042950225,51.84276952952281
2015-07-08 00:00:00+00:00,23.2114664953,-1.3377926417680097,23.440948953390105,-0.9691645084172386,12.207791861052097,41.59029635792088
2015-07-09 00:00:00+00:00,22.7629737528,-1.9322033900392,23.101961353095053,-1.4506839492282193,6.6276621563439875,34.593191985719606
2015-07-10 00:00:00+00:00,22.9518128023,0.8295886624952509,23.026887077697527,-0.3105476433664842,27.544879384139165,69.89363816851383
2015-07-13 00:00:00+00:00,23.392437251,1.9197805963973469,23.209662164348764,0.8046164765154313,59.387690688898665,77.18464770985906
2015-07-14 00:00:00+00:00,23.3294909012,-0.2690884627565282,23.26957653277438,0.26776400687945157,54.27622798254717,44.6321084955367
2015-07-15 00:00:00+00:00,23.3609640761,0.13490725122673464,23.315270304437192,0.2013356290530931,57.04881492154989,50.42105408941689
2015-07-16 00:00:00+00:00,23.5261982443,0.707308857895339,23.4207342743686,0.45432224347421607,70.93026331178521,59.43488725552993
2015-07-17 00:00:00+00:00,23.1878616141,-1.4381270900068799,23.3042979442343,-0.49190242326633193,35.59578732781868,29.391806181749182
2015-07-20 00:00:00+00:00,22.8967347462,-1.255514082087561,23.10051634521715,-0.8737082526769464,21.665495070937183,33.67240653264718
2015-07-21 00:00:00+00:00,22.5977395845,-1.30584192468588,22.849127964858575,-1.0897750886814133,13.51655911626589,32.84913817536496
2015-07-22 00:00:00+00:00,22.5072542067,-0.4004178270204717,22.67819108577929,-0.7450964578509425,11.54530272503473,59.542427083774385
2015-07-23 00:00:00+00:00,22.4993859129,-0.034958923588557234,22.588788499339643,-0.39002769071974985,11.329780586067203,67.39063638305478
2015-07-24 00:00:00+00:00,22.0784321985,-1.870956460898987,22.33361034891982,-1.1304920758093684,4.535416744205701,27.374253032712172
2015-07-27 00:00:00+00:00,22.3066127166,1.0334996436726307,22.32011153275991,-0.04849621606836885,35.82639846205367,69.85278330365234
2015-07-28 00:00:00+00:00,22.786578634,2.151675485192883,22.553345083379956,1.0515896345622573,68.45249149050485,77.46449998841506
2015-07-29 00:00:00+00:00,22.8259201026,0.1726519335434551,22.68963259298998,0.6121207840528562,70.30846886928907,46.37767012495743
2015-07-30 00:00:00+00:00,22.7472371653,-0.34470872125342833,22.71843487914499,0.13370603139971393,59.76103155247618,40.07178447263225
2015-07-31 00:00:00+00:00,22.7787103403,0.1383604293184737,22.748572609722494,0.13603323035909382,63.083852480261804,49.65851187885547
2015-08-03 00:00:00+00:00,22.8573932775,0.34542314303367405,22.802982943611248,0.24072818669638393,71.81251484655732,54.353459562469915
2015-08-04 00:00:00+00:00,22.9203396273,0.27538726326226115,22.861661285455625,0.25805772497932256,78.04259440418211,51.89782460120513
2015-08-05 00:00:00+00:00,23.1013103831,0.7895640236693868,22.981485834277812,0.5238108743243547,88.75801688968436,67.87900170879927
2015-08-06 00:00:00+00:00,23.0140458178,-0.37774725265731224,22.997765826038908,0.07303181083352123,65.60190993226442,31.847401650539773
2015-08-07 00:00:00+00:00,22.9109149678,-0.44812133779725816,22.954340396919456,-0.18754476348186847,44.85639396757688,30.388664458617367
2015-08-10 00:00:00+00:00,23.5138337828,2.631578947621116,23.234087089859727,1.2220170920696238,85.38515851378666,82.62626421705296
2015-08-11 00:00:00+00:00,22.9823132485,-2.2604588397184266,23.108200169179863,-0.5192208738244014,43.30100244043061,29.636028125196372
2015-08-12 00:00:00+00:00,23.3710372213,1.6914049016600652,23.239618695239933,0.5860920139178318,63.198970756173566,60.40533957038799
2015-08-13 00:00:00+00:00,22.9029818255,-2.0027155464603097,23.071300260369966,-0.7083117662712389,38.68121715027682,37.44554702659045
2015-08-14 00:00:00+00:00,23.0219789601,0.5195704887103858,23.046639610234983,-0.09437063878042656,46.58388098668314,54.97362092863867
2015-08-17 00:00:00+00:00,23.0695778139,0.20675396273488467,23.058108712067494,0.05619166197722905,50.41791546532094,52.24998683066877
2015-08-18 00:00:00+00:00,22.9347143947,-0.5845942231276657,22.996411553383744,-0.26420128057521836,38.632904850198855,43.981378222706184
2015-08-19 00:00:00+00:00,22.4983915681,-1.9024558976013628,22.74740156074187,-1.0833285890882907,18.100480682359244,31.520825465565306
2015-08-20 00:00:00+00:00,21.8399407571,-2.9266572635068044,22.293671158920937,-2.0049929262975477,8.21604030529334,23.694975475297618
2015-08-21 00:00:00+00:00,21.0704259538,-3.523428986636945,21.68204855636047,-2.764210956467246,4.197645340321912,19.470081208316227
2015-08-24 00:00:00+00:00,20.8244985424,-1.1671686748964238,21.253273549380236,-1.965689815681835,3.400386175376762,60.83184204755818
2015-08-25 00:00:00+00:00,20.523039135,-1.4476190472784256,20.88815634219012,-1.7066544314801302,2.520248961266428,55.72216176696639
2015-08-26 00:00:00+00:00,21.6574784841,5.5276381906095295,21.27281741314506,1.9104918795646997,60.39103258529149,89.2885850966202
2015-08-27 00:00:00+00:00,21.9906704608,1.5384615385609868,21.63174393697253,1.7244767090628432,68.60285610310616,54.1035141128229
2015-08-28 00:00:00+00:00,22.5459904219,2.525252525110133,22.088867179436264,2.124864617086488,79.32093571347339,59.958266423325675
2015-08-31 00:00:00+00:00,22.6411881296,0.42223786100579197,22.36502765451813,1.27355123904614,80.98968330695533,42.590322540797075
2015-09-01 00:00:00+00:00,22.0700018838,-2.5227750528394655,22.217514769159067,-0.6246119068966627,46.9158103304161,26.478864181801285
2015-09-02 00:00:00+00:00,22.6887869834,2.8037383180026243,22.453150876279533,1.089563205552981,68.47110354408127,63.71641852516433
2015-09-03 00:00:00+00:00,23.0695778139,1.6783216783629706,22.761364345089767,1.3839424419579758,77.06694719292831,54.90331137078474
2015-09-04 00:00:00+00:00,22.625321845,-1.9257221457790519,22.69334309504488,-0.27088985191053805,52.17417066447962,32.98636197541965
2015-09-08 00:00:00+00:00,23.4027697905,3.436185132861702,23.04805644277244,1.582647640475582,74.11854436836084,64.55889075013667
2015-09-09 00:00:00+00:00,23.1965080907,-0.8813559319962527,23.12228226673622,0.35064585423966466,62.674264761613095,41.14506570771262
2015-09-10 00:00:00+00:00,23.2203075176,0.10259917918222783,23.17129489216811,0.22662251671094624,63.645792981886586,47.63695720398617
2015-09-11 00:00:00+00:00,23.3789703636,0.6832934743854713,23.275132627884055,0.45495799554820876,71.15395074823823,52.29512050034754
2015-09-14 00:00:00+00:00,23.3155052252,-0.2714625041777441,23.295318926542027,0.09174774568523233,63.30891648202041,42.886134485259205
2015-09-15 00:00:00+00:00,23.5852320635,1.156856073650392,23.440275495021012,0.6243019096678121,78.45340609677234,59.31317729540063
2015-09-16 00:00:00+00:00,23.6169646327,0.13454423138412608,23.528620063860508,0.3794230705259691,79.9162916276985,45.318991469443944
2015-09-17 00:00:00+00:00,23.5693657789,-0.20154517966333163,23.548992921380254,0.08893894543131872,69.32594797528118,40.59575423699569
2015-09-18 00:00:00+00:00,23.0219789601,-2.3224503532888296,23.285485940740127,-1.1167557039287554,21.09778594897699,20.43534887509427
2015-09-21 00:00:00+00:00,23.1330429523,0.482425913048079,23.209264446520063,-0.3171648954403382,34.8844662039054,59.920080993905124
2015-09-22 00:00:00+00:00,22.7443189795,-1.6803840878242493,22.97679171301003,-0.9987744916322938,18.19420966607334,38.068888257355354
2015-09-23 00:00:00+00:00,22.7998509756,0.2441576560285208,22.888321344305012,-0.3773084178018865,25.801329739014047,58.34454292222574
2015-09-24 00:00:00+00:00,22.5935892758,-0.9046624910870493,22.740955310052506,-0.640985454444468,16.995948018491244,45.118342180415766
2015-09-25 00:00:00+00:00,22.8553829717,1.158707864891606,22.798169140876254,0.25886120522356904,49.68651028870619,65.9275228139064
2015-09-28 00:00:00+00:00,22.8157172602,-0.17355085035816176,22.80694320053813,0.04265517743270364,45.604465286975845,48.22000606553777
2015-09-29 00:00:00+00:00,23.1965080907,1.6689847010168624,23.001725645619064,0.8558199392247829,75.08274022288623,66.7479682428346
2015-09-30 00:00:00+00:00,23.8906580421,2.992476060128646,23.44619184385953,1.9241479996767143,89.96010567334244,76.00055785771345
2015-10-01 00:00:00+00:00,23.7994269056,-0.38186950036801504,23.622809374729766,0.7711392496543497,80.48621629878397,36.81921383396443
2015-10-02 00:00:00+00:00,24.204017163,1.7000000000201743,23.913413268864883,1.2355696248372618,88.52504678127308,57.22673188469617
2015-10-05 00:00:00+00:00,24.7593371242,2.29432972824406,24.336375196532444,1.764949676540661,93.79109952962176,62.42406097202181
2015-10-06 00:00:00+00:00,25.1797936662,1.6981736622869281,24.75808443136622,1.7315616694137945,95.91841601980904,52.775474347662744
2015-10-07 00:00:00+00:00,25.6359493485,1.8115942026654563,25.19701688993311,1.7715779360396255,97.3795207953279,54.770535146884896
2015-10-08 00:00:00+00:00,25.7985787657,0.6343803187827568,25.497797827816555,1.2029791274111912,97.8005758524823,33.039605479039764
2015-10-09 00:00:00+00:00,25.4971193582,-1.1685116852281796,25.497458593008275,0.017233721091505783,67.59948872902972,17.28502334788411
2015-10-12 00:00:00+00:00,25.5526513544,0.2177971378642729,25.525054973704137,0.11751542947788934,70.14677698132273,46.63510129240062
2015-10-13 00:00:00+00:00,25.4177879352,-0.527786402003938,25.47142145445207,-0.20513548626302433,54.529651732975815,36.256504831631084
2015-10-14 00:00:00+00:00,26.0207067502,2.3720349565315324,25.746064102326034,1.083449735134254,81.76052666809234,72.26554443457414
2015-10-15 00:00:00+00:00,25.9810410387,-0.1524390243539231,25.863552570513015,0.46550535539016547,77.19818232368411,41.58743004337271
2015-10-16 00:00:00+00:00,26.2111021654,0.8854961829948049,26.037327367956507,0.6755007691924853,84.65011311068965,53.707356154790155
2015-10-19 00:00:00+00:00,26.647424992,1.6646489103993911,26.342376179978253,1.1700748397959382,92.04556425673572,62.47459203135481
2015-10-20 00:00:00+00:00,26.5284278575,-0.4465614765243875,26.435402018739126,0.36175668163577535,76.89066836132494,35.30132379850649
2015-10-21 00:00:00+00:00,26.4728958614,-0.20933014349094892,26.454148940069565,0.07621326907241321,68.94466410910277,39.7204863917258
2015-10-22 00:00:00+00:00,27.2900095185,3.086604734812659,26.872079229284783,1.5814090019425362,90.53449726746739,75.12657690963093
2015-10-23 00:00:00+00:00,27.6866666336,1.4534883721132763,27.279372931442392,1.5174486870279063,93.71571291861754,52.29638097575608
2015-10-26 00:00:00+00:00,27.4407392222,-0.8882521491465734,27.360056076821195,0.31459826894066645,71.39922407719777,31.625288390575587
2015-10-27 00:00:00+00:00,27.3455415146,-0.3469210753731633,27.352798795710598,-0.016161403216248427,62.72615280115039,39.8670450482561
2015-10-28 00:00:00+00:00,27.5359369298,0.6962576151521516,27.4443678627553,0.34004810596795154,72.68151875976622,55.40509548878987
2015-10-29 00:00:00+00:00,26.9964832533,-1.959089599439745,27.22042555802765,-0.8095207467358967,34.0409458199989,27.88951074193358
2015-10-30 00:00:00+00:00,26.8616198342,-0.49955921234116074,27.041022696113824,-0.6545399795385287,28.382453116052325,48.838237048433754
2015-11-02 00:00:00+00:00,27.0599483917,0.7383343176031731,27.050485543906913,0.04189716903232221,47.5972425159544,62.64447689287383
2015-11-03 00:00:00+00:00,27.2186112377,0.5863383170703562,27.134548390803456,0.3141177430513392,60.359701291579675,59.678368739525
2015-11-04 00:00:00+00:00,27.2820763762,0.2331681728570123,27.208312383501728,0.27364295795417576,65.41370447128008,51.22500951579563
2015-11-05 00:00:00+00:00,27.1622429514,-0.43923865305405263,27.185277667450862,-0.08279784754993844,48.059290707992275,36.47125679403784
2015-11-06 00:00:00+00:00,27.0344206316,-0.47058823539980477,27.10984914952543,-0.2766930414748716,33.73803798475823,35.7511427423901
2015-11-09 00:00:00+00:00,26.6429647773,-1.4479905437382756,26.876406963412716,-0.8623417926065736,14.242082864968319,18.58760414309431
2015-11-10 00:00:00+00:00,26.5311202475,-0.4197901049484365,26.70376360545636,-0.641065948777505,11.415076769713703,53.67853426123922
2015-11-11 00:00:00+00:00,26.251508923,-1.0538994278854408,26.47763626422818,-0.8474826883314729,6.543981863091818,38.37654658804253
2015-11-12 00:00:00+00:00,25.8840197537,-1.3998782712944524,26.18082800896409,-1.1236804798129627,3.5540834904115894,31.11683619439229
2015-11-13 00:00:00+00:00,25.6523417991,-0.8950617284507412,25.916584904032046,-1.0093711041318518,2.481794955200777,51.28582259774418
2015-11-16 00:00:00+00:00,25.6443529041,-0.03114294617843072,25.780468904066023,-0.5202570251551413,2.443660446289656,72.18916164382874
2015-11-17 00:00:00+00:00,26.0757532333,1.6822429905456016,25.92811106868301,0.5809929826952301,56.53773160805461,87.78371575362783
2015-11-18 00:00:00+00:00,26.4911757726,1.5931372550706868,26.209643420641505,1.0870651188829585,75.866775376925,84.10478749476823
2015-11-19 00:00:00+00:00,27.4019098009,3.4378769599270775,26.805776610770753,2.262471039405018,90.19963701114337,93.09339730080914
2015-11-20 00:00:00+00:00,27.6895100204,1.0495626822716986,27.24764331558538,1.6560168608383583,92.35137671293069,44.36862606195004
2015-11-23 00:00:00+00:00,27.5457099107,-0.5193306403546205,27.396676613142688,0.5683431102418689,79.2941748334489,29.27207736280601
2015-11-24 00:00:00+00:00,27.4498431709,-0.3480278421241989,27.423259892021342,0.110157634058835,69.47182391578066,33.00546732621684
2015-11-25 00:00:00+00:00,27.5217432257,0.2619324793673883,27.47250155886067,0.18604505671311164,73.20576941341794,47.73930869827333
2015-11-27 00:00:00+00:00,27.5297321207,0.029027576249385234,27.501116839780337,0.10753631648124844,73.74106416985306,42.3986266547352
2015-11-30 00:00:00+00:00,27.7773878653,0.8995937320210423,27.63925235254017,0.5035650242511454,86.38711354236003,64.60183561346106
2015-12-01 00:00:00+00:00,28.0330325048,0.9203336207842527,27.836142428670087,0.711949322517699,92.20199452642176,65.08280579101603
2015-12-02 00:00:00+00:00,27.8253212352,-0.7409518380304903,27.830731831935044,-0.014501257756395602,60.63522065885376,24.72234309508764
2015-12-03 00:00:00+00:00,27.1941985313,-2.268159632606892,27.51246518161752,-1.1413304451816437,23.681967858145978,13.326434387124122
2015-12-04 00:00:00+00:00,27.9092046325,2.629259694405195,27.71083490705876,0.7439646246117756,62.50934006554024,73.05995306410593
2015-12-07 00:00:00+00:00,27.9491491075,0.14312294286409344,27.82999200727938,0.4435437837379345,64.04233441250163,47.91495898684574
2015-12-08 00:00:00+00:00,27.7614100753,-0.6717164500353978,27.79570104128969,-0.11408633314873165,49.71170556881024,40.98084031256084
2015-12-09 00:00:00+00:00,27.8093434452,0.17266187045250625,27.802522243244844,0.0292877686518873,53.68115658923852,51.818933383900394
2015-12-10 00:00:00+00:00,27.7773878653,-0.11490950860802984,27.789955054272422,-0.04281086997807127,49.75388832880338,47.37461285360804
2015-12-11 00:00:00+00:00,27.377943116,-1.4380212827678873,27.58394908513621,-0.7404160763729793,20.977851441063766,29.759519432976326
2015-12-14 00:00:00+00:00,27.5377210157,0.583600816989871,27.560835050418106,-0.07840762969155418,41.335603200326446,62.07696657198383
2015-12-15 00:00:00+00:00,28.1049325597,2.0597621120375775,27.832883805059055,0.9906772411730117,75.2661979926972,74.78413020845636
2015-12-16 00:00:00+00:00,28.2007992995,0.34110289927351545,28.01684155227953,0.6658900702232635,78.42918605235812,47.176926768748196
2015-12-17 00:00:00+00:00,27.8892323951,-1.1048158638734984,27.953036973689763,-0.21946289682511744,48.31106373776499,32.18371854681932
2015-12-18 00:00:00+00:00,27.0543928691,-2.993411629882925,27.50371492139488,-1.6064372633540211,18.994289560386648,19.83392022381577
2015-12-21 00:00:00+00:00,27.353976431,1.1073379593085075,27.42884567619744,-0.2495496520227568,38.93941522957208,64.36740101849942
2015-12-22 00:00:00+00:00,27.7454322853,1.4310747663596413,27.58713898074872,0.5907625571684423,58.81488789967508,66.56675252930002
2015-12-23 00:00:00+00:00,27.9611324499,0.777425856559022,27.77413571532436,0.6840942068637321,67.54622364889582,56.082891333996685
2015-12-24 00:00:00+00:00,27.94515466,-0.05714285688760423,27.85964518766218,0.31347567498806395,65.99173529243814,43.086703542661525
2015-12-28 00:00:00+00:00,27.905210185,-0.14293882243985312,27.88242768633109,0.08526842627410541,60.749012524667585,41.600163389159746
2015-12-29 00:00:00+00:00,28.3126438293,1.4600629832167034,28.097535757815546,0.7726657047454044,82.28354841497651,70.30903400573798
2015-12-30 00:00:00+00:00,27.953143555,-1.2697516928036334,28.025339656407773,-0.2485429940291145,47.66918944962278,31.169137514453734
2015-12-31 00:00:00+00:00,27.5217432257,-1.5432980854235057,27.773541441053887,-0.8959205397263101,27.12778533701464,28.762430566898594
2016-01-04 00:00:00+00:00,27.1542540564,-1.3352685049282664,27.463897748726943,-1.1155945223272883,17.494860468244244,34.52918592881757
2016-01-05 00:00:00+00:00,27.0264317366,-0.4707266844248825,27.24516474266347,-0.7931606033760854,14.760273988661593,56.48715222836139
2016-01-06 00:00:00+00:00,26.4272646127,-2.2169671887857456,26.836214677681735,-1.5050638960809155,7.031914626512685,28.017470669249803
2016-01-07 00:00:00+00:00,25.4366416345,-3.748488512594461,26.136428156090865,-2.6267762043376885,3.059339003076073,16.847088439023107
2016-01-08 00:00:00+00:00,25.1730080999,-1.03643216108541,25.65471812799543,-1.8316041827115492,2.496363051292621,59.61538607416492
2016-01-11 00:00:00+00:00,25.6123973242,1.745477626496883,25.633557726097713,-0.043063278107333125,33.2188390537009,77.45602927060813
2016-01-12 00:00:00+00:00,26.1077088133,1.9338739862199583,25.870633269698857,0.9454053540563125,56.43161637254643,78.42426455259346
2016-01-13 00:00:00+00:00,25.4925638994,-2.3561811505520835,25.681598584549427,-0.7053878982478855,34.25214443627034,31.78923766693937
2016-01-14 00:00:00+00:00,26.1556421832,2.6010654966549085,25.918620383874714,0.9478387992035116,59.799242490530766,66.41015965320089
2016-01-15 00:00:00+00:00,23.7749514774,-9.102015882940705,24.846785930637356,-4.077088541868597,19.33613951637221,23.74024132059367
2016-01-19 00:00:00+00:00,23.8069070574,0.1344086023913782,24.326846494018678,-1.9713399697386094,20.42031776355113,56.68647329272404
2016-01-20 00:00:00+00:00,23.6391402627,-0.704697986578029,23.98299337835934,-1.3380189781583192,18.465796932732605,53.53473266472893
2016-01-21 00:00:00+00:00,23.6950625276,0.23656640757041547,23.83902795297967,-0.5507262852939518,22.18958980747623,57.50980900175462
2016-01-22 00:00:00+00:00,23.9067682447,0.8934592042262102,23.872898098839833,0.17136645946612916,38.21378920938481,61.00226206005136
2016-01-25 00:00:00+00:00,23.6471291577,-1.0860484543223858,23.760013628269917,-0.45734099742812834,27.714245223389202,44.477472433552045
2016-01-26 00:00:00+00:00,23.9187515872,1.1486486485889236,23.839382607734958,0.3456538255803976,49.49144701536563,61.937365594521744
2016-01-27 00:00:00+00:00,23.8148959524,-0.4342017367477302,23.827139280067478,-0.04427395558366631,42.19994593970351,46.42610585808724
2016-01-28 00:00:00+00:00,23.9427182721,0.5367326397540451,23.88492877608374,0.24622934208518937,54.55938772265575,56.45914608341238
2016-01-29 00:00:00+00:00,24.7815522456,3.503503503516048,24.33324051084187,1.8748664228006187,85.36486450530933,76.57016201907723
2016-02-01 00:00:00+00:00,24.6217743459,-0.6447453255409741,24.477507428370934,0.6150605486298223,71.51320097225005,38.89289503239468
2016-02-02 00:00:00+00:00,23.8069070574,-3.3095392600561713,24.14220724288547,-1.3472393557131745,31.906715217661443,26.38338240594837
2016-02-03 00:00:00+00:00,23.6471291577,-0.6711409395381174,23.894668200292735,-1.009190147625646,27.437372183517596,50.18098636691298
2016-02-04 00:00:00+00:00,23.9936958086,1.4655760053949196,23.94418200444637,0.22819292888463683,50.154336469364445,64.22833636075588
2016-02-05 00:00:00+00:00,23.405338471,-2.4521330198289615,23.674760237723184,-1.1119700454721624,27.906484483204775,36.175009412701534
2016-02-08 00:00:00+00:00,23.2280253008,-0.757575757426876,23.45139276926159,-0.9347729014495192,23.245214706667312,50.26814651034334
2016-02-09 00:00:00+00:00,23.2199656112,-0.03469812648999593,23.335679190230795,-0.48473551396975756,22.983466793673525,56.424941493475394
2016-02-10 00:00:00+00:00,22.7525036169,-2.0131898648227176,23.044091403565396,-1.2489626893962376,11.609890574034539,37.410769962787185
2016-02-11 00:00:00+00:00,22.7444439274,-0.03542330829040541,22.894267665482698,-0.6421929988433215,11.46318384814744,58.42040767937626
2016-02-12 00:00:00+00:00,23.0829508887,1.4883061655871277,22.98860927709135,0.4230565833719031,50.70581616257898,70.04181169199357
2016-02-16 00:00:00+00:00,23.1957865425,0.488826815705079,23.092197909795672,0.45594169953849106,59.64843328595855,54.93467527912739
2016-02-17 00:00:00+00:00,23.7519051219,2.3974982628033104,23.422051515847834,1.4267199811709008,82.76430034528218,72.14469353142037
2016-02-18 00:00:00+00:00,23.7116066741,-0.1696640652325665,23.56682909497392,0.6285279579691672,77.91285568345211,40.7490361797657
2016-02-19 00:00:00+00:00,23.1393687156,-2.4133242692704227,23.35309890528696,-0.8923981556506277,34.65019079931472,25.94643809856486
2016-02-22 00:00:00+00:00,23.6551888472,2.2291884361229197,23.504143876243482,0.668395140236146,62.674048413721074,65.19184709920656
2016-02-23 00:00:00+00:00,23.2119059216,-1.8739352641121365,23.35802489892174,-0.6027700619379952,40.36230429393094,38.2900385048897
2016-02-24 00:00:00+00:00,23.5262338143,1.3541666667169272,23.44212935661087,0.375698302389466,56.741987836446704,58.49983386328193
2016-02-25 00:00:00+00:00,23.8728004652,1.4731072284478675,23.657464910905436,0.9244027654186667,70.25374981232487,59.2376361658896
2016-02-26 00:00:00+00:00,24.0178748773,0.6076975020650632,23.837669894102717,0.766050133741865,75.13122557116634,49.611433652295894
2016-02-29 00:00:00+00:00,23.8486213966,-0.7046979866647818,23.843145645351356,0.030676073538541626,58.37944715639039,36.22196153868809
2016-03-01 00:00:00+00:00,24.477277182,2.636025684443233,24.16021141367568,1.3333508789908872,81.43799370788585,68.59001164434169
2016-03-02 00:00:00+00:00,24.6142919044,0.5597629237158674,24.38725165903784,0.9465569013533773,84.28442073992768,46.56080422567215
2016-03-03 00:00:00+00:00,24.6465306626,0.13097576938312372,24.516891160818922,0.5387663353682506,85.09131531936487,42.34755590662987
2016-03-04 00:00:00+00:00,24.6868291104,0.16350555926782917,24.601860135609463,0.3511359473180399,86.40052668385177,42.935174899575834
2016-03-07 00:00:00+00:00,24.9366794867,1.0120796607075988,24.769269811154732,0.6816078040128193,92.51411768262626,59.20505164170079
2016-03-08 00:00:00+00:00,24.6304112835,-1.2281835813920172,24.699840547327366,-0.27328788868959897,50.64868269537038,27.808095111608463
2016-03-09 00:00:00+00:00,24.876231815,0.9980366493704373,24.788036181163683,0.3623743803404192,68.05373125353515,59.68006644855619
2016-03-10 00:00:00+00:00,25.1865298629,1.2473675683987384,24.98728302203184,0.8048709743695788,80.84495004985024,62.464052646364586
2016-03-11 00:00:00+00:00,25.5975740303,1.632000000148781,25.29242852616592,1.21843548725918,89.33220397403007,67.63514154505661
2016-03-14 00:00:00+00:00,25.3316042749,-1.0390428213438163,25.31201640053296,0.08969633295768187,62.46788947857982,27.77590222102458
2016-03-15 00:00:00+00:00,25.5089174451,0.6999681831272531,25.410466922816482,0.39483225804246747,71.14520988124589,54.15890891802474
2016-03-16 00:00:00+00:00,25.5411562034,0.1263823067732428,25.47581156310824,0.26060728240785513,72.8566980296052,45.86901530490376
2016-03-17 00:00:00+00:00,25.7748872005,0.9151151781801037,25.62534938180412,0.5878612302939794,83.49989275419641,58.858272700967184
2016-03-18 00:00:00+00:00,26.3390654694,2.188868042414005,25.982207425602063,1.3883646363539923,93.18096582296808,73.98199909026077
2016-03-21 00:00:00+00:00,26.0650360245,-1.0403916768359167,26.02362172505103,0.1739864797590378,65.2768594464718,30.852446240047012
2016-03-22 00:00:00+00:00,26.0489166454,-0.06184291893880367,26.036269185225514,0.05607178041011707,63.59644619996307,45.33721065629473
2016-03-23 00:00:00+00:00,25.7910065796,-0.9900990099161788,25.913637882412758,-0.4670136147530309,39.309752483061715,34.926760330766186
2016-03-24 00:00:00+00:00,25.6942903049,-0.37500000010275425,25.80396409365638,-0.42100680742789254,32.35871879968663,47.018923003350196
2016-03-28 00:00:00+00:00,25.710409684,0.06273525716693484,25.757186888828187,-0.17913577513047885,35.222332287999606,55.788768193045556
2016-03-29 00:00:00+00:00,26.0972747827,1.5047021943829897,25.927230835764092,0.6627832096262554,74.33603140533265,75.6802033252174
2016-03-30 00:00:00+00:00,26.3632445381,1.0191476221735885,26.145237686932045,0.8409654158999219,84.18424519998062,61.66639777873676
2016-03-31 00:00:00+00:00,26.0730957141,-1.1005808620432767,26.10916670051602,-0.12980772307167737,51.71234493421519,27.870921486373387
2016-04-01 00:00:00+00:00,26.1536926096,0.30911901058383595,26.13142965505801,0.08965564375607929,58.398475933077535,53.36577189027148
2016-04-04 00:00:00+00:00,25.7910065796,-1.3867488442793396,25.961218117329004,-0.6485466002616301,30.18576814930143,32.58340062025021
2016-04-05 00:00:00+00:00,25.710409684,-0.312500000150262,25.8358139006645,-0.4805233002059461,25.999002197248203,50.79186604260272
2016-04-06 00:00:00+00:00,25.855484096,0.5642633228450045,25.84564899833225,0.04187001131952919,46.161122853924866,63.0196183020188
2016-04-07 00:00:00+00:00,25.4283205496,-1.6521197004626509,25.636984773966127,-0.8051248445715609,20.950392667122443,32.446806109537
2016-04-08 00:00:00+00:00,25.492798066,0.2535657684282766,25.564891419983063,-0.2757795380716421,29.649623632092965,58.446377060274536
2016-04-11 00:00:00+00:00,25.5250368242,0.12646221931595925,25.544964122091532,-0.07465865937784144,35.01334936041632,56.27933680303572
2016-04-12 00:00:00+00:00,25.6781709258,0.5999368488856183,25.611567523945766,0.2626390947538884,57.88924252513055,63.78269685101541
2016-04-13 00:00:00+00:00,25.8957825438,0.8474576270592449,25.75367503387288,0.5550483609065666,75.94131844226504,68.07862355591949
2016-04-14 00:00:00+00:00,25.6298127885,-1.0270774974656116,25.691743911186443,-0.2360145682795225,42.52236076535124,29.001047415374465
2016-04-15 00:00:00+00:00,25.3557833436,-1.0691823899039887,25.523763627393222,-0.6525984790917556,25.309464293411683,28.45082043156687
2016-04-18 00:00:00+00:00,25.5089174451,0.6039415127699232,25.51634053624661,-0.02432848316091618,44.232268978081926,66.42264576496522
2016-04-19 00:00:00+00:00,25.4686189974,-0.1579778827805245,25.492479766823305,-0.09115318297072034,40.21092134403744,48.749938821569444
2016-04-20 00:00:00+00:00,25.7910065796,1.2658227846312098,25.64174317321165,0.5873348008302447,71.40608502294398,70.64367886758045
2016-04-21 00:00:00+00:00,25.7668275109,-0.09375000012262769,25.704285342055826,0.2467924003538085,67.4471227907817,43.82673755424541
2016-04-22 00:00:00+00:00,25.5008577556,-1.0322177038965763,25.60257154882791,-0.3927126517713839,35.22395637851767,31.46107031678685
2016-04-25 00:00:00+00:00,25.2993655167,-0.7901390644624473,25.450968532763955,-0.5914258581169156,22.829665904665525,38.207059938219615
2016-04-26 00:00:00+00:00,25.3074252062,0.03185727916648062,25.37919686948198,-0.2797842894752175,24.425220508928195,58.840863145625306
2016-04-27 00:00:00+00:00,25.5895143407,1.114649681670854,25.48435560509099,0.41743269609781825,63.76139269880741,75.20223098380332
2016-04-28 00:00:00+00:00,25.0736942091,-2.015748031527076,25.279024907095497,-0.7991576677146288,26.264775492814042,27.60882238737786
2016-04-29 00:00:00+00:00,24.4047399759,-2.667952427038922,24.84188244149775,-1.7335550473767753,12.250397108255033,23.04991406932662
2016-05-02 00:00:00+00:00,24.6707097313,1.0898282696830686,24.756296086398876,-0.3218633888468534,33.43325579199071,68.29535560916827
2016-05-03 00:00:00+00:00,24.4692174924,-0.8167265599350215,24.612756789399437,-0.5692949743909375,26.236163581405446,47.182203776679835
2016-05-04 00:00:00+00:00,24.2677252535,-0.8234519103955007,24.44024102144972,-0.6963734423932191,19.832292570516493,47.10515119714642
2016-05-05 00:00:00+00:00,24.3083747095,0.16750418745630213,24.37430786547486,-0.26443462746845847,25.34646446533739,61.13370390888711
2016-05-06 00:00:00+00:00,24.4221931864,0.46822742474641466,24.39825052593743,0.10189639863897809,42.07913219386631,65.32045129671262
2016-05-09 00:00:00+00:00,24.2270757975,-0.798934753364644,24.312663161718717,-0.348519177362833,26.69396189595796,38.8612459562352
2016-05-10 00:00:00+00:00,24.5034920985,1.140939597128443,24.40807763010936,0.39621020988280503,58.7462027439395,68.32460708590192
2016-05-11 00:00:00+00:00,24.4384529688,-0.26542800282732815,24.42326529945468,0.06539110352773844,50.89249523271484,44.83061164933829
2016-05-12 00:00:00+00:00,24.1945562326,-0.9980039919522565,24.30891076602734,-0.46630644421225903,29.048239089715562,35.336603032072425
2016-05-13 00:00:00+00:00,24.3165046007,0.5040322580320167,24.31270768336367,0.018862906909878824,46.32664047514896,60.84137283271133
2016-05-16 00:00:00+00:00,24.7067393787,1.604814443556024,24.509723531031835,0.8118386752329515,75.25331926459616,72.68484034785192
2016-05-17 00:00:00+00:00,24.3734138392,-1.3491280026508234,24.441568685115918,-0.26864466370893597,44.51500282493107,32.778894298313276
2016-05-18 00:00:00+00:00,24.3815437304,0.03335557035069048,24.41155620775796,-0.11764454667912275,45.33195264336858,51.47989080509723
2016-05-19 00:00:00+00:00,24.0888676469,-1.2004001335447878,24.25021192732898,-0.6590223401119553,25.25337355558365,37.510618682628426
2016-05-20 00:00:00+00:00,24.5116219897,1.7549780628829392,24.38091695851449,0.547977861385492,61.85748963845613,68.36004773030125
2016-05-23 00:00:00+00:00,24.5766611194,0.2653399670055734,24.478789038957245,0.4066589141955327,65.73030241420199,49.77975272322912
2016-05-24 00:00:00+00:00,25.2514420896,2.745616936823647,24.865115564278625,1.57613792550959,86.71791143979819,70.08615975830375
2016-05-25 00:00:00+00:00,25.5197284994,1.0624597551618375,25.192422031839314,1.3192988403357138,90.2712515243338,49.65033478365898
2016-05-26 00:00:00+00:00,25.6010274115,0.31857279399312155,25.396724721669656,0.8189358171644177,91.32603948413947,41.60756338710053
2016-05-27 00:00:00+00:00,25.6660665411,0.25404890418885273,25.53139563138483,0.5364923606766352,92.32463267995254,40.74874248119052
2016-05-31 00:00:00+00:00,25.6823263235,0.0633512828074334,25.606860977442416,0.2999218217420343,92.6422803438386,37.332610236510554
2016-06-01 00:00:00+00:00,25.739235562,0.2215891106715162,25.673048269721207,0.26075546620677525,93.95557156495761,43.25385635055549
2016-06-02 00:00:00+00:00,25.8205344741,0.3158559697865382,25.746791371910604,0.2883057179966567,95.62784300252886,47.672054356743736
2016-06-03 00:00:00+00:00,25.7067159972,-0.4408060453363949,25.7267536845553,-0.07625016366986909,60.48594075214764,24.605707072965348
2016-06-06 00:00:00+00:00,25.7554953444,0.1897533205148072,25.74112451447765,0.05675157842246906,68.03693019629007,53.02026194086407
2016-06-07 00:00:00+00:00,25.9180931686,0.6313131315307974,25.829608841538825,0.3440323549766332,83.65462827942805,66.34385965674977
2016-06-08 00:00:00+00:00,25.9262230598,0.031367628579448414,25.87791595066941,0.1876999917780408,84.23245020052747,42.043123984199106
2016-06-09 00:00:00+00:00,25.9668725158,0.1567889619179752,25.922394233234705,0.172244476848008,87.53682420256175,48.01422083580223
2016-06-10 00:00:00+00:00,26.0481714279,0.313087038304416,25.985282830567353,0.242665757576212,92.34779578820402,56.40916503777364
2016-06-13 00:00:00+00:00,26.1538600136,0.40574282149723473,26.069571422083676,0.32420428953672337,95.63412030354053,61.88267407345001
2016-06-14 00:00:00+00:00,26.1294703399,-0.09325458531672659,26.09952088099184,0.11547485210999839,83.25714381086897,30.720920374879494
2016-06-15 00:00:00+00:00,25.698586106,-1.6490354695098186,25.89905349349592,-0.7667803086999101,18.795497370201556,9.15670822764569
2016-06-16 00:00:00+00:00,25.7636252356,0.25308446671630236,25.831339364547958,-0.25684792099180387,30.907505046020475,60.283630041094796
2016-06-17 00:00:00+00:00,25.8205344741,0.22088987081432254,25.82593691932398,-0.017979025088740663,42.21900843439079,59.43438909349813
2016-06-20 00:00:00+00:00,26.1538600136,1.2909319899413685,25.989898466461987,0.6364764824263139,76.30330413712184,76.17052418977232
2016-06-21 00:00:00+00:00,26.2758083817,0.4662729250542341,26.13285342408099,0.5513747037402741,82.09839213488596,51.57326941756483
2016-06-22 00:00:00+00:00,26.251418708,-0.0928217824764821,26.192136066040497,0.229276460631896,76.48687354724527,38.823627011928316
2016-06-23 00:00:00+00:00,26.8205110926,2.1678538250832657,26.50632357932025,1.1985651428575808,93.06865642017235,75.52357511153018
2016-06-24 00:00:00+00:00,25.6498067587,-4.364959078736607,26.078065169010124,-1.5831969679395133,29.302916512691514,20.976621592870043
2016-06-27 00:00:00+00:00,24.9750257885,-2.6307448494563124,25.52654547875506,-2.106970908697913,18.40211299872437,38.62716021014777
2016-06-28 00:00:00+00:00,25.3571306753,1.5299479169144314,25.44183807702753,-0.28851149589174074,37.9945531971092,65.97610452907364
2016-06-29 00:00:00+00:00,25.9587426246,2.3725553060544913,25.700290350813766,1.0420219050813753,60.432178053246446,70.03270935109401
2016-06-30 00:00:00+00:00,26.6660431596,2.7247103036867504,26.183166755206884,1.8833661043840628,75.84609873700221,72.11682021716396
2016-07-01 00:00:00+00:00,26.6253937036,-0.1524390242553353,26.40428022940344,0.8654635400643638,73.38175612666325,38.93363393857366
2016-07-05 00:00:00+00:00,26.5684844651,-0.21374045820139465,26.48638234725172,0.32586154093148456,68.69459682806003,38.369391283438425
2016-07-06 00:00:00+00:00,26.8042513101,0.8873929008246684,26.64531682867586,0.6066272208780765,77.58983943895565,55.67681652282565
2016-07-07 00:00:00+00:00,26.9912388079,0.6976038824465958,26.818277818287932,0.6521155516623361,83.25141896884305,51.90809929793057
2016-07-08 00:00:00+00:00,27.6416301045,2.409638554306137,27.229953961393967,1.5308770529842366,92.77484509100277,74.89863888084201
2016-07-11 00:00:00+00:00,27.9505659704,1.1176470589182363,27.590259965896983,1.3242620559512366,94.85803609268316,48.599270002074
2016-07-12 00:00:00+00:00,28.405839878,1.6288539848607675,27.998049921948493,1.476558020406002,96.85958064866863,57.46384577071193
2016-07-13 00:00:00+00:00,28.4627491164,0.200343445729545,28.23039951917425,0.8384507330677735,97.07319539957619,33.353351014965575
2016-07-14 00:00:00+00:00,28.6172170493,0.542702084989366,28.423808284237126,0.6905764090285698,97.70795989475437,42.08841320310061
2016-07-15 00:00:00+00:00,28.5115284637,-0.3693181814916735,28.467668373968564,0.16062911376844813,79.91902032971447,27.6220788023286
2016-07-18 00:00:00+00:00,28.4952686812,-0.05702879984390563,28.481468527584283,0.05180015696227125,76.69665737550332,38.48232877999435
2016-07-19 00:00:00+00:00,28.5765675933,0.28530670480617637,28.52901806044214,0.1685534308842238,82.10742049757006,50.65673040326436
2016-07-20 00:00:00+00:00,29.0155817185,1.5362731152601006,28.77229988947107,0.8524132730721622,93.78886255666835,76.33141159580325
2016-07-21 00:00:00+00:00,27.8611371671,-3.978705519675785,28.316718528285534,-1.5631461233018114,26.233249610405075,17.188443011670106
2016-07-22 00:00:00+00:00,28.1782029242,1.1380215932980997,28.247460726242767,-0.21256226500185582,43.11374043508367,60.154180432517265
2016-07-25 00:00:00+00:00,28.2025925978,0.08655510667450184,28.225026662021385,-0.06300357916367699,44.577134536868705,51.86025039571012
2016-07-26 00:00:00+00:00,28.5277882461,1.153070049047078,28.37640745406069,0.5450332349417005,63.40513118690974,60.20774064673465
2016-07-27 00:00:00+00:00,28.3164110747,-0.7409518381744751,28.346409264380345,-0.09795930161638727,47.629253593186675,41.18417947378942
2016-07-28 00:00:00+00:00,28.2676317274,-0.17226528874481062,28.30702049589017,-0.13511229518059895,43.852387980060286,48.51126015981316
2016-07-29 00:00:00+00:00,28.3408007483,0.25884383101353325,28.323910622095084,0.061865767916467154,52.3534259045923,54.90004722678584
2016-08-01 00:00:00+00:00,28.3326708571,-0.02868617323908973,28.32829073959754,0.016589797338688712,51.0648457549853,48.83760356423645
2016-08-02 00:00:00+00:00,28.0969040121,-0.8321377331107271,28.212597375848773,-0.4077739678860192,24.66102689536153,33.38518237412772
2016-08-03 00:00:00+00:00,28.056254556,-0.14467592615362568,28.134425965924386,-0.2762249470198225,21.752239599532214,52.62407373563608
2016-08-04 00:00:00+00:00,28.3265775926,0.9635036496423277,28.23050177926219,0.3436393513112526,64.05008534253514,72.10443975279796
2016-08-05 00:00:00+00:00,28.6542418794,1.156737998894708,28.442371829331094,0.7501886751029803,81.86949980717257,74.8132409476673
2016-08-08 00:00:00+00:00,28.7033915224,0.17152658655867903,28.572881675865546,0.46085763083082965,83.68864786459827,42.93097584601684
2016-08-09 00:00:00+00:00,28.6050922364,-0.3424657533005693,28.58898695613277,0.059195938765130185,64.3259549353208,32.19433120725304
2016-08-10 00:00:00+00:00,28.2856195568,-1.1168384879160498,28.437303256466386,-0.5288212745754598,30.22966366542895,20.56916541871989
2016-08-11 00:00:00+00:00,28.4084936643,0.4344048651762966,28.422898460383195,-0.04720820469958159,46.56893376269251,61.90418537904327
2016-08-12 00:00:00+00:00,28.3183859855,-0.3171856975761944,28.370642222941598,-0.182196951137888,37.02985330281478,44.916688215918526
2016-08-15 00:00:00+00:00,28.5969006292,0.9835117151189676,28.4837714260708,0.4006573819905398,67.70269428303315,67.83181175557523
2016-08-16 00:00:00+00:00,28.8426488443,0.8593526210636693,28.663210135185402,0.6300050015271046,80.36271361206173,64.01850945564375
2016-08-17 00:00:00+00:00,28.6870083081,-0.5396194262190956,28.6751092216427,0.045192787654004474,58.5569928884128,32.82757516504729
2016-08-18 00:00:00+00:00,28.6460502723,-0.14277555665656028,28.66057974697135,-0.0487913845012779,52.89183346058857,44.36200638448457
2016-08-19 00:00:00+00:00,28.8672236658,0.772090362886324,28.763901706385674,0.36164948919252304,73.58879534524829,65.09080177912294
2016-08-22 00:00:00+00:00,28.9655229519,0.3405221341616471,28.864712329142836,0.3510858116770851,79.57211860694271,51.511187332048586
2016-08-23 00:00:00+00:00,28.9982893806,0.11312217201950858,28.931500854871416,0.23210399184829683,81.65059994850637,44.21970480492687
2016-08-24 00:00:00+00:00,28.7934992013,-0.7062146894671772,28.86250002808571,-0.2370553488094402,41.788937461157474,25.053251834401294
2016-08-25 00:00:00+00:00,28.7443495583,-0.17069701274022853,28.803424793192853,-0.20387618077483438,35.54232746551861,47.40360763957378
2016-08-26 00:00:00+00:00,28.8836068802,0.4844685096023982,28.843515836696426,0.1402961644137819,60.58333749365622,66.00693019638064
2016-08-29 00:00:00+00:00,29.1211634881,0.8224617129201084,28.98233966239821,0.48137893866694514,80.23307316575116,73.31166206634545
2016-08-30 00:00:00+00:00,29.2440375956,0.4219409281164488,29.113188628999104,0.45165993339169697,85.74614563272307,53.04890061883339
2016-08-31 00:00:00+00:00,29.3996781319,0.5322128854170938,29.25643338044955,0.49193640940439537,90.68325209330534,57.85907592477508
2016-09-01 00:00:00+00:00,29.5061690251,0.362217887972216,29.381301202774775,0.4270771486883057,93.12663110190145,46.777233123474794
2016-09-02 00:00:00+00:00,29.5553186681,0.16657412542506744,29.46830993543739,0.2968256370566866,94.18281290955986,35.153810606843734
2016-09-06 00:00:00+00:00,29.9567074194,1.358093126342208,29.712508677418697,0.8274593816994473,97.98180455887616,80.16935669911891
2016-09-07 00:00:00+00:00,29.8665997405,-0.3007929998396497,29.78955420895935,0.2633331909298988,80.31893996036456,32.7258911068747
2016-09-08 00:00:00+00:00,29.8502165262,-0.054854635085166414,29.819885367579673,0.1042392779223662,76.5552052890482,40.549776233639186
2016-09-09 00:00:00+00:00,29.0310558092,-2.744237102203295,29.425470588389835,-1.3199989121404645,16.9576646433915,13.946033006911897
2016-09-12 00:00:00+00:00,29.5553186681,1.805869074640598,29.490394628244918,0.2429350812500668,52.47530870399043,67.70959333790712
2016-09-13 00:00:00+00:00,29.1703131311,-1.3026607539696422,29.330353879672458,-0.5298628363597877,35.6697276478229,41.28033020234501
2016-09-14 00:00:00+00:00,29.1785047383,0.028081999542428626,29.25442930898623,-0.25089041840867954,36.32059268958554,53.04862404030089
2016-09-15 00:00:00+00:00,29.9485158122,2.6389668723814985,29.601472560593116,1.1940382269864096,73.7574967564194,70.46737022808071
2016-09-16 00:00:00+00:00,30.8577842081,3.0361050330567574,30.229628384346558,2.1150716300215837,87.14439282371923,72.77213845107346
2016-09-19 00:00:00+00:00,30.4400122424,-1.3538624901989427,30.334820313373278,0.3806045699113205,64.47636899350094,31.722740933953922
2016-09-20 00:00:00+00:00,30.4236290281,-0.05382131311097993,30.37922467073664,0.1633916284001703,63.50467176199759,45.40307979975988
2016-09-21 00:00:00+00:00,30.6775688503,0.8346795905427751,30.52839676051832,0.4990356094714727,72.97425758827616,54.70660744927252
2016-09-22 00:00:00+00:00,30.759484922,0.26702269694098835,30.64394084125916,0.38302915320623054,75.98889708655528,47.026892642883006
2016-09-23 00:00:00+00:00,30.4645870639,-0.9587217043711904,30.554263952579582,-0.28784627558247994,47.42330094284016,32.32788856569694
2016-09-26 00:00:00+00:00,30.0222402768,-1.4520032264746296,30.28825211468979,-0.8699247510285548,25.692329205185693,27.196441052421488
2016-09-27 00:00:00+00:00,30.4563954568,1.4461118690582753,30.372323785744896,0.2880935590148602,55.6272074929883,69.65078171963165
2016-09-28 00:00:00+00:00,30.6693772432,0.6993006992639605,30.52085051447245,0.4936971291394104,65.77327830832552,56.839172771628945
2016-09-29 00:00:00+00:00,30.5710779571,-0.32051282072182996,30.545964235786226,0.08659215420879021,56.78433163397085,41.2843686659699
2016-09-30 00:00:00+00:00,30.9233170654,1.152197213308237,30.734640650593114,0.6193946837585136,75.0857707142775,63.13673066846497
2016-10-03 00:00:00+00:00,30.8495926009,-0.23841059593988634,30.79211662574656,0.19049204390931362,66.27419136140767,41.343205817406734
2016-10-04 00:00:00+00:00,30.7512933149,-0.31864046722331896,30.771704970323277,-0.06407421165700267,53.676045748429985,40.144013415592866
2016-10-05 00:00:00+00:00,31.1199156375,1.1987213637658423,30.94581030391164,0.5673235760544197,77.61331225008645,67.16380052225286
2016-10-06 00:00:00+00:00,31.1854484949,0.21058173217227694,31.06562939940582,0.38895265411334834,80.32452111058151,46.610600484476656
2016-10-07 00:00:00+00:00,31.2100233164,0.07880220643297076,31.13782635790291,0.23387743027315955,81.57939355751039,43.92187806072495
2016-10-10 00:00:00+00:00,31.144490459,-0.20997375341775815,31.141158408451453,0.0119518384277007,64.99759754328775,36.921182009411126
2016-10-11 00:00:00+00:00,30.5301199213,-1.972645975726539,30.835639164875726,-0.9803470686494192,16.846007851888047,15.012523126725291
2016-10-12 00:00:00+00:00,30.4154374209,-0.37563724183078406,30.62553829288786,-0.6779921552401016,13.951955190788693,52.95282285988514
2016-10-13 00:00:00+00:00,30.2843717062,-0.4309183947817763,30.45495499954393,-0.5544552750109389,10.77783048622251,51.75320173671558
2016-10-14 00:00:00+00:00,30.6775688503,1.298350013381655,30.566261924921964,0.37194736918535803,55.91284058166796,76.61323522501095
2016-10-17 00:00:00+00:00,30.5465031356,-0.4272363150403913,30.556382530260983,-0.027644472927516622,44.625453647151566,43.2536121186577
2016-10-18 00:00:00+00:00,30.9233170654,1.2335746848903595,30.73984979783049,0.6029651059814214,70.39719705701089,65.15688729602108
2016-10-19 00:00:00+00:00,29.0883970594,-5.933774834437433,29.914123428615245,-2.6654048642280057,16.001180782704935,18.623588716571316
2016-10-20 00:00:00+00:00,29.0228642021,-0.22528865088776717,29.468493815357622,-1.4453467575578864,15.365144903605012,56.08899828562957
2016-10-21 00:00:00+00:00,28.7934992013,-0.790290714254871,29.130996508328813,-1.1178187359063787,12.712294136043326,52.50047690366462
2016-10-24 00:00:00+00:00,28.8836068802,0.3129445235886097,29.007301694264406,-0.4024371061588845,20.773037230507935,59.9967075672617
2016-10-25 00:00:00+00:00,28.7525411655,-0.453771979530182,28.879921429882202,-0.42810454284453325,17.28948307993609,51.52066552548898
2016-10-26 00:00:00+00:00,28.6050922364,-0.512820512981027,28.7425068331411,-0.47046252791278015,13.47596217532029,50.69332925990236
2016-10-27 00:00:00+00:00,28.5149845575,-0.3150057274953988,28.62874569532055,-0.39273412770408944,11.209528965972206,54.37499546103359
2016-10-28 00:00:00+00:00,28.4576433074,-0.20109164002656277,28.543194501360276,-0.2969128838653261,9.658901438932547,57.13943184400937
2016-10-31 00:00:00+00:00,28.5641342006,0.3742084052768657,28.55366435098014,0.03864776070576981,34.78830523425425,70.62330898099859
2016-11-01 00:00:00+00:00,28.2774279496,-1.0037281332825443,28.41554615029007,-0.48254018628838724,16.383734941467587,33.15225113713656
2016-11-02 00:00:00+00:00,28.342960807,0.23174971046449055,28.379253478645033,-0.12539523791194834,29.221938960012164,60.989503759220945
2016-11-03 00:00:00+00:00,28.007104913,-1.1849710984219164,28.193179195822516,-0.6551831681669323,13.402610669506261,35.535961658192704
2016-11-04 00:00:00+00:00,27.7429648136,-0.9431181845482084,27.96807200471126,-0.7991506763575704,8.179139171419036,41.76000705147927
2016-11-07 00:00:00+00:00,28.6344376491,3.2133293665246088,28.30125482690563,1.2070893450835192,69.11544922323498,83.30733670691332
2016-11-08 00:00:00+00:00,28.6757095396,0.1441337560240008,28.488482183252813,0.67561155055376,70.47609805817176,46.536238460097685
2016-11-09 00:00:00+00:00,28.6839639177,0.028785261925623473,28.586223050476406,0.35219840623969173,70.86121923144827,45.406393179648354
2016-11-10 00:00:00+00:00,28.4776044651,-0.7194244602736433,28.531913757788203,-0.18361302701697577,47.584548518625965,36.72980476528464
2016-11-11 00:00:00+00:00,28.5684026242,0.31884057948510236,28.550158190994104,0.0676137762340633,56.92347292279611,54.7341939516816
2016-11-14 00:00:00+00:00,28.4610957088,-0.37561398448334726,28.50562694989705,-0.154000104124642,43.25988355497161,42.57813675554155
2016-11-15 00:00:00+00:00,28.8160339674,1.2470997681591545,28.660830458648526,0.5465498320172563,74.10238343701558,67.71217065984418
2016-11-16 00:00:00+00:00,28.7582533207,-0.2005156114313511,28.709541889674263,0.17301711029295258,65.41908623542444,42.701309687163
2016-11-17 00:00:00+00:00,28.9068321266,0.516647531555936,28.808187008137132,0.34483232092444427,76.18359849174261,55.04167599111998
2016-11-18 00:00:00+00:00,28.8490514798,-0.19988577975942334,28.828619243968568,0.07247327058251046,64.47588700334458,41.61092239707026
2016-11-21 00:00:00+00:00,28.8738146141,0.08583690981083247,28.851216929034283,0.07915509019667147,67.66986901787831,49.047510737695774
2016-11-22 00:00:00+00:00,29.2865335194,1.4293882218751053,29.06887522421714,0.7542716560358884,90.04539517789172,73.1595138613649
2016-11-23 00:00:00+00:00,29.0554109325,-0.7891770009137433,29.06214307835857,-0.017452672438927452,56.941746613345984,33.68094687543325
2016-11-25 00:00:00+00:00,29.253516007,0.6818181816813151,29.157829542679288,0.33218275462119384,70.76179428785898,56.84282896718334
2016-11-28 00:00:00+00:00,29.3112966537,0.1975169298834789,29.234563098189646,0.2648498422523364,74.36191288728216,48.48097670145456
2016-11-29 00:00:00+00:00,29.1462090916,-0.563221627655841,29.190386094894823,-0.14918589270175234,48.67564449138699,36.00230819323418
2016-11-30 00:00:00+00:00,28.6426920272,-1.7275559329776313,28.91653906104741,-0.9383709128396919,18.864281569521815,22.62983378806157
2016-12-01 00:00:00+00:00,27.8667804852,-2.708933717763573,28.391659773123706,-1.8236523153016324,7.8091579220644665,15.398599394591246
2016-12-02 00:00:00+00:00,28.1969556095,1.1848341234659499,28.294307691311854,-0.3194090959178413,32.906476818703176,70.8448175174527
2016-12-05 00:00:00+00:00,28.3868063059,0.6733021076077872,28.340556998605926,0.17694650584497296,45.6644745832442,62.74182316512441
2016-12-06 00:00:00+00:00,28.6592007834,0.9595812736545417,28.499878891002965,0.5682638897497574,61.443415297933996,66.00582324237088
2016-12-07 00:00:00+00:00,29.3030422756,2.2465437786141074,28.901460583301482,1.4074038341819324,81.00280669143146,78.62995296404576
2016-12-08 00:00:00+00:00,29.4681298378,0.5633802819765998,29.18479521055074,0.9853920580792661,84.10425363670086,45.489442064812735
2016-12-09 00:00:00+00:00,29.5176561064,0.16806722677213948,29.35122565847537,0.5767296424257028,85.19213111977504,39.60827844415094
2016-12-12 00:00:00+00:00,29.6909980466,0.5872483220726199,29.521111852537686,0.5819889822491613,89.10626166602665,49.908931070479454
2016-12-13 00:00:00+00:00,30.3761114294,2.3074784543271942,29.948611640968842,1.4447337182881776,95.7563795060481,75.56458741126373
2016-12-14 00:00:00+00:00,30.1697519768,-0.6793478259375596,30.05918180888442,0.382692946175309,75.05552608048872,32.37635389679087
2016-12-15 00:00:00+00:00,30.3678570513,0.656634746789897,30.213519430092212,0.519663846482603,80.97733494942476,51.120197631161375
2016-12-16 00:00:00+00:00,29.9716469022,-1.3047023648415035,30.092583166146106,-0.39251925917945024,47.294350832323595,31.744114177697146
2016-12-19 00:00:00+00:00,30.4504008324,1.597356100457925,30.271491999273053,0.6024184206392375,69.94979363749543,62.92934264318301
2016-12-20 00:00:00+00:00,30.7145409317,0.8674437514101685,30.493016465486527,0.7349310860247029,77.83477640350462,53.676978863514975
2016-12-21 00:00:00+00:00,30.5246902353,-0.6181134102644426,30.508853350393263,0.05840883788013018,60.671286141927325,37.04777255206387
2016-12-22 00:00:00+00:00,30.4834183448,-0.1352082205645755,30.496135847596634,-0.03839969134222265,56.601310242281535,45.309305844621996
2016-12-23 00:00:00+00:00,30.5164358572,0.10831302456482117,30.506285852398317,0.03495666661129926,59.8345817547702,50.24814700055512
2016-12-27 00:00:00+00:00,30.5989796383,0.2704895862880585,30.552632745349158,0.1527231264496789,68.6055841989471,54.36488531439416
2016-12-28 00:00:00+00:00,30.2357870016,-1.1869436203206019,30.39420987347458,-0.5171102469354615,28.102586512117785,25.699415084132433
2016-12-29 00:00:00+00:00,30.2605501359,0.08190008184238984,30.327380004687292,-0.21760508254653582,32.196508791386414,55.99805753348339
2016-12-30 00:00:00+00:00,29.9386293898,-1.0638297871461644,30.133004697243646,-0.6407174348463501,15.256458962067294,36.073621203828054
2017-01-03 00:00:00+00:00,30.2110238673,0.9098428453535146,30.172014282271824,0.13456270525358222,49.18843094394859,66.69433586617063
2017-01-04 00:00:00+00:00,30.0541906833,-0.5191256830251123,30.113102482785912,-0.19228148888576505,36.54940243455604,43.87195287263519
2017-01-05 00:00:00+00:00,30.0046644146,-0.1647898931030567,30.058883448692956,-0.17853569099441086,32.583537935117775,50.209253251191086
2017-01-06 00:00:00+00:00,30.11197133,0.3576341128740834,30.085427389346478,0.08954921093983628,50.15962671847512,60.15793546228509
2017-01-09 00:00:00+00:00,30.2192782454,0.35635964920401886,30.15235281737324,0.22295443007192756,64.1710353187945,60.11398251387064
2017-01-10 00:00:00+00:00,30.1614975986,-0.19120458910628635,30.15692520798662,0.015874920482820604,52.296445194384276,40.86989005493638
2017-01-11 00:00:00+00:00,30.499927101,1.122058018815708,30.32842615449331,0.5689664696492643,81.8324829292183,72.51902461638913
2017-01-12 00:00:00+00:00,30.3018220264,-0.6495263872073553,30.315124090446655,-0.0402799587790455,53.01229789616893,34.81360915074653
2017-01-13 00:00:00+00:00,30.3678570513,0.21792427149254223,30.341490570873326,0.08882215635674837,60.04761601405771,52.827720137004455
2017-01-17 00:00:00+00:00,30.3761114294,0.027181299246947788,30.358801000136665,0.05800172780184808,61.13860212802955,48.41477210229553
2017-01-18 00:00:00+00:00,30.343093917,-0.10869565209733478,30.350947458568335,-0.025346962147743353,52.53165972516321,44.44740940354261
2017-01-19 00:00:00+00:00,30.186260733,-0.5168661588333734,30.26860409578417,-0.27110656049055837,26.22596614074208,32.46132478518831
2017-01-20 00:00:00+00:00,30.4916727229,1.0117582717561246,30.380138409342084,0.37032585563278314,70.04395706757384,73.14448964828944
2017-01-23 00:00:00+00:00,30.3513482951,-0.46020573903973183,30.365743352221042,-0.044939941703474345,49.699722631634486,39.11341835875185
2017-01-24 00:00:00+00:00,31.0529704341,2.31166711995221,30.70935689316052,1.1333635891243679,84.1741981013215,73.69000595146836
2017-01-25 00:00:00+00:00,31.20154924,0.4784688995061126,30.95545306658026,0.8059162443152402,87.00360296671418,47.13558563604215
2017-01-26 00:00:00+00:00,31.0034441654,-0.6349206351139447,30.97944861599013,0.08549780460064776,64.08781357779714,35.485923857191224
2017-01-27 00:00:00+00:00,31.3501280459,1.1182108628011722,31.164788330945065,0.60185433370091,78.76772474849612,59.26485374183922
2017-01-30 00:00:00+00:00,30.887882872,-1.4744602421502884,31.026335601472532,-0.4363029542246892,43.33743160473182,32.60538973648602
2017-01-31 00:00:00+00:00,30.3926201856,-1.603420630842134,30.709477893536267,-1.0198617925334115,25.153705060911175,31.54660660945389
2017-02-01 00:00:00+00:00,30.1449888424,-0.8147745791174832,30.427233367968135,-0.9173181858254473,19.13282385006077,47.25734683510484
2017-02-02 00:00:00+00:00,30.2770588921,0.43811610079032004,30.35214613003407,-0.23960104251756364,32.12942045195823,65.90473580575421
2017-02-03 00:00:00+00:00,30.3596026732,0.2726281353620408,30.355874401617037,0.016513546422238568,41.01650195048193,61.59040340148955
2017-02-06 00:00:00+00:00,30.1517740678,-0.6845564075298682,30.253824234708517,-0.33402143055381484,27.444474105392636,39.28060431020702
2017-02-07 00:00:00+00:00,30.2182792215,0.22056796243714594,30.236051728104258,-0.05672673405833445,37.3888798064591,59.88918043935948
2017-02-08 00:00:00+00:00,30.2432186542,0.08253094928798443,30.23963519115213,0.012902107614824992,41.87042724962791,55.57426002969405
2017-02-09 00:00:00+00:00,29.4784093864,-2.528862012158184,29.859022288776064,-1.2579799522716795,9.754174347757194,18.253838001414596
2017-02-10 00:00:00+00:00,29.3786516558,-0.33840947553304135,29.61883697228803,-0.7981947139023604,8.481353400016143,55.69168985700754
2017-02-13 00:00:00+00:00,29.7610562897,1.3016411998081123,29.689946630994015,0.25172324295287596,47.713094605575186,70.74102552736714
2017-02-14 00:00:00+00:00,29.8691271645,0.3631284916369104,29.779536897747008,0.3074258672948932,55.7535900958397,54.772385024043345
2017-02-15 00:00:00+00:00,29.9688848951,0.3339827442917942,29.874210896423506,0.3207043057933437,63.5207895370372,54.20242862254226
2017-02-16 00:00:00+00:00,30.2681580868,0.9986130373136781,30.071184491611753,0.6596586715535109,79.61996963636854,66.22447271331392
2017-02-17 00:00:00+00:00,30.3263500963,0.1922548750179054,30.198767293955875,0.42595677328570813,81.94411793725084,44.81525316460772
2017-02-21 00:00:00+00:00,30.3596026732,0.10964912293898177,30.279184983577938,0.26780294811234495,83.55190262765106,42.69432462148099
2017-02-22 00:00:00+00:00,29.9855111835,-1.2322015334878866,30.13234808353897,-0.48219929268777084,33.385597573454355,19.8287853941505
2017-02-23 00:00:00+00:00,30.0769557699,0.3049625728919203,30.104651926719484,-0.08861835989792527,45.40493638564865,58.25018430494559
2017-02-24 00:00:00+00:00,30.3679158174,0.9673852956594287,30.236283872059744,0.43938346788075167,70.66595982349918,68.12469014185012
2017-02-27 00:00:00+00:00,30.351289529,-0.05474952084290052,30.29378670052987,0.19231697351892557,67.97027088953413,44.02453619090608
2017-02-28 00:00:00+00:00,30.0935820583,-0.849082443280591,30.193684379414936,-0.3283827348808327,36.021885557183026,31.170391707767557
2017-03-01 00:00:00+00:00,29.8691271645,-0.7458563535745477,30.031405771957466,-0.5371195442276901,22.31731979740446,34.87687294764026
2017-03-02 00:00:00+00:00,29.8525008761,-0.055663790603699415,29.94195332402873,-0.2963916674156948,21.41217689676139,57.714467912267324
2017-03-03 00:00:00+00:00,29.8441877319,-0.027847396218161347,29.893070527964365,-0.16211953181692806,20.780080094488643,58.59231305479358
2017-03-06 00:00:00+00:00,29.5698539728,-0.9192200557255226,29.731462250382183,-0.5406697937712253,8.442857165102568,29.327326877860003
2017-03-07 00:00:00+00:00,29.7610562897,0.6466123135943747,29.746259270041094,0.0529712599115747,43.507336846500245,69.4861870029512
2017-03-08 00:00:00+00:00,29.6114196938,-0.502793296190196,29.678839481920548,-0.22491101813931064,30.013665381575116,42.742962000518304
2017-03-09 00:00:00+00:00,29.7776825781,0.561482313307704,29.728261030010273,0.1682856475841967,53.86261865233741,62.688030350036364
2017-03-10 00:00:00+00:00,29.8525008761,0.251256281625567,29.790380953055134,0.20977096460488187,62.49045086864698,54.40215919685983
2017-03-13 00:00:00+00:00,29.2290150599,-2.0885547203824517,29.509698006477567,-0.9393918778887849,18.723514922768103,21.80127905030493
2017-03-14 00:00:00+00:00,29.2456413484,0.05688282162750191,29.37766967743878,-0.4412545281306415,20.93843413369024,57.13290383070397
2017-03-15 00:00:00+00:00,29.1791361947,-0.22740193284780386,29.27840293606939,-0.33432823048922267,17.99592162424048,52.424962503440376
2017-03-16 00:00:00+00:00,29.2123887715,0.11396011375428561,29.245395853784693,-0.11018405836746853,25.81493346740806,58.57355033544802
2017-03-17 00:00:00+00:00,29.3204596463,0.369948776340534,29.282927750042347,0.12988235898653275,49.35573745838418,63.83157475817
2017-03-20 00:00:00+00:00,29.4534699538,0.4536433231420389,29.36819885192117,0.29176284106428585,68.06453660764957,65.9509946380124
2017-03-21 00:00:00+00:00,29.1292573294,-1.100762066094585,29.248728090660585,-0.40449961251514954,28.955289487143386,25.05287413076176
2017-03-22 00:00:00+00:00,29.4035910885,0.9417808219336798,29.326159589580293,0.26864060470926515,58.916788610288876,66.27507362948643
2017-03-23 00:00:00+00:00,29.3204596463,-0.2827254737347795,29.323309617940147,-0.007042434512757184,49.43951696511411,44.34291040956283
2017-03-24 00:00:00+00:00,29.2290150599,-0.3118797846388466,29.276162338920074,-0.1594611095758019,39.06975298423792,43.82496281063802
2017-03-27 00:00:00+00:00,29.4202173769,0.6541524461503689,29.348189857910036,0.24734566828728352,63.24723538653997,64.45861399813043
2017-03-28 00:00:00+00:00,29.5947934054,0.5933879626500493,29.47149163165502,0.42036681546866644,76.18793804664985,62.29954248907318
2017-03-29 00:00:00+00:00,29.5698539728,-0.08426966276929848,29.52067280222751,0.16804857634968398,70.84282454070946,39.927357231477366
2017-03-30 00:00:00+00:00,29.7194905686,0.506044419217111,29.620081685413755,0.33704649778339746,82.12765058329865,59.11289521374886
2017-03-31 00:00:00+00:00,29.9855111835,0.895104895172949,29.80279643445688,0.6160756964781733,91.20494797102991,68.9245094708106
2017-04-03 00:00:00+00:00,30.0603294814,0.24951483215389647,29.931562957928442,0.4327952643160349,92.75691440693282,43.15091102447272
2017-04-04 00:00:00+00:00,30.160087212,0.3318584071466235,30.04582508496422,0.3823268357313292,94.64632360143175,46.94650308061797
2017-04-05 00:00:00+00:00,30.1102083467,-0.16538037489545188,30.07801671583211,0.10847323041793866,79.15936992834635,29.254544982879157
2017-04-06 00:00:00+00:00,29.9522586067,-0.5245720593537895,30.015137661266053,-0.2080494144679254,44.54058699286246,20.77231432133915
2017-04-07 00:00:00+00:00,29.9522586067,0.0,29.983698133983026,-0.1040247072339627,44.54058699286246,51.54760309474565
2017-04-10 00:00:00+00:00,29.7610562897,-0.6383569249673537,29.872377211841513,-0.37119081610065824,20.327499292467735,30.16161164380977
2017-04-11 00:00:00+00:00,29.7111774244,-0.167597765396732,29.791777318120758,-0.26939429074869514,16.761902554471938,52.130437115050555
2017-04-12 00:00:00+00:00,29.6197328381,-0.3077783993336469,29.70575507811038,-0.28858634504117103,11.307496850682675,45.70818816537029
2017-04-13 00:00:00+00:00,29.3038333579,-1.0665169801722718,29.504794218005188,-0.6775516626067214,4.2094938615657975,22.85169505138865
2017-04-17 00:00:00+00:00,29.4950356748,0.6524822693494192,29.499914946402594,-0.012534696628651087,38.98338608648222,71.41998535537577
2017-04-18 00:00:00+00:00,29.731960285,0.8032694478224522,29.6159376157013,0.3953673755969006,63.56660543312709,73.60627222773296
2017-04-19 00:00:00+00:00,29.8525008761,0.4054242974379729,29.734219245900647,0.40039583651743677,72.1344665152829,56.50064454573226
2017-04-20 00:00:00+00:00,30.0769557699,0.7518796992304955,29.90558750790032,0.5761377678739661,83.18152132987768,66.63041357832226
2017-04-21 00:00:00+00:00,30.1933397889,0.38695411826377146,30.049463648400163,0.4815459430688688,87.14521089606126,48.70894260438786
2017-04-24 00:00:00+00:00,30.5508049901,1.1839207046959954,30.300134319250084,0.8327333238824322,93.83695956148415,72.73356492245539
2017-04-25 00:00:00+00:00,30.6505627207,0.3265306123106271,30.475348519975043,0.5796319680965296,94.93966180349172,41.423198392612434
2017-04-26 00:00:00+00:00,30.700441586,0.16273393005705739,30.58789505298752,0.3711829490767935,95.53837346592587,36.874405128376445
2017-04-27 00:00:00+00:00,31.1160987968,1.353912808177804,30.85199692489376,0.8625478786272988,98.20018191533082,71.27895751915263
2017-04-28 00:00:00+00:00,30.0520163372,-3.4197168049531657,30.45200663104688,-1.2785844631629335,29.839501685400577,16.66867270814457
2017-05-01 00:00:00+00:00,30.1850266447,0.4426002768251891,30.31851663787344,-0.4179920931688722,37.939923953877305,56.81934362475064
2017-05-02 00:00:00+00:00,30.7336941629,1.8176810796234344,30.52610540038672,0.6998444932272812,63.800311852721116,65.65630698241543
2017-05-03 00:00:00+00:00,30.9685404869,0.7641330806352986,30.74732294364336,0.7319887869312899,71.44098652293785,53.154536611859314
2017-05-04 00:00:00+00:00,30.8596732543,-0.3515413735628026,30.80349809897168,0.19022370668424365,62.2976772630125,40.81084473350179
2017-05-05 00:00:00+00:00,30.8345500468,-0.08141112607696899,30.81902407288584,0.054406290303637334,59.6548377209943,45.41456080695997
2017-05-08 00:00:00+00:00,30.6000667764,-0.7604562740306187,30.70954542464292,-0.3530249918634907,37.42652547299111,35.11578757301167
2017-05-09 00:00:00+00:00,30.4577019337,-0.4652435687159784,30.58362367917146,-0.40913428028973453,27.943877344941466,43.4748866419726
2017-05-10 00:00:00+00:00,30.1562234433,-0.9898267802878058,30.36992356123573,-0.6994805302887701,15.482976857939223,32.36200940716806
2017-05-11 00:00:00+00:00,29.888242563,-0.8886420436692299,30.129083062117864,-0.794061286979,9.70982567365829,37.019840060122455
2017-05-12 00:00:00+00:00,29.7542521228,-0.4483048473578388,29.941667592458934,-0.6211830671684194,7.587857385405907,56.55119772524938
2017-05-15 00:00:00+00:00,29.8379961479,0.2814522937910624,29.889831870179467,-0.1698653866886785,23.3017622132656,75.4654950798525
2017-05-16 00:00:00+00:00,29.9971097956,0.5332584899847559,29.943470832889734,0.1816965516480387,48.338081009435186,79.97699519695239
2017-05-17 00:00:00+00:00,29.3439063997,-2.17755443891402,29.643688616294867,-0.9979289436329907,16.058637407990403,20.1484059838168
2017-05-18 00:00:00+00:00,29.4946456449,0.5136986301235602,29.569167130597435,-0.24211515675471523,31.819087196910232,62.22746685633211
2017-05-19 00:00:00+00:00,29.6453848901,0.5110732538197604,29.60727601034872,0.1344790485325226,46.80153984435099,62.179520225256404
2017-05-22 00:00:00+00:00,29.9552377831,1.045197740385806,29.781256896724358,0.5898383944591643,68.28798056742514,69.37948876528982
2017-05-23 00:00:00+00:00,30.0306074057,0.25160749230481727,29.905932151212177,0.4207229433819908,72.36102702267051,48.71210328027987
2017-05-24 00:00:00+00:00,30.248341871,0.7250418293526462,30.07713701110609,0.5728823863673185,82.24363584518655,59.506422975878586
2017-05-25 00:00:00+00:00,30.3655835061,0.38759689903002936,30.221360258603042,0.4802396426986739,86.22254946547672,48.57600857626549
2017-05-26 00:00:00+00:00,30.3655835061,0.0,30.29347188235152,0.24011982134933696,86.22254946547672,36.898501138981736
2017-05-30 00:00:00+00:00,30.298588286,-0.2206287920880512,30.29603008417576,0.009745514630642882,66.93737353101012,30.614591307350015
2017-05-31 00:00:00+00:00,30.2399674684,-0.19347705921693992,30.267998776287882,-0.09186577229314852,51.746492166314574,32.72940971673223
2017-06-01 00:00:00+00:00,30.248341871,0.02769316008277567,30.25817032364394,-0.032086306105186424,53.98425465163433,50.98372633371491
2017-06-02 00:00:00+00:00,30.4158299212,0.553709855946094,30.33700012242197,0.2608117749204538,80.75664479231072,75.0941783847149
2017-06-05 00:00:00+00:00,30.4325787262,0.055066079220567055,30.384789424310984,0.15793892707051044,82.30124032640802,44.187738999370005
2017-06-06 00:00:00+00:00,30.2567162735,-0.5778756190273016,30.320752848905492,-0.20996834597839556,36.34898528483065,24.77414498588873
2017-06-07 00:00:00+00:00,30.3655835061,0.35981179059854096,30.343168177502747,0.0749217223100727,58.081879517422784,61.93629611006473
2017-06-08 00:00:00+00:00,30.5498203614,0.6067291783244944,30.44649426945137,0.3408254503172835,77.54460175027539,68.15092720788986
2017-06-09 00:00:00+00:00,29.904991368,-2.1107456141206793,30.175742818725688,-0.8849600819016978,22.557823278964502,18.442525171820478
2017-06-12 00:00:00+00:00,29.921740173,0.05600672073065027,30.048741495862842,-0.4144766805855238,24.63981590048224,56.441223226753465
2017-06-13 00:00:00+00:00,30.0473562107,0.4198152813764011,30.048048853281422,0.0026693003954386674,42.13968967935015,61.01577691962561
2017-06-14 00:00:00+00:00,29.7542521228,-0.975473801570681,29.901150488040713,-0.48640225058762115,23.246180824265792,38.03584742341106
2017-06-15 00:00:00+00:00,29.5700152675,-0.6191950466092333,29.735582877770355,-0.5527986485984272,16.339091316163366,45.84748626755678
2017-06-16 00:00:00+00:00,29.4862712424,-0.2832058906376056,29.610927060085178,-0.4180022696180164,13.586616429826602,54.043059641304986
2017-06-19 00:00:00+00:00,29.7375033178,0.8520306733078575,29.67421518894259,0.21701420184492057,50.847521562799706,73.99200558929803
2017-06-20 00:00:00+00:00,29.1931671545,-1.8304702902687153,29.433691171721293,-0.8067280442118974,21.17429677329599,29.147268463063938
2017-06-21 00:00:00+00:00,28.9586838842,-0.8032128513464687,29.196187527960646,-0.804970447779183,15.376253799475334,47.44419183985856
2017-06-22 00:00:00+00:00,28.774447029,-0.6362058991932207,28.985317278480323,-0.7205881734862019,11.624707068890148,50.55781224898456
2017-06-23 00:00:00+00:00,28.6320821863,-0.49476135043192704,28.80869973239016,-0.6076747619590644,9.061988902623714,54.01856364964512
2017-06-26 00:00:00+00:00,28.5315893561,-0.3509798188833235,28.67014454424508,-0.479327290421194,7.347028368185364,58.45283502555981
2017-06-27 00:00:00+00:00,28.1798644507,-1.2327560901362888,28.42500449747254,-0.8560416902787414,3.6853988381094616,30.974493747555577
2017-06-28 00:00:00+00:00,28.6404565888,1.6344725110576608,28.532730543136267,0.38921541038945967,51.330831212738545,79.03791167403963
2017-06-29 00:00:00+00:00,28.087746023,-1.9298245615823717,28.310238283068134,-0.770304575596456,27.152937413048274,34.38825954374519
2017-06-30 00:00:00+00:00,28.2552340733,0.5963029221456528,28.282736178184066,-0.0870008267254016,39.999144789696054,59.00696899386903
2017-07-03 00:00:00+00:00,28.0207508029,-0.8298755189629636,28.15174349054203,-0.45843817284418265,29.189547014113504,44.778376772163035
2017-07-05 00:00:00+00:00,28.7576982239,2.6300059772978335,28.454720857221016,1.0857839022268254,68.86105151717894,70.58737121279313
2017-07-06 00:00:00+00:00,28.1631156456,-2.0675596971312937,28.30891825141051,-0.49088789745223416,41.03686753554381,36.16449252653617
2017-07-07 00:00:00+00:00,28.3724757084,0.7433838834969508,28.340696979905253,0.12624799302235834,51.40721869641185,55.59930870398833
2017-07-10 00:00:00+00:00,28.1798644507,-0.6788665877436206,28.260280715302628,-0.27630929736063115,41.36694689088771,45.1636011137634
2017-07-11 00:00:00+00:00,28.4059733185,0.8023774145385687,28.333127016901315,0.2630340585889688,56.37139115853571,57.597022236039415
2017-07-12 00:00:00+00:00,28.6823286013,0.9728773582281081,28.507727809100658,0.6179557084085384,70.30365827542838,59.19448050590042
2017-07-13 00:00:00+00:00,28.6739541988,-0.02919708025247436,28.59084100395033,0.29437931407803203,69.29777625733662,44.436166295838284
2017-07-14 00:00:00+00:00,29.0424279093,1.2850467289768464,28.816634456625167,0.7897130215274392,84.20916604862465,62.72088681139402
2017-07-17 00:00:00+00:00,28.8665654566,-0.6055363320491725,28.841599956612583,0.09208834473913335,62.48355876555414,36.6771679285446
2017-07-18 00:00:00+00:00,28.9168118717,0.17406440394005518,28.87920591415629,0.13307637433959427,66.21873952521716,49.61733021169464
2017-07-19 00:00:00+00:00,28.9419350792,0.08688097294913266,28.910570496678147,0.10997867364436346,68.56594776901179,47.97285279854352
2017-07-20 00:00:00+00:00,29.1010487269,0.5497685184649326,29.005809611789076,0.329873596054648,81.06478509782477,58.83776590905588
2017-07-21 00:00:00+00:00,29.0842999219,-0.05755395675660635,29.045054766844537,0.13615981964902082,76.2760055962599,41.699630554272055
2017-07-24 00:00:00+00:00,28.8916886641,-0.6622516557634905,28.968371715472266,-0.2630459180572349,37.77877113930774,29.05840077724212
2017-07-25 00:00:00+00:00,29.0340535068,0.492753623213793,29.001212611136133,0.11485385257827907,60.10358370283501,62.0338446782698
2017-07-26 00:00:00+00:00,29.1010487269,0.2307470435855885,29.051130669018065,0.1728004480819338,68.16611191069768,53.562202723234435
2017-07-27 00:00:00+00:00,29.2852855822,0.6330935253535896,29.168208125609034,0.40294698671776175,82.63865189681098,64.67455119303186
2017-07-28 00:00:00+00:00,29.5700152675,0.9722619385110765,29.36911169655452,0.6876044626144191,91.54716236792575,72.88040667088481
2017-07-31 00:00:00+00:00,29.7040057077,0.45312942515542964,29.53655870212726,0.5703669438849244,93.79473717522593,47.53102216857636
2017-08-01 00:00:00+00:00,30.4409531287,2.480969833671165,29.988755915413627,1.5256683887780447,98.05699431973565,82.7290854919544
2017-08-02 00:00:00+00:00,30.6838108015,0.7977991745962587,30.336283358456814,1.1617337816871518,98.54949368511326,45.0785224430722
2017-08-03 00:00:00+00:00,30.7863972323,0.33433406125351617,30.561340295378407,0.748033921470334,98.7502161029471,37.94577516390604
2017-08-04 00:00:00+00:00,30.6260953558,-0.5206906001063882,30.593717825589202,0.11367166068197287,74.56494739709089,26.390364130178913
2017-08-07 00:00:00+00:00,30.7357755871,0.35812672175732363,30.6647467063446,0.23589919121964825,79.67405095076577,49.90829132497413
2017-08-08 00:00:00+00:00,30.7189017054,-0.054899807724662075,30.6918242058723,0.09049969174749309,76.14442970549791,40.73366373368413
2017-08-09 00:00:00+00:00,30.870766641,0.4943696785009166,30.78129542343615,0.29243468512420484,85.07217138341106,56.63554268443928
2017-08-10 00:00:00+00:00,30.4911043019,-1.2298442196630344,30.63619986266807,-0.4687047672694148,35.396516380474154,25.022445651909003
2017-08-11 00:00:00+00:00,30.2633068984,-0.7470946320753735,30.449753380534034,-0.6078996996723942,23.202746605334106,39.2610464072039
2017-08-14 00:00:00+00:00,30.6598431193,1.3102871481667666,30.554798249917017,0.3511937242471862,59.569826328508896,72.56602012483145
2017-08-15 00:00:00+00:00,30.3729871297,-0.9356081454292453,30.46389268980851,-0.29220721059102955,39.34992697606322,38.23574762769335
2017-08-16 00:00:00+00:00,30.2126852532,-0.527777777718974,30.338288971504255,-0.40999249415500183,30.633863705073374,45.28627415072145
2017-08-17 00:00:00+00:00,29.6727210376,-1.787210276328588,30.005505004552127,-1.0986013852417948,14.455630097933344,29.622588441245757
2017-08-18 00:00:00+00:00,29.5377299836,-0.4549331819921232,29.77161749407606,-0.776767283616959,12.066031066368106,54.56093589364869
2017-08-21 00:00:00+00:00,29.4617975158,-0.257069408658539,29.61670750493803,-0.516918346137749,10.58909816060077,57.88545958577369
2017-08-22 00:00:00+00:00,29.2340001124,-0.7731958760419655,29.425353808669016,-0.6450571110898573,6.828068767160259,45.002450338353036
2017-08-23 00:00:00+00:00,29.2424370532,0.028860028622701428,29.333895430934508,-0.30809854123357794,8.630979458777704,63.788461569226364
2017-08-24 00:00:00+00:00,29.2846217576,0.14425851143409218,29.309258594267256,-0.08192001489974288,20.210629233145376,66.27465202087105
2017-08-25 00:00:00+00:00,29.2508739941,-0.11524056475560318,29.280066294183626,-0.09858028982767303,17.54270089806163,53.81239472413954
2017-08-28 00:00:00+00:00,29.2340001124,-0.05768676075594836,29.25703320329181,-0.0781335252918107,15.96235368091809,56.53166125052354
2017-08-29 00:00:00+00:00,29.3014956393,0.2308802306919766,29.279264421295906,0.07637335270008296,45.44832321968935,69.87186487502824
2017-08-30 00:00:00+00:00,29.4364866932,0.46069680388240997,29.35787555724795,0.26853507829124645,73.42311505156128,77.9542596052124
2017-08-31 00:00:00+00:00,29.5883516289,0.5159071368903589,29.473113593073975,0.3922211075908027,85.75249686857177,79.89758824773749
2017-09-01 00:00:00+00:00,29.6052255106,0.05702879941280603,29.539169551836988,0.22462495350180436,86.77503717081595,38.06494907892977
2017-09-05 00:00:00+00:00,29.5461669245,-0.1994870333916432,29.542668238168496,0.012568960055080583,63.02700423341645,26.451898437598135
2017-09-06 00:00:00+00:00,30.1705005488,2.1130782408945725,29.856584393484248,1.0628236004748266,93.07580394650418,85.6509646197479
2017-09-07 00:00:00+00:00,29.9848878497,-0.6152125278789278,29.920736121592125,0.22380553629794941,68.3160026631022,35.32875824030501
2017-09-08 00:00:00+00:00,29.6895949193,-0.9848058524686398,29.80516552044606,-0.3805001580853452,41.7882236272625,31.560846020675122
2017-09-11 00:00:00+00:00,30.1789374897,1.648195510009809,29.99205150507303,0.6338476759622318,70.37911458023682,68.01460611984425
2017-09-12 00:00:00+00:00,30.4489195975,0.8946044170446532,30.220485551286515,0.7642260465034425,78.93957623382758,55.356179231276506
2017-09-13 00:00:00+00:00,30.6514061784,0.6650041563925457,30.435945864843255,0.7146151014479941,84.10685164703499,51.01688253048538
2017-09-14 00:00:00+00:00,30.7779602914,0.41288191564008425,30.606953078121627,0.5637485085440392,87.07895228375588,45.18299211048688
2017-09-15 00:00:00+00:00,31.2166812167,1.4254385967954697,30.911817147410815,0.9945935526697545,93.44916234791698,67.54239695542825
2017-09-18 00:00:00+00:00,31.2166812167,0.0,31.064249182055406,0.49729677633487723,93.44916234791698,36.28733297170384
2017-09-19 00:00:00+00:00,31.4107308566,0.6216216213150494,31.2374900193277,0.5594591988249633,95.60535257035231,51.09184402839342
2017-09-20 00:00:00+00:00,31.2757398027,-0.4297609454433915,31.25661491101385,0.06484912669078591,71.16363316711919,32.143057926446694
2017-09-21 00:00:00+00:00,31.385420034,0.3506878877747033,31.321017472506924,0.2077685072327446,78.0139587571408,51.97522193722429
2017-09-22 00:00:00+00:00,31.3685461523,-0.05376344073687589,31.34478181240346,0.07700253324793435,73.95941456614462,42.35304118175474
2017-09-25 00:00:00+00:00,31.3516722706,-0.053792361361193475,31.34822704150173,0.011605085943370438,68.61066105487156,42.35220020151361
2017-09-26 00:00:00+00:00,31.6132174375,0.8342303550591179,31.480722239500864,0.42291772050124415,88.29386185309745,69.8896813830057
2017-09-27 00:00:00+00:00,31.6722760236,0.18681611960806865,31.57649913155043,0.30486692005465643,90.34460474767059,45.908012728379646
2017-09-28 00:00:00+00:00,31.9169473088,0.7725093233517333,31.746723220175216,0.5386881217031949,95.37721047651237,63.09313679627404
2017-09-29 00:00:00+00:00,32.1278708305,0.6608511762083324,31.937297025337607,0.5997696489557637,97.23846732041973,57.83843850062279
2017-10-02 00:00:00+00:00,32.937817154,2.52100840349212,32.4375570896688,1.5603890262239417,99.16799445657199,86.31656245992396
2017-10-03 00:00:00+00:00,33.2246731436,0.8709016394705449,32.8311151166344,1.2156453328472434,99.39322501553856,45.45920991255534
2017-10-04 00:00:00+00:00,33.1909253801,-0.10157440331810541,33.0110202483672,0.557035464764569,94.86150132525422,32.048714417902005
2017-10-05 00:00:00+00:00,33.3512272566,0.48296898825277434,33.1811237524836,0.5200022265086717,96.12146762440676,46.32523032766925
2017-10-06 00:00:00+00:00,33.4355966653,0.25297242602460024,33.3083602088918,0.38648732626663596,96.75050470955605,41.21463113542809
2017-10-09 00:00:00+00:00,33.6296463053,0.5803684077855475,33.4690032570959,0.48342786702609175,97.91637026355487,52.42200020848709
2017-10-10 00:00:00+00:00,33.452470547,-0.5268439539671266,33.46073690204795,-0.021708043470517413,65.6549863946963,26.649023950999847
2017-10-11 00:00:00+00:00,33.1571776166,-0.8827238334613186,33.308957259323975,-0.452215938465918,36.00103086153995,21.54263799121303
2017-10-12 00:00:00+00:00,33.064371267,-0.27989821894111033,33.18666426316199,-0.36605707870351417,29.68111822084165,47.233160391199725
2017-10-13 00:00:00+00:00,33.4693444288,1.2248022456854857,33.32800434598099,0.4293725834909857,67.27896533787465,76.29517160754592
2017-10-16 00:00:00+00:00,33.5452768966,0.2268716913817581,33.43664062129049,0.3281221374363719,71.55626927189111,49.289277574486455
2017-10-17 00:00:00+00:00,33.5705877192,0.07545271627364958,33.50361417024524,0.20178742685501075,73.30130046846757,45.61446391784732
2017-10-18 00:00:00+00:00,33.9586869992,1.1560693641893938,33.73115058472262,0.6789283955222023,88.92655686946449,69.75413934916078
2017-10-19 00:00:00+00:00,33.8236959453,-0.397515527921255,33.77742326501131,0.14070643380047365,68.12495855185075,35.63976387455672
2017-10-20 00:00:00+00:00,34.1105519348,0.8480917932916165,33.943987599905654,0.4943991135460451,81.73995020539743,59.475291228466425
2017-10-23 00:00:00+00:00,34.4480295696,0.9893643334914826,34.19600858475283,0.7418817235187638,89.58811709857481,61.877217064514625
2017-10-24 00:00:00+00:00,34.5492728601,0.29390154317952,34.37264072242641,0.5178916333491419,91.27551852274026,43.039921104410006
2017-10-25 00:00:00+00:00,34.4058448653,-0.41514041519999934,34.389242793863204,0.05137560907457128,67.89372955545277,29.367529304190253
2017-10-26 00:00:00+00:00,34.8867504948,1.397743991995437,34.6379966443316,0.7245598005350042,85.96980832436475,68.15952018664464
2017-10-27 00:00:00+00:00,37.46001746,7.3760580412427945,36.049007052165805,4.0503089208889,97.4577818369874,91.43307188709409
2017-10-30 00:00:00+00:00,37.4347066374,-0.06756756754593418,36.7418568447829,1.9913706766714827,96.29447609893391,38.65847966145652
2017-10-31 00:00:00+00:00,38.3796440147,2.524228081851554,37.56075042974145,2.2577993792615185,97.77905478395387,52.86713322213597
2017-11-01 00:00:00+00:00,39.4089508008,2.6819081117734234,38.48485061527072,2.469853745517471,98.65772776962142,53.84280775362338
2017-11-02 00:00:00+00:00,39.7379914947,0.8349389852148059,39.11142105498536,1.6523963653661384,98.8717632226654,39.48259187631465
2017-11-03 00:00:00+00:00,39.0967839886,-1.6135881104748728,39.10410252179268,0.0194041274456328,67.43831300407841,25.79956478229645
2017-11-06 00:00:00+00:00,39.6304204986,1.3649115235554898,39.36726151019634,0.6921578255005614,76.68968451950524,54.54391341544943
2017-11-07 00:00:00+00:00,39.6983098699,0.17130620984049383,39.53278569004817,0.4317320176705276,77.88853298694026,44.24166661980919
2017-11-08 00:00:00+00:00,39.6304204986,-0.17101325351756014,39.58160309432409,0.13035938207648373,72.31016985517277,40.91697561500499
2017-11-09 00:00:00+00:00,39.2909736421,-0.856531049202458,39.43628836821205,-0.3630858335629872,47.04175354570273,33.38159359160693
2017-11-10 00:00:00+00:00,38.6799693004,-1.5550755938644079,39.058128834306025,-0.9590807137136975,24.20464480387004,26.048976003096474
2017-11-13 00:00:00+00:00,38.8242342144,0.3729706010870748,38.94118152435301,-0.29305505631331136,35.324630314337384,61.270513013323324
2017-11-14 00:00:00+00:00,38.9175820999,0.24043715835966317,38.92938181212651,-0.026308948976824093,43.38618936391892,58.40241353562697
2017-11-15 00:00:00+00:00,38.5781352434,-0.8722197993407121,38.75375852776325,-0.44926437415876813,25.826802998439767,36.74307276494524
2017-11-16 00:00:00+00:00,38.7393725003,0.41794984615692865,38.74656551403163,-0.01565726400091974,42.428433477176895,61.54703503897532
2017-11-17 00:00:00+00:00,37.8737830161,-2.2343921141038003,38.31017426506581,-1.12502468905236,15.140250124555381,27.859815688677966
2017-11-20 00:00:00+00:00,37.8652968447,-0.02240645302422628,38.087735554882904,-0.5737155710382932,14.998392258833492,57.1792805229059
2017-11-21 00:00:00+00:00,38.1368543299,0.71716718956083,38.11229494239145,0.07172580926126843,41.36769211427779,64.42961072534885
2017-11-22 00:00:00+00:00,37.890755359,-0.6453048507124692,38.00152515069573,-0.2867895207256004,29.097200880974544,43.89275024692991
2017-11-24 00:00:00+00:00,37.9756170731,0.22396416565455546,37.98857111189786,-0.03141267753552246,38.52842864140104,57.00747911916634
2017-11-27 00:00:00+00:00,37.7549766164,-0.5810055864932551,37.871773864148935,-0.30620913201438876,25.368286237703188,43.034871426479604
2017-11-28 00:00:00+00:00,37.9586447303,0.5394470667253293,37.915209297224465,0.11661896735547025,49.33155358068011,62.31821393640091
2017-11-29 00:00:00+00:00,37.2967233601,-1.7437961099586619,37.605966328662234,-0.8135885713015958,19.230334701034614,30.62740400222484
2017-11-30 00:00:00+00:00,38.0519926158,2.0250284412597575,37.82897947223112,0.6057199349790808,60.49126782699183,69.29205545641285
2017-12-01 00:00:00+00:00,37.9162138732,-0.35682426402979806,37.87259667271556,0.12444783547464139,53.16714917502849,45.33764993011367
2017-12-04 00:00:00+00:00,37.7549766164,-0.42524619504260563,37.81378664455778,-0.15039917978398212,43.734892239776954,44.67220665026376
2017-12-05 00:00:00+00:00,36.863928618,-2.3600809171550274,37.33885763127889,-1.2552400484695048,17.702021315119122,27.53167038988133
2017-12-06 00:00:00+00:00,36.8724147894,0.023020257791661614,37.10563621033944,-0.6161098953389216,18.39593865071585,57.59325241390344
2017-12-07 00:00:00+00:00,36.5584264471,-0.8515535098348459,36.83203132871972,-0.7338317025868837,12.53160887932953,46.88652286595678
2017-12-08 00:00:00+00:00,36.7875530753,0.6267409472110463,36.80979220200986,-0.05354537768791867,35.157646323845505,63.90146737610543
2017-12-11 00:00:00+00:00,37.0506243891,0.7151095732339741,36.930208295554934,0.3307820977730277,55.14188385187752,64.90943047528953
2017-12-12 00:00:00+00:00,36.7705807325,-0.7558405862719719,36.85039451402747,-0.21252924424947212,36.9553583679036,38.245414133509385
2017-12-13 00:00:00+00:00,36.7790669039,0.023078698326073344,36.81473070896374,-0.09472527296169939,37.88653318994834,53.43809107144835
2017-12-14 00:00:00+00:00,36.7111775326,-0.18458698660679396,36.76295412078187,-0.13965612978424669,32.182477408168545,48.65151465701413
2017-12-15 00:00:00+00:00,37.8143798162,3.0050855291153367,37.288666968490936,1.4327146996655449,85.4774541672385,83.23971787742971
2017-12-18 00:00:00+00:00,39.2570289565,3.8150807901970563,38.27284796249547,2.6238977449313006,94.28581806685965,86.66201824761785
2017-12-19 00:00:00+00:00,39.9189503267,1.6861219195509092,39.09589914459774,2.155009832241105,95.96864779500176,48.011361700572365
2017-12-20 00:00:00+00:00,40.3602312401,1.1054421766818034,39.728065192348865,1.6302260044614543,96.88578563999124,40.602643877549774
2017-12-21 00:00:00+00:00,39.6813375271,-1.6820857862813288,39.70470135972443,-0.025929890909937248,63.53153826651458,19.23247339835284
2017-12-22 00:00:00+00:00,39.6304204986,-0.1283147990291944,39.66756092916222,-0.07712234496956583,61.16272708701562,43.91380885242837
2017-12-26 00:00:00+00:00,39.104277871,-1.3276231263268823,39.38591940008111,-0.7023727356482241,38.761449737181195,32.43726343629394
2017-12-27 00:00:00+00:00,39.1297363853,0.06510416682283804,39.25782789269056,-0.31863428441269304,40.34720998971697,53.57265899535042
2017-12-28 00:00:00+00:00,39.2230842708,0.2385599651907544,39.24045608174528,-0.04003715961096932,47.783901018989255,56.13610590519928
2017-12-29 00:00:00+00:00,39.1721672423,-0.1298139334185655,39.20631166202264,-0.08492554651476741,43.36108436170467,47.73923858002436
2018-01-02 00:00:00+00:00,39.7577130698,1.4948006932526736,39.48201236591132,0.7049375733689531,78.18759570951728,73.73207108589921
2018-01-03 00:00:00+00:00,38.4084118152,-3.3938100318575137,38.94521209055566,-1.3444362292442804,25.017076882839905,22.722186105481338
2018-01-04 00:00:00+00:00,37.7040595879,-1.83384887323369,38.324635839227824,-1.5891425512389852,16.324544220361698,41.946335664203254
2018-01-05 00:00:00+00:00,37.9671309017,0.6977267611905313,38.14588337046391,-0.4457078950242269,29.9589778940944,63.842218665200484
2018-01-08 00:00:00+00:00,37.9671309017,0.0,38.05650713608196,-0.22285394751211346,29.958977894094392,55.230367905912445
2018-01-09 00:00:00+00:00,37.0166797034,-2.5033527046349535,37.53659341974098,-1.3631033260735335,12.887915597923184,31.999679685865438
2018-01-10 00:00:00+00:00,36.0662285052,-2.5676295275956385,36.80141096247049,-1.9653664268345858,6.948705272312478,31.48955737916583
2018-01-11 00:00:00+00:00,36.8384701038,2.1411764706383396,36.819940533135245,0.08790502190187688,40.41450473067516,75.10310906454977
2018-01-12 00:00:00+00:00,36.6942051897,-0.39161483550620435,36.757072861417626,-0.15185490680216374,36.714400072764704,49.61810437229898
2018-01-16 00:00:00+00:00,36.6093434756,-0.23126734496983214,36.68320816850881,-0.19156112588599794,33.970191716270605,51.190932727851326
2018-01-17 00:00:00+00:00,37.6701149022,2.897542883572868,37.176661535354405,1.352990878843435,72.50435120331107,74.49524515357388
2018-01-18 00:00:00+00:00,37.7464904449,0.20274836670470808,37.4615759901272,0.7778696227740716,74.13458206261954,46.0745547448262
2018-01-19 00:00:00+00:00,38.035020273,0.7643884893648201,37.7482981315636,0.7711290560694458,80.63936044060142,51.82086177758755
2018-01-22 00:00:00+00:00,38.8242342144,2.074966532777789,38.2862661729818,1.4230477944236173,90.47133062444848,64.90919712232522
2018-01-23 00:00:00+00:00,39.0873055282,0.677595628408878,38.686785850590894,1.0503217114162475,92.40087384838789,45.249423767081794
2018-01-24 00:00:00+00:00,38.6205661005,-1.19409465910425,38.65367597554545,-0.07188647384400126,60.04314940650413,28.13082315658418
2018-01-25 00:00:00+00:00,38.4423565008,-0.46143704687355847,38.54801623817272,-0.26666176035877986,50.012514015697036,41.1936647559569
2018-01-26 00:00:00+00:00,42.4987464362,10.551876379679225,40.523381337186365,5.142607309660223,92.5434183756859,88.46548914837027
2018-01-29 00:00:00+00:00,42.4138847221,-0.19968051111201035,41.468633029643186,2.471463399274106,90.13679140833167,40.63407386718654
2018-01-30 00:00:00+00:00,41.4040303239,-2.3809523810814914,41.436331676771594,0.04525550909630738,61.56060180416277,34.892838529010966
2018-01-31 00:00:00+00:00,40.8524291821,-1.3322402130538369,41.1443804294358,-0.6434923519787648,48.86721609320405,40.91345983915934
2018-02-01 00:00:00+00:00,40.4366067829,-1.0178645616065407,40.7904936061679,-0.8306784567926527,39.62773031193789,43.272263845507545
2018-02-02 00:00:00+00:00,39.1636810709,-3.147953830137651,39.97708733853395,-1.9893161434651518,21.21178860869486,30.78264077770981
2018-02-05 00:00:00+00:00,37.7804351306,-3.531960996709782,38.87876123456697,-2.760638570087467,12.069300099219916,28.554002941700734
2018-02-06 00:00:00+00:00,38.3659809581,1.5498652291215942,38.62237109633349,-0.6053866704829365,30.963163136020317,70.68474231367307
2018-02-07 00:00:00+00:00,38.6137238768,0.6457359163331677,38.618047486566745,0.020174622925115626,39.24780643851595,61.073567675760366
2018-02-08 00:00:00+00:00,36.5207233569,-5.4203539823765245,37.56938542173337,-2.7000896797257044,15.57001250209916,25.78659708496126
2018-02-09 00:00:00+00:00,37.5458664687,2.8070175439345757,37.557625945216685,0.053463932104435674,41.49941368138756,65.88597242616105
2018-02-12 00:00:00+00:00,38.297638084,2.0022753128542403,37.92763201460834,1.027869622479338,56.271784528740305,61.04644885376968
2018-02-13 00:00:00+00:00,37.9815522912,-0.8253401739990118,37.95459215290417,0.10126472424016308,48.541223507278964,44.0089603321612
2018-02-14 00:00:00+00:00,38.7674953435,2.0692757533295802,38.361043748202086,1.0852702387848716,65.97511537943447,60.80583392930362
2018-02-15 00:00:00+00:00,39.2288097438,1.189951520500654,38.79492674600104,1.1376108796427626,73.7924472877974,53.493436694010484
2018-02-16 00:00:00+00:00,38.9212668103,-0.783972125355159,38.85809677815052,0.1768193771438018,60.00589149361694,38.07533700196709
2018-02-20 00:00:00+00:00,39.5705241144,1.6681299384843973,39.21431044627526,0.9224746578140995,74.87214720660899,59.712493631133995
2018-02-21 00:00:00+00:00,39.2458954624,-0.8203799653031751,39.23010295433763,0.0510473462554622,58.54951651113533,38.97941035627863
2018-02-22 00:00:00+00:00,39.1262954327,-0.3047453199649497,39.178199193518815,-0.12684898685474374,52.25408100796506,44.923174404579804
2018-02-23 00:00:00+00:00,40.7750672708,4.213973799119342,39.97663323215941,2.043562406132299,85.18784211323025,75.8478600402106
2018-02-26 00:00:00+00:00,41.9539818493,2.891263356282048,40.965307540729704,2.4674128812071734,91.48631853320138,60.84699727167488
2018-02-27 00:00:00+00:00,42.6374105905,1.6289961311774848,41.80135906561485,2.048204506192329,93.7845428348006,47.421606129002136
2018-02-28 00:00:00+00:00,42.1077533161,-1.242236024806831,41.954556190857424,0.4029842406927491,71.38359507526957,27.054332930707194
2018-03-01 00:00:00+00:00,40.8690387227,-2.9417731791602786,41.411797456778714,-1.2693944692337649,38.83933162308864,19.58559759052439
2018-03-02 00:00:00+00:00,41.8429246789,2.382943143850036,41.62736106783936,0.5567743373081355,60.22472776318976,64.99734887414262
2018-03-05 00:00:00+00:00,42.5007248422,1.572070232537337,42.06404295501968,1.0644222849227363,70.62951718849621,57.5708422811075
2018-03-06 00:00:00+00:00,43.3208393317,1.9296482414005611,42.692441143359844,1.4970352631616488,80.2777587523662,60.5522440145838
2018-03-07 00:00:00+00:00,43.8419537468,1.2029185563786626,43.26719744507992,1.3499769097701557,84.9804285445294,49.86946679536324
2018-03-08 00:00:00+00:00,43.3464679095,-1.130163678748386,43.30683267728996,0.10990661551088488,63.414572396861814,26.962645250145453
2018-03-09 00:00:00+00:00,44.5851825028,2.857705951696521,43.946007590044985,1.483806283603703,81.25414211370841,66.46114097518203
2018-03-12 00:00:00+00:00,44.0128109321,-1.2837708372373635,43.97940926107249,0.1000177231831697,60.729556101056474,36.0722712582622
2018-03-13 00:00:00+00:00,44.234925273,0.5046583851294084,44.107167267036246,0.30233805415628906,65.76349686885366,50.6798679583338
2018-03-14 00:00:00+00:00,44.3032681471,0.15449980683410747,44.20521770706812,0.22841893049519826,67.67588829327114,47.49272973284854
2018-03-15 00:00:00+00:00,43.4660679392,-1.8897030465568454,43.835642823134066,-0.8306420580308236,33.39717671303005,30.62661870162053
2018-03-16 00:00:00+00:00,43.7138108578,0.5699685532782439,43.77472684046703,-0.13033675237628983,45.622789373808025,57.72395380574327
2018-03-19 00:00:00+00:00,43.4233536428,-0.6644518272379552,43.59904024163352,-0.3973942898071225,34.4892369735442,44.60744433015127
2018-03-20 00:00:00+00:00,44.0384395099,1.4164863270573091,43.81873987576676,0.5095460186250933,63.0960550913929,64.82071418739625
2018-03-21 00:00:00+00:00,44.0469823692,0.01939864217503917,43.93286112248338,0.26447233040006624,63.42875706877224,47.40136955832162
2018-03-22 00:00:00+00:00,43.4233536428,-1.4158262220389295,43.67810738264169,-0.5756769458194316,31.918966115168892,33.52051449001514
2018-03-23 00:00:00+00:00,42.1675533309,-2.891992917521302,42.922830356770845,-1.733834931670367,12.764873735245338,23.089168751390964
2018-03-26 00:00:00+00:00,44.8329254215,6.3209076174852274,43.87787788913542,2.29353634290743,70.02718228501496,80.34618682408363
2018-03-27 00:00:00+00:00,43.7308965764,-2.458079268169988,43.80438723276771,-0.08227146263127905,49.76693543385357,38.92562004883484
2018-03-28 00:00:00+00:00,42.3725819533,-3.1060754053531925,43.088484593033854,-1.5941734339922358,32.42346046582421,36.82378573630046
2018-03-29 00:00:00+00:00,44.4912110509,4.999999999846594,43.78984782196693,1.7029132829271791,62.77480814692814,68.61890700512781
2018-04-02 00:00:00+00:00,41.7916675233,-6.067588325504547,42.79075767263346,-2.1823375212886837,33.778272029648804,33.79044032087305
2018-04-03 00:00:00+00:00,42.5007248422,1.69664758771515,42.64574125741673,-0.24284496678676692,43.97428547590186,56.84160349305175
2018-04-04 00:00:00+00:00,42.7057534646,0.48241206040895435,42.67574736100836,0.11978354681109371,47.48153241335242,52.5498104523903
2018-04-05 00:00:00+00:00,43.0389249759,0.7801560311450295,42.85733616845418,0.4499697889780616,54.43435415833721,53.8319786818371
2018-04-06 00:00:00+00:00,41.6806103528,-3.1560142913899414,42.26897326062709,-1.3530222512059398,30.08080442903667,35.050678477741364
2018-04-09 00:00:00+00:00,42.3298676569,1.5576962491778534,42.29942045876355,0.10233699898595683,47.06188722125092,60.0731656609103
2018-04-10 00:00:00+00:00,43.7992394505,3.4712411706784074,43.04932995463177,1.7867890848321821,70.98439487971395,67.66003229456798
2018-04-11 00:00:00+00:00,43.654010843,-0.3315779208087011,43.351670398815884,0.7276055820117405,66.52731923842137,43.19343485834226
2018-04-12 00:00:00+00:00,45.0379540439,3.1702544031459112,44.19481222135794,1.948929992578826,82.35978094371589,62.11594581507276
2018-04-13 00:00:00+00:00,44.3032681471,-1.6312594841317196,44.249040184228974,0.15883525422355316,59.826431734927645,36.86186241837101
2018-04-16 00:00:00+00:00,44.7645825474,1.0412649440856292,44.506811365814485,0.6000500991545912,68.05764816312097,52.86229420521708
2018-04-17 00:00:00+00:00,45.7384685036,2.175572519119928,45.12263993470724,1.3878113091372597,80.6271748138012,59.41091190526988
2018-04-18 00:00:00+00:00,45.7982685184,0.13074336932663577,45.46045422655362,0.7592773392319477,81.30476545584636,43.18710570005316
2018-04-19 00:00:00+00:00,44.6108110806,-2.5927998507693006,45.03563265357681,-0.9167612557686764,39.82023034847959,27.942406922303167
2018-04-20 00:00:00+00:00,44.0213537914,-1.3213328225191945,44.52849322248841,-1.1190470391439353,28.856846038988106,42.223938152832154
2018-04-23 00:00:00+00:00,43.654010843,-0.8344653600175445,44.09125203274421,-0.9767561995807399,22.95023220663132,48.12890357124366
2018-04-24 00:00:00+00:00,43.9530109173,0.6849315069246131,44.02213147502211,-0.14591234632806338,38.35566022713676,64.91481500878476
2018-04-25 00:00:00+00:00,43.8932109024,-0.13605442187456518,43.95767118871105,-0.14098338410131428,36.185186631690414,51.4263889450063
2018-04-26 00:00:00+00:00,45.3198683996,3.2502919423513577,44.63876979415552,1.5546542791250217,78.90450954962097,78.74794156124089
2018-04-27 00:00:00+00:00,45.0464969031,-0.6032045240943584,44.84263334862776,0.47572487751533166,66.17229813606433,40.17531908335303
2018-04-30 00:00:00+00:00,44.0982395248,-2.1050635309995513,44.47043643671388,-0.8146693267421099,35.97125792713639,31.231896202611132
2018-05-01 00:00:00+00:00,45.559068459,3.3126695077667634,45.01475244785694,1.2490000905123266,68.83721699484411,68.80625766641388
2018-05-02 00:00:00+00:00,44.687696814,-1.912619538707594,44.85122463092847,-0.33180972409763365,47.17241338381643,38.429036910511776
2018-05-03 00:00:00+00:00,44.6620682362,-0.05735041102402638,44.756646433564235,-0.19458006756083002,46.526397463084564,50.150214616151594
2018-05-04 00:00:00+00:00,45.3454969774,1.5302218822147218,45.051071705482116,0.6678209073269459,65.45167094368118,59.93911112145052
2018-05-07 00:00:00+00:00,45.8180248921,1.0420613869013273,45.43454829879106,0.8549411471141366,74.72786996254456,54.96120114256697
2018-05-08 00:00:00+00:00,46.075767391,0.5625351583944838,45.75515784489553,0.7087381527543102,79.27972437281707,48.96884525907904
2018-05-09 00:00:00+00:00,46.6857579718,1.3238858847940849,46.22045790834777,1.0163120187741974,87.36108697595519,59.48815155359956
2018-05-10 00:00:00+00:00,47.2356086362,1.1777695988830938,46.72803327227388,1.0970408088286456,91.72495964506818,56.15579544538291
2018-05-11 00:00:00+00:00,46.9692747206,-0.5638413969665468,46.84865399643694,0.2665997059310494,73.32938474554214,28.056409953693056
2018-05-14 00:00:00+00:00,47.1668773031,0.4207060544908492,47.00776564976847,0.3436528802109493,78.19593034912216,49.48866397845638
2018-05-15 00:00:00+00:00,46.3249184733,-1.7850637522375479,46.66634206153424,-0.7207054360132993,36.09801534190109,24.73035759571206
2018-05-16 00:00:00+00:00,46.9435004707,1.335311572661535,46.80492126611712,0.30730306832411786,59.89330483470539,63.48935849256836
2018-05-17 00:00:00+00:00,47.0895545535,0.311127379372067,46.947237909808564,0.3092152238480924,64.56635230945045,50.64878913760369
2018-05-18 00:00:00+00:00,45.9640789748,-2.3900748040020403,46.45565844230428,-1.040429790076974,27.512731274542425,28.13638368391403
2018-05-21 00:00:00+00:00,46.6685751386,1.5327102805350101,46.56211679045214,0.24614024522901812,52.89480213117608,63.48832526606429
2018-05-22 00:00:00+00:00,46.7802635548,0.239322533135633,46.67119017262607,0.24273138918232556,56.51571757123188,51.064650976812246
2018-05-23 00:00:00+00:00,47.4332112187,1.3957759411404647,47.05220069566303,0.8192536651613951,74.0249580366222,61.237797298827566
2018-05-24 00:00:00+00:00,47.0380060537,-0.8331823944573991,47.04510337468152,-0.006964364648001986,54.20810383831355,38.24895025790343
2018-05-25 00:00:00+00:00,47.6308138012,1.2602739725472878,47.33795858794076,0.6266548039496429,71.42179506747264,59.610067996546086
2018-05-29 00:00:00+00:00,47.5277168016,-0.21645021651383045,47.432837694770384,0.20510229371790623,65.04339176749914,43.63772940112181
2018-05-30 00:00:00+00:00,47.8370078003,0.6507592190702294,47.63492274753519,0.4279307563940678,75.06443509015577,54.40051509145419
2018-05-31 00:00:00+00:00,47.4246198021,-0.8620689653532576,47.52977127481759,-0.2170691044795949,47.71018758944464,36.27471760028742
2018-06-01 00:00:00+00:00,49.0398061287,3.4057971014634925,48.2847887017588,1.5943639984919489,83.35201854191406,73.55752645928665
2018-06-04 00:00:00+00:00,48.8250207129,-0.4379817800182928,48.5549047073294,0.578191109236828,73.37573456850475,41.08487717874732
2018-06-05 00:00:00+00:00,48.567278214,-0.5278901987888052,48.5610914606647,0.025150455224011437,60.36971725114564,40.45821917549321
2018-06-06 00:00:00+00:00,48.9968490455,0.884486113484062,48.77897025308235,0.4548182843540367,72.53867459877318,56.20027120366821
2018-06-07 00:00:00+00:00,48.008836133,-2.0164825529545682,48.393903193041176,-0.7808321343002658,35.223820310797606,30.971834965426837
2018-06-08 00:00:00+00:00,47.2957485526,-1.4853256980121632,47.84482587282059,-1.1330789161562145,22.62421083342845,38.54814796967693
2018-06-11 00:00:00+00:00,46.8404034712,-0.9627611261794344,47.3426146720103,-1.0479200211678243,16.85082252621146,47.11417252040324
2018-06-12 00:00:00+00:00,47.0981459701,0.5502567864482,47.220380321055146,-0.24883161735981218,31.658262734744408,67.05746106012447
2018-06-13 00:00:00+00:00,47.2785657193,0.38307187147990085,47.249473020177575,0.06712012706004433,42.42418883721886,63.11271877125795
2018-06-14 00:00:00+00:00,47.7167279675,0.926767217942781,47.48310049383879,0.4969436725014127,63.41749873757237,71.33766229712614
2018-06-15 00:00:00+00:00,47.3472970524,-0.7742167806468525,47.4151987731194,-0.1386365540727199,43.40282901260381,34.86030645173535
2018-06-18 00:00:00+00:00,45.7235193092,-3.429504627060209,46.5693590411597,-1.7840705905664644,14.088308833989075,15.864982347860673
2018-06-19 00:00:00+00:00,45.4743682269,-0.5449079293637693,46.02186363402985,-1.1644892599651169,12.192913913380726,55.43538259944646
2018-06-20 00:00:00+00:00,45.9297133083,1.0013225013440596,45.975788471164925,-0.08158337931052861,35.8518064134367,67.66365196207833
2018-06-21 00:00:00+00:00,44.8386033962,-2.3756079311360034,45.40719593368246,-1.228595655223266,18.213077373302884,35.63297745331789
2018-06-22 00:00:00+00:00,45.1049373117,0.5939835216245193,45.25606662269123,-0.31730606679937334,30.697156972105162,60.375370949315126
2018-06-25 00:00:00+00:00,43.5670737348,-3.4095238094945524,44.41157017874561,-1.863414938146963,13.219723986281322,33.96942713611274
2018-06-26 00:00:00+00:00,42.6735664052,-2.050877538938989,43.542568291972806,-1.9571462385429759,8.835571145273892,45.99334937267643
2018-06-27 00:00:00+00:00,41.8917474918,-1.8320918059118063,42.7171578918864,-1.894619022227391,6.156017499015193,48.26875024674522
2018-06-28 00:00:00+00:00,42.3127269067,1.004922067245828,42.514942399293204,-0.4448484774907815,24.620154633742978,71.56829103610063
2018-06-29 00:00:00+00:00,42.7079320718,0.9340101524806688,42.6114372355466,0.24458083749494364,40.973972415719174,70.3798120540089
2018-07-02 00:00:00+00:00,43.1289114867,0.9857171595015535,42.870174361123304,0.6151489984982486,56.1683064715226,70.90821194636526
2018-07-03 00:00:00+00:00,42.5017380726,-1.4541832670490806,42.685956216861655,-0.41951713427541604,35.656771222861195,31.33833131150134
2018-07-05 00:00:00+00:00,43.6014394014,2.587426723400177,43.14369780913083,1.0839547945623804,67.17974414432248,71.22997779284921
2018-07-06 00:00:00+00:00,44.1341072325,1.2216748768227426,43.638902520815414,1.1528148356925616,75.79550043000889,55.025349585906724
2018-07-09 00:00:00+00:00,44.5550866474,0.9538641230064204,44.096994584107705,1.053339479349491,81.54026822529124,51.574256208984295
2018-07-10 00:00:00+00:00,44.8128291463,0.5784805244342106,44.454911865203854,0.8159100018918508,84.84382900363738,45.565695617787775
2018-07-11 00:00:00+00:00,43.9880531497,-1.8404907976404705,44.221482507451924,-0.5122903978743099,45.639256953649806,21.431398141835043
2018-07-12 00:00:00+00:00,44.9760660623,2.2460937501316502,44.59877428487596,0.8669016761286702,70.29952270666213,66.4552321814757
2018-07-13 00:00:00+00:00,44.8643776461,-0.2483285577829064,44.73157596548798,0.3092865591728819,65.27820884183781,43.58635803690271
2018-07-16 00:00:00+00:00,44.6839578968,-0.40214477223597944,44.70776693114399,-0.046429106531548775,55.64712950709244,42.24179440773743
2018-07-17 00:00:00+00:00,44.4605810644,-0.4999038646395171,44.584173997772,-0.2731664855855329,43.67903352751462,41.03500478536588
2018-07-18 00:00:00+00:00,44.4348068145,-0.05797101450983888,44.509490406135995,-0.1655687500476859,42.11148143413553,50.60409295670777
2018-07-19 00:00:00+00:00,44.6581836469,0.502706883215498,44.583837026518,0.16856906658390602,60.52724565634503,62.259600544033766
2018-07-20 00:00:00+00:00,44.5980437305,-0.13466717964955022,44.590940378509,0.016950943467177904,53.63639494121237,44.39637308499658
2018-07-23 00:00:00+00:00,44.9417003958,0.7705644386033272,44.7663203871545,0.3937576910352526,76.53464435080477,65.49011710214798
2018-07-24 00:00:00+00:00,44.8300119796,-0.24851844771417442,44.79816618337725,0.07261962166053909,61.68325767438998,39.918226368953135
2018-07-25 00:00:00+00:00,45.0447973953,0.47911077025306614,44.92148178933863,0.2758651959568026,75.43410466788268,57.635043955360295
2018-07-26 00:00:00+00:00,44.8128291463,-0.5149723440075027,44.867155467819316,-0.11955357402535005,47.70161060237454,35.92553378350354
2018-07-27 00:00:00+00:00,40.9638744957,-8.588957055209246,42.91551498175966,-4.354255314617298,4.699611405290545,6.427877966062293
2018-07-30 00:00:00+00:00,40.9724659123,0.020973154287218243,41.94399044702983,-2.1666410801650398,4.986395223596244,59.55160493163073
2018-07-31 00:00:00+00:00,41.3247139942,0.8597190187526804,41.634352220614915,-0.6534610307061797,19.824451916175487,62.65011786186108
2018-08-01 00:00:00+00:00,41.934704575,1.476091476121555,41.784528397807456,0.4113152227076876,42.96214919174519,65.558417861713
2018-08-02 00:00:00+00:00,42.5103294892,1.3726695347775708,42.147428943503726,0.8919923787426292,59.50437693285467,64.2983028133078
2018-08-03 00:00:00+00:00,42.6392007387,0.3031527890950514,42.39331484110186,0.5975725839188403,63.09842183183852,49.53037627488486
2018-08-06 00:00:00+00:00,42.6134264888,-0.060447310112454744,42.503370664950936,0.26856263690319276,61.46197030359679,44.33738329710657
2018-08-07 00:00:00+00:00,42.9591743711,0.8113590264581694,42.73127251802546,0.5399608316806811,74.67692828503374,59.579239899063474
2018-08-08 00:00:00+00:00,43.1839104945,0.5231388328337694,42.95759150626273,0.5315498322572252,81.02194308879089,52.456180569416496
2018-08-09 00:00:00+00:00,43.3394970416,0.36028823077478567,43.148544273931364,0.4459190315160054,84.94043603136541,47.62995116199061
2018-08-10 00:00:00+00:00,42.2244601213,-2.572796170730174,42.68650219761568,-1.0634385696070843,26.382249804159255,13.664632287370265
2018-08-13 00:00:00+00:00,41.878712239,-0.8188331628320444,42.282607218307845,-0.9411358662195644,19.97667759704039,47.345259247244414
2018-08-14 00:00:00+00:00,41.5934702361,-0.6811145511641636,41.938038727203924,-0.811125208691864,15.361201578060559,49.65829736382198
2018-08-15 00:00:00+00:00,41.0229862304,-1.3715710722421615,41.48051247880196,-1.0913481404670127,9.072666909698018,37.32711555997204
2018-08-16 00:00:00+00:00,40.7723190158,-0.6110408764300135,41.12641574730098,-0.8511945084485131,7.144860756808045,55.560087282725846
2018-08-17 00:00:00+00:00,40.7118131364,-0.14839940641234728,40.919114441850496,-0.4997969574304302,6.634444757775053,64.8823710354106
2018-08-20 00:00:00+00:00,40.193191313,-1.2738853503341252,40.55615287742525,-0.8868411538822777,3.4581575928166552,36.75048054433557
2018-08-21 00:00:00+00:00,41.1612853833,2.4086021504514887,40.85871913036262,0.7608804982846056,58.75196377080597,79.77934516789132
2018-08-22 00:00:00+00:00,40.6685946511,-1.196976060421795,40.76365689073131,-0.21804778106859468,40.878636809544034,39.90677701545489
2018-08-23 00:00:00+00:00,40.6080887717,-0.14877789586557055,40.685872831215654,-0.18341283846708262,38.70936721941625,50.660080681165944
2018-08-24 00:00:00+00:00,41.1958601715,1.4474244358174015,40.94086650135783,0.6320057986751595,65.43596546496363,64.97597005070257
2018-08-27 00:00:00+00:00,41.7922752684,1.4477549307554183,41.36657088487891,1.0398803647152888,79.22477463005511,64.97912589094993
2018-08-28 00:00:00+00:00,41.9824366037,0.4550155120264243,41.67450374428945,0.7474479383708565,82.55348409343094,46.21606849995437
2018-08-29 00:00:00+00:00,42.1380231507,0.3705991352257243,41.90626344749472,0.5590235367982904,85.42041039820236,44.57435448751142
2018-08-30 00:00:00+00:00,41.6971946008,-1.0461538461912223,41.80172902414736,-0.24356515469646595,50.29499266057322,23.531291456659662
2018-08-31 00:00:00+00:00,41.8614248449,0.39386401332823784,41.83157693452368,0.07514942931588595,59.58258356037963,55.53529505065015
2018-09-04 00:00:00+00:00,41.4551710832,-0.9704728475086632,41.64337400886184,-0.44766170909638864,35.18668548674274,34.82289511869794
2018-09-05 00:00:00+00:00,41.2477223539,-0.5004170140406661,41.44554818138092,-0.47403936156852733,26.78606977973609,45.35531897017472
2018-09-06 00:00:00+00:00,40.8501122893,-0.9639564124015343,41.147830235340464,-0.7189978869850309,15.883679519895757,36.60535360557575
2018-09-07 00:00:00+00:00,40.1499728277,-1.7139229793093902,40.64890153152023,-1.2164604331472106,7.654577935767431,24.93225456320137
2018-09-10 00:00:00+00:00,40.0203173718,-0.3229278795689461,40.334609451660114,-0.7696941563580784,6.691575880245325,60.22247095317347
2018-09-11 00:00:00+00:00,38.8361308751,-2.9589632828210144,39.585370163380055,-1.8643287195895464,2.4569220645080128,25.77638583560489
2018-09-12 00:00:00+00:00,38.8361308751,0.0,39.21075051924002,-0.9321643597947732,2.456922064508013,62.19016175771783
2018-09-13 00:00:00+00:00,39.3893274867,1.4244380146393176,39.30003900297001,0.24613682742227222,41.421483868571634,72.08075809992948
2018-09-14 00:00:00+00:00,39.3633963955,-0.06583278480384314,39.331717699235,0.09015202130921454,40.28986116458847,51.10238779422535
2018-09-17 00:00:00+00:00,39.2596720309,-0.2635046111312045,39.2956948650675,-0.08667629491099497,34.61571458984543,48.30522737475265
2018-09-18 00:00:00+00:00,39.8474434307,1.4971378246292577,39.57156914788375,0.7052307648591314,70.24039093107947,70.14101526906907
2018-09-19 00:00:00+00:00,39.890661916,0.10845986989143075,39.731115531941875,0.40684531737528107,71.92738210703153,46.76879204302428
2018-09-20 00:00:00+00:00,40.7982501069,2.275189599037386,40.26468281942094,1.3410174582063337,89.92241452037183,70.09264949175802
2018-09-21 00:00:00+00:00,40.3314904659,-1.144067796478987,40.29808664266047,0.09847483086367337,60.16893492888508,34.40677530891536
2018-09-24 00:00:00+00:00,40.5475828923,0.5357908272264345,40.42283476748024,0.3171328290450539,67.61115867592106,52.30257153874614
2018-09-25 00:00:00+00:00,39.6832131866,-2.1317416330238093,40.05302397704012,-0.9073044019893777,31.875993909165054,31.701204308799625
2018-09-26 00:00:00+00:00,39.5016955485,-0.45741668459773344,39.77735976277006,-0.6823605432935556,27.326420196167852,50.17765231874237
2018-09-27 00:00:00+00:00,39.6572820955,0.39387308529319487,39.71732092913503,-0.14424372900018034,38.59469288330203,58.69878278214477
2018-09-28 00:00:00+00:00,40.8760433804,3.073234524658197,40.29668215476751,1.4644953978290083,78.23953953710713,77.14951477841736
2018-10-01 00:00:00+00:00,40.1499728277,-1.7762740535894217,40.22332749123375,-0.1558893278802067,49.61471772777933,34.86426275115605
2018-10-02 00:00:00+00:00,41.576182842,3.5522066737640356,40.89975516661688,1.6981586729419145,75.75280861178688,65.77824408273605
2018-10-03 00:00:00+00:00,42.1466668478,1.3721413723043918,41.52321100720844,1.5351500226231531,81.50846018236028,50.94080964795967
2018-10-04 00:00:00+00:00,41.6021139332,-1.2920426580030342,41.562662470204216,0.12155368231005947,60.83282314517799,36.03909141365188
2018-10-05 00:00:00+00:00,40.651307257,-2.285476833525102,41.10698486360211,-1.0819615756075212,36.550409515106914,30.97152721046768
2018-10-08 00:00:00+00:00,40.651307257,0.0,40.87914606030105,-0.5409807878037606,36.550409515106914,53.523614990718855
2018-10-09 00:00:00+00:00,40.2364097983,-1.0206251328573335,40.55777792930053,-0.7808029603305471,26.25919962160035,43.91334294224165
2018-10-10 00:00:00+00:00,38.7237628134,-3.7593984962443483,39.640770371350264,-2.2701007282874475,10.339111346177997,25.490671275606815
2018-10-11 00:00:00+00:00,38.2310720811,-1.27232142876752,38.93592122622513,-1.7712110785274837,7.976449060024646,52.58570980026194
2018-10-12 00:00:00+00:00,38.7929123898,1.4695907755559734,38.864416808012564,-0.15081015148575516,33.83809654828274,70.39123980005631
2018-10-15 00:00:00+00:00,38.4903829928,-0.7798573975578704,38.677399900406286,-0.4653337745218128,27.57817758930976,48.14311034463188
2018-10-16 00:00:00+00:00,39.7091442778,3.1664046710784266,39.19327208910315,1.350535448278307,65.80498013726287,71.68947904368952
2018-10-17 00:00:00+00:00,39.6659257925,-0.10883761432292083,39.42959894080157,0.6208489169776931,64.00787259036478,45.79967969119301
2018-10-18 00:00:00+00:00,38.8707056633,-2.0047940727765834,39.150152302050785,-0.6919725778994452,36.49782390480269,34.86628316451817
2018-10-19 00:00:00+00:00,38.0322670488,-2.1569935512943728,38.59120967542539,-1.424483064596909,21.72845417641628,33.89204203774519
2018-10-22 00:00:00+00:00,38.9052804516,2.2954545456883135,38.7482450635127,0.4354857405457022,52.0402984680876,70.30368695644412
2018-10-23 00:00:00+00:00,38.4644519017,-1.1330815374751224,38.60634848260635,-0.3487978984647101,40.23761536730401,42.96789145148207
2018-10-24 00:00:00+00:00,36.6665629139,-4.674157303462156,37.63645569825317,-2.511477600963433,16.8536229975482,26.815025627945634
2018-10-25 00:00:00+00:00,38.3002216576,4.455445544585501,37.96833867792658,0.9719839718110341,53.60375895489976,70.17519953964768
2018-10-26 00:00:00+00:00,39.4930518514,3.114421123887423,38.73069526466329,2.0432025478492286,68.7375368061963,62.07225818237566
2018-10-29 00:00:00+00:00,39.2423846368,-0.6347121907498643,38.98653995073164,0.7042451785496822,62.328919645929744,41.82141160920847
2018-10-30 00:00:00+00:00,41.2822971421,5.198237885337509,40.134418546415816,2.9512415319435954,82.38094485968746,66.96964605017254
2018-10-31 00:00:00+00:00,40.5216518011,-1.842546063707995,40.32803517375791,0.5543477341178003,63.48115703248042,37.567439124135596
2018-11-01 00:00:00+00:00,41.6799072067,2.8583617747995227,41.00397119022895,1.7063547544586615,76.03773716903402,56.634942463553664
2018-11-02 00:00:00+00:00,40.7204568334,-2.3019493986439876,40.86221401181447,-0.2977973220926631,53.27636688791613,37.6841661672533
2018-11-05 00:00:00+00:00,41.4638147803,1.825514752796864,41.163014396057235,0.7638587153521005,65.33559893773129,55.53502958674674
2018-11-06 00:00:00+00:00,41.1007795039,-0.8755472170700496,41.13189694997862,-0.05584425085897454,54.946755556869235,43.346367815916444
2018-11-07 00:00:00+00:00,42.3794704218,3.111111111113285,41.75568368588931,1.5276334301271552,75.51572628370324,61.87273876703001
2018-11-08 00:00:00+00:00,42.614332019,0.5541871922004615,42.185007852444656,1.0409103111638083,78.25135067811996,47.06572712486095
2018-11-09 00:00:00+00:00,41.8488571838,-1.796284956100469,42.01693251812233,-0.37768732246833037,50.60767478077508,35.38811451052887
2018-11-12 00:00:00+00:00,40.5788648435,-3.0347121182358716,41.297898680811166,-1.7061997203521009,26.931082282098583,29.58649292251147
2018-11-13 00:00:00+00:00,41.2225595913,1.5862808146125618,41.260229136055585,-0.05995945286976956,46.102087448956375,63.280183021626456
2018-11-14 00:00:00+00:00,40.9616022612,-0.6330449459889254,41.11091569862779,-0.34650219942934746,39.758650362407685,47.058172807179076
2018-11-15 00:00:00+00:00,41.8488571838,2.166064981887761,41.47988644121389,0.9097813912292068,64.60007722523179,64.3485455437095
2018-11-16 00:00:00+00:00,42.4751547762,1.4965703594946644,41.977520608706946,1.2031758753619357,75.3589132038558,57.59949747395424
2018-11-19 00:00:00+00:00,41.7531728294,-1.6997747285538933,41.86534671905348,-0.2482994265959788,49.39842210448506,32.89319763071187
2018-11-20 00:00:00+00:00,41.2225595913,-1.27083333347634,41.54395315517674,-0.7595663800361594,35.80191086641555,38.22684562399033
2018-11-21 00:00:00+00:00,40.9094107951,-0.7596539353807774,41.22668197513837,-0.7596101577084684,28.78761579080101,45.91157815290958
2018-11-23 00:00:00+00:00,40.4831804891,-1.0418881565780302,40.854931232119185,-0.9007491571432493,20.562546564554676,41.623209340292114
2018-11-26 00:00:00+00:00,41.2747510574,1.9553072627609636,41.0648411447596,0.5272790528088571,55.767867750839756,76.53548433796587
2018-11-27 00:00:00+00:00,41.8140628731,1.3066385668807134,41.4394520089298,0.9169588098447853,69.55645510190965,64.09202659550823
2018-11-28 00:00:00+00:00,42.5012505092,1.6434366547578128,41.9703512590649,1.280197732301299,80.92283875143444,68.12781193352647
2018-11-29 00:00:00+00:00,41.4922154992,-2.3741301677266624,41.73128337913245,-0.5469662177126817,44.40610485447783,22.625965000554576
2018-11-30 00:00:00+00:00,42.8926865045,3.3752620544617695,42.31198494181622,1.4141479183745438,71.33542758780126,68.20708621517278
2018-12-03 00:00:00+00:00,43.6059698737,1.6629486920227476,42.95897740775811,1.5385483051986457,79.07794124798784,53.99660510751821
2018-12-04 00:00:00+00:00,41.5357083876,-4.747656094099694,42.24734289767906,-1.6045538944505244,36.341709369158394,24.883214582510533
2018-12-06 00:00:00+00:00,42.0750202033,1.2984293193396113,42.16118155048953,-0.1530622875554566,47.44097330025942,57.387043819929204
2018-12-07 00:00:00+00:00,40.222223159,-4.403555923081126,41.19170235474476,-2.278309105318291,24.988653102854645,35.59712765660848
2018-12-10 00:00:00+00:00,41.0659851932,2.097750864900161,41.12884377397238,-0.09027912020906514,43.31446665663104,60.95358944817543
2018-12-11 00:00:00+00:00,41.2138610137,0.36009320074581463,41.17135239383619,0.13490704026837474,46.73539115016241,52.64387527309098
2018-12-12 00:00:00+00:00,41.6052970089,0.9497678343455496,41.38832470136809,0.5423374373069622,57.031560632801984,55.716888393624224
2018-12-13 00:00:00+00:00,42.0054315819,0.9617394941668245,41.696878141634045,0.7520384657368933,66.85548806963305,55.80422618034752
2018-12-14 00:00:00+00:00,41.631392742,-0.8904535099721889,41.664135441817024,-0.0692075221176478,50.625823351095896,38.282207021713795
2018-12-17 00:00:00+00:00,40.9529036835,-1.6297534476080844,41.30851956265851,-0.8494804848628661,30.487824091439464,32.224257279996955
2018-12-18 00:00:00+00:00,41.5270098099,1.4018691588682408,41.417764686279256,0.27619433700268736,53.808704999340634,65.6546848296384
2018-12-19 00:00:00+00:00,39.6394184549,-4.545454545465488,40.528591570589626,-2.1346301042314004,20.270041181484412,26.78186076916177
2018-12-20 00:00:00+00:00,39.6133227219,-0.06583278468047515,40.07095714624481,-1.1002314444559378,20.011384834528442,56.129127977908844
2018-12-21 00:00:00+00:00,39.0044222848,-1.5371102327737085,39.537689715522404,-1.3186708386148231,13.833216597159185,46.873233687648835
2018-12-24 00:00:00+00:00,37.9171000757,-2.7876895628927922,38.7273948956112,-2.0531802007538076,7.57170251881639,38.73017635312599
2018-12-26 00:00:00+00:00,40.1787302706,5.964670795985838,39.4530625831056,1.9557452976160152,61.683740162682774,78.30204582526984
2018-12-27 00:00:00+00:00,40.326606091,0.36804503129908017,39.889834337052804,1.1618951644575477,63.764355326044736,48.349903732419484
2018-12-28 00:00:00+00:00,40.6658506203,0.8412424505411353,40.277842478676405,1.0015688074993414,69.46931017394625,50.73969113623806
2018-12-31 00:00:00+00:00,40.8224250184,0.38502673794271747,40.5501337485382,0.6932977727210294,72.4700030019451,47.55749987813864
2019-01-02 00:00:00+00:00,40.9529036835,0.3196249733845802,40.7515187160191,0.5064613730528048,75.48215715019604,46.92466540381228
2019-01-03 00:00:00+00:00,38.6999720662,-5.5012744266231595,39.72574539110955,-2.4974065267851775,19.688547117153256,16.900708890719127
2019-01-04 00:00:00+00:00,41.0746837709,6.136210384436014,40.400214581004775,1.8194019288254182,62.967527039666756,71.52952304146538
2019-01-07 00:00:00+00:00,41.2660524797,0.46590427784516386,40.833133530352384,1.1426531033352911,65.23231036238802,48.31553040941601
2019-01-08 00:00:00+00:00,41.5270098099,0.6323777403432818,41.180071670126196,0.8875154218392864,69.09794764237523,49.0437985742629
2019-01-09 00:00:00+00:00,41.761871407,0.5655634686319466,41.4709715385631,0.7265394452356165,73.1309731956362,48.631262160619215
2019-01-10 00:00:00+00:00,42.2402931791,1.145594668010519,41.85563235883155,0.9360670566230678,80.79110467828596,53.70244868884866
2019-01-11 00:00:00+00:00,42.5621405529,0.7619439865991451,42.20888645586577,0.8490055216111064,85.08259288455875,48.911740823571634
2019-01-14 00:00:00+00:00,42.0576230479,-1.1853668505533377,42.13325475188289,-0.16818066447111563,55.78019813419648,29.12804292368431
2019-01-15 00:00:00+00:00,42.2750874897,0.5170630816494937,42.20417112079144,0.17444120858918902,63.83347233918857,53.69116001609898
2019-01-16 00:00:00+00:00,41.8662543391,-0.9670781892517799,42.03521272994573,-0.39631849033129546,42.17394319281502,36.94641306180193
2019-01-17 00:00:00+00:00,42.16200598,0.7064201122568337,42.098609354972865,0.1550508109627691,57.73538354490226,58.720879773808456
2019-01-18 00:00:00+00:00,42.7883035724,1.4854549204729173,42.44345646368643,0.8202528657178432,77.2135415177825,66.74083461244948
2019-01-22 00:00:00+00:00,41.9880344265,-1.870298841238005,42.21574544509322,-0.5250229877600809,40.9986540062358,29.592185990877
2019-01-23 00:00:00+00:00,41.7009813633,-0.6836544437498815,41.95836340419661,-0.6043387157549812,32.7372595138177,45.641047580880674
2019-01-24 00:00:00+00:00,43.2841224998,3.796412182024289,42.621242951998305,1.5960367331346539,74.77951122196106,76.2713578586139
2019-01-25 00:00:00+00:00,40.9181093728,-5.466237942125163,41.76967616239915,-1.9351006044952546,31.142556025611118,27.76006526883542
2019-01-28 00:00:00+00:00,40.6310563096,-0.701530612239909,41.200366235999574,-1.3183156083675818,28.152837602791642,51.54170245922928
2019-01-29 00:00:00+00:00,40.4831804891,-0.3639477629457044,40.84177336254979,-0.8411316856566431,26.208613510836027,53.17977563623087
2019-01-30 00:00:00+00:00,41.3530382564,2.1486892995825846,41.09740580947489,0.6537788069629707,54.14831584638871,66.00834234718141
2019-01-31 00:00:00+00:00,40.9876979942,-0.8834665543430931,41.04255190183744,-0.11484387369006116,43.719561236817725,44.124032327571356
2019-02-01 00:00:00+00:00,42.3881689995,3.4168081493578306,41.715360450668726,1.6509821378338847,73.29424793324411,67.23381461411063
2019-02-04 00:00:00+00:00,42.8143993055,1.0055407347390188,42.26487987808436,1.3282614362864518,78.46130758599256,49.881697865648064
2019-02-05 00:00:00+00:00,43.5015869416,1.6050386020754592,42.88323340984218,1.4666500191809555,85.3269516179719,54.282027350499156
2019-02-06 00:00:00+00:00,43.6799077839,0.40991801641487857,43.28157059687109,0.938284017797917,86.946543208164,42.9941237384807
2019-02-07 00:00:00+00:00,43.0934240521,-1.3426853708152109,43.18749732448555,-0.20220067650864693,56.29281729160057,29.50004819845513
2019-02-08 00:00:00+00:00,42.7520379993,-0.7921998780771267,42.969767661892774,-0.4972002772928868,43.042891371768896,38.582072925316716
2019-02-11 00:00:00+00:00,42.6907635796,-0.14332514323879275,42.83026562074639,-0.32026271026583975,40.47780434369596,49.97610866554383
2019-02-12 00:00:00+00:00,43.7761961578,2.542546647534505,43.303230889273195,1.1111419686343327,76.96055532400531,76.75313910887053
2019-02-13 00:00:00+00:00,44.1788566303,0.9198160366618469,43.74104375978659,1.0154790026480898,82.82002759308344,51.68189912720143
2019-02-14 00:00:00+00:00,44.4764752405,0.6736675253742996,44.10875950014329,0.8445732640111947,86.5987443050936,48.106492779259156
2019-02-15 00:00:00+00:00,45.2205217659,1.6728990356737583,44.66464063302165,1.2587361498424765,92.65607567854953,63.48759726278484
2019-02-19 00:00:00+00:00,44.992931064,-0.503290747236862,44.82878584851082,0.3777227013028073,76.74099190551264,32.255535296215655
2019-02-20 00:00:00+00:00,44.9841775754,-0.0194552530653036,44.90648171195541,0.17913372411875184,75.9879868707217,41.80331199152024
2019-02-21 00:00:00+00:00,45.0016845525,0.03891807751883469,44.95408313222771,0.10902590081879326,76.67461339263691,43.250738945872726
2019-02-22 00:00:00+00:00,45.9470613142,2.1007586073741313,45.450572223213854,1.1048922540964623,92.96624133935049,75.51527661673768
2019-02-25 00:00:00+00:00,46.4810241147,1.1621261191191223,45.96579816895692,1.1335091866077924,95.58109593629129,54.39652785261442
2019-02-26 00:00:00+00:00,46.5948194657,0.24482109240793193,46.28030881732846,0.6891651395078622,96.05046148688909,38.58015783569411
2019-02-27 00:00:00+00:00,46.6035729542,0.01878639857471054,46.441940885764225,0.35397576904128636,96.0982804976331,34.836292999684126
2019-02-28 00:00:00+00:00,46.3584752753,-0.5259203605287199,46.40020808053211,-0.08597229574371679,63.70390651491929,25.789756767325922
2019-03-01 00:00:00+00:00,46.6560938854,0.6419939575937006,46.528150982966054,0.2780108309249919,77.51166972145882,59.56283177304742
2019-03-04 00:00:00+00:00,47.2163171516,1.2007504691156967,46.87223406728303,0.7393806500203444,89.15769051974026,69.51807738544771
2019-03-05 00:00:00+00:00,46.9887264497,-0.48201705603014844,46.930480258491514,0.12868179699509796,67.77080189163654,32.91339230866975
2019-03-06 00:00:00+00:00,46.3497217867,-1.359910581283863,46.64010102259576,-0.6156143921443825,33.71259606517068,23.308974070471308
2019-03-07 00:00:00+00:00,46.043349688,-0.6610009443204778,46.34172535529788,-0.6383076682324302,24.76276677001278,43.12749422946837
2019-03-08 00:00:00+00:00,45.9383078256,-0.22813688211607008,46.14001659044894,-0.43322227517425016,21.788051464458277,54.13788055092675
2019-03-11 00:00:00+00:00,46.6998613281,1.657774390365363,46.41993895927447,0.6122760575955564,66.08913614323035,79.75366335876745
2019-03-12 00:00:00+00:00,46.8924380758,0.41237113392480484,46.65618851753723,0.5123235957601806,72.08638448699894,51.34580567408598
2019-03-13 00:00:00+00:00,47.5927171585,1.4933731566015407,47.12445283801861,1.0028483761808606,85.7920987783427,66.76086801523107
2019-03-14 00:00:00+00:00,46.7786427249,-1.710502115037582,46.95154778145931,-0.3538268694283607,46.21947673616009,27.71854006147842
2019-03-15 00:00:00+00:00,47.5577032044,1.6654191616493952,47.254625492929655,0.6557961461105173,67.64368871853809,62.43789394135827
2019-03-18 00:00:00+00:00,47.3563729681,-0.42333885518965886,47.305499230514826,0.11622864546042921,58.59529179888217,43.185959630975226
2019-03-19 00:00:00+00:00,47.4176473878,0.12939001840635012,47.361573309157414,0.12280933193338966,60.97823004591938,49.38113760643949
2019-03-20 00:00:00+00:00,47.1112752892,-0.6461140851092173,47.23642429917871,-0.26165237658791385,42.59319264456729,40.16396191689771
2019-03-21 00:00:00+00:00,47.8290613489,1.52359717560977,47.53274282403935,0.630972399510928,72.12670440538346,66.44705665208377
2019-03-22 00:00:00+00:00,46.6210799313,-2.525622254612314,47.076911377669674,-0.9473249275506931,31.377198193020014,29.8018368266447
2019-03-25 00:00:00+00:00,46.2009124816,-0.9012392040663841,46.63891192963484,-0.9242820658085387,24.233846604178762,47.29298746665225
2019-03-26 00:00:00+00:00,46.7786427249,1.2504736644110448,46.70877732726742,0.16309579930125306,48.44261532752091,64.74647734379312
2019-03-27 00:00:00+00:00,46.5335450459,-0.5239520959199218,46.621161186583706,-0.18042814830933435,40.25711131225284,45.931943112177855
2019-03-28 00:00:00+00:00,46.4897776033,-0.09405568081440885,46.55546939494185,-0.1372419145618716,38.51394401373785,51.09630050801078
2019-03-29 00:00:00+00:00,47.0062334268,1.1109019017190302,46.78085141087092,0.4868299935785793,65.19181288389657,65.10822493127306
2019-04-01 00:00:00+00:00,47.715265998,1.5083798881783128,47.248058704435465,0.9976049408784461,81.61709637482934,69.44066490282313
2019-04-02 00:00:00+00:00,47.58396367,-0.2751788662469168,47.416011187217734,0.36121303731576465,72.1586969461468,37.82691505150756
2019-04-03 00:00:00+00:00,48.5643543858,2.0603384841983985,47.99018278650887,1.2107757607570815,87.88423279497673,67.1776417992526
2019-04-04 00:00:00+00:00,48.9495078813,0.7930785868999868,48.46984533390443,1.001927173828534,90.90984412931178,48.530723721565145
2019-04-05 00:00:00+00:00,48.6693962482,-0.5722460658424855,48.569620791052216,0.21484055399302426,71.44599716620351,33.50218056355738
2019-04-08 00:00:00+00:00,48.7394241565,0.14388489214633982,48.65452247377611,0.17936272306968204,73.56814972494104,46.529670607864965
2019-04-09 00:00:00+00:00,48.4242985692,-0.6465517243046337,48.53941052148805,-0.23359450061747583,48.991069148108934,35.133862969402394
2019-04-10 00:00:00+00:00,48.8006985762,0.7772957340045128,48.67005454884402,0.2718506166935185,68.09042426231751,60.96548195026288
2019-04-11 00:00:00+00:00,48.8444660189,0.08968609871775612,48.757260283872014,0.18076835770563732,70.04661500549432,47.316117230462325
2019-04-12 00:00:00+00:00,49.387182308,1.1111111111133942,49.072221295936004,0.6459397344095158,86.00477814968815,64.85084721348598
2019-04-15 00:00:00+00:00,49.2646334685,-0.2481389578691262,49.168427382218,0.1989003882701948,72.85742277683511,38.96436470958069
2019-04-16 00:00:00+00:00,49.6410334754,0.7640369579541728,49.404730428809,0.4814686731121838,84.07390697849623,57.78613291728165
2019-04-17 00:00:00+00:00,51.2604288542,3.2622112503006395,50.3325796415045,1.8718399617064116,95.656748957112,80.28913909319999
2019-04-18 00:00:00+00:00,51.1991544345,-0.11953551905365956,50.765867038002256,0.876152221326376,91.86471526761314,38.55572645871561
2019-04-22 00:00:00+00:00,51.4880195561,0.5641990083440573,51.12694329705113,0.7201756148352167,93.6459282254876,46.92278673863027
2019-04-23 00:00:00+00:00,51.453005602,-0.06800408017607618,51.28997444952556,0.3260857673295703,90.06070865689783,39.4685523855023
2019-04-24 00:00:00+00:00,51.4004846708,-0.10207553589047791,51.34522956016278,0.11200511571954619,82.91807177236413,38.96811018478173
2019-04-25 00:00:00+00:00,50.4288474435,-1.8903269755586094,50.887038501831384,-0.8891609299195316,25.9051904829013,19.501285426278226
2019-04-26 00:00:00+00:00,45.894540383,-8.991494532133004,48.390789442415695,-4.940327731026268,4.456372862568944,4.905212394622766
2019-04-29 00:00:00+00:00,44.7390798965,-2.517642571115053,46.56493466945785,-3.7289851510706606,3.3850561613624777,53.005303611068015
2019-04-30 00:00:00+00:00,44.6778054768,-0.13695949903697047,45.62137007312893,-1.9329723250538156,3.3215390003871392,63.25696572877612
2019-05-01 00:00:00+00:00,44.4327077978,-0.5485893418092691,45.02703893546446,-1.2407808334315424,2.9854277734285994,59.8697016391591
2019-05-02 00:00:00+00:00,44.2488845386,-0.41371158390013374,44.63796173703223,-0.8272462086658381,2.680301354988132,60.89879687198932
2019-05-03 00:00:00+00:00,45.2993031627,2.373887240442585,44.968632449866114,0.7733205158883734,48.125074455142226,78.21653867837048
2019-05-06 00:00:00+00:00,45.1111031592,-0.4154589372468931,45.03986780453306,0.17893078932074014,42.75897252742937,46.98368706202497
2019-05-07 00:00:00+00:00,44.459361333,-1.44474814526252,44.74961456876653,-0.6329086779708899,27.07620918028881,38.47892389237438
2019-05-08 00:00:00+00:00,43.367253408,-2.456418383566328,44.05843398838327,-1.544663530768609,14.088363788854634,30.37310148867539
2019-05-09 00:00:00+00:00,41.0597350504,-5.320877335465135,42.55908451939163,-3.432770433116872,5.5900263629530755,16.03070582758146
2019-05-10 00:00:00+00:00,40.6898275274,-0.9009009009579572,41.624456023395815,-2.1668356670374145,4.881913118219359,59.87997515212232
2019-05-13 00:00:00+00:00,39.4215731629,-3.1168831169067213,40.523014593147906,-2.641859391972068,2.956104556506441,42.995084818354464
2019-05-14 00:00:00+00:00,39.7826733639,0.9159964253781627,40.152843978523954,-0.8629314832969526,16.948254627408613,67.78951511881006
2019-05-15 00:00:00+00:00,40.1790028528,0.996236440107201,40.16592341566198,0.06665247840512423,32.880733494603916,68.20228195140564
2019-05-16 00:00:00+00:00,40.099736955,-0.1972818939544041,40.13283018533099,-0.06531470777463994,31.09138118792615,53.03794100671274
2019-05-17 00:00:00+00:00,39.5360683486,-1.4056665933558365,39.83444926696549,-0.7354906505652382,19.672182515482792,39.64950640497678
2019-05-20 00:00:00+00:00,38.3646945258,-2.962797950650242,39.09957189638274,-1.8491443006077402,9.171709870747513,26.647489278027475
2019-05-21 00:00:00+00:00,39.1573535037,2.0661157027249244,39.12846270004137,0.10848570105859212,41.08942012917951,71.66319317618112
2019-05-22 00:00:00+00:00,38.7522166928,-1.03463787679553,38.94033969642068,-0.46307608786846893,32.36885693101129,45.71557180247857
2019-05-23 00:00:00+00:00,39.2190047575,1.204545454522954,39.07967222696034,0.37073468332724246,50.51845677363092,61.008357036647354
2019-05-24 00:00:00+00:00,39.2542340454,0.08982708285900642,39.16695313618017,0.23028088309312444,51.97740973163352,50.404832148048314
2019-05-28 00:00:00+00:00,38.3735018478,-2.243661655915574,38.770227491990084,-1.0066903864112249,24.68438609100903,32.608684002964104
2019-05-29 00:00:00+00:00,38.9547850982,1.5148037640805523,38.862506295095045,0.2540566888346637,50.44513601092076,63.631273341224656
2019-05-30 00:00:00+00:00,39.395151197,1.130454442733786,39.12882874604752,0.6922555657842249,64.31509907035885,59.434463674992884
2019-05-31 00:00:00+00:00,38.7874459807,-1.5425888664853615,38.95813736337376,-0.42516665035056833,40.72188065887536,35.20895414819632
2019-06-03 00:00:00+00:00,38.2766213061,-1.3169845595252139,38.61737933473688,-0.8710756049378912,27.843358565389885,38.38824877032916
2019-06-04 00:00:00+00:00,39.4479951289,3.060285319941025,39.03268723181844,1.094604857501567,65.4390791165406,74.62567965078418
2019-06-05 00:00:00+00:00,39.2366194014,-0.5358338917080818,39.13465331660922,0.2793854828967426,57.350860182720396,43.266377170823496
2019-06-06 00:00:00+00:00,39.7210221101,1.2345679013384014,39.427837713354606,0.756976692117572,70.06809692454434,56.70240484447589
2019-06-07 00:00:00+00:00,40.5401030538,2.0620842571211995,39.9839703835773,1.4095304746193857,82.9574069801639,62.86799652034355
2019-06-10 00:00:00+00:00,41.218266846,1.6728220727510568,40.601118614788646,1.5411762736852213,88.8959132773965,57.12793678619519
2019-06-11 00:00:00+00:00,41.2623034558,0.10683760664786934,40.93171103529433,0.8240069401665453,89.26041500015455,36.83382328280019
2019-06-12 00:00:00+00:00,40.7955153911,-1.131270010652763,40.86361321319716,-0.1536315352431088,58.64941348818576,25.915722986754137
2019-06-13 00:00:00+00:00,41.1301936262,0.8203799655219335,40.99690341969858,0.33337421513941234,69.7911299879706,56.4432052239412
2019-06-14 00:00:00+00:00,40.6810202054,-1.0920770878984354,40.83896181254929,-0.3793514363795115,45.24735117119137,35.152129654288736
2019-06-17 00:00:00+00:00,40.6281762736,-0.12989824624159985,40.733569043074645,-0.2546248413105557,42.60337500315437,49.521757726346756
2019-06-18 00:00:00+00:00,41.7202841986,2.688055495391861,41.22692662083732,1.2167153270406528,79.58468089303405,74.42148100499394
2019-06-19 00:00:00+00:00,41.4560645393,-0.6333122229998156,41.34149558006866,0.2917015520204186,64.50252483366758,39.75301058441083
2019-06-20 00:00:00+00:00,41.561752403,0.2549394518618797,41.45162399153433,0.27332050194114915,68.12672286559537,49.23889399567686
2019-06-21 00:00:00+00:00,41.7995500963,0.572155117508566,41.625587043917164,0.4227378097248575,76.29496823030959,53.187251122193466
2019-06-24 00:00:00+00:00,41.9492745699,0.35819637593001996,41.78743080690858,0.39046709282743874,80.91436345977866,49.306993665553684
2019-06-25 00:00:00+00:00,41.2623034558,-1.6376233466333212,41.52486713135429,-0.6235781269029412,34.56161236939855,24.39988514161443
2019-06-26 00:00:00+00:00,42.4424846006,2.860192102615411,41.98367586597715,1.1183069878562348,73.57328347113075,72.07856025795735
2019-06-27 00:00:00+00:00,41.7995500963,-1.5148371033181784,41.89161298113858,-0.1982650577309718,49.47235143717408,37.5374176522565
2019-06-28 00:00:00+00:00,42.1606502973,0.8638853771585575,42.02613163921929,0.33281015971379285,60.40067881165828,55.08961386388661
2019-07-01 00:00:00+00:00,42.3191820929,0.37601838321301706,42.17265686605964,0.354414271463405,65.33766917292725,50.706116036925835
2019-07-02 00:00:00+00:00,42.3808333467,0.14568158161625266,42.27674510637982,0.2500479265398288,67.68762758905328,48.001185101905506
2019-07-03 00:00:00+00:00,42.7331262258,0.8312551955220737,42.50493566608991,0.5406515610309512,79.56344156844035,58.00332200248031
2019-07-05 00:00:00+00:00,42.3456040588,-0.9068425393273349,42.42526986244495,-0.18309548914819185,49.52820428929304,33.49900458897093
2019-07-08 00:00:00+00:00,42.1166136875,-0.5407653908585885,42.27094177497247,-0.3619304400033902,37.11082287292502,41.32965871318395
2019-07-09 00:00:00+00:00,42.0549624336,-0.14638226700144363,42.162952104286234,-0.25415635350241694,33.698829300610115,50.70903897126112
2019-07-10 00:00:00+00:00,42.4600992445,0.9633507853910706,42.31152567439312,0.3545972159443268,65.21946350875422,70.56827953193125
2019-07-11 00:00:00+00:00,42.8035848016,0.8089607966342616,42.55755523799656,0.5817790062892942,78.32455029304701,65.09514849290169
2019-07-12 00:00:00+00:00,43.9661513023,2.7160493825193255,43.26185327014828,1.64891419440431,92.55894182736617,85.67736673775202
2019-07-15 00:00:00+00:00,44.1422977419,0.40064102584023153,43.702075506024144,1.0247776101222708,93.52529930526245,41.31266411127713
2019-07-16 00:00:00+00:00,43.3056021542,-1.8954509178297885,43.50383883011207,-0.43533665385375886,48.57670936253732,23.337362779740655
2019-07-17 00:00:00+00:00,43.4993632376,0.44742729291713523,43.50160103385603,0.006045319531688187,55.933463142781115,53.98275946314104
2019-07-18 00:00:00+00:00,43.9837659463,1.113585746196133,43.742683490078015,0.5598155328639105,71.31990523712162,60.685512260213464
2019-07-19 00:00:00+00:00,44.2744075715,0.66079295155137,44.00854553078901,0.6103042422076402,78.17755382004894,52.83862581870314
2019-07-22 00:00:00+00:00,45.2255983449,2.1483986473763483,44.6170719378445,1.3793514447919943,89.96117287835565,71.19430058993
2019-07-23 00:00:00+00:00,45.5778912239,0.7789678675190537,45.09748158087225,1.079159656155524,92.27774939404733,46.307139118663486
2019-07-24 00:00:00+00:00,46.608347895,2.260869565109802,45.852914737936125,1.670014610632663,96.16279359508925,65.74432068693889
2019-07-25 00:00:00+00:00,45.9389914249,-1.4361300074568928,45.895953081418064,0.1169423015878851,64.53023559272637,27.920655122687144
2019-07-26 00:00:00+00:00,45.4369740723,-1.0927914110188675,45.66646357685903,-0.4879245547154912,47.10007575276877,33.26875017685801
2019-07-29 00:00:00+00:00,46.247247694,1.7832913354016044,45.95685563542952,0.6476833903430567,68.01594369367005,65.46547831456498
2019-07-30 00:00:00+00:00,45.533854614,-1.542563321216961,45.74535512471476,-0.44743996543695214,44.68363240429991,35.63903135047537
2019-07-31 00:00:00+00:00,44.5210125868,-2.224371373313494,45.13318385575738,-1.3359056693752231,25.820451079683863,31.259555876108855
2019-08-01 00:00:00+00:00,43.5962437794,-2.077151335219596,44.36471381757869,-1.7065285022974095,16.361095286578117,33.89075935443854
2019-08-02 00:00:00+00:00,42.8740433774,-1.656565656560649,43.619378597489344,-1.6815470794290293,11.448095131714345,43.2065397890684
2019-08-05 00:00:00+00:00,41.3679913195,-3.5127362368016835,42.49368495849467,-2.5971416581153566,5.903186297261925,22.353800599161005
2019-08-06 00:00:00+00:00,41.6366146398,0.6493506494558154,42.065149799147335,-0.9738955043297706,16.69792178330683,70.40129947193093
2019-08-07 00:00:00+00:00,41.4326874386,-0.48977853498461954,41.74891861887367,-0.731837019657195,14.768621797113205,56.13955518927711
2019-08-08 00:00:00+00:00,41.8228090409,0.9415792853845861,41.785863829886836,0.10487113286369554,35.991015812616105,68.25892618791117
2019-08-09 00:00:00+00:00,40.7677074348,-2.522789908894385,41.27678563234342,-1.2089593880153449,17.904755007564855,34.075464322946765
2019-08-12 00:00:00+00:00,40.4307842328,-0.8264462811376938,40.85378493257171,-1.0177028345765193,14.431130094701176,51.80327312805148
2019-08-13 00:00:00+00:00,41.5302178392,2.7192982457858728,41.19200138588586,0.8507977056046767,56.10968159317603,73.85056241833948
2019-08-14 00:00:00+00:00,40.6701770342,-2.0708795902057875,40.93108921004293,-0.6100409423005554,35.70388348815603,38.324392472126426
2019-08-15 00:00:00+00:00,40.5194482334,-0.37061260066130197,40.72526872172146,-0.4903267714809287,32.588257181021724,50.90008861898515
2019-08-16 00:00:00+00:00,41.2287602374,1.7505470457401806,40.97701447956074,0.6301101371296259,58.28413592091083,64.46060261082478
2019-08-19 00:00:00+00:00,41.8760074412,1.569892473295531,41.42651096038037,1.1000013052125786,72.58668848323119,62.26376633479644
2019-08-20 00:00:00+00:00,41.317424238,-1.3338979461791634,41.371967599190185,-0.1169483204832924,50.27354467386597,34.17902001195103
2019-08-21 00:00:00+00:00,41.8050762408,1.1802575107077828,41.58852191999509,0.5316545951122452,64.54561873230598,58.49365407824188
2019-08-22 00:00:00+00:00,41.4770194389,-0.784729586451105,41.532770679447545,-0.1265374956694299,50.05007230756141,40.81690779678696
2019-08-23 00:00:00+00:00,39.8633346296,-3.8905515177558248,40.69805265452377,-2.0085445067126275,18.83689274376443,23.779479783369727
2019-08-26 00:00:00+00:00,40.3953186326,1.3345195727930692,40.54668564356189,-0.33701246695977916,37.96733002428097,62.879836710700665
2019-08-27 00:00:00+00:00,40.5992458338,0.5048287972542864,40.57296573868094,0.08390816514725363,45.37115427302674,56.03330857609509
2019-08-28 00:00:00+00:00,40.5992458338,0.0,40.586105786240466,0.041954082573626816,45.37115427302675,50.96832043935353
2019-08-29 00:00:00+00:00,41.5568170393,2.358593579348711,41.07146141277023,1.200273830961169,75.83860351759006,69.98328653890208
2019-08-30 00:00:00+00:00,42.0356026421,1.1521228932120042,41.55353202743512,1.1761983620865866,82.96439254104354,53.934552315365174
2019-09-03 00:00:00+00:00,41.6543474399,-0.906981649451033,41.60393973366756,0.1346083563177768,61.3518984156341,33.98345280368983
2019-09-04 00:00:00+00:00,43.3744290498,4.1294167730794085,42.48918439173378,2.132012564698593,86.01196806989526,71.99324481909838
2019-09-05 00:00:00+00:00,44.4206642558,2.412101389965904,43.45492432376689,2.272056977332248,91.15886664914835,55.61533473057291
2019-09-06 00:00:00+00:00,45.14770906,1.6367265469360293,44.30131669188344,1.9543917621341387,93.60977980506881,48.19058472396606
2019-09-09 00:00:00+00:00,45.7417578634,1.3157894736375741,45.02153727764172,1.6350906178858564,95.23032453087205,44.50194912311759
2019-09-10 00:00:00+00:00,45.9456850646,0.4458228339387249,45.483611171120856,1.0404567259122905,95.7812280432182,33.93915985650526
2019-09-11 00:00:00+00:00,46.8057258696,1.8718641452201146,46.144668520360426,1.4561604355662026,97.56234895736168,58.28456923819017
2019-09-12 00:00:00+00:00,47.0007866707,0.4167455957064581,46.57272759553021,0.9364530156363303,97.86849947755317,37.26475762807364
2019-09-13 00:00:00+00:00,46.5840658683,-0.886625165062993,46.578396731915106,0.024913925286668637,69.78312048973146,25.101766882698684
2019-09-16 00:00:00+00:00,46.2826082666,-0.6471259991608802,46.43050249925756,-0.3111060369371058,53.212948952441565,31.28376308637922
2019-09-17 00:00:00+00:00,46.0609482653,-0.4789272031152203,46.24572538227878,-0.39501662002616306,42.16904270376132,36.78065607730525
2019-09-18 00:00:00+00:00,45.8747538642,-0.40423484125329256,46.06023962323939,-0.39962573063972784,33.42763174359747,39.97886399396555
2019-09-19 00:00:00+00:00,45.7240250633,-0.3285659065249691,45.892132343269694,-0.36409581858234846,26.70547062236363,44.26363885664745
2019-09-20 00:00:00+00:00,44.970381059,-1.648245103655377,45.43125670113484,-1.0061704611188627,10.647182142645978,15.436196677416444
2019-09-23 00:00:00+00:00,45.1299762599,0.3548895898627391,45.28061648051742,-0.3256404356280618,24.976933913386958,65.9405899545103
2019-09-24 00:00:00+00:00,44.1724050544,-2.121807465586545,44.72651076745871,-1.2237239506073032,10.222395834952252,31.28645729520331
2019-09-25 00:00:00+00:00,45.2363730605,2.408671216316338,44.98144191397935,0.5924736328545175,54.76160134527251,71.86175344686633
2019-09-26 00:00:00+00:00,45.14770906,-0.1960015679891569,45.064575486989675,0.1982360324326803,51.56395320954353,47.61463412535135
2019-09-27 00:00:00+00:00,45.0235794593,-0.2749410840205191,45.04407747314484,-0.0383525257939194,45.931651749126985,46.895310536941075
2019-09-30 00:00:00+00:00,45.6885594631,1.4769594327814772,45.366318468122415,0.7193034534937789,71.205572551536,64.66541785980701
2019-10-01 00:00:00+00:00,45.0058466592,-1.4942751794382647,45.18608256366121,-0.3874858629722429,41.40187097009714,34.929982216838525
2019-10-02 00:00:00+00:00,43.7911498522,-2.698975571325457,44.488616207930605,-1.54323071714885,19.55628538539423,27.296227360242767
2019-10-03 00:00:00+00:00,44.3585994555,1.2958088682649471,44.4236078317153,-0.12371092444195142,41.2707397006558,65.16416388650923
2019-10-04 00:00:00+00:00,45.14770906,1.7789326403139016,44.78565844585765,0.8276108579359751,62.42684622186826,68.17153297894848
2019-10-07 00:00:00+00:00,44.8817170585,-0.589159465758271,44.833687752178825,0.11922569608885203,52.80836609998607,41.70190529240628
2019-10-08 00:00:00+00:00,44.0926074539,-1.7581983406995239,44.46314760303942,-0.8194863223053359,31.32840905667585,32.389353946464446
2019-10-09 00:00:00+00:00,44.7575874578,1.5081439776390093,44.61036753041971,0.3443288276668367,54.64689041498182,65.07562698229981
2019-10-10 00:00:00+00:00,45.316170661,1.2480190173937977,44.963269095709855,0.7961739225303173,68.23683026545429,61.52261483595643
2019-10-11 00:00:00+00:00,46.185077866,1.9174329876637142,45.574173480854924,1.3568034550970158,81.3067348429132,68.22039424657702
2019-10-14 00:00:00+00:00,45.7860898637,-0.8638894221584148,45.68013167227746,0.24645701646930052,63.35175477046083,32.72183361857147
2019-10-15 00:00:00+00:00,46.6815962688,1.955848179579922,46.18086397053873,1.1011525980246113,78.97960825946072,62.44186094395894
2019-10-16 00:00:00+00:00,46.5042682678,-0.37986704648854674,46.34256611916936,0.3606427757680323,70.10054007492919,40.314198331004654
2019-10-17 00:00:00+00:00,45.9811506648,-1.1248808388674592,46.16185839198468,-0.38211903154971344,46.81269386470759,34.469865139005655
2019-10-18 00:00:00+00:00,45.5378306623,-0.9641342073663406,45.84984452714234,-0.673126619458027,32.913462487557176,37.406661817222634
2019-10-21 00:00:00+00:00,46.2205434662,1.4992211837293379,46.03519399667117,0.41304728213565545,60.20647754405863,69.16843856972139
2019-10-22 00:00:00+00:00,46.1141466656,-0.23019374637557322,46.074670331135586,0.09142676788004112,54.97787239681264,45.0794460655734
2019-10-23 00:00:00+00:00,45.8570210641,-0.5575850798336668,45.965845697617794,-0.23307915597681284,41.81426075044332,41.02256130617488
2019-10-24 00:00:00+00:00,46.3092074667,0.9860788863016667,46.1375265821589,0.37649986516242695,64.33850141039979,63.96099434168294
2019-10-25 00:00:00+00:00,50.0596946883,8.098793796669689,48.09861063522945,4.2376468309160575,93.86848081786083,90.22840382729363
2019-10-28 00:00:00+00:00,50.3256866898,0.531349627991573,49.21214866251472,2.3844982294538153,94.36488820687423,41.71086699181202
2019-10-29 00:00:00+00:00,49.9532978877,-0.7399577166136817,49.58272327510736,0.8222702564200668,80.65265719937572,36.73339194010942
2019-10-30 00:00:00+00:00,50.183824289,0.4614838480098804,49.88327378205368,0.6418770522149736,82.9528525703245,45.88722587425883
2019-10-31 00:00:00+00:00,50.1217594887,-0.12367491154635646,50.002516635376836,0.25910107033430857,79.15249919567614,41.500466855152226
2019-11-01 00:00:00+00:00,50.1040266886,-0.03537944453845254,50.05327166198842,0.11186081289792801,77.62831989935994,42.73944454889921
2019-11-04 00:00:00+00:00,51.0793306942,1.9465581312687386,50.56630117809421,1.0292094720833334,91.35774620936684,66.57500156925772
2019-11-05 00:00:00+00:00,51.0261322939,-0.10414858530252147,50.796216735997106,0.46253044339040594,86.98985109169162,40.445000210042494
2019-11-06 00:00:00+00:00,51.3497558957,0.6342311032629278,51.07298631584855,0.5483807733266668,90.94173842929673,50.86141647538028
2019-11-07 00:00:00+00:00,51.7509258637,0.7812500001262768,51.41195608977428,0.6648153867264718,94.21126774700946,53.3008754346941
2019-11-08 00:00:00+00:00,51.9470534035,0.37898363464368146,51.679504746637136,0.5218995106850766,95.42281480862849,44.27893646838241
2019-11-11 00:00:00+00:00,52.018372509,0.13729191711036037,51.84893862781857,0.32959571389771847,95.89180759940862,38.418320977431016
2019-11-12 00:00:00+00:00,51.8846491863,-0.2570694088456227,51.86679390705929,0.03626315252604789,74.43989705198068,29.01808746139213
2019-11-13 00:00:00+00:00,51.6082876528,-0.5326460481744455,51.737540779929645,-0.2481914478241988,43.95625514543844,23.09489771554072
2019-11-14 00:00:00+00:00,51.5369685474,-0.13819312487135527,51.63725466366482,-0.19319228634777702,37.941772749439195,46.529033141407936
2019-11-15 00:00:00+00:00,51.6706918701,0.2594706799198043,51.65397326688241,0.03313919678601365,55.18714912880953,63.39593299891788
2019-11-18 00:00:00+00:00,51.9292236272,0.5003450655353125,51.79159844704121,0.2667421311606631,75.18505771949752,71.54986924731213
2019-11-19 00:00:00+00:00,52.018372509,0.17167381981291197,51.904985478020606,0.21920797548678753,79.83870698428476,49.143680192487395
2019-11-20 00:00:00+00:00,51.617202541,-0.7712082263446329,51.7610940095103,-0.2760001254289227,35.23556778047245,20.933996591751598
2019-11-21 00:00:00+00:00,51.9024789627,0.5526770294717265,51.83178648610515,0.13833845202140188,59.41849273048825,64.20681230299931
2019-11-22 00:00:00+00:00,51.3586707839,-1.0477499142012237,51.59522863500258,-0.45470573108991086,28.7367155915521,32.225295971827585
2019-11-25 00:00:00+00:00,52.4284573651,2.0829717063771014,52.011843000051286,0.8141329876435952,71.76246064415466,72.46681071772788
2019-11-26 00:00:00+00:00,52.5086913587,0.15303519812011057,52.260267179375646,0.4835840928818529,73.5584431807379,46.78204072290052
2019-11-27 00:00:00+00:00,52.1610107198,-0.6621392190578668,52.21063894958782,-0.08927756308800694,52.04297742873541,38.203095968102865
2019-11-29 00:00:00+00:00,51.7509258637,-0.7861903947814719,51.98078240664391,-0.4377339789347394,34.29541348111156,36.668176400584855
2019-12-02 00:00:00+00:00,51.4032452248,-0.6718346253663299,51.69201381572196,-0.5547843021505346,23.921159502838055,40.0014886101634
2019-12-03 00:00:00+00:00,49.9857780048,-2.757544224690578,50.83889591026097,-1.6561642634205562,8.393729522065188,16.394531101038552
2019-12-04 00:00:00+00:00,49.9412035639,-0.0891742465141232,50.39004973708049,-0.8726692549673397,8.144362740408159,60.795059034874185
2019-12-05 00:00:00+00:00,49.9946928929,0.10710460538172484,50.19237131499024,-0.38278232479280744,12.80706241976664,62.965172753986266
2019-12-06 00:00:00+00:00,50.6454797298,1.3017118402830041,50.41892552239512,0.4594647577450983,54.737682521479584,75.39771653145318
2019-12-09 00:00:00+00:00,50.3958628609,-0.4928709733459602,50.40739419164756,-0.01670310780043094,42.87505068073553,42.92623536467737
2019-12-10 00:00:00+00:00,50.4493521899,0.10613833351287294,50.42837319077378,0.044717612856221,46.595192348907815,53.04997675218122
2019-12-11 00:00:00+00:00,50.8772668224,0.8482063969607712,50.65282000658689,0.4464620049084961,70.02213447357052,64.68898858946321
2019-12-12 00:00:00+00:00,51.3051814549,0.8410723673379472,50.97900073074345,0.6437671861232217,81.9192709998792,64.45855631907445
2019-12-13 00:00:00+00:00,51.5191387711,0.41702867065791516,51.24906975092173,0.5303979283905684,86.06653831651674,48.92120335869807
2019-12-16 00:00:00+00:00,51.4389047775,-0.15573628657979954,51.34398726421087,0.18733082090538444,76.23095784580958,32.868866343517325
2019-12-17 00:00:00+00:00,51.0823092504,-0.6932409013031271,51.213148257305434,-0.25295504019887133,43.26735175818179,22.48382301366469
2019-12-18 00:00:00+00:00,50.9664157042,-0.22687609056963876,51.08978198075272,-0.23991556538425504,35.73441050201484,45.070932212149685
2019-12-19 00:00:00+00:00,51.6706918701,1.3818436242161836,51.38023692542636,0.5709640294159642,75.15833889916033,78.09581467720427
2019-12-20 00:00:00+00:00,52.5532657995,1.708074534048798,51.96675136246318,1.1395192817323812,88.46257089665991,81.48238491113925
2019-12-23 00:00:00+00:00,52.8028826685,0.4749787957085916,52.38481701548159,0.8072490387204864,90.5986346196126,43.42047858127649
2019-12-24 00:00:00+00:00,52.9633506557,0.3039000506988021,52.67408383559079,0.5555745447096443,92.02280263781824,39.573483722948836
2019-12-26 00:00:00+00:00,53.3288610709,0.6901195084428879,53.0014724532454,0.6228470265762661,94.74345599909512,53.51893131042602
2019-12-27 00:00:00+00:00,53.5606481635,0.43463724509669177,53.2810603083727,0.528742135836479,96.03105069040384,43.54696771273677
2019-12-30 00:00:00+00:00,53.1505633074,-0.7656458055701032,53.215811807886354,-0.1184518348668121,58.19845856940198,18.826491766913794
2019-12-31 00:00:00+00:00,53.3556057354,0.3857765849331063,53.28570877164317,0.1336623750331471,67.73256718810049,55.32179059591871
2020-01-02 00:00:00+00:00,54.2381796649,1.6541353384250668,53.76194421827159,0.893898856729107,86.95002786061016,74.36536444827232
2020-01-03 00:00:00+00:00,53.5784779398,-1.2163050625515814,53.670211079035795,-0.16120310291123724,52.135865116767974,30.391173924315318
2020-01-06 00:00:00+00:00,53.4269248408,-0.28286189684276764,53.5485679599179,-0.22203249987700244,45.81466926934097,45.97439932879328
2020-01-07 00:00:00+00:00,52.5354360232,-1.6686133822158666,53.04200199155895,-0.9453229410464346,22.134765722400804,30.679889437832912
2020-01-08 00:00:00+00:00,52.5710955759,0.06787714236207165,52.806548783729475,-0.43872289934218145,24.476871972103883,57.349699415039474
2020-01-09 00:00:00+00:00,52.8652868857,0.559606579579941,52.835917834714735,0.060441840118879764,44.963105756037365,63.340587711543456
2020-01-10 00:00:00+00:00,52.5443509114,-0.6070826306001087,52.69013437305737,-0.27332039524061447,31.140552130114386,42.22967217078807
2020-01-13 00:00:00+00:00,53.1238186428,1.1028164233622295,52.90697650792869,0.4147480140608075,62.425180472722225,66.65895562752867
2020-01-14 00:00:00+00:00,52.981180432,-0.26850142637352414,52.944078469964346,0.07312329384364169,53.457608428433275,44.18293662208386
2020-01-15 00:00:00+00:00,52.5443509114,-0.8244994109949277,52.74421469068217,-0.375688058575643,32.20519200294709,36.66442161000614
2020-01-16 00:00:00+00:00,53.1862228601,1.2215812690926864,52.96521877539109,0.4229466052585217,63.866797059559744,67.34151920548813
2020-01-17 00:00:00+00:00,53.132733531,-0.10056989615656597,53.04897615319554,0.16118835455097785,60.34405383975319,45.82680021715823
2020-01-21 00:00:00+00:00,53.9796479078,1.5939597316329879,53.51431203049777,0.8775740430919828,82.83288269487754,66.43966543430605
2020-01-22 00:00:00+00:00,55.9230935302,3.6003303054505054,54.718702780348885,2.238952174271244,94.18460615683918,79.97333838099357
2020-01-23 00:00:00+00:00,56.4490719326,0.9405388171452866,55.58388735647444,1.5897454957082653,95.41532703263758,44.382925688960256
2020-01-24 00:00:00+00:00,61.0402393434,8.13329121917512,58.31206334993722,4.8615183574416925,98.78420908293464,80.17361643731505
2020-01-27 00:00:00+00:00,58.5619004304,-4.060172338213441,58.43698189016861,0.4006730096141258,61.93424241482767,30.410449407259208
2020-01-28 00:00:00+00:00,60.006112315,2.4661287867807857,59.22154710258431,1.4334008981974558,71.29431090882967,53.55493013075304
2020-01-29 00:00:00+00:00,59.1324532737,-1.4559500817412752,59.17700018814216,-0.011274591771909703,58.288688201662225,41.20217078490257
2020-01-30 00:00:00+00:00,59.2572617082,0.21106588276036398,59.217130948171075,0.09989564549422714,59.85785833581573,48.74017442868068
2020-01-31 00:00:00+00:00,56.9928801114,-3.8212727546380276,58.10500552978554,-1.8606885545719003,29.577032210902917,33.26608163576781
2020-02-03 00:00:00+00:00,57.429709632,0.7664633191833081,57.767357580892764,-0.5471126176942961,38.56959621847529,56.71729086261779
2020-02-04 00:00:00+00:00,58.3568580023,1.6144054640725436,58.06210779159638,0.5336464231891238,56.32500271038838,60.55981507737089
2020-02-05 00:00:00+00:00,60.0328569795,2.8719828903981615,59.04748238554819,1.7028146567936426,75.5147080286591,67.06449929692101
2020-02-06 00:00:00+00:00,60.1041760849,0.11880011878220298,59.57582923522409,0.9108073877879228,76.18267022732766,43.503171414542145
2020-02-07 00:00:00+00:00,59.1455910736,-1.5948725591811597,59.36071015441205,-0.34203258569661843,49.15011323301786,32.75808951125908
2020-02-10 00:00:00+00:00,59.4770643952,0.560436231311856,59.418887274806025,0.10920182280761881,57.05434049205941,54.131580894070204
2020-02-11 00:00:00+00:00,60.3908557145,1.5363759603672422,59.90487149465301,0.8227888915874305,73.85786039433627,62.27596614673694
2020-02-12 00:00:00+00:00,60.4356494066,0.07417297133818224,60.1702604506265,0.4484809314628064,74.58894031472612,44.51323848816843
2020-02-13 00:00:00+00:00,60.4177319297,-0.029647198426641097,60.29399619016325,0.20941686651808264,73.35804051671052,43.200895782123276
2020-02-14 00:00:00+00:00,60.2654333765,-0.2520759193297861,60.27971478333163,-0.021329526405851743,60.6061362276733,39.462045680514684
2020-02-18 00:00:00+00:00,59.2530959346,-1.6797978296705596,59.76640535896581,-0.8505636780382057,22.17407701318671,21.525415273510053
2020-02-19 00:00:00+00:00,60.1220935618,1.4665860297985889,59.944249460382906,0.3080111758801916,57.15635201101215,68.64179006947643
2020-02-20 00:00:00+00:00,58.6349429834,-2.4735508866991496,59.28959622189146,-1.082769855409479,26.536763950206158,32.259448488580205
2020-02-21 00:00:00+00:00,57.6405230184,-1.695951107655258,58.46505962014573,-1.3893604815323686,17.261593822956492,41.44677114869315
2020-02-24 00:00:00+00:00,55.329168505,-4.009947155861471,56.89711406257287,-2.6996538186969197,7.7803920343550415,25.81719861451129
2020-02-25 00:00:00+00:00,53.510544605,-3.2869170984119345,55.20382933378643,-2.993285458554427,4.720363265255404,36.959197883693435
2020-02-26 00:00:00+00:00,53.4388746976,-0.1339360455570926,54.321352015693215,-1.5636107520557598,4.613111804099,68.2007659333233
2020-02-27 00:00:00+00:00,50.0166366198,-6.40402347011565,52.16899431774661,-3.983817111085705,1.7557753598760604,27.519474771068218
2020-02-28 00:00:00+00:00,49.7389157286,-0.5552570303978932,50.95395502317331,-2.269537070741799,1.632675682555525,60.49283818362508
2020-03-02 00:00:00+00:00,52.1219401493,4.791066282391343,51.537947586236655,1.2607646058247721,48.293042600817564,75.66947618247465
2020-03-03 00:00:00+00:00,50.1420589577,-3.798556204793524,50.84000327196833,-1.268895799484376,30.350991988580144,39.29280760880475
2020-03-04 00:00:00+00:00,52.5698770705,4.8418795782760204,51.70494017123416,1.7864918893958222,58.62524812431157,64.81481613049124
2020-03-05 00:00:00+00:00,51.0289740616,-2.9311520109387645,51.36695711641708,-0.5723300607714712,42.28352485947194,41.35416702929375
2020-03-06 00:00:00+00:00,49.9628841892,-2.089185393210269,50.66492065280854,-1.33075772699087,32.79615448941927,44.611633733021925
2020-03-09 00:00:00+00:00,45.5551848847,-8.821947283525255,48.11005276875427,-5.076352505258062,13.713617674450091,26.773790851061204
2020-03-10 00:00:00+00:00,48.3592700114,6.155358898876462,48.234661390077136,0.5395031968091999,44.519061859352,68.62919671245643
2020-03-11 00:00:00+00:00,46.2808426971,-4.297888106685733,47.25775204358857,-1.8791924549382664,31.86908533014723,42.9361032753269
2020-03-12 00:00:00+00:00,40.7980947817,-11.846689895608908,44.027923412644284,-6.862941175273587,15.001862311347299,30.54792868841847
2020-03-13 00:00:00+00:00,48.7624132404,19.521299956076366,46.39516832652214,6.329179390401389,60.525269523701304,75.1814452024526
2020-03-16 00:00:00+00:00,39.9649321083,-18.041521219895717,43.180050217411065,-5.856170914747164,32.06782701454613,34.897457177109104
2020-03-17 00:00:00+00:00,44.8653620261,12.261824703018265,44.02270612175553,3.2028268941355504,51.22791676178451,60.505702492490165
2020-03-18 00:00:00+00:00,42.6525536354,-4.932108626277721,43.337629878577765,-0.8646408660710851,43.01110213332184,45.33013878314685
2020-03-19 00:00:00+00:00,41.1564443187,-3.5076664564774984,42.247037098638884,-2.186153661274292,36.993386503450374,46.98258715190302
2020-03-20 00:00:00+00:00,41.057898196,-0.2394427515090891,41.65246764731944,-1.2127982063916904,36.488980447790034,51.978072896288204
2020-03-23 00:00:00+00:00,44.4174251049,8.18241326641338,43.034946376109716,3.484807530010845,62.579956684177304,64.79861176307335
2020-03-24 00:00:00+00:00,46.9437893404,5.6877773295807454,44.98936785825486,4.586292429795796,74.42927536488496,57.92728657315549
2020-03-25 00:00:00+00:00,45.9224931601,-2.1755725190703235,45.45593050917743,1.205359955362736,62.439859762123234,38.58271046742906
2020-03-26 00:00:00+00:00,49.7568332055,8.349590323923195,47.60638185733872,4.7774751396429656,80.30573244086875,63.233838826507466
2020-03-27 00:00:00+00:00,46.9169131252,-5.707598127418779,47.26164749126936,-0.4650614938879065,52.54063930180997,35.05018220217469
2020-03-30 00:00:00+00:00,49.7120395134,5.957609318288015,48.48684350233468,2.7462739122000546,68.57898054609099,58.226138797838445
2020-03-31 00:00:00+00:00,48.4846923493,-2.4689133178073863,48.48576792581734,0.13868029719633412,56.09345121137657,41.99080784228833
2020-04-01 00:00:00+00:00,46.4779349424,-4.138950480375636,47.48185143410867,-2.0001350915896507,38.778379316315224,38.776545817042496
2020-04-02 00:00:00+00:00,48.6907433331,4.760986892903762,48.08629738360433,1.3804259006570558,59.47108589959126,62.017789294310035
2020-04-03 00:00:00+00:00,48.4936510877,-0.40478380880666354,48.28997423565217,0.48782104592519615,56.90155638990517,46.61213999297144
2020-04-06 00:00:00+00:00,52.3459086099,7.943838906320444,50.31794142277609,4.21582997612282,80.98652960498568,66.67823005541734
2020-04-07 00:00:00+00:00,52.3190323947,-0.05134348779822773,51.318486908738045,2.0822432441622962,80.51565101261313,43.29995413259536
2020-04-08 00:00:00+00:00,52.8386392232,0.9931506847833615,52.07856306596902,1.5376969644728289,83.3269620350501,46.945162121031174
2020-04-09 00:00:00+00:00,51.1902313533,-3.1197015936326955,51.634397209634514,-0.7910023145799333,49.40527674863562,34.02505557022445
2020-04-13 00:00:00+00:00,52.5877945474,2.730136506815972,52.11109587851726,0.9695670961180194,66.66386199224259,58.43245902938683
2020-04-14 00:00:00+00:00,54.3437072784,3.339011924938795,53.227401578458625,2.1542895105284074,79.7085881216976,60.70225109520802
2020-04-15 00:00:00+00:00,52.7400931006,-2.950873722296432,52.983747339529316,-0.3982921058840123,51.89181451230893,32.88080327043244
2020-04-16 00:00:00+00:00,54.4601708779,3.2614234753416182,53.72195910871466,1.431565684728803,69.19082253269433,60.02452135191594
2020-04-17 00:00:00+00:00,54.0749451257,-0.7073531830512958,53.89845211720733,0.3621062508387536,61.7335201868197,43.25962060637418
2020-04-20 00:00:00+00:00,53.0178139917,-1.95493704439762,53.45813305445367,-0.7964153967794332,42.762183201450505,38.225436627710295
2020-04-21 00:00:00+00:00,50.4914497562,-4.7651233524933945,51.97479140532683,-2.7807693746364137,20.347163344988786,27.437336815936863
2020-04-22 00:00:00+00:00,53.8420179267,6.635911994364108,52.90840466601342,1.927571309863847,61.00764307577736,73.29786009627428
2020-04-23 00:00:00+00:00,52.8923916538,-1.7637271214329564,52.90039815990671,0.08192209421544527,50.12877180491724,43.15581525457057
2020-04-24 00:00:00+00:00,53.0894838991,0.3726287262448835,52.99494102950335,0.2272754102301644,52.75174263317148,50.86451129212042
2020-04-27 00:00:00+00:00,53.277617406,0.354370570370488,53.13627921775168,0.2908229903003262,56.060652044532944,50.77623786771259
2020-04-28 00:00:00+00:00,52.6325882395,-1.2106944677810483,52.88443372862584,-0.45993573874036103,41.21601603082635,41.51294524199143
2020-04-29 00:00:00+00:00,55.3650034587,5.191489361622081,54.12471859366292,2.36577681144086,78.08659242356491,72.40417693352757
2020-04-30 00:00:00+00:00,53.7345130656,-2.944983818733582,53.92961582963146,-0.2896035036463609,50.01015835236066,36.078102146569464
2020-05-01 00:00:00+00:00,51.4858697213,-4.18472824263768,52.70774277546573,-2.2371658731420205,28.678756819141668,32.36668094815407
2020-05-04 00:00:00+00:00,51.9517241193,0.9048199059698003,52.329733447382864,-0.6661729835861101,37.026004345230746,58.595636441876586
2020-05-05 00:00:00+00:00,52.6325882395,1.310570788057941,52.48116084344143,0.3221989022359154,49.88468379590095,60.430696190641655
2020-05-06 00:00:00+00:00,53.3134523597,1.2936170212678677,52.89730660157072,0.8079079617518916,61.63524913209806,60.263296376712326
2020-05-07 00:00:00+00:00,53.3044436655,-0.016897600514065303,53.10087513353536,0.39550518061891315,61.34975723218917,45.612833401533706
2020-05-08 00:00:00+00:00,53.7548783762,0.8450228155959971,53.42787675486768,0.6202639981074551,71.3148785805921,56.133592772306386
2020-05-11 00:00:00+00:00,54.1692783101,0.770906653345671,53.79857753248384,0.6955853257265631,78.84270496344094,54.76709977226489
2020-05-12 00:00:00+00:00,52.6017655168,-2.893730251170301,53.20017152464192,-1.099072462721869,31.67642002309398,19.521438154988953
2020-05-13 00:00:00+00:00,52.0162003929,-1.113204315761962,52.60818595877096,-1.1061383892419157,23.723806257528032,45.21628429207938
2020-05-14 00:00:00+00:00,53.2233654176,2.3207481814930375,52.91577568818548,0.6073048961255609,57.06010919762545,71.52081661749666
2020-05-15 00:00:00+00:00,52.5026698804,-1.3540961409435393,52.709222784292734,-0.37339562240898916,41.009557844748166,40.39006632753949
2020-05-18 00:00:00+00:00,53.9800957316,2.814001372816932,53.34465925794637,1.2203028752039715,68.3692756809258,65.75200536231576
2020-05-19 00:00:00+00:00,54.3134174175,0.6174899866004946,53.82903833772318,0.918896430902233,72.66040134285382,49.20384546604617
2020-05-20 00:00:00+00:00,56.8448604917,4.6608061038419635,55.33694941471159,2.7898512673720983,89.25946912584482,70.03039212119711
2020-05-21 00:00:00+00:00,55.8358867397,-1.774960380362478,55.58641807720579,0.5074454435048101,65.48799077177017,35.388467049341706
2020-05-22 00:00:00+00:00,56.0881301777,0.4517586318202982,55.8372741274529,0.47960203766255416,68.62172541521508,48.58746294920087
2020-05-26 00:00:00+00:00,56.1601997314,0.12849341468803566,55.99873692942645,0.3040477261752949,69.79706753799175,46.51809558720806
2020-05-27 00:00:00+00:00,57.2592604255,1.9570099454000012,56.62899867746323,1.130528835787648,83.7341713971974,60.71446319796588
2020-05-28 00:00:00+00:00,55.5836433017,-2.926368785325384,56.10632098958162,-0.897919974768868,40.7409999952818,29.42494735208792
2020-05-29 00:00:00+00:00,56.69171269,1.9935170177412864,56.39901683979081,0.5477985214862092,60.73762639425738,60.32461096718933
2020-06-01 00:00:00+00:00,55.7277824091,-1.7003019227359362,56.06339962444541,-0.5762517006248635,42.16941963243596,40.40289124223246
2020-06-02 00:00:00+00:00,55.9620084587,0.42030391211431706,56.012704041572704,-0.07797389425527324,47.967301072518495,53.598748223889594
2020-06-03 00:00:00+00:00,55.7908432686,-0.30585962658277177,55.90177365508635,-0.1919167604190225,43.217820131339295,48.12540648208329
2020-06-04 00:00:00+00:00,56.7277474669,1.6793153560869412,56.31476056099318,0.7436992978339594,68.67993645810864,63.43637784797004
2020-06-05 00:00:00+00:00,57.9619385742,2.175639193183443,57.13834956759659,1.4596692455087013,83.39388018612172,67.08024270439958
2020-06-08 00:00:00+00:00,57.3583560619,-1.0413428659349022,57.248352814748294,0.20916318978689952,62.019987474149055,34.06956648440161
2020-06-09 00:00:00+00:00,56.7908083264,-0.9894769907413559,57.01958057057415,-0.3901569004772282,45.552741607567725,34.844977604437226
2020-06-10 00:00:00+00:00,57.5385299462,1.3166243655179821,57.279055258387075,0.463233732520377,64.29005381901665,63.48618211083189
2020-06-11 00:00:00+00:00,53.7819044588,-6.528886801439904,55.53047985859354,-3.0328265344597636,17.89082191387853,19.57487109971755
2020-06-12 00:00:00+00:00,53.4485827729,-0.6197654940898301,54.48953131574677,-1.8262960142747968,16.32291047437139,54.8536140854684
2020-06-15 00:00:00+00:00,54.1422522274,1.2978257205572108,54.31589177157338,-0.264235146858793,34.29731832821602,62.797271624336645
2020-06-16 00:00:00+00:00,54.4125130538,0.49916805319603075,54.364202412686694,0.11746645316861887,41.62545143929521,56.57798086834642
2020-06-17 00:00:00+00:00,54.4935913018,0.14900662264916154,54.428896857243345,0.1332365379088902,44.41528412366023,53.118246788722246
2020-06-18 00:00:00+00:00,54.124234839,-0.6777979831690706,54.27656584812168,-0.2722807226300902,33.481089292968804,43.66189367123684
2020-06-19 00:00:00+00:00,53.7098349051,-0.7656458056777948,53.993200376610844,-0.5189632641539426,23.673183878352084,42.45727001514215
2020-06-22 00:00:00+00:00,54.1332435332,0.7883260651389445,54.06322195490542,0.134681400492501,47.32304661122427,66.77804522346351
2020-06-23 00:00:00+00:00,53.9800957316,-0.28290896980165403,54.02165884325271,-0.07411378465457652,40.5124882601262,46.46920678877511
2020-06-24 00:00:00+00:00,53.2323741118,-1.3851802403571645,53.627016477526354,-0.7296470125058705,19.723940867031985,31.62453708068105
2020-06-25 00:00:00+00:00,52.7098698474,-0.9815535623164617,53.16844316246318,-0.8556002874111661,12.82550263334413,41.83108496909523
2020-06-26 00:00:00+00:00,51.7999917317,-1.7262006495826765,52.48421744708159,-1.2909004684969214,6.702396082948797,29.602646002573564
2020-06-29 00:00:00+00:00,52.4936611862,1.3391304347940558,52.488939316640796,0.024114983148567193,39.650562926226804,74.90338150760222
2020-06-30 00:00:00+00:00,53.8990174836,2.6771923802667574,53.1939784001204,1.3506536817076622,70.89086410211988,82.34306337835183
2020-07-01 00:00:00+00:00,52.9801306738,-1.704830352574782,53.087054536960196,-0.17708833543355995,47.01915035146353,33.52421916774876
2020-07-02 00:00:00+00:00,53.2684088886,0.5441251486806298,53.1777317127801,0.1835184066235349,54.26635045805784,54.35650284473268
2020-07-06 00:00:00+00:00,53.6377653514,0.6933874514112759,53.407748532090054,0.4384529290174054,63.78655558878894,55.73742945800115
2020-07-07 00:00:00+00:00,52.5296959631,-2.065838091950045,52.968722247595025,-0.8136925814663198,32.934869368107165,30.309888915041224
2020-07-08 00:00:00+00:00,52.7999567895,0.5144915108395987,52.88433951854751,-0.1496005353133606,43.01798917714946,57.50437602107536
2020-07-09 00:00:00+00:00,52.6287915994,-0.3241767617015112,52.75656555897376,-0.2368886485074359,37.64160936694848,48.313009321974114
2020-07-10 00:00:00+00:00,53.6287566572,1.9000342348947319,53.19266110808688,0.831572793193648,70.23775178833434,68.40363179975851
2020-07-13 00:00:00+00:00,52.7729307069,-1.595834033167165,52.98279590749344,-0.3821306199867585,42.03178353394651,35.69391967006724
2020-07-14 00:00:00+00:00,53.1332784754,0.6828269032496337,53.058037191446715,0.1503481416314376,53.75965336216542,56.18086693711926
2020-07-15 00:00:00+00:00,53.1783219465,0.08477449988495422,53.11817956897336,0.1175613207581959,55.44963406860942,49.91979368979007
2020-07-16 00:00:00+00:00,53.2774175828,0.1863459256944866,53.19779857588668,0.15195362322634126,60.24445424884928,51.30237814264965
2020-07-17 00:00:00+00:00,54.0521652853,1.454176530414486,53.624981930593336,0.8030650768204136,82.42592976284773,67.89661609198552
2020-07-20 00:00:00+00:00,55.0881651199,1.9166666666020626,54.35657352524667,1.3598658717112382,91.70696940933601,72.94183880813213
2020-07-21 00:00:00+00:00,54.6827738803,-0.7358953392578305,54.51967370277333,0.31198526622670386,70.00652137066604,31.012392351372803
2020-07-22 00:00:00+00:00,54.9980781778,0.5766062603009159,54.758875940286664,0.4442957632638099,76.49535740679796,51.64350971369891
2020-07-23 00:00:00+00:00,54.4125130538,-1.0647010648389577,54.585694497043335,-0.3102026507875739,47.730074652873945,33.08442425314359
2020-07-24 00:00:00+00:00,45.5749840297,-16.24172185423959,50.08033926337167,-8.275962252513581,5.017374806924383,5.528276985827986
2020-07-27 00:00:00+00:00,44.6560972198,-2.0162087370149795,47.368218241585836,-5.1460854947642805,4.402872592880235,56.48527471027982
2020-07-28 00:00:00+00:00,44.3588103108,-0.665725236884751,45.863514276192916,-2.9059053658245158,4.15586335607587,59.58920521622078
2020-07-29 00:00:00+00:00,43.3047930877,-2.3761169781494007,44.58415368194646,-2.6410111719869582,3.2008565483004974,52.4778936654532
2020-07-30 00:00:00+00:00,43.232723534,-0.16642396501940215,43.90843860797323,-1.4037175685031802,3.127152780197606,61.40383249117769
2020-07-31 00:00:00+00:00,42.9984974844,-0.5417795374741963,43.453468046186615,-0.9727485529886882,2.8115479798496383,58.59934707683666
2020-08-03 00:00:00+00:00,43.5119930546,1.194217473264736,43.482730550393306,0.11073446013802385,27.02938171703415,68.56086743234407
2020-08-04 00:00:00+00:00,44.2597146744,1.718426501083825,43.87122261239665,0.9145804806109245,52.74752782306288,71.65052429840306
2020-08-05 00:00:00+00:00,44.0705320959,-0.4274374109542678,43.97087735414833,0.24357153482832833,46.524448607421604,44.685715305323946
2020-08-06 00:00:00+00:00,44.0525147075,-0.04088307434271243,44.01169603082417,0.10134423024280795,45.75331829391062,49.791418451423986
2020-08-07 00:00:00+00:00,43.5627399918,-1.111797405782644,43.787218011312085,-0.505226587769918,27.301762139636566,35.98743124979247
2020-08-10 00:00:00+00:00,44.6420583468,2.4776181553390897,44.21463817905604,0.9861957837845858,68.84017394083061,73.25936893550106
2020-08-11 00:00:00+00:00,43.7078584261,-2.0926452661360284,43.96124830257802,-0.5532247411757213,39.521630937051164,34.68633157609672
2020-08-12 00:00:00+00:00,44.6148486403,2.075119319180363,44.28804847143901,0.7609472890023208,62.67302855477263,62.032111578071735
2020-08-13 00:00:00+00:00,44.0434448054,-1.2807481193242487,44.165746638419506,-0.25990041516096396,46.02387572818619,41.19862884619927
2020-08-14 00:00:00+00:00,44.3427515761,0.6795716638933413,44.25424910725975,0.2098356243661887,55.344607650046584,54.56822767698392
2020-08-17 00:00:00+00:00,44.3790311846,0.0818163221958379,44.31664014592988,0.1458259732810133,56.70396535226354,49.427899146470445
2020-08-18 00:00:00+00:00,44.1250739246,-0.5722460658134532,44.22085703526494,-0.21321004626621992,42.96955548350392,42.809167418433205
2020-08-19 00:00:00+00:00,43.8348370561,-0.6577595065244579,44.02784704568247,-0.4354847763953389,30.362425280225928,41.71372866009108
2020-08-20 00:00:00+00:00,44.5967088361,1.7380509000751054,44.312277940891235,0.6512830618398833,67.6893271937594,71.91533003610438
2020-08-21 00:00:00+00:00,44.6964777596,0.2237136463739242,44.50437785024562,0.43749835410690374,70.76721739344825,48.22404010377074
2020-08-24 00:00:00+00:00,44.5694991296,-0.2840909090934596,44.536938489922804,0.07670372250672208,59.87790773496323,41.36903387763373
2020-08-25 00:00:00+00:00,44.8325262918,0.5901505902841109,44.6847323908614,0.3334271563954165,72.85584714760424,57.11251918615479
2020-08-26 00:00:00+00:00,44.9413651175,0.24276755004080108,44.8130487541807,0.2880973532181088,77.39435925615699,49.23301770265969
2020-08-27 00:00:00+00:00,44.8053165853,-0.30272452081573364,44.80918266974035,-0.0073135837988124175,58.92220750358195,37.157935610252785
2020-08-28 00:00:00+00:00,45.7395165061,2.0850202431255793,45.27434958792018,1.0388533296633835,88.1221741752323,75.92594842988878
2020-08-31 00:00:00+00:00,46.2111514175,1.0311322624870778,45.74275050271009,1.0349927960752305,92.27865383889265,53.90809806319389
2020-09-01 00:00:00+00:00,46.0660329832,-0.31403336607847,45.90439174295504,0.3604797149983803,79.44721690530214,34.66290658611429
2020-09-02 00:00:00+00:00,47.390238696,2.874581610452376,46.64731521947752,1.617530662725378,92.92079201171249,71.20905914898451
2020-09-03 00:00:00+00:00,45.7032368975,-3.5598086123216577,46.17527605848876,-0.9711389747981398,41.247761077195015,26.44145797009278
2020-09-04 00:00:00+00:00,45.4220699311,-0.6152014287972296,45.79867299479438,-0.7931702017976847,36.21323733775551,48.61646568901424
2020-09-08 00:00:00+00:00,44.3608913803,-2.3362619810362806,45.07978218754719,-1.5647160914169826,21.41537216265849,38.45338663327835
2020-09-09 00:00:00+00:00,45.0048544325,1.4516458803304655,45.04231831002359,-0.05653510554325858,42.72087670315182,63.58487606148981
2020-09-10 00:00:00+00:00,44.4062408911,-1.3301088270329164,44.72427960056179,-0.6933219662880875,31.001318635443113,43.85752193125621
2020-09-11 00:00:00+00:00,44.6964777596,0.6535947710858192,44.71037868008089,-0.019863597601134153,42.47769232414304,57.84678709337846
2020-09-14 00:00:00+00:00,44.8143864875,0.2637987013969445,44.76238258379045,0.12196755189790517,47.77136627331209,53.888974915868275
2020-09-15 00:00:00+00:00,45.3495107139,1.194090265074288,45.05594664884522,0.6580289084860965,67.88893562637438,62.96106433530388
2020-09-16 00:00:00+00:00,45.6850970932,0.7400000000377993,45.37052187102261,0.6990144542619479,76.42935620580229,55.03343184296779
2020-09-17 00:00:00+00:00,45.6397475825,-0.09926543574479973,45.505134726761305,0.29987450925857406,72.51968696836686,40.79342924827833
2020-09-18 00:00:00+00:00,45.2497417903,-0.8545310017217145,45.37743825853065,-0.2773282462315702,43.689534318197886,30.233455004254544
2020-09-21 00:00:00+00:00,45.0955534539,-0.34074964916827044,45.23649585621533,-0.30903894769992035,35.3544991747434,44.81128384623687
2020-09-22 00:00:00+00:00,45.3041612032,0.4625905068739389,45.27032852970767,0.07677577958700926,53.397519156353034,62.96233070361293
2020-09-23 00:00:00+00:00,44.2792622611,-2.26226226218621,44.774795395403835,-1.0927432412996003,17.46787631006018,23.551866798117523
2020-09-24 00:00:00+00:00,44.5876389339,0.6964358868077003,44.68121716465192,-0.19815367724595,36.69320860780514,62.14468497946687
2020-09-25 00:00:00+00:00,45.2950913011,1.5866558178798895,44.98815423287596,0.6942510703169698,64.86079774106777,69.16914690717353
2020-09-28 00:00:00+00:00,46.6465067203,2.9835802961880376,45.81733047658798,1.8389156832525035,84.5536409917773,78.54155693063454
2020-09-29 00:00:00+00:00,46.4288290689,-0.46665370400666983,46.12307977274399,0.6861309896229169,74.47006671895159,36.93910223999409
2020-09-30 00:00:00+00:00,46.9639532953,1.1525688610537266,46.543516534022,0.9193499253383217,82.26790552580168,54.06669709166348
2020-10-01 00:00:00+00:00,47.3811687939,0.8883738896013238,46.962342663960996,0.9038619074698228,86.93487707172001,50.69673161010088
2020-10-02 00:00:00+00:00,46.2655708303,-2.354517611105511,46.6139567471305,-0.7253278518178441,42.29101469299057,23.606104207590626
2020-10-05 00:00:00+00:00,46.882324176,1.3330719466581709,46.74814046156525,0.3038720474201634,59.52677895649241,60.033873499134536
2020-10-06 00:00:00+00:00,46.5920873075,-0.6190752561891388,46.670113884532626,-0.15760160438448773,49.16221819532362,43.54548265703605
2020-10-07 00:00:00+00:00,47.771174586,2.530659918106304,47.22064423526631,1.186529156860908,75.3336663289204,66.08755211739228
2020-10-08 00:00:00+00:00,48.406067736,1.3290298082518914,47.81335598563315,1.2577794825563997,82.57784297219587,53.795392611123546
2020-10-09 00:00:00+00:00,47.9072231182,-1.0305415026079512,47.86028955191658,0.11361898997422426,61.344587373348446,34.75490146262115
2020-10-12 00:00:00+00:00,48.8686327453,2.0068156000775605,48.364461148608285,1.0602172950258923,77.82680761982844,61.24250879168968
2020-10-13 00:00:00+00:00,48.8232832346,-0.0927988121467549,48.59387219160414,0.4837092414395687,75.54761231956412,43.09971437430591
2020-10-14 00:00:00+00:00,48.5693259746,-0.5201560468183097,48.58159908310207,-0.018223402689370505,60.63220899649022,39.52481496562947
2020-10-15 00:00:00+00:00,48.8414230389,0.5602240896698696,48.71151106100103,0.27100034349024954,70.11476499725396,53.99492836563996
2020-10-16 00:00:00+00:00,49.1225900053,0.5756731661484604,48.917050533150515,0.42333675481935495,78.23916944284116,54.2298345241165
2020-10-19 00:00:00+00:00,49.5035258953,0.7754800590907385,49.21028821422526,0.5994084069550467,85.98314870696032,58.355081117552324
2020-10-20 00:00:00+00:00,48.4604871489,-2.106998900656143,48.83538768156263,-0.7537952468505481,34.929781454165045,19.778982102325706
2020-10-21 00:00:00+00:00,48.5239764639,0.13101253977270133,48.67968207273131,-0.3113913535389234,38.27601656143603,54.674500066536574
2020-10-22 00:00:00+00:00,48.8867725496,0.7476635513783858,48.78322731116566,0.2181360989197312,57.15949443314771,61.581511302436446
2020-10-23 00:00:00+00:00,43.7169283282,-10.575139146595813,46.25007781968283,-5.178501523838041,7.58149476151329,11.849118553933504
2020-10-26 00:00:00+00:00,42.3745828111,-3.0705394190151947,44.312330315391414,-4.124520471426618,5.667073247619424,51.1056809342015
2020-10-27 00:00:00+00:00,41.3950333797,-2.3116438355669233,42.85368184754571,-3.2180821534967707,4.439892615724452,54.19954448388774
2020-10-28 00:00:00+00:00,40.1343169818,-3.0455740579696133,41.49399941467286,-3.131828105733192,3.1309765779924636,49.64271973892568
2020-10-29 00:00:00+00:00,40.0073383518,-0.3163841807936496,40.75066888323643,-1.7241061432634208,2.9974711777785488,65.71912201144758
2020-10-30 00:00:00+00:00,40.1615266882,0.3854001359554493,40.456097785718214,-0.6693530036539858,9.988321730919806,69.47755710178437
2020-11-02 00:00:00+00:00,40.3247849268,0.4065040651155538,40.3904413562591,-0.13142446926921597,19.233075541659872,69.62776156561614
2020-11-03 00:00:00+00:00,40.6785111104,0.8771929825344582,40.534476233329556,0.37288425663262115,39.445774431867186,73.92126642204613
2020-11-04 00:00:00+00:00,41.4494527925,1.895206242941594,40.99196451291478,1.1340452497871074,66.69471055142294,82.12086229958065
2020-11-05 00:00:00+00:00,41.7306197589,0.6783369802432659,41.36129213590739,0.9061911150151867,73.27392821019565,52.515289851089115
2020-11-06 00:00:00+00:00,41.4656924444,-0.6348511381585653,41.4134922901537,0.13566998842831068,57.28107639007875,33.1625583427858
2020-11-09 00:00:00+00:00,41.6575363618,0.46265697276666184,41.53551432597685,0.29916348059748626,65.46784744569706,54.283109294174224
2020-11-10 00:00:00+00:00,41.5113695676,-0.3508771928577903,41.523441946788424,-0.02585685613015201,53.705298892202954,40.16942599428439
2020-11-11 00:00:00+00:00,42.3426932099,2.0026408450489974,41.93306757834421,0.9883919944594227,81.72194173215667,71.8875448273065
2020-11-12 00:00:00+00:00,41.0637337602,-3.0204962243662092,41.4984006692721,-1.0160521149533932,34.09954284897232,26.65265691926187
2020-11-13 00:00:00+00:00,41.5296404168,1.1345939931345583,41.514020543036054,0.059270939090582564,50.015738543325796,58.81117209832275
2020-11-16 00:00:00+00:00,42.1965264156,1.6058073031863351,41.85527347931803,0.8325391211384588,67.084324881752,61.669943393203354
2020-11-17 00:00:00+00:00,41.5935883893,-1.4288807101361045,41.72443093430901,-0.29817079449882283,45.850752201887126,36.9174336108415
2020-11-18 00:00:00+00:00,41.1642234312,-1.032286404532623,41.444327182754506,-0.6652285995157229,34.26552428415246,41.51878855415879
2020-11-19 00:00:00+00:00,41.6758072111,1.2427873946293078,41.56006719692725,0.28877939755679244,54.71538081179738,64.07012748475692
2020-11-20 00:00:00+00:00,41.4656924444,-0.5041648398931065,41.51287982066363,-0.10769272116815701,45.915318774532366,44.36518821641105
2020-11-23 00:00:00+00:00,42.0777658953,1.4760960563258596,41.795322857981816,0.6842016675788513,68.23727607951511,63.46881753535163
2020-11-24 00:00:00+00:00,42.9456312362,2.062527138583037,42.37047704709091,1.373364403080944,83.08518532474582,68.30348494530134
2020-11-25 00:00:00+00:00,42.9821729347,0.08508827894280202,42.67632499089545,0.729226341011873,83.57025706875353,40.915197861233494
2020-11-27 00:00:00+00:00,43.3475899204,0.8501594050518202,43.011957455647725,0.7896928730318467,88.5119544139461,52.069116031845944
2020-11-30 00:00:00+00:00,44.169778138,1.8967334034251992,43.59086779682386,1.3432131382285228,94.29908788126438,65.45165027950189
2020-12-01 00:00:00+00:00,45.2751645196,2.502585315566752,44.43301615821193,1.9228992268976375,97.17202799812227,72.19322495687057
2020-12-02 00:00:00+00:00,45.5857689573,0.686037126525596,45.00939255775596,1.3044681767116169,97.66747136382136,38.44935864509326
2020-12-03 00:00:00+00:00,46.5815302432,2.1843687376047694,45.795461400477976,1.744418457158193,98.7340252409402,61.00185518018952
2020-12-04 00:00:00+00:00,47.4905049949,1.9513630122374392,46.64298319768899,1.8478907346978162,99.2214655849665,56.19858177674068
2020-12-07 00:00:00+00:00,45.8598316966,-3.4336827929606573,46.251407447144494,-0.7928960291314205,48.73107013565717,15.06802305974123
2020-12-08 00:00:00+00:00,46.307467504,0.9760956175362434,46.27943747557225,0.09159979420241143,57.61262115043051,55.27533179526721
2020-12-09 00:00:00+00:00,45.7410711762,-1.2231209313078417,46.01025432588612,-0.5657605685527152,43.35713561896885,40.819479031655014
2020-12-10 00:00:00+00:00,45.9146442444,0.37946874381531437,45.962449285143066,-0.0931459123687004,49.14180440487311,53.97602971850593
2020-12-11 00:00:00+00:00,45.4304667384,-1.054516514214432,45.69645801177153,-0.5738312132915662,34.4295751974603,41.57167035896082
2020-12-14 00:00:00+00:00,46.1064881619,1.488035391299647,45.901473086835765,0.45710208900404037,59.69881971449645,63.736345539742516
2020-12-15 00:00:00+00:00,46.2846289424,0.38636813950017057,46.093051014617885,0.42173511425210547,65.02628020342192,51.1300848239602
2020-12-16 00:00:00+00:00,46.7002907635,0.8980558569828601,46.39667088905894,0.6598954856174828,76.08911047303148,57.048713742974726
2020-12-17 00:00:00+00:00,46.2709258054,-0.9194053207813968,46.33379834722947,-0.129754917581957,51.06241556860719,34.674707892996956
2020-12-18 00:00:00+00:00,43.356725345,-6.2981243830221745,44.84526184611474,-3.213939650302066,11.742227907189488,12.650310158989301
2020-12-21 00:00:00+00:00,42.3518286345,-2.317741255834682,43.598545240307374,-2.765840453068374,8.397518142492155,48.77043159606491
2020-12-22 00:00:00+00:00,42.1782555663,-0.40983606563473884,42.88840040330369,-1.5878382593515563,7.820369868395618,60.510958724325285
2020-12-23 00:00:00+00:00,42.543672552,0.8663634396296915,42.71603647765184,-0.3607374098609324,24.258984783453922,67.89359704869311
2020-12-24 00:00:00+00:00,43.000443784,1.073652565940808,42.85824013082592,0.35645757803993783,43.23850920897308,69.29231850957194
2020-12-28 00:00:00+00:00,43.000443784,0.0,42.92934195741296,0.17822878901996891,43.23850920897308,51.769858764934085
2020-12-29 00:00:00+00:00,45.1198623007,4.928829403124935,44.024602129056476,2.553529096072452,84.3031286269913,82.40630318516122
2020-12-30 00:00:00+00:00,44.5351951237,-1.2958088681731872,44.27989862637824,0.6288601139496324,64.88038163866325,37.400955755282915
2020-12-31 00:00:00+00:00,45.5126855602,2.1948717947343432,44.89629209328912,1.4118659543419878,77.74110927152898,57.10631340981708
2021-01-04 00:00:00+00:00,45.3756541906,-0.3010839020227474,45.13597314194456,0.5553910261596202,72.18273452205608,42.69231832884082
2021-01-05 00:00:00+00:00,46.2343841068,1.8924904368164297,45.685178624372284,1.223940731488025,83.3637366613156,57.00015264911739
2021-01-06 00:00:00+00:00,46.6820199142,0.9681881051253338,46.18359926928614,1.0960644183066794,87.34198149202409,49.231324210966385
2021-01-07 00:00:00+00:00,47.6777812001,2.133072407171288,46.930690234693074,1.6145684127389837,92.95961790810286,59.63228925128655
2021-01-08 00:00:00+00:00,47.1844682695,-1.034680973364932,47.05757925209654,0.2899437196870258,69.90513041215264,32.48520325622114
2021-01-11 00:00:00+00:00,47.0839785984,-0.2129719265374419,47.07077892524827,0.038485896574791956,64.98091388096675,42.64472109307445
2021-01-12 00:00:00+00:00,48.6370007873,3.298409002659719,47.85388985627414,1.6684474496172554,86.6997280163031,70.80489428314682
2021-01-13 00:00:00+00:00,52.0262433291,6.968444778537797,49.94006659268707,4.318446114077526,95.61082008627027,83.50319119100371
2021-01-14 00:00:00+00:00,54.1273909964,4.038630377382568,52.033728794543535,4.1785382457300475,97.29570360794455,54.90630642575132
2021-01-15 00:00:00+00:00,52.6017750814,-2.8185654008364702,52.317751937971764,0.6799864224467886,68.61054464808923,24.93133162593502
2021-01-19 00:00:00+00:00,52.9763274917,0.7120527961658851,52.647039714835884,0.6960196093063369,71.6848123766172,47.19537448626626
2021-01-20 00:00:00+00:00,53.5975363673,1.1726159683253412,53.12228804106795,0.934317788815839,77.23226959090377,50.0917027468294
2021-01-21 00:00:00+00:00,57.0598623061,6.459860235128967,55.091075173583974,3.697089011972403,91.36910136529305,74.33376056162845
2021-01-22 00:00:00+00:00,51.7613160145,-9.285943003464913,53.426195594041985,-2.794426995746255,37.673007989823276,23.450477527856513
2021-01-25 00:00:00+00:00,50.6467942083,-2.153194493524435,52.036494901171,-2.473810744635345,31.78019120578822,47.75232688543271
2021-01-26 00:00:00+00:00,50.4366794416,-0.41486291478951554,51.236587171385494,-1.4443368297124302,30.433987555625087,53.18539521450456
2021-01-27 00:00:00+00:00,48.9567406498,-2.934251041473901,50.096663910592746,-2.1892939355931658,21.024613756824536,43.378961783065854
2021-01-28 00:00:00+00:00,51.2177582484,4.618398955056335,50.65721107949638,1.2145525097315848,53.77560930848108,69.04455430946143
2021-01-29 00:00:00+00:00,50.7107421808,-0.9899224115609284,50.68397663014819,0.11231504908532819,47.19271676772501,45.880080863990365
2021-02-01 00:00:00+00:00,51.7887222884,2.125743109333045,51.236349459274095,1.1190290792091866,62.02012488304439,57.70485206442532
2021-02-02 00:00:00+00:00,52.9854629163,2.3108131944935995,52.11090618778705,1.714921136851393,74.12067108360156,58.51251357362207
2021-02-03 00:00:00+00:00,52.6931293278,-0.5517241379240034,52.40201775779353,0.5815984994636948,66.37233451937028,40.548028465497566
2021-02-04 00:00:00+00:00,54.0246174692,2.5268723994677167,53.21331761349677,1.5542354494657058,80.38286462054741,60.240487367092506
2021-02-05 00:00:00+00:00,53.4640626698,-1.0375914271296471,53.338690141648385,0.25832201116802933,63.63907559810006,38.24154471878088
2021-02-08 00:00:00+00:00,54.364626118,1.6844276383595869,53.85165812982419,0.9713748247638081,75.79117800630279,56.456404362822184
2021-02-09 00:00:00+00:00,54.0154280463,-0.6423258957801936,53.933543088062095,0.16452446449180724,63.456177009583975,40.96494689290726
2021-02-10 00:00:00+00:00,54.0889434298,0.13610071447915928,54.011243258931046,0.15031258948548326,65.24252630783943,48.11022883421132
2021-02-11 00:00:00+00:00,55.7430395592,3.058103975624493,54.87714140906552,1.6042082825549882,86.88288600672867,69.14072192011898
2021-02-12 00:00:00+00:00,56.7998231974,1.8958127266771596,55.838482303232766,1.7500105046160739,91.7846962307606,55.676902039666196
2021-02-16 00:00:00+00:00,57.4063251115,1.0677883837634239,56.62240370736639,1.4088994441897489,93.78430575908928,46.08667012844166
2021-02-17 00:00:00+00:00,56.8365808891,-0.9924763887836252,56.7294922982332,0.20821152770306184,69.8333248791312,28.052483648985728
2021-02-18 00:00:00+00:00,56.6160347385,-0.38803556996211963,56.672763518366594,-0.0899120211295289,60.815202860491226,38.62201766956399
2021-02-19 00:00:00+00:00,57.9025539503,2.2723583835254857,57.2876587343333,1.0912231811979785,81.60299951658301,68.84195857387645
2021-02-22 00:00:00+00:00,55.7889866739,-3.6502142517136016,56.53832270411665,-1.2794955352578117,35.36700514656465,26.03574869598327
2021-02-23 00:00:00+00:00,56.1657530144,0.6753417886979918,56.35203785925833,-0.30207687327990995,43.870756416297084,56.0051557194154
2021-02-24 00:00:00+00:00,58.0679635632,3.3867801047950064,57.21000071122917,1.542351615757548,71.88478041939318,68.14236542885902
2021-02-25 00:00:00+00:00,55.5041145627,-4.415255578421585,56.35705763696458,-1.4364519813320182,35.78053578430203,31.10474102553627
2021-02-26 00:00:00+00:00,55.8533126345,0.6291390729340041,56.10518513573229,-0.4036564541990071,41.75689239738575,54.88581333765577
2021-03-01 00:00:00+00:00,57.783091452,3.455083909039258,56.944138293866146,1.5257137274201256,67.12086141889552,65.02939128601304
2021-03-02 00:00:00+00:00,56.2760260897,-2.608142493642651,56.61008219178307,-0.5412143831112628,44.44681149056005,37.72842280881328
2021-03-03 00:00:00+00:00,55.0446434157,-2.1881123447438533,55.827362803741536,-1.364663363927558,31.432891764568534,40.33146770224638
2021-03-04 00:00:00+00:00,53.601904014,-2.621035058405885,54.71463340887077,-1.9928492111667215,20.75352506248904,37.88319622462119
2021-03-05 00:00:00+00:00,55.8165549427,4.1316646664670165,55.26559417578538,1.0694077276501475,55.53680257836965,74.33486532132973
2021-03-08 00:00:00+00:00,54.998696301,-1.4652617714217442,55.132145238392695,-0.19792702188579836,44.674649360993435,42.978613697908536
2021-03-09 00:00:00+00:00,57.5901135703,4.71177944858463,56.36112940434634,2.256926213349416,71.32773245353714,66.42480439805188
2021-03-10 00:00:00+00:00,57.2041578068,-0.6701771182112126,56.78264360557317,0.7933745475691016,64.39698240884614,43.206358949116954
2021-03-11 00:00:00+00:00,58.1782366385,1.7028112449270605,57.48044012203658,1.248092896248081,73.97153049380046,53.87054787140278
2021-03-12 00:00:00+00:00,57.8014702979,-0.6476070131535616,57.6409552099683,0.3002429415472597,63.98769945603503,42.12001762244152
2021-03-15 00:00:00+00:00,58.6193289397,1.414944356233283,58.13014207483415,0.8575936488902713,74.98226398652072,55.03125164315062
2021-03-16 00:00:00+00:00,59.5290818108,1.5519673929325295,58.829611942817074,1.2047805209114004,83.42543715040489,56.00912372904021
2021-03-17 00:00:00+00:00,60.4480241049,1.5436863229650655,59.63881802385853,1.374233421938233,89.03323451290747,55.89892949633492
2021-03-18 00:00:00+00:00,58.5595976905,-3.1240498632724045,59.099207857179266,-0.8749082206670857,43.581242468330366,20.987371075644703
2021-03-19 00:00:00+00:00,58.5917606708,0.05492349942359809,58.84548426398963,-0.4099923606217438,44.30758966102993,51.76347343870878
2021-03-22 00:00:00+00:00,60.3101827608,2.932873274887604,59.57783351239482,1.26144045713293,72.58930071378,68.45095764561124
2021-03-23 00:00:00+00:00,58.3344568285,-3.275940880723316,58.956145170447414,-1.007250211795193,38.698080613144086,32.29551182306217
2021-03-24 00:00:00+00:00,57.011179925,-2.268431001921145,57.98366254772371,-1.637840606858169,26.342040769298265,40.00839235655884
2021-03-25 00:00:00+00:00,56.9928010791,-0.03223726631194079,57.48823181341186,-0.8350389365850549,26.167972857715547,56.504868018415614
2021-03-26 00:00:00+00:00,59.6117866173,4.595291841447002,58.55000921535593,1.8801264524309738,69.39551323088446,76.53421398425631
2021-03-29 00:00:00+00:00,59.2717779685,-0.570371512236012,58.91089359192796,0.6548774700974809,62.293131374537175,43.213523449606335
2021-03-30 00:00:00+00:00,58.6009500938,-1.1317829457663797,58.755921842863984,-0.23845273783444942,47.81150250807729,40.3497070906334
2021-03-31 00:00:00+00:00,58.8123068214,0.3606711619209113,58.78411433213199,0.06110921204323094,52.977768050308796,52.81813236372166
2021-04-01 00:00:00+00:00,59.3177250832,0.8593750000911227,59.050919707666,0.4602421060671768,65.299332912782,57.29254191710063
2021-04-05 00:00:00+00:00,61.1464202484,3.0828814871693755,60.098669978033,1.7715617966182762,85.6735874436125,73.86694128389077
2021-04-06 00:00:00+00:00,60.2458568002,-1.4727983167969083,60.1722633891165,0.14938173991068393,59.7562036211597,33.68728839063692
2021-04-07 00:00:00+00:00,60.8799269831,1.0524710188832387,60.52609518610825,0.6009263793969613,69.50051218776542,54.33871197967113
2021-04-08 00:00:00+00:00,61.6150808184,1.207547169864509,61.07058800225413,0.9042367746307352,78.53809820370657,55.61205899570396
2021-04-09 00:00:00+00:00,62.7270009942,1.804623415292106,61.89879449822706,1.3544300949614205,87.1660401735368,61.769309195623855
2021-04-12 00:00:00+00:00,60.1034207446,-4.182537357146376,61.00110762141353,-1.4140536310924778,35.97704994772841,20.013178243071913
2021-04-13 00:00:00+00:00,59.9334164202,-0.28285299288107746,60.467262020806764,-0.8484533119867776,34.03435908714859,51.82855085114093
2021-04-14 00:00:00+00:00,58.9869058573,-1.5792701625148564,59.72708393905339,-1.213861737250817,23.456494351019863,43.25004399235228
2021-04-15 00:00:00+00:00,59.7496279614,1.2930362985052346,59.73835595022669,0.03958728062720884,44.359319655109665,63.38883651583127
2021-04-16 00:00:00+00:00,59.501513542,-0.41525684404309926,59.619934746113344,-0.1878347817079452,39.14338700886891,48.14639454334158
2021-04-19 00:00:00+00:00,58.4722981726,-1.729729729771512,59.04611645935667,-0.9587822557397285,22.6049125516839,37.68686265259488
2021-04-20 00:00:00+00:00,57.6176818391,-1.4615747289037917,58.331899149228335,-1.2101784923217602,14.81074033022526,41.57106608623906
2021-04-21 00:00:00+00:00,58.5366241332,1.5948963317652831,58.434261641214164,0.19235891972176145,45.25565409029857,71.71514282921605
2021-04-22 00:00:00+00:00,57.4982193409,-1.77394034534194,57.96624049105708,-0.7907907128100893,28.1833479698082,38.703169564521374
2021-04-23 00:00:00+00:00,54.4381415016,-5.322039315960669,56.20219099632854,-3.0564150143853794,10.565293347999166,22.40774242899647
2021-04-26 00:00:00+00:00,53.9970492004,-0.810263335656003,55.09962009836427,-1.9333391750206912,9.307302550951142,56.96697779301698
2021-04-27 00:00:00+00:00,53.2710847881,-1.3444520081194011,54.185352443232134,-1.638895591570046,7.192940012688434,52.79112607548415
2021-04-28 00:00:00+00:00,52.9494549852,-0.6037605657541412,53.56740371421607,-1.1213280786620936,6.24946448400647,59.03643026247235
2021-04-29 00:00:00+00:00,53.5559568992,1.1454356124525278,53.561680306708034,0.012053766895217088,31.619608601519825,72.10747370114444
2021-04-30 00:00:00+00:00,52.8667501787,-1.2868908715368166,53.214215242704014,-0.6374185523207998,21.638403513295042,43.29323662846141
2021-05-03 00:00:00+00:00,52.6186357593,-0.46932035459211763,52.91642550100201,-0.5533694534564587,18.487107401087002,52.80238293166039
2021-05-04 00:00:00+00:00,52.2878165334,-0.6287111422145331,52.602121017201,-0.5910402978354958,14.317009081725113,50.334082170084706
2021-05-05 00:00:00+00:00,52.2418694187,-0.08787346220634484,52.421995217950496,-0.33945688002092034,13.674403514046015,59.879694093008844
2021-05-06 00:00:00+00:00,52.8736422459,1.2093227792760786,52.64781873192525,0.4349329496275791,55.17262325337097,76.28084938911027
2021-05-07 00:00:00+00:00,53.3174147285,0.8393075713152953,52.98261673021263,0.6371202604714372,70.24405038405006,64.92482883060943
2021-05-10 00:00:00+00:00,51.7457205194,-2.9478064851855446,52.36416862480631,-1.1553431123570537,25.212164761509385,19.760718774705914
2021-05-11 00:00:00+00:00,50.8859113344,-1.6616044309937683,51.62503997960316,-1.408473771675411,16.521075780182972,40.755906969822504
2021-05-12 00:00:00+00:00,49.5730844068,-2.579941860474255,50.599062193201576,-1.994207816074833,9.232149636876741,31.834792508057486
2021-05-13 00:00:00+00:00,49.9336495489,0.7273405446011294,50.26635587105079,-0.6334336357368519,23.192501624667493,68.7668923626509
2021-05-14 00:00:00+00:00,51.172514396,2.481022032821323,50.719435133525394,0.9237941985422355,57.1548379452012,78.1729400710497
2021-05-17 00:00:00+00:00,51.1540238759,-0.03613369465668148,50.9367295047127,0.44383025194277703,56.5945835621336,47.42354310118011
2021-05-18 00:00:00+00:00,50.7010061333,-0.8855955177622499,50.81886781900635,-0.22088263290973642,41.60638108717931,39.54876804989123
2021-05-19 00:00:00+00:00,51.1817596561,0.9482129832611763,51.00031373755317,0.36366517517571995,58.9232474993143,60.6874134377947
2021-05-20 00:00:00+00:00,51.7272299993,1.0657514451732908,51.36377186842658,0.7147083101745053,72.70125726489967,61.96608871205222
2021-05-21 00:00:00+00:00,51.84741838,0.23235031278812102,51.605595124213295,0.47352931148131316,75.42556705988957,46.03945031123267
2021-05-24 00:00:00+00:00,52.6610012647,1.5691868758769933,52.13329819445664,1.0213580936791533,87.79404401965077,66.65855904410967
2021-05-25 00:00:00+00:00,52.5777939242,-0.1580056180127576,52.35554605932832,0.43167623783319786,81.5011885420926,38.2976804533938
2021-05-26 00:00:00+00:00,52.6240202244,0.08791981699849405,52.48978314186416,0.25979802741584596,82.5438649565983,43.43748318056441
2021-05-27 00:00:00+00:00,53.3728862888,1.4230498947185533,52.93133471533208,0.8414239610671996,92.63347778218724,66.29881484366096
2021-05-28 00:00:00+00:00,52.8089254255,-1.0566429933138943,52.87013007041604,-0.10760951612334735,56.04219574584653,31.18476771162807
2021-06-01 00:00:00+00:00,52.5962844443,-0.4026610643687256,52.73320725735802,-0.2551352902460365,45.808259490895814,43.105535935278766
2021-06-02 00:00:00+00:00,53.1417547874,1.0370891192469367,52.937481022379,0.39097691450045013,68.17223906213722,63.80869324284989
2021-06-03 00:00:00+00:00,51.9953425408,-2.1572720945824075,52.4664117815895,-0.8831475900409786,29.627237073384244,28.859268549227057
2021-06-04 00:00:00+00:00,53.0400569269,2.0092460883015084,52.75323435424475,0.5630492491302649,60.30582283010805,65.65936752045965
2021-06-07 00:00:00+00:00,52.7811896454,-0.4880599616564729,52.76721199982238,0.03749464373689598,51.89685618561109,44.8164713027339
2021-06-08 00:00:00+00:00,52.6979823049,-0.1576458224208488,52.732597152361194,-0.060075589341976404,48.627649366857774,48.08698333256534
2021-06-09 00:00:00+00:00,52.6979823049,0.0,52.715289728630594,-0.030037794670988202,48.62764936685778,50.19928976499004
2021-06-10 00:00:00+00:00,53.0493021869,0.666666666604665,52.882295957765294,0.3183144359668384,67.86106543859141,60.41612697030113
2021-06-11 00:00:00+00:00,53.4838294094,0.8191007319363175,53.18306268358265,0.5687075839515779,81.03446039388594,63.01827865635129
2021-06-14 00:00:00+00:00,53.7981682512,0.5877268798272661,53.49061546739132,0.5782172318894221,86.87299823334403,54.81418204400503
2021-06-15 00:00:00+00:00,53.6132630502,-0.3437016668237258,53.551939258795656,0.11725778253284813,68.31613654088437,30.688909996107498
2021-06-16 00:00:00+00:00,52.9013780261,-1.32781514050625,53.22665864244783,-0.6052786789867008,30.5857659860367,18.078510929056904
2021-06-17 00:00:00+00:00,52.8643969858,-0.06990562756560292,53.045527814123915,-0.3375921532761519,29.323797497787712,54.178736244395324
2021-06-18 00:00:00+00:00,51.4683627178,-2.6407834905881833,52.25694526596196,-1.4891878219321675,8.789192692569163,23.045584009182143
2021-06-21 00:00:00+00:00,51.6532679188,0.3592599244196526,51.95510659238098,-0.5649639487562574,19.9291805583756,61.63493688143289
2021-06-22 00:00:00+00:00,51.6532679188,0.0,51.80418725559049,-0.2824819743781287,19.929180558375602,56.541899788446486
2021-06-23 00:00:00+00:00,51.0893070556,-1.0918202969975699,51.44674715559525,-0.6871511356878492,10.84198837509595,41.07091625815027
2021-06-24 00:00:00+00:00,51.8381731199,1.4657980455382136,51.64246013774762,0.38932345492518217,53.27664713834577,69.95625374147386
2021-06-25 00:00:00+00:00,51.690248959,-0.2853575888136617,51.66635454837381,0.05198293305576024,46.69204607043187,46.53149844791431
2021-06-28 00:00:00+00:00,53.1417547874,2.8080844213989264,52.4040546678869,1.4300336772273434,81.09063018164355,71.66890199494999
2021-06-29 00:00:00+00:00,52.4668508035,-1.2700069589346996,52.43545273569345,0.0800133591463219,55.922554096784125,37.14050396471186
2021-06-30 00:00:00+00:00,51.9028899403,-1.0748898677226948,52.16917133799673,-0.49743825428818644,40.26029174749236,39.24129944542335
2021-07-01 00:00:00+00:00,51.7827015596,-0.231563947283564,51.975936448798365,-0.3645011007858752,36.95195511277242,50.061591279657186
2021-07-02 00:00:00+00:00,52.4760960636,1.3390465987988875,52.22601625619918,0.4872727490065062,63.15389803053407,66.65219193624485
2021-07-06 00:00:00+00:00,51.85666364,-1.180408738579286,52.04133994809959,-0.34656799478638994,40.56422804097764,37.04161999315622
2021-07-07 00:00:00+00:00,51.7364752593,-0.23177036905878134,51.88890760369979,-0.28916918192258567,36.739482330827926,49.66992863340187
2021-07-08 00:00:00+00:00,51.2094954363,-1.018584703265557,51.5492015199999,-0.6538769425940714,22.67688561259538,39.7503095779798
2021-07-09 00:00:00+00:00,51.7642110395,1.083228019479332,51.65670627974995,0.21467553844263032,51.80457178779938,66.53221393417172
2021-07-12 00:00:00+00:00,52.4483602834,1.3216645828484586,52.05253328157497,0.7681700606455444,71.59790008491927,68.88572586824569
2021-07-13 00:00:00+00:00,52.5777939242,0.24678300732494662,52.31516360288749,0.5074765339852455,74.562554380131,46.685740212830396
2021-07-14 00:00:00+00:00,52.2542098223,-0.6154387199404088,52.28468671259374,-0.053981092977581635,53.58696976236425,33.64085887905433
2021-07-15 00:00:00+00:00,51.5977963585,-1.2561924982355532,51.941241535546865,-0.6550867956065675,28.87225616844543,25.651216755986756
2021-07-16 00:00:00+00:00,50.821194514,-1.5051066117323986,51.38121802477343,-1.080096703669483,15.877128691229034,22.53285762970279
2021-07-19 00:00:00+00:00,50.5161009323,-0.6003274512092704,50.94865947853671,-0.8402120774393768,12.54878956064833,53.41248412758703
2021-07-20 00:00:00+00:00,51.0708165355,1.098096632484391,51.009738007018356,0.12894227752250714,44.35958533919909,78.04965038389975
2021-07-21 00:00:00+00:00,51.9860972808,1.7921795800225349,51.497917643909176,0.960560928772521,70.72008772718183,83.42336005772059
2021-07-22 00:00:00+00:00,51.7364752593,-0.4801707274767808,51.617196451604585,0.24019510064787009,59.23882645305947,37.88129391062994
2021-07-23 00:00:00+00:00,48.9998782835,-5.28949249457823,50.30853736755229,-2.52464869696518,16.142593075176304,13.86016806887876
2021-07-26 00:00:00+00:00,50.2110073505,2.471698113192722,50.259772359026144,-0.02647529188622899,43.452368585191074,66.01959818475532
2021-07-27 00:00:00+00:00,49.1662929644,-2.0806481312102054,49.71303266171307,-1.0535617115482172,30.57052533710097,43.07252345930119
2021-07-28 00:00:00+00:00,49.0645951039,-0.20684467827102315,49.38881388280653,-0.6302031949096202,29.302089100826922,53.13077005423732
2021-07-29 00:00:00+00:00,49.6470464872,1.187111362208526,49.517930185003266,0.27845408364945295,47.88039084729974,60.84962046899883
2021-07-30 00:00:00+00:00,49.6655370073,0.03724394784445639,49.591733596151634,0.15784901574695467,48.52453111296387,50.548922427651355
2021-08-02 00:00:00+00:00,49.6285559671,-0.07446016378432896,49.61014478162582,0.04169442598131286,46.78972460941036,49.332034834641554
2021-08-03 00:00:00+00:00,49.9798758491,0.7078986586530833,49.79501031536291,0.3747965423171981,64.74864906524286,59.55978482198107
2021-08-04 00:00:00+00:00,49.8319516883,-0.2959674434698689,49.813481001831455,0.0394145494236646,53.37175000168372,42.894594690818735
2021-08-05 00:00:00+00:00,50.1439792151,0.6261595547205179,49.978730108465726,0.33278705207209125,70.03235733154938,58.78456927886065
2021-08-06 00:00:00+00:00,50.1718938445,0.05566895535005223,50.075311976482865,0.19422800371107174,71.40350652338157,46.72030885651951
2021-08-09 00:00:00+00:00,50.2928572384,0.2410979228229193,50.184084607441434,0.21766296326699552,77.95866716655777,51.566530676047435
2021-08-10 00:00:00+00:00,50.1905035974,-0.20351526363837635,50.18729410242072,0.007073849814309585,60.38882915056889,38.855293948786475
2021-08-11 00:00:00+00:00,50.3766011265,0.37078235076652977,50.281947614460364,0.18892810029041968,75.46772939654001,58.61895137179682
2021-08-12 00:00:00+00:00,49.8183085392,-1.1082379017553823,50.05012807683018,-0.4596549007324813,27.816788087707184,26.068638303819082
2021-08-13 00:00:00+00:00,49.7717841569,-0.0933881210828158,49.91095611686509,-0.27652151090764854,25.781923432946822,52.9556878753598
2021-08-16 00:00:00+00:00,49.753174404,-0.03739016636681303,49.83206526043254,-0.15695583863723078,24.69789724133577,54.3303740319822
2021-08-17 00:00:00+00:00,49.0273940405,-1.458761922619456,49.42972965046627,-0.8078588806283433,7.138760750482104,25.717796967344658
2021-08-18 00:00:00+00:00,48.5621502178,-0.948946669112527,48.99593993413313,-0.8784027748704352,4.240145409722818,42.11814676659992
2021-08-19 00:00:00+00:00,48.7947721291,0.4790189690050628,48.895356031616565,-0.19969190293268618,26.594321975936904,69.9721880129853
2021-08-20 00:00:00+00:00,48.3946624416,-0.8199847443521202,48.64500923660828,-0.5098383236424032,16.597850178044094,42.237322625816056
2021-08-23 00:00:00+00:00,49.5298573691,2.34570274949204,49.08743330285414,0.9179322129248184,67.91863527646926,76.41316358573943
2021-08-24 00:00:00+00:00,50.0695402035,1.0896111215872084,49.57848675317707,1.0037716672560135,77.70283196905766,56.512723794901405
2021-08-25 00:00:00+00:00,50.0695402035,0.0,49.82401347833853,0.5018858336280068,77.70283196905766,42.20919907537829
2021-08-26 00:00:00+00:00,49.4368086045,-1.2637056310650263,49.630411041419265,-0.3809098987185098,43.06015844807941,29.305553789449384
2021-08-27 00:00:00+00:00,50.1439792151,1.4304536044335903,49.887195128259634,0.5247718528575402,67.41509335614384,64.25292101341243
2021-08-30 00:00:00+00:00,50.1905035974,0.0927815921836217,50.03884936282982,0.30877672252058097,68.73480640955155,46.9627198279082
2021-08-31 00:00:00+00:00,50.3021621148,0.2224694103403646,50.17050573881491,0.2656230664304728,72.71328309027494,48.96008695906181
2021-09-01 00:00:00+00:00,49.9392719331,-0.721420643653059,50.054888835957456,-0.22789878861129312,44.87530343458043,34.69540482920314
2021-09-02 00:00:00+00:00,49.9951011918,0.11179429843268807,50.02499501387873,-0.058052245089302526,49.35016776226829,52.875422052796175
2021-09-03 00:00:00+00:00,49.7903939098,-0.40945468079895964,49.90769446183937,-0.23375346294413107,34.11755866222144,41.92355669786649
2021-09-07 00:00:00+00:00,49.9206621802,0.2616333396276982,49.91417832101968,0.013939938341783559,49.1111298681054,58.516820356684335
2021-09-08 00:00:00+00:00,49.8462231685,-0.14911463199603903,49.88020074475985,-0.06758734682712773,41.09480147672585,46.35684104202493
2021-09-09 00:00:00+00:00,49.6880402688,-0.3173417957169633,49.78412050677993,-0.19246457127204553,27.03089025165508,41.10878234332224
2021-09-10 00:00:00+00:00,50.0974548328,0.8239700374278458,49.94078766978996,0.31575273307790014,68.66478017222458,72.63526612175887
2021-09-13 00:00:00+00:00,51.1675156251,2.135958395234505,50.55415164744498,1.2258555641562026,90.31933956641807,85.77040173319273
2021-09-14 00:00:00+00:00,50.7301864318,-0.8547008545505275,50.64216903962249,0.18557735480283755,63.4420665213105,32.47356137249739
2021-09-15 00:00:00+00:00,51.288479019,1.1005135728222593,50.96532402931125,0.6430454638125485,76.71224424067329,58.04175522046537
2021-09-16 00:00:00+00:00,51.0186376019,-0.5261248184022738,50.99198081560562,0.058460322705137346,60.730040051733525,39.4167937289937
2021-09-17 00:00:00+00:00,50.4882596439,-1.0395768741191191,50.74012022975281,-0.4905582757069909,37.6213779628989,34.21792705245557
2021-09-20 00:00:00+00:00,49.2972354577,-2.3590121636206995,50.01867784372641,-1.4247852196638453,16.488071103344375,22.684892930984084
2021-09-21 00:00:00+00:00,49.1948818167,-0.20762551905740834,49.6067798302132,-0.8162053693606268,15.374763490085066,57.62045797271425
2021-09-22 00:00:00+00:00,49.7810890334,1.1916020428389462,49.693934431806596,0.1876983367391597,46.44227969934172,70.58657942128276
2021-09-23 00:00:00+00:00,50.2742474855,0.9906542055942547,49.9840909586533,0.5891762711667072,63.39858140380201,66.22200035500694
2021-09-24 00:00:00+00:00,50.4510401381,0.351656487053309,50.21756554837665,0.4704163791100081,68.72332416433491,51.13921592653064
2021-09-27 00:00:00+00:00,50.8604547021,0.811508668363059,50.53901012523832,0.6409625237365335,79.22296783364015,60.78150869540508
2021-09-28 00:00:00+00:00,50.2463328561,-1.2074643248807693,50.39267149066916,-0.2832509005721179,45.13281663854451,26.430868558235083
2021-09-29 00:00:00+00:00,49.7717841569,-0.9444444444514088,50.08222782378458,-0.6138476725117634,30.113352757030114,33.747557290011606
2021-09-30 00:00:00+00:00,49.5763817514,-0.3925967469520786,49.82930478759229,-0.503222209731921,24.979081246717218,49.54107474639356
2021-10-01 00:00:00+00:00,50.1160645857,1.0885885884255098,49.97268468664615,0.2926831893467944,56.034261319708044,74.25237427364647
2021-10-04 00:00:00+00:00,49.753174404,-0.724099517190635,49.86292954532307,-0.21570816392192033,39.52972469907774,39.10065540061867
2021-10-05 00:00:00+00:00,50.1998084738,0.8976996445961172,50.03136900956153,0.34099574033709845,60.829552965765096,62.760280808357955
2021-10-06 00:00:00+00:00,50.2277231032,0.05560704362959079,50.12954605638076,0.19830139198334462,62.08169710331271,48.1812836630975
2021-10-07 00:00:00+00:00,50.4138206323,0.37050759541228384,50.27168334434038,0.28440449369781423,71.26673214331929,54.15493894611629
2021-10-08 00:00:00+00:00,50.0695402035,-0.6829088223863411,50.170611773920186,-0.19925216434426343,42.61868751915173,34.30877313665233
2021-10-11 00:00:00+00:00,49.7252597746,-0.6876045346147053,49.94793577426009,-0.44342834947948434,26.587241916643485,34.22490953615462
2021-10-12 00:00:00+00:00,48.5435404649,-2.3764970058610557,49.24573811958004,-1.40996267767027,9.053393226405914,14.760114650072023
2021-10-13 00:00:00+00:00,48.627284353,0.1725129384836599,48.936511236290016,-0.6187248695933051,15.011319201457773,62.73767987173754
2021-10-14 00:00:00+00:00,50.1532840916,3.1381553769737724,49.54489766394501,1.2597152536902336,69.54477468197838,81.20226142768756
2021-10-15 00:00:00+00:00,50.674357173,1.0389610388191306,50.1096274184725,1.1493381462546821,77.07811642858887,53.20788951295502
2021-10-18 00:00:00+00:00,50.6836620495,0.01836210071346489,50.39664473398625,0.5838501234840735,77.22898938221313,42.51807986108382
2021-10-19 00:00:00+00:00,51.3722229071,1.3585459885032014,50.88443382054312,0.9711980559936375,86.84218580607725,58.81575312668448
2021-10-20 00:00:00+00:00,51.5211009304,0.28980257204214155,51.202767375471566,0.6305003140178895,88.42678379040022,43.92014023907428
2021-10-21 00:00:00+00:00,52.1073081471,1.1378002529330855,51.65503776128578,0.8841502834754875,93.2371421710603,56.90883294850022
2021-10-22 00:00:00+00:00,46.0219189456,-11.678571428638806,48.838478353442895,-5.39721057258166,12.477872863425883,9.10434064371082
2021-10-25 00:00:00+00:00,45.9753945633,-0.10109179140268543,47.40693645837145,-2.749151181992173,12.355147345977908,57.49019087839954
2021-10-26 00:00:00+00:00,44.9239435239,-2.2869864400018036,46.16543999113573,-2.518068810996988,9.265745610921094,49.958521162021476
2021-10-27 00:00:00+00:00,44.5610533422,-0.8077879038088875,45.36324666666786,-1.6629283574029379,8.203763910554386,55.831980215725544
2021-10-28 00:00:00+00:00,44.7378459948,0.39674253488208855,45.05054633073393,-0.6330929112604247,15.298074480363722,61.370184972628735
2021-10-29 00:00:00+00:00,45.5938946287,1.9134775375629465,45.32222047971696,0.6401923131512609,45.74981101019934,68.76718193423284
2021-11-01 00:00:00+00:00,46.1056628337,1.1224489795567116,45.713941656708485,0.8813206463539862,58.975727814078596,59.808045786554075
2021-11-02 00:00:00+00:00,46.3941140038,0.6256306760850983,46.05402783025424,0.7534756612195422,65.98650351622757,53.26978100838544
2021-11-03 00:00:00+00:00,46.8872724559,1.062976333721144,46.47065014307712,0.908225997470343,76.35092027786561,59.16445437472574
2021-11-04 00:00:00+00:00,47.1361779011,0.5308592975505233,46.80341402208856,0.7195426475104332,80.78391883494221,48.092736268710645
2021-11-05 00:00:00+00:00,47.7076958601,1.212482607731058,47.25555494109428,0.9660126276207456,88.32282013751907,61.82080518607271
2021-11-08 00:00:00+00:00,48.2979521129,1.2372348782697218,47.77675352699714,1.1016237529452337,92.73707096775345,62.363003474181944
2021-11-09 00:00:00+00:00,47.9700319725,-0.678952473250749,47.873392749748575,0.21133563984724235,70.52142791197736,23.54125222590233
2021-11-10 00:00:00+00:00,47.5577895102,-0.859375000075735,47.715591129974285,-0.3240196801142463,48.577423504913796,21.638753438923754
2021-11-11 00:00:00+00:00,47.3422991322,-0.4531126871525126,47.52894513108714,-0.38856618363337947,39.04988059635006,38.441792233489764
2021-11-12 00:00:00+00:00,47.1361779011,-0.43538491978266647,47.33256151609357,-0.41197555170802297,30.474257681445323,39.29382854694332
2021-11-15 00:00:00+00:00,47.1455470479,0.0198767639151054,47.239054281996786,-0.19604939389645878,31.499922836814566,60.404951399174536
2021-11-16 00:00:00+00:00,47.4172523072,0.576311605895552,47.328153294598394,0.19013110599954658,58.27555736118457,75.82074483413865
2021-11-17 00:00:00+00:00,47.0612247261,-0.7508397551031054,47.194689010349194,-0.28035432455177944,32.95586964912688,31.685609306009084
2021-11-18 00:00:00+00:00,46.5459216483,-1.0949631693588535,46.870305329324594,-0.6876587469553165,16.958857933493828,25.836221200310295
2021-11-19 00:00:00+00:00,46.3960152984,-0.3220611915963123,46.6331603138623,-0.5048599692758144,13.994604857682415,54.27470124881634
2021-11-22 00:00:00+00:00,46.6864588513,0.6260096929272763,46.65980958258115,0.06057486182573091,42.9667108641805,73.190147858101
2021-11-23 00:00:00+00:00,46.0025111298,-1.4649809352181298,46.33116035619057,-0.7022030366961994,19.620488652055435,30.900745766377625
2021-11-24 00:00:00+00:00,46.6208748232,1.344195519360314,46.47601758969529,0.32099624133205723,53.72190030503193,68.07443661105958
2021-11-26 00:00:00+00:00,45.70269843,-1.9694533761581923,46.08935800984764,-0.8242285674130675,27.621484979568724,34.876388157860966
2021-11-29 00:00:00+00:00,46.8457343481,2.5010250102643683,46.46754617897382,0.8383982214256505,62.05060498455941,67.22328757343422
2021-11-30 00:00:00+00:00,46.0962025985,-1.600000000064894,46.28187438873691,-0.38080088931962175,42.272161072002376,39.9312200869269
2021-12-01 00:00:00+00:00,45.5340537864,-1.2195121949552745,45.90796408756846,-0.8001565421374481,31.114721557492164,43.143661106199346
2021-12-02 00:00:00+00:00,46.3772770046,1.8518518517054439,46.14262054608423,0.5258476547839979,56.78116392940895,65.49021061222811
2021-12-03 00:00:00+00:00,46.1430483329,-0.5050505049633891,46.14283443949212,0.010398574910304381,49.15059690014999,45.0906881898527
2021-12-06 00:00:00+00:00,47.7732798882,3.5329949238261493,46.958057163846064,1.771696749368227,78.8390673889891,69.50339629000548
2021-12-07 00:00:00+00:00,49.2536050936,3.098646793488502,48.10583112872303,2.4351717714283643,88.21278982738134,64.85132035245732
2021-12-08 00:00:00+00:00,48.4853350503,-1.5598249952262444,48.29558308951152,0.43767338810105993,65.59322310818142,31.22646729043117
2021-12-09 00:00:00+00:00,47.2954533979,-2.4541062801063274,47.79551824370576,-1.0082164460026337,41.10601654791848,27.169958031809617
2021-12-10 00:00:00+00:00,47.3985140134,0.2179080822694468,47.59701612855288,-0.39515418186659346,43.83036167020101,53.9696498840888
2021-12-13 00:00:00+00:00,46.8457343481,-1.1662383870172044,47.221375238326445,-0.780696284441899,31.942361557852575,41.96948097978469
2021-12-14 00:00:00+00:00,46.564659942,-0.6000000000243477,46.893017590163225,-0.6903481422331234,26.46714454227731,48.93663917098467
2021-12-15 00:00:00+00:00,47.4734671884,1.9517102616705362,47.18324238928162,0.6306810597187065,59.847402994583796,71.81254771630636
2021-12-16 00:00:00+00:00,47.6233735383,0.31576869939811125,47.40330796379081,0.47322487955840886,63.90185913447658,50.18975736579842
2021-12-17 00:00:00+00:00,47.426621454,-0.41314184544647414,47.414964708895404,0.03004151705596736,53.30499339710593,41.781707265053434
2021-12-20 00:00:00+00:00,46.4709684733,-2.015013828524359,46.9429665910977,-0.9924861557341959,24.139651549249162,26.917103197692757
2021-12-21 00:00:00+00:00,47.5671586571,2.3588709678599162,47.255062624098855,0.6831924060628602,60.92501041715664,70.25679106589769
2021-12-22 00:00:00+00:00,47.7545415945,0.3939334252667681,47.504802109299426,0.5385629156648142,65.24615162905582,50.19719626696004
2021-12-23 00:00:00+00:00,48.073092588,0.6670590542045884,47.788947348649714,0.6028109849347013,72.8907856646611,52.99539902035161
2021-12-27 00:00:00+00:00,48.6633488408,1.2278308322259512,48.226148094724856,0.9153209085803262,83.17633220035945,59.92915891424963
2021-12-28 00:00:00+00:00,48.4947041972,-0.3465537157167464,48.36042614596243,0.2843835964317899,71.54307662780568,36.96550474324401
2021-12-29 00:00:00+00:00,48.5602882253,0.13523956725935982,48.46035718563121,0.20981158184557486,73.6896462786168,46.3942771581914
2021-12-30 00:00:00+00:00,48.4759659034,-0.17364460752121724,48.46816154451561,0.018083487162178807,64.33099927283564,40.55983627915317
2021-12-31 00:00:00+00:00,48.2511063786,-0.4638577501438368,48.359633961557805,-0.222887131490829,42.659718762936855,34.45349836547895
2022-01-03 00:00:00+00:00,49.8532304933,3.320388349500236,49.106432227428904,1.5487506090047036,87.53557285907655,83.38357188970795
2022-01-04 00:00:00+00:00,49.7876464652,-0.13155421915701515,49.447039346314455,0.7085981949238442,83.52186039774347,41.25012121611448
2022-01-05 00:00:00+00:00,50.4715941867,1.3737297704523144,49.95931676650723,1.0411639826880794,90.40441083803003,55.844294581623224
2022-01-06 00:00:00+00:00,50.6027622428,0.25988490796384767,50.28103950465361,0.6505244453259635,91.43368633048826,43.77468813152953
2022-01-07 00:00:00+00:00,50.0687208713,-1.055360118361881,50.17488018797681,-0.20241783651795875,55.24408237892087,31.656243173449997
2022-01-10 00:00:00+00:00,51.7270598672,3.312125748454209,50.950970027588404,1.5548539559681251,84.26083856289617,71.27113221169377
2022-01-11 00:00:00+00:00,52.3829001481,1.2678862525412393,51.6669350878442,1.4113701042546822,88.63273897261732,50.65613865951668
2022-01-12 00:00:00+00:00,52.2236246513,-0.30406009661489986,51.945279869572104,0.5536550038198912,80.48825926244973,37.983616456276195
2022-01-13 00:00:00+00:00,51.4740929017,-1.4352350197916475,51.70968638563605,-0.44079000798587814,48.821102026150704,29.907619684979267
2022-01-14 00:00:00+00:00,52.1861480638,1.3833272661255336,51.947917224718026,0.4712686290698277,67.20666664849134,60.94422492684677
2022-01-18 00:00:00+00:00,51.3054482581,-1.6876122081731393,51.62668274140901,-0.6081717895516559,40.328351874648725,35.357324551233745
2022-01-19 00:00:00+00:00,50.2373655149,-2.0818115413919536,50.93202412815451,-1.3449916654718046,23.3443569315169,32.71285001280187
2022-01-20 00:00:00+00:00,48.7570403095,-2.9466616933982115,49.844532218827254,-2.1458266794350083,12.446780769659787,26.25141533843663
2022-01-21 00:00:00+00:00,48.7570403095,0.0,49.30078626416363,-1.0729133397175041,12.446780769659787,63.29939244250074
2022-01-24 00:00:00+00:00,48.6633488408,-0.19215987702548842,48.98206755248181,-0.6325366083714963,11.670928830493045,60.33455675217859
2022-01-25 00:00:00+00:00,47.7826490351,-1.8097805158892144,48.3823582937909,-1.2211585621303553,6.211565545787045,37.912068828019116
2022-01-26 00:00:00+00:00,48.4291201691,1.3529411764616084,48.40573923144545,0.06589130716562652,38.09547008741479,70.29166905658128
2022-01-27 00:00:00+00:00,45.0187507085,-7.041981040935729,46.71224496997273,-3.488044866885051,10.323741934274985,22.848668494674694
2022-01-28 00:00:00+00:00,44.7189380087,-0.6659729447876295,45.71559148933636,-2.0770089058363403,9.418335495314414,56.38552637966536
2022-01-31 00:00:00+00:00,45.7401750175,2.2836790278904173,45.727883253418184,0.10333506102703849,37.44788938694919,66.49273270060198
2022-02-01 00:00:00+00:00,45.8619739268,0.2662843096979728,45.794928590109095,0.18480968536250564,40.72903855151779,53.72085447093573
2022-02-02 00:00:00+00:00,46.3866461515,1.1440245148135908,46.09078737080455,0.6644171000880482,55.73284753421519,58.87601454951165
2022-02-03 00:00:00+00:00,45.2342410865,-2.4843465967257394,45.66251422865227,-0.9099647483188456,30.38862581163034,34.82331249324852
2022-02-04 00:00:00+00:00,45.3232479818,0.19676884846988596,45.49288110522613,-0.3565979499244798,33.872478057906385,55.13764666398468
2022-02-07 00:00:00+00:00,45.4837343837,0.35409289723553616,45.48830774446307,-0.001252526344471816,41.756260295690545,56.335516138585476
2022-02-08 00:00:00+00:00,46.0784781086,1.3075965132562484,45.78339292653153,0.6531719934558883,64.97097363021275,64.86441752310375
2022-02-09 00:00:00+00:00,47.1169195328,2.2536365496979904,46.450156229665765,1.4534042715769393,82.86164426802154,72.77786008718566
2022-02-10 00:00:00+00:00,46.1256799915,-2.1037868161350337,46.28791811058288,-0.3251912722790472,47.861365088433935,28.47253477208052
2022-02-11 00:00:00+00:00,44.9645136716,-2.517396643505254,45.62621589109144,-1.4212939578921506,27.47168717596674,26.201445288986395
2022-02-14 00:00:00+00:00,44.9173117887,-0.10497585550406363,45.27176383989572,-0.7631349066981071,26.7761356067646,56.53409347826426
2022-02-15 00:00:00+00:00,45.7291841749,1.8074821352159542,45.500474007397855,0.5221736142589235,55.70850688038589,70.8038852181971
2022-02-16 00:00:00+00:00,45.5309362667,-0.4335260114017303,45.515705137048926,0.0443238014285966,48.66540700829841,44.89647780808108
2022-02-17 00:00:00+00:00,44.9078714121,-1.3684428779376812,45.21178827457446,-0.6620595382545422,30.49179584834748,36.53165052160268
2022-02-18 00:00:00+00:00,42.5194561362,-5.318478032464624,43.865622205387226,-2.990268785359583,9.688300391268115,16.751749751163725
2022-02-22 00:00:00+00:00,42.1890429558,-0.7770870336196389,43.02733258059361,-1.883677909489611,8.486770573325563,56.95000065141308
2022-02-23 00:00:00+00:00,42.1512814494,-0.08950548235843181,42.589307014996805,-0.9865916959240214,8.310095142110496,61.20442508560219
2022-02-24 00:00:00+00:00,44.1054394024,4.63605823074642,43.3473732086984,1.8247332674111996,64.95004076756274,80.78284021484868
2022-02-25 00:00:00+00:00,45.0400366843,2.119006849411731,44.193704946499196,1.9718700584114652,75.71299298378507,57.57026643330816
2022-02-28 00:00:00+00:00,45.0305963077,-0.02095996649862375,44.612150627099595,0.9754550459564207,75.36235864765678,42.131377198087996
2022-03-01 00:00:00+00:00,44.1998431683,-1.8448637315911953,44.405996897699794,-0.4347043428173873,46.77100732566226,31.374600435001653
2022-03-02 00:00:00+00:00,46.1351203681,4.378470738982099,45.27055863289989,1.9718831980823557,77.11262204069303,70.25004214932373
2022-03-03 00:00:00+00:00,45.2477249691,-1.923470431895924,45.25914180099994,0.024206383093215877,55.39449745328718,37.75941200274435
2022-03-04 00:00:00+00:00,45.3798902413,0.2920926351330566,45.319516021149965,0.15814950911313624,58.03493666524921,49.963368290874065
2022-03-07 00:00:00+00:00,45.0117155545,-0.8113168296403739,45.16561578782498,-0.32658366026361885,46.52650809730246,43.579895800675416
2022-03-08 00:00:00+00:00,44.841788776,-0.3775167784801581,45.003702281912496,-0.35205021937188846,40.910127825748866,47.53297804193547
2022-03-09 00:00:00+00:00,44.9645136716,0.2736842105319548,44.98410797675625,-0.03918300441996683,47.74382555747232,54.68260830002368
2022-03-10 00:00:00+00:00,44.0487971429,-2.0365315977572296,44.516452559828124,-1.0378573010885983,20.809016254252604,31.6973655126872
2022-03-11 00:00:00+00:00,43.2652458864,-1.778825546491214,43.89084922311406,-1.4083414237899061,12.06954444368077,36.185661308953094
2022-03-14 00:00:00+00:00,41.9152720348,-3.120226925658953,42.90306062895703,-2.2642841747244296,5.787688385090333,23.915526145353507
2022-03-15 00:00:00+00:00,42.3023274748,0.9234234235165006,42.602694051878515,-0.6704303756039645,23.019045157229993,69.96591678339274
2022-03-16 00:00:00+00:00,44.0204760132,4.061593394414342,43.311585032539256,1.695581509405189,65.29013870452707,82.38037990901792
2022-03-17 00:00:00+00:00,44.501935219,1.0937164915155062,43.90676012576963,1.3946490004603476,71.79911846175398,51.93000658595108
2022-03-18 00:00:00+00:00,44.7945868931,0.6576156130285504,44.35067350943481,1.026132306744449,75.91683446524264,48.017952876216505
2022-03-21 00:00:00+00:00,44.7379446336,-0.1264488935575514,44.544309071517404,0.4498417065934488,72.8295124881542,39.909797736516786
2022-03-22 00:00:00+00:00,45.681982292,2.1101498205418068,45.1131456817587,1.2799957635676278,86.52711321353905,65.11481417140818
2022-03-23 00:00:00+00:00,45.568697773,-0.24798512086425806,45.34092172737935,0.5160053213516849,79.32850030331336,39.146343883655526
2022-03-24 00:00:00+00:00,48.7312239288,6.940128444209859,47.03607282808967,3.7280668827807717,95.3897217007812,78.4473854288928
2022-03-25 00:00:00+00:00,48.929471837,0.4068190622293022,47.98277233254484,2.067442972505037,95.70361060627836,41.71634688636783
2022-03-28 00:00:00+00:00,48.6273797863,-0.6174030484252357,48.30507605942242,0.7250199620399007,82.81567616480775,37.57874082243554
2022-03-29 00:00:00+00:00,49.3259676536,1.436614249770507,48.81552185651121,1.0808171059052039,88.28703193436009,51.923084320502035
2022-03-30 00:00:00+00:00,48.5518567737,-1.569377990384957,48.68368931510561,-0.24428044223987655,57.73339123493338,34.51286661241662
2022-03-31 00:00:00+00:00,46.7865063524,-3.6360101108558807,47.7350978337528,-1.9401452765478786,26.436901915483602,25.645093312274586
2022-04-01 00:00:00+00:00,45.4176517476,-2.925746569939791,46.5763747906764,-2.432945923243835,16.21396846536211,34.34207063420732
2022-04-04 00:00:00+00:00,46.4466527953,2.2656412388259994,46.5115137929882,-0.08365234220891771,41.65433330948125,71.23258657746904
2022-04-05 00:00:00+00:00,45.4365325008,-2.174796747898733,45.9740231468941,-1.1292245450538254,28.784786254845105,41.393189889713135
2022-04-06 00:00:00+00:00,44.8795502823,-1.2258466653241817,45.42678671459705,-1.1775356051890036,22.92618049157231,48.33139137801383
2022-04-07 00:00:00+00:00,44.8984310355,0.04206983599710501,45.16260887504853,-0.5677328845959493,23.715651076769557,58.23972680089141
2022-04-08 00:00:00+00:00,44.3886506999,-1.1354079058952804,44.77562978747426,-0.8515703952456148,16.762033544309634,45.961817098334876
2022-04-11 00:00:00+00:00,43.9638337536,-0.9570395576384505,44.36973177053713,-0.9043049764420327,12.266309246462317,48.43206853393501
2022-04-12 00:00:00+00:00,43.8977511176,-0.1503113590374361,44.13374144406856,-0.5273081677397344,11.543870241493293,60.6390160203753
2022-04-13 00:00:00+00:00,44.3792103234,1.0967741935348663,44.25647588373428,0.2847330128975659,46.183154503633276,74.58766626825799
2022-04-14 00:00:00+00:00,43.114199861,-2.8504573496950902,43.68533787236714,-1.2828621683987622,18.158333544301144,27.80533002902135
2022-04-18 00:00:00+00:00,44.0299163897,2.1239325596955627,43.85762713103357,0.42053519564840025,50.66500655986599,66.96865783986779
2022-04-19 00:00:00+00:00,45.2477249691,2.765866209286938,44.55267605006678,1.593200702467669,72.47441404181428,70.1075574926499
2022-04-20 00:00:00+00:00,45.4176517476,0.3755476736477803,44.98516389883339,0.9843741880577247,74.80555061119986,45.79882026298272
2022-04-21 00:00:00+00:00,44.841788776,-1.267927665657942,44.9134763374167,-0.1417767388001086,52.293051135032464,33.73516183999357
2022-04-22 00:00:00+00:00,43.9355126239,-2.021052631569087,44.42449448065835,-1.0814146851845978,30.57300696355798,28.563488355162026
2022-04-25 00:00:00+00:00,44.4264122063,1.1173184357770705,44.42545334347918,0.01795187529623632,48.090951885796834,63.52014583364556
2022-04-26 00:00:00+00:00,42.9725942123,-3.272418189542292,43.69902377788959,-1.6272331571230279,22.674879885809567,31.341971387253622
2022-04-27 00:00:00+00:00,42.6893829147,-0.6590509667646294,43.1942033462948,-1.1431420619438286,19.641592564530207,52.72721963554451
2022-04-28 00:00:00+00:00,44.2187239214,3.5824856258893645,43.7064636338474,1.2196717819727678,61.4321887332318,73.11438857242658
2022-04-29 00:00:00+00:00,41.1506015315,-6.938514090442027,42.4285325826737,-2.8594211542346297,23.95042309682329,28.071093384096656
2022-05-02 00:00:00+00:00,42.4439331236,3.142922688772787,42.43623285313684,0.14175076726907854,45.121915087511134,61.851358757979376
2022-05-03 00:00:00+00:00,42.5383368894,0.22241992872125138,42.48728487126842,0.18208534799516496,46.745161406735534,51.368435905441444
2022-05-04 00:00:00+00:00,43.9355126239,3.2845095428452487,43.21139874758421,1.7332974454202068,67.85403096293348,61.60323487419125
2022-05-05 00:00:00+00:00,42.4486533118,-3.3841856468773357,42.83002602969211,-0.8254441007285644,41.558725300924316,36.505531406650974
2022-05-06 00:00:00+00:00,42.1631242537,-0.67264573978989,42.496575141696056,-0.7490449202592272,37.38545135743309,49.14270881608775
2022-05-09 00:00:00+00:00,40.9924551153,-2.776523701981759,41.74451512849802,-1.762784311120493,23.112034118053163,39.90028308210475
2022-05-10 00:00:00+00:00,41.8871128308,2.1824936149434926,41.81581397964901,0.20985465191149977,46.518764992713606,63.90313024175343
2022-05-11 00:00:00+00:00,40.7640318688,-2.681208816030378,41.2899229242245,-1.2356770820594392,29.568981167589445,40.252393518365984
2022-05-12 00:00:00+00:00,40.773549504,0.023348120300359376,41.03173621411225,-0.6061644808795399,29.893696134472556,54.34599073204844
2022-05-13 00:00:00+00:00,41.4968897847,1.7740429506365007,41.26431299940613,0.5839392348784804,54.04628967901721,62.853856916995014
2022-05-16 00:00:00+00:00,41.0019727505,-1.1926605506287324,41.133142874953066,-0.304360657875126,39.92840393607699,42.650586101939425
2022-05-17 00:00:00+00:00,42.2583006064,3.0640668524532844,41.69572174067653,1.3798530972890792,69.88347948776268,66.10160903111542
2022-05-18 00:00:00+00:00,40.3071853757,-4.617117117114978,41.00145355818827,-1.6186320099129492,32.32888153307287,31.375085354482398
2022-05-19 00:00:00+00:00,39.9835857765,-0.8028335300114708,40.49251966734413,-1.2107327699622101,28.516463023603514,50.67618364683089
2022-05-20 00:00:00+00:00,39.6409509067,-0.8569388241346343,40.06673528702207,-1.0338357970484222,24.018022526219873,50.374722798730076
2022-05-23 00:00:00+00:00,39.9740681412,0.8403361344283544,40.02040171411103,-0.0967498313100339,38.22856921779169,61.22776617979173
2022-05-24 00:00:00+00:00,39.6599861772,-0.7857142857979227,39.840193945655514,-0.4412320585539783,30.231992333151847,46.58642038228579
2022-05-25 00:00:00+00:00,40.1644208466,1.2718982481390695,40.00230739612776,0.4153330947925456,53.60950383961395,63.2616831464328
2022-05-26 00:00:00+00:00,41.3826781614,3.0331753555040475,40.69249277876388,1.7242542251482966,79.045390715086,73.77417225810537
2022-05-27 00:00:00+00:00,42.4010651355,2.460901564002449,41.546778957131934,2.092577894575373,87.58257294716753,64.74478057463169
2022-05-31 00:00:00+00:00,42.277335877,-0.29180695839738924,41.91205741706597,0.9003854680889918,81.52917966515447,34.38232033970103
2022-06-01 00:00:00+00:00,41.9822891835,-0.6978838362909023,41.947173300282984,0.10125081589904472,65.36850926845347,31.149897878643554
2022-06-02 00:00:00+00:00,42.6770765584,1.6549535254334558,42.31212492934149,0.8781021706662502,79.63047960910912,62.10961003233455
2022-06-03 00:00:00+00:00,41.297019444,-3.233719892953568,41.80457218667075,-1.177808861143659,35.7568304124043,25.863201337212914
2022-06-06 00:00:00+00:00,41.2494312676,-0.1152339249677059,41.52700172713537,-0.6465213930556825,34.76605970020941,52.42780726786663
2022-06-07 00:00:00+00:00,41.4302663378,0.4383940933072594,41.47863403246768,-0.10406364987421152,43.663743815269754,56.57169476861322
2022-06-08 00:00:00+00:00,39.2412102253,-5.283712382275352,40.35992212888384,-2.693888016074782,12.559055677424482,24.068280472812468
2022-06-09 00:00:00+00:00,38.0800587221,-2.9590104294270003,39.219990425491915,-2.826449222750891,8.015747722683692,43.75980082991128
2022-06-10 00:00:00+00:00,37.2900949946,-2.074481379519355,38.255042710045956,-2.450465301135123,5.854463755566273,51.01072125007502
2022-06-13 00:00:00+00:00,35.9481084213,-3.5987748851117995,37.101575565672974,-3.0246200931234615,3.470199090832283,38.25990617987311
2022-06-14 00:00:00+00:00,36.1003905856,0.4236166268202668,36.60098307563649,-1.3005017331515973,9.727875925998559,68.96588149382397
2022-06-15 00:00:00+00:00,36.7856603252,1.8982335882907098,36.693321700418245,0.2988659275695562,37.205408580681926,75.63065761633402
2022-06-16 00:00:00+00:00,35.5388501046,-3.389391979313938,36.11608590250913,-1.5452630258721909,20.322839895007327,35.09383479956065
2022-06-17 00:00:00+00:00,35.1866975995,-0.9908944832585309,35.65139175100457,-1.268078754565361,17.04586458900486,52.43883030120112
2022-06-21 00:00:00+00:00,35.9100378802,2.0557208548900086,35.78071481560228,0.3938210501623238,44.5794484307047,68.48509267046097
2022-06-22 00:00:00+00:00,35.5769206457,-0.9276437847582253,35.67881773065114,-0.26691136729795073,36.264616067718926,45.7920957207419
2022-06-23 00:00:00+00:00,35.6054735515,0.08025682178720572,35.64214564107557,-0.0933272727553725,37.757245765004555,53.585882680374375
2022-06-24 00:00:00+00:00,36.7475897841,3.207698476325671,36.19486771258779,1.5571856017851493,74.12105218754817,72.1936089252251
2022-06-27 00:00:00+00:00,36.7666250546,0.05180005168186064,36.480746383593896,0.804492826733505,74.4935895936442,44.92916598285409
2022-06-28 00:00:00+00:00,35.9576260565,-2.2003624126462618,36.21918622004695,-0.6979347929563784,38.84516113637424,31.994798110127416
2022-06-29 00:00:00+00:00,35.4912619282,-1.296982530401769,35.85522407412347,-0.9974586616790737,27.475722504338517,42.035043434361434
2022-06-30 00:00:00+00:00,35.6054735515,0.3218020918249076,35.730348812811734,-0.33782828492708306,34.51635045419512,58.50270390689296
2022-07-01 00:00:00+00:00,34.5870865774,-2.86019780814597,35.158717695105864,-1.5990130465365264,15.017296705035461,31.835401980286683
2022-07-05 00:00:00+00:00,34.9202038119,0.9631260318921031,35.03946075350294,-0.31794350732221166,33.460745124286554,62.57884522130237
2022-07-06 00:00:00+00:00,35.2057328701,0.817661488283461,35.12259681180147,0.24985899048062465,47.976917973318905,61.00851353113736
2022-07-07 00:00:00+00:00,36.3002609263,3.108948364286346,35.711428869050735,1.6794036773834853,76.92393438668701,75.52161411314715
2022-07-08 00:00:00+00:00,36.1574963972,-0.39328788680018656,35.934462633125364,0.6430578952916494,69.37171121602381,40.747822412803956
2022-07-11 00:00:00+00:00,35.4056032108,-2.0794946036646,35.67003292196269,-0.7182183541864753,39.06934479387585,30.579175083840614
2022-07-12 00:00:00+00:00,35.415120846,0.02688172022753399,35.54257688398134,-0.34566831697947065,39.57054012303969,52.697744657769974
2022-07-13 00:00:00+00:00,35.415120846,0.0,35.47884886499067,-0.17283415848973532,39.57054012303969,52.37827412726787
2022-07-14 00:00:00+00:00,35.8910026096,1.3437248052021067,35.68492573729533,0.5854453233561857,68.61439288418856,67.26020461194877
2022-07-15 00:00:00+00:00,36.7571074194,2.4131530100202303,36.221016578347665,1.499299166688208,86.42551928687591,76.15571697455793
2022-07-18 00:00:00+00:00,36.8427661368,0.2330398755882257,36.53189135757383,0.8661695211382169,87.47959454808947,41.596214905984624
2022-07-19 00:00:00+00:00,38.2799290628,3.900800826582085,37.40591021018692,2.383485173860151,95.76186158835682,72.77456211139356
2022-07-20 00:00:00+00:00,38.6035286621,0.8453505720167787,38.00471943614346,1.6144178729384648,96.53583003697966,43.65392602817223
2022-07-21 00:00:00+00:00,38.6511168384,0.12327416158388615,38.32791813727173,0.8688460172611755,96.66997606602555,38.230973399744144
2022-07-22 00:00:00+00:00,37.3091302651,-3.4720512188841313,37.818524201185866,-1.3016026008114778,36.64490946594657,19.8313027440238
2022-07-25 00:00:00+00:00,37.271059724,-0.10204081636182583,37.54479196259293,-0.7018217085866518,35.701585896404325,52.185854721436776
2022-07-26 00:00:00+00:00,37.0807070186,-0.5107252297348097,37.31274949059647,-0.6062734691607308,29.924205936369603,48.616709509217024
2022-07-27 00:00:00+00:00,38.2418585217,3.1314168376497253,37.777304006148235,1.2625716842444974,71.75150537752556,73.15767408501091
2022-07-28 00:00:00+00:00,37.794529664,-1.1697361869747236,37.78591683507412,0.0464177486348869,53.34993211041651,39.62959713164507
2022-07-29 00:00:00+00:00,34.5585336716,-8.56207504410975,36.17222525333706,-4.257828647737432,14.102951074001982,18.16614072411032
2022-08-01 00:00:00+00:00,35.1771799643,1.7901404572856716,35.674702608818535,-1.23384409522588,29.06692293729892,61.71849815139811
2022-08-02 00:00:00+00:00,34.2730046134,-2.570346320590844,34.97385361110926,-1.902095207908362,21.033753501842824,46.18758961605068
2022-08-03 00:00:00+00:00,34.7584040123,1.41627325755449,34.86612881170463,-0.24291097517693594,35.40852364923042,59.993691465712374
2022-08-04 00:00:00+00:00,34.2872810664,-1.355421686603575,34.57670493905231,-0.7991663308902555,27.990390110737216,47.33007581407406
2022-08-05 00:00:00+00:00,34.0276746197,-0.7571508694353746,34.30218977937616,-0.778158600162815,23.85887565568405,50.69943768542775
2022-08-08 00:00:00+00:00,34.0180595661,-0.028256569711160306,34.16012467273808,-0.40320758493698766,23.664817907328594,55.85976871487171
2022-08-09 00:00:00+00:00,33.1911649582,-2.4307518372506665,33.67564481546904,-1.4169797110938271,11.548150885128134,36.81025882870068
2022-08-10 00:00:00+00:00,34.0084445125,2.462340672071184,33.842044663984524,0.5226804804886783,49.71719262175725,69.05239701275393
2022-08-11 00:00:00+00:00,34.2199756913,0.621996041960271,34.03101017764226,0.5723382612244747,56.932417180804066,53.61785671525406
2022-08-12 00:00:00+00:00,34.7199584775,1.4610845744321033,34.37548432757113,1.016711417828289,71.45474384294708,59.76801492826766
2022-08-15 00:00:00+00:00,34.9411047098,0.6369426750418183,34.658294518685565,0.8268270464350537,76.67334318573995,50.000289155192604
2022-08-16 00:00:00+00:00,34.7968789061,-0.4127682993936732,34.72758671239278,0.20702937352069023,65.04112050838586,38.1031089150508
2022-08-17 00:00:00+00:00,34.4026617093,-1.1329096436028085,34.56512421084639,-0.46294013504105913,40.098917397896855,30.608446443137478
2022-08-18 00:00:00+00:00,34.8064939597,1.1738401342673788,34.68580908527319,0.3554499996131598,62.308709621142725,64.3244601551221
2022-08-19 00:00:00+00:00,34.0180595661,-2.2651933702741545,34.3519343256866,-0.9548716853304973,29.872245177922167,30.82788075623799
2022-08-22 00:00:00+00:00,32.5373413148,-4.352741661889425,33.4446378202433,-2.653806673609961,12.111174508897882,20.912310259853793
2022-08-23 00:00:00+00:00,32.6431069042,0.3250591017155191,33.04387236222165,-1.164373785947221,17.374709336530056,61.99737978552639
2022-08-24 00:00:00+00:00,32.5565714219,-0.265095729257514,32.800221892060826,-0.7147347576023675,16.185110342273465,56.44806104051159
2022-08-25 00:00:00+00:00,33.5469219407,3.041937389432281,33.17357191638041,1.1636013159149567,61.47070508796265,75.14680413468571
2022-08-26 00:00:00+00:00,32.0758187429,-4.385210662249239,32.624695329640204,-1.6108046731671413,27.89199734501895,30.71766427481495
2022-08-29 00:00:00+00:00,31.6719864926,-1.2589928055675492,32.1483409111201,-1.4348987393673451,22.770302467360697,49.550088099266624
2022-08-30 00:00:00+00:00,31.0181628491,-2.0643594415928446,31.58325188011005,-1.7496290904800949,15.74765508552981,44.84013812680433
2022-08-31 00:00:00+00:00,30.6912510274,-1.0539367637290131,31.137251453755027,-1.4017829271045539,12.789356424620426,53.21011978833237
2022-09-01 00:00:00+00:00,30.5374101701,-0.5012531328965952,30.837330811927515,-0.9515180300005746,11.291987437509983,58.39046790121663
2022-09-02 00:00:00+00:00,30.0181972768,-1.7002518891021556,30.427764044363755,-1.325884959551365,7.089777259018661,42.92532354090831
2022-09-06 00:00:00+00:00,29.1913026689,-2.754644458743283,29.809533356631878,-2.040264709147324,3.7531843142182146,31.811357063137642
2022-09-07 00:00:00+00:00,29.4701392228,0.955204216347183,29.639836289715937,-0.5425302464000705,22.259114691484033,71.18552287335399
2022-09-08 00:00:00+00:00,29.5662897586,0.32626427406088343,29.60306302415797,-0.10813298616959355,29.291305321038948,62.0710299762355
2022-09-09 00:00:00+00:00,30.2489585627,2.3089430891525042,29.926010793428986,1.1004050514914554,63.985961390097096,76.37480523192335
2022-09-12 00:00:00+00:00,30.3451090985,0.3178639542273709,30.135559945964495,0.7091345028594132,67.36861963542135,48.70603653857875
2022-09-13 00:00:00+00:00,28.1624919359,-7.192648922484479,29.149025940932248,-3.241757209812533,16.04708692135278,15.970225670637381
2022-09-14 00:00:00+00:00,28.0567263465,-0.3755547969289452,28.602876143716124,-1.808656003370739,15.20512940759933,56.12216168654743
2022-09-15 00:00:00+00:00,27.7298145248,-1.1651816311805119,28.16634533425806,-1.4869188172756256,12.230043754857075,51.82001974685325
2022-09-16 00:00:00+00:00,28.114416668,1.3869625520070983,28.14038100112903,-0.04997813263426365,34.75750484555748,64.87423352372278
2022-09-19 00:00:00+00:00,28.3067177396,0.6839945280418203,28.223549370364516,0.3170081977037783,45.289249116333934,58.34300986064554
2022-09-20 00:00:00+00:00,27.8451951677,-1.6304347828160592,28.034372269032257,-0.6567132925561405,28.64362160763459,38.96835428038496
2022-09-21 00:00:00+00:00,27.3740575423,-1.6919889502031937,27.704214905666127,-1.1743511213796671,18.328443390504223,38.45885183279279
2022-09-22 00:00:00+00:00,26.9894553991,-1.4049877063555205,27.346835152383065,-1.289669413867594,12.719563088101559,43.61489103317241
2022-09-23 00:00:00+00:00,26.4606274522,-1.9593872461673767,26.903731302291533,-1.6245283300174853,7.797828249590948,35.09512370077049
2022-09-26 00:00:00+00:00,25.9317995053,-1.998546511624888,26.417765403795766,-1.8115374208211867,4.93404400293834,34.38350713333473
2022-09-27 00:00:00+00:00,25.8548790767,-0.2966258804533606,26.136322240247885,-1.0540816506372737,4.568017177669236,71.74005034758541
2022-09-28 00:00:00+00:00,26.0856403626,0.8925251021883795,26.11098130142394,-0.08077827422444706,28.45254255819667,82.30082303192691
2022-09-29 00:00:00+00:00,25.3645113441,-2.764467379278568,25.73774632276197,-1.4226228267515075,13.092595814975605,30.214748765064854
2022-09-30 00:00:00+00:00,24.7779930757,-2.312357846927049,25.257869699230987,-1.8674903368392783,7.893714711612716,37.54464738098873
2022-10-03 00:00:00+00:00,25.9317995053,4.6565774155920225,25.594834602265493,1.394543539376372,57.588479389356465,81.7837801809204
2022-10-04 00:00:00+00:00,26.6336984167,2.7067111607759653,26.114266509482746,2.0506273500761685,71.58028931545311,63.04247451083023
2022-10-05 00:00:00+00:00,26.5760080952,-0.21660649826923395,26.34513730234137,0.9170104259034673,68.78266928923304,41.60281685486978
2022-10-06 00:00:00+00:00,26.1337156305,-1.6642547033987487,26.239426466420685,-0.3736221387476407,47.453925983464444,33.212714603453456
2022-10-07 00:00:00+00:00,24.7299178078,-5.37159676238943,25.484672137110344,-2.8726094505685356,19.16329299623583,18.71451688674589
2022-10-10 00:00:00+00:00,24.2299350216,-2.0217729395052952,24.85730357935517,-2.4471911950369156,14.534139453720625,48.92984820900402
2022-10-11 00:00:00+00:00,24.0760941644,-0.6349206345904634,24.466698871877586,-1.5410559148136895,13.076256146699196,58.507937794468404
2022-10-12 00:00:00+00:00,24.3549307182,1.1581469647693021,24.410814795038792,-0.1914544750221937,31.701901433771773,69.57439629426503
2022-10-13 00:00:00+00:00,25.4029715584,4.303197789090074,24.906893176719397,2.0558716570339404,69.06889272527629,82.12071050700975
2022-10-14 00:00:00+00:00,24.9126038258,-1.9303557911430569,24.9097485012597,0.06275793294544174,49.905803959144194,36.89226960531542
2022-10-17 00:00:00+00:00,25.4029715584,1.9683519877282452,25.156360029829848,1.0155549603368434,64.62707359159063,58.39131433639849
2022-10-18 00:00:00+00:00,24.8741436115,-2.0817562452654648,25.015251820664922,-0.5331006424643107,43.80365665601919,38.143006724844845
2022-10-19 00:00:00+00:00,24.9991393081,0.5025125630544691,25.00719556438246,-0.01529403970492077,49.565210663113994,53.557210380668316
2022-10-20 00:00:00+00:00,25.0760597367,0.30769230753107113,25.04162765054123,0.14619913391307518,53.925635704273645,52.08940207533705
2022-10-21 00:00:00+00:00,25.9317995053,3.4125766870286345,25.486713577920614,1.7793879104708548,81.13829132340949,71.05397081927065
2022-10-24 00:00:00+00:00,26.1337156305,0.7786429366721359,25.81021460421031,1.2790154235714954,84.39945062221024,47.25311777365638
2022-10-25 00:00:00+00:00,26.3548618628,0.8462104487044542,26.082538233505154,1.0626129361379748,87.8504877033546,47.92433536582488
2022-10-26 00:00:00+00:00,26.1625607912,-0.7296607077703299,26.122549512352577,0.16647611418382247,68.17841739199382,33.16138322818124
2022-10-27 00:00:00+00:00,25.2587457547,-3.454612274819846,25.69064763352629,-1.6440680803180117,26.439236658754943,18.433237514652497
2022-10-28 00:00:00+00:00,27.9509607571,10.658545869796576,26.820804195313144,4.507238894739283,80.30704578327261,81.67212523826257
2022-10-31 00:00:00+00:00,27.335597328,-2.201582387266199,27.07820076165657,1.152828253736542,64.19064595921073,39.65241789047977
2022-11-01 00:00:00+00:00,27.2106016315,-0.45726345395044055,27.144401196578286,0.3477823998930507,60.49180575733046,45.37083205222758
2022-11-02 00:00:00+00:00,26.3644769164,-3.1095406362514733,26.754439056489144,-1.3808791181792113,38.16295414020655,37.30778077803264
2022-11-03 00:00:00+00:00,26.3356317557,-0.10940919022011109,26.54503540609457,-0.7451441541996612,37.455952333839086,51.832029027045294
2022-11-04 00:00:00+00:00,27.4654005513,4.289886819804423,27.005217978697285,1.7723713328023807,70.05161508623493,68.0918511403022
2022-11-07 00:00:00+00:00,27.6699301299,0.7446808511602621,27.337574054298642,1.2585260919813215,73.76457112412506,48.35917891518771
2022-11-08 00:00:00+00:00,27.7381066561,0.24639211548398432,27.53784035519932,0.7524591037326529,75.29595634432572,45.57469092010193
2022-11-09 00:00:00+00:00,26.8031142969,-3.3707865168741913,27.17047732604966,-1.3091637065707693,34.213421037398206,28.012009027020966
2022-11-10 00:00:00+00:00,28.984763135,8.139534883647181,28.07762023052483,3.415185588538206,77.39020369643418,74.64674720340105
2022-11-11 00:00:00+00:00,29.6373098857,2.2513440860657763,28.857465058112414,2.833264837301991,82.53345756582132,49.86122337183518
2022-11-14 00:00:00+00:00,29.5593938558,-0.2628984553608049,29.208429456956207,1.285183190970593,79.30247584330786,41.116934477559745
2022-11-15 00:00:00+00:00,29.9100159905,1.1861614497592265,29.559222723728105,1.2356723203649098,83.62856119803438,48.86898213943508
2022-11-16 00:00:00+00:00,28.760754549,-3.8423966134455645,29.159988636364055,-1.3033621465403273,41.243974094022064,28.997372199837162
2022-11-17 00:00:00+00:00,29.1113766837,1.2190992211370544,29.13568266003203,-0.04213146270163648,52.30587926437511,56.00666911538681
2022-11-18 00:00:00+00:00,29.0918976762,-0.06691201076350906,29.11379016811601,-0.05452173673257277,51.49792642006088,48.91514849339371
2022-11-21 00:00:00+00:00,28.1861238282,-3.1134917978932974,28.649956998158004,-1.584006767312935,24.78952414118755,33.735882903352476
2022-11-22 00:00:00+00:00,29.0432001575,3.040774015341907,28.846578577829,0.7283836240144861,56.6790101977343,65.84836353575892
2022-11-23 00:00:00+00:00,28.8971076013,-0.503018108912745,28.8718430895645,0.11268275755087054,51.13542300654145,46.41849877428698
2022-11-25 00:00:00+00:00,28.5757039779,-1.1122345801333422,28.72377353373225,-0.49977591129123583,38.65806412127708,43.136317834976
2022-11-28 00:00:00+00:00,27.9767244978,-2.096114519394665,28.350249015766124,-1.2979452153429505,22.981913349230776,36.828028221810214
2022-11-29 00:00:00+00:00,28.1471658132,0.6092254131229824,28.248707414483064,-0.34435990110998405,34.34555781166729,60.59558137341532
2022-11-30 00:00:00+00:00,29.286687751,4.048442906694372,28.767697582741533,1.852041502792194,73.5228792709853,77.05638303265465
2022-12-01 00:00:00+00:00,29.0529396612,-0.7981376787548067,28.910318621970767,0.5269519120186936,62.11768859214232,40.921588139803376
2022-12-02 00:00:00+00:00,28.6438805041,-1.4079785449260251,28.777099563035385,-0.44051331645366576,44.14271112538599,37.59415282779219
2022-12-05 00:00:00+00:00,28.4101324143,-0.8160489629418066,28.593615988667693,-0.6282811396977361,35.36987846491499,44.20010333929319
2022-12-06 00:00:00+00:00,27.854980701,-1.9540623929671375,28.224298344833848,-1.291171766332437,20.708311175516517,33.86290504534813
2022-12-07 00:00:00+00:00,27.5920141,-0.9440559439718332,27.908156222416924,-1.117613855152135,15.996800944019956,49.56560677071674
2022-12-08 00:00:00+00:00,27.6991486411,0.38828097402283657,27.80365243175846,-0.36466644056464925,26.250793296584913,65.68615547199533
2022-12-09 00:00:00+00:00,27.5043585663,-0.7032348803348132,27.654005499029232,-0.5339506604497313,19.69436046871178,47.16156936327089
2022-12-12 00:00:00+00:00,27.9426362347,1.5934844193640219,27.798320866864614,0.5297668794571453,56.42536102282489,72.04478905358945
2022-12-13 00:00:00+00:00,27.9815942496,0.1394214009472039,27.889957558232307,0.3345941402021746,58.93002727390722,49.78143320917149
2022-12-14 00:00:00+00:00,27.5238375738,-1.6359206402492332,27.706897566016153,-0.6506632500235293,29.2735153047636,31.78992358897465
2022-12-15 00:00:00+00:00,26.4427526585,-3.92781316341253,27.074825112258075,-2.28923820671803,10.519490066108228,18.701628030118975
2022-12-16 00:00:00+00:00,26.2187440724,-0.8471454881910478,26.646784592329038,-1.5681918474545389,8.77267216169486,55.577322306611286
2022-12-19 00:00:00+00:00,26.0921305238,-0.4829123326821838,26.369457558064518,-1.0255520900683615,7.690023837523823,58.884727568204546
2022-12-20 00:00:00+00:00,25.7512478928,-1.3064576336112799,26.06035272543226,-1.1660048618398207,5.132182700177812,47.01330555376489
2022-12-21 00:00:00+00:00,26.1310885387,1.4750378213950643,26.09572063206613,0.15451647977762184,39.02890463497126,73.78671388951095
2022-12-22 00:00:00+00:00,25.2934912169,-3.2053671264383854,25.694605924483064,-1.5254253233303818,17.88795282258664,32.42857305332802
2022-12-23 00:00:00+00:00,25.4103652618,0.4620716211050757,25.552485593141533,-0.5316768511126531,26.249336619566417,59.264872037515744
2022-12-27 00:00:00+00:00,25.2642727057,-0.5749329243984636,25.408379149420767,-0.5533048877555583,22.041053912648618,50.72097215968941
2022-12-28 00:00:00+00:00,24.8746925561,-1.5420200460079192,25.141535852760384,-1.0476624668817387,13.429199344528662,42.208839064424545
2022-12-29 00:00:00+00:00,25.5272393067,2.623335943261651,25.33438757973019,0.7878367381899561,56.31446274399921,72.272415936633
2022-12-30 00:00:00+00:00,25.7415083891,0.8393742849574837,25.537947984415098,0.81360551157372,64.88278594536357,54.16918210964806
