date,adjClose,daily_return,ema,ema_daily_return,rsi,rsi_daily_return
2013-01-02 00:00:00+00:00,51.9895250117,0.0,,,,
2013-01-03 00:00:00+00:00,51.9161349425,-0.1411631846674588,,,,
2013-01-04 00:00:00+00:00,52.5105945029,1.1450381679190658,52.1387514857,0.33462499441720234,,
2013-01-07 00:00:00+00:00,52.4005093991,-0.2096436059087381,52.2696304424,0.06249069425423212,73.52496217458831,37.69272889841186
2013-01-08 00:00:00+00:00,52.407848406,0.014005602205324763,52.3387394242,0.03824814822977844,74.05485544329163,45.70022172094746
2013-01-09 00:00:00+00:00,52.6426966274,0.44811651029945665,52.4907180258,0.24318232926461755,86.76748581985238,60.485733086450615
2013-01-10 00:00:00+00:00,52.9802909457,0.6412937404963515,52.73550448575,0.4422380348804845,93.56558507138139,66.56304479067606
2013-01-11 00:00:00+00:00,53.0977150564,0.22163734589595308,52.916609771075,0.3319376903882188,94.9256977158987,44.34071992460436
2013-01-14 00:00:00+00:00,53.2518342017,0.29025570146719026,53.084221986387504,0.3110966959277045,96.41684848980917,48.55333035603596
2013-01-15 00:00:00+00:00,53.1123930702,-0.261852260284301,53.09830752829375,0.024622217821701764,68.92755120838993,25.37464912469291
2013-01-16 00:00:00+00:00,53.2665122155,0.29017548709637797,53.18240987189688,0.15739885245903987,78.90075313522627,56.511399603247206
2013-01-17 00:00:00+00:00,53.5013604369,0.44089280794259444,53.34188515439844,0.29914583020081714,87.82948795111939,62.858056764190735
2013-01-18 00:00:00+00:00,53.7435476652,0.45267489709095443,53.54271640979922,0.3759103636458858,92.64445318450987,63.48296396075748
2013-01-22 00:00:00+00:00,53.3472412916,-0.7374027037977182,53.44497885069961,-0.1807461700759162,47.00185372528311,17.886815256433724
2013-01-23 00:00:00+00:00,53.4646654023,0.22011280781728537,53.454822126499806,0.019683318870684585,56.52189870296495,56.014587524990205
2013-01-24 00:00:00+00:00,53.6481405753,0.3431708991712856,53.551481350899905,0.1814271090209851,69.40332262755162,59.62835798751653
2013-01-25 00:00:00+00:00,54.2499391426,1.1217510259378338,53.90071024674995,0.6515890674794095,87.5505209306237,77.31567944582866
2013-01-28 00:00:00+00:00,54.0297689351,-0.4058441557349246,53.96523959092498,0.12287245587224244,66.0515753899805,33.771407160326056
2013-01-29 00:00:00+00:00,54.6095504816,1.0730779678077562,54.287395036262495,0.5979752118399994,82.76698037708424,63.568307664337695
2013-01-30 00:00:00+00:00,54.3747022602,-0.4300497245058432,54.331048648231246,0.08396274366707807,63.70780636039388,37.70562622551808
2013-01-31 00:00:00+00:00,54.2499391426,-0.2294506680753372,54.29049389541562,-0.07274396220412957,53.829980050959826,42.397022338821564
2013-02-01 00:00:00+00:00,54.4407533225,0.3517316017598304,54.36562360895781,0.13949381977785041,65.94378956844156,56.60094458992591
2013-02-04 00:00:00+00:00,54.3893802741,-0.09436505791107219,54.377501941528905,0.02256438093338911,59.62590597405785,44.08503502954928
2013-02-05 00:00:00+00:00,54.7930256546,0.7421400620227558,54.58526379806445,0.38235222147807246,81.0375051195647,65.52651680280752
2013-02-06 00:00:00+00:00,55.3287731597,0.977765872023939,54.957018478882226,0.6800590467510057,90.77627484910892,70.33317579521305
2013-02-07 00:00:00+00:00,55.0865859314,-0.4377238360246172,55.021802205141114,0.12116760536319426,67.32896999452699,31.170313307208446
2013-02-08 00:00:00+00:00,55.3948242219,0.5595523579621675,55.208313213520555,0.3403599816626809,78.11886183296312,56.66881867255361
2013-02-11 00:00:00+00:00,55.3434511735,-0.09273979856712078,55.27588219351028,0.12381009154778005,72.16091903920821,41.562502153201635
2013-02-12 00:00:00+00:00,55.6296724433,0.5171727887057553,55.45277731840514,0.32049144012676767,82.9977857637332,57.46532546695813
2013-02-13 00:00:00+00:00,55.5269263465,-0.18469656981123794,55.48985183245257,0.06789743515776486,68.61555900994074,39.0988290540913
2013-02-14 00:00:00+00:00,55.6370114502,0.1982553527509312,55.56343164132629,0.13307639395434803,75.45200188236299,51.72615911752502
2013-02-15 00:00:00+00:00,55.8938766924,0.46168051716781733,55.728654166863144,0.29737845556108267,86.07128068418467,60.23372088326636
2013-02-19 00:00:00+00:00,56.4809972459,1.0504201680822556,56.104825706381575,0.6738993118216692,94.39076014974958,75.0025539408579
2013-02-20 00:00:00+00:00,56.2534880314,-0.4028066528455443,56.179156868890786,0.13554632948806244,70.06572179984258,31.578763784680305
2013-02-21 00:00:00+00:00,56.4149461836,0.287018917137849,56.2970515262454,0.21128262331295572,76.50982571492612,51.55122605262814
2013-02-22 00:00:00+00:00,56.4076071767,-0.013008976160533425,56.3523293514727,0.09913682357621115,75.4030710629062,43.30440817875756
2013-02-25 00:00:00+00:00,55.9045622865,-0.8918032786325747,56.12844581898635,-0.3963332275281818,30.31538546145714,25.430508687955395
2013-02-26 00:00:00+00:00,56.037721228,0.23818975778324702,56.08308352349317,-0.07907173487246738,43.685720547738576,58.482523806071484
2013-02-27 00:00:00+00:00,56.4593912095,0.7524752474932894,56.271237366496585,0.336701756310411,70.53735519280424,68.12701402343596
2013-02-28 00:00:00+00:00,56.3040391111,-0.2751572326090801,56.287638238798294,0.03077226185066545,55.82675800082609,40.16300850370343
2013-03-01 00:00:00+00:00,56.7405045305,0.7751937983325741,56.51407138464914,0.40298303009161973,76.48972842055204,63.27475055411079
2013-03-04 00:00:00+00:00,57.1103904792,0.6518904823998861,56.812230931924574,0.5274367562457529,85.25654600709233,59.24527782107163
2013-03-05 00:00:00+00:00,57.450685552,0.5958549222736309,57.13145824196229,0.5616458392596919,90.26572858867196,56.78039428486421
2013-03-06 00:00:00+00:00,57.2509471397,-0.34766932784329185,57.19120269083115,0.10698825570820003,69.48149669163769,27.68684386075683
2013-03-07 00:00:00+00:00,57.5172650228,0.46517637944074597,57.35423385681557,0.286082317574473,79.10424536558187,56.49373650882626
2013-03-08 00:00:00+00:00,57.8427646577,0.5659163987908222,57.598499257257785,0.4259993581826476,86.75862984413824,59.493512692976566
2013-03-11 00:00:00+00:00,58.027707632,0.3197339812411215,57.813103444628894,0.37286666971188454,89.90901893717124,47.49050430032022
2013-03-12 00:00:00+00:00,58.1164802597,0.15298317187191213,57.964791852164446,0.26292492079189833,91.38482087785896,39.41168833485293
2013-03-13 00:00:00+00:00,58.1090825407,-0.012729124280996817,58.03693719643222,0.12509789825545076,89.7441894007755,31.439250209948696
2013-03-14 00:00:00+00:00,58.5159570843,0.7001909612236901,58.27644714036611,0.4126444297395704,95.86646309809005,70.26079631076172
2013-03-15 00:00:00+00:00,58.5825365551,0.11378002534263576,58.429491847733054,0.26321222754110307,96.39472811345233,41.36311583829118
2013-03-18 00:00:00+00:00,58.301423234,-0.47985856815128125,58.36545754086653,-0.10832317030508909,53.27446103982679,25.461410500859962
2013-03-19 00:00:00+00:00,58.3384118289,0.06344372546711607,58.35193468488326,-0.022439722418986507,57.06513095873664,51.21071795114374
2013-03-20 00:00:00+00:00,58.7748772484,0.7481612985627883,58.56340596664163,0.3628607880719009,82.37438140916954,70.48527263721643
2013-03-21 00:00:00+00:00,58.4493776135,-0.5538074261292714,58.506391790070815,-0.09547331902868522,49.6405132919564,33.14173315179169
2013-03-22 00:00:00+00:00,58.9894110986,0.9239336792788544,58.74790144433541,0.4142301801250846,74.68014158306714,64.84842549487702
2013-03-25 00:00:00+00:00,58.9450247848,-0.07524454469601816,58.846463114567705,0.16949281771453323,70.36661114002736,43.7873563018057
2013-03-26 00:00:00+00:00,59.8105579047,1.4683734938782944,59.32851050963385,0.8189331557964138,88.98174916431176,67.9262975752618
2013-03-27 00:00:00+00:00,60.1212621017,0.5194805196351293,59.72488630566693,0.6692068377157716,91.76668100583706,48.659151690380426
2013-03-28 00:00:00+00:00,60.313602795,0.31992125011388595,60.01924455033347,0.4945640439148288,93.33173721061134,44.662735623479605
2013-04-01 00:00:00+00:00,60.6095115539,0.49061695071634936,60.31437805211674,0.49259049731558907,95.3649646094035,49.938132582849605
2013-04-02 00:00:00+00:00,61.171738196,0.9276211401242129,60.743058124058365,0.710105818719901,97.52004083737357,63.35398994851038
2013-04-03 00:00:00+00:00,60.7130796196,-0.7497883662066496,60.72806887182918,-0.0198412737433743,62.155994153054856,24.91343125841858
2013-04-04 00:00:00+00:00,60.9646020647,0.4142804922364629,60.84633546826459,0.1972196092465443,70.85100538421693,53.97997526578348
2013-04-05 00:00:00+00:00,60.6908864626,-0.44897463910207325,60.768610965432295,-0.12587751492776447,51.52619680988783,37.73217071598582
2013-04-08 00:00:00+00:00,60.0028985981,-1.1335933689549216,60.38575478176615,-0.629735441941343,25.40298954536477,27.78375689548428
2013-04-09 00:00:00+00:00,60.306205076,0.5054863764691442,60.345979928883075,-0.062124532736099414,44.13325536973521,62.90625093205051
2013-04-10 00:00:00+00:00,60.6760910247,0.6133464180574144,60.511035476791534,0.2756109426606575,61.71684796607223,64.60542890241662
2013-04-11 00:00:00+00:00,60.8980225939,0.3657644476630084,60.70452903534577,0.32068769516183293,70.16744217394847,55.80400044299446
2013-04-12 00:00:00+00:00,61.2087267908,0.5102040816200804,60.956627913072886,0.41544588839095664,79.61633803980173,60.511723935296814
2013-04-15 00:00:00+00:00,60.4467617365,-1.244863427570142,60.70169482478644,-0.4147087695895927,36.772292557590795,20.572057859686108
2013-04-16 00:00:00+00:00,61.726567119,2.117243911392541,61.214130971893226,0.8512675709014743,73.16057717897581,72.57882969424689
2013-04-17 00:00:00+00:00,62.0668621918,0.5512943432346651,61.64049658184661,0.7012809570680697,78.1711557588952,49.798489265824216
2013-04-18 00:00:00+00:00,61.5342264257,-0.8581644814813383,61.58736150377331,-0.07844176220663429,54.34933838977679,34.97683597591492
2013-04-19 00:00:00+00:00,62.5033276113,1.5748978119846102,62.04534455753665,0.748228024888988,75.07721949081396,63.277801424101945
2013-04-22 00:00:00+00:00,62.7548500564,0.4024144868961077,62.40009730696833,0.5753212558925478,78.82101307241005,48.13413512077507
2013-04-23 00:00:00+00:00,63.2135086328,0.7308735117489418,62.80680296988416,0.6530973838207448,84.98885519495593,52.87340554499054
2013-04-24 00:00:00+00:00,62.4293504215,-1.2404915155953211,62.61807669569208,-0.29369706588728817,48.65262930664133,29.009328281784445
2013-04-25 00:00:00+00:00,63.0433610964,0.9835288542239029,62.83071889604604,0.34491589416830737,65.81762129325637,59.75091766867693
2013-04-26 00:00:00+00:00,62.9693839066,-0.11734334672746094,62.90005140132302,0.11378627372042321,62.067846058918626,45.21361918514733
2013-04-29 00:00:00+00:00,63.3096789794,0.5404135338289873,63.10486519036151,0.3270999037747052,72.77156726012137,55.0212899348622
2013-04-30 00:00:00+00:00,63.0507588154,-0.4089740592180924,63.077812002880755,-0.04093707772169358,55.04432109954672,39.6526638236037
2013-05-01 00:00:00+00:00,62.310986918,-1.1732957878681671,62.69439946044038,-0.6071164327949303,26.929635315660256,29.651081238956298
2013-05-02 00:00:00+00:00,62.9989747825,1.1041196721942148,62.84668712147019,0.24850161969964224,57.33158485986665,66.93099110239251
2013-05-03 00:00:00+00:00,63.435440202,0.6928135275325875,63.141063661735096,0.4706575736161149,69.43374136313386,58.5286530841528
2013-05-06 00:00:00+00:00,62.6438842718,-1.247813411051335,62.89247396676755,-0.38857791871761005,39.19318270092985,30.992689614771532
2013-05-07 00:00:00+00:00,63.2726903846,1.003778932468058,63.08258217568377,0.30760050687522394,59.96849521158077,62.05859922511256
2013-05-08 00:00:00+00:00,63.2209063518,-0.08184262828913047,63.15174426374188,0.11287893929304674,57.54000927087209,46.81588871867523
2013-05-09 00:00:00+00:00,62.9915770636,-0.36274280366034306,63.07166066367094,-0.12493193218364816,45.34246325739444,42.741394294424836
2013-05-10 00:00:00+00:00,63.442837921,0.7163828537653183,63.25724929233547,0.29572546079083506,66.37894998001558,61.86634006153874
2013-05-13 00:00:00+00:00,63.5094173917,0.10494402974674522,63.383333342017735,0.20033474526879014,69.01793793411801,48.187087367694765
2013-05-14 00:00:00+00:00,64.3379619168,1.304601048360876,63.86064762940887,0.7524678968148331,87.43216300454117,68.6121917761763
2013-05-15 00:00:00+00:00,64.8336090881,0.7703805910746153,64.34712835875443,0.7614242439447242,91.8035349316891,54.31109065569386
2013-05-16 00:00:00+00:00,64.6930524276,-0.21679598356002527,64.52009039317721,0.27231413019234946,79.97142700344958,34.42330777753091
2013-05-17 00:00:00+00:00,65.1665064419,0.7318467695273112,64.8432984175386,0.5020804498598304,87.87035814870725,57.0786398771122
2013-05-20 00:00:00+00:00,65.1073246901,-0.09081621070596846,64.9753115538193,0.20563211957693095,81.8200261454557,39.38092035126097
2013-05-21 00:00:00+00:00,65.5363923906,0.659016020919756,65.25585197220965,0.43232407024834346,89.60431750082171,57.427831318506186
2013-05-22 00:00:00+00:00,65.440222044,-0.14674342467132506,65.34803700810482,0.1427903227885092,78.32840427923217,38.80592501396178
2013-05-23 00:00:00+00:00,65.0037566245,-0.6669681212367107,65.17589681630241,-0.2620888992241007,42.187164617525255,29.531872915091885
2013-05-24 00:00:00+00:00,64.7130621504,-0.44719642247634805,64.94447948335122,-0.3546426608502244,28.87635792205042,38.80005544841012
2013-05-28 00:00:00+00:00,65.301904803,0.9099285878814811,65.1231921431756,0.27764296351562834,63.68814087214482,72.41087577700198
2013-05-29 00:00:00+00:00,63.8409787282,-2.2371875356580473,64.4820854356878,-0.9797722860712095,22.57232833513946,24.880495774704745
2013-05-30 00:00:00+00:00,64.09440468,0.3969643900337827,64.2882450578439,-0.2914039480187134,33.70820010381417,58.818613905294704
2013-05-31 00:00:00+00:00,62.7452841721,-2.104895918193894,63.51676461497195,-1.1981499331063037,15.689411461450469,35.785404003367866
2013-06-03 00:00:00+00:00,63.1403305087,0.6296032312427702,63.328547561835975,-0.28427335093176676,31.72067640727488,60.89282549217797
2013-06-04 00:00:00+00:00,62.6856545364,-0.7201038838993035,63.00710104911799,-0.5021886174155351,23.881200224413544,47.222707915478686
2013-06-05 00:00:00+00:00,62.3725989489,-0.4994054697446293,62.689849999009,-0.5007970435800821,19.02514786548463,49.97710097371321
2013-06-06 00:00:00+00:00,62.9539878971,0.9321223710371918,62.8219189480545,0.2156626637285548,48.306869847284034,66.82334927483333
2013-06-07 00:00:00+00:00,63.2894045979,0.5327965900242093,63.05566177297725,0.37422962687638206,60.627839029244875,58.570030815515494
2013-06-10 00:00:00+00:00,63.4608398006,0.270875044233998,63.25825078678862,0.32255233555519003,66.71088231284199,52.22395499418936
2013-06-11 00:00:00+00:00,63.1254230997,-0.5285412262962641,63.19183694324431,-0.10299444537053704,45.8990180114637,34.90796428345856
2013-06-12 00:00:00+00:00,62.4173211757,-1.1217381036506047,62.80457905947216,-0.6123662745105709,23.08910180091046,25.49779647766311
2013-06-13 00:00:00+00:00,63.2894045979,1.3971817530347819,63.04699182868608,0.3924077392621055,59.901845901144554,72.5796116950074
2013-06-14 00:00:00+00:00,63.2894045979,0.0,63.16819821329304,0.19620386963105274,59.901845901144554,47.568486562382
2013-06-17 00:00:00+00:00,63.8260713193,0.8479566600596566,63.49713476629652,0.5220802648453546,75.88420855260145,60.0890234581279
2013-06-18 00:00:00+00:00,64.3701917451,0.8525049631802561,63.933663255698264,0.6872926140128054,84.98557927034892,60.16555779130493
2013-06-19 00:00:00+00:00,63.2521360756,-1.736915238543013,63.59289966564913,-0.5248113122651039,39.28645950514614,22.810704423123692
2013-06-20 00:00:00+00:00,61.5825062758,-2.6396417629349744,62.587702970724564,-1.582226537600039,17.82094406486521,17.21989665616688
2013-06-21 00:00:00+00:00,62.0148211347,0.7020091987874899,62.30126205271228,-0.4401086694062746,32.20734901752193,64.9373259409146
2013-06-24 00:00:00+00:00,63.065793464,1.6947115384195355,62.68352775835614,0.6273014345066305,58.62193056542553,72.10300979291573
2013-06-25 00:00:00+00:00,63.6173675943,0.8746011110045693,63.15044767632807,0.7509512727555998,68.33479433325923,57.5326163100538
2013-06-26 00:00:00+00:00,64.8397751263,1.9214997071169693,63.995111401314034,1.3362254899362846,82.21389476275942,69.38047524903637
2013-06-27 00:00:00+00:00,64.6310714013,-0.3218760777523699,64.31309140130702,0.5071747060919574,73.91677329870453,36.578542459410855
2013-06-28 00:00:00+00:00,63.9975065219,-0.980279091253411,64.1552989616035,-0.2365521925807268,50.643477183527864,30.276889754585238
2013-07-01 00:00:00+00:00,64.5714417656,0.8968087584843687,64.36337036360175,0.33012828295182095,65.43265373442226,59.8539473099697
2013-07-02 00:00:00+00:00,64.5267195388,-0.06926007159999692,64.44504495120087,0.13043410567591202,63.218560894936424,45.08818948110951
2013-07-03 00:00:00+00:00,64.6832473326,0.2425782604768667,64.56414614190044,0.18650618307638936,68.76703768609697,50.94738266766926
2013-07-05 00:00:00+00:00,65.4957011191,1.2560497810544025,65.02992363050022,0.721277982065396,85.63654567276384,67.73215171858632
2013-07-08 00:00:00+00:00,66.0323678404,0.8193922839669909,65.53114573545011,0.7703351330161934,90.64369743115877,55.46617737765896
2013-07-09 00:00:00+00:00,66.2485252699,0.3273507168824352,65.88983550267506,0.5488429249493143,92.27144457838281,42.46711406558842
2013-07-10 00:00:00+00:00,66.5168586305,0.40504050393090907,66.20334706658753,0.4769417144401117,94.16250356290548,45.492583819166526
2013-07-11 00:00:00+00:00,66.8373679225,0.481846705630562,66.52035749454376,0.47939421003533683,95.94165503314018,49.43573957385832
2013-07-12 00:00:00+00:00,67.0758864653,0.35686405705948054,66.79812197992189,0.41812913354740866,96.97188015591955,42.01659425583107
2013-07-15 00:00:00+00:00,67.3814883483,0.4556061784708465,67.08980516411094,0.4368676560091276,97.96480187039363,50.771875835395136
2013-07-16 00:00:00+00:00,67.3814883483,0.0,67.23564675620547,0.2184338280045638,97.96480187039363,24.82649008583019
2013-07-17 00:00:00+00:00,67.1802383278,-0.29867256635787154,67.20794254200274,-0.040119369176653874,65.93171718814285,16.523481727753342
2013-07-18 00:00:00+00:00,67.2100531456,0.04438033943034991,67.20899784380137,0.0021304851268480196,68.23954250095416,47.039561914201116
2013-07-19 00:00:00+00:00,68.7455162651,2.284573583320415,67.97725705445069,1.1433520342236316,94.90447131240819,88.43860493842189
2013-07-22 00:00:00+00:00,68.7827847874,0.05421229532454053,68.38002092092535,0.5987821647740861,95.05560486534188,40.80400511900376
2013-07-23 00:00:00+00:00,68.8871366499,0.15171218034066847,68.63357878541268,0.3752471725573773,95.60330996076533,42.82339037698889
2013-07-24 00:00:00+00:00,68.8424144231,-0.06492101279704787,68.73799660425634,0.1551630798801647,89.24786556789985,38.45165332570788
2013-07-25 00:00:00+00:00,68.9989422168,0.2273711563019809,68.86846941052818,0.1912671180910728,92.02958456324579,48.99078966611704
2013-07-26 00:00:00+00:00,69.1927385329,0.28086853200020023,69.03060397171409,0.2360678250456365,94.61628422750857,51.28109158905996
2013-07-29 00:00:00+00:00,69.4759793025,0.40935042550067635,69.25329163710704,0.3227091252731564,96.85436237444651,58.06421372182298
2013-07-30 00:00:00+00:00,69.4461644846,-0.04291385051252705,69.34972806085352,0.1398976373803147,90.88854533680923,33.463586237422874
2013-07-31 00:00:00+00:00,69.6921367319,0.3541912632979871,69.52093239637676,0.2470444503391509,94.82963931608904,57.29397895372139
2013-08-01 00:00:00+00:00,69.8933867524,0.2887700534626836,69.70715957438838,0.26790725190091724,96.62255115733244,52.63539381025892
2013-08-02 00:00:00+00:00,70.3555164291,0.6611922789449443,70.03133800174419,0.46454976542293075,98.46089265371403,72.04489724941135
2013-08-05 00:00:00+00:00,69.9157478658,-0.6250662145919739,69.9735429337721,-0.08025822458452156,55.410279967930876,23.069332729887634
2013-08-06 00:00:00+00:00,69.9232015703,0.010660980862708946,69.94837225203605,-0.034798621860906306,55.900497129636314,48.84848055830284
2013-08-07 00:00:00+00:00,69.8113960033,-0.15989766556609997,69.87988412766802,-0.09734814371350314,44.81490773659685,43.04385244332746
2013-08-08 00:00:00+00:00,69.5728774605,-0.3416613281715941,69.72638079408401,-0.21950473594254863,27.416607745534744,36.17270973463207
2013-08-09 00:00:00+00:00,68.8424144231,-1.0499250053510045,69.284397608592,-0.6347148706467766,9.850000124488588,18.712929359779707
2013-08-12 00:00:00+00:00,68.5740810624,-0.3897791251928573,68.92923933549599,-0.512246997919817,7.279824607190635,51.465459807242496
2013-08-13 00:00:00+00:00,69.3269052132,1.0978260869656697,69.128072274348,0.2927895445229264,55.807274243842,79.45152974612851
2013-08-14 00:00:00+00:00,67.6050994822,-2.4836039135238464,68.36658587827401,-1.09540718450046,19.962967419537993,25.776392375270643
2013-08-15 00:00:00+00:00,66.7479234689,-1.2679162073057748,67.55725467358701,-1.1816616959031174,13.491862904753882,44.77310147343414
2013-08-16 00:00:00+00:00,66.6137567886,-0.20100502506644746,67.0855057310935,-0.6913333604847824,12.537670221118278,58.69111578274976
2013-08-19 00:00:00+00:00,67.4187568706,1.2084592144452788,67.25213130084676,0.2585629269802482,46.5556477538368,72.44962105564751
2013-08-20 00:00:00+00:00,66.8820901492,-0.7960199005598079,67.06711072502338,-0.26872848678977984,33.518728318075674,42.35571582242747
2013-08-21 00:00:00+00:00,66.1888956342,-1.0364426611872202,66.62800317961168,-0.6525855739885,21.72934735745057,39.41048388648207
2013-08-22 00:00:00+00:00,65.7863955931,-0.6081081082308093,66.20719938635584,-0.6303468411096547,16.633744566817253,48.9052181343018
2013-08-23 00:00:00+00:00,66.3901456547,0.91774303206138,66.29867252052793,0.14369809547586265,45.4278012196505,72.19100562851428
2013-08-26 00:00:00+00:00,65.7293230308,-0.9953625156013168,66.01399777566397,-0.4258322100627271,28.98912984318964,38.872939478052004
2013-08-27 00:00:00+00:00,64.708051703,-1.5537529989795407,65.36102473933198,-0.9897926045211338,15.764679371364787,32.33851799714235
2013-08-28 00:00:00+00:00,64.9783882309,0.4177788092597945,65.169706485116,-0.28600689763066967,28.682604945193166,64.2051959047425
2013-08-29 00:00:00+00:00,65.0084256229,0.04622674217968914,65.089066054008,-0.11989007772549026,30.45999207219925,56.66140294172912
2013-08-30 00:00:00+00:00,64.888276055,-0.1848215315918611,64.98867105450401,-0.15235580465867568,26.49770395233537,51.06490417900988
2013-09-03 00:00:00+00:00,64.895785403,0.011572734639520021,64.94222822875201,-0.07039153500957783,27.383276595480517,56.5382583305656
2013-09-04 00:00:00+00:00,65.2562341069,0.5554269844514792,65.099231167826,0.24251772472095068,61.11497318954,70.32515557932912
2013-09-05 00:00:00+00:00,65.3613649789,0.1611047180990921,65.230298073363,0.2018112214100214,67.68269477208212,52.28635017190792
2013-09-06 00:00:00+00:00,65.4514771549,0.13786764708645372,65.3408876141315,0.16983943424823755,73.44856429214757,51.127119821598164
2013-09-09 00:00:00+00:00,65.7518510748,0.4589261128348898,65.54636934446575,0.3143827735415637,85.96700207687482,66.51371153619046
2013-09-10 00:00:00+00:00,66.4802578306,1.1078117861219594,66.01331358753288,0.7110972798317615,94.83131585890374,82.86657869813853
2013-09-11 00:00:00+00:00,67.0059121905,0.790692420657324,66.50961288901644,0.7508948502445427,96.93029713476079,61.0214260089573
2013-09-12 00:00:00+00:00,66.8407065346,-0.2465538495025843,66.67515971180822,0.2521705003709792,81.35522937313597,26.607641548058684
2013-09-13 00:00:00+00:00,66.5102952226,-0.4943264802698577,66.59272746720411,-0.12107798994943925,54.893732102263776,22.134758189156482
2013-09-16 00:00:00+00:00,66.8557252306,0.5193632156403671,66.72422634890205,0.19914261284546395,70.12958128686908,61.67352090947259
2013-09-17 00:00:00+00:00,66.8782532746,0.033696506802205484,66.80123981175103,0.11641955982383471,71.08502961326577,45.184538602306894
2013-09-18 00:00:00+00:00,67.5165478544,0.9544127553379411,67.15889383307552,0.5354161575808879,87.74490105056884,68.85981411682874
2013-09-19 00:00:00+00:00,67.6366974224,0.17795573354713046,67.39779562773776,0.3566859455640092,89.45963538641233,44.53040773338051
2013-09-20 00:00:00+00:00,67.3438328505,-0.43299655817171656,67.37081423911889,-0.03815530630385369,59.182756923489514,31.425605817684875
2013-09-23 00:00:00+00:00,66.9007813186,-0.6578947368254928,67.13579777885944,-0.34802502156467324,33.474362566829065,27.032863396856577
2013-09-24 00:00:00+00:00,66.2474680427,-0.9765405769907698,66.69163291077973,-0.6622827992777215,17.07168688858436,20.841408435303517
2013-09-25 00:00:00+00:00,65.3914023709,-1.2922239854483708,66.04151764083986,-0.9772533923630462,8.696212808906534,15.549140540830814
2013-09-26 00:00:00+00:00,65.3838930229,-0.011483693158020891,65.71270533186993,-0.49436854276053355,8.640435825966197,66.82097933219762
2013-09-27 00:00:00+00:00,65.1285751909,-0.3904904100931694,65.42064026138496,-0.4424294764268515,6.510711145207091,52.63584348365079
2013-09-30 00:00:00+00:00,65.0985377989,-0.0461201429817204,65.25958903014248,-0.24427480970428594,6.239318961164197,63.26446670009367
2013-10-01 00:00:00+00:00,65.6842669428,0.8997577575542648,65.47192798647123,0.3277414739249894,57.75129339994429,80.9120910157296
2013-10-02 00:00:00+00:00,65.5490986788,-0.20578484055810975,65.51051333263561,0.06097831668343984,48.5233060948154,43.920692931106245
2013-10-03 00:00:00+00:00,65.0159349709,-0.8133806850839642,65.26322415176782,-0.37620118420026216,24.94239646311581,31.898410297681984
2013-10-04 00:00:00+00:00,65.5641173748,0.8431508431669288,65.4136707632839,0.2334748294833333,57.097441960964865,67.86785130294213
2013-10-07 00:00:00+00:00,65.0234443189,-0.8246478066794127,65.21855754109195,-0.2955864885980397,34.94753587571442,37.75368063482775
2013-10-08 00:00:00+00:00,64.2875282151,-1.1317704122082328,64.75304287809598,-0.7136784504031363,19.501677549658826,33.631623011255236
2013-10-09 00:00:00+00:00,64.550355395,0.4088307439984451,64.65169913654799,-0.15242385320234558,34.912514032590465,63.56452756993575
2013-10-10 00:00:00+00:00,65.9170567308,2.117263843764783,65.284377933674,0.9824199952812186,73.89457344517572,79.18230689591275
2013-10-11 00:00:00+00:00,67.1711178465,1.9024834813567093,66.22774789008699,1.442451738318964,85.69044079475673,73.260520602154
2013-10-14 00:00:00+00:00,67.4339450265,0.39128004479636047,66.8308464582935,0.9168658915576622,87.47028902731087,40.94358938181872
2013-10-15 00:00:00+00:00,67.5315665504,0.14476614687402023,67.18120650434675,0.5308160192158412,88.28230657342576,36.954803315933376
2013-10-16 00:00:00+00:00,68.4176696143,1.3121316580723574,67.79943805932336,0.9214738386440993,93.77505557262354,62.739436518297445
2013-10-17 00:00:00+00:00,69.0634735421,0.9439139500668103,68.43145580071169,0.9326938943554548,95.88421049448279,52.567270251732275
2013-10-18 00:00:00+00:00,68.8081557102,-0.36968576702758327,68.61980575545584,0.28150406366393577,79.84163324448808,28.146875998263518
2013-10-21 00:00:00+00:00,68.4852537462,-0.46927862063324,68.55252975082792,-0.09388727848465211,60.605429320261464,26.73445251482606
2013-10-22 00:00:00+00:00,69.3563381141,1.2719298246716804,68.95443393246396,0.5890212730935142,80.05261413604768,68.36517772946812
2013-10-23 00:00:00+00:00,69.1610950661,-0.28150714600704285,69.05776449928197,0.15375706354323565,68.65758340836543,38.83478536699788
2013-10-24 00:00:00+00:00,69.3488287661,0.27144408257355757,69.20329663269098,0.2126005730583966,73.9962610625823,50.29770317464383
2013-10-25 00:00:00+00:00,69.1535857181,-0.28153762864332466,69.17844117539549,-0.034468527792464024,58.46174882640515,39.26044716864839
2013-10-28 00:00:00+00:00,69.3788661581,0.3257682702359599,69.27865366674774,0.14564987122174794,69.53225210257506,55.3875683266861
2013-10-29 00:00:00+00:00,69.9420672579,0.8117761661261325,69.61036046232388,0.4787130186739402,84.76174883110008,66.16995530487799
2013-10-30 00:00:00+00:00,69.679240078,-0.3757783980431473,69.64480027016194,0.051467310315396475,62.79115819153474,35.08758980422827
2013-10-31 00:00:00+00:00,69.544071814,-0.19398642098951147,69.59443604208097,-0.0712595553370575,52.327821541351476,41.40745720562448
2013-11-01 00:00:00+00:00,70.1147822619,0.8206457186263005,69.85460915199049,0.3746930816446215,76.80601665053442,67.71920222928536
2013-11-04 00:00:00+00:00,69.85946443,-0.3641426581720175,69.85703679099524,0.0052752117363019935,57.12332609746243,37.904844640577934
2013-11-05 00:00:00+00:00,69.694258774,-0.23648285504039857,69.77564778249763,-0.11560382165204829,45.74522027297728,42.02983381056727
2013-11-06 00:00:00+00:00,69.866973778,0.24781812309686568,69.82131078024881,0.06610715072240869,58.65855816717799,57.93234827618903
2013-11-07 00:00:00+00:00,69.604146598,-0.3761822872636933,69.7127286891244,-0.1550375682706423,38.00876406542089,37.85986505042334
2013-11-08 00:00:00+00:00,70.6254179258,1.4672564462263393,70.1690733074622,0.6561094389778486,79.6873523410617,75.49077232218272
2013-11-11 00:00:00+00:00,70.8056422778,0.25518341312946724,70.4873577926311,0.4556464260536579,82.75622366294034,47.26265347457504
2013-11-12 00:00:00+00:00,70.2574598739,-0.7742072330185978,70.37240883326555,-0.15928040348246997,48.98816043615496,32.01306764154651
2013-11-13 00:00:00+00:00,70.0922542179,-0.23514322364701634,70.23233152558278,-0.19721181356474315,41.35915054634931,45.76013161474091
2013-11-14 00:00:00+00:00,70.5277964018,0.6213841868261127,70.38006396369138,0.2120861866306848,63.70893475373351,63.39897059550993
2013-11-15 00:00:00+00:00,70.8807357578,0.5004258944789397,70.63039986074568,0.35625604055481225,75.19865471396939,59.31307338258951
2013-11-18 00:00:00+00:00,70.8131516258,-0.09534908360845362,70.72177574327284,0.1304534784731793,68.93027033244584,40.18094612578471
2013-11-19 00:00:00+00:00,71.2336751137,0.5938494167329056,70.97772542848642,0.36215144760304246,82.52550941183141,61.64742090413552
2013-11-20 00:00:00+00:00,71.4514462056,0.3057136832437912,71.21458581704321,0.33393256542341687,86.95835785951839,50.322664365770144
2013-11-21 00:00:00+00:00,71.4889929456,0.052548607472480136,71.35178938132161,0.1932405864479485,87.76128727050367,40.513870096480076
2013-11-22 00:00:00+00:00,72.0221566535,0.7457983193380757,71.6869730174108,0.4695194528930121,94.70499245829272,66.96362149153646
2013-11-25 00:00:00+00:00,72.309489142,0.39895013125246237,71.9982310797054,0.43423479207273724,96.36989846099988,50.2091787242766
2013-11-26 00:00:00+00:00,71.8784904093,-0.596047265461408,71.9383607445027,-0.08090623669433536,56.44029866359807,24.178249145765633
2013-11-27 00:00:00+00:00,71.8179993591,-0.08415737427920345,71.87818005180135,-0.0825318054867694,51.912070540162105,45.84490016168839
2013-11-29 00:00:00+00:00,71.5760351583,-0.3369130342800841,71.72710760505068,-0.20972241988342677,35.04299032033771,37.83682316547386
2013-12-02 00:00:00+00:00,71.2887026698,-0.4014367209143721,71.50790513742534,-0.30557957039889944,22.195601865832447,35.464670268482294
2013-12-03 00:00:00+00:00,71.0542998502,-0.3288078065969757,71.28110249381267,-0.3171936884979376,15.321845530726293,41.64211919340143
2013-12-04 00:00:00+00:00,70.7972128868,-0.3618176013865493,71.03915769030633,-0.33950564494224345,10.150345636931746,39.09109819948035
2013-12-05 00:00:00+00:00,70.2981617226,-0.7049022748931488,70.66865970645316,-0.5222039599176962,5.119217959538229,19.99482612561655
2013-12-06 00:00:00+00:00,71.4096847702,1.581155211406693,71.03917223832659,0.5294756257444984,64.27624131111052,86.39960495094314
2013-12-09 00:00:00+00:00,71.4096847702,0.0,71.2244285042633,0.2647378128722492,64.27624131111052,46.42363451451462
2013-12-10 00:00:00+00:00,71.1828433319,-0.3176620076534298,71.20363591808166,-0.0264620973905903,49.97004356637919,40.74270788509596
2013-12-11 00:00:00+00:00,70.4040210605,-1.0941151476186906,70.80382848929082,-0.5602886225046404,23.28244301093903,28.12433138198216
2013-12-12 00:00:00+00:00,68.9295517117,-2.094297067965689,69.86669010049542,-1.3272928452351649,9.251323625528466,17.5950443389759
2013-12-13 00:00:00+00:00,69.0732179559,0.2084247476334955,69.46995402819772,-0.5594340488008347,16.59737155394923,64.06107505831815
2013-12-16 00:00:00+00:00,69.0883407185,0.02189381506687571,69.27914737334886,-0.2687701168669795,17.64992728550105,59.95339445349334
2013-12-17 00:00:00+00:00,68.5514826479,-0.777060304266719,68.91531501062443,-0.5229152105668493,10.5560232260001,42.460839154818494
2013-12-18 00:00:00+00:00,70.0486361405,2.1839841164191798,69.48197557556222,0.8305344529261652,66.64133568827988,78.05533278609948
2013-12-19 00:00:00+00:00,69.5495849763,-0.712435233141484,69.5157802759311,0.05904960989234059,50.73484471403714,40.91662110433705
2013-12-20 00:00:00+00:00,69.6327601703,0.11959121543048123,69.57427022311555,0.08932041266141091,53.50905316258951,50.968867590281526
2013-12-23 00:00:00+00:00,69.5873918827,-0.06515365395403094,69.58083105290777,0.012083379353689985,51.152299349779554,48.23554132095763
2013-12-24 00:00:00+00:00,69.6100760265,0.03259806580799829,69.59545353970388,0.022340722580844137,52.71428895540471,50.34883200900682
2013-12-26 00:00:00+00:00,69.9730223277,0.521399087485297,69.78423793370195,0.27186990503307057,73.24623633369211,61.98851918737762
2013-12-27 00:00:00+00:00,69.8293560835,-0.2053166197783618,69.80679700860097,0.033276642627354386,58.233036162280676,40.70693529406918
2013-12-30 00:00:00+00:00,69.7915491771,-0.05414185168025609,69.79917309285048,-0.010432604526450853,53.874145096455976,46.44420395905918
2013-12-31 00:00:00+00:00,69.2546911065,-0.7692307692406697,69.52693209967524,-0.3898316868835603,20.765877035100928,27.53796537889422
2014-01-02 00:00:00+00:00,68.8312537551,-0.6114204606715301,69.17909292738761,-0.5006260737775452,12.023751944886618,36.14293156473429
2014-01-03 00:00:00+00:00,69.4512870197,0.9008019333863526,69.31518997354381,0.2000879298044037,54.290068096226136,76.40959332960624
2014-01-06 00:00:00+00:00,69.814233321,0.5225911813514061,69.5647116472719,0.3613395555779049,67.85156086614066,61.791932183272536
2014-01-07 00:00:00+00:00,71.296264051,2.1228203182948935,70.43048784913594,1.2420799369363993,88.588518593864,82.74362533828909
2014-01-08 00:00:00+00:00,71.1979660945,-0.13787252082335666,70.81422697181797,0.5521037080565213,83.2462193720194,38.27139143468798
2014-01-09 00:00:00+00:00,71.6289648272,0.6053525912916191,71.22159589950898,0.5787281496740702,88.00404373903491,51.204531188651494
2014-01-10 00:00:00+00:00,71.6365262085,0.010556317989873776,71.42906105400449,0.29464223383197197,88.09302802459626,40.91417506801455
2014-01-13 00:00:00+00:00,71.4550530578,-0.2533248892775952,71.44205705590224,0.020658672277188372,69.52647929075047,36.087870266783426
2014-01-14 00:00:00+00:00,71.6214034459,0.23280423284472995,71.53173025090112,0.12673145256095916,76.37337887610441,51.79965524107269
2014-01-15 00:00:00+00:00,71.6818944961,0.0844594594487269,71.60681237350056,0.10559545600484303,78.95281040699987,46.56038641135627
2014-01-16 00:00:00+00:00,71.5609123957,-0.16877637128659417,71.58386238460028,-0.03159045764087557,59.473717545070706,36.98224491900429
2014-01-17 00:00:00+00:00,71.8784904093,0.4437869822619511,71.73117639695013,0.20609826231053777,79.44344261936334,63.91598423306714
2014-01-21 00:00:00+00:00,71.0996681379,-1.083526193949158,71.41542226742507,-0.43871396581931016,28.245027631348083,24.597629872748193
2014-01-22 00:00:00+00:00,71.3189481949,0.3084122088653052,71.36718523116254,-0.06515087847700249,43.59668092802803,59.04154865537077
2014-01-23 00:00:00+00:00,70.1242499533,-1.6751484308702103,70.74571759223127,-0.8701496546736064,15.862272504354493,29.872717889564065
2014-01-24 00:00:00+00:00,68.5136757415,-2.296743584241656,69.62969666686564,-1.5834466194576313,6.937633946893049,24.242848447894055
2014-01-27 00:00:00+00:00,68.007063196,-0.7394327337091444,68.81837993143282,-1.1614396765833879,5.482268684596519,55.65201561581164
2014-01-28 00:00:00+00:00,68.1280452964,0.17789637533871527,68.47321261391642,-0.4917716506223363,12.088344036431188,67.54228814542901
2014-01-29 00:00:00+00:00,67.2206795433,-1.3318534960931272,67.8469460786082,-0.9118125733577318,6.7672908553437825,40.64173358933662
2014-01-30 00:00:00+00:00,67.6743624199,0.6749156356084862,67.7606542492541,-0.11844846887462279,29.90735265915273,66.91453477636047
2014-01-31 00:00:00+00:00,66.8955401484,-1.1508379889383136,67.32809719882705,-0.6346432289064682,18.24612802088827,41.7164138242369
2014-02-03 00:00:00+00:00,65.6176667128,-1.910252062791007,66.47288195581353,-1.2724476458487375,9.310974005886571,33.77984073634547
2014-02-04 00:00:00+00:00,65.4966846124,-0.18437427976450982,65.98478328410677,-0.7284109628066237,8.705559854804381,59.83146120563562
2014-02-05 00:00:00+00:00,65.9957357766,0.7619487416093085,65.99025953035338,0.016768889401342413,34.8976145030443,69.6513150709095
2014-02-06 00:00:00+00:00,67.1072588242,1.6842346471635405,66.5487591772767,0.8505017682824415,66.75897452372763,77.64180157976472
2014-02-07 00:00:00+00:00,68.0826770088,1.4535211267611148,67.31571809303836,1.1520114475217782,79.7830458934081,70.66090397172347
2014-02-10 00:00:00+00:00,68.8614992802,1.1439360283957756,68.08860868661918,1.1479737379587769,86.24001884144683,59.832782373826056
2014-02-11 00:00:00+00:00,70.2981617226,2.086307236143914,69.1933852046096,1.6171404870513455,92.69536390487777,76.36794887033041
2014-02-12 00:00:00+00:00,69.8822857524,-0.591588684553479,69.5378354785048,0.5127759012489332,77.00836479235187,27.7229088864892
2014-02-13 00:00:00+00:00,69.9881450903,0.1514823631772355,69.7629902844024,0.3321291322130844,78.40381849525278,42.86973342514702
2014-02-14 00:00:00+00:00,70.1393727158,0.21607605874520708,69.9511815001012,0.2741025954791457,80.88932456383168,44.389336136676334
2014-02-18 00:00:00+00:00,69.6932512205,-0.6360500215872311,69.8222163603006,-0.1809737130540427,53.59487266909944,29.08215137487481
2014-02-19 00:00:00+00:00,69.2924980129,-0.5750244113767566,69.5573571866003,-0.3779990622153997,36.843267591121545,31.61538144883555
2014-02-20 00:00:00+00:00,69.8520402273,0.8075076385553714,69.70469870695015,0.21475428816998587,61.829756101886844,69.11087308063594
2014-02-21 00:00:00+00:00,69.7008126018,-0.21649707726202339,69.70275565437507,-0.0008713945460187555,53.28363650746147,42.9481444525668
2014-02-24 00:00:00+00:00,69.3885602726,-0.4479895105153009,69.54565796348754,-0.22443045253065982,37.31106371850581,38.06211902932171
2014-02-25 00:00:00+00:00,69.3885602726,0.0,69.46710911804377,-0.11221522626532991,37.31106371850581,53.43867177584673
2014-02-26 00:00:00+00:00,69.3885602726,0.0,69.42783469532188,-0.056107613132664956,37.31106371850581,53.43867177584673
2014-02-27 00:00:00+00:00,69.5789580343,0.27439359017105147,69.50339636481094,0.10914298851919325,61.22880402106738,65.30788743656714
2014-02-28 00:00:00+00:00,70.1577672299,0.8318739054911761,69.83058179735548,0.4705084470051847,85.84878715643686,80.47562163888263
2014-03-03 00:00:00+00:00,69.7312762437,-0.6079027355623268,69.78092902052774,-0.06869714427857104,50.44439394207623,29.87504888872515
2014-03-04 00:00:00+00:00,71.086908307,1.9440803844780863,70.43391866376388,0.9376916200997576,83.29370770881849,73.75293787304017
2014-03-05 00:00:00+00:00,70.5157150219,-0.803514034726649,70.47481684283193,0.06708879268655432,58.700793225248894,36.68375448567069
2014-03-06 00:00:00+00:00,70.7441923359,0.3240090722033351,70.60950458936597,0.1955489324449447,64.91603131591367,51.644247997739384
2014-03-07 00:00:00+00:00,71.071676486,0.46291312302368937,70.84059053768298,0.329231027734317,73.49272058087053,53.66726450636648
2014-03-10 00:00:00+00:00,71.1706833221,0.13930561511308337,71.0056369298915,0.2342683214237002,76.13806802085548,46.821918199823884
2014-03-11 00:00:00+00:00,71.201146964,0.042803638349409034,71.10339194694575,0.1385359798865546,77.18875754741701,44.29467870329775
2014-03-12 00:00:00+00:00,71.2849219791,0.11765964267733686,71.19415696302288,0.12809781128194575,80.69514084871624,47.586398731441854
2014-03-13 00:00:00+00:00,70.8279673511,-0.6410256409258297,71.01106215706145,-0.256463914821942,35.74295898548351,25.067053145957818
2014-03-14 00:00:00+00:00,70.6832650522,-0.20430107528386365,70.84716360463072,-0.2303824950529028,28.264143327569336,46.803665318995435
2014-03-17 00:00:00+00:00,71.5362470246,1.206766512228974,71.19170531461536,0.4881920085880356,74.8305125851597,77.88909922268233
2014-03-18 00:00:00+00:00,71.543862935,0.010646225818056188,71.36778412480768,0.24941911720304588,75.04744494648071,44.68659735034504
2014-03-19 00:00:00+00:00,71.2773060687,-0.37257824132613804,71.32254509675384,-0.06157956206154608,51.66812103692722,37.088526485365726
2014-03-20 00:00:00+00:00,71.6809493235,0.5662998183614709,71.50174721012692,0.25236012814996245,71.69621548143795,61.28158733302495
2014-03-21 00:00:00+00:00,73.0594291181,1.923076922961564,72.28058816411345,1.0877185255557633,90.93627818967482,78.88380084892627
2014-03-24 00:00:00+00:00,72.503467654,-0.760971541676414,72.39202790905674,0.16337349193967465,64.43705246428357,33.58138108929893
2014-03-25 00:00:00+00:00,74.163736136,2.2899159663964053,73.27788202252836,1.22664472916804,84.57360961719345,66.44127375527019
2014-03-26 00:00:00+00:00,73.9124110905,-0.33887861992163426,73.59514655651418,0.4438830546232029,74.93880447405947,40.52687516136861
2014-03-27 00:00:00+00:00,74.0875770313,0.23699124168135022,73.84136179390708,0.34043714815227655,77.60594536432444,47.283209103630014
2014-03-28 00:00:00+00:00,74.2094315988,0.16447368422982667,74.02539669635354,0.2524554161910516,79.84428408245451,46.28989495588736
2014-03-31 00:00:00+00:00,74.8110885257,0.8107553365356068,74.41824261102677,0.5316053763633293,88.41806707065476,58.06630093243088
2014-04-01 00:00:00+00:00,74.5902271222,-0.2952254911036678,74.50423486661339,0.11818994262983074,71.63843250156566,37.15469153633653
2014-04-02 00:00:00+00:00,74.8110885257,0.29609965275767536,74.6576616961567,0.20714479769375305,77.92297075370615,51.238254704000774
2014-04-03 00:00:00+00:00,74.8339362571,0.03054056804983052,74.74579897662835,0.11884268287179178,78.65683622907822,44.51778930334325
2014-04-04 00:00:00+00:00,74.9557908246,0.16283329942894387,74.85079490061418,0.14083799115036783,83.14031621845969,49.47022104902253
2014-04-07 00:00:00+00:00,74.5521475698,-0.5385084332504064,74.7014712352071,-0.1988352210500193,40.67993757539205,28.932958824222567
2014-04-08 00:00:00+00:00,74.6816180478,0.17366431715302166,74.69154464150355,-0.012585451948498819,52.38081565076516,56.462893819640456
2014-04-09 00:00:00+00:00,75.3594340794,0.9076075871389921,75.02548936045179,0.44751106759524667,81.31842596839209,72.76943856296255
2014-04-10 00:00:00+00:00,73.5239996567,-2.4355735219112162,74.27474450857589,-0.9940312271579848,23.446150635248017,20.445893789776974
2014-04-11 00:00:00+00:00,73.7753247021,0.34182722182347636,74.02503460533794,-0.3261020026672542,33.20921785527537,58.04154103014202
2014-04-14 00:00:00+00:00,73.9809542847,0.2787240631340282,74.00299444501897,-0.023688969766613,42.24831384327143,57.121560077546036
2014-04-15 00:00:00+00:00,75.5498318411,2.1206506074016085,74.77641314305949,1.0484808188174977,77.34186586320835,74.68788240485074
2014-04-16 00:00:00+00:00,75.2071158701,-0.45362903218741923,74.99176450657974,0.2974258933150392,64.49924053724294,40.179650810227024
2014-04-17 00:00:00+00:00,75.3670499899,0.21265822781482147,75.17940724823987,0.25504206056493034,68.19598291021556,49.278059920237645
2014-04-21 00:00:00+00:00,76.1591046786,1.0509296686100233,75.66925596341994,0.6529858645874769,82.06756705825778,60.590005590378354
2014-04-22 00:00:00+00:00,76.296191067,0.1799999999717805,75.98272351520997,0.4164929322796287,83.89157825146312,44.96271586945936
2014-04-23 00:00:00+00:00,76.3266547088,0.039928129273536506,76.15468911200499,0.2282105307765826,84.41982797269924,42.32893798748264
2014-04-24 00:00:00+00:00,76.1286410367,-0.2594292555536004,76.14166507435249,-0.015609362388508907,63.96723127140266,35.636920269446975
2014-04-25 00:00:00+00:00,75.9991705587,-0.17006802727187464,76.07041781652624,-0.09283869483019178,51.685958000175475,39.89195148503317
2014-04-28 00:00:00+00:00,77.1796366812,1.5532618498621975,76.62502724886312,0.7302115775160029,86.67488986437637,79.36126445872911
2014-04-29 00:00:00+00:00,76.9435434567,-0.3059009275661717,76.78428535278155,0.21215532497491557,71.20494627889447,38.47644268955379
2014-04-30 00:00:00+00:00,77.1415571289,0.2573493022340889,76.96292124084079,0.23475231360450224,76.48504950945886,50.147619581252876
2014-05-01 00:00:00+00:00,76.5627479333,-0.7503208609502598,76.76283458707039,-0.2577842736728788,42.39747864647916,33.230707777814246
2014-05-02 00:00:00+00:00,75.6336068563,-1.2135680890260736,76.1982207216852,-0.7356761813494762,20.45083666094133,26.959299734502927
2014-05-05 00:00:00+00:00,76.1591046786,0.6947940791696139,76.17866270014261,-0.02044105108993116,44.72473005693249,66.28129648974794
2014-05-06 00:00:00+00:00,75.7859250656,-0.4900000000983007,75.9822938828713,-0.2552205255941159,33.75339393429726,44.14769778981223
2014-05-07 00:00:00+00:00,76.8521525311,1.4068937795205239,76.41722320698565,0.575836626963204,67.70538007045947,69.00468495149435
2014-05-08 00:00:00+00:00,76.5399002019,-0.40630264594559984,76.47856170444282,0.0847669905088021,55.263476444481036,42.1243860420615
2014-05-09 00:00:00+00:00,76.8521525311,0.4079601990286674,76.6653571177714,0.24636359476873476,64.93035532690872,54.15435763242085
2014-05-12 00:00:00+00:00,76.5551320229,-0.3864830045974488,76.61024457033571,-0.07005970491435701,49.62895480465092,41.5230629494792
2014-05-13 00:00:00+00:00,76.9359275463,0.4974134500690175,76.77308605831786,0.21367687257733026,65.33759898403734,57.907973928186266
2014-05-14 00:00:00+00:00,76.8216888893,-0.14848544840281308,76.79738747380893,0.03259571208725859,57.29677700876147,44.3018183524209
2014-05-15 00:00:00+00:00,76.6846025008,-0.17844750679401056,76.74099498730446,-0.07292589735337598,46.90619281540631,43.589172038228774
2014-05-16 00:00:00+00:00,76.6008274857,-0.10924620115116968,76.67091123650223,-0.09108604925227283,40.22020618587455,46.56697627809263
2014-05-19 00:00:00+00:00,76.6465229485,0.05965400675147503,76.65871709250112,-0.0157160212503989,46.46377481432545,55.22095213958738
2014-05-20 00:00:00+00:00,76.3495024402,-0.38751987288396794,76.50410976635055,-0.20161794706718342,23.02104648603224,33.60581900582927
2014-05-21 00:00:00+00:00,77.0273184719,0.8877805487087498,76.76571411912528,0.3430813008207832,71.77230121908669,75.17496951107383
2014-05-22 00:00:00+00:00,77.4233458162,0.5141388174436656,77.09452996766264,0.4286100591322244,81.84751809636599,58.95365635473392
2014-05-23 00:00:00+00:00,77.4386832461,0.019809825755157107,77.26660660688131,0.22420994244369075,82.21625851299275,41.27777742693311
2014-05-27 00:00:00+00:00,77.3083150924,-0.16835016846257211,77.28746084964065,0.027929886990559316,65.30297652282033,35.24437190903927
2014-05-28 00:00:00+00:00,76.9172106316,-0.5059021921930862,77.10233574062033,-0.23898615260126344,33.91082620643049,25.295165836580324
2014-05-29 00:00:00+00:00,77.2699715178,0.4586241275565506,77.18615362921017,0.10981898747764357,59.955171370080954,66.19596609985645
2014-05-30 00:00:00+00:00,77.8067815621,0.6947201270500525,77.49646759565508,0.40226955726384805,78.91853504704345,71.85400045426192
2014-06-02 00:00:00+00:00,78.3512603213,0.6997831657712839,77.92386395847754,0.5510263615175659,87.74673697575874,72.00472903383272
2014-06-03 00:00:00+00:00,78.573653054,0.28384065781204004,78.24875850623877,0.41743350966480297,90.24862669467265,43.37839535943391
2014-06-04 00:00:00+00:00,78.7423647822,0.2147179387014697,78.49556164421938,0.31607572418313634,92.08713674692915,39.46711574112155
2014-06-05 00:00:00+00:00,79.1564753878,0.5259057265367018,78.8260185160097,0.42099072535991905,95.32934256071688,62.37598034118441
2014-06-06 00:00:00+00:00,79.1258005281,-0.03875217984342649,78.97590952205485,0.19111927275824628,91.17831174709006,30.726039247829235
2014-06-09 00:00:00+00:00,79.1564753878,0.038767202979639315,79.06619245492743,0.1149432378689428,91.71918289014532,37.27964321854199
2014-06-10 00:00:00+00:00,79.8313223006,0.8525479557974336,79.44875737776371,0.4837455968331882,97.26098264243188,74.80805691914868
2014-06-11 00:00:00+00:00,79.233162537,-0.7492795388602702,79.34095995738186,-0.132766971013541,51.46692944745313,27.03918944495053
2014-06-12 00:00:00+00:00,78.6273340584,-0.7646147890627231,78.98414700789093,-0.44869088003813207,30.004451238679284,26.79349669183176
2014-06-13 00:00:00+00:00,78.6273340584,0.0,78.80574053314547,-0.22434544001906603,30.00445123867928,56.413851612504594
2014-06-16 00:00:00+00:00,78.5659843391,-0.07802594356617343,78.68586243612273,-0.15118569179261973,27.400923428678,53.12369576454428
2014-06-17 00:00:00+00:00,78.1672111633,-0.507564665744975,78.42653679971136,-0.3293751787687974,14.84323486364496,35.855658647872914
2014-06-18 00:00:00+00:00,78.8420580761,0.8633375845918057,78.63429743790567,0.2669812029115041,60.63685058198694,74.90583042374972
2014-06-19 00:00:00+00:00,79.608929568,0.9726680284776412,79.12161350295284,0.6198246156945727,79.46231853911802,76.60929750285923
2014-06-20 00:00:00+00:00,80.728561946,1.4064155667909528,79.92508772447641,1.0131200912427627,89.96874856950903,83.33958815688575
2014-06-23 00:00:00+00:00,80.3297887703,-0.4939678920166335,80.1274382473882,0.2595760996130646,70.65772981822467,28.82749154686266
2014-06-24 00:00:00+00:00,80.2070893316,-0.15274463007844963,80.1672637894941,0.05341573476730749,64.28892995813115,39.48787002251378
2014-06-25 00:00:00+00:00,81.1043289771,1.1186537910514938,80.63579638329705,0.5860347629094006,82.04281321587565,67.06165628063987
2014-06-26 00:00:00+00:00,81.0199731129,-0.10400907727602382,80.82788474809853,0.2410128428166884,76.6675450417929,40.46415809445089
2014-06-27 00:00:00+00:00,80.5138379283,-0.6247042120030133,80.67086133819927,-0.19184568459316245,48.22887703479608,32.28459794242626
2014-06-30 00:00:00+00:00,80.2300954764,-0.35241451556773384,80.45047840729964,-0.27213010008044813,36.761985567429484,41.55218490155274
2014-07-01 00:00:00+00:00,81.1886848412,1.1948002294001725,80.81958162424982,0.4613350646598622,71.31886197379211,73.0221810917564
2014-07-02 00:00:00+00:00,81.1810161262,-0.009445546525344017,81.00029887522491,0.22594475906725908,70.8542361697958,44.837003123721566
2014-07-03 00:00:00+00:00,80.8435926698,-0.4156433024630535,80.92194577251246,-0.0948492716978972,49.54929526560865,37.51140684803984
2014-07-07 00:00:00+00:00,81.6488077363,0.9960159363387566,81.28537675440623,0.4505833323204297,75.70189304194764,66.25351293113174
2014-07-08 00:00:00+00:00,81.0736541174,-0.7044237813705334,81.17951543590311,-0.12692022452505186,48.67017181351338,36.18284112866539
2014-07-09 00:00:00+00:00,81.3190529948,0.3026863412924019,81.24928421535157,0.08788305838367502,58.21856485469293,54.52089094265328
2014-07-10 00:00:00+00:00,81.1350038367,-0.22632968698218514,81.19214402602577,-0.06922331429925506,48.143446109049734,44.455619762101456
2014-07-11 00:00:00+00:00,80.5981937924,-0.6616257088992494,80.89516890921288,-0.36542451159925227,27.399010758272087,36.205748166504925
2014-07-14 00:00:00+00:00,80.8129178102,0.2664129401622528,80.85404335970645,-0.04950578571849973,42.31299518379552,59.96500741318745
2014-07-15 00:00:00+00:00,79.2024876773,-1.992788005356172,80.02826551850322,-1.0211468955373357,12.77944486843234,25.409154431740692
2014-07-16 00:00:00+00:00,78.3896038959,-1.0263361735706966,79.2089347072016,-1.0237415345540162,8.360943408189714,45.54527850683518
2014-07-17 00:00:00+00:00,76.970891636,-1.8098219526456738,78.08991317160081,-1.416781743599845,4.388603125674687,34.28914631992029
2014-07-18 00:00:00+00:00,78.0675178694,1.4247285046222524,78.07871552050041,0.003973380511203661,38.349710805397685,74.03197643809568
2014-07-21 00:00:00+00:00,77.6610759787,-0.5206286837247109,77.8698957496002,-0.25832765160675364,32.02558687748493,47.897601001461354
2014-07-22 00:00:00+00:00,78.5813217689,1.1849511207550067,78.2256087592501,0.46331173457412655,56.42834697955463,64.41713116974466
2014-07-23 00:00:00+00:00,78.3665977512,-0.2732507075046131,78.29610325522505,0.09503051353475672,50.129579329444276,45.79605148836436
2014-07-24 00:00:00+00:00,78.3742664661,0.009785693292863051,78.33518486066252,0.05240810341380989,50.42602508021131,50.00385910892704
2014-07-25 00:00:00+00:00,78.3052480318,-0.08806262235302453,78.32021644623126,-0.017827259469607323,46.680030866111956,48.06881577592503
2014-07-28 00:00:00+00:00,78.3052480318,0.0,78.31273223901563,-0.008913629734803662,46.680030866111956,50.647091970019126
2014-07-29 00:00:00+00:00,78.1902173081,-0.14690040143068295,78.25147477355782,-0.07790701558274331,36.509391987090176,45.050502170685704
2014-07-30 00:00:00+00:00,78.4509536153,0.3334641035368735,78.3512141944289,0.1277785439770651,63.52773646106577,64.36504296888914
2014-07-31 00:00:00+00:00,76.7561676183,-2.1603128055150522,77.55369090636445,-1.0162671307689937,12.337639770245858,17.223028729018843
2014-08-01 00:00:00+00:00,76.6104620349,-0.18982915369690767,77.08207647063222,-0.6030481422329507,11.176266312349298,55.68897227868034
2014-08-04 00:00:00+00:00,76.8098486227,0.2602602601576409,76.94596254666611,-0.17139394103765487,25.55959885716449,61.77497155804962
2014-08-05 00:00:00+00:00,76.5491123155,-0.33945686897624006,76.74753743108306,-0.25542540500694744,19.398098420827356,48.46956595096123
2014-08-06 00:00:00+00:00,77.2316279433,0.8916048888810035,76.98958268719153,0.31808974193702805,58.59202576406372,69.01717301833517
2014-08-07 00:00:00+00:00,76.6334681796,-0.7745010426805199,76.81152543339576,-0.22820565037174592,35.74323544225045,38.14178224100499
2014-08-08 00:00:00+00:00,77.5153703952,1.1508055638734138,77.16344791429788,0.46129995675083396,65.49825559906922,65.15878397034174
2014-08-11 00:00:00+00:00,77.5767201146,0.07914523156791198,77.37008401444893,0.270222594159373,67.08853004601875,47.74726204587668
2014-08-12 00:00:00+00:00,77.1702782239,-0.5239224990429836,77.27018111917447,-0.1268499524418053,46.0126600980872,38.959515793820756
2014-08-13 00:00:00+00:00,78.0215055799,1.103050780159509,77.64584334953723,0.4881004138588519,72.82843200929638,65.0155967239386
2014-08-14 00:00:00+00:00,78.2362295976,0.2752113229603337,77.94103647356862,0.38165586840959276,77.12720009552609,49.038849664391996
2014-08-15 00:00:00+00:00,77.5843888295,-0.8331699667183279,77.76271265153432,-0.22575704915436756,44.830633978894966,32.83440180148003
2014-08-18 00:00:00+00:00,78.757702212,1.5123060195505023,78.26020743176716,0.6432744851980674,74.10629606063827,67.21843087585518
2014-08-19 00:00:00+00:00,78.9570887999,0.25316455698936036,78.60864811583357,0.4482195210937139,77.19146718710145,47.597205473795
2014-08-20 00:00:00+00:00,79.1488066729,0.24281274286321874,78.87872739436679,0.3455161319784663,80.53626048075792,47.426482537545894
2014-08-21 00:00:00+00:00,79.9003407349,0.949520395305381,79.3895340646334,0.6475182636419237,89.54844606267838,61.54948809884855
2014-08-22 00:00:00+00:00,79.601260853,-0.37431615328439305,79.4953974588167,0.1366010551787653,70.15719428164539,35.07444293858595
2014-08-25 00:00:00+00:00,79.7016310171,0.12609117371313872,79.59851423795834,0.131346114445952,73.09052913408674,47.804394625393535
2014-08-26 00:00:00+00:00,79.8637674359,0.2034292356767553,79.73114083692917,0.16738767506135366,78.26676028573546,50.07374195897385
2014-08-27 00:00:00+00:00,79.6939102352,-0.21268368141578176,79.71252553606459,-0.02264800317721405,60.09999564235603,37.06710822964863
2014-08-28 00:00:00+00:00,79.4854491253,-0.26157721372281895,79.59898733068229,-0.1421126084500165,42.1074818328057,35.44442311830555
2014-08-29 00:00:00+00:00,80.0876701095,0.7576493444110266,79.84332872009114,0.30776836798050505,74.79972700872422,72.7481459769384
2014-09-02 00:00:00+00:00,79.8020011811,-0.3566952665865042,79.82266495059557,-0.024463449302999568,53.35939226487509,37.351316324032936
2014-09-03 00:00:00+00:00,80.110832455,0.38699690399885966,79.96674870279779,0.18126672734793003,68.15940873776218,57.87156799054862
2014-09-04 00:00:00+00:00,80.1725987098,0.07710100233286887,80.06967370629889,0.12918386484039945,70.92704160646045,48.036902165905374
2014-09-05 00:00:00+00:00,80.620404057,0.5585516178924443,80.34503888164944,0.3438677413664219,85.05455072631847,62.77779107032211
2014-09-08 00:00:00+00:00,80.3347351286,-0.35433824940647174,80.33988700512472,-0.005235254020024921,58.05820574725965,34.74455293402379
2014-09-09 00:00:00+00:00,80.1417155824,-0.24026910139308688,80.24080129376236,-0.1227521777065559,43.92726385094216,39.784399639043706
2014-09-10 00:00:00+00:00,81.0604886223,1.146435452776573,80.65064495803118,0.5118416375350086,79.51923039190804,74.99705331774099
2014-09-11 00:00:00+00:00,80.720774221,-0.41908753213034666,80.6857095895156,0.046377052702330945,58.81407546601353,37.681724618030394
2014-09-12 00:00:00+00:00,80.7439365666,0.028694404660423167,80.7148230780578,0.037535728681377056,59.88239495959154,48.64466431239538
2014-09-15 00:00:00+00:00,80.8520275124,0.13386880847807703,80.78342529522891,0.08570226857972704,66.04727954040128,51.641865431277374
2014-09-16 00:00:00+00:00,81.7476382068,1.107715813635779,81.26553175101446,0.596709041107753,88.33200695534505,73.29153234058217
2014-09-17 00:00:00+00:00,81.9869824441,0.2927842841092376,81.62625709755723,0.4447466626084953,90.76244586155462,46.92287797117434
2014-09-18 00:00:00+00:00,82.8825931385,1.0923815802230008,82.25442511802862,0.768564121415748,95.74142550321348,65.29799708055107
2014-09-19 00:00:00+00:00,83.3767231767,0.5961807171914746,82.81557414736432,0.6823724193036114,97.05505687027878,49.38379924760408
2014-09-22 00:00:00+00:00,83.2917945764,-0.10186128341841405,83.05368436188215,0.29025556794259866,89.90518940381426,32.61205179674906
2014-09-23 00:00:00+00:00,82.9675217388,-0.3893214682780699,83.01060305034108,-0.04953295016773562,63.22812700745534,26.95682571623324
2014-09-24 00:00:00+00:00,83.8785739968,1.098083007551054,83.44458852357053,0.5242750286916591,83.6604409401258,68.86354470111716
2014-09-25 00:00:00+00:00,82.6895735923,-1.4175257730840385,83.06708105793527,-0.4466253721961897,40.07192995795809,28.04472340987952
2014-09-26 00:00:00+00:00,82.6895735923,0.0,82.87832732511762,-0.22331268609809485,40.07192995795809,52.062234254960075
2014-09-29 00:00:00+00:00,82.2572098088,-0.5228758170065739,82.56776856695882,-0.3730942515523344,28.095285479780973,43.94617387044008
2014-09-30 00:00:00+00:00,82.295813718,0.046930730193417425,82.43179114247941,-0.16308176067945848,30.86273880906364,55.3293796990151
2014-10-01 00:00:00+00:00,80.5277546748,-2.1484191762883076,81.4797729086397,-1.155750468483883,8.469209397440661,25.454965006197423
2014-10-02 00:00:00+00:00,80.1803194916,-0.4314477469327893,80.83004620011985,-0.7935991077083362,6.977013227465237,54.36270241105011
2014-10-03 00:00:00+00:00,81.1685795682,1.2325469427738156,80.99931288415993,0.2194739175327397,46.89702273140791,70.81520945385049
2014-10-06 00:00:00+00:00,80.9601184583,-0.2568248834819653,80.97971567122997,-0.0186754829746128,41.290477671388686,47.718811948818534
2014-10-07 00:00:00+00:00,79.0530853418,-2.3555216479608454,80.01640050651498,-1.187098565467729,15.637409795154204,28.246429847017033
2014-10-08 00:00:00+00:00,80.9987223675,2.461177849400431,80.5075614370075,0.637039641966351,56.75463588066912,70.16259843218282
2014-10-09 00:00:00+00:00,78.8137411045,-2.6975502812087604,79.66065127075375,-1.0302553196212048,31.16648571091328,36.19475187952143
2014-10-10 00:00:00+00:00,78.1574746475,-0.8326802506809727,78.90906295912687,-0.9314677851510887,25.90463244685469,49.46192107403735
2014-10-13 00:00:00+00:00,76.5283896775,-2.0843623432657887,77.71872631831343,-1.5079150642084387,15.905631584709273,40.89982585958054
2014-10-14 00:00:00+00:00,74.8993047076,-2.1287328490318003,76.3090155129567,-1.8183239566201195,10.073300071935178,40.526796556858336
2014-10-15 00:00:00+00:00,75.8257985294,1.23698587779546,76.06740702117835,-0.2906690394123297,31.500624476056,70.81439672183289
2014-10-16 00:00:00+00:00,74.7217267251,-1.4560635373617847,75.39456687313918,-0.8733662883870572,22.091479788616954,43.95064953474322
2014-10-17 00:00:00+00:00,76.2041168399,1.9838809671164137,75.79934185651959,0.5552573393646782,51.354961028597714,67.54238876355397
2014-10-20 00:00:00+00:00,76.5901559323,0.5065856129676582,76.1947488944098,0.5309214761661682,57.57912082034111,53.13521035918024
2014-10-21 00:00:00+00:00,77.4857666267,1.1693548387493369,76.84025776055489,0.8501381574577526,70.64843262822181,59.017983530269596
2014-10-22 00:00:00+00:00,78.1497538656,0.8569151055817459,77.49500581307746,0.8535266315197492,78.13848726418664,54.20646970830452
2014-10-23 00:00:00+00:00,79.2383841062,1.3930053349524352,78.36669495963872,1.123265983236092,86.56804556322616,62.14867865495276
2014-10-24 00:00:00+00:00,79.6244231986,0.4871869823627417,78.99555907911936,0.8052264827994169,88.85407961719703,43.17158625628543
2014-10-27 00:00:00+00:00,80.3501766923,0.9114709589667092,79.67286788570968,0.858348720883063,92.46869914654054,53.209857272002125
2014-10-28 00:00:00+00:00,80.9060729854,0.6918420294566463,80.28947043555485,0.7750953751698546,94.51311216710965,46.7920115651643
2014-10-29 00:00:00+00:00,81.5005731877,0.7348029392148181,80.89502181162743,0.7549491571923364,96.17760971013425,48.61064644544613
2014-10-30 00:00:00+00:00,82.6432489012,1.4020462296238767,81.76913535641371,1.0784976934081065,97.96097843161672,71.39137665166439
2014-10-31 00:00:00+00:00,83.2145867579,0.691330343732055,82.49186105715685,0.8849140185700808,98.48952289362477,41.79167512009694
2014-11-03 00:00:00+00:00,82.9675217388,-0.2969010947789563,82.72969139797843,0.29400646189556223,84.31316644499552,22.411291680023073
2014-11-04 00:00:00+00:00,83.8631324331,1.0794714311457732,83.29641191553921,0.6867389465206677,91.20032866603937,60.5911778442525
2014-11-05 00:00:00+00:00,84.0175480701,0.1841281532420469,83.6569799928196,0.4354335498813573,92.09760650379071,40.93571334640904
2014-11-06 00:00:00+00:00,84.1642429252,0.17460025729101325,83.9106114590098,0.3050169035861853,93.10017374200882,40.724835024106774
2014-11-07 00:00:00+00:00,83.5388595955,-0.7430510962426196,83.7247355272549,-0.21901709632821714,51.39985215917754,23.348446291811186
2014-11-10 00:00:00+00:00,84.0175480701,0.5730129390296268,83.87114179867746,0.17699792135070483,67.9051205609127,60.03339952815436
2014-11-11 00:00:00+00:00,84.0870351067,0.08270538500125824,83.97908845268873,0.12985165317598152,70.11505571276831,47.36533094599505
2014-11-12 00:00:00+00:00,83.9635025972,-0.14691029282128953,83.97129552494437,-0.008529319822654008,59.23796724539066,41.25066622965339
2014-11-13 00:00:00+00:00,84.2105676163,0.29425287351962925,84.09093157062219,0.1428617768484876,72.18360554251291,57.18133910786694
2014-11-14 00:00:00+00:00,83.5079764681,-0.8343265792973953,83.7994540193611,-0.3457324012244538,30.654826189419452,28.022764039624526
2014-11-17 00:00:00+00:00,83.616067414,0.12943786985581962,83.70776071668055,-0.1081472656843171,38.78246401376609,56.4617048162326
2014-11-18 00:00:00+00:00,84.025268852,0.4893813481731346,83.86651478434027,0.19061704124440876,63.24507251439952,64.35222069622091
2014-11-19 00:00:00+00:00,83.971223379,-0.06432049993817524,83.91886908167012,0.06314827065311676,58.605492493912834,45.37651180025753
2014-11-20 00:00:00+00:00,83.5234180318,-0.5332842957150197,83.72114355673506,-0.23506801253095144,30.655503527964278,33.01026139032212
2014-11-21 00:00:00+00:00,83.8168077421,0.35126640792919606,83.76897564941753,0.05809919769912231,52.78495298468799,62.17509298535288
2014-11-24 00:00:00+00:00,83.0552606293,-0.908585203033796,83.41211813935877,-0.42524300266733683,23.53827931483749,32.213066578524106
2014-11-25 00:00:00+00:00,82.9153846289,-0.16841317375946296,83.16375138412938,-0.2968280882133999,20.42096689214149,52.41945457253442
2014-11-26 00:00:00+00:00,83.3116999632,0.47797563271734234,83.2377256736647,0.09057377225197122,49.08090398932207,65.78112697155282
2014-11-28 00:00:00+00:00,84.1198724094,0.9700587631232827,83.67879904153236,0.530316267687627,75.77147814368607,74.08989284050107
2014-12-01 00:00:00+00:00,83.9489128535,-0.20323325630828837,83.81385594751617,0.1635415056896693,64.96600063017944,39.65377200429246
2014-12-02 00:00:00+00:00,84.321915521,0.44432102194214007,84.06788573425808,0.3039312638159047,76.11390396388124,56.42190798998103
2014-12-03 00:00:00+00:00,83.7080152974,-0.7280434983087058,83.88795051582903,-0.21205611724640058,42.62741621033493,32.15670437442288
2014-12-04 00:00:00+00:00,83.5836810749,-0.14853323431246457,83.73581579536452,-0.1802946757794326,37.60170745238457,48.5598781237422
2014-12-05 00:00:00+00:00,84.321915521,0.8832279658016695,84.02886565818226,0.35146664501111846,69.56230715905257,68.74269550982751
2014-12-08 00:00:00+00:00,84.3296864099,0.009215740477430678,84.17927603404112,0.18034119274427457,69.80649464481188,45.87278434415038
2014-12-09 00:00:00+00:00,83.9644546313,-0.43309988943244226,84.07186533267057,-0.12637934834408385,44.58801394291506,36.6235735680113
2014-12-10 00:00:00+00:00,82.5579237393,-1.6751503933137957,83.31489453598527,-0.9007648708289397,14.444416819428673,19.8042986290324
2014-12-11 00:00:00+00:00,82.9309264068,0.45180722891948744,83.12291047139263,-0.22447882095472615,32.57631774145774,63.20726739251503
2014-12-12 00:00:00+00:00,81.1513928472,-2.1458020990515303,82.13715165929631,-1.1851404600031281,12.94440566774797,31.73918152165032
2014-12-15 00:00:00+00:00,80.7861610687,-0.4500622425393175,81.46165636399815,-0.8176013512712228,10.918665247707015,54.11055916808313
2014-12-16 00:00:00+00:00,79.8536543999,-1.1542901116529114,80.65765538194907,-0.9859457314620671,6.826963868519511,44.936426616220615
2014-12-17 00:00:00+00:00,80.8716408466,1.2748151031410915,80.76464811427454,0.1444346858395122,42.25919610812545,70.66745399444403
2014-12-18 00:00:00+00:00,83.0008644069,2.632843278571273,81.88275626058727,1.3886389822053926,73.67166883264453,78.92586107926671
2014-12-19 00:00:00+00:00,82.0217324047,-1.179664825416693,81.95224433264363,0.10448707839434979,53.56932442808397,36.1116875667977
2014-12-22 00:00:00+00:00,82.9464681846,1.1274277594348847,82.4493562586218,0.6159574189146173,66.5136986118292,57.19075234239862
2014-12-23 00:00:00+00:00,81.0348295136,-2.304665542534712,81.7420928861109,-0.8443540618100472,35.67410879467647,32.93956190797613
2014-12-24 00:00:00+00:00,81.2757270697,0.2972765631098939,81.50890997790545,-0.27353874935007666,40.85751132093216,54.75648134720719
2014-12-26 00:00:00+00:00,81.6409588483,0.44937374511186956,81.57493441310272,0.08791749788089645,50.017136110315384,56.01130562112591
2014-12-29 00:00:00+00:00,81.8507728488,0.2569960023250939,81.71285363095137,0.17245675010299516,55.902211897347,53.211321925956625
2014-12-30 00:00:00+00:00,81.8740855155,0.02848191396196409,81.79346957322568,0.10046933203247962,56.7509165459567,48.85943445901816
2014-12-31 00:00:00+00:00,81.2601852919,-0.749810174653831,81.52682743256284,-0.3246704213106757,32.24088644441853,34.46083386166825
2015-01-02 00:00:00+00:00,81.2213308474,-0.047814860820749594,81.37407913998142,-0.18624264106571264,30.971012703336914,53.14306013150152
2015-01-05 00:00:00+00:00,80.6540559572,-0.6984309223716179,81.0140675485907,-0.44233678171866525,16.62804757647634,38.060276980113905
2015-01-06 00:00:00+00:00,80.257740623,-0.49137681855739856,80.63590408579535,-0.4668568001380319,11.19497725130761,45.45077694179105
2015-01-07 00:00:00+00:00,82.0295032936,2.2075910147067557,81.33270368969767,0.870367107284362,72.17093424029805,83.63346313419274
2015-01-08 00:00:00+00:00,82.6744870729,0.7862826829408975,82.00359538129884,0.8283248951126297,79.759717757073,53.85572802377568
2015-01-09 00:00:00+00:00,81.5477081815,-1.3629100479407241,81.77565178139942,-0.2672925764140472,46.518344521168935,29.79424821672336
2015-01-12 00:00:00+00:00,81.2679561808,-0.3430531733367159,81.52180398109971,-0.3051728748753816,40.26828392528488,46.73366258849001
2015-01-13 00:00:00+00:00,81.4078321811,0.17211703957316082,81.46481808109985,-0.06652791765111038,45.73630984585668,54.96673457250975
2015-01-14 00:00:00+00:00,80.8172446243,-0.7254677356917982,81.14103135269993,-0.39599782667145433,28.951192646442088,39.15155610136842
2015-01-15 00:00:00+00:00,79.6438403994,-1.451923077005246,80.39243587604997,-0.9239604518383502,13.827438541986181,29.016193313642383
2015-01-16 00:00:00+00:00,80.8483281799,1.512342667630917,80.62038202797498,0.29419110789628344,52.24148085418551,72.53470412295964
2015-01-20 00:00:00+00:00,78.7113337307,-2.64321414840496,79.6658578793375,-1.1745115202543381,23.89436865684199,31.685703251665753
2015-01-21 00:00:00+00:00,79.185357954,0.6022312173260769,79.42560791666875,-0.28614015146413063,35.5333925539405,58.840329183860696
2015-01-22 00:00:00+00:00,80.6307432905,1.8253189400743164,80.02817560358437,0.7695893943050929,62.06682120265441,66.39209092528719
2015-01-23 00:00:00+00:00,79.4184846212,-1.5034695450250712,79.72333011239218,-0.3669400753599892,40.892640189124265,37.95948928934152
2015-01-26 00:00:00+00:00,79.4651099546,0.058708414826091904,79.59422003349609,-0.15411583026694864,42.03352531441955,52.33022292390323
2015-01-27 00:00:00+00:00,79.3330048432,-0.1662429102224472,79.46361243834804,-0.16017937024469792,38.846800632037095,49.83676126230522
2015-01-28 00:00:00+00:00,78.8589806199,-0.597511999245337,79.16129652912402,-0.37884568474501745,27.588939113052735,43.83082413260983
2015-01-29 00:00:00+00:00,79.5583606215,0.8868742609938307,79.35982857531201,0.25401428812440663,55.88360601203649,65.37441043418652
2015-01-30 00:00:00+00:00,77.8176815065,-2.1879273295754675,78.588755040906,-0.9669565207255304,22.72797846510593,29.827635420366192
2015-02-02 00:00:00+00:00,78.353872841,0.68903535047522,78.471313940953,-0.1389605851251552,39.35336858215814,60.20020935791709
2015-02-03 00:00:00+00:00,79.6205277327,1.6165823663501167,79.0459208368265,0.7388108906124807,65.58848983585598,67.08908581491079
2015-02-04 00:00:00+00:00,78.765729953,-1.0735896935645806,78.90582539491325,-0.16738940147604991,45.61415370361583,38.27070955305744
2015-02-05 00:00:00+00:00,79.6205277327,1.0852407261509045,79.26317656380662,0.45892566233742726,62.66786237843766,59.31012659456207
2015-02-06 00:00:00+00:00,78.5636868415,-1.327347257415823,78.91343170265331,-0.43421079753919783,39.62488995341561,37.74481906929734
2015-02-09 00:00:00+00:00,77.5379295059,-1.305637982175456,78.22568060427665,-0.8699243898573269,25.808746934817016,38.04885824258952
2015-02-10 00:00:00+00:00,77.9808701735,0.5712567648150868,78.10327538888832,-0.14933381252112005,39.47747165276278,62.070985219540596
2015-02-11 00:00:00+00:00,78.0041828402,0.02989536619448785,78.05372911454415,-0.0597192231633161,40.345149895352996,53.15367165116531
2015-02-12 00:00:00+00:00,76.4966303924,-1.9326559075535599,77.27517975347207,-0.996187565358438,16.876326915780908,29.84124979818169
2015-02-13 00:00:00+00:00,77.4135952834,1.1986997156558488,77.34438751843604,0.10125607514870538,45.69661919698682,65.77086992184547
2015-02-17 00:00:00+00:00,78.0508081737,0.8231278859575752,77.69759784606802,0.4621919805531403,60.11231454824604,60.2223124856367
2015-02-18 00:00:00+00:00,77.6778055062,-0.4778972520949387,77.68770167613401,-0.007852635770899202,48.7492534796981,41.86874831385269
2015-02-19 00:00:00+00:00,78.2528512852,0.7402961183733403,77.970276480667,0.36622174130122054,64.33820311527973,59.29299300169834
2015-02-20 00:00:00+00:00,78.4548943968,0.25819265149027437,78.2125854387335,0.31220719639574745,69.26517701675866,50.33641958900721
2015-02-23 00:00:00+00:00,78.3922932443,-0.07979253937093755,78.30243934151676,0.11620732851240495,65.08596930908352,43.43652759852487
2015-02-24 00:00:00+00:00,78.7992007357,0.5190656817908312,78.55082003860838,0.3176365051516181,78.01770192175557,58.54076642511087
2015-02-25 00:00:00+00:00,79.198283083,0.5064548162595717,78.87455156080419,0.4120456607055949,85.77103139525121,58.051116719334296
2015-02-26 00:00:00+00:00,80.4424809893,1.5709910087268852,79.6585162750521,0.9915183347162401,94.62941858455913,79.62748956719246
2015-02-27 00:00:00+00:00,80.2155518114,-0.28210116732995116,79.93703404322605,0.35470858369314445,80.8575207771668,33.984828037579796
2015-03-02 00:00:00+00:00,80.7711370401,0.6926153546961356,80.35408554166303,0.52366196919464,87.52498111917842,54.54289496583011
2015-03-03 00:00:00+00:00,80.0825243623,-0.8525479559091997,80.21830495198151,-0.16444299335727985,53.124106808036345,31.337462615577703
2015-03-04 00:00:00+00:00,79.5425894218,-0.6742231776527108,79.88044718689076,-0.4193330855049953,36.32990428744378,36.04763349666064
2015-03-05 00:00:00+00:00,80.2233769555,0.8558780128339771,80.05191207119537,0.2182724636644909,60.15391318580569,66.03536031792096
2015-03-06 00:00:00+00:00,78.3375172358,-2.350760827166498,79.19471465349768,-1.0662441817510036,23.545651718793813,26.691350161832318
2015-03-09 00:00:00+00:00,78.7679001594,0.549395664793062,78.98130740644885,-0.25842425847897077,36.727269198723256,59.45957906573377
2015-03-10 00:00:00+00:00,77.88365888,-1.122590900113618,78.43248314322443,-0.6905075792962945,23.983726277165093,42.883258545837805
2015-03-11 00:00:00+00:00,76.9368164482,-1.2157138550191293,77.68464979571222,-0.9531107171577119,15.400703140221957,41.90721250640341
2015-03-12 00:00:00+00:00,78.118413202,1.5358014645635132,77.90153149885612,0.29134537370290065,49.33854019155477,71.08031204060119
2015-03-13 00:00:00+00:00,77.63325427,-0.6210557948040596,77.76739288442806,-0.16485521055057947,39.56350792654926,44.69126398474312
2015-03-16 00:00:00+00:00,79.080905922,1.8647313778258345,78.42414940321403,0.8499380836376276,67.96800797511492,66.31239267240757
2015-03-17 00:00:00+00:00,78.1653640664,-1.1577280823047542,78.29475673480701,-0.15389499933356332,47.00888039642243,38.7118969607363
2015-03-18 00:00:00+00:00,79.3939116846,1.5717289017631586,78.8443342097035,0.7089169512147977,67.30332872666574,60.80835634932276
2015-03-19 00:00:00+00:00,79.5738899981,0.2266903213120175,79.20911210390176,0.4678036362634076,69.84140518033502,48.01293684753256
2015-03-20 00:00:00+00:00,80.1294752267,0.6982004129913122,79.66929366530087,0.58300202462736,77.8153808777246,53.1920821668376
2015-03-23 00:00:00+00:00,80.5833335825,0.5664062500296829,80.12631362390044,0.5747041373285214,83.24405370700453,51.05935839846414
2015-03-24 00:00:00+00:00,79.7851688879,-0.9904835889953056,79.95574125590022,-0.2078897258333921,50.58850551414063,29.851216526590395
2015-03-25 00:00:00+00:00,78.5174955493,-1.5888583758983055,79.2366184026001,-0.8983740508658488,26.149799031413785,24.084039761019522
2015-03-26 00:00:00+00:00,78.360992668,-0.19932230416307428,78.79880553530005,-0.5488481775144616,24.002515629815598,54.621762622348406
2015-03-27 00:00:00+00:00,78.5174955493,0.1997203914491985,78.65815054230002,-0.17456389303263153,32.33674000956738,61.32355418810801
2015-03-30 00:00:00+00:00,79.4643379812,1.2058999402311477,79.06124426175,0.5156680235992581,66.08706593559087,75.18492671395208
2015-03-31 00:00:00+00:00,78.720949295,-0.9354997538340792,78.891096778375,-0.20991586511741056,41.631539424340765,35.06556442234892
2015-04-01 00:00:00+00:00,77.5863034056,-1.4413518886160825,78.23870009198751,-0.8256338768667466,22.537401769216274,29.489716201437663
2015-04-02 00:00:00+00:00,77.9697354648,0.49420070601315924,78.10421777839375,-0.16571658542679368,37.149310811916855,63.13470839790559
2015-04-06 00:00:00+00:00,77.5941285496,-0.4817342433713456,77.84917316399688,-0.32372541439906966,29.087135018763288,46.39221232642924
2015-04-07 00:00:00+00:00,78.3296920918,0.9479628883644287,78.08943262789845,0.3121187369826795,56.69440209650302,66.1295171592188
2015-04-08 00:00:00+00:00,78.3766429561,0.05994005982428163,78.23303779199922,0.18602939840348057,58.250594653593545,49.23906994973673
2015-04-09 00:00:00+00:00,79.2921848118,1.1681309905207549,78.76261130189961,0.6770801944621178,79.64538555829664,65.65821097230013
2015-04-10 00:00:00+00:00,79.8634203285,0.7204184347496811,79.3130158151998,0.6987493146058994,86.24323425247117,54.897325885094304
2015-04-13 00:00:00+00:00,78.6818235747,-1.4795218498528717,78.99741969494991,-0.39038626762348616,42.998257205271635,24.86307932559269
2015-04-14 00:00:00+00:00,78.6583481425,-0.02983590254198587,78.82788391872495,-0.21011108508273602,42.365182036403745,51.234460677342604
2015-04-15 00:00:00+00:00,78.720949295,0.07958615198297991,78.77441660686247,-0.06526246654987805,45.57069269078137,53.09822486159324
2015-04-16 00:00:00+00:00,78.0871126257,-0.8051689861167,78.43076461628124,-0.435215726333289,24.703680966633343,36.280673620816444
2015-04-17 00:00:00+00:00,77.9227846004,-0.21044192796279004,78.17677460834062,-0.3228288271480395,20.96955197335657,51.70404669414678
2015-04-20 00:00:00+00:00,78.4157686765,0.6326571600695274,78.29627164242031,0.15491416646074396,52.96382110460025,68.1153238199417
2015-04-21 00:00:00+00:00,78.4861949731,0.08981139608608135,78.39123330776016,0.12236278127341266,56.71850374652867,51.28445679490246
2015-04-22 00:00:00+00:00,78.5879218459,0.12961116644125692,78.48957757683007,0.1259869738573348,63.10046541617426,52.57324180215597
2015-04-23 00:00:00+00:00,78.6113972781,0.029871552330940077,78.55048742746504,0.07792926309413743,64.89240030399878,47.8178993708264
2015-04-24 00:00:00+00:00,79.0965562101,0.6171610590811394,78.82352181878252,0.3475451610876384,85.98744326729707,70.99222998567896
2015-04-27 00:00:00+00:00,78.7052990069,-0.4946576968037908,78.76441041284127,-0.0735562678580762,49.794194799754166,31.396841231849677
2015-04-28 00:00:00+00:00,78.8305013119,0.15907735130897827,78.79745586237064,0.04276054172545103,58.23277508420604,54.01680722002802
2015-04-29 00:00:00+00:00,78.5566212696,-0.34742902524032004,78.67703856598533,-0.1523342417574345,37.532925562257695,39.0521396030756
2015-04-30 00:00:00+00:00,77.6254291259,-1.185377029524004,78.15123384594267,-0.6688556356407193,13.343221149171042,23.142250175232057
2015-05-01 00:00:00+00:00,78.3531675239,0.937499999928737,78.25220068492133,0.13432218214400887,50.637515811730324,69.83817452690437
2015-05-04 00:00:00+00:00,78.5253206934,0.21971437140366756,78.38876068916068,0.17701827677383822,57.17705803265574,53.387257758731806
2015-05-05 00:00:00+00:00,77.8601834478,-0.8470353762667471,78.12447206848034,-0.33500854974645444,32.34395571511652,35.005346749147144
2015-05-06 00:00:00+00:00,77.6019536937,-0.33165829139502057,77.86321288109016,-0.3333334205707375,25.814713799938247,47.98433921419793
2015-05-07 00:00:00+00:00,77.9853857529,0.49410103863292143,77.92429931699508,0.08038380903109196,48.82422722852251,64.85275458928172
2015-05-08 00:00:00+00:00,79.4017368287,1.8161749950019734,78.66301807284754,0.9482794020165327,81.17537643660309,80.24119011226358
2015-05-11 00:00:00+00:00,79.0574304898,-0.43362570222210683,78.86022428132377,0.25732684989721294,65.96886263269057,37.89268378049605
2015-05-12 00:00:00+00:00,78.6192224222,-0.5542908046531347,78.73972335176188,-0.1484819773779609,48.59125241627403,36.34932811251427
2015-05-13 00:00:00+00:00,78.6818235747,0.07962575890643198,78.71077346323094,-0.03442810923576446,51.3380926598717,51.81487597843575
2015-05-14 00:00:00+00:00,79.683442015,1.2729985081612494,79.19710773911547,0.6192851994627424,78.67906252526927,71.4224158099673
2015-05-15 00:00:00+00:00,80.0512237861,0.46155356972501504,79.62416576260773,0.5404193845938787,83.7177582652671,50.473970663404174
2015-05-18 00:00:00+00:00,80.9276399214,1.094819159344551,80.27590284200386,0.8176192719692149,91.17369479606137,63.13240861171679
2015-05-19 00:00:00+00:00,81.3501977009,0.5221427189899597,80.81305027145193,0.6698809954795872,93.36952837169919,46.87913401313867
2015-05-20 00:00:00+00:00,81.0684925145,-0.34628703354323553,80.94077139297596,0.16179698096817585,74.76842476748747,29.565446056840237
2015-05-21 00:00:00+00:00,80.7320113197,-0.4150579150584366,80.83639135633798,-0.12663046704513037,55.10090843855898,28.322909907298445
2015-05-22 00:00:00+00:00,79.8885896041,-1.0447178285451608,80.362490480219,-0.5856741477951456,27.702495032214056,17.95785252231318
2015-05-26 00:00:00+00:00,79.4708199693,-0.5229403058313209,79.9166552247595,-0.5543072268132332,20.228991575248887,43.60930117853157
2015-05-27 00:00:00+00:00,79.7151757935,0.30747867493301495,79.81591550912975,-0.12341427594010912,35.49643034236917,67.71052261050869
2015-05-28 00:00:00+00:00,79.7309406853,0.01977652516358397,79.77342809721488,-0.051818875388262575,36.66941985611085,55.404592596180805
2015-05-29 00:00:00+00:00,78.9348136454,-0.99851705380265,79.35412087130743,-0.5251679645954563,15.423491387969898,28.19724802845806
2015-06-01 00:00:00+00:00,78.855989186,-0.09986019572314486,79.10505502865371,-0.3125140801593006,14.2014802214014,56.484727243431195
2015-06-02 00:00:00+00:00,78.8086945103,-0.05997600967054817,78.95687476947685,-0.18624504491492438,13.256213275305036,57.59684164184947
2015-06-03 00:00:00+00:00,78.8954014157,0.11002200447396415,78.92613809258842,-0.038111520220480116,26.677412801149124,63.55226537733293
2015-06-04 00:00:00+00:00,78.2175110648,-0.8592266960252837,78.5718245786942,-0.4486691081228819,9.478660397821745,28.872306296672146
2015-06-05 00:00:00+00:00,77.7130345246,-0.6449662400815237,78.1424295516471,-0.5468176741022028,5.511945794141071,39.7705070527344
2015-06-08 00:00:00+00:00,77.2164404304,-0.6390100415430422,77.67943499102356,-0.5929138578226225,3.4067991438536414,40.15287175376123
2015-06-09 00:00:00+00:00,77.4135015789,0.25520620660779425,77.54646828496178,-0.16885382560741413,21.298483795031,75.36812138635797
2015-06-10 00:00:00+00:00,77.9416254569,0.6822115874215218,77.74404687093089,0.2566788809070538,54.88884513442254,82.67157880110486
2015-06-11 00:00:00+00:00,78.2253935108,0.36407766996970903,77.98472019086545,0.3103782754383814,66.43499617977517,62.095629383124844
2015-06-12 00:00:00+00:00,77.5238558221,-0.8968158001060655,77.75428800648272,-0.29321876233384203,34.084192906727004,25.04194524755136
2015-06-15 00:00:00+00:00,76.8459654712,-0.874428063092747,77.30012673884136,-0.5838234127132945,19.98123545822057,26.214583228355007
2015-06-16 00:00:00+00:00,77.531738268,0.8923992204340259,77.41593250342068,0.15428790386036567,50.84447808417231,74.12775508550732
2015-06-17 00:00:00+00:00,77.8233887678,0.3761691744764706,77.61966063561033,0.26522853916841815,60.5509246834121,57.7052279418446
2015-06-18 00:00:00+00:00,79.1082274561,1.6509672845698597,78.36394404585516,0.958097911869139,82.8844204505608,76.76918325365962
2015-06-19 00:00:00+00:00,78.714105159,-0.4982064568678557,78.53902460242759,0.22994572750064163,65.75563673922792,35.875965104334924
2015-06-22 00:00:00+00:00,78.8954014157,0.23032245152732056,78.71721300906378,0.2301340895139811,70.02929395692291,49.542455582854
2015-06-23 00:00:00+00:00,78.6510455915,-0.30972125094146374,78.68412930028188,-0.039793580713741325,55.92006258179448,40.051175239880756
2015-06-24 00:00:00+00:00,78.2963355242,-0.4509921827896557,78.49023241224094,-0.24539288175169852,38.868519537620735,37.25090908516833
2015-06-25 00:00:00+00:00,78.1308041595,-0.21141649042928368,78.31051828587047,-0.22840468609049108,32.03144119611905,46.72594755738692
2015-06-26 00:00:00+00:00,78.5406913484,0.5246166263222385,78.42560481713524,0.1481059701158737,58.89047268614746,68.58574611234322
2015-06-29 00:00:00+00:00,76.9957319441,-1.9670814933964498,77.71066838061762,-0.909487761640288,18.2085451695268,22.241915215894146
2015-06-30 00:00:00+00:00,76.8223181334,-0.22522522524481836,77.26649325700882,-0.5673564934425532,16.311380341567723,54.488658083847206
2015-07-01 00:00:00+00:00,77.6184451734,1.0363225939336473,77.44246921520441,0.23448305024554705,51.27290150496819,68.62431904328852
2015-07-02 00:00:00+00:00,77.5947978355,-0.03046613191899361,77.51863352535221,0.10200845916327672,50.33600037821878,49.22943172000852
2015-07-06 00:00:00+00:00,77.405619133,-0.24380333189482073,77.4621263291761,-0.070897436365772,41.28358429863823,45.38198892877778
2015-07-07 00:00:00+00:00,77.9731552407,0.7331975560131321,77.71764078493806,0.33115005982368007,67.54706548044341,64.46146647007681
2015-07-08 00:00:00+00:00,77.0666739575,-1.1625556005803839,77.39215737121903,-0.4157027703783519,32.60558300194121,31.963246665345732
2015-07-09 00:00:00+00:00,77.5632680518,0.6443694385641408,77.47771271150951,0.11433333409289442,52.70826674322183,60.46191734317298
2015-07-10 00:00:00+00:00,78.453984443,1.1483739836814832,77.96584857725475,0.6313536588871889,73.76363755884468,66.35782488683365
2015-07-13 00:00:00+00:00,79.0372854426,0.7434944238221552,78.50156700992737,0.687424041354672,81.74662408495267,56.25034455596516
2015-07-14 00:00:00+00:00,78.6510455915,-0.4886805625181845,78.57630630071368,0.09937173941824379,62.77501326729732,33.17965974516028
2015-07-15 00:00:00+00:00,79.1555221317,0.6414111044628301,78.86591421620685,0.370391421940537,74.41025649341891,57.28269329513703
2015-07-16 00:00:00+00:00,79.6994109016,0.6871141207243525,79.28266255890343,0.5287527713324447,83.00223406991759,58.19741423010728
2015-07-17 00:00:00+00:00,78.8875189697,-1.0186925131760338,79.08509076430171,-0.24496987092179456,47.38091308091641,26.46733471425046
2015-07-20 00:00:00+00:00,79.116109902,0.28976818549435457,79.10060033315085,0.022399157286280003,55.45465083354656,54.813660535828774
2015-07-21 00:00:00+00:00,79.0924625642,-0.029889409159888913,79.09653144867542,-0.0037451259368044554,54.16502189593762,48.02889744512843
2015-07-22 00:00:00+00:00,78.9663434291,-0.15945784340403168,79.0314374388877,-0.08160148467041807,45.66862621417403,44.66733368362602
2015-07-23 00:00:00+00:00,78.982108321,0.01996406470834433,79.00677287994385,-0.03081870998103687,47.22093727652058,51.690582527074795
2015-07-24 00:00:00+00:00,78.1544514973,-1.0479041915875786,78.58061218862193,-0.5393614507843077,14.52960926502459,24.231968309778
2015-07-27 00:00:00+00:00,77.4686787005,-0.8774583963700233,78.02464544456097,-0.7084099235771655,7.809782212121168,32.78103813317251
2015-07-28 00:00:00+00:00,78.0519797001,0.7529507529812074,78.03831257233048,0.022270414702020958,42.02149906435697,74.33365784250789
2015-07-29 00:00:00+00:00,78.6116333618,0.7170268631883081,78.32497296706524,0.36964863894516453,62.20638654868169,72.84537121406407
2015-07-30 00:00:00+00:00,78.6983402672,0.11029780414424373,78.51165661713262,0.23997322154470413,65.03527042364671,48.33067051156863
2015-07-31 00:00:00+00:00,78.989990767,0.37059294873280635,78.7508236920663,0.30528308513875524,74.6201402466691,57.52848973321275
2015-08-03 00:00:00+00:00,78.8402242941,-0.1896018361893126,78.79552399308315,0.057840624474721325,61.61078128045135,36.533748323433834
2015-08-04 00:00:00+00:00,78.6668104834,-0.2199560088174124,78.73116723824157,-0.08105769217134554,47.29094208941701,35.48130730253111
2015-08-05 00:00:00+00:00,79.2343465911,0.7214428857768018,78.98275691467079,0.32019259680272816,75.38100825638425,72.42955526867487
2015-08-06 00:00:00+00:00,78.0913919298,-1.4424990051326914,78.53707442223539,-0.5611532041649816,28.882908803419554,24.349628422267774
2015-08-07 00:00:00+00:00,77.9179781191,-0.22206520643900385,78.2275262706677,-0.3916092053019927,25.327342217410756,51.55508701504163
2015-08-10 00:00:00+00:00,78.6589280375,0.9509357612789149,78.44322715408384,0.2796632779884611,58.25957538881613,68.0961517029887
2015-08-11 00:00:00+00:00,78.0440972541,-0.781641447118242,78.24366220409192,-0.25098908456489044,37.61276893423865,38.76840489945955
2015-08-12 00:00:00+00:00,77.8076238759,-0.3029996969919013,78.02564303999597,-0.2769943907783959,31.227969867912705,48.04145034981463
2015-08-13 00:00:00+00:00,77.6263276193,-0.23300577445877213,77.82598532964798,-0.255000082618584,26.127525166622263,49.71197321385843
2015-08-14 00:00:00+00:00,77.8864483353,0.33509341994857333,77.85621683247399,0.04004666866499468,45.340915568276486,63.85866039235009
2015-08-17 00:00:00+00:00,78.721987605,1.0727659144284196,78.28910221873699,0.5564062915467072,75.74108226052002,76.65174474935212
2015-08-18 00:00:00+00:00,78.327865308,-0.5006508460858039,78.30848376336849,0.027877722730451637,54.352268983997114,35.944359481301426
2015-08-19 00:00:00+00:00,78.2805706323,-0.06038039657283445,78.29452719783424,-0.016251336921191406,51.72313609706739,47.62006520118272
2015-08-20 00:00:00+00:00,77.8706834434,-0.523612929222661,78.08260532061712,-0.2699321330719262,31.754638689969564,36.981538064426395
2015-08-21 00:00:00+00:00,75.9158368503,-2.510375543988741,76.99922108545856,-1.3901538385303336,8.441228717905737,15.17352310358997
2015-08-24 00:00:00+00:00,73.7390956095,-2.8673084972933416,75.36915834747927,-2.1287311679118375,3.7916565161305797,13.092877154595968
2015-08-25 00:00:00+00:00,72.07873459,-2.2516698988183537,73.72394646873963,-2.1902005333650956,2.3258513141454076,35.85083223479683
2015-08-26 00:00:00+00:00,75.5583428509,4.827510195195295,74.64114465981982,1.3186548309150996,55.90833571041095,88.37193186945437
2015-08-27 00:00:00+00:00,76.4401613827,1.1670697086886728,75.54065302125991,1.2428622698018863,63.5164993019617,54.0495937036766
2015-08-28 00:00:00+00:00,75.6060087175,-1.0912492204507296,75.57333086937996,0.07580652467557836,51.02385909939731,39.759220721315884
2015-08-31 00:00:00+00:00,74.6606356968,-1.25039403181878,75.11698328308998,-0.5872937535716009,38.238400348478045,38.678243986065205
2015-09-01 00:00:00+00:00,73.1591608993,-2.011066184324428,74.138072091195,-1.2991799689480146,23.944414731636797,32.368674936835255
2015-09-02 00:00:00+00:00,74.1601440977,1.3682267348279042,74.1491080944475,0.034523382939944836,44.63902857759519,67.59489180838347
2015-09-03 00:00:00+00:00,73.5960980097,-0.7605784682091721,73.87260305207374,-0.3630275426346136,36.29224565411997,45.29957735807008
2015-09-04 00:00:00+00:00,72.5395046337,-1.43566493954711,73.20605384288687,-0.8993462410908618,23.791974744824532,39.15610449261206
2015-09-08 00:00:00+00:00,74.6288584524,2.880297886304195,73.91745614764343,0.9904758226066666,62.30399390377232,73.55253565404578
2015-09-09 00:00:00+00:00,73.2624369436,-1.8309559292958189,73.58994654562171,-0.42024005334457615,41.654116879112486,38.19622753212481
2015-09-10 00:00:00+00:00,73.6596524985,0.5421817393349793,73.62479952206085,0.06097084299520156,49.02162149105563,54.66275648910452
2015-09-11 00:00:00+00:00,73.8264830316,0.22648835209126972,73.72564127683043,0.14372959754323564,52.778206539195104,51.90334640145875
2015-09-14 00:00:00+00:00,74.1363111644,0.41967071987889515,73.93097622061521,0.2817001587110654,60.82084957778274,54.03325857689236
2015-09-15 00:00:00+00:00,74.9942967629,1.1573081868038848,74.4626364917576,0.7195041727574751,77.05423861472937,63.333308879301605
2015-09-16 00:00:00+00:00,75.161127296,0.2224576271812273,74.8118818938788,0.4709808999693512,79.52822080830352,45.74056476212824
2015-09-17 00:00:00+00:00,75.3438464512,0.2431032659747201,75.07786417253939,0.35704208297203566,82.60874618024144,46.235303591205906
2015-09-18 00:00:00+00:00,74.1919213421,-1.5288907632902582,74.6348927573197,-0.5859243401591112,34.09377777357775,21.268504416670275
2015-09-21 00:00:00+00:00,73.9853692535,-0.27840239862180205,74.31013100540986,-0.43216336939045663,29.442974124383575,49.90383893334198
2015-09-22 00:00:00+00:00,74.0727566756,0.11811446368616974,74.19144384050493,-0.15702445285214345,35.0643981424815,57.29199860190532
2015-09-23 00:00:00+00:00,73.8741488981,-0.2681252682005586,74.03279636930247,-0.21257486052635102,27.574820119218025,47.13506753910805
2015-09-24 00:00:00+00:00,73.4689890322,-0.5484460693535254,73.75089270075124,-0.3805104649399382,16.675623793386148,39.50968350569585
2015-09-25 00:00:00+00:00,72.2932309897,-1.600346020801624,73.02206184522562,-0.9904282428707811,6.129528826849772,20.679195063158378
2015-09-28 00:00:00+00:00,72.5871705003,0.4065934065692556,72.80461617276282,-0.2919174181507628,24.12420753153034,66.44612611646905
2015-09-29 00:00:00+00:00,73.9138704536,1.8277333916666638,73.35924331318141,0.7679079867579506,66.979512320645,79.19599067648727
2015-09-30 00:00:00+00:00,74.1601440977,0.3331900258891185,73.7596937054407,0.5505490063235345,71.46683926306375,49.515674455443516
2015-10-01 00:00:00+00:00,74.0171464979,-0.19282271028439046,73.88842010167035,0.17886314801957204,63.90322960466076,41.33699436281998
2015-10-02 00:00:00+00:00,74.6209141413,0.8157132123664645,74.25466712148517,0.4972881801930183,78.38880319925599,60.229452338279835
2015-10-05 00:00:00+00:00,75.2802919624,0.8836367507524923,74.76747954194258,0.6904624654727552,86.96070539090826,61.48259737026451
2015-10-06 00:00:00+00:00,74.2157542753,-1.414098775854511,74.4916169086213,-0.36181815519087784,44.3554414700416,23.657514888967718
2015-10-07 00:00:00+00:00,75.4550668066,1.6698779705220268,74.97334185761065,0.6540299076655745,70.01201164755606,65.89717211640527
2015-10-08 00:00:00+00:00,75.5345099176,0.10528532325553286,75.25392588760533,0.37965761546055365,71.28507564037636,46.37211080139758
2015-10-09 00:00:00+00:00,75.7648949394,0.3050063104285794,75.50941041350266,0.3423319629445665,75.76120982514057,49.25126250821208
2015-10-12 00:00:00+00:00,76.2574422275,0.6500996120881064,75.88342632050133,0.49621578751633644,83.83969490339783,55.45028059343542
2015-10-13 00:00:00+00:00,75.8284494282,-0.5625585998808691,75.85593787435067,-0.03317140618226633,58.40761864482974,33.73177322941953
2015-10-14 00:00:00+00:00,75.0975728072,-0.9638554216937489,75.47675534077533,-0.49851341393800763,32.9018712872827,28.24109148871856
2015-10-15 00:00:00+00:00,77.1789823148,2.7716068972610586,76.32786882778765,1.1365467416615256,76.58337491242524,78.07400603167916
2015-10-16 00:00:00+00:00,78.0449122245,1.1219763253265125,77.18639052614382,1.129261533494019,83.34829139321877,53.4747170271909
2015-10-19 00:00:00+00:00,77.8065828915,-0.3053745929195606,77.49648670882192,0.4119434702872292,74.46678273719445,37.95407141658849
2015-10-20 00:00:00+00:00,77.5285320031,-0.3573616499618515,77.51250935596096,0.027290910162688864,62.76287431326627,37.36163345881259
2015-10-21 00:00:00+00:00,77.5603092475,0.04098780613921438,77.53640930173049,0.03413935815095162,63.739844240377614,46.89004848463028
2015-10-22 00:00:00+00:00,79.0697283561,1.946123117925369,78.30306882891524,0.9901312380381604,87.36292389683007,74.60399891122364
2015-10-23 00:00:00+00:00,79.6893846217,0.7836833115314468,78.99622672530762,0.8869072747848036,90.98111772136457,50.49020403408249
2015-10-26 00:00:00+00:00,79.3954451111,-0.3688565446895886,79.19583591820381,0.2590253650476075,75.58299712213798,34.098720120822016
2015-10-27 00:00:00+00:00,79.5940528885,0.25015008999833555,79.3949444033519,0.25458772752297154,79.15806315619365,47.761334984621776
2015-10-28 00:00:00+00:00,79.8244379104,0.28945004499612015,79.60969115687595,0.27201888625954584,83.38977803217202,48.77274915698937
2015-10-29 00:00:00+00:00,80.5314815981,0.8857484076413291,80.07058637748798,0.5788836469504375,91.41447314818998,64.44172152472481
2015-10-30 00:00:00+00:00,80.2613750207,-0.3354049522495961,80.16598069909399,0.12173934735042069,71.59414710409538,33.22444353661214
2015-11-02 00:00:00+00:00,81.1670264859,1.1283777096597447,80.666503592497,0.6250585285050827,86.41172721203858,64.3105145058835
2015-11-03 00:00:00+00:00,81.0001959528,-0.20553978668785833,80.83334977264849,0.20975937090861219,75.5256891270806,39.30134180004664
2015-11-04 00:00:00+00:00,80.9843073306,-0.019615535509631687,80.90882855162425,0.09507191769949025,74.19048600420994,43.86535268001685
2015-11-05 00:00:00+00:00,81.2941354635,0.38257798715890523,81.10148200756213,0.23882495242919774,82.98765179035664,54.875034198983215
2015-11-06 00:00:00+00:00,80.9684187084,-0.40066451687188476,81.03495035798106,-0.08091978222134351,53.97592615967266,34.8873004005359
2015-11-09 00:00:00+00:00,80.1104331099,-1.0596546310110644,80.57269173394053,-0.5702872066162039,22.66648183618878,23.900527450234524
2015-11-10 00:00:00+00:00,80.5950360869,0.6049186831073472,80.58386391042026,0.017315738245571644,48.14850389717916,65.30229238483936
2015-11-11 00:00:00+00:00,80.9207528419,0.4041399704180382,80.75230837616013,0.2107278543318049,61.07855755092228,59.45037969515995
2015-11-12 00:00:00+00:00,79.6576073773,-1.5609660318755214,80.20495787673006,-0.6751190887718582,24.92405933796538,25.67368343324485
2015-11-13 00:00:00+00:00,79.3477792445,-0.3889498354281318,79.77636856061503,-0.532034462099995,20.466679058018038,50.72108058838471
2015-11-16 00:00:00+00:00,80.4123169316,1.3416099319172758,80.09434274610751,0.4047877349086404,58.613166826807344,71.78236495771189
2015-11-17 00:00:00+00:00,80.6347576423,0.2766251728441249,80.36455019420376,0.34070645387638265,64.02181988624257,51.47451358737434
2015-11-18 00:00:00+00:00,81.5642420408,1.152709359682369,80.96439611750188,0.7467079067793758,80.2221752626145,64.03100330691966
2015-11-19 00:00:00+00:00,81.421244441,-0.1753189831991131,81.19282027925094,0.28569446179013136,72.6708450376995,40.31237756271758
2015-11-20 00:00:00+00:00,82.0091234623,0.7220216607300767,81.60097187077547,0.503858061260104,82.70820618983026,56.60470459079568
2015-11-23 00:00:00+00:00,82.2411945571,0.28298204517047676,81.92108321393773,0.3934200532152904,85.79705178094042,47.15779138199834
2015-11-24 00:00:00+00:00,81.6570155942,-0.7103240244089593,81.78904940406886,-0.15845198559683443,51.23787533523849,30.10622352174269
2015-11-25 00:00:00+00:00,81.5929959818,-0.07840062722613839,81.69102269293444,-0.11842630641148641,48.055904725024185,48.036342698475266
2015-11-27 00:00:00+00:00,81.9210964952,0.4021184777590392,81.80605959406722,0.14184608567377638,64.84107543242389,59.79928422599798
2015-11-30 00:00:00+00:00,81.0168194703,-1.1038390153298105,81.4114395321836,-0.48099646482801706,27.75844417173734,28.9701858763389
2015-12-01 00:00:00+00:00,81.9130940437,1.1062821019881763,81.6622667879418,0.31264281858007964,60.95597379927655,66.7292836590372
2015-12-02 00:00:00+00:00,81.6650180457,-0.3028526768475648,81.66364241682089,0.004895070866257428,51.18956222514399,44.238347082031154
2015-12-03 00:00:00+00:00,80.6567091507,-1.234688877966994,81.16017578376045,-0.6148969035503683,25.89477588117577,33.154091838375784
2015-12-04 00:00:00+00:00,82.385238685,2.143069748941029,81.77270723438022,0.7640864226953303,67.36379308744846,71.7036098983311
2015-12-07 00:00:00+00:00,82.6813293923,0.3593977659421377,82.22701831334011,0.561742094318734,71.46648929174502,49.220094855944275
2015-12-08 00:00:00+00:00,81.961108753,-0.8710801393658651,82.09406353317006,-0.15466902252356557,48.994232643426884,37.16213290840422
2015-12-09 00:00:00+00:00,81.7450425612,-0.2636203866533293,81.91955304718502,-0.20914470458844744,42.920918339730996,46.811224015574005
2015-12-10 00:00:00+00:00,82.137162687,0.47968673513925086,82.02835786709251,0.1352710152754017,57.32233020212641,58.506008634508596
2015-12-11 00:00:00+00:00,81.3689273384,-0.9353078721838881,81.69864260274625,-0.4000184284542432,32.916029793908194,35.940852088451514
2015-12-14 00:00:00+00:00,81.7450425612,0.4622344611178164,81.72184258197312,0.031108016331786614,48.89529726905505,59.234315446750315
2015-12-15 00:00:00+00:00,83.3295279676,1.93832599110062,82.52568527478655,0.9847170037162034,79.60062005591041,74.13497268830417
2015-12-16 00:00:00+00:00,84.225802541,1.0755786037195403,83.37574390789328,1.0301478037178717,86.48865640842796,56.14334068077956
2015-12-17 00:00:00+00:00,82.9374078418,-1.5296912113990535,83.15657587484664,-0.2497717038405909,50.049062771340516,26.744112397125214
2015-12-18 00:00:00+00:00,81.5849935302,-1.6306445388065138,82.37078470252331,-0.9402081213235524,30.088659756950502,25.95415483641466
2015-12-21 00:00:00+00:00,81.288902823,-0.3629230013855289,81.82984376276166,-0.6515655613545406,26.604239827027502,52.424257908090134
2015-12-22 00:00:00+00:00,82.1931798479,1.1124237054459751,82.01151180533083,0.23042907204571728,52.04497840332776,70.70541731305671
2015-12-23 00:00:00+00:00,82.8173710686,0.7594197254018775,82.4144414369654,0.4949243987237974,64.71025504369376,62.13622657754628
2015-12-24 00:00:00+00:00,83.0014274542,0.222243695042601,82.70793444558271,0.3585840468831992,68.40148997024646,48.671679846103075
2015-12-28 00:00:00+00:00,82.6013048768,-0.4820671037504609,82.65461966119136,-0.06174152843363084,51.004769554746616,34.127474590513174
2015-12-29 00:00:00+00:00,83.2495034522,0.784731641185088,82.95206155669568,0.36149505637572854,69.71916873481133,63.52997469370128
2015-12-30 00:00:00+00:00,83.0494421635,-0.2403152936700348,83.00075186009784,0.060589881352846875,59.242940746305365,41.206124388352315
2015-12-31 00:00:00+00:00,82.2011822994,-1.021391404929639,82.60096707974893,-0.4804007617883961,30.29284790524022,29.398617838332427
2016-01-04 00:00:00+00:00,80.4086331527,-2.180685358236123,81.50480011622446,-1.3305430600122596,11.884286048167183,17.94840175638935
2016-01-05 00:00:00+00:00,80.7447361177,0.41799363056167493,81.12476811696223,-0.45627471472529235,24.746076648995047,64.47360288329898
2016-01-06 00:00:00+00:00,80.3366110888,-0.5054509414769592,80.73068960288111,-0.4808628281011258,19.548757612204582,49.509803582816254
2016-01-07 00:00:00+00:00,79.4003242577,-1.1654547265692705,80.06550693029055,-0.8231587773351982,11.347503230785117,39.64524069178788
2016-01-08 00:00:00+00:00,78.5520643936,-1.0683329974156108,79.30878566194528,-0.9457458873754045,7.227119767621325,42.187779170952076
2016-01-11 00:00:00+00:00,78.0799197523,-0.6010594946737946,78.69435270712265,-0.7734026910245996,5.545833836056889,55.66615157815916
2016-01-12 00:00:00+00:00,78.616084006,0.6866864814934592,78.65521835656132,-0.04335810476557017,32.35247005505927,77.42397842619195
2016-01-13 00:00:00+00:00,77.6397849171,-1.2418566776049023,78.14750163683067,-0.6426073911852362,18.22498843812476,36.825082082579364
2016-01-14 00:00:00+00:00,79.1362433566,1.9274376417938832,78.64187249671534,0.6424151253043235,59.19394732524317,72.4439523189206
2016-01-15 00:00:00+00:00,77.623780014,-1.91121448080952,78.13282625535767,-0.6343996777525982,33.641880519290495,35.78650650370801
2016-01-19 00:00:00+00:00,78.0239025914,0.5154639175363851,78.07836442337884,-0.05946788010810655,43.346431812334416,56.60743572735228
2016-01-20 00:00:00+00:00,76.6234735706,-1.7948717947804393,77.35091899698942,-0.927169837444273,24.520168137721132,38.69138701342159
2016-01-21 00:00:00+00:00,76.77552015,0.19843342035377187,77.0632195734947,-0.36436820854525054,29.506344408869033,56.506339936521194
2016-01-22 00:00:00+00:00,77.4237187253,0.8442776734479684,77.24346914939736,0.23995473245135895,50.44154543026057,61.8885855320743
2016-01-25 00:00:00+00:00,77.1436329212,-0.3617571058473157,77.19355103529867,-0.060901186697978366,42.29945126269016,45.95826615493967
2016-01-26 00:00:00+00:00,80.968804761,4.958506223977444,79.08117789814933,2.4488025186397326,86.60223946479627,80.00860916263949
2016-01-27 00:00:00+00:00,81.7530450127,0.9685708638220492,80.41711145542467,1.708686691230891,89.16147729117675,46.82185299707021
2016-01-28 00:00:00+00:00,81.8410719798,0.10767423658204489,81.12909171761234,0.9081804639064679,89.49919881470112,41.28012176890567
2016-01-29 00:00:00+00:00,83.5776039656,2.1218343599270106,82.35334784160617,1.5150074119167392,94.53662060024021,58.51258844870529
2016-02-01 00:00:00+00:00,83.5215868048,-0.0670241286446438,82.93746732320308,0.7239916416360477,92.39200318468868,39.57873058389788
2016-02-02 00:00:00+00:00,82.7533514562,-0.9198045415438005,82.84540938970153,-0.09790644995387643,62.99420488505784,33.28450022931615
2016-02-03 00:00:00+00:00,83.3375304192,0.7059278599842456,83.09146990445076,0.30401070501518457,72.84835968678938,54.13991169541964
2016-02-04 00:00:00+00:00,83.145471582,-0.23045899756557464,83.11847074322537,0.03677585372480496,64.39238296903493,42.627227056316485
2016-02-05 00:00:00+00:00,80.456647862,-3.233878729460593,81.78755930261269,-1.598551437867894,18.731758527563866,21.07042484804513
2016-02-08 00:00:00+00:00,81.625005788,1.4521583449561337,81.70628254530635,-0.07319654645588014,44.41985251233775,63.852257483720805
2016-02-09 00:00:00+00:00,81.6009984333,-0.029411764775055804,81.65364048930317,-0.05130415561546797,43.99126733013653,50.7950870101833
2016-02-10 00:00:00+00:00,81.4089395962,-0.23536334210051413,81.53129004275158,-0.14333374885799105,39.42639766237109,48.71780846545473
2016-02-11 00:00:00+00:00,81.3849322415,-0.02948982607939854,81.45811114212579,-0.0864117874686948,38.67394079517792,51.68072909481864
2016-02-12 00:00:00+00:00,81.4809616601,0.11799410032686808,81.46953640111289,0.015791156429086642,44.97489914423732,54.50528306283768
2016-02-16 00:00:00+00:00,81.8810842375,0.49106265960523476,81.67531031930645,0.2534269080171607,66.49219066118644,62.764236003299544
2016-02-17 00:00:00+00:00,82.0251283654,0.1759186865212703,81.85021934235323,0.2146727972692155,72.33421668830286,51.026783837587296
2016-02-18 00:00:00+00:00,83.4175549347,1.6975609755794707,82.6338871385266,0.9561168864243431,92.15833316428348,79.19954039394236
2016-02-19 00:00:00+00:00,83.9537191884,0.642747505749508,83.29380316346331,0.7994321960869255,94.45377079299314,49.5563738618964
2016-02-22 00:00:00+00:00,84.4292634887,0.5664362518982946,83.86153332608166,0.6829342239926101,96.00830129228197,47.62211415215197
2016-02-23 00:00:00+00:00,83.8892386053,-0.6396181384103694,83.87538596569082,0.021658042791120324,64.9830370816563,24.734843771848844
2016-02-24 00:00:00+00:00,84.5985250193,0.8455034588372046,84.23695549249541,0.4335807508141625,78.60458660493488,60.12888223392273
2016-02-25 00:00:00+00:00,85.7430553692,1.3528963414419781,84.9900054308477,0.8932385461280703,88.98026029536993,67.8716781017522
2016-02-26 00:00:00+00:00,85.259450996,-0.5640157924366562,85.12472821342385,0.16461137684570704,68.06093405795065,32.312213911404754
2016-02-29 00:00:00+00:00,84.8000268415,-0.5388542256993367,84.96237752746192,-0.18712142442681484,50.98126378323729,33.0033230188226
2016-03-01 00:00:00+00:00,86.4201014917,1.9104647846728717,85.69123950958095,0.8616716801230284,78.93819853394832,73.10293356536764
2016-03-02 00:00:00+00:00,86.2750201798,-0.16787912695743756,85.98312984469047,0.3468962765827954,73.32095488998333,41.492939491360275
2016-03-03 00:00:00+00:00,85.9606773372,-0.3643497758040515,85.97190359094523,-0.008726749610628026,59.54904396438799,39.095810756388936
2016-03-04 00:00:00+00:00,85.8397762439,-0.14064697608853205,85.90583991742261,-0.07468686284958004,53.726986521568364,44.565495828665405
2016-03-07 00:00:00+00:00,86.0332179932,0.22535211269698596,85.9695289553113,0.07533262492370296,62.521226367160544,54.57683907974255
2016-03-08 00:00:00+00:00,85.6140942031,-0.48716507399866327,85.79181157920564,-0.20591622453748015,38.64902646814892,35.732463747218524
2016-03-09 00:00:00+00:00,86.113818722,0.5836942194523909,85.95281515060282,0.18888899745745535,63.54406491679746,63.862117728253196
2016-03-10 00:00:00+00:00,86.3556209086,0.28079371021809685,86.15421802960141,0.2348413538377761,71.83822172676626,53.85988387892987
2016-03-11 00:00:00+00:00,86.8150450632,0.5320141871092199,86.4846315464007,0.38342777047349796,82.91577956373484,61.38417074408947
2016-03-14 00:00:00+00:00,86.7747446987,-0.046420945206748776,86.62968812255036,0.1685034126333746,78.83547975807744,39.26779164319773
2016-03-15 00:00:00+00:00,86.8553454276,0.09288500839714775,86.74251677507519,0.13069421051526117,81.55807123546904,46.262097463933586
2016-03-16 00:00:00+00:00,86.5732428766,-0.3247958425715347,86.6578798258376,-0.09705081602813677,48.681012480804846,30.476601602681363
2016-03-17 00:00:00+00:00,86.0332179932,-0.623778046722534,86.3455489095188,-0.3604144313753354,22.56353665276096,22.304724782359816
2016-03-18 00:00:00+00:00,86.6457835326,0.7120104927941018,86.4956662210594,0.17579803070938319,59.517853585354864,72.2215483504651
2016-03-21 00:00:00+00:00,86.468461929,-0.20465116289621887,86.4820640750297,-0.014426566093417845,49.30180719960845,43.47225749951584
2016-03-22 00:00:00+00:00,86.5490626579,0.0932140194261466,86.51556336646485,0.03939372666636438,54.613477193237095,52.657904540037485
2016-03-23 00:00:00+00:00,87.4517908212,1.0430247718201224,86.98367709383243,0.5412092492432434,83.55645808013328,73.36205538191932
2016-03-24 00:00:00+00:00,87.2986494364,-0.1751152073181883,87.1411632651162,0.18304702096252756,71.89063228498628,39.84209539692198
2016-03-28 00:00:00+00:00,87.2341688533,-0.07386206260495687,87.18766605920811,0.05459247917878535,66.06510501428596,43.08448539121102
2016-03-29 00:00:00+00:00,87.967635486,0.8408019957563351,87.57765077260406,0.4476972374675602,85.75737231650098,67.10706141828395
2016-03-30 00:00:00+00:00,87.8386743198,-0.14660069636692752,87.70816254620203,0.15054827055031633,74.37469873933019,39.86259044135723
2016-03-31 00:00:00+00:00,87.2099886346,-0.7157276564888848,87.45907559040101,-0.28258969296928427,37.74222723493718,29.505826932119938
2016-04-01 00:00:00+00:00,88.0079358504,0.914972273581327,87.7335057204005,0.3161912903060214,67.87059252340707,66.69530791004854
2016-04-04 00:00:00+00:00,87.5243314772,-0.5495008700375226,87.62891859880025,-0.11665478986575059,47.13445737167831,38.9879201338449
2016-04-05 00:00:00+00:00,87.8144941011,0.33152223959069804,87.72170634995013,0.10743372486247373,58.535923072452256,55.62384968475653
2016-04-06 00:00:00+00:00,88.1933175268,0.4313905461481804,87.95751193837506,0.26941213550532706,70.84823204578169,57.59006248698623
2016-04-07 00:00:00+00:00,88.0724164335,-0.13708645585678303,88.01496418593753,0.06616283982427201,62.03049024879998,41.78284637696193
2016-04-08 00:00:00+00:00,87.9353951944,-0.15557792626644806,87.97517969016877,-0.044707543221088025,51.19795942310086,41.23066972833718
2016-04-11 00:00:00+00:00,87.8306142469,-0.11915673690708894,87.90289696853438,-0.08193214006408849,42.65381975211196,43.43903427571425
2016-04-12 00:00:00+00:00,88.3383988388,0.5781407727293963,88.12064790366719,0.24810431633265392,74.08809613768682,72.7958983870597
2016-04-13 00:00:00+00:00,88.5560208067,0.24635036491562623,88.3383343551836,0.2472273406241401,80.83980112994426,53.11823742792261
2016-04-14 00:00:00+00:00,88.5318405881,-0.0273049967464023,88.4350874716418,0.1099611719388689,77.47525937914335,39.80610470696901
2016-04-15 00:00:00+00:00,88.8058830662,0.30954115070871424,88.6204852689209,0.20975116132379157,86.80864256069512,58.84810908989599
2016-04-18 00:00:00+00:00,89.4103885327,0.6807043020442327,89.01543690081044,0.44522773168401214,94.43648835256022,72.97721853469375
2016-04-19 00:00:00+00:00,90.8209012879,1.5775714414708597,89.91816909435522,1.011399586577436,98.16012920488184,87.96020832609683
2016-04-20 00:00:00+00:00,91.5463078477,0.7987220447201793,90.73223847102761,0.9050608156488076,98.78661680573947,51.072967957364966
2016-04-21 00:00:00+00:00,91.5382477748,-0.008804366980497136,91.1352431229138,0.4481282243341552,98.2291560268028,30.911995822779964
2016-04-22 00:00:00+00:00,91.3367459526,-0.2201285551103549,91.23599453775691,0.11399983461190016,81.07287842820162,26.764687836460958
2016-04-25 00:00:00+00:00,91.4898873375,0.1676667843843127,91.36294093762845,0.14083330949810643,84.21565838741455,46.51639207141069
2016-04-26 00:00:00+00:00,91.0062829643,-0.5285877896165858,91.18461195096423,-0.19387724005923967,47.1390912027187,26.9450719868623
2016-04-27 00:00:00+00:00,90.8934419439,-0.12399256043043039,91.03902694743212,-0.15893490024483503,40.84524383908139,46.54803524823918
2016-04-28 00:00:00+00:00,90.6596998302,-0.25716059233874544,90.84936338881606,-0.20804774629179024,28.86885707623017,41.10282820434592
2016-04-29 00:00:00+00:00,90.3372969147,-0.3556187767043473,90.59333015175804,-0.28183326149806875,17.968364538400696,36.38272622215102
2016-05-02 00:00:00+00:00,90.8773217981,0.59778729477582,90.73532597492903,0.15797701663887564,57.904133697485655,76.15547822990958
2016-05-03 00:00:00+00:00,90.8289613608,-0.05321507758276889,90.78214366786452,0.05238096952805338,54.349891096986006,46.42681438161545
2016-05-04 00:00:00+00:00,90.4501379351,-0.4170733871933119,90.61614080148226,-0.18234620883262925,31.576145014663247,34.97899927551125
2016-05-05 00:00:00+00:00,90.9821027456,0.588130458000724,90.79912177354113,0.2028921245840474,63.6549587033346,67.840077811405
2016-05-06 00:00:00+00:00,90.8692617252,-0.12402551380409355,90.83419174937058,0.03943330538997693,55.39204000492022,44.135633926632465
2016-05-09 00:00:00+00:00,91.6591488681,0.8692566968230953,91.24667030873529,0.4543450011065361,81.12218575707703,67.72757986968344
2016-05-10 00:00:00+00:00,92.4248557924,0.8353851565890746,91.83576305056764,0.6448650788478054,89.733194250193,66.29550243002899
2016-05-11 00:00:00+00:00,92.1830536058,-0.2616203017326013,92.00940832818381,0.19162238855760205,73.78959576213651,32.70256941245673
2016-05-12 00:00:00+00:00,92.0702125853,-0.12240972292211216,92.0398104567419,0.034606332817744945,65.62724197705984,38.62263859211626
2016-05-13 00:00:00+00:00,91.5301877019,-0.5865359362559053,91.78499907932095,-0.27596480171908017,36.58010782286985,26.82258374523279
2016-05-16 00:00:00+00:00,92.239474116,0.7749207468141783,92.01223659766048,0.24947797254754908,66.12191718434737,68.78516185368166
2016-05-17 00:00:00+00:00,91.7478096699,-0.5330304089566806,91.88002313378024,-0.14177621820456576,44.54635276493716,37.66263895394161
2016-05-18 00:00:00+00:00,91.5543679206,-0.21084072742005855,91.71719552719011,-0.17630847281231216,37.35322883708165,46.59160055743582
2016-05-19 00:00:00+00:00,90.957922527,-0.6514657980242644,91.33755902709505,-0.41388713541828825,21.383534170173352,36.010505885337054
2016-05-20 00:00:00+00:00,91.4334668273,0.5228178998468724,91.38551292719752,0.05446538221429209,47.981071108765946,66.46003798633376
2016-05-23 00:00:00+00:00,91.0438355766,-0.42613636365328444,91.21467425189877,-0.18583549071949618,33.88978165562172,42.14831734825772
2016-05-24 00:00:00+00:00,91.4740534159,0.47253922967473994,91.3443638338994,0.14335186947762188,55.52370513675159,61.930709873413775
2016-05-25 00:00:00+00:00,92.0097963856,0.5856775224162947,91.6770801097497,0.3645146959469583,72.3965759162922,64.239898927971
2016-05-26 00:00:00+00:00,91.6445170881,-0.39700044109343136,91.66079859892486,-0.016242872573236533,52.15930274017445,35.88272366164876
2016-05-27 00:00:00+00:00,91.7743941716,0.14171833474241335,91.71759638526242,0.06273773108458841,58.36625212070916,52.95852816569662
2016-05-31 00:00:00+00:00,91.4740534159,-0.3272598619811218,91.59582490058122,-0.13226106544826668,40.25140285340468,39.29354456293626
2016-06-01 00:00:00+00:00,91.5471092754,0.07986511668816032,91.57146708799061,-0.026197974380053182,46.32916015212191,54.56104388556956
2016-06-02 00:00:00+00:00,92.935170606,1.516226281295574,92.25331884699531,0.7450141534577605,86.23500615537215,80.50621066448502
2016-06-03 00:00:00+00:00,93.1543381845,0.23582845662291074,92.70382851574766,0.4904213050403356,88.29605916379838,45.651762888842306
2016-06-06 00:00:00+00:00,93.9741872745,0.8800975950000511,93.33900789512383,0.6852594500201934,93.63971570956619,59.037189727746195
2016-06-07 00:00:00+00:00,93.9417180036,-0.034551265450322166,93.64036294936191,0.3253540922849356,91.16700126562449,38.72623408293428
2016-06-08 00:00:00+00:00,93.9985392276,0.06048561300298072,93.81945108848096,0.19291985264395817,91.73959245492911,41.84457736347364
2016-06-09 00:00:00+00:00,94.9726173543,1.0362694300402264,94.39603422139048,0.6145946413420923,96.90262448492223,67.3979083538553
2016-06-10 00:00:00+00:00,94.9807346721,0.00854700862851221,94.68838444674523,0.31157082498530225,96.92663642777752,39.78207267665002
2016-06-13 00:00:00+00:00,94.8021536822,-0.1880181181125984,94.74526906447261,0.06177635343635193,77.18148364129839,35.59748229790094
2016-06-14 00:00:00+00:00,95.070025167,0.28255843817426296,94.9076471157363,0.17216739580530743,84.35322605671664,53.25459084066912
2016-06-15 00:00:00+00:00,94.4936956087,-0.6062158469902768,94.70067136221815,-0.21702422559248466,41.87687444746765,29.973399630609496
2016-06-16 00:00:00+00:00,94.6803939163,0.19757752768303494,94.69053263925908,-0.009723348954724861,53.30292064089343,56.042473117534485
2016-06-17 00:00:00+00:00,93.7387850605,-0.9945130315283657,94.21465884987954,-0.5021181902415452,21.430922445085372,30.65498456065717
2016-06-20 00:00:00+00:00,94.5992207391,0.9179078628389181,94.40693979448977,0.20789483629868644,56.8204844046601,66.82221795478067
2016-06-21 00:00:00+00:00,94.3069973011,-0.3089068130972761,94.35696854779488,-0.05050598839929482,46.21571749733913,44.492830265082
2016-06-22 00:00:00+00:00,94.5342821973,0.2410053365121234,94.44562537254744,0.0952496740564143,55.83279110734376,54.67612994580118
2016-06-23 00:00:00+00:00,95.2810754278,0.7899708054496024,94.86335040017372,0.44261023975300834,76.52265409379181,64.44391948264655
2016-06-24 00:00:00+00:00,93.8605448263,-1.4908843074262101,94.36194761323685,-0.5241370338366009,32.749673725432885,27.50352253589231
2016-06-27 00:00:00+00:00,94.6073380568,0.7956412695899306,94.48464283501843,0.13575211787666486,53.65510173909787,61.064516224560755
2016-06-28 00:00:00+00:00,95.9710474342,1.4414414414464005,95.22784513460923,0.7885967796615327,74.96880632035462,67.44862890487066
2016-06-29 00:00:00+00:00,96.8639523837,0.9303899179720743,96.04589875915461,0.8594933488168035,82.75709581703185,56.4597855437752
2016-06-30 00:00:00+00:00,98.463063975,1.6508841028554766,97.2544813670773,1.25518872583614,90.6076428928432,67.61694664875745
2016-07-01 00:00:00+00:00,98.4549466573,-0.008244023060322014,97.85471401218865,0.623472351387909,90.2946197752325,35.86871023216458
2016-07-05 00:00:00+00:00,99.2504437941,0.8079808722754711,98.55257890314432,0.7157266118316901,93.56339857668466,52.37135204872569
2016-07-06 00:00:00+00:00,99.5507845499,0.30260898019063287,99.05168172652216,0.5091677960111615,94.59444890101001,42.269460347461056
2016-07-07 00:00:00+00:00,99.4452594195,-0.10600130463773727,99.24847057301108,0.2015832456867121,87.23028532763651,34.255776453665305
2016-07-08 00:00:00+00:00,99.7212482221,0.2775283650634064,99.48485939755554,0.23955580537505924,90.21785844033383,48.107178131325036
2016-07-11 00:00:00+00:00,99.7861867638,0.06512006503907042,99.63552308067777,0.15233793520706485,90.96399153945234,40.94141080113415
2016-07-12 00:00:00+00:00,99.7780694461,-0.008134710788387789,99.7067962633889,0.07210161220933853,89.68140686349274,38.012319491785334
2016-07-13 00:00:00+00:00,99.8430079879,0.06508298081981945,99.77490212564445,0.06859229651457899,91.17464763454969,44.01709636152553
2016-07-14 00:00:00+00:00,99.9891197069,0.14634146340795073,99.88201091627222,0.10746687996126486,94.07061103360296,51.79137601071741
2016-07-15 00:00:00+00:00,99.8430079879,-0.14612761811315655,99.8625094520861,-0.019330369075945847,63.041046181266466,29.599569842562907
2016-07-18 00:00:00+00:00,99.956650436,0.11382113819504713,99.90957994404306,0.04724538455955064,73.31155193302256,55.19493591710191
2016-07-19 00:00:00+00:00,101.6694044755,1.713496832906225,100.78949220977154,0.8803711087328878,96.3351561769576,89.71416425575164
2016-07-20 00:00:00+00:00,101.5801139805,-0.08782435134802036,101.18480309513578,0.39627337869243373,90.24702009756288,38.98376777513018
2016-07-21 00:00:00+00:00,101.5882312982,0.00799105000173217,101.38651719666788,0.20213221434708295,90.33035152171995,41.61781183247211
2016-07-22 00:00:00+00:00,101.4908234856,-0.0958849380043536,101.43867034113394,0.05312363817136467,78.28973310257886,38.88781411398775
2016-07-25 00:00:00+00:00,101.3771810375,-0.11197312643357327,101.40792568931697,-0.029424744131104297,63.481580734875934,38.30408497974265
2016-07-26 00:00:00+00:00,101.5882312982,0.20818320113076272,101.49807849375848,0.08937922849982921,76.08337770030717,57.394328142781475
2016-07-27 00:00:00+00:00,101.2797732248,-0.303635637177857,101.38892585927924,-0.1071282043390139,43.31476832045022,32.94748597899035
2016-07-28 00:00:00+00:00,101.0281363754,-0.24845716117617433,101.20853111733962,-0.17779268275759413,28.365317651768628,37.26848587532298
2016-07-29 00:00:00+00:00,101.65316984,0.6186726658774733,101.43085047866981,0.22043999155993957,68.66246733940744,75.09725099447651
2016-08-01 00:00:00+00:00,101.7911642413,0.13575021961163003,101.61100735998491,0.17809510558578479,73.58368600551005,49.93975825763224
2016-08-02 00:00:00+00:00,101.3447117666,-0.43859649118627164,101.47785956329245,-0.13025069280024343,41.759047709277034,31.25867955143644
2016-08-03 00:00:00+00:00,100.5735665829,-0.7609130957676125,101.02571307309623,-0.4455818942839279,19.692486272952348,23.7728941706769
2016-08-04 00:00:00+00:00,100.541097312,-0.03228410009028515,100.78340519254812,-0.23893299718710653,19.05648991031654,57.93317827277694
2016-08-05 00:00:00+00:00,100.8495553855,0.3067979977807278,100.81648028902406,0.033932500296810636,44.567731546377594,67.95702723679669
2016-08-08 00:00:00+00:00,100.3706336399,-0.47488731484169877,100.59355696446204,-0.22047740727244408,25.701937226295914,37.25768659170407
2016-08-09 00:00:00+00:00,100.19205265,-0.1779215527728084,100.39280480723102,-0.19919948002262625,20.78159444551293,50.10276698862708
2016-08-10 00:00:00+00:00,100.1352314259,-0.05671230661226101,100.26401811656551,-0.12795589331744361,19.041777319681387,55.66038672299375
2016-08-11 00:00:00+00:00,100.4680414525,0.3323605706611721,100.36602978453276,0.10220233867186423,53.352514538388355,71.13849323508371
2016-08-12 00:00:00+00:00,100.0215889778,-0.4443726266039394,100.19380938116637,-0.17108514396603758,28.795859116165534,34.78074492638626
2016-08-15 00:00:00+00:00,99.282913065,-0.7385164746422257,99.73836122308319,-0.45480080930413164,13.441494589077754,26.955207714116337
2016-08-16 00:00:00+00:00,97.675684156,-1.6188373803534106,98.70702268954159,-1.0368190948287712,4.905169951878896,13.410141274202356
2016-08-17 00:00:00+00:00,98.4711812928,0.8144269924226899,98.58910199117079,-0.11119605120304066,35.37528751497119,71.9176429847087
2016-08-18 00:00:00+00:00,97.9922595471,-0.4863572665752214,98.2906807691354,-0.298776658889131,27.43637312357466,46.644766275187386
2016-08-19 00:00:00+00:00,97.9922595471,0.0,98.1414701581177,-0.1493883294445655,27.43637312357466,55.42915416197019
2016-08-22 00:00:00+00:00,97.3467134744,-0.6587725149757584,97.74409181625884,-0.40408042221016194,16.325124778659383,41.535290053953865
2016-08-23 00:00:00+00:00,97.6000290219,0.260219927780736,97.67206041907943,-0.07193024721471297,32.431753989584436,61.65012507721715
2016-08-24 00:00:00+00:00,97.0035117649,-0.6111855323999493,97.33778609198971,-0.34155788980733115,19.30545927717396,41.393896756445905
2016-08-25 00:00:00+00:00,96.889111195,-0.117934462184488,97.11344864349485,-0.22974617599590957,17.292122394621973,54.1772499832977
2016-08-26 00:00:00+00:00,97.2731702509,0.39639031792439994,97.19330944719742,0.08332207096424518,45.77126311193199,65.83358512293074
2016-08-29 00:00:00+00:00,97.9922595471,0.739247311818092,97.59278449714871,0.4112846913911686,72.4316626303779,72.76186047139586
2016-08-30 00:00:00+00:00,97.6245434298,-0.37525016669633926,97.60866396347436,0.01801726234741466,52.59718502837461,36.586874296759405
2016-08-31 00:00:00+00:00,97.5183143292,-0.10881392820688562,97.56348914633718,-0.04539833292973548,47.017910459005414,46.181754873389465
2016-09-01 00:00:00+00:00,97.305856128,-0.2178649237955299,97.43467263716859,-0.1316316283626327,35.667547767375794,42.25638691040317
2016-09-02 00:00:00+00:00,97.5019713906,0.2015451797084289,97.46832201388429,0.034956775672898094,51.78392492026481,61.25512390639537
2016-09-06 00:00:00+00:00,97.8533445695,0.3603754610174592,97.66083329169214,0.19766611834517867,71.18442912024271,67.35620850543096
2016-09-07 00:00:00+00:00,97.7389439996,-0.11691022969454457,97.69988864564607,0.04037794432531705,59.49366888878281,39.39446130452649
2016-09-08 00:00:00+00:00,97.6245434298,-0.11704706959025923,97.66221603772303,-0.03833456263247109,47.73439668241822,39.38742944979819
2016-09-09 00:00:00+00:00,96.6112812396,-1.0379174689084336,97.13674863866152,-0.5381260157704524,13.164480514880939,14.057794059644792
2016-09-12 00:00:00+00:00,97.3712278822,0.7866023851969217,97.25398826043076,0.12423818471323467,52.14990242600159,70.4790597949093
2016-09-13 00:00:00+00:00,96.1046501446,-1.3007720711217807,96.67931920251539,-0.5882669432042731,24.571278431523027,33.141274105090694
2016-09-14 00:00:00+00:00,96.3089368765,0.21256695861504582,96.4941280395077,-0.18784999229461363,33.12722403534005,57.580274483717304
2016-09-15 00:00:00+00:00,96.9381400107,0.6533174953502474,96.71613402510386,0.2327337515278169,56.12168331909205,63.42144359313657
2016-09-16 00:00:00+00:00,96.6276241782,-0.3203236955709343,96.67187910165192,-0.043794972021558715,44.734829049056586,43.550376559997076
2016-09-19 00:00:00+00:00,96.145507491,-0.4989429175148441,96.40869329632596,-0.2713689447682014,30.379495112156683,40.0935316791706
2016-09-20 00:00:00+00:00,96.3824800999,0.24647288790085042,96.39558669811298,-0.012448028433675484,43.69981326668509,59.97905361789651
2016-09-21 00:00:00+00:00,97.1669411504,0.8139041967865079,96.78126392425649,0.40072808417641625,71.12870266741788,70.97883541845931
2016-09-22 00:00:00+00:00,97.6163719605,0.46253469006947157,97.19881794237824,0.4316313871229439,79.6491674303894,56.54364412426748
2016-09-23 00:00:00+00:00,97.0852264576,-0.5441151850172465,97.14202219998913,-0.056241898947151314,52.29187445304767,30.17309516350725
2016-09-26 00:00:00+00:00,96.2435651223,-0.8669303930269767,96.69279366114456,-0.46158614598706404,28.788624384808177,24.644423062019147
2016-09-27 00:00:00+00:00,97.4202566979,1.222618441144352,97.05652517952228,0.38051614757864394,63.34152996777039,72.88451575030155
2016-09-28 00:00:00+00:00,97.5591716756,0.14259352460008756,97.30784842756114,0.26155483608936575,66.2421304644852,48.70904804161783
2016-09-29 00:00:00+00:00,95.8268201892,-1.7756931067028137,96.56733430838057,-0.7570691353067239,26.709433001108696,25.85801663964978
2016-09-30 00:00:00+00:00,96.5295665469,0.7333503880359249,96.54845042764029,-0.011859373635399517,46.2340766165524,61.39266141827321
2016-10-03 00:00:00+00:00,97.0852264576,0.5756370100657549,96.81683844262014,0.28188881821517764,59.14329828529085,58.738295915335826
2016-10-04 00:00:00+00:00,97.0933979269,0.008416799958288479,96.95511818476007,0.14515280908673306,59.358548950660456,47.62892504552002
2016-10-05 00:00:00+00:00,97.3875708208,0.30297929641052157,97.17134450278003,0.22406605274862731,68.35998237768122,54.353874938188845
2016-10-06 00:00:00+00:00,97.036197642,-0.36079879171290186,97.10377107239002,-0.06836636948213727,48.939525698763234,37.90250159272653
2016-10-07 00:00:00+00:00,97.4365996364,0.41263157886421986,97.27018535439501,0.1721326046910413,65.62966974214969,59.38703457746842
2016-10-10 00:00:00+00:00,97.8942019158,0.46964106004068196,97.5821936350975,0.32088683236586163,77.97266210273945,60.88337469184622
2016-10-11 00:00:00+00:00,96.1291645524,-1.8030050083232996,96.85567909374875,-0.741059087978719,25.334288977212996,19.00741868212437
2016-10-12 00:00:00+00:00,96.3988230385,0.2805168310320738,96.62725106612437,-0.2302711284733226,35.33799081566928,58.37681882445807
2016-10-13 00:00:00+00:00,96.6357956475,0.24582520982165956,96.63152335681218,0.007777040674168484,45.04379615412667,57.676604422282416
2016-10-14 00:00:00+00:00,96.0637927982,-0.5919161170737541,96.34765807750608,-0.2920695381997928,29.1835055255086,40.207397717610405
2016-10-17 00:00:00+00:00,96.8237394408,0.7910854032136871,96.58569875915305,0.24950793250694717,58.384887190826824,65.83334532200844
2016-10-18 00:00:00+00:00,94.3069269041,-2.599375474688037,95.44631283162653,-1.174933771090545,19.152241024800723,25.55629310144317
2016-10-19 00:00:00+00:00,93.6368664235,-0.710510354431737,94.54158962756327,-0.942722062761141,15.100123371725092,50.74076641386722
2016-10-20 00:00:00+00:00,93.8656675632,0.24434941966682278,94.20362859538164,-0.3491863215471591,23.40094872764385,60.79734539048754
2016-10-21 00:00:00+00:00,92.6971474569,-1.2448855227213285,93.45038802614081,-0.7970359221342438,13.379594229801704,41.14560710923554
2016-10-24 00:00:00+00:00,92.8360624345,0.14985895619343825,93.14322523032041,-0.32358848297040277,19.525098919951528,59.52484699325959
2016-10-25 00:00:00+00:00,93.1220638592,0.30807147265836665,93.13264454476021,-0.0077585051560180585,33.98841517346724,61.567009448978894
2016-10-26 00:00:00+00:00,93.6123520157,0.5265005264931677,93.3724982802301,0.2593710106685748,54.853034355188086,65.20286106601424
2016-10-27 00:00:00+00:00,94.543899513,0.9951117317763547,93.95819889661504,0.6272413712224647,76.24861565356903,73.32398944590442
2016-10-28 00:00:00+00:00,94.2415551499,-0.31979256690002344,94.09987702325752,0.15372440216122063,61.95452085002213,36.98929012727677
2016-10-31 00:00:00+00:00,94.780872122,0.5722708748196803,94.44037457262877,0.36299763849045047,74.66338539778634,58.11226935877193
2016-11-01 00:00:00+00:00,94.2497266191,-0.5603931373582616,94.3450505958644,-0.09869774943390555,49.993089841780126,35.46749698106875
2016-11-02 00:00:00+00:00,93.8574960939,-0.41616091554850243,94.1012733448822,-0.257429332491204,36.59805562669809,39.93796140792686
2016-11-03 00:00:00+00:00,93.9964110716,0.14800626852544685,94.0488422082411,-0.054711531982878564,44.49827693314196,57.29539830190363
2016-11-04 00:00:00+00:00,94.0617828258,0.0695470746752358,94.05531251702055,0.007417771346178617,48.9853573585114,54.03770848672999
2016-11-07 00:00:00+00:00,95.3283605635,1.3465380940585359,94.69183654026028,0.6769779327023573,84.7698419931186,80.75373096154424
2016-11-08 00:00:00+00:00,95.6470478652,0.33430481738716544,95.16944220273014,0.5056413750447614,87.9579005836704,47.75159558422366
2016-11-09 00:00:00+00:00,98.3109468489,2.7851345578949527,96.74019452581507,1.645387966469857,96.67769162888946,78.96802690579074
2016-11-10 00:00:00+00:00,97.6817437147,-0.6400132989941132,97.21096912025754,0.5026873337378719,76.93912916827747,35.058399710482064
2016-11-11 00:00:00+00:00,96.8073965022,-0.8950978752526262,97.00918281122878,-0.19620527075737715,53.97068827259909,33.00806544584922
2016-11-14 00:00:00+00:00,95.2793317478,-1.5784586814761359,96.14425727951439,-0.8873319761167565,30.27658657435415,26.72692268357262
2016-11-15 00:00:00+00:00,95.0505306081,-0.24013722126601245,95.59739394380719,-0.5637345986913844,27.55917063038492,53.000277118649706
2016-11-16 00:00:00+00:00,95.0832164852,0.0343878954603305,95.34030521450359,-0.26467335161552696,28.92612007195987,57.67039856423999
2016-11-17 00:00:00+00:00,95.25481734,0.18047438984851727,95.29756127725179,-0.04209948088350485,38.12131013620894,60.78102831410264
2016-11-18 00:00:00+00:00,94.9197870997,-0.3517199965899387,95.1086741884759,-0.19690973873672177,27.64649115522343,43.36654921381774
2016-11-21 00:00:00+00:00,94.6235741719,-0.31206657415788763,94.86612418018795,-0.2544881564473047,20.26260183632518,45.123777947916466
2016-11-22 00:00:00+00:00,92.764015236,-1.9652173913043969,93.81506970809397,-1.1098527738758508,5.764567866731565,15.346437531936283
2016-11-23 00:00:00+00:00,93.0355437531,0.29270888761034897,93.42530673059699,-0.4085719431327509,18.531851546295286,64.00747235601969
2016-11-25 00:00:00+00:00,93.9077262629,0.9374723622991077,93.6665164967485,0.2644502095831784,50.70844150877144,71.11857104658621
2016-11-28 00:00:00+00:00,93.0849125745,-0.8761938140174896,93.37571453562424,-0.3058718022171556,32.52825512327477,38.78570370943572
2016-11-29 00:00:00+00:00,92.550083677,-0.5745602404384709,92.96289910631212,-0.44021602132781323,24.102845836334616,45.021187289159
2016-11-30 00:00:00+00:00,91.5791635246,-1.0490753912103523,92.27103131545607,-0.7446457062690828,14.133860599090708,36.29660007864893
2016-12-01 00:00:00+00:00,91.6449886197,0.07187780775297359,91.95800996757804,-0.3363839492580546,17.599717054985746,62.23156234442845
2016-12-02 00:00:00+00:00,92.122220559,0.5207398096587434,92.04011526328901,0.09217793020034443,42.73594066166767,69.65255170985276
2016-12-05 00:00:00+00:00,92.1057642852,-0.01786352272029612,92.0729397742445,0.03715720374002415,42.07210762959307,51.4551590199856
2016-12-06 00:00:00+00:00,92.2045019278,0.10720028585209374,92.13872085102224,0.07217874479605894,49.17715635946052,55.50413895012615
2016-12-07 00:00:00+00:00,91.4146007869,-0.8566839193150488,91.77666081896112,-0.39225258725949497,19.89495996871285,28.25725044171492
2016-12-08 00:00:00+00:00,91.3240912812,-0.09900990095771389,91.55037605008056,-0.24563124410860443,18.04790529419648,54.559137220663686
2016-12-09 00:00:00+00:00,92.3690646655,1.1442472294439732,91.95972035779027,0.4493079926676844,68.57455100742533,76.11339669632538
2016-12-12 00:00:00+00:00,94.9197870997,2.7614466417269057,93.43975372874513,1.605377317197295,90.3526147217551,87.59465187279626
2016-12-13 00:00:00+00:00,95.3558783546,0.45943134537580477,94.39781604167257,1.0324043312865498,91.80844161711352,43.229041143652545
2016-12-14 00:00:00+00:00,94.615346035,-0.7765984985699248,94.5065810383363,0.12790291635831252,66.31748803658259,30.704067996726554
2016-12-15 00:00:00+00:00,95.3558783546,0.7826767544939939,94.93122969646814,0.4552898354261532,76.22098521963538,55.24269347661066
2016-12-16 00:00:00+00:00,95.3476502177,-0.008628872222649075,95.13943995708406,0.22333048160175206,75.84929221072244,43.513264173489766
2016-12-19 00:00:00+00:00,95.4628441341,0.12081463584785457,95.30114204559203,0.17207255872480332,78.0927457366487,46.31043629357183
2016-12-20 00:00:00+00:00,95.1666312062,-0.310291329141521,95.23388662589602,-0.06910938520835885,57.492788755398905,37.126112186130264
2016-12-21 00:00:00+00:00,94.8786464153,-0.3026111014437505,95.056266520598,-0.18586024332605466,41.520291639606526,37.457567070409475
2016-12-22 00:00:00+00:00,94.9856121948,0.11273957159105841,95.020939357699,-0.03656033586749813,49.35874643286899,56.19197170105886
2016-12-23 00:00:00+00:00,95.4134753128,0.4504504504561524,95.2172073352495,0.20694505729432713,71.93182190835523,67.91398674932822
2016-12-27 00:00:00+00:00,95.3723346283,-0.04311831674208566,95.29477098177475,0.08191337027612074,67.58666725753407,42.804717244370536
2016-12-28 00:00:00+00:00,94.7058555407,-0.6988180484387874,95.00031326123738,-0.3084523390813333,27.386532874603525,24.64636772037273
2016-12-29 00:00:00+00:00,95.0267528792,0.3388357949652754,95.0135330702187,0.015191727941971045,49.20619663496699,62.45433341187989
2016-12-30 00:00:00+00:00,94.7963650464,-0.24244523338904367,94.90494905830934,-0.11362675272353631,37.17588495850126,43.93232085370171
2017-01-03 00:00:00+00:00,95.3147376702,0.5468275324125305,95.10984336425467,0.2166003898444971,65.57858322652686,65.04572083140295
2017-01-04 00:00:00+00:00,95.1584030693,-0.164019337115473,95.13412321677734,0.02629052636451204,54.44371071586355,43.11294892616571
2017-01-05 00:00:00+00:00,96.1540076324,1.0462602681288624,95.64406542458866,0.5362753972466873,82.62525249771697,69.43436117047311
2017-01-06 00:00:00+00:00,95.6932319668,-0.4792058874566685,95.66864869569433,0.028534754895009395,57.802219773014706,37.03580424377541
2017-01-09 00:00:00+00:00,95.6767756931,-0.017196904485061726,95.67271219439716,0.005668925204973835,56.88666207715033,48.04839067539866
2017-01-10 00:00:00+00:00,95.5780380505,-0.10319917439183257,95.62537512244859,-0.04876512459342937,49.78897429707854,45.811125883311334
2017-01-11 00:00:00+00:00,94.401414476,-1.2310606060759621,95.0133947992243,-0.6399128653346957,15.413376061517635,23.910295638003557
2017-01-12 00:00:00+00:00,94.3109049702,-0.0958772771598837,94.66214988471215,-0.3678950712472897,14.27607895627605,55.806948917208935
2017-01-13 00:00:00+00:00,94.2944486965,-0.017448961713606437,94.47829929060607,-0.19267201648044807,13.99446064388438,57.646884932692764
2017-01-17 00:00:00+00:00,94.5166083924,0.23560209426014556,94.49745384150305,0.021465038889848742,38.54391607069311,64.749803050215
2017-01-18 00:00:00+00:00,94.3767300653,-0.14799338389215322,94.43709195340152,-0.06326417250115224,30.359518246971664,46.87476015321434
2017-01-19 00:00:00+00:00,93.9653232211,-0.43591979073162035,94.20120758725076,-0.2495919816163863,15.6751556832089,35.7598958735532
2017-01-20 00:00:00+00:00,93.9241825367,-0.04378283710384512,94.06269506197538,-0.1466874093601157,14.61481641256531,56.723461547031086
2017-01-23 00:00:00+00:00,93.7267072514,-0.21024967156124674,93.89470115668769,-0.17846854046068122,9.828119654224288,46.96438422381539
2017-01-24 00:00:00+00:00,91.9576578213,-1.8874550082666808,92.92617948899385,-1.032961774363681,1.8196521995809782,13.045175052185625
2017-01-25 00:00:00+00:00,92.8133840573,0.930565497506386,92.86978177314693,-0.05119813842864751,38.29954138203615,69.16746995391233
2017-01-26 00:00:00+00:00,92.0234829164,-0.8510638297730244,92.44663234477346,-0.45113098410083596,25.289111071016336,42.905805085531696
2017-01-27 00:00:00+00:00,93.2906159966,1.3769670958348135,92.86862417068673,0.46291805586698875,58.89151320014821,66.65491426101802
2017-01-30 00:00:00+00:00,93.0849125745,-0.22049744221593892,92.97676837259337,0.12121030682552492,53.0783274863514,46.052770830779814
2017-01-31 00:00:00+00:00,93.1836502171,0.10607265975672853,93.08020929484668,0.11364148329112672,56.19182914006462,50.72322351960657
2017-02-01 00:00:00+00:00,93.1671939433,-0.017660044183342993,93.12370161907334,0.047990719553891864,55.27488376524703,48.3445402964847
2017-02-02 00:00:00+00:00,93.4469505974,0.30027377906245434,93.28532610823667,0.17413224930817311,68.41696903366163,56.25191469180634
2017-02-03 00:00:00+00:00,93.5045475556,0.06163599543032028,93.39493683191833,0.1178841223692467,71.04453555742647,47.982209182461744
2017-02-06 00:00:00+00:00,93.3070722703,-0.21119324189294852,93.35100455110916,-0.046654559761850914,49.755861073954485,38.32098144887742
2017-02-07 00:00:00+00:00,93.3728973654,0.07054673723907445,93.36195095825457,0.01194608873861177,56.30284282095826,52.984597130548664
2017-02-08 00:00:00+00:00,93.3070722703,-0.07049700390295843,93.33451161427729,-0.02927545758217333,47.097413664868064,44.9583805568311
2017-02-09 00:00:00+00:00,93.8665855785,0.5996472663713615,93.60054859638865,0.28518590439459407,82.84948122591933,73.53272312746219
2017-02-10 00:00:00+00:00,94.8210494571,1.0168302945266827,94.21079902674433,0.6510080994606384,93.71609474850295,82.17414215842207
2017-02-13 00:00:00+00:00,95.3476502177,0.5553627212681711,94.77922462222216,0.6031854103644048,95.87767848772805,53.30001124673789
2017-02-14 00:00:00+00:00,95.7426007881,0.414221608501375,95.26091270516108,0.5087035094328899,97.02785587358777,45.900621327739294
2017-02-15 00:00:00+00:00,96.4337642864,0.7218975593003885,95.84733849578055,0.6153005343666391,98.28438424228194,62.79122732325884
2017-02-16 00:00:00+00:00,97.1578403323,0.7508532423867065,96.50258941404027,0.6830768883766728,98.96919786132068,64.36194617401196
2017-02-17 00:00:00+00:00,97.7996350093,0.6605691056994933,97.15111221167014,0.6718229970380831,99.32658468717204,53.74988909691761
2017-02-21 00:00:00+00:00,98.45788596,0.6730607436698399,97.80449908583506,0.6724418703539615,99.56083409005633,55.28016520740056
2017-02-22 00:00:00+00:00,98.3426920437,-0.11699816137307195,98.07359556476753,0.2777218544904448,91.23045696919839,13.355991857958845
2017-02-23 00:00:00+00:00,100.1364258845,1.8239625167093543,99.10501072463376,1.0508421855998995,97.03162126453637,77.16742862910242
2017-02-24 00:00:00+00:00,101.6421749343,1.5036976170257788,100.37359282946687,1.277269901312839,98.38055439668305,65.26989900186473
2017-02-27 00:00:00+00:00,101.3688764928,-0.2688829136887949,100.87123466113343,0.504193493812022,87.54883728573667,28.627123271923505
2017-02-28 00:00:00+00:00,101.2115228447,-0.15522875812002956,101.04137875291671,0.17448236784599624,79.94695899019219,32.283416883991244
2017-03-01 00:00:00+00:00,102.5780150523,1.350135013477427,101.80969690260835,0.7623086906617116,90.59018422630064,66.44010892546723
2017-03-02 00:00:00+00:00,102.3875343203,-0.1856935249749947,102.09861561145418,0.28830758284335845,81.54109817631698,37.496073081195995
2017-03-03 00:00:00+00:00,102.5200426556,0.12941842596332354,102.30932913352709,0.208863004403341,83.2835145935332,44.885458971694675
2017-03-06 00:00:00+00:00,102.453788488,-0.06462557553020831,102.38155881076355,0.07211871443656634,77.77721608569344,40.46646950900062
2017-03-07 00:00:00+00:00,102.5531697394,0.09700105078265242,102.46736427508178,0.08455988260960938,80.65496411517825,46.98727665130195
2017-03-08 00:00:00+00:00,102.7767775552,0.21804086247962928,102.62207091514088,0.15130037254461934,86.53834094896645,52.795338066393526
2017-03-09 00:00:00+00:00,104.3089051819,1.4907332795845996,103.46548804852044,0.8210168260646095,96.7371727555089,82.69608239468471
2017-03-10 00:00:00+00:00,104.5242312268,0.20643112352152215,103.99485963766023,0.5137239747930658,97.18652577333324,42.21753143304265
2017-03-13 00:00:00+00:00,104.9134744617,0.3723952143263487,104.45416704968011,0.4430595945597072,97.95149809763713,47.22487584278742
2017-03-14 00:00:00+00:00,105.219899987,0.29207451842792054,104.83703351834006,0.3675670564938139,98.44935999633917,44.42981983637992
2017-03-15 00:00:00+00:00,106.8017182395,1.5033451397458375,105.81937587892003,0.9354560981198257,99.46193739680675,76.24015588321151
2017-03-16 00:00:00+00:00,106.3876296917,-0.3877171216210451,106.10350278531001,0.2738694882493903,79.16322013530555,32.573635432742726
2017-03-17 00:00:00+00:00,106.0563588535,-0.31138097461141934,106.079930819405,-0.018755743181014528,63.58990413179655,34.833612963989694
2017-03-20 00:00:00+00:00,106.0646406245,0.0078088396485931355,106.07228572195251,-0.005473451766210696,63.85654004182767,46.153495932283576
2017-03-21 00:00:00+00:00,105.3855354061,-0.6402748497533972,105.72891056402625,-0.32287415075980397,33.59552989373025,30.184548192395045
2017-03-22 00:00:00+00:00,104.5656400816,-0.7779960706567279,105.14727532281313,-0.5504351107082659,18.079568311756514,27.18620515497711
2017-03-23 00:00:00+00:00,104.2674963272,-0.2851259306281939,104.70738582500657,-0.4177805206682299,14.441518598803539,52.509730921162905
2017-03-24 00:00:00+00:00,103.919661947,-0.3335980937995142,104.31352388600328,-0.37568930723387206,10.68046973909544,49.94717928234012
2017-03-27 00:00:00+00:00,104.1846786176,0.2550207204630395,104.24910125180165,-0.06033429338541629,31.167594260756896,73.50197481232432
2017-03-28 00:00:00+00:00,104.0687338242,-0.11128775837142557,104.15891753800082,-0.08581102587842093,27.089927460304857,51.06808993491
2017-03-29 00:00:00+00:00,103.4558827736,-0.58889065724127,103.80740015580041,-0.33735084155984546,13.296990440924098,31.97909974432012
2017-03-30 00:00:00+00:00,103.2405567287,-0.20813320531148927,103.52397844225021,-0.27274202343566734,10.483792886737803,52.99172688787179
2017-03-31 00:00:00+00:00,103.1494572482,-0.0882400128269345,103.33671784522511,-0.18049101813130092,9.242820823410797,58.977226052622505
2017-04-03 00:00:00+00:00,103.2654020416,0.11240465678943323,103.30105994341255,-0.03404318067093384,25.97173499064119,68.91347762736252
2017-04-04 00:00:00+00:00,103.2571202706,-0.00801988936881548,103.27909010700628,-0.02103153501987466,25.468747053710253,56.57641824385153
2017-04-05 00:00:00+00:00,103.3565015221,0.09624639079568453,103.31779581455314,0.037607427887904936,44.73440876590731,64.76795617651676
2017-04-06 00:00:00+00:00,103.563545796,0.20032051283751517,103.44067080527657,0.11896397036271006,69.42910483016676,72.52738757928608
2017-04-07 00:00:00+00:00,103.4558827736,-0.10395841661512417,103.44827678943828,0.0075027768737929434,51.48492687132743,36.89353775050149
2017-04-10 00:00:00+00:00,102.9755400581,-0.4642971502656579,103.21190842376913,-0.22839718669593245,18.8613747462914,19.70016873782455
2017-04-11 00:00:00+00:00,102.8761588067,-0.0965095704707375,103.04403361523457,-0.16245337858333497,15.761803841829694,53.136686640989794
2017-04-12 00:00:00+00:00,103.8534077794,0.9499275478745295,103.44872069731728,0.39373708464559726,75.39722726182951,83.12513646135588
2017-04-13 00:00:00+00:00,103.5138551702,-0.3269537480380613,103.48128793375864,0.03339166830376797,55.07597212034221,38.28445791928081
2017-04-17 00:00:00+00:00,104.11842445,0.5840467237993918,103.79985619187931,0.3087191960515799,73.8786834440763,60.87258745438507
2017-04-18 00:00:00+00:00,100.8885337774,-3.1021317213180355,102.34419498463966,-1.3967062626332278,16.9676493550403,18.89607545304008
2017-04-19 00:00:00+00:00,100.5158540844,-0.36939747169115744,101.43002453451983,-0.8830518671621926,14.971545514712021,54.09626094023669
2017-04-20 00:00:00+00:00,100.9299426322,0.4119634176836362,101.17998358335991,-0.23554422473927822,28.91010980501592,61.30002240759017
2017-04-21 00:00:00+00:00,100.8388431517,-0.09026011322722516,101.00941336752996,-0.1629021689832517,27.4264403953565,53.24403354370271
2017-04-24 00:00:00+00:00,101.7746832696,0.9280551904905732,101.39204831856497,0.3825765107536607,59.47413164821803,66.59573508570477
2017-04-25 00:00:00+00:00,102.2218989012,0.43941736513719576,101.80697360988249,0.41099693794542824,69.2178351169952,55.24142996964814
2017-04-26 00:00:00+00:00,102.2881530689,0.06481406470841833,102.04756333939125,0.23790550132692329,70.77908707475844,46.18615350838114
2017-04-27 00:00:00+00:00,102.4786338008,0.18621973922208213,102.26309857009562,0.2120626202745027,76.02341925696234,50.15798690094163
2017-04-28 00:00:00+00:00,102.255025985,-0.21819945046754885,102.25906227754781,-0.003068415096523072,57.7673892705356,36.64399100659252
2017-05-01 00:00:00+00:00,102.1473629626,-0.10528873408706119,102.20321262007391,-0.05417857459179213,49.22942133027527,43.06784917200455
2017-05-02 00:00:00+00:00,102.445506717,0.29187611481380493,102.32435966853696,0.1188487701110064,68.54235899407722,62.91009283328681
2017-05-03 00:00:00+00:00,102.1390811917,-0.29911075177408986,102.23172043011849,-0.09013099083154172,43.20502308475828,35.38422003066223
2017-05-04 00:00:00+00:00,102.6525509909,0.5027162896015236,102.44213571050923,0.20629264938499092,70.55949652181815,65.82009353596501
2017-05-05 00:00:00+00:00,102.2881530689,-0.35498184748696815,102.36514438970462,-0.07434459905098861,46.644470954786385,37.487784085702714
2017-05-08 00:00:00+00:00,102.072827024,-0.21050927056524005,102.21898570685232,-0.14242693480811433,35.86880318360868,43.61966032742697
2017-05-09 00:00:00+00:00,102.0396999402,-0.03245436103402888,102.12934282352616,-0.0874406479210716,34.05336305068457,52.274158229293306
2017-05-10 00:00:00+00:00,101.708429102,-0.3246489732860236,101.91888596276308,-0.2060448106035476,19.357298471405343,37.938830215584275
2017-05-11 00:00:00+00:00,102.0314181692,0.31756371625411006,101.97515206598155,0.05575945282528123,50.56102116517608,67.40663288022847
2017-05-12 00:00:00+00:00,102.3958160913,0.3571428572086699,102.18548407864077,0.20645115501697556,70.12422146651622,68.77713371690727
2017-05-15 00:00:00+00:00,105.1702093613,2.709479132942527,103.67784671997038,1.4579651439797514,94.58685755632858,93.42489011497811
2017-05-16 00:00:00+00:00,105.8161874958,0.6142215922389394,104.74701710788518,1.0360933681093454,95.79062521973627,45.46860576028892
2017-05-17 00:00:00+00:00,104.9051926907,-0.8609219691799508,104.8261048992926,0.0875856994646973,65.14523220882499,29.485061125508047
2017-05-18 00:00:00+00:00,105.1536458194,0.23683587277945062,104.9898753593463,0.16221078612207396,69.17898232276545,49.35713677467986
2017-05-19 00:00:00+00:00,105.1784911323,0.02362762860612655,105.08418324582314,0.09291920736410025,69.70489128496604,45.612300943380305
2017-05-22 00:00:00+00:00,105.3938171771,0.20472440941290415,105.23900021146157,0.1488218083885022,75.20499779954804,50.40639449116482
2017-05-23 00:00:00+00:00,105.6091432219,0.204306144864419,105.42407171668079,0.17656397662646062,80.51207536646513,50.391006198640014
2017-05-24 00:00:00+00:00,105.600861451,-0.007841907099459533,105.51246658384039,0.08436103476350054,79.53001037103628,40.89298980104552
2017-05-25 00:00:00+00:00,106.3130937531,0.6744569052881122,105.91278016847019,0.37940897002580637,92.04588034639117,69.0425594050878
2017-05-26 00:00:00+00:00,105.8045782102,-0.47831882691794503,105.8586791893351,-0.04945492844606933,55.62313349555085,31.28395679085352
2017-05-30 00:00:00+00:00,105.9629682973,0.14970059876362463,105.91082374331755,0.05012283515877765,62.54728645832447,52.508367490702796
2017-05-31 00:00:00+00:00,106.9133088202,0.8968609865982913,106.41206628175877,0.4734919108785345,84.42245786285987,69.38394757072095
2017-06-01 00:00:00+00:00,107.3551338001,0.41325536060532464,106.8836000409294,0.44337363574192956,88.93101997252622,51.586843763646705
2017-06-02 00:00:00+00:00,108.438855449,1.0094735207707206,107.66122774496469,0.7264235782563251,94.63938973902292,67.16296645845581
2017-06-05 00:00:00+00:00,108.6722724195,0.21525215249968976,108.16675008223234,0.4708378653780074,95.40498217193978,40.88146990618149
2017-06-06 00:00:00+00:00,109.0640794772,0.3605400429904648,108.61541477971616,0.4156889541842361,96.62030569629276,46.613766024732136
2017-06-07 00:00:00+00:00,108.9973889141,-0.06114805481298724,108.80640184690807,0.17727044968562444,90.50839558097765,32.777161798607175
2017-06-08 00:00:00+00:00,108.8306625066,-0.1529636711126936,108.81853217675405,0.012153389286465421,73.15502046675141,29.880367049861697
2017-06-09 00:00:00+00:00,109.6476219035,0.750670241348983,109.23307704012703,0.38141181531772417,88.85745249062094,69.57549186883021
2017-06-12 00:00:00+00:00,109.8893751944,0.2204820193116186,109.56122611726352,0.3009469173146714,91.15416174408442,46.43858389032855
2017-06-13 00:00:00+00:00,110.0561016019,0.15172204519777743,109.80866385958176,0.2263344812562244,92.70884261619571,43.61694663008874
2017-06-14 00:00:00+00:00,110.6813256301,0.5680957430798328,110.24499474484088,0.39721511216802863,96.33353993694797,63.668391770418765
2017-06-15 00:00:00+00:00,110.9064062802,0.20335919254548251,110.57570051252044,0.30028715235675557,97.10950371546724,43.39189374153078
2017-06-16 00:00:00+00:00,111.9984642495,0.9846662658430816,111.28708238101022,0.6424767090999186,98.86212461097854,72.02188610710208
2017-06-19 00:00:00+00:00,111.7650472789,-0.20841086720619906,111.52606482995512,0.21703292094685978,82.77145386555607,33.367272400891466
2017-06-20 00:00:00+00:00,111.8900920846,0.11188185281929552,111.70807845727757,0.16445738688307765,84.76412689385725,45.209018208273434
2017-06-21 00:00:00+00:00,112.4652981905,0.5140813589330939,112.08668832388878,0.3392693729080858,91.5265017994815,58.950219618936536
2017-06-22 00:00:00+00:00,113.4156387133,0.8450077829254221,112.75116351859438,0.592138577916754,95.96493385208113,68.65294161255076
2017-06-23 00:00:00+00:00,113.7324188876,0.2793090775609741,113.2417912030972,0.43572382773886403,96.8023903924354,42.74573693297063
2017-06-26 00:00:00+00:00,113.6573920042,-0.0659678956394516,113.4495916036486,0.18487796604970622,90.15499394655463,31.769650222672016
2017-06-27 00:00:00+00:00,112.5486613943,-0.9755024203432661,112.9991264989743,-0.39531222714677994,35.74487516638987,15.769656976600361
2017-06-28 00:00:00+00:00,111.5566392695,-0.88141619145925,112.27788288423716,-0.638364209303015,19.748723884362022,21.874810397698553
2017-06-29 00:00:00+00:00,110.5729534652,-0.8817814974898974,111.42541817471857,-0.7600728533964562,11.85666221293082,21.865580198840092
2017-06-30 00:00:00+00:00,110.281182252,-0.26387213514363905,110.85330021335929,-0.5119724942700477,10.066798006397955,62.264783432154374
2017-07-03 00:00:00+00:00,110.789697795,0.46110817150837313,110.82149900417964,-0.02543216138083726,35.51551622537088,80.24294567556191
2017-07-05 00:00:00+00:00,111.4065855028,0.5568096312903226,111.11404225348983,0.26568873495474266,57.433711257400404,81.94609674396686
2017-07-06 00:00:00+00:00,110.4729176207,-0.8380724334079215,110.79347993709492,-0.2861918492265894,32.41798426229471,28.407192498540176
2017-07-07 00:00:00+00:00,110.4895902614,0.015092061528809708,110.64153509924745,-0.13554989384888985,33.197353299826844,55.23813474560942
2017-07-10 00:00:00+00:00,109.6642945442,-0.7469443186887359,110.15291482172373,-0.44124710626881286,17.88394633220764,36.7736424463719
2017-07-11 00:00:00+00:00,109.3975322922,-0.24325351574890908,109.77522355696186,-0.34225031100886094,14.615212605311575,52.51206564856031
2017-07-12 00:00:00+00:00,110.2311643298,0.7620208793863492,110.00319394338092,0.20988528418874414,54.01401204521283,72.78945808612981
2017-07-13 00:00:00+00:00,109.9227204759,-0.2798154730337177,109.96295720964045,-0.03496509442248677,43.001647798592494,43.74901445194491
2017-07-14 00:00:00+00:00,110.5396081837,0.5612012740671357,110.25128269667022,0.2631180898223245,64.6333071824265,62.07185377174995
2017-07-17 00:00:00+00:00,110.1644737668,-0.3393665158253345,110.20787823173511,-0.03812421300150501,48.01244890596522,40.751021242162615
2017-07-18 00:00:00+00:00,112.0901637736,1.748013620866895,111.14902100266755,0.8549447039326951,82.55511631351598,72.99775433784627
2017-07-19 00:00:00+00:00,112.7153878018,0.5577867023754512,111.93220440223378,0.7063657031540731,86.82003911705421,49.81064899817888
2017-07-20 00:00:00+00:00,113.8491273729,1.0058427630959876,112.89066588756688,0.8561042331250304,92.08403736577829,57.44364903021406
2017-07-21 00:00:00+00:00,112.7987510055,-0.922603792965071,112.84470844653345,-0.03324977992002032,59.21649610302287,28.984695155808357
2017-07-24 00:00:00+00:00,110.8813973191,-1.6998004581686432,111.86305288281673,-0.8665251190443317,29.948039841107335,22.304561153030328
2017-07-25 00:00:00+00:00,109.9393931166,-0.8495601834715871,110.90122299970837,-0.8580426512579594,21.952025350599705,43.625315466290154
2017-07-26 00:00:00+00:00,109.1641153217,-0.7051865331635598,110.03266916070419,-0.7816145922107596,16.510118301443836,47.30819600948112
2017-07-27 00:00:00+00:00,109.0640794772,-0.09163802977306679,109.54837431895209,-0.4366263109919132,15.754220636226197,62.799916319287306
2017-07-28 00:00:00+00:00,109.9143841555,0.7796376977424302,109.73137923722604,0.1715056933752585,46.805962115748414,77.12537500098303
2017-07-31 00:00:00+00:00,110.6396440282,0.6598407281015461,110.18551163271302,0.41567321073840235,63.85223934991577,71.45055970376214
2017-08-01 00:00:00+00:00,110.4645813003,-0.1582278481078392,110.3250464665065,0.12872268131528158,57.21390009279873,40.74310972449678
2017-08-02 00:00:00+00:00,110.1728100871,-0.26413100902161757,110.24892827680326,-0.06770416385316799,45.41109374554848,37.60482621372367
2017-08-03 00:00:00+00:00,111.1648322119,0.900423728881683,110.70688024435162,0.4163597825142575,73.39841768130078,72.51938973800026
2017-08-04 00:00:00+00:00,111.0231147655,-0.12748406450150407,110.86499750492581,0.1444378590063767,66.13288184993239,41.657017606225075
2017-08-07 00:00:00+00:00,110.7563525135,-0.24027631774107272,110.8106750092129,-0.04791922936734801,51.68672613222907,38.93007043126783
2017-08-08 00:00:00+00:00,110.2645096113,-0.4440764714963463,110.53759231025646,-0.24599785043184716,32.2210966172647,33.06384898018057
2017-08-09 00:00:00+00:00,111.0647963674,0.7257881605977623,110.80119433882822,0.23989515508295756,64.68337910305382,70.86521313506896
2017-08-10 00:00:00+00:00,110.9480878821,-0.1050814381489018,110.87464111046411,0.06740685846702787,58.54923720793891,44.245462138212794
2017-08-11 00:00:00+00:00,110.9564242025,0.007513712547146945,110.91553265648206,0.03746028550708741,58.96617032648632,48.200702136771504
2017-08-14 00:00:00+00:00,111.2732043768,0.28549962435870935,111.09436851664103,0.16147995493289838,73.91920952339468,58.97788059280572
2017-08-15 00:00:00+00:00,111.189841173,-0.0749175906876065,111.14210484482052,0.043281182122645936,64.62344359326737,41.988276777100744
2017-08-16 00:00:00+00:00,111.8484104827,0.5922926975633791,111.49525766376027,0.31778693984301254,85.79372112581797,67.76970054049892
2017-08-17 00:00:00+00:00,110.9064062802,-0.8422151002724365,111.20083197198014,-0.262214080214712,37.56348031628862,27.851492316641874
2017-08-18 00:00:00+00:00,110.5646171448,-0.30817799157289993,110.88272455839007,-0.28519603589380593,28.763179940637244,45.709069609426976
2017-08-21 00:00:00+00:00,111.2481954156,0.6182613284906102,111.06545998699502,0.16653264629840214,58.16573493375702,66.97769352689504
2017-08-22 00:00:00+00:00,112.2902354626,0.9366804046637922,111.67784772479752,0.5516065254810971,78.47781322622002,72.52649869815762
2017-08-23 00:00:00+00:00,110.7063345912,-1.4105419450541001,111.19209115799876,-0.4294677097865015,37.245807597037135,25.37693597538011
2017-08-24 00:00:00+00:00,110.7813614746,0.06777108435307433,110.98672631629938,-0.1808483127167136,39.504167692381984,53.769838844963786
2017-08-25 00:00:00+00:00,110.4729176207,-0.2784257656652134,110.72982196849969,-0.22963703919096348,32.329525455022704,47.43052030682521
2017-08-28 00:00:00+00:00,110.5232546123,0.04556500605226166,110.62653829039985,-0.09203601656935091,35.21002328337603,54.895439083722465
2017-08-29 00:00:00+00:00,110.9175610467,0.3567633216947641,110.77204966854993,0.1323636525627066,56.81119749553373,62.556130775619934
2017-08-30 00:00:00+00:00,109.9611582058,-0.862264579093408,110.36660393717497,-0.36495046326535074,25.671349526357357,31.30992749316382
2017-08-31 00:00:00+00:00,111.0517930244,0.9918364233294064,110.70919848078748,0.3134429800320278,61.63857919955986,67.8952807757787
2017-09-01 00:00:00+00:00,109.9276002114,-1.0123139684498295,110.31839934609374,-0.34943549420890085,35.25880636549132,36.432759449361285
2017-09-05 00:00:00+00:00,108.9795868691,-0.8623979241581647,109.64899310759688,-0.6059167091835328,22.87517970316653,39.57458894929938
2017-09-06 00:00:00+00:00,109.6255782616,0.5927636643327627,109.63728568459844,-0.006576522425385034,43.248476436312,64.86119724601579
2017-09-07 00:00:00+00:00,110.9007820495,1.1632356317947679,110.26903386704922,0.5783295546846914,68.15626815563458,71.80063958120607
2017-09-08 00:00:00+00:00,109.8856527184,-0.9153491186806084,110.0773432927246,-0.16850978199795852,44.719855605025316,34.53032887887935
2017-09-11 00:00:00+00:00,111.7565109071,1.7025500075923183,110.9169270999123,0.7670201127971799,71.65987310862496,66.94525145414192
2017-09-12 00:00:00+00:00,111.2699199881,-0.43540274750030195,111.09342354400616,0.16580868264843895,60.211970313025816,41.671112129552355
2017-09-13 00:00:00+00:00,111.1189090132,-0.135715901400979,111.10616627860307,0.015046390623729977,56.044087750431345,45.96080597300019
2017-09-14 00:00:00+00:00,112.5702922717,1.3061532653525054,111.83822927515153,0.6605998279881177,77.99920766247014,64.69762770827411
2017-09-15 00:00:00+00:00,112.796808734,0.20122223877083734,112.31751900457576,0.4309110333794775,80.30245005849679,46.26035753405378
2017-09-18 00:00:00+00:00,113.5770321042,0.6917069542631715,112.94727555438789,0.5613089938213245,87.21679995524391,54.83128081480249
2017-09-19 00:00:00+00:00,113.4428001266,-0.11818584718505942,113.19503784049394,0.22156157331813253,79.97232129031181,39.30483295158681
2017-09-20 00:00:00+00:00,111.7649004057,-1.4790711433669612,112.47996912309696,-0.6287547850244144,31.270592752128636,22.935363845634217
2017-09-21 00:00:00+00:00,110.5316441109,-1.1034379222129242,111.50580661699848,-0.8660963536186693,18.70918798202007,34.269519634340206
2017-09-22 00:00:00+00:00,110.2296221612,-0.27324478173597067,110.86771438909923,-0.5696705676773199,16.303403115681423,55.81363701453508
2017-09-25 00:00:00+00:00,110.0450531919,-0.16744044448423478,110.45638379049961,-0.36855550608077736,14.584310796550358,58.41902360237148
2017-09-26 00:00:00+00:00,109.852094724,-0.1753449721756395,110.1542392572498,-0.2719502391282084,12.514908094586097,58.0355445073285
2017-09-27 00:00:00+00:00,108.8537443901,-0.9088131968792323,109.50399182367491,-0.5903817180037204,5.956052977807538,30.327007484922174
2017-09-28 00:00:00+00:00,108.6188384291,-0.21579961471804854,109.06141512638746,-0.4030906663608845,5.026329754261087,58.44539424726386
2017-09-29 00:00:00+00:00,109.0718713538,0.4170850390705638,109.06664324009373,0.006997186354839674,34.57162100001821,73.23962106169644
2017-10-02 00:00:00+00:00,110.0870006849,0.9306976386305843,109.57682196249687,0.468847412492712,68.01515539173819,81.33066186107295
2017-10-03 00:00:00+00:00,110.8252765621,0.6706294772378607,110.20104926229843,0.5697384448652864,79.46550243542879,66.14163824792604
2017-10-04 00:00:00+00:00,111.4880469518,0.5980317940633473,110.8445481070492,0.5838851194643169,86.1447179188406,61.34454323123123
2017-10-05 00:00:00+00:00,111.7397319099,0.22575062078968866,111.2921400084746,0.40481787012700277,88.3105335552505,39.376867503874095
2017-10-06 00:00:00+00:00,111.7649004057,0.022524213518160252,111.5285202070873,0.2136710418225815,88.57834335938746,30.448462780988212
2017-10-09 00:00:00+00:00,111.9578588736,0.17264674973946903,111.74318954034365,0.19315889578102527,90.96008205337124,44.41393557362837
2017-10-10 00:00:00+00:00,112.3353863108,0.3372049456807025,112.03928792557183,0.2651819207308639,94.39205911205201,58.21073919382351
2017-10-11 00:00:00+00:00,114.642498427,2.0537714712769883,113.34089317628592,1.1594766960039262,98.7482545327591,91.44310312186522
2017-10-12 00:00:00+00:00,114.7935094019,0.1317233809206897,114.06720128909296,0.645600038462308,98.83695606429741,39.15109454745601
2017-10-13 00:00:00+00:00,114.4579294577,-0.29233355260975813,114.26256537339648,0.1766332429262749,79.95174709832894,32.92083199773423
2017-10-16 00:00:00+00:00,114.197855001,-0.22722275156665805,114.23021018719824,-0.02529475432019157,65.4203257198491,35.29241200781164
2017-10-17 00:00:00+00:00,118.1157508491,3.430796356083654,116.17298051814912,1.7027508008817311,93.22898887266412,83.73951462614626
2017-10-18 00:00:00+00:00,118.0234663645,-0.07813054900518424,117.09822344132456,0.8123101259382735,90.65320488431236,40.31192401301747
2017-10-19 00:00:00+00:00,119.1644381747,0.9667330111083672,118.13133080801228,0.8895215685233203,93.81982863652134,51.53768881275718
2017-10-20 00:00:00+00:00,119.4664601244,0.2534497324254037,118.79889546620615,0.571485650474362,94.55261393683564,43.215113471439
2017-10-23 00:00:00+00:00,120.4899789541,0.8567415730190708,119.64443721015307,0.7141136117467164,96.60118886394638,52.87073308985512
2017-10-24 00:00:00+00:00,118.8288582305,-1.3786380726589664,119.23664772032654,-0.332262230456125,50.4312083967983,27.1819632785531
2017-10-25 00:00:00+00:00,119.4832391216,0.5506918949188533,119.35994342096328,0.10921483223136413,61.34750689017882,55.29988002628531
2017-10-26 00:00:00+00:00,118.9714797068,-0.4283106304802886,119.16571156388164,-0.15954789912446224,48.75268336975586,42.738619433625864
2017-10-27 00:00:00+00:00,118.946311211,-0.021155066627753794,119.05601138744082,-0.09035148287610802,48.025325463740096,49.84561101669784
2017-10-30 00:00:00+00:00,117.4529804594,-1.2554662153002494,118.25449592342041,-0.6729088490881787,20.6310185870139,31.862644347709992
2017-10-31 00:00:00+00:00,116.9580000418,-0.421428571385718,117.6062479826102,-0.5471687102369484,16.072721003292685,50.106931218616864
2017-11-01 00:00:00+00:00,117.4362014622,0.4088659349758883,117.5212247224051,-0.06915138763053003,36.42746471533532,64.3578597696734
2017-11-02 00:00:00+00:00,117.3942539692,-0.03571938846600453,117.45773934580254,-0.05243538804826728,35.30095395440622,52.34846516811529
2017-11-03 00:00:00+00:00,117.5200964482,0.10719645531629407,117.48891789700127,0.027380533634013396,43.204673361680854,56.28211070563113
2017-11-06 00:00:00+00:00,117.2516324929,-0.22844089088909225,117.37027519495064,-0.10053017862753943,31.062025775029355,43.60238781082973
2017-11-07 00:00:00+00:00,117.2600219915,0.007155123064483959,117.31514859322532,-0.04668752778152774,31.958418543740876,54.415395189054784
2017-11-08 00:00:00+00:00,118.5603942752,1.1089647278031967,117.93777143421266,0.5311386000108345,83.08757618647442,80.5607659757996
2017-11-09 00:00:00+00:00,117.7466129106,-0.6863855080568082,117.84219217240633,-0.07762345402298687,48.72074663827752,33.54072761376448
2017-11-10 00:00:00+00:00,117.0838425208,-0.5628785180455398,117.46301734660317,-0.32025098603426333,32.36611997513322,37.31601161267853
2017-11-13 00:00:00+00:00,117.2516324929,0.1433075379894344,117.35732491975159,-0.08847172402241446,40.012902076214516,57.85118180407863
2017-11-14 00:00:00+00:00,117.0251160306,-0.1931883228267317,117.1912204751758,-0.14083002342457307,32.55862550504836,46.87533745078221
2017-11-15 00:00:00+00:00,116.697925585,-0.27958993479182404,116.9445730300879,-0.21020997910819855,23.195800325821814,43.68325518243475
2017-11-16 00:00:00+00:00,116.5049671171,-0.16534867002365727,116.72477007359394,-0.1877793245659279,18.491737963194144,50.384282130857535
2017-11-17 00:00:00+00:00,115.7750807386,-0.6264852019282396,116.24992540609696,-0.4071322632470838,8.598175606040478,29.285588620372877
2017-11-20 00:00:00+00:00,115.7163542483,-0.05072463774186131,115.98313982719847,-0.22892845049447255,8.076649279699069,60.36781623668968
2017-11-21 00:00:00+00:00,116.0603236911,0.29725222941427987,116.02173175914923,0.03416188945990366,40.033102944948794,71.66048030183755
2017-11-22 00:00:00+00:00,115.1794263377,-0.7589995662467319,115.6005790484246,-0.36241883839341416,17.141453703149956,31.192686361237303
2017-11-24 00:00:00+00:00,115.7834702372,0.5244373224511323,115.6920246428123,0.08100924202885906,47.827188468091535,66.09253145277034
2017-11-27 00:00:00+00:00,116.5636936074,0.6738642127426253,116.12785912510614,0.3774367273857422,69.62337302318637,68.85164464251257
2017-11-28 00:00:00+00:00,118.1842750102,1.3902968863171994,117.15606706765307,0.8838668068514708,86.80198393827773,80.35064910696717
2017-11-29 00:00:00+00:00,118.0070239192,-0.1499785745478488,117.58154549342653,0.366944116151811,79.43220534348197,36.680960616687784
2017-11-30 00:00:00+00:00,117.6018785685,-0.3433230813255639,117.59171203096327,0.011810517413123556,61.52302621137447,33.27575513064942
2017-12-01 00:00:00+00:00,118.1505128976,0.46651833778355023,117.87111246428162,0.2391644275983369,73.60931756325024,57.856413906315304
2017-12-04 00:00:00+00:00,117.3317816681,-0.6929561365591197,117.60144706619081,-0.2268958544803914,43.21976978249904,32.301152259662686
2017-12-05 00:00:00+00:00,117.8888565253,0.4747859866100157,117.74515179574541,0.12394506606481215,60.05222592354353,59.395548658293734
2017-12-06 00:00:00+00:00,119.0620899367,0.9952029784496386,118.40362086622271,0.5595740222572254,79.37125448404963,67.9660227572954
2017-12-07 00:00:00+00:00,118.175834482,-0.744364100421202,118.28972767411136,-0.09239503908198832,51.27434390481627,33.02033288219862
2017-12-08 00:00:00+00:00,118.6653851141,0.4142561245671361,118.47755639410568,0.1609305427425739,62.32481261844001,55.750454535227654
2017-12-11 00:00:00+00:00,119.1296141618,0.391208478574967,118.80358527795283,0.27606951065877045,71.51405313140883,55.19158763222723
2017-12-12 00:00:00+00:00,120.3619312702,1.0344338954428878,119.58275827407641,0.6552517030508291,85.5488811588657,68.43701399351416
2017-12-13 00:00:00+00:00,120.6067065862,0.20336605886666081,120.09473243013821,0.429308880958745,87.3986962450445,43.51037407852672
2017-12-14 00:00:00+00:00,119.5600810969,-0.8678004059019306,119.82740676351911,-0.21924576247159283,47.99495892647642,25.53154179268344
2017-12-15 00:00:00+00:00,120.2437638762,0.5718319802291649,120.03558531985956,0.17629310887878605,63.92949125267446,59.3738608311218
2017-12-18 00:00:00+00:00,119.686689019,-0.46328794046530675,119.86113716942978,-0.14349741579326036,46.511315259134705,39.84454761056446
2017-12-19 00:00:00+00:00,119.6698079627,-0.014104372372869545,119.76547256606489,-0.07880089408306495,45.94234197354124,50.452627114911685
2017-12-20 00:00:00+00:00,119.1464952181,-0.43729722100257495,119.45598389208244,-0.2580490575428199,29.284370836765333,40.38758915688718
2017-12-21 00:00:00+00:00,119.0620899367,-0.07084159819009672,119.25903691439123,-0.16444532786645832,26.922661055103497,52.65560956700646
2017-12-22 00:00:00+00:00,118.2686802915,-0.6663830994582898,118.76385860294562,-0.4154142136623741,12.597583392443795,35.06465856351169
2017-12-26 00:00:00+00:00,118.2433587071,-0.021410219795803265,118.50360865502282,-0.21841221672908867,12.284667888684998,57.90818022506511
2017-12-27 00:00:00+00:00,118.6485040578,0.34263687629474404,118.57605635641141,0.062112329782827685,45.04547249834256,67.56789740246766
2017-12-28 00:00:00+00:00,118.6400635297,-0.007113893400534366,118.60805994305571,0.02749921819114666,44.52578691316574,50.775483121929945
2017-12-29 00:00:00+00:00,117.931059166,-0.5976095617333477,118.26955955452786,-0.2850551717711005,18.146750206103818,31.162204303357765
2018-01-02 00:00:00+00:00,117.5174732871,-0.35070140285760054,117.89351642081394,-0.3178782873143505,11.951321993667108,44.58725131638665
2018-01-03 00:00:00+00:00,118.6400635297,0.955253896463093,118.26678997525697,0.31868780457437124,63.159770351652256,78.24643046457525
2018-01-04 00:00:00+00:00,118.6316230015,-0.007114399595620213,118.44920648837848,0.1557867024893755,62.74818532324874,46.81417888411473
2018-01-05 00:00:00+00:00,119.6107242657,0.8253290643993161,119.02996537703925,0.4905578834443458,82.54271043884077,65.0372409420288
2018-01-08 00:00:00+00:00,119.7626537722,0.12701997035191592,119.39630957461962,0.30878892689813087,84.46419614387682,45.44463151256012
2018-01-09 00:00:00+00:00,121.6617726036,1.5857354288527192,120.52904108910981,0.9472621778754251,94.92918980202867,71.93567042177149
2018-01-10 00:00:00+00:00,121.5182836253,-0.11794089074101954,121.0236623572049,0.4146606435672028,88.19613058773513,38.869734004198925
2018-01-11 00:00:00+00:00,122.2104069327,0.5695631033879156,121.61703464495244,0.4921118734775592,92.19929059664312,52.17613483901102
2018-01-12 00:00:00+00:00,123.0291381623,0.6699357690960639,122.32308640362622,0.5810238212868115,95.12993216265944,54.352122349478755
2018-01-16 00:00:00+00:00,123.9575962576,0.7546652030311574,123.14034133061311,0.6678445121589844,97.0287412166205,56.83877753502639
2018-01-17 00:00:00+00:00,124.0588825953,0.08171047257927722,123.59961196295656,0.3747774923691308,97.20694063017316,34.468850046109594
2018-01-18 00:00:00+00:00,124.0082394264,-0.04082188057844549,123.80392569467827,0.16697780589534267,93.02270604577738,31.123340771349707
2018-01-19 00:00:00+00:00,124.3796226646,0.2994827117277499,124.09177417963915,0.23323025881154627,95.26478582394815,50.9543310245723
2018-01-22 00:00:00+00:00,125.0379838595,0.5293159609233822,124.56487901956957,0.3812731098674642,97.44659545290614,62.02959058163985
2018-01-23 00:00:00+00:00,119.7120106034,-4.2594842716630605,122.13844481148479,-1.9391055808977982,14.784399682506042,7.698250576221713
2018-01-24 00:00:00+00:00,119.9145832788,0.16921666788398682,121.02651404514239,-0.8849444565069057,18.7181517037239,58.32962955519854
2018-01-25 00:00:00+00:00,121.8812263353,1.640036601659678,121.4538701902212,0.3775460725763861,51.39340704590725,67.27282551964643
2018-01-26 00:00:00+00:00,122.6661954523,0.6440443213465263,122.06003282126059,0.5107951969614563,60.82268389035102,55.232281876543055
2018-01-29 00:00:00+00:00,121.2735083092,-1.135347141047971,121.6667705652303,-0.31227597204325735,40.11340460376934,37.328249881491104
2018-01-30 00:00:00+00:00,120.2184422918,-0.8699888641054199,120.94260642851515,-0.5911324180743386,28.922734674830803,41.56545893696343
2018-01-31 00:00:00+00:00,116.6396583606,-2.976900933812976,118.79113239455756,-1.7840166759436573,11.95436403675967,23.02518305165496
2018-02-01 00:00:00+00:00,118.1842750102,1.324263694964456,118.48770370237878,-0.22987649048960068,36.190469338571546,67.4647005174566
2018-02-02 00:00:00+00:00,116.2091914255,-1.671189830059494,117.34844756393939,-0.9505331602745474,23.68529367678052,42.08393232614558
2018-02-05 00:00:00+00:00,110.0560464118,-5.294886693747191,113.7022469878697,-3.1227099270108694,9.05842703502963,25.010260855354336
2018-02-06 00:00:00+00:00,111.2714824638,1.1043791700931838,112.48686472583485,-1.0091653784588428,23.124878876735632,63.854835287237755
2018-02-07 00:00:00+00:00,110.9254208101,-0.3110065993886524,111.70614276796742,-0.6600859889237476,21.691923117815282,54.49034740785451
2018-02-08 00:00:00+00:00,106.6545135715,-3.8502511033170816,109.18032816973371,-2.2551685461204145,10.102770002620241,35.153495844783855
2018-02-09 00:00:00+00:00,109.3301609918,2.5087052865383708,109.25524458076686,0.12676837020897813,40.15061548301779,66.8539135453289
2018-02-12 00:00:00+00:00,109.9547600741,0.5712962247872655,109.60500232743343,0.3490322974981218,46.421402944273304,54.64549247515571
2018-02-13 00:00:00+00:00,109.6931037018,-0.23796729866325528,109.64905301461671,0.05553249941743327,43.55385785623974,49.03502599388821
2018-02-14 00:00:00+00:00,109.4483283857,-0.22314558330432943,109.54869070015835,-0.08380654194344808,40.07974069801763,49.17837442438108
2018-02-15 00:00:00+00:00,110.7650507755,1.2030539060951417,110.15687073782917,0.5596236820758468,63.54392953606407,63.85298635716919
2018-02-16 00:00:00+00:00,112.3856321783,1.4630800883977502,111.27125145806458,1.0113518852367984,78.84072650767153,66.49850215814976
2018-02-20 00:00:00+00:00,110.4611917625,-1.7123544874018015,110.86622161028228,-0.35050130108250155,45.11876944052429,28.410276335769165
2018-02-21 00:00:00+00:00,109.6509010611,-0.7335523802261545,110.25856133569114,-0.542026840654328,35.522658514412676,43.39958167837021
2018-02-22 00:00:00+00:00,109.6509010611,0.0,109.95473119839556,-0.271013420327164,35.522658514412676,54.18357305109097
2018-02-23 00:00:00+00:00,111.4318524985,1.6242013701352143,110.69329184844779,0.6765939749040251,68.57517837356517,71.93979916367448
2018-02-26 00:00:00+00:00,112.1830595029,0.6741402817566078,111.43817567567389,0.6753671283303164,76.271277063986,53.68474073536829
2018-02-27 00:00:00+00:00,111.843291018,-0.30286969031292355,111.64073334683695,0.18624871900869644,65.40408366015973,38.582457344782355
2018-02-28 00:00:00+00:00,110.3228270481,-1.3594592541588457,110.98178019746848,-0.5866052675750746,33.43079226416089,26.492719646850922
2018-03-01 00:00:00+00:00,108.1143318962,-2.001847859588579,109.54805604683423,-1.2942265635818269,16.188391113934504,20.604628190910585
2018-03-02 00:00:00+00:00,109.4224405631,1.2099308611146053,109.48524830496712,-0.042147851233610756,42.525367357214115,70.22837661096408
2018-03-05 00:00:00+00:00,110.246379139,0.7529886663648844,109.86581372198356,0.3554204075656368,55.682920655443,61.963485691756986
2018-03-06 00:00:00+00:00,108.9127878357,-1.2096463518485145,109.38930077884177,-0.42711297214143884,35.79055175183088,35.24221060432402
2018-03-07 00:00:00+00:00,109.6093132298,0.639525815050046,109.49930700432088,0.10620642145430359,49.83161707209303,59.76445755748056
2018-03-08 00:00:00+00:00,112.1745652908,2.340359578407236,110.83693614756044,1.22328299993077,77.27934266252042,73.57183163400869
2018-03-09 00:00:00+00:00,113.6525582001,1.3175829168300845,112.24474717383022,1.2704329583804272,84.57352396361462,56.18159489225499
2018-03-12 00:00:00+00:00,112.6587353818,-0.8744394618467322,112.4517412778151,0.19799674826684754,63.88669383838651,31.923399429074642
2018-03-13 00:00:00+00:00,114.1197398669,1.2968408354209426,113.28574057235755,0.747418791843895,76.54032851360694,58.52892667357607
2018-03-14 00:00:00+00:00,112.395414806,-1.5109787867647717,112.84057768917879,-0.38177999746043834,47.238155700938385,33.29127277285961
2018-03-15 00:00:00+00:00,113.0239865031,0.559250302323222,112.9322820961394,0.08873515243139185,56.37109824001141,54.8316433763749
2018-03-16 00:00:00+00:00,113.5506276547,0.46595520817658276,113.24145487541969,0.2773451803039873,64.16639256909323,53.66037642029532
2018-03-19 00:00:00+00:00,110.6286186845,-2.573309395598966,111.93503677995984,-1.1479821076474894,25.800533215723025,26.254943078619036
2018-03-20 00:00:00+00:00,111.4525572604,0.7447788697875435,111.69379702017991,-0.20160161892997297,40.77763011452549,59.84173743525019
2018-03-21 00:00:00+00:00,111.4355688361,-0.015242740693965917,111.56468292813996,-0.10842217981196944,40.5246446365356,51.744625327296326
2018-03-22 00:00:00+00:00,108.1992740174,-2.904184770178686,109.88197847276999,-1.5063034749953277,14.615060007074387,29.209668472581402
2018-03-23 00:00:00+00:00,106.2625936535,-1.7899199245907549,108.072286063135,-1.6481116997930414,9.285840682741256,43.4564146817941
2018-03-26 00:00:00+00:00,108.2077682296,1.8305355715698024,108.1400271463675,0.0912119358883805,41.45045795628041,71.45505676218166
2018-03-27 00:00:00+00:00,108.0548724113,-0.1412983751550856,108.09744977883375,-0.025043219633352543,39.787143543309085,50.87466717047647
2018-03-28 00:00:00+00:00,108.2587335023,0.1886644132288895,108.17809164056688,0.08181059679776848,44.260543630606755,54.18672454428047
2018-03-29 00:00:00+00:00,108.8533283509,0.5492349941331742,108.51570999573343,0.31552279546547135,57.93351236416408,58.74580301331073
2018-04-02 00:00:00+00:00,105.8039061989,-2.8014046039730456,107.15980809731671,-1.2429409042537871,20.06654990493708,24.609476443110687
2018-04-03 00:00:00+00:00,109.0232125933,3.042710340342314,108.09151034530836,0.8998847180442634,60.72187222947861,70.0863931808269
2018-04-04 00:00:00+00:00,110.7730202906,1.6049863654518104,109.43226531795418,1.2524355417480368,72.23523373885654,57.32576301498817
2018-04-05 00:00:00+00:00,111.0278466543,0.23004370832491183,110.2300559861271,0.7412396250364743,73.90607816180837,45.454094709253084
2018-04-06 00:00:00+00:00,108.8108572903,-1.9967867798993622,109.52045663821355,-0.6277735774314439,41.3962990372342,30.24020012675224
2018-04-09 00:00:00+00:00,109.9830585632,1.0772833723500908,109.75175760070678,0.22475489745932342,56.553486730340374,58.79717728880139
2018-04-10 00:00:00+00:00,110.6371128966,0.5946864380246053,110.19443524865339,0.40972066774196436,64.28474582674957,53.62757415516585
2018-04-11 00:00:00+00:00,110.110471745,-0.47600767754324425,110.1524534968267,-0.03314350490063994,52.91250936972595,41.48817537685634
2018-04-12 00:00:00+00:00,110.7900087148,0.6171410938768052,110.47123110581335,0.29199879448808264,64.92277752066087,56.550678224809715
2018-04-13 00:00:00+00:00,110.9513987451,0.1456720079474394,110.71131492545666,0.21883540121776102,67.84461307740011,48.47727076463811
2018-04-16 00:00:00+00:00,111.9197389271,0.8727606798582865,111.31552692627832,0.5457980405380238,81.62208111917957,61.26842260284421
2018-04-17 00:00:00+00:00,110.8834450482,-0.9259259258771135,111.09948598723916,-0.19006394266954485,48.360055147207895,31.89013306172814
2018-04-18 00:00:00+00:00,108.4880772296,-2.1602573923986235,109.79378160841958,-1.1751606675340842,20.04202145925658,21.35147605406154
2018-04-19 00:00:00+00:00,108.3436756235,-0.13310366428044285,109.0687286159598,-0.6541321659072635,19.034159434920905,56.64586231567802
2018-04-20 00:00:00+00:00,107.5876907446,-0.6977655821158391,108.3282096802799,-0.6759488740115513,13.645494486170264,47.70165983069977
2018-04-23 00:00:00+00:00,107.7320923507,0.1342175904144982,108.03015101548995,-0.27086564179852657,20.124539915345284,61.2309703336222
2018-04-24 00:00:00+00:00,107.1884627748,-0.5046124734404356,107.60930689514498,-0.3877390576194811,14.135477697293267,47.17497760003777
2018-04-25 00:00:00+00:00,107.6726328658,0.4516998177473752,107.64096988047248,0.03198038006394707,38.56177606561726,65.14261121379381
2018-04-26 00:00:00+00:00,108.7344093812,0.9861154939188266,108.18768963083625,0.5090479369913868,68.26165195045868,72.87608029617645
2018-04-27 00:00:00+00:00,108.9552588963,0.20310913201886382,108.57147426356812,0.35607853450512533,72.421198298661,48.9892821458625
2018-04-30 00:00:00+00:00,107.4432891385,-1.3876978248833605,108.00738170103406,-0.5158096451891175,30.87193147789232,24.50827928592867
2018-05-01 00:00:00+00:00,107.0355669566,-0.3794766384845438,107.52147432881702,-0.4476431418368307,25.05705842485708,48.82160574044135
2018-05-02 00:00:00+00:00,104.9035197139,-1.991905404270422,106.2124970213585,-1.2197742730536263,10.114227292983413,27.542195407533953
2018-05-03 00:00:00+00:00,104.5042917441,-0.3805668016562236,105.35839438272924,-0.8001705373549249,8.663140022116636,56.175123559359534
2018-05-04 00:00:00+00:00,105.4896203503,0.9428594651526678,105.42400736651462,0.07134446389887145,40.3473057960901,70.52478759837479
2018-05-07 00:00:00+00:00,104.979967623,-0.4831306867989493,105.2019874947573,-0.20589311145003894,31.791021555589893,46.118407500194685
2018-05-08 00:00:00+00:00,104.147534835,-0.7929444129659013,104.67476116487865,-0.49941876220797016,20.921184770457526,41.44427017407518
2018-05-09 00:00:00+00:00,104.912013926,0.7340347442799766,104.79338754543932,0.11730799103600323,46.24166909564564,66.52603317596574
2018-05-10 00:00:00+00:00,106.4749489565,1.4897579142865602,105.63416825096965,0.8035329526612818,72.8757020701781,74.60220517486503
2018-05-11 00:00:00+00:00,108.0803550477,1.5077782210122237,106.85726164933482,1.1556555868367528,84.61778700979228,74.81950200620338
2018-05-14 00:00:00+00:00,107.0780380173,-0.9273813265672892,106.96764983331741,0.11413713013473181,60.208464509371254,27.363724502199727
2018-05-15 00:00:00+00:00,106.2880762899,-0.7377439314608769,106.6278630616087,-0.31180340066307255,44.897345629458414,32.37415244317883
2018-05-16 00:00:00+00:00,106.4749489565,0.17581715007268794,106.55140600905435,-0.0679931252951923,49.45805423857636,54.869623022337635
2018-05-17 00:00:00+00:00,105.2008171382,-1.1966493816499058,105.87611157362717,-0.6323212534725491,26.784964186016623,31.360984411546106
2018-05-18 00:00:00+00:00,105.5320914109,0.31489705280978164,105.70410149226359,-0.15871210033138372,37.88956311446043,59.80836052931896
2018-05-21 00:00:00+00:00,105.0903923806,-0.4185447520225871,105.3972469364318,-0.2886284261769854,29.07108198448641,45.948032363277484
2018-05-22 00:00:00+00:00,104.4023611986,-0.6547041707753665,104.8998040675159,-0.4716662984761759,18.8307391875271,41.322812730535404
2018-05-23 00:00:00+00:00,104.8610486533,0.4393458629038616,104.88042636040795,-0.01616021778615717,39.97474655844556,65.47388202398339
2018-05-24 00:00:00+00:00,103.8417431985,-0.9720534630262123,104.36108477945398,-0.49410684040618474,21.39621443826,36.445792430830735
2018-05-25 00:00:00+00:00,103.943673744,0.09815950923044436,104.15237926172699,-0.1979736655878702,26.51884362917528,57.750758406248956
2018-05-29 00:00:00+00:00,102.1723441593,-1.7041244752062146,103.1623617105135,-0.9510490703970423,9.82625380146841,31.2707173984128
2018-05-30 00:00:00+00:00,103.5158163564,1.314907872726656,103.33908903345674,0.18192940116480688,47.45506836887707,68.06434432654122
2018-05-31 00:00:00+00:00,102.3606014099,-1.1159791683646114,102.84984522167838,-0.46702488359990224,30.85048966345928,41.33691751055168
2018-06-01 00:00:00+00:00,103.7639736412,1.3710081925762063,103.30690943143918,0.45199165448815204,57.77380527752865,63.3953231796885
2018-06-04 00:00:00+00:00,104.3544168361,0.5690252350412761,103.83066313376959,0.5105084447647141,66.10291044494592,53.639255554508345
2018-06-05 00:00:00+00:00,103.9522308918,-0.38540385399468136,103.8914470127848,0.06255229538501639,55.01525851429328,42.079306034321405
2018-06-06 00:00:00+00:00,105.0732172473,1.0783668093345522,104.4823321300424,0.5704595523597843,73.55810180573299,61.277406604368885
2018-06-07 00:00:00+00:00,105.5353032259,0.4397752259859278,105.0088176779712,0.505117389172856,78.92863585762204,50.355203016045884
2018-06-08 00:00:00+00:00,106.1599750118,0.5919078894034868,105.58439634488559,0.5485126392881714,85.07541359645813,53.32794586911446
2018-06-11 00:00:00+00:00,104.9619743265,-1.1284862163605802,105.2731853356928,-0.2899867885362044,46.257438741822504,26.45583402785266
2018-06-12 00:00:00+00:00,104.8592885535,-0.09783140385735134,105.0662369445964,-0.19390909619677787,43.694155353407105,49.37825932850685
2018-06-13 00:00:00+00:00,104.9363028833,0.07344540561202706,105.00126991394819,-0.06023184529237541,46.99828790888865,53.02773465954977
2018-06-14 00:00:00+00:00,104.7480456327,-0.17940145157331333,104.87465777332409,-0.11981664843284437,38.67640636939803,45.72772829373378
2018-06-15 00:00:00+00:00,104.9191885878,0.1633853443911537,104.89692318056204,0.02178434797915467,50.60349149010371,57.59807751691739
2018-06-18 00:00:00+00:00,103.8153165277,-1.0521164669284766,104.35611985413102,-0.515166059474661,17.56009830572344,26.624553716117344
2018-06-19 00:00:00+00:00,104.8849599967,1.0303330036224523,104.62053992541551,0.25758347207389565,57.70378345598262,69.19523704157979
2018-06-20 00:00:00+00:00,104.4314311659,-0.4324059720423934,104.52598554565776,-0.08741124998424887,44.058883024485525,42.944142305993275
2018-06-21 00:00:00+00:00,103.9265594485,-0.48344804984808976,104.22627249707888,-0.2854296499161693,31.586797528666143,42.107984133016345
2018-06-22 00:00:00+00:00,105.116002986,1.1445039110425048,104.67113774153944,0.4295371305631678,65.79968583808686,70.02763614561836
2018-06-25 00:00:00+00:00,104.9020742922,-0.20351676978099809,104.78660601686971,0.11301018039108485,57.97753742975527,43.7942387164108
2018-06-26 00:00:00+00:00,104.6967027462,-0.19577453294959968,104.74165438153486,-0.041382176279257415,49.50332921393598,43.97505090328676
2018-06-27 00:00:00+00:00,104.0634738125,-0.6048222313505325,104.40256409701743,-0.32310220381489496,29.53647172007614,35.041431207712115
2018-06-28 00:00:00+00:00,104.3972025749,0.3206973111442579,104.39988333595872,-0.0012024463353185189,46.57237978387194,61.55123102530246
2018-06-29 00:00:00+00:00,103.8324308232,-0.540983606619927,104.11615707957935,-0.27109302647762273,28.860229966669184,39.20633336183632
2018-07-02 00:00:00+00:00,104.0378023693,0.19779133019595108,104.07697972443967,-0.03665084814083583,41.08235660779318,58.555597299069994
2018-07-03 00:00:00+00:00,105.0047600653,0.92942918245007,104.54086989486984,0.4463891671546171,73.381007995133,71.86020996291167
2018-07-05 00:00:00+00:00,106.9643469005,1.8661885746716456,105.75260839768492,1.1562888709131314,90.01699551146451,82.59255354405153
2018-07-06 00:00:00+00:00,107.6061329819,0.5999999999972028,106.67937068979246,0.8781444354551671,92.36204129512964,46.57621775395222
2018-07-09 00:00:00+00:00,107.8628474145,0.2385685885052391,107.27110905214623,0.5583565119802031,93.30556961483947,39.248048901691895
2018-07-10 00:00:00+00:00,109.0009480655,1.0551368504360559,108.13602855882311,0.8067466812081294,96.324738947346,60.375684040230034
2018-07-11 00:00:00+00:00,108.0254332217,-0.894959962379227,108.08073089026155,-0.044106640585548806,60.97067648676654,26.883914325383646
2018-07-12 00:00:00+00:00,109.3261196801,1.2040557668772545,108.70342528518077,0.5799745631458528,77.49251667226794,61.4290602679921
2018-07-13 00:00:00+00:00,107.7601616414,-1.4323731998191924,108.23179346329039,-0.4261993183366698,43.918046489727836,32.499479331955264
2018-07-16 00:00:00+00:00,106.6990753202,-0.984674025203347,107.46543439174519,-0.7054366717700085,30.490947788158984,39.72942574817309
2018-07-17 00:00:00+00:00,110.4813346266,3.54479108188106,108.9733845091726,1.419677205055526,73.6175835931278,77.04392030716308
2018-07-18 00:00:00+00:00,109.3603482711,-1.0146386801794804,109.1668663901363,0.20251926243802276,57.70163237429595,39.81972311416238
2018-07-19 00:00:00+00:00,107.7687187892,-1.4553990610512768,108.46779258966815,-0.626439899306627,39.50944622008389,37.2126071781579
2018-07-20 00:00:00+00:00,107.6917044594,-0.07146260126803528,108.07974852453407,-0.34895125028733115,38.625567875103705,52.010846798877935
2018-07-23 00:00:00+00:00,108.3591619841,0.619785458917721,108.21945525431704,0.1354171043151949,52.45340669917008,59.213085229034675
2018-07-24 00:00:00+00:00,110.6952633204,2.1558872305073695,109.45735928735851,1.1456521674112823,78.21801597198848,72.81356007961595
2018-07-25 00:00:00+00:00,110.0620343867,-0.5720470006626677,109.75969683702925,0.2868025833743073,64.09603420352207,38.5612659778583
2018-07-26 00:00:00+00:00,111.4825209136,1.2906235422735834,110.62110887531463,0.7887130628239454,77.66491617644303,58.53789349017044
2018-07-27 00:00:00+00:00,112.5692786781,0.974823457160845,111.59519377670732,0.8817682599923952,84.4213589864893,54.067139603059466
2018-07-30 00:00:00+00:00,113.0998218387,0.47130368678751644,112.34750780770366,0.6765359733899559,87.24649468740017,45.71662275459114
2018-07-31 00:00:00+00:00,113.39932201,0.264810471343746,112.87341490885183,0.47067322236685094,88.94421770097993,41.750032846170605
2018-08-01 00:00:00+00:00,113.502007783,0.09055236943209533,113.18771134592592,0.28061279589947313,89.65260803983756,37.61839817862087
2018-08-02 00:00:00+00:00,112.3125642455,-1.0479493365210257,112.75013779571296,-0.3836682703107763,42.42325728918578,19.097250346697685
2018-08-03 00:00:00+00:00,112.9115645882,0.5333333333843671,112.83085119195647,0.07483253153679537,58.813312351442256,60.06249783199067
2018-08-06 00:00:00+00:00,112.9714646224,0.053050397821041706,112.90115790717823,0.06394146467891854,60.49995161769018,48.80386993210625
2018-08-07 00:00:00+00:00,112.4922643483,-0.42417815481254895,112.69671112773912,-0.1801183450668152,40.56552685340372,38.14636084846937
2018-08-08 00:00:00+00:00,112.2441070635,-0.22059942186927195,112.47040909561956,-0.2003588834680436,32.29875893053919,45.72970673685396
2018-08-09 00:00:00+00:00,112.2697785068,0.022871083366071687,112.37009380120978,-0.08874390005098595,34.37400241789158,55.513902384536195
2018-08-10 00:00:00+00:00,111.8847068579,-0.342987804929773,112.12740032955489,-0.21586585249037948,20.343358564426104,39.47318880073393
2018-08-13 00:00:00+00:00,111.4311780271,-0.4053537284376185,111.77928917832745,-0.310609790463999,11.819899310078426,36.757424895906446
2018-08-14 00:00:00+00:00,110.8150633889,-0.5529104592703504,111.29717628361372,-0.43176012486717474,6.376139657651843,29.543726237076367
2018-08-15 00:00:00+00:00,111.6108781298,0.7181467181109902,111.45402720670685,0.14319329662190772,50.52463375295392,80.07329957806556
2018-08-16 00:00:00+00:00,113.365093419,1.5717242965868516,112.40956031285343,0.8574587966043796,80.66736423888929,88.43104638731683
2018-08-17 00:00:00+00:00,115.0679658217,1.5021135266092278,113.73876306727672,1.1797861616068037,89.75550008635201,84.11532269231884
2018-08-20 00:00:00+00:00,117.1302384299,1.7922213132676168,115.43450074858836,1.4860037374372101,94.47426897694241,87.82864079582038
2018-08-21 00:00:00+00:00,115.8209948238,-1.1177673875252592,115.62774778619419,0.1841181749559755,65.66936606986006,19.442815610945154
2018-08-22 00:00:00+00:00,115.1877658902,-0.5467306981461806,115.40775683819709,-0.18130626159510255,53.7744720100989,34.463146095713654
2018-08-23 00:00:00+00:00,115.6156232778,0.37144342916404227,115.51169005799855,0.09506858378446986,60.94434167270115,54.79296567306932
2018-08-24 00:00:00+00:00,116.334423689,0.6217156391337131,115.92305687349928,0.35839211145909144,71.9199354200669,59.88127904826524
2018-08-27 00:00:00+00:00,116.2231807682,-0.0956233909727322,116.07311882084963,0.13138436024317962,67.51537977368461,40.35352178960413
2018-08-28 00:00:00+00:00,115.7063270144,-0.4447079751076721,115.88972291762482,-0.15666180743224625,47.31895461405958,32.594555993468056
2018-08-29 00:00:00+00:00,116.1714953928,0.40202501488280085,116.0306091552124,0.1226816037252773,62.47351755363037,60.33964269472741
2018-08-30 00:00:00+00:00,116.2490234559,0.06673587426748728,116.1398163055562,0.0947087389963823,64.99122873386192,48.485563469840095
2018-08-31 00:00:00+00:00,116.0250534959,-0.1926639496330651,116.08243490072809,-0.0489776053183414,50.352295694716226,39.483835686649115
2018-09-04 00:00:00+00:00,115.1894732606,-0.7201722473926919,115.63595408066405,-0.38457492635551666,22.27480670214396,25.207975747606636
2018-09-05 00:00:00+00:00,117.0329183158,1.6003589590426026,116.33443619823203,0.607892016343543,72.68316963837577,77.91002647168835
2018-09-06 00:00:00+00:00,117.902955468,0.7434123362217715,117.11869583311602,0.6756521762826573,81.27874023414121,56.037150593609226
2018-09-07 00:00:00+00:00,118.2905957833,0.3287791334503076,117.70464580820801,0.5022156548664825,84.53164244220996,46.551850966405226
2018-09-10 00:00:00+00:00,118.1958392618,-0.08010486452666443,117.95024253500401,0.211055395169909,79.46869466541492,37.23011693154678
2018-09-11 00:00:00+00:00,119.3156890617,0.94745280958628,118.632965798352,0.5792541023780945,90.04185139181125,64.23050174208612
2018-09-12 00:00:00+00:00,120.0478985462,0.6136741029265425,119.340432172276,0.5964641026523185,93.38361491654813,53.10122686621384
2018-09-13 00:00:00+00:00,120.5044526954,0.380309988537042,119.922442433838,0.48838704559468027,94.96418866726034,44.93570702538413
2018-09-14 00:00:00+00:00,120.1598835262,-0.2859389520410205,120.04116298001901,0.10122404677682989,74.74911137699972,27.093759147838124
2018-09-17 00:00:00+00:00,120.5647523,0.33694171625233693,120.30295764000951,0.2190828815145834,81.63817866774053,53.16959276704874
2018-09-18 00:00:00+00:00,121.0643775953,0.41440411543898215,120.68366761765475,0.3167434984767828,87.79958413449506,56.09865545993341
2018-09-19 00:00:00+00:00,120.9954637615,-0.0569232958272492,120.83956568957737,0.1299101013247668,82.09978802670683,35.712240984946796
2018-09-20 00:00:00+00:00,122.3048266044,1.0821586216495982,121.57219614698869,0.6060343614871825,93.71959930714308,72.25846106771705
2018-09-21 00:00:00+00:00,123.0801072351,0.6338920974947815,122.32615169104434,0.619963229490982,96.0163446327109,54.10297333281743
2018-09-24 00:00:00+00:00,121.0040779907,-1.686730123198954,121.66511484087218,-0.533383446853986,38.89038423448209,18.33318050430115
2018-09-25 00:00:00+00:00,119.4276740417,-1.3027692745373076,120.54639444128608,-0.9180763606956468,23.181287680850723,29.844628954573317
2018-09-26 00:00:00+00:00,119.0141910386,-0.3462204270641811,119.78029273994304,-0.632148393879914,20.00241701246488,54.04888919931072
2018-09-27 00:00:00+00:00,119.065876414,0.043427909687876465,119.42308457697152,-0.29436024209601874,22.007756870410624,62.049228863336445
2018-09-28 00:00:00+00:00,119.0228052679,-0.03617421497847939,119.22294492243576,-0.16526722853724907,21.339109076625896,58.90641887417444
2018-10-01 00:00:00+00:00,120.3321681108,1.1000940869716924,119.77755651661788,0.4674134292172217,67.02452308506112,80.28611305815842
2018-10-02 00:00:00+00:00,121.01269222,0.5655379769883284,120.39512436830894,0.516475703102775,77.30191119334854,58.72561685260014
2018-10-03 00:00:00+00:00,119.7636289816,-1.0321753987005189,120.07937667495446,-0.25784984779887193,41.60328665730836,26.64539664265247
2018-10-04 00:00:00+00:00,120.039284317,0.23016615122972706,120.05933049597724,-0.013841848284572439,49.346851390373025,55.472754880213884
2018-10-05 00:00:00+00:00,119.8239285862,-0.17940437751302607,119.94162954108862,-0.09662311289879925,42.70998286021506,46.56651669942036
2018-10-08 00:00:00+00:00,120.0737412339,0.20848310570980022,120.0076853874943,0.05592999640550048,53.574483294561745,56.49014581633664
2018-10-09 00:00:00+00:00,119.9100708785,-0.13630820004282285,119.95887813299714,-0.040189101818661185,45.15829884622093,45.27805513093563
2018-10-10 00:00:00+00:00,118.6437791818,-1.0560344826941792,119.30132865739857,-0.5481117922564201,15.995955146056499,25.236367232643456
2018-10-11 00:00:00+00:00,115.2928440114,-2.824366514206611,117.2970863343993,-1.6862391532315155,4.4890181303262935,11.085281924836377
2018-10-12 00:00:00+00:00,115.3186866991,0.022414823679284268,116.30788651674965,-0.8319121647761156,5.277273001961272,62.229532851817105
2018-10-15 00:00:00+00:00,115.3876005329,0.05975946810754529,115.84774352482482,-0.38607634833428517,8.304340621944759,62.65225310011523
2018-10-16 00:00:00+00:00,117.6359143619,1.948488241905122,116.7418289433624,0.7812059467854184,64.23590414218576,79.80165562842198
2018-10-17 00:00:00+00:00,120.1340408385,2.1236086701503787,118.4379348909312,1.4524073084678986,82.2652918405164,81.01413261239966
2018-10-18 00:00:00+00:00,120.1684977554,0.02868205935595558,119.3032163231656,0.7405446839119271,82.44835660713167,39.002319336691436
2018-10-19 00:00:00+00:00,119.7808574401,-0.3225806451280122,119.5420368816328,0.20898201939195743,70.21718843072816,34.50231105836305
2018-10-22 00:00:00+00:00,119.4621309586,-0.2660913340509219,119.5020839201164,-0.02855465732948223,59.35697916085071,36.275896478253365
2018-10-23 00:00:00+00:00,119.6774866893,0.18027112773890686,119.5897853047082,0.07585823520471231,64.86465667216572,51.75892072736113
2018-10-24 00:00:00+00:00,118.4198092218,-1.0508889368349705,119.00479726325409,-0.4875153508151291,29.657862659876006,25.81182106550987
2018-10-25 00:00:00+00:00,119.2812321448,0.7274314396053194,119.14301470402705,0.11995804439509516,54.84067394247649,64.437777528662
2018-10-26 00:00:00+00:00,117.9890977603,-1.0832671337025035,118.56605623216353,-0.48165454465370416,30.37405544295983,35.89464580316625
2018-10-29 00:00:00+00:00,118.4887230556,0.42345039057338774,118.52738964388178,-0.029102077040158214,44.686931543888576,58.71865205174039
2018-10-30 00:00:00+00:00,121.2452764092,2.3264267539675476,119.88633302654088,1.1486623384636947,79.52318561508586,75.34725287464704
2018-10-31 00:00:00+00:00,120.5905949877,-0.5399644760513911,120.23846400712044,0.3043489312061518,64.95045960372816,39.446496160874446
2018-11-01 00:00:00+00:00,121.3055760138,0.5928994928443121,120.77202001046022,0.44862421202523195,73.04284912361881,52.78362575633435
2018-11-02 00:00:00+00:00,121.1849768045,-0.09941769641841347,120.97849840748012,0.17460325780340924,69.01144114573388,43.91672837751572
2018-11-05 00:00:00+00:00,122.4943396475,1.0804663065722364,121.73641902749006,0.6275347821878228,83.68033020664478,60.7654402701733
2018-11-06 00:00:00+00:00,122.813066129,0.26019690576495336,122.27474257824503,0.44386584397638806,86.08534467192713,46.26974814500302
2018-11-07 00:00:00+00:00,124.6909681011,1.5290734376157467,123.48285533967251,0.9864696407960674,93.95651887613549,65.41395342947843
2018-11-08 00:00:00+00:00,125.1647507087,0.37996545765517364,124.32380302418625,0.6832175492256205,95.02214885862878,44.07929014762048
2018-11-09 00:00:00+00:00,125.1992076256,0.02752924981266336,124.76150532489312,0.35537339951914193,95.11609416856187,38.32826238042168
2018-11-12 00:00:00+00:00,125.4404060441,0.19265171327704778,125.10095568449657,0.27401255639809485,95.92383844021484,43.50807604421514
2018-11-13 00:00:00+00:00,124.6306684965,-0.6455157258621558,124.86581209049828,-0.18575158473203046,52.33584225552613,26.53732695567575
2018-11-14 00:00:00+00:00,124.2602566396,-0.29720763064862155,124.56303436504913,-0.241479607690326,39.89629044642636,40.90551830927682
2018-11-15 00:00:00+00:00,124.4756123703,0.17331022526745343,124.51932336767456,-0.034084691211436285,50.21581579895578,57.6782221849677
2018-11-16 00:00:00+00:00,125.7591325256,1.0311418685627238,125.13922794663728,0.49852858867564376,80.3609285961179,76.17284679847792
2018-11-19 00:00:00+00:00,127.2580084115,1.1918624562672564,126.19861817906863,0.84519552247145,90.46956392941283,78.77904398599728
2018-11-20 00:00:00+00:00,126.1553870701,-0.8664455425347994,126.17700262458432,-0.010625010031674709,57.69861825689613,25.402847449518173
2018-11-21 00:00:00+00:00,122.3134408336,-3.045407989089821,124.24522172909215,-1.528016499560748,19.942653600384325,12.237091978054364
2018-11-23 00:00:00+00:00,122.5201823352,0.16902598781540767,123.38270203214609,-0.6794952558726701,23.95903915182471,59.120289294316834
2018-11-26 00:00:00+00:00,122.5546392521,0.028123461982554332,122.96867064212304,-0.3256858969450579,24.900947553878297,57.11417509102083
2018-11-27 00:00:00+00:00,124.1584171584,1.308622762946543,123.56354390026152,0.49146843300074256,59.72828481696467,70.67762295722818
2018-11-28 00:00:00+00:00,126.9498576224,2.2482893450862074,125.25670076133076,1.369878889043475,81.78384125079606,78.2495998625907
2018-11-29 00:00:00+00:00,126.4383825063,-0.4028953837989624,125.84754163381538,0.4834917526222563,71.08400395773954,37.38869947451875
2018-11-30 00:00:00+00:00,127.3486348315,0.7199177236822285,126.59808823265769,0.6017047381522425,78.56886046976351,52.98498370392813
2018-12-03 00:00:00+00:00,126.7504690178,-0.4697072838601324,126.67427862522885,0.06599872714605504,62.597164504740306,37.958153863457426
2018-12-04 00:00:00+00:00,126.5944257621,-0.1231105943111599,126.63435219366443,-0.02855593358255243,57.984742983532705,44.79980268001374
2018-12-06 00:00:00+00:00,126.4903969249,-0.08217489559572133,126.5623745592822,-0.05536541458913688,54.00539877963701,45.85755260981456
2018-12-07 00:00:00+00:00,126.0742815762,-0.3289699129864099,126.3183280677411,-0.1921676637877734,38.253826669594986,39.08466049641947
2018-12-10 00:00:00+00:00,125.9269073902,-0.11689472599605288,126.12261772897055,-0.15453119489191314,33.12169054822466,48.82672926260696
2018-12-11 00:00:00+00:00,127.001872041,0.853641745897149,126.56224488498528,0.34955527550261795,72.90038127054717,75.60664831114764
2018-12-12 00:00:00+00:00,127.5220162268,0.4095563139668412,127.04213055589264,0.37955579473472956,81.07177204503257,55.62666799649862
2018-12-13 00:00:00+00:00,128.1635273893,0.5030591434180609,127.60282897259631,0.44130746907639523,87.84964570640089,59.044834695761
2018-12-14 00:00:00+00:00,115.2986278597,-10.037878787872712,121.45072841614817,-4.798285659398158,7.462898004833029,4.209617249367914
2018-12-17 00:00:00+00:00,111.9523669308,-2.9022556391320453,116.70154767347408,-3.8502706492651018,5.499486781379331,50.70029559034658
2018-12-18 00:00:00+00:00,113.0620078606,0.9911723710905651,114.88177776703705,-1.4295491390872683,16.435065344962254,64.71596213009907
2018-12-19 00:00:00+00:00,110.625999257,-2.15457751873952,112.75388851201853,-1.792063328913394,11.900312868322148,48.13204681266548
2018-12-20 00:00:00+00:00,111.1981578614,0.5172008463135258,111.97602318670927,-0.6374312412999341,19.70572120313268,60.89775360226789
2018-12-21 00:00:00+00:00,111.0421146056,-0.14032899357424578,111.50906889615464,-0.38888011743708994,19.0164800158878,55.825674362840665
2018-12-24 00:00:00+00:00,106.4908529796,-4.098680615156869,108.99996093787732,-2.2437803662969795,7.51570957843767,31.862171840859254
2018-12-26 00:00:00+00:00,109.8457829782,3.1504395961995835,109.42287195803866,0.453329614951302,44.57747137434024,68.7322920930538
2018-12-27 00:00:00+00:00,110.4526178617,0.5524425854567694,109.93774490986934,0.5028861002040357,50.01245492988074,53.24405480526483
2018-12-28 00:00:00+00:00,110.331250885,-0.10988148497482753,110.13449789743467,0.19650230761460408,48.58316940288404,49.01992764792213
2018-12-31 00:00:00+00:00,111.874345303,1.3986013986267531,111.00442160021734,0.7975518531206787,66.72124260735066,59.890929428251994
2019-01-02 00:00:00+00:00,110.7473662337,-1.0073614877903259,110.87589391695867,-0.1049048173348236,48.12357938323877,39.65858745112484
2019-01-03 00:00:00+00:00,108.9875450716,-1.5890410959177315,109.93171949427933,-0.8469729566262776,29.1148588235389,35.33027773037842
2019-01-04 00:00:00+00:00,110.8167187918,1.6783328030724132,110.37421914303967,0.4156799232230678,56.131271726352345,66.31040263824164
2019-01-07 00:00:00+00:00,110.1058550711,-0.6414769616447158,110.24003710706984,-0.112898519210824,45.927361503301256,43.90881901515398
2019-01-08 00:00:00+00:00,112.6632306515,2.322651759753014,111.45163387928491,1.104876620271095,72.70412834949454,65.95355104241024
2019-01-09 00:00:00+00:00,111.7703164658,-0.7925515543416695,111.61097517254245,0.15616253296471272,57.73144962426432,40.722861387803206
2019-01-10 00:00:00+00:00,112.4465039074,0.6049794462261504,112.02873953997123,0.38057098959543156,65.74482162414554,52.85845585362792
2019-01-11 00:00:00+00:00,112.4811801864,0.030838023233292766,112.2549598631856,0.20570450641436216,66.23719338719087,46.93688684486168
2019-01-14 00:00:00+00:00,111.2068269312,-1.1329479767977046,111.7308933971928,-0.46362173519167127,36.95556010206795,35.011375655032786
2019-01-15 00:00:00+00:00,112.1430864657,0.8419083255376325,111.93698993144639,0.18914329517298062,57.608114939284356,60.53450453853598
2019-01-16 00:00:00+00:00,110.9987692568,-1.0204081633244377,111.46787959412319,-0.4156324340757286,35.992100526945535,38.91573236849507
2019-01-17 00:00:00+00:00,111.909021582,0.8200562324200966,111.68845058806158,0.20221189917218402,55.78685100052515,60.06027494142971
2019-01-18 00:00:00+00:00,113.2960727443,1.2394453482766465,112.4922616661808,0.7208286237244153,74.0969156732797,64.28588841204935
2019-01-22 00:00:00+00:00,111.6576185589,-1.4461703267489856,112.07494011254039,-0.3626708515122852,42.736972611240084,31.883809702388415
2019-01-23 00:00:00+00:00,111.6576185589,0.0,111.8662793357202,-0.1813354257561426,42.736972611240084,51.5918212582573
2019-01-24 00:00:00+00:00,110.1231932107,-1.3742236024768761,110.9947362732101,-0.7777795141165094,22.59059953535571,36.52769511833647
2019-01-25 00:00:00+00:00,111.1634815823,0.9446587419687402,111.07910892775504,0.08343961392611543,47.67491675281528,63.50180210072063
2019-01-28 00:00:00+00:00,111.8223308844,0.5926850191465327,111.45071990607752,0.33806231653632407,59.99137440982226,57.899571953226285
2019-01-29 00:00:00+00:00,112.9839862328,1.0388402202069047,112.21735306943876,0.6884512683716144,75.3417848659584,63.94714992116688
2019-01-30 00:00:00+00:00,114.1196343718,1.0051407963780123,113.16849372061938,0.8467960323748134,84.22007131089501,62.923072803514245
2019-01-31 00:00:00+00:00,115.3679804178,1.0938924339109812,114.26823706920969,0.9703442331428973,90.09841259331328,65.12914262203431
2019-02-01 00:00:00+00:00,116.3389162314,0.8415990382113048,115.30357665030485,0.905971635677101,93.09804806437633,51.94916055467623
2019-02-04 00:00:00+00:00,115.1945990225,-0.983606557434269,115.24908783640242,-0.038817460878583954,60.62794483504399,16.254320361341566
2019-02-05 00:00:00+00:00,115.1945990225,0.0,115.22184342945121,-0.019408730439291977,60.627944835044,46.159077644995264
2019-02-06 00:00:00+00:00,115.2986278597,0.09030704397841038,115.2602356445756,0.035449156769559204,63.249709485456215,48.68274859181542
2019-02-07 00:00:00+00:00,114.4750662321,-0.7142857143123571,114.8676509383378,-0.33941827877139896,35.320232952218035,29.932448244560067
2019-02-08 00:00:00+00:00,114.7784836739,0.26505111705705797,114.8230673061189,-0.037183580857170495,48.007795383640925,58.86128959368751
2019-02-11 00:00:00+00:00,114.4317208833,-0.3021148036640664,114.62739409470944,-0.16964919226061845,35.92661744861962,43.32303405567177
2019-02-12 00:00:00+00:00,116.3042399523,1.636363636364102,115.46581702350471,0.7333572220517418,78.91190662689448,75.91661640783052
2019-02-13 00:00:00+00:00,116.5556429755,0.21615980922373712,116.01072999950236,0.47475851563773946,81.42193272982657,46.51797477007777
2019-02-14 00:00:00+00:00,116.4342759988,-0.10412792860274855,116.22250299915117,0.18531529351749546,74.96096752450325,41.12995097247417
2019-02-15 00:00:00+00:00,118.2287734399,1.5412106320981334,117.22563821952559,0.8632629628078144,90.92757902135534,68.89319925130295
2019-02-19 00:00:00+00:00,117.6306076262,-0.5059392872785451,117.4281229228628,0.17866183776463468,68.9454086683859,36.642204873044065
2019-02-20 00:00:00+00:00,118.2027662306,0.4864028299659706,117.81544457673141,0.3325323338653027,76.94306338910687,52.73162697493417
2019-02-21 00:00:00+00:00,117.3965427426,-0.6820682067855799,117.6059936596657,-0.1747679364601386,49.822746137308286,36.403631108027625
2019-02-22 00:00:00+00:00,118.4194929747,0.871363166411876,118.01274331718285,0.34829761497586864,69.96875296128289,60.681965511633535
2019-02-25 00:00:00+00:00,118.8529464629,0.3660322108393066,118.43284489004142,0.3571649129075876,76.07431584817914,51.153240195432616
2019-02-26 00:00:00+00:00,118.7744092736,-0.06607929516034838,118.60362708182072,0.14554280887361962,72.09088909872128,42.577583869339094
2019-02-27 00:00:00+00:00,118.5649767688,-0.17632797004072387,118.58430192531036,-0.015392580583552126,59.606378850796695,40.01051695622358
2019-02-28 00:00:00+00:00,119.236906055,0.5667181865267601,118.91060399015518,0.275662802971604,77.96811003091526,62.72840085190549
2019-03-01 00:00:00+00:00,120.7291126516,1.2514637002671858,119.81985832087759,0.7635632516193949,91.23719078983005,75.53517077269875
2019-03-04 00:00:00+00:00,120.8425552583,0.09396458253392304,120.33120678958879,0.42876391707665895,91.80033993863111,40.366090873793475
2019-03-05 00:00:00+00:00,121.0956195349,0.2094165222334743,120.7134131622444,0.3190902196550666,93.25154927008015,44.24966079980158
2019-03-06 00:00:00+00:00,121.3748628746,0.23059739136106483,121.04413801842219,0.27484380550806575,94.78053503102947,45.23119384698808
2019-03-07 00:00:00+00:00,120.6331227535,-0.6111151053297847,120.8386303859611,-0.1681356499108595,49.81282682717044,22.0697381817446
2019-03-08 00:00:00+00:00,120.476048375,-0.13020833326263803,120.65733938048055,-0.14917199158674876,43.288979562307006,45.838511471561574
2019-03-11 00:00:00+00:00,120.9123660932,0.36216137903353207,120.78485273684028,0.10649469372339165,63.31038348956783,63.11545082285855
2019-03-12 00:00:00+00:00,121.4534000639,0.4474595843099838,121.11912640037013,0.27697713901668775,77.85324990758924,65.93886838777163
2019-03-13 00:00:00+00:00,121.6541062143,0.1652536283829109,121.38661630733506,0.22111538369979933,81.8553114750016,47.78589115556317
2019-03-14 00:00:00+00:00,120.4411429575,-0.9970590344589692,120.91387963241753,-0.3879718253795849,31.027617221492935,17.693205514298764
2019-03-15 00:00:00+00:00,120.0746360741,-0.30430372412634243,120.49425785325877,-0.3461377747529637,24.213166184009882,47.3405470007996
2019-03-18 00:00:00+00:00,119.6994028364,-0.31249999997371436,120.09683034482939,-0.32931888736333903,18.10625601833268,47.03983977554663
2019-03-19 00:00:00+00:00,120.8076498409,0.9258584238842849,120.45224009286468,0.2982697682604729,61.322868891955316,78.29115692865945
2019-03-20 00:00:00+00:00,119.8041190888,-0.8306847732090006,120.12817959083233,-0.26620750247426384,35.71971856188503,34.71095094718351
2019-03-21 00:00:00+00:00,120.5109537924,0.5899919877346615,120.31956669161616,0.16189224263019886,55.395376295884546,61.02871521120014
2019-03-22 00:00:00+00:00,119.4725176229,-0.861694424300119,119.89604215725808,-0.34990109083496007,33.081043937276284,37.72229571478675
2019-03-25 00:00:00+00:00,119.2107269919,-0.219122051002818,119.55338457457904,-0.284511570918889,28.708043431838945,50.31935224962139
2019-03-26 00:00:00+00:00,120.9210924476,1.4347412341644494,120.23723851108952,0.5751148316227802,68.9422881607975,72.10390681517312
2019-03-27 00:00:00+00:00,121.0345350544,0.09381540019508527,120.63588678274476,0.33446511590893274,70.59340785535116,47.02582674185401
2019-03-28 00:00:00+00:00,121.191609433,0.12977649604668517,120.91374810787238,0.23212080597780896,73.51748447839995,47.75677209451833
2019-03-29 00:00:00+00:00,121.9857076802,0.6552419354072692,121.44972789403619,0.44368137069253905,84.90213546445663,59.88784504660356
2019-04-01 00:00:00+00:00,121.2788729766,-0.5794405894279375,121.36430043531809,-0.06787960936769924,53.94111390071669,32.93415805455151
2019-04-02 00:00:00+00:00,120.1706259721,-0.9138005468717014,120.76746320370904,-0.4908400781197003,29.037392653811597,27.84370201951686
2019-04-03 00:00:00+00:00,119.6994028364,-0.3921283856916924,120.23343302005452,-0.44148423190569636,22.43205885313549,47.01131159003196
2019-04-04 00:00:00+00:00,118.3031861379,-1.166435809548927,119.26830957897727,-0.8039600207273117,11.154633775874148,29.540361129607444
2019-04-05 00:00:00+00:00,118.8354937542,0.4499520542747826,119.05190166658863,-0.17700398322626454,30.994034973165196,67.4354392109795
2019-04-08 00:00:00+00:00,118.8005883367,-0.029372888854395374,118.92624500164432,-0.10318843604032996,30.32790705720312,54.41715053394248
2019-04-09 00:00:00+00:00,118.3031861379,-0.41868664605455574,118.61471556977216,-0.2609375410474428,20.781159869974516,44.05554092378849
2019-04-10 00:00:00+00:00,118.3119124922,0.007376263129410532,118.46331403098608,-0.12678063895901615,21.43200112432247,57.378142454261116
2019-04-11 00:00:00+00:00,117.9890373807,-0.27290160787594164,118.22617570584305,-0.1998411234174789,14.72004914937983,46.46063613460932
2019-04-12 00:00:00+00:00,118.6609666669,0.5694845056087416,118.44357118637151,0.18482169109563137,56.87730197876386,71.18144928587641
2019-04-15 00:00:00+00:00,119.1321898026,0.39711722307369524,118.78788049448576,0.2909694570846633,71.63016845330169,62.34592165054996
2019-04-16 00:00:00+00:00,120.4411429575,1.0987401113577544,119.61451172599288,0.6948547842212088,88.30338578072029,78.57995033992972
2019-04-17 00:00:00+00:00,120.8774606758,0.3622663382179647,120.24598620089644,0.5285605612195867,90.95987044329082,46.806461952765396
2019-04-18 00:00:00+00:00,120.0048252392,-0.7219174126601224,120.12540572004822,-0.09667842572026786,54.099401202758095,24.727726270275078
2019-04-22 00:00:00+00:00,120.2753422245,0.22542175680084764,120.20037397227411,0.06437166554028989,61.3773084299019,53.485309310045494
2019-04-23 00:00:00+00:00,122.0816975783,1.5018501052596056,121.14103577528705,0.7831108853999478,85.07703204332299,73.75234052526487
2019-04-24 00:00:00+00:00,121.4708527727,-0.5003573981334997,121.30594427399353,0.14137674363322406,64.88202195393288,36.417511460404455
2019-04-25 00:00:00+00:00,121.8635387191,0.3232758620167253,121.58474149654677,0.23232630282497468,71.42313995949775,51.55100467267515
2019-04-26 00:00:00+00:00,122.5092889422,0.5298961690161308,122.04701521937338,0.38111123592055274,80.41935658782279,55.533581825823624
2019-04-29 00:00:00+00:00,122.0293394521,-0.3917657952667075,122.03817733573669,-0.00532727967307739,59.5272068225872,35.827922506293454
2019-04-30 00:00:00+00:00,123.2161236458,0.9725400457206046,122.62715049076834,0.4836063830237636,79.38831579276282,64.10740564767319
2019-05-01 00:00:00+00:00,123.8706002233,0.5311614731375425,123.24887535703417,0.507383928080653,85.33949336968324,52.813137308607566
2019-05-02 00:00:00+00:00,123.2859344808,-0.4719971820965063,123.26740491891708,0.017693372992073353,61.5327277813772,32.995432269265365
2019-05-03 00:00:00+00:00,123.9229583495,0.5167044167550428,123.59518163420854,0.2671988948735581,73.5787376633837,56.90335085511521
2019-05-06 00:00:00+00:00,123.9927691844,0.05633406095997273,123.79397540930427,0.1617664779167654,74.87223084472576,45.55135901227619
2019-05-07 00:00:00+00:00,122.1427820588,-1.4920121050355228,122.96837873405212,-0.6651228135593787,25.414689535840406,22.702621486355998
2019-05-08 00:00:00+00:00,121.9857076802,-0.128598985508932,122.47704320712606,-0.3968608995341554,23.442521249781315,53.50643062194814
2019-05-09 00:00:00+00:00,121.0607141175,-0.7582802774936392,121.76887866231303,-0.5775705885138973,13.908656811711104,41.93053414865585
2019-05-10 00:00:00+00:00,121.3399574572,0.23066387947205946,121.55441805975651,-0.17345335452091892,27.297664439288855,61.53504825927555
2019-05-13 00:00:00+00:00,119.7255818995,-1.3304566702765142,120.63999997962826,-0.7519550123987165,11.62266345112592,34.19753574969281
2019-05-14 00:00:00+00:00,119.3939804336,-0.2769679300271388,120.01699020661414,-0.5144614712129276,9.875463183434672,54.60954323759109
2019-05-15 00:00:00+00:00,119.4725176229,0.06577985675222386,119.74475391475707,-0.22434080723035188,14.444604599659353,60.57747702339384
2019-05-16 00:00:00+00:00,120.6069436904,0.9495288875393637,120.17584880257854,0.3625940401545059,59.22940807088888,73.8666930833131
2019-05-17 00:00:00+00:00,120.9559978651,0.2894146589072166,120.56592333383927,0.32600434953086127,67.16277611008108,53.61630904835998
2019-05-20 00:00:00+00:00,120.7901971321,-0.13707524713649777,120.67806023296964,0.09446455119718175,58.98496987621341,42.36152604631455
2019-05-21 00:00:00+00:00,120.5284065011,-0.21673168619280592,120.60323336703482,-0.06113356749781208,45.7822308045217,40.00865792495668
2019-05-22 00:00:00+00:00,121.0868931806,0.4633651897612223,120.8450632738174,0.20111581113170512,68.40940931743295,64.94447540171848
2019-05-23 00:00:00+00:00,121.9857076802,0.742288843978689,121.4153854770087,0.47170232755519703,84.2635741302467,72.08301497905663
2019-05-24 00:00:00+00:00,121.9944340346,0.007153587552144458,121.70490975580435,0.23942795755367074,84.37775232627804,39.93395046012137
2019-05-28 00:00:00+00:00,120.4305154708,-1.2819589485176364,121.06771261330218,-0.5212654954819829,28.5976211040779,18.37614279232544
2019-05-29 00:00:00+00:00,115.3873174056,-4.187641351101579,118.22751500945108,-2.354453423291781,6.812723876186772,6.504364674201312
2019-05-30 00:00:00+00:00,116.0726300347,0.5939237036693079,117.15007252207553,-0.8802648598112366,19.33753203774075,63.966463607118435
2019-05-31 00:00:00+00:00,115.2291683373,-0.7266671713631823,116.18962042968776,-0.8034660155872094,15.493181625233719,50.98503825837132
2019-06-03 00:00:00+00:00,115.4839640584,0.22112085401342352,115.83679224404389,-0.29117258078689295,22.476669253539452,59.7735598576284
2019-06-04 00:00:00+00:00,117.4959716489,1.7422398052447496,116.66638194647194,0.7255336122289283,60.82374620339503,71.90201627284678
2019-06-05 00:00:00+00:00,118.0670655065,0.48605398941381495,117.36672372648597,0.6057938008213717,67.6391150417635,52.34996611137415
2019-06-06 00:00:00+00:00,120.0878591563,1.7115642208357817,118.72729144139299,1.1586790108285767,83.17483771250127,65.91383740674438
2019-06-07 00:00:00+00:00,121.7308522542,1.3681592039721302,120.22907184779649,1.2634191074003533,89.38800580953897,58.87020116451693
2019-06-10 00:00:00+00:00,122.1437970435,0.3392277156145207,121.18643444564825,0.801323411507437,90.68485892231651,39.769730986997224
2019-06-11 00:00:00+00:00,122.8115375539,0.546683930385905,121.99898599977412,0.674003670946671,92.8146942698693,45.15171994068443
2019-06-12 00:00:00+00:00,124.4808888298,1.3592788667492695,123.23993741478705,1.0166412688479702,96.13154287661712,64.03413187651927
2019-06-13 00:00:00+00:00,123.6286410732,-0.6846414454553362,123.43428924399353,0.165999911696317,71.0243970417692,27.854254130309833
2019-06-14 00:00:00+00:00,123.0839053937,-0.4406225570153022,123.25909731884676,-0.13731132265949259,56.801123229427745,34.48340123216912
2019-06-17 00:00:00+00:00,122.5128115361,-0.4639874366784813,122.88595442747338,-0.30064937966898697,43.1972865632847,34.03424808006216
2019-06-18 00:00:00+00:00,123.2069102245,0.5665519219559156,123.0464323259867,0.13295127114346433,60.46102604941478,64.56770335082861
2019-06-19 00:00:00+00:00,123.4002035301,0.15688511727773857,123.22331792804334,0.14491819421060145,64.91524069461065,50.60150210699293
2019-06-20 00:00:00+00:00,124.9465499752,1.2531149875476544,124.08493395162168,0.6990165908791279,85.08202923162442,73.55838872080454
2019-06-21 00:00:00+00:00,124.8411172631,-0.08438225154749901,124.46302560736083,0.30731716966581446,80.35805524130153,39.75023441752467
2019-06-24 00:00:00+00:00,125.6933650197,0.6826659159128612,125.07819531353041,0.4949915427893378,88.26092998597888,56.82184052958727
2019-06-25 00:00:00+00:00,126.7301200227,0.824828743217676,125.9041576681152,0.6599101430035069,93.2307634516357,59.974724743051475
2019-06-26 00:00:00+00:00,124.6302518387,-1.6569606212192278,125.26720475340761,-0.49852523910786045,40.77943456826974,20.59490215888733
2019-06-27 00:00:00+00:00,123.6110689545,-0.8177652449254946,124.43913685395381,-0.6581452420166776,28.930011440649995,40.4330210508546
2019-06-28 00:00:00+00:00,122.3722345865,-1.002203426018422,123.4056857202269,-0.8301743340175498,18.91102996789461,37.356255214686946
2019-07-01 00:00:00+00:00,122.4425230613,0.057438253895991664,122.92410439076345,-0.38636804006077907,21.232609465181774,62.16660987020669
2019-07-02 00:00:00+00:00,123.0311890376,0.48076923080497824,122.97764671418173,0.047200595372099585,42.06851964470491,69.42356428026821
2019-07-03 00:00:00+00:00,124.8850475598,1.5068199671169902,123.93134713699087,0.7770102812445449,74.24789681027384,81.98592311571417
2019-07-05 00:00:00+00:00,123.5056362423,-1.1045448149743287,123.71849168964543,-0.1637672668648919,45.83285195598688,31.920226386983238
2019-07-08 00:00:00+00:00,123.8570786162,0.2845557373677421,123.78778515292271,0.060394235251425094,52.74431306446883,54.224616936819984
2019-07-09 00:00:00+00:00,124.2436652275,0.3121231467907659,124.01572519021136,0.1862586910210955,60.962872429674775,54.66673956672363
2019-07-10 00:00:00+00:00,124.0679440405,-0.14143271343310948,124.04183461535567,0.022412988793993005,54.50025126290091,44.14439709725607
2019-07-11 00:00:00+00:00,123.1014775123,-0.7789816585374476,123.57165606382783,-0.3782843348717273,29.073385438434244,31.400550605005847
2019-07-12 00:00:00+00:00,117.9967770317,-4.146741845637014,120.78421654776392,-2.262513090254371,6.190679791088735,9.551762648157105
2019-07-15 00:00:00+00:00,118.3570054649,0.30528667160394374,119.57061100633196,-0.9786132093252136,13.405125025407852,61.992430948895816
2019-07-16 00:00:00+00:00,116.4152863492,-1.6405612055433672,117.99294867776598,-1.3095872074342902,8.26554142268357,44.918441867445
2019-07-17 00:00:00+00:00,115.852978551,-0.4830188679116332,116.922963614383,-0.8963030376729617,7.085478395704271,55.7848636784813
2019-07-18 00:00:00+00:00,116.0374857973,0.15925982103150993,116.4802247058415,-0.3685216083207259,13.185832980509234,62.020829229705704
2019-07-19 00:00:00+00:00,114.4911393522,-1.3326266373964946,115.48568202902075,-0.8505741228586102,7.223593509622143,41.585608958824984
2019-07-22 00:00:00+00:00,113.0238674412,-1.28155935848131,114.25477473511037,-1.0660667406699602,4.3950584648567625,42.55740254631966
2019-07-23 00:00:00+00:00,113.1995886282,0.15547263686710444,113.7271816816552,-0.4552970519014279,10.678114467024528,66.25417520884662
2019-07-24 00:00:00+00:00,114.0254782068,0.7295870847310315,113.87632994422759,0.1371450164148018,38.95937127923253,72.94310189680097
2019-07-25 00:00:00+00:00,115.2028101593,1.0325165664859082,114.5395700517638,0.584830791450355,63.60198355693296,76.61220555577954
2019-07-26 00:00:00+00:00,114.8601538448,-0.2974374618346487,114.69986194828189,0.14369666480785315,54.072016872745856,40.47057699820648
2019-07-29 00:00:00+00:00,116.8721614352,1.751701981105347,115.78601169174095,0.9476993229566,80.20109346790436,71.52076434478798
2019-07-30 00:00:00+00:00,116.0462718566,-0.7066606525095498,115.91614177417048,0.12051933522352509,59.395366872199396,36.892269434372764
2019-07-31 00:00:00+00:00,114.4120648181,-1.4082374318060031,115.16410329613524,-0.643859048291239,33.55710033963424,30.558599411567485
2019-08-01 00:00:00+00:00,114.4735672335,0.05375518350951847,114.81883526481762,-0.29505193239086025,35.14967326362968,54.80952065674974
2019-08-02 00:00:00+00:00,115.1588798626,0.5986645176367267,114.98885756370882,0.15180629262293321,53.69902415652915,62.191453341348385
2019-08-05 00:00:00+00:00,114.359348462,-0.6942854963107981,114.6741030128544,-0.2712396018439324,35.786031805719475,39.32693756923329
2019-08-06 00:00:00+00:00,114.8952980821,0.46865396428703576,114.7847005474772,0.09870718122155167,51.91456848687079,59.443643437569776
2019-08-07 00:00:00+00:00,114.4032787587,-0.4282327750683268,114.5939896530886,-0.16476279692338758,38.57319547339231,42.964285181472846
2019-08-08 00:00:00+00:00,115.6948294827,1.1289455494751577,115.1444095678943,0.48209137627588505,69.46805823997204,66.87788449416263
2019-08-09 00:00:00+00:00,116.0111276192,0.2733900364555897,115.57776859354715,0.37774070636573737,74.22939950605524,49.70335443423729
2019-08-12 00:00:00+00:00,115.9144809664,-0.0833080884423687,115.74612477997357,0.14721630896168433,69.27774780410087,42.825558824905286
2019-08-13 00:00:00+00:00,117.2236038091,1.1293867960116888,116.48486429453678,0.6383015524866865,86.9565262391521,66.47989977846922
2019-08-14 00:00:00+00:00,114.4472090554,-2.3684605006866977,115.4660366749684,-0.8650794741000056,30.720274412727505,23.82804594957807
2019-08-15 00:00:00+00:00,114.6932187172,0.21495470604349087,115.0796276960842,-0.3250623840282574,36.203931727318015,55.47517858422757
2019-08-16 00:00:00+00:00,115.4136755836,0.6281599509177838,115.2466516398421,0.1515487834447632,52.663188755542585,59.51106129552181
2019-08-19 00:00:00+00:00,116.1956348655,0.6775274056093794,115.72114325267106,0.4145380945270713,66.66499925527933,60.15826466012088
2019-08-20 00:00:00+00:00,114.7459350732,-1.2476370510631218,115.23353916293553,-0.41654947826802524,36.57756387664118,31.089157809451198
2019-08-21 00:00:00+00:00,115.5630385925,0.7120980092050644,115.39828887771776,0.14777426546851957,54.094036724597494,60.346648461104266
2019-08-22 00:00:00+00:00,115.3346010495,-0.19767353453341574,115.36644496360887,-0.024949634532448084,48.47915699437819,46.576402348706466
2019-08-23 00:00:00+00:00,112.2243360406,-2.696731926583873,113.79539050210442,-1.3608407805581606,15.538765595816601,24.005883156546318
2019-08-26 00:00:00+00:00,113.120514094,0.7985594613594271,113.45795229805222,-0.28114065959936674,34.71199480342348,62.3167598249399
2019-08-27 00:00:00+00:00,114.7491662531,1.4397496087638295,114.10355927557612,0.5793044745822313,59.669342737640406,66.90734863985506
2019-08-28 00:00:00+00:00,113.8994346919,-0.7405121875358689,114.00149698373806,-0.08060385647681878,45.92902125638125,41.26655606181929
2019-08-29 00:00:00+00:00,113.5099743929,-0.3419334784702799,113.75573568831904,-0.21126866747354933,39.651627636389314,46.85180873108128
2019-08-30 00:00:00+00:00,113.6161908381,0.09357454775942298,113.68596326320952,-0.05884705985706318,42.84720595818278,54.0184303622666
2019-09-03 00:00:00+00:00,113.9525429144,0.29604238077238776,113.81925308880476,0.11859766045766229,54.33340093056182,57.97055616458111
2019-09-04 00:00:00+00:00,114.0587593596,0.09321112323030789,113.93900622420239,0.10590439184398509,58.30288141146632,51.339689251955825
2019-09-05 00:00:00+00:00,113.8109209876,-0.21729008222738377,113.8749636059012,-0.05569284519169934,44.702889713511425,40.66017004236981
2019-09-06 00:00:00+00:00,113.4834202817,-0.28775859386611646,113.6791919438006,-0.17172571952890792,30.568930785607424,37.97125844800235
2019-09-09 00:00:00+00:00,112.3681476075,-0.9827626550482527,113.0236697756503,-0.5772441872885803,11.689577362144737,19.193472359748903
2019-09-10 00:00:00+00:00,114.6695039193,2.0480504135732325,113.84658684747515,0.7354031131423261,69.66963150755846,80.91862361006231
2019-09-11 00:00:00+00:00,116.1034259289,1.250482439175049,114.97500638818758,0.9929427761586875,81.2035258838843,62.17242082824614
2019-09-12 00:00:00+00:00,115.4484245171,-0.5641533887218109,115.21171545264379,0.21439469371843833,64.41865820088755,34.7208145266053
2019-09-13 00:00:00+00:00,115.7582224821,0.2683431725429175,115.48496896737188,0.24136893313067792,68.96920441384496,49.933380608367386
2019-09-16 00:00:00+00:00,114.6606525488,-0.9481572105771718,115.07281075808595,-0.353394138723247,41.061622295816456,33.05100697730414
2019-09-17 00:00:00+00:00,114.7757203644,0.10035510268096015,114.92426556124298,-0.12651951802114342,44.5876558756235,53.4142901044363
2019-09-18 00:00:00+00:00,115.4307217762,0.5706794169711538,115.1774936687215,0.22207994947500517,63.32300067310631,61.32853568954978
2019-09-19 00:00:00+00:00,115.1651806633,-0.23004370830742582,115.17133716601074,-0.003981879416210324,52.523789912992264,42.77212929745131
2019-09-20 00:00:00+00:00,116.5282917095,1.1836138651883044,115.84981443775537,0.589815992886047,79.47570162621662,68.22933386581448
2019-09-23 00:00:00+00:00,116.6079540434,0.06836308396127588,116.22888424057768,0.32908953842366145,80.44867888334315,44.69926926131624
2019-09-24 00:00:00+00:00,116.4397780052,-0.14422347049962703,116.33433112288884,0.09243303396201721,69.9481126083224,40.68723459129741
2019-09-25 00:00:00+00:00,115.9441012612,-0.42569365254016,116.13921619204442,-0.1666303092890714,44.35354392831483,34.53164831021317
2019-09-26 00:00:00+00:00,114.0499079892,-1.6337124971392503,115.0945620906222,-0.9001714032141608,14.319436093658622,17.493536978880368
2019-09-27 00:00:00+00:00,113.8286237284,-0.19402405902944064,114.4615929095111,-0.5470977311218007,12.800527089053325,56.161244558880355
2019-09-30 00:00:00+00:00,114.519030622,0.606531881864214,114.49031176575555,0.029717075371206658,41.72804997494534,68.48192242880745
2019-10-01 00:00:00+00:00,115.0589642182,0.47147936309572813,114.77463799197778,0.25059821923346737,58.05226733719583,63.93500221281698
2019-10-02 00:00:00+00:00,116.8380896746,1.5462727902069595,115.80636383328888,0.8984355047202135,82.40904228617896,79.8811977432013
2019-10-03 00:00:00+00:00,116.1211286698,-0.613636363618042,115.96374625154445,0.14239957055108576,60.999120322302794,34.24226854173309
2019-10-04 00:00:00+00:00,118.3074171659,1.8827654546115236,117.13558170872223,1.0125825125813046,82.17793018430937,66.96446648249899
2019-10-07 00:00:00+00:00,117.8648486445,-0.37408349535633656,117.5002151766111,0.319249508612484,70.54572257466522,39.98356631356368
2019-10-08 00:00:00+00:00,116.6964677477,-0.9912886753234096,117.09834146215556,-0.3360195833554628,45.20613619908033,34.31229843977526
2019-10-09 00:00:00+00:00,114.3774086951,-1.9872572815261558,115.73787507862778,-1.1616384324408093,21.844855941063873,25.542804109324862
2019-10-10 00:00:00+00:00,114.2357867682,-0.1238198421486647,114.98683092341389,-0.642729137294737,20.857504972273084,56.64221886973957
2019-10-11 00:00:00+00:00,116.2450478558,1.758871842566334,115.61593938960695,0.5580713526357985,59.65980631781286,73.44894134613075
2019-10-14 00:00:00+00:00,115.7051142596,-0.4644787938577699,115.66052682460347,0.04679627938901432,49.8150768165835,43.547210237434236
2019-10-15 00:00:00+00:00,117.5816047907,1.6217870256709954,116.62106580765173,0.8342916525300048,73.0223280251455,64.11166033362764
2019-10-16 00:00:00+00:00,119.6439741009,1.7539897621495326,118.13251995427586,1.2941407073397686,84.69232878705733,65.31271843973109
2019-10-17 00:00:00+00:00,120.5291111439,0.739809129253377,119.33081554908793,1.0169749182965728,88.02671002327538,47.153694394899354
2019-10-18 00:00:00+00:00,113.0320003897,-6.220165969073788,116.18140796939397,-2.601595525388608,23.365023836883672,12.209474543372385
2019-10-21 00:00:00+00:00,113.3152442435,0.2505873140557169,114.748326106447,-1.1755041056664455,26.427724622002742,56.827241852356245
2019-10-22 00:00:00+00:00,114.3597059542,0.9217309795102047,114.5540160303235,-0.1268865630781204,39.74697258253502,59.990773977526715
2019-10-23 00:00:00+00:00,114.9793018843,0.5417956656413203,114.76665895731175,0.20745455128159995,48.10656705332382,56.47665207113329
2019-10-24 00:00:00+00:00,112.8549729811,-1.8475750577592098,113.81081596920588,-0.8200602532388049,28.07457906117254,36.3759317814146
2019-10-25 00:00:00+00:00,113.6073394677,0.66666666671924,113.70907771845293,-0.07669679325978246,41.10349180498612,59.26152567619154
2019-10-28 00:00:00+00:00,114.3420032134,0.6466692637484783,114.02554046592647,0.28498623524434796,53.45340951105054,59.00829771049098
2019-10-29 00:00:00+00:00,114.2888949908,-0.04644681841097231,114.15721772836324,0.11926970841668783,52.26504342578105,48.28204285082822
2019-10-30 00:00:00+00:00,117.5816047907,2.8810408921750907,115.86941125953162,1.5001553002958894,84.43877822777904,75.96343101819106
2019-10-31 00:00:00+00:00,116.8734951563,-0.6022282445119376,116.3714532079158,0.4489635278919759,69.35868282505974,38.85045316353954
2019-11-01 00:00:00+00:00,116.1299800402,-0.6361708573065838,116.2507166240579,-0.09360366470730397,54.13223318629928,38.57498180087217
2019-11-04 00:00:00+00:00,115.2713971085,-0.7393292682929875,115.76105686627895,-0.41646646650014574,39.21884505503941,37.36711089011679
2019-11-05 00:00:00+00:00,115.4395731467,0.14589572297949438,115.60031500648947,-0.13528537176032568,43.770387463648184,55.359360908472866
2019-11-06 00:00:00+00:00,115.9175471499,0.4140469253057555,115.75893107819473,0.1393807767727149,57.37735764820635,60.51342525447022
2019-11-07 00:00:00+00:00,116.3335615601,0.35888821013614347,116.04624631914737,0.24913449345442917,67.61026593407772,58.4318379441984
2019-11-08 00:00:00+00:00,117.7232267176,1.1945522331335834,116.88473651837369,0.7218433632940062,85.29718628523146,76.66965557910517
2019-11-11 00:00:00+00:00,116.8203869337,-0.7669172932761814,116.85256172603684,-0.022536964991087594,55.67145015339886,30.128773177984087
2019-11-12 00:00:00+00:00,116.2627505966,-0.47734505229508617,116.55765616131842,-0.24994100864308688,42.11837872281371,38.40820581695751
2019-11-13 00:00:00+00:00,116.1919396332,-0.06090597636529971,116.37479789725921,-0.1554234925041933,40.25186208522605,50.946949731894286
2019-11-14 00:00:00+00:00,115.9175471499,-0.23615449072130756,116.14617252357961,-0.19578899161275043,32.007230050054076,45.145461635633296
2019-11-15 00:00:00+00:00,119.440392581,3.039095907148881,117.79328255228981,1.4216534577680653,86.2489587881399,86.91538294482324
2019-11-18 00:00:00+00:00,119.3430275062,-0.08151771163508181,118.5681550292449,0.6700678730664917,83.48777972103073,41.620700042841804
2019-11-19 00:00:00+00:00,119.3341761358,-0.007416746989707956,118.95116558252246,0.3313255630383919,83.12489357716588,42.684590940373226
2019-11-20 00:00:00+00:00,120.325529624,0.830737279379079,119.63834760326122,0.5810314212087355,90.24687226352468,56.22080503008146
2019-11-21 00:00:00+00:00,120.7680981455,0.3678093276489047,120.20322287438061,0.4744203744288201,92.39591230221386,47.020647716882735
2019-11-22 00:00:00+00:00,122.2108715255,1.194664321252925,121.2070471999403,0.8345423478408727,96.33975511052157,63.16875952397575
2019-11-25 00:00:00+00:00,122.2639797481,0.04345621787740228,121.73551347402015,0.4389992828591375,96.44165539346211,38.59879278061
2019-11-26 00:00:00+00:00,122.2550670801,-0.007289692367573597,121.99529027706008,0.21585479524578194,95.77048290616284,37.630991158858016
2019-11-27 00:00:00+00:00,122.7720018246,0.4228329809522702,122.38364605083004,0.31934388809902603,97.36554942133392,52.70714879568647
2019-11-29 00:00:00+00:00,122.5402724564,-0.18874773136879908,122.46195925361502,0.06529807836511348,77.66964431047872,34.77746984212448
2019-12-02 00:00:00+00:00,122.4244077723,-0.09455233106424599,122.44318351295752,-0.014627126349566255,67.4381813231784,39.52985036816472
2019-12-03 00:00:00+00:00,122.2461544121,-0.14560279558920586,122.34466896252876,-0.08011496096938606,51.716653784880556,37.319262034146924
2019-12-04 00:00:00+00:00,124.2247667101,1.618547681532756,123.28471783631437,0.7692163602816849,90.10897604844168,83.92283900518652
2019-12-05 00:00:00+00:00,124.3851947343,0.12914334914742032,123.83495628530719,0.44917985471455263,90.98116073719966,43.22417714320894
2019-12-06 00:00:00+00:00,125.116033511,0.5875609056698039,124.47549489815358,0.5183703801921783,94.37222751858516,53.61045553597496
2019-12-09 00:00:00+00:00,125.2229855271,0.08548226242370838,124.8492402126268,0.30192632130794334,94.80130770553238,41.2217767136544
2019-12-10 00:00:00+00:00,124.7684394587,-0.36298932379440485,124.8088398356634,-0.030531501243230758,63.79410119604642,31.476119610343993
2019-12-11 00:00:00+00:00,125.6507935915,0.7071933708781231,125.2298167135817,0.33833093481744614,81.45538798369594,62.884830771886406
2019-12-12 00:00:00+00:00,125.9716496399,0.25535536961518446,125.60073317674085,0.2968431522163153,85.35265729579825,48.7371718657498
2019-12-13 00:00:00+00:00,126.0073003119,0.028300551832027843,125.80401674432042,0.16257185202417157,85.84833452584162,41.67061552001213
2019-12-16 00:00:00+00:00,126.3727197003,0.28999858539584533,126.08836822231021,0.22628521871000845,90.691541419866,53.36162276775293
2019-12-17 00:00:00+00:00,127.9502619379,1.248324987656546,127.0193150801051,0.7373051031832772,97.1057458676271,77.8013231764272
2019-12-18 00:00:00+00:00,127.6204932215,-0.2577319588138449,127.31990415080256,0.23978657218471616,79.85241992832839,34.80579872677669
2019-12-19 00:00:00+00:00,129.5456295115,1.5084852294519058,128.4327668311513,0.8741359008183109,92.1171108037344,66.9424606307839
2019-12-20 00:00:00+00:00,130.1784289401,0.4884760921585629,129.30559788562564,0.6813059964884369,93.93691038256765,46.91083572839526
2019-12-23 00:00:00+00:00,130.5171103245,0.2601670546783508,129.91135410506283,0.47073652558339385,94.88490956286304,42.62810441948399
2019-12-24 00:00:00+00:00,130.062564256,-0.34826550125871547,129.98695918053141,0.06123551216233919,72.16850790186945,31.230622744062742
2019-12-26 00:00:00+00:00,129.9734375759,-0.06852600562647915,129.9801983782157,-0.003645246732069979,67.42107181783624,41.93705022374957
2019-12-27 00:00:00+00:00,129.9021362319,-0.05485839670769099,129.94116730505783,-0.029251821719880486,62.48829653264863,42.59206549390508
2019-12-30 00:00:00+00:00,129.5010661715,-0.30874785591207266,129.7211167382789,-0.16899983881597658,38.63697040933699,32.405738056734336
2019-12-31 00:00:00+00:00,130.009088248,0.3922918100359274,129.86510249313946,0.1116459856099754,64.43168536207457,66.04248594511695
2020-01-02 00:00:00+00:00,130.0982149281,0.06855419209614855,129.98165871061974,0.09010008885306198,67.97441062384684,49.11303780262677
2020-01-03 00:00:00+00:00,128.5919740345,-1.1577721450155454,129.28681637255988,-0.5338360280812418,19.283814370484908,19.992738832824315
2020-01-06 00:00:00+00:00,128.4315460104,-0.12475741608644064,128.85918119147993,-0.3292967220838412,17.303596069117766,54.26033899695681
2020-01-07 00:00:00+00:00,129.2158607952,0.610687022903611,129.03752099333997,0.1406951504098849,52.82702222179779,68.61541034838693
2020-01-08 00:00:00+00:00,129.1980354591,-0.013795006271133392,129.11777822621997,0.06345007206937575,52.06457612960001,49.020235500642514
2020-01-09 00:00:00+00:00,129.5812801835,0.2966335540925069,129.34952920486,0.18004181308094133,67.28985361837528,57.970140086226934
2020-01-10 00:00:00+00:00,129.2871621392,-0.22697572047714054,129.31834567203,-0.023466953698099605,49.27374596926963,40.140565367225484
2020-01-13 00:00:00+00:00,129.8575728918,0.4411967461903643,129.587959281915,0.20886489624613236,71.4841080391186,62.32223625362702
2020-01-14 00:00:00+00:00,130.5884116686,0.5628002745815541,130.0881854752575,0.38583258541384324,84.51475640041578,65.78358248459912
2020-01-15 00:00:00+00:00,131.025132401,0.33442533439207445,130.55665893812875,0.36012895990295885,89.01438689301595,52.25923052272284
2020-01-16 00:00:00+00:00,132.0857398941,0.80946874364074,131.32119941611438,0.5847988517718494,94.66335589206675,70.9158100951172
2020-01-17 00:00:00+00:00,132.950268691,0.654520917695689,132.1357340535572,0.6196598847337692,96.72342280717744,59.533124600977416
2020-01-21 00:00:00+00:00,133.039395371,0.06703760803008496,132.5875647122786,0.3433487463819271,96.907997617261,31.12261399255363
2020-01-22 00:00:00+00:00,132.1303032341,-0.6833255175016872,132.35893397318932,-0.16998838555988008,52.048651459313014,16.25798113108285
2020-01-23 00:00:00+00:00,132.3798579384,0.18887015180599764,132.36939595579466,0.009440883123058783,59.72534594012108,54.30786202492533
2020-01-24 00:00:00+00:00,132.1926919102,-0.141385578678499,132.28104393299733,-0.0659723477777201,50.610193225431026,43.16759861245841
2020-01-27 00:00:00+00:00,132.5759366346,0.28991370011612894,132.42849028379868,0.11197067616920442,66.37300660185576,59.45868948421567
2020-01-28 00:00:00+00:00,133.2443867353,0.5042016806883654,132.83643850954934,0.3080861784287849,81.6745477565333,66.59503026936706
2020-01-29 00:00:00+00:00,134.1713042082,0.695652173882122,133.50387135887468,0.5018691761554535,90.58532728155313,72.97113620192457
2020-01-30 00:00:00+00:00,134.010876184,-0.11956954964904565,133.75737377143736,0.1911498132532039,80.43175287715866,32.88256232723954
2020-01-31 00:00:00+00:00,132.6828886507,-0.9909550411987933,133.2201312110687,-0.3999026139727947,33.62860912637652,17.482944992284082
2020-02-03 00:00:00+00:00,133.8415354919,0.8732451132039021,133.53083335148435,0.2366712496155537,62.32206759277998,67.03085935875676
2020-02-04 00:00:00+00:00,135.1160470172,0.9522541120107864,134.3234401843422,0.59446268081317,78.00884981873868,68.2431166643424
2020-02-05 00:00:00+00:00,137.2461746713,1.576517150349166,135.78480742782108,1.085489915581168,89.23984770475973,77.88182432376333
2020-02-06 00:00:00+00:00,136.8361919429,-0.29872069613735563,136.31049968536053,0.39338460972190614,77.77285277689522,32.894760004357096
2020-02-07 00:00:00+00:00,135.3745143894,-1.0681951410266843,135.84250703738024,-0.3374052656523891,46.09646299248226,24.267019455325865
2020-02-10 00:00:00+00:00,135.3477763854,-0.019751135670242892,135.5951417113901,-0.178578200661316,45.58699456494327,50.6965703793082
2020-02-11 00:00:00+00:00,135.4636410695,0.08560516263678153,135.52939139044506,-0.04648651901226723,49.233996586092196,53.16047417187535
2020-02-12 00:00:00+00:00,134.6615009487,-0.5921442200039984,135.09544616957254,-0.3193153695081328,29.029082294652767,35.86540666628312
2020-02-13 00:00:00+00:00,133.7702341478,-0.6618571712189047,134.43284015868628,-0.49058627036351876,17.238421159374585,34.151155645579195
2020-02-14 00:00:00+00:00,133.8058848198,0.026650676233863635,134.11936248924314,-0.23196779706482756,19.207340856285295,61.448729059132816
2020-02-18 00:00:00+00:00,132.9235306869,-0.6594284953074458,133.52144658807157,-0.4456981461861367,10.199237018453493,37.9399779300131
2020-02-19 00:00:00+00:00,132.7452773267,-0.1341021858799918,133.13336195738577,-0.28990016603306423,8.930099972675382,56.8848819388477
2020-02-20 00:00:00+00:00,132.2372552502,-0.3827044447311745,132.6853086037929,-0.33630230538211936,5.829208599707742,46.753632272942355
2020-02-21 00:00:00+00:00,133.6276314596,1.0514254903198905,133.15647003169644,0.3575615924688856,61.17489997211692,79.04623106805268
2020-02-24 00:00:00+00:00,130.8914423809,-2.047622223647083,132.02395620629824,-0.8450303155890988,22.368299414906495,26.652391959082436
2020-02-25 00:00:00+00:00,129.7611345377,-0.8635460215273283,130.89254537199912,-0.8542881685582135,16.056792914047783,46.844777972445804
2020-02-26 00:00:00+00:00,128.8909769124,-0.6705841686727831,129.89176114219956,-0.7624361686154983,12.110738008275167,50.196330960325525
2020-02-27 00:00:00+00:00,124.8003390037,-3.1737193763999194,127.34605007294978,-1.968077772507709,4.431362119570248,22.541040620509914
2020-02-28 00:00:00+00:00,120.6379355176,-3.3352501438129956,123.99199279527488,-2.651663958160352,2.251901301874343,21.39979763476962
2020-03-02 00:00:00+00:00,125.6077017488,4.11957168354804,124.79984727203744,0.733953862693844,48.02943025283405,82.55234321795602
2020-03-03 00:00:00+00:00,121.6336829033,-3.1638337380358594,123.21676508766872,-1.2149399376710077,30.75394943132137,38.57233615372662
2020-03-04 00:00:00+00:00,128.711562969,5.819013201570966,125.96416402833435,2.302036631949979,64.68695836319988,69.06328218945258
2020-03-05 00:00:00+00:00,127.3928704853,-1.024533035946129,126.67851725681717,0.638751798001925,56.895214106692634,44.066873953799885
2020-03-06 00:00:00+00:00,127.4108118796,0.01408351521687834,127.04466456820859,0.3264176566094017,57.00091559103279,48.32461648315463
2020-03-09 00:00:00+00:00,122.3961921626,-3.9357882137496247,124.7204283654043,-1.8046852785701115,28.105794051474675,33.693547579952515
2020-03-10 00:00:00+00:00,127.0609546901,3.811199061898085,125.89069152775215,1.0032568916639868,57.89099233877828,64.93086774462068
2020-03-11 00:00:00+00:00,118.2337886766,-6.947190059313934,122.06224010217608,-2.971966583824974,26.60490244318698,32.771034350073805
2020-03-12 00:00:00+00:00,112.5015131861,-4.848254931743123,117.28187664413804,-3.9101107577840484,17.429539858273,41.28196622824733
2020-03-13 00:00:00+00:00,120.4674922714,7.080775057774269,118.87468445776902,1.5853321499951103,51.963032980108025,71.75985840859478
2020-03-16 00:00:00+00:00,114.044473099,-5.331744731541055,116.45957877838451,-1.8732062907729723,34.50783353897163,39.643287533664356
2020-03-17 00:00:00+00:00,122.5307526201,7.441201919301443,119.49516569924225,2.7839978142642354,60.68266049226754,64.30346041651225
2020-03-18 00:00:00+00:00,121.0685289817,-1.193352368391587,120.28184734047113,0.7953227229363242,55.001266837734,45.46676606904028
2020-03-19 00:00:00+00:00,113.9727075217,-5.860995850600082,117.12727743108556,-2.5328365638318786,32.709505479547396,36.73991596518397
2020-03-20 00:00:00+00:00,107.5496883493,-5.635576544653976,112.33848289019278,-4.084206554242927,21.09882350559883,37.6074388794979
2020-03-23 00:00:00+00:00,99.7003283271,-7.298356827131702,106.0194056086464,-5.6912816906873145,12.781868102273569,32.652853201567595
2020-03-24 00:00:00+00:00,106.9127688503,7.234119129013505,106.4660872294732,0.7714187191630955,43.48621130246511,75.30491810898395
2020-03-25 00:00:00+00:00,107.110124188,0.1845947306596596,106.7881057087366,0.4780067249113775,44.291172489807714,51.54972081865316
2020-03-26 00:00:00+00:00,113.5421140576,6.00502512564598,110.1651098831683,3.2415159252786787,67.1589911873849,65.16074265860486
2020-03-27 00:00:00+00:00,110.4831063233,-2.694161333607159,110.32410810323415,0.27367729583575984,51.94695634999791,39.98058695127006
2020-03-30 00:00:00+00:00,119.3192430339,7.99772653453763,114.82167556856707,4.135701915186695,75.74821620507876,64.95064093544627
2020-03-31 00:00:00+00:00,117.6327519663,-1.4134275618232328,116.22721376743354,1.3611371766817313,66.3407569617723,41.92264442348989
2020-04-01 00:00:00+00:00,115.5515502233,-1.7692366353855626,115.88938199536676,-0.20404972935191568,53.940369689061484,41.09633780761633
2020-04-02 00:00:00+00:00,119.4448327943,3.3693036255042497,117.66710739483338,1.582626948076167,69.78711378896678,58.721424612766825
2020-04-03 00:00:00+00:00,120.3598439054,0.7660533232741518,119.01347565011669,1.1743401356751595,73.05521850936773,47.84282064023292
2020-04-06 00:00:00+00:00,125.3744636224,4.166356115367997,122.19396963625834,2.6703481255215786,85.73757594910147,61.7326731239153
2020-04-07 00:00:00+00:00,123.3291446681,-1.6313680594957858,122.76155715217917,0.5194900330128964,66.56825276607474,36.72146217481699
2020-04-08 00:00:00+00:00,128.5142076313,4.204247890597057,125.63788239173958,2.361868961804977,81.93071440623099,60.73807088455603
2020-04-09 00:00:00+00:00,126.6931561062,-1.417004048551973,126.16551924896979,0.4724324566265019,65.96244235528557,39.22649079872096
2020-04-13 00:00:00+00:00,125.3834343196,-1.033774693798084,125.7744767842849,-0.2806711185857911,54.50264719734179,41.35067093099787
2020-04-14 00:00:00+00:00,130.9990907469,4.478786577966765,128.38678376559244,2.099057729690487,78.5122194681485,66.56555803782477
2020-04-15 00:00:00+00:00,132.4613143853,1.116208998141155,130.42404907544622,1.607633363915821,82.18425456427005,47.77297712804195
2020-04-16 00:00:00+00:00,134.2644245161,1.3612352702126795,132.3442367957731,1.4844343170642502,86.46315687800154,49.33635821781889
2020-04-17 00:00:00+00:00,136.3725383506,1.5701209327026122,134.35838757318655,1.5272776248834312,90.47508111483126,51.204196600462396
2020-04-20 00:00:00+00:00,136.0585639497,-0.23023286410700505,135.20847576144325,0.6485223803882131,84.8566792388599,34.67633758392963
2020-04-21 00:00:00+00:00,134.2733952133,-1.3120590755756778,134.74093548737164,-0.33176834759373236,55.475848828395,26.861329280867057
2020-04-22 00:00:00+00:00,137.2426959759,2.2113842864277977,135.99181573163582,0.9398079694170327,76.11188018962643,65.18905662645926
2020-04-23 00:00:00+00:00,139.5033116623,1.647166481483997,137.74756369696792,1.293487225450515,84.3796091795598,57.90083480494508
2020-04-24 00:00:00+00:00,138.9202163464,-0.417979551131753,138.33389002168394,0.437753837159381,74.41482689475808,35.878090189722755
2020-04-27 00:00:00+00:00,138.4088866078,-0.36807438978138096,138.37138831474198,0.03483972368900001,64.40946593406467,36.75012187636718
2020-04-28 00:00:00+00:00,135.807384429,-1.8795774191665338,137.089386371871,-0.9223688477387668,31.78994927534395,22.7154556879744
2020-04-29 00:00:00+00:00,134.7757542547,-0.7596274522460478,135.9325703132855,-0.8409981499924073,24.430422330796773,45.74420282379797
2020-04-30 00:00:00+00:00,134.5963403113,-0.13312034081510715,135.26445531229274,-0.4870592454037572,23.03903584864069,56.59648755256562
2020-05-01 00:00:00+00:00,133.0264683069,-1.1663556384736262,134.14546180959638,-0.8267074419386917,13.183933736375097,37.861963869971305
2020-05-04 00:00:00+00:00,133.0085269126,-0.013487086087726752,133.57699436109817,-0.42009726401320924,13.087960090068867,60.0146336484115
2020-05-05 00:00:00+00:00,134.1119226642,0.8295676805179841,133.84445851264908,0.20473520825238745,48.00488083679061,71.25532843324932
2020-05-06 00:00:00+00:00,132.8380836664,-0.9498327758595604,133.34127108952453,-0.37254878380358647,28.30954541469191,37.70077257443413
2020-05-07 00:00:00+00:00,132.3985195051,-0.3309022150634666,132.86989529731227,-0.35172549943352655,23.35073470962681,49.988317134602866
2020-05-08 00:00:00+00:00,133.3942668908,0.7520834745146976,133.13208109405613,0.20017898754058552,51.9500539907555,67.04710242481099
2020-05-11 00:00:00+00:00,133.7620654747,0.27572293208155685,133.44707328437806,0.23795095981107117,60.18163505621236,54.73004973015857
2020-05-12 00:00:00+00:00,131.9948381326,-1.321172288891026,132.72095570848904,-0.5416106645399774,26.93043401936139,28.449535309755994
2020-05-13 00:00:00+00:00,131.9858674354,-0.0067962484949446456,132.35341157194452,-0.27420345651746103,26.817613391072726,55.0801344948909
2020-05-14 00:00:00+00:00,132.443372991,0.3466322300180513,132.39839228147224,0.03621438675029515,44.57912652135441,60.94335913865075
2020-05-15 00:00:00+00:00,134.955168198,1.896505012123706,133.6767802397361,0.9663596994370005,81.51850562824892,78.98583189965721
2020-05-18 00:00:00+00:00,135.0269337754,0.05317734649088468,134.35185700756807,0.5097685229639426,82.03177415875192,43.30040586700731
2020-05-19 00:00:00+00:00,133.6813292002,-0.9965453095737598,134.01659310388402,-0.24338839330490858,46.0571091134967,31.242923344712196
2020-05-20 00:00:00+00:00,132.4792557796,-0.8992081600264212,133.24792444174201,-0.5712982766656649,29.009593517363502,33.806664938626746
2020-05-21 00:00:00+00:00,131.6090981543,-0.6568255687876556,132.42851129802102,-0.6140619227266603,20.69299182055535,41.89868362617245
2020-05-22 00:00:00+00:00,130.415995431,-0.9065503373491657,131.4222533645105,-0.760306130037913,13.017535601159963,35.24075322832183
2020-05-26 00:00:00+00:00,130.5876310833,0.13160628934572038,131.00494222390526,-0.3143499203460963,19.463591923913622,67.47243422746104
2020-05-27 00:00:00+00:00,130.8857351111,0.22827891533603317,130.94533866750263,-0.043035502505031575,32.49647346733765,69.58677751264463
2020-05-28 00:00:00+00:00,132.7646938317,1.435571813081915,131.8550162496013,0.6962681552884418,73.31866817926365,86.28586511120082
2020-05-29 00:00:00+00:00,134.3726488907,1.2111315234442754,133.11383257015063,0.9536998393663586,84.97908692908304,74.82868247331393
2020-06-01 00:00:00+00:00,132.9634298503,-1.0487394957483187,133.03863121022533,-0.04751982819098005,53.97154458956833,24.8976469081909
2020-06-02 00:00:00+00:00,133.9209761213,0.7201576193379244,133.47980366576266,0.33631889557347217,66.4491519013792,57.88934423241861
2020-06-03 00:00:00+00:00,134.2823143369,0.2698145026009291,133.88105900133132,0.30306669908720063,70.91246377919758,49.57306438288097
2020-06-04 00:00:00+00:00,132.5478909024,-1.291624621652332,133.21447495186567,-0.49427896128256565,36.22001915049661,28.373800995568562
2020-06-05 00:00:00+00:00,133.0627978595,0.3884686158296846,133.13863640568283,-0.05290517272644052,47.6294579701109,57.62263427778185
2020-06-08 00:00:00+00:00,132.584024724,-0.35980991171217225,132.8613305648414,-0.20635754221930638,38.118785467505084,45.27203978240548
2020-06-09 00:00:00+00:00,131.8523148376,-0.551883899982053,132.35682270122072,-0.3791207211006797,26.14891086055142,41.82073769695186
2020-06-10 00:00:00+00:00,133.5144706289,1.2606193477507244,132.93564666506035,0.4407493133250223,64.32275602032176,72.01684926739057
2020-06-11 00:00:00+00:00,127.2542860453,-4.68876860621349,130.0949663551802,-2.1240096464442337,16.407942588764215,20.255334200086384
2020-06-12 00:00:00+00:00,128.4105683349,0.9086391708554187,129.2527673450401,-0.6076852377944075,30.708504049218643,60.4112974229135
2020-06-15 00:00:00+00:00,127.59755735,-0.6331340133778118,128.42516234752006,-0.6204096255861097,26.01464744532993,50.00717355617653
2020-06-16 00:00:00+00:00,130.4972965294,2.272566371663376,129.46122943846,0.8260783730386332,59.29857440684147,66.37703394328
2020-06-17 00:00:00+00:00,130.0998244924,-0.30458258337210387,129.78052696543,0.26074789483326466,54.27801963327904,46.2354919494368
2020-06-18 00:00:00+00:00,129.5487837137,-0.42355228444768134,129.664655339565,-0.08140219480720834,46.152182430361236,45.28399432138222
2020-06-19 00:00:00+00:00,129.92818884,0.292866606249631,129.79642208978248,0.10573220572121134,53.36301345346704,53.86077725515483
2020-06-22 00:00:00+00:00,129.530716803,-0.30591670718158603,129.66356944639125,-0.10009225073018735,44.0859229279355,45.01457088515493
2020-06-23 00:00:00+00:00,129.0519436674,-0.36962131254792974,129.35775655689562,-0.23485678163905854,33.54804585478282,43.86484721923665
2020-06-24 00:00:00+00:00,126.3057732296,-2.127957440825201,127.83176489324782,-1.1814071112321298,10.975739177380026,21.31993467094135
2020-06-25 00:00:00+00:00,126.1702713988,-0.10728078957538134,127.00101814602391,-0.6443439504037556,10.455089728440315,58.28133962862558
2020-06-26 00:00:00+00:00,124.4900486967,-1.331710460373925,125.74553342136196,-0.9880272053888403,5.554372878654857,40.84230938522401
2020-06-29 00:00:00+00:00,125.6011637094,0.8925331979000584,125.67334856538098,-0.04774700374439095,35.53021980192555,67.41212774225731
2020-06-30 00:00:00+00:00,127.037483116,1.1435558112528055,126.35541584069048,0.5479044037542072,60.09105485274283,69.71478736450544
2020-07-01 00:00:00+00:00,126.8116467313,-0.17777145702247976,126.58353128599524,0.18506647336586374,55.13696437240007,44.74897720542612
2020-07-02 00:00:00+00:00,127.3446205992,0.42028779030787167,126.96407594259762,0.30267713183686773,65.27221427751076,55.55505723005166
2020-07-06 00:00:00+00:00,129.1603451321,1.4258352840947452,128.0622105373488,0.8642562079658065,83.88102327117134,70.2363360549131
2020-07-07 00:00:00+00:00,129.042910212,-0.09092180729299848,128.55256037467439,0.386667200336404,79.73593185200093,40.19503839023834
2020-07-08 00:00:00+00:00,129.4223153383,0.29401470075083314,128.9874378564872,0.34034095054361857,83.65114152323926,48.5692515629068
2020-07-09 00:00:00+00:00,128.7177058181,-0.5444266070794623,128.8525718372936,-0.10204282826792188,54.3815553015301,33.323900039789805
2020-07-10 00:00:00+00:00,128.6093043534,-0.08421643627892772,128.7309380953468,-0.0931296322734248,50.31852106530752,47.01663929578332
2020-07-13 00:00:00+00:00,131.1748056835,1.9948022757749984,129.95287188942342,0.9508363217507868,86.39731137031922,77.84603639792401
2020-07-14 00:00:00+00:00,133.6228720936,1.8662626541309235,131.7878719915117,1.408549487940855,93.33018629831955,73.86031826301462
2020-07-15 00:00:00+00:00,133.9300095767,0.22985397506263272,132.85894078410587,0.8192017315017439,93.91393518668254,37.346127960347886
2020-07-16 00:00:00+00:00,134.8243216601,0.6677458519017243,133.84163122210293,0.7434737917017341,95.59702171344357,47.720230528855204
2020-07-17 00:00:00+00:00,134.914656214,0.06700167505959698,134.37814371805146,0.40523773338066554,95.7740921106908,35.59259337565819
2020-07-20 00:00:00+00:00,135.1404925987,0.1673920321464628,134.75931815837572,0.2863148827635642,96.32788453903342,39.44988373231196
2020-07-21 00:00:00+00:00,135.2669609741,0.09358288768084311,135.01313956623784,0.18994888522220366,96.69202466311441,37.00574896536019
2020-07-22 00:00:00+00:00,135.5108642696,0.18031254176451572,135.26200191791892,0.1851307134933597,97.42943310567415,43.20756156491774
2020-07-23 00:00:00+00:00,135.1495260541,-0.266648890070631,135.20576398600946,-0.04075908828863564,65.15388403231623,24.535156765928974
2020-07-24 00:00:00+00:00,133.8035412013,-0.9959227324712994,134.50465259365473,-0.5183409103799675,22.85317848039456,11.923726422578495
2020-07-27 00:00:00+00:00,132.9543963949,-0.6346205778832936,133.72952449427737,-0.5764807441316306,14.155971267030386,36.26830055001781
2020-07-28 00:00:00+00:00,132.6382254563,-0.2378040494884326,133.1838749752887,-0.4071423968100316,11.67452971279184,56.20894276122975
2020-07-29 00:00:00+00:00,132.3762552501,-0.19750732136137872,132.78006511269433,-0.30232485908570517,9.586069665512815,58.20108323833355
2020-07-30 00:00:00+00:00,132.6472589117,0.2047222601122778,132.71366201219718,-0.04880129948671369,29.230782553467353,75.13641615286575
2020-07-31 00:00:00+00:00,131.6716457298,-0.7354944157190957,132.19265387099858,-0.3921478576029047,13.450036016907665,31.0403216781719
2020-08-03 00:00:00+00:00,133.1079651365,1.0908342481322553,132.6503095037493,0.3493431952646753,60.519258813404186,74.55346837831505
2020-08-04 00:00:00+00:00,132.9905302164,-0.08822531392436161,132.82041986007465,0.13055894067015683,56.735180923032026,46.27645994749454
2020-08-05 00:00:00+00:00,134.0564779522,0.8015215324470804,133.43844890613732,0.4660402365586186,76.6303736159008,62.41338536552054
2020-08-06 00:00:00+00:00,133.2886342442,-0.5727762803627967,133.36354157516865,-0.05336802190208906,51.19379246129473,36.801993858166924
2020-08-07 00:00:00+00:00,134.2371470599,0.7116231785841531,133.80034431753433,0.329127578341032,69.78061228305631,59.88096456146394
2020-08-10 00:00:00+00:00,133.7222401028,-0.38358008075830563,133.76129221016714,-0.02722625120863681,53.26342968525346,40.81619836194277
2020-08-11 00:00:00+00:00,132.7646938317,-0.7160710666855974,133.26299302093355,-0.37164865894711707,32.08112965301337,35.647843071750714
2020-08-12 00:00:00+00:00,135.194693331,1.8303055045495897,134.22884317596677,0.7293284228012363,72.9820865058749,73.78340346101535
2020-08-13 00:00:00+00:00,133.6951397367,-1.1091808098033784,133.9619914563334,-0.18992619350107104,46.860598516576516,36.41572755361572
2020-08-14 00:00:00+00:00,133.911942666,0.1621621621600733,133.93696706116668,-0.013882015670498876,50.68820156449568,52.14060176389138
2020-08-17 00:00:00+00:00,134.58945182,0.5059363194288347,134.26320944058335,0.2460271518791679,63.13517345297397,56.503668557949744
2020-08-18 00:00:00+00:00,135.5831319127,0.7383045842470182,134.9231706766417,0.49216586806309304,76.29744235736545,60.18392375956546
2020-08-19 00:00:00+00:00,135.8541355743,0.199880071935854,135.38865312547085,0.3460229699994735,79.31826581378488,46.5071345036401
2020-08-20 00:00:00+00:00,136.7845814792,0.6848859631447546,136.0866173023354,0.515454466572114,87.51369043851867,59.07376619743853
2020-08-21 00:00:00+00:00,137.9950645012,0.8849557522563778,137.0408409017677,0.7002051094142459,92.95868262499607,64.26783934665221
2020-08-24 00:00:00+00:00,138.3564027167,0.26184865147611536,137.69862180923383,0.4810268804451806,94.10895780404582,40.34653111974551
2020-08-25 00:00:00+00:00,138.2745619264,-0.05915215247940253,137.9865918678169,0.21093736398288904,89.16052557548053,31.33408109596356
2020-08-26 00:00:00+00:00,138.4928040338,0.15783243451255036,138.23969795080848,0.1843848992477197,91.04418279603844,44.01432510540221
2020-08-27 00:00:00+00:00,139.1111566717,0.4464871963665962,138.67542731125423,0.31543604780715795,94.84869934777984,59.089497520602116
2020-08-28 00:00:00+00:00,139.7113224672,0.43142894492380623,139.19337488922713,0.3734324963654821,96.81718410793597,57.87015122095947
2020-08-31 00:00:00+00:00,139.5021737809,-0.14970059878225417,139.34777433506355,0.11186594879161396,80.69768957698341,26.369870174032645
2020-09-01 00:00:00+00:00,137.7835171845,-1.2319926993390684,138.56564575978177,-0.5600633752737272,26.43900313398824,10.461632597876743
2020-09-02 00:00:00+00:00,139.884097469,1.5245512144150153,139.2248716143909,0.48224391957064405,67.05257086851958,72.90624445658366
2020-09-03 00:00:00+00:00,135.992113219,-2.782292140722087,137.60849241669547,-1.1500241105757214,26.456685441976223,27.67419699046363
2020-09-04 00:00:00+00:00,135.1191447891,-0.6419257773384146,136.36381860289774,-0.895974943957068,21.979516845473096,50.5461023454811
2020-09-08 00:00:00+00:00,133.9097197769,-0.8950804226060871,135.13676918989887,-0.8955276832815775,16.26096564046451,47.86088848478625
2020-09-09 00:00:00+00:00,136.1285145362,1.6569333152191001,135.63264186304943,0.3807028159687613,51.20029261370061,71.0868879961794
2020-09-10 00:00:00+00:00,133.5914500368,-1.8637274549303195,134.61204594992472,-0.7415123194807791,29.843329530226683,36.98947679940375
2020-09-11 00:00:00+00:00,134.3825776764,0.5921993057055985,134.49731181316236,-0.07465650688759029,41.29675670127529,58.04603566197835
2020-09-14 00:00:00+00:00,134.9009026817,0.38570848562538007,134.6991072474312,0.1555259893688949,49.412955204676074,55.69859226738423
2020-09-15 00:00:00+00:00,135.3919474235,0.3640040444789605,135.04552733546558,0.2597650169239277,57.71982660143983,55.345697234770576
2020-09-16 00:00:00+00:00,134.9463697874,-0.3291020216337315,134.99594856143278,-0.034668502354901876,47.175709960686014,42.459641618232226
2020-09-17 00:00:00+00:00,133.8278789866,-0.8288409703514743,134.4119137740164,-0.43175473635318806,27.950396032889554,33.918631785455176
2020-09-18 00:00:00+00:00,135.6556566367,1.3657674797961983,135.03378520535819,0.4670063717215051,63.956003365253395,71.57873138248368
2020-09-21 00:00:00+00:00,131.9455408096,-2.734951065871194,133.4896630074791,-1.1339723470748444,25.363495062312467,27.558505211262233
2020-09-22 00:00:00+00:00,131.1362263278,-0.6133700895340377,132.31294466763956,-0.873671218304441,21.18137142398061,50.96240917661555
2020-09-23 00:00:00+00:00,131.3453750141,0.1594896331523321,131.82915984086978,-0.35709079257605447,25.916567365806227,58.32036437454129
2020-09-24 00:00:00+00:00,131.5545237004,0.15923566876836492,131.69184177063488,-0.09892756190384477,32.04076013528426,58.31605137389641
2020-09-25 00:00:00+00:00,132.4547723938,0.6843160296412076,132.07330708221744,0.29269423386868143,55.690388314507494,66.09276183694753
2020-09-28 00:00:00+00:00,133.7733184597,0.9954689001162143,132.92331277095872,0.6440815669924478,74.8888510541139,70.91582665192145
2020-09-29 00:00:00+00:00,133.727851354,-0.03398817209853133,133.32558206247936,0.3050466974469582,73.24730370271598,41.570394235264324
2020-09-30 00:00:00+00:00,135.3828540023,1.2375900992523503,134.35421803238967,0.7713183983496543,87.8220816656139,66.92719603384941
2020-10-01 00:00:00+00:00,133.9642803038,-1.0478237506175714,134.15924916809485,-0.13825267613395853,51.64629279547298,30.842459491980847
2020-10-02 00:00:00+00:00,132.9821908201,-0.7330980179737878,133.57071999409743,-0.4356753470538732,36.172838188646665,37.77287541586355
2020-10-05 00:00:00+00:00,134.7917816279,1.3607768052551261,134.18125081099873,0.46255072910062645,65.08500701666803,68.88749371586586
2020-10-06 00:00:00+00:00,133.0003776624,-1.3290157188108553,133.59081423669937,-0.43323249485511445,38.911658482833744,35.08433360771789
2020-10-07 00:00:00+00:00,134.4735118879,1.1076165732696763,134.03216306229967,0.3371920392072809,59.16669132192548,61.05313466527454
2020-10-08 00:00:00+00:00,135.3919474235,0.6829862050197866,134.71205524289985,0.5100891221135337,68.83141296191486,55.27312321630627
2020-10-09 00:00:00+00:00,137.2833790216,1.397004499967558,135.99771713224993,0.9535468110405458,81.99547056143719,63.89461246435034
2020-10-12 00:00:00+00:00,138.0745066612,0.576273431815455,137.03611189672495,0.7649101214280004,85.76699164598773,47.95630433773986
2020-10-13 00:00:00+00:00,134.9099961028,-2.2918861960266934,135.97305399976247,-0.7634880372993464,38.00284001036925,20.781984069391402
2020-10-14 00:00:00+00:00,134.6735671531,-0.1752493933213306,135.32331057643125,-0.4693687153103385,35.77034555031024,51.31814277035031
2020-10-15 00:00:00+00:00,133.8460658289,-0.6144496961748125,134.58468820266563,-0.5419092057425755,27.33871249362327,45.82071138635024
2020-10-16 00:00:00+00:00,134.6735671531,0.6182485223419354,134.62912767788282,0.03816965829967994,46.31892354932104,62.66066423689569
2020-10-19 00:00:00+00:00,131.2362539604,-2.552329507090567,132.9326908191414,-1.2570799243954436,17.628047052608018,28.49287847962675
2020-10-20 00:00:00+00:00,131.4454026467,0.15936807093190897,132.1890467329207,-0.5488559267317673,22.035710046342185,57.92573627629238
2020-10-21 00:00:00+00:00,130.8816105357,-0.4289173296652793,131.53532863431036,-0.4888866281985233,18.116055641202085,51.08344733064146
2020-10-22 00:00:00+00:00,131.9273539674,0.798999513697729,131.73134130085518,0.15505644274960287,45.22449551073034,64.29005272362457
2020-10-23 00:00:00+00:00,132.0728487057,0.1102839812401335,131.9020950032776,0.13267021199486817,48.76439582809082,52.39006583942603
2020-10-26 00:00:00+00:00,130.9179842203,-0.8744147617905984,131.41003961178882,-0.3708722748978651,27.559090646287057,37.50264746840137
2020-10-27 00:00:00+00:00,130.1723236864,-0.5695631034505211,130.79118164909443,-0.4702176891741931,19.39202254274451,44.788441547511
2020-10-28 00:00:00+00:00,125.8165749581,-3.3461404121459037,128.30387830359723,-1.9081790506600484,5.391683039163457,17.274978560699736
2020-10-29 00:00:00+00:00,124.7526446842,-0.8456201213984049,126.52826149389861,-1.3768995860292268,4.263820893490848,54.79096708120001
2020-10-30 00:00:00+00:00,124.679897315,-0.058313288174494105,125.60407940444931,-0.7176064371018605,4.174262396296677,62.765873153550785
2020-11-02 00:00:00+00:00,126.1166578559,1.1523594194740694,125.86036863017466,0.21737649118610447,40.93041899419208,73.53439646274275
2020-11-03 00:00:00+00:00,125.9438828541,-0.13699617856779422,125.90212574213733,0.04019015630915512,38.281751194498504,50.29675077233668
2020-11-04 00:00:00+00:00,126.7622907572,0.6498194946459535,126.33220824966867,0.3450048254775543,57.721205348621275,61.44832932608846
2020-11-05 00:00:00+00:00,127.0896539184,0.2582496413125135,126.71093108403434,0.3016272333950339,64.44119857606967,52.63302336963809
2020-11-06 00:00:00+00:00,129.3539157834,1.7816256439362022,128.03242343371716,1.041626438665618,86.57678226535627,74.2174982400045
2020-11-09 00:00:00+00:00,132.8366960818,2.692442882233137,130.43455975775856,1.8670346604493775,94.49024706819233,81.69737685608882
2020-11-10 00:00:00+00:00,134.8372487337,1.5060240964349658,132.63590424572928,1.6865293784421715,96.3462085574501,52.14118733027256
2020-11-11 00:00:00+00:00,134.4007645187,-0.3237118964523278,133.51833438221462,0.6814087409949219,86.77947517393466,28.385173809943534
2020-11-12 00:00:00+00:00,134.855435576,0.3382949932823731,134.1868849791073,0.5098518671386475,88.55513490499087,42.58238737672597
2020-11-13 00:00:00+00:00,136.3103829591,1.0788941334737956,135.24863396910365,0.7943730003062215,93.04133233836387,56.91531848451205
2020-11-16 00:00:00+00:00,137.1742579679,0.6337558372638386,136.21144596850183,0.71406441878503,94.84203183691459,46.45931539035211
2020-11-17 00:00:00+00:00,135.8102447961,-0.9943652635753142,136.01084538230091,-0.14015042239514208,58.80297793615526,23.138205607323002
2020-11-18 00:00:00+00:00,134.0097474095,-1.3257448945057093,135.01029639590047,-0.7329476584504258,33.55604951828311,20.063439051805577
2020-11-19 00:00:00+00:00,133.8005987232,-0.15606975637442178,134.40544755955023,-0.44450870741242376,31.220430413078812,53.07729362175708
2020-11-20 00:00:00+00:00,133.0913118739,-0.5301073807355339,133.7483797167251,-0.4873080440739788,23.056731758315436,44.301093628820325
2020-11-23 00:00:00+00:00,131.7454855445,-1.011205247323066,132.74693263061255,-0.7492566456985223,13.218869129958842,33.58657133909889
2020-11-24 00:00:00+00:00,131.7454855445,0.0,132.24620908755628,-0.3746283228492612,13.218869129958842,62.31920984953877
2020-11-25 00:00:00+00:00,131.5714976231,-0.13206366858108387,131.90885335532812,-0.2533459957151725,11.759382498756098,57.4501400452345
2020-11-27 00:00:00+00:00,131.8645299117,0.22271714914992025,131.88669163351406,-0.015314423282626138,31.004280112430408,67.63879365118355
2020-11-30 00:00:00+00:00,132.4872235252,0.4722222222435013,132.18695757935703,0.2284538994804376,59.29888242473344,74.16472211218613
2020-12-01 00:00:00+00:00,135.0237842742,1.9145700857090997,133.6053709267785,1.0715119925947687,88.39029374364635,90.60069260813619
2020-12-02 00:00:00+00:00,135.6556351467,0.46795523906875136,134.63050303673924,0.76973361583176,90.8373330175227,46.29338736315276
2020-12-03 00:00:00+00:00,136.4431594226,0.5805319292842892,135.53683122966962,0.6751327725580246,93.42734239483327,49.19372141778758
2020-12-04 00:00:00+00:00,137.6061313183,0.8523489932521722,136.5714812739848,0.7637408829050985,95.95813933538719,57.50515613927227
2020-12-07 00:00:00+00:00,136.4156876455,-0.8651094696110251,136.4935844597424,-0.05068429335296332,60.30485926901726,22.547011224707813
2020-12-08 00:00:00+00:00,138.7782604731,1.7318923273249798,137.63592246642122,0.8406040169860083,81.15209253959178,67.44107484118176
2020-12-09 00:00:00+00:00,140.1976356214,1.0227647640641102,138.9167790439106,0.9316843905250592,87.20680336918389,54.50191990924641
2020-12-10 00:00:00+00:00,139.4192686046,-0.5551926844914457,139.1680238242553,0.1882458530168068,68.97928845699884,33.225004746056044
2020-12-11 00:00:00+00:00,140.0602767361,0.45977011493147923,139.61415028017765,0.324007983974143,75.34506430699385,51.4947259287756
2020-12-14 00:00:00+00:00,136.5072602357,-2.5367767244202866,138.06070525793882,-1.1063843702230718,27.8418652049067,23.283307201923154
2020-12-15 00:00:00+00:00,137.880849089,1.0062386798535883,137.9707771734694,-0.050072845184741754,47.16053614599253,61.089909370996345
2020-12-16 00:00:00+00:00,137.056695777,-0.5977286312387364,137.51373647523468,-0.3239007382117391,38.00344693760872,45.772214054401836
2020-12-17 00:00:00+00:00,140.6738130906,2.63913944013745,139.09377478291734,1.1576193509628556,72.78795047555279,69.1713309230614
2020-12-18 00:00:00+00:00,141.4888091435,0.5793516469018378,140.29129196320866,0.8684854989323467,77.12558058853345,48.99250218077531
2020-12-21 00:00:00+00:00,140.1243775493,-0.9643388777243689,140.20783475625433,-0.04792668939601108,55.07814478468899,36.89351798869483
2020-12-22 00:00:00+00:00,139.8496597786,-0.19605280359110688,140.02874726742715,-0.12198974649355898,50.70089331507086,46.71693287693159
2020-12-23 00:00:00+00:00,139.1353935749,-0.5107386066085295,139.58207042116356,-0.31636417655104426,38.704551323205436,42.638992267991625
2020-12-24 00:00:00+00:00,139.6207283031,0.348821903420804,139.6013993621318,0.016228863434879864,50.614396548382516,57.74975457146225
2020-12-28 00:00:00+00:00,140.2800509526,0.47222404403211016,139.94072515736588,0.244226453733495,64.62188941940487,60.0179089104884
2020-12-29 00:00:00+00:00,141.1499905597,0.6201449181066687,140.54535785853295,0.4321856859200819,77.34149538494862,63.53746770228613
2020-12-30 00:00:00+00:00,142.8990270328,1.2391332554572365,141.72219244566648,0.8356594706886592,89.12883935607263,76.51433459912259
2020-12-31 00:00:00+00:00,144.1169424827,0.8522909324081285,142.91956746418325,0.8439752015483939,92.95621070511243,57.372962221405174
2021-01-04 00:00:00+00:00,143.3111036888,-0.5591561824847546,143.11533557649162,0.14240950953181963,68.88607994036681,24.216650079373924
2021-01-05 00:00:00+00:00,144.9960393488,1.1757188498518811,144.0556874626458,0.6590641796918504,82.83021011411138,63.30993970791277
2021-01-06 00:00:00+00:00,146.360470943,0.941013009960745,145.2080792028229,0.8000385948262977,88.88235398376807,57.310514001494084
2021-01-07 00:00:00+00:00,146.8549629302,0.33785897518230357,146.03152106651146,0.5689487850043007,90.67014899681499,41.97692025632186
2021-01-08 00:00:00+00:00,146.5527733825,-0.20577414727457333,146.29214722450573,0.18158731886486368,79.02182659065505,30.826281989683448
2021-01-11 00:00:00+00:00,145.939237028,-0.41864533869903076,146.11569212625287,-0.11852900991708354,56.799273366448446,26.665780388900625
2021-01-12 00:00:00+00:00,144.8037369093,-0.7780636255362516,145.45971451777643,-0.44829631772666756,31.897132845387755,19.87282581347542
2021-01-13 00:00:00+00:00,144.5839626928,-0.15177385693966317,145.02183860528822,-0.30003508733316536,28.295554074199217,51.89987928407408
2021-01-14 00:00:00+00:00,147.1113661828,1.748052441590664,146.0666023940441,0.7240086771287493,75.67474986878892,82.93550322523214
2021-01-15 00:00:00+00:00,146.790862117,-0.2178649237760122,146.42873225552205,0.25307187667636855,67.22536675944954,41.43638843368624
2021-01-19 00:00:00+00:00,149.0618623544,1.5470991890421004,147.745297304961,0.9000855328592345,85.01197823578582,65.01253118957868
2021-01-20 00:00:00+00:00,148.6955719935,-0.24573043373705694,148.22043464923053,0.3271775495610888,75.14558506615194,40.2955160955462
2021-01-21 00:00:00+00:00,148.1003501571,-0.40029560290203436,148.16039240316525,-0.03655902667047278,58.57507808554548,38.407196797188774
2021-01-22 00:00:00+00:00,149.7669712991,1.1253323440708174,148.9636818511326,0.5443866587001723,78.49341493057094,63.6367535155628
2021-01-25 00:00:00+00:00,151.9921852413,1.4857841638234337,150.47793354621632,1.015085411261803,89.043913354639,68.24635222060091
2021-01-26 00:00:00+00:00,156.1129518011,2.711170020523057,153.29544267365816,1.8631277158924302,95.36288795495084,80.71356422330872
2021-01-27 00:00:00+00:00,153.7320644554,-1.5251055842781192,153.51375356452908,0.16901106580715552,63.58144367244277,26.585472873319013
2021-01-28 00:00:00+00:00,154.9041936102,0.7624493686156475,154.20897358736454,0.4657302172114015,70.7741092997985,52.42688972076784
2021-01-29 00:00:00+00:00,149.3823664202,-3.5646724993740997,151.79567000378228,-1.549471141081349,29.543185387678612,26.229947949571937
2021-02-01 00:00:00+00:00,148.9977615413,-0.25746337276389974,150.39671577254114,-0.9034672569226244,27.848188733894194,53.09821526223426
2021-02-02 00:00:00+00:00,147.6608017241,-0.8973019482775402,149.02875874832057,-0.9003846026000824,21.435502182740986,48.02242488916181
2021-02-03 00:00:00+00:00,146.9740072975,-0.46511627905369,148.0013830229103,-0.6827504408268862,18.205231402951707,52.61210456887576
2021-02-04 00:00:00+00:00,148.3384388917,0.9283489096396202,148.16991095730515,0.12279923440636703,43.55391280054573,66.79321440298182
2021-02-05 00:00:00+00:00,150.591124611,1.518612259998675,149.38051778415257,0.8207057472025211,68.06417899656225,72.098526039583
2021-02-08 00:00:00+00:00,151.021515785,0.28580115535477013,150.20101678457627,0.5532534512786456,71.59852519678684,48.048857128643704
2021-02-09 00:00:00+00:00,152.257745753,0.8185787048780258,151.22938126878813,0.6859160780783357,80.76854559251447,57.28522944458647
2021-02-10 00:00:00+00:00,152.7522377401,0.32477295959851826,151.9908095044441,0.5053445188384269,83.88951357285525,45.931921444704464
2021-02-11 00:00:00+00:00,152.0654433135,-0.4496133325186169,152.02812640897204,0.027865593159905,62.69334414383924,31.327180693823404
2021-02-12 00:00:00+00:00,152.5416207826,0.31313982896055137,152.28487359578602,0.17050271106022818,70.45659462736532,53.27688406294854
2021-02-16 00:00:00+00:00,151.1588746704,-0.9064713650647982,151.72187413309302,-0.367984327002285,36.957837569229525,30.157756148329486
2021-02-17 00:00:00+00:00,151.6991529526,0.3574241230480668,151.7105135428465,-0.005280101977109097,50.69666491227083,58.29191370090859
2021-02-18 00:00:00+00:00,151.7724110248,0.048291681775491924,151.74146228382324,0.021505789899191413,52.789275710517146,50.78628831472666
2021-02-19 00:00:00+00:00,149.2450075348,-1.6652588391621426,150.49323490931164,-0.8218765246314755,16.514938682255913,24.52747774049849
2021-02-22 00:00:00+00:00,149.1534349446,-0.061357221733970846,149.82333492695582,-0.4416168731827232,15.920387045395609,56.271638598072336
2021-02-23 00:00:00+00:00,147.8357762557,-0.8834249706615283,148.8295555913279,-0.6625209219221257,8.958954357976797,42.52155665738686
2021-02-24 00:00:00+00:00,149.8168714873,1.340064821774578,149.32321353931394,0.33877194992622617,54.16182449146752,71.13618949815898
2021-02-25 00:00:00+00:00,149.9735162265,0.10455747583359987,149.64836488290698,0.22166471287991302,56.71104606747835,50.27508004963528
2021-02-26 00:00:00+00:00,146.0113257634,-2.6419267633333576,147.8298453231535,-1.2101310252267223,18.234818042870323,25.419125465404523
2021-03-01 00:00:00+00:00,146.803763856,0.5427237157507037,147.31680458957675,-0.33370365473800934,32.06266576235367,59.900840919808964
2021-03-02 00:00:00+00:00,146.5273319633,-0.18830027612312117,146.92206827643838,-0.26100196543056525,29.45606249316071,51.674629312690115
2021-03-03 00:00:00+00:00,143.947300964,-1.7607848069916554,145.43468462021917,-1.0108933862111102,13.776359853429037,35.80778842372819
2021-03-04 00:00:00+00:00,141.0447660899,-2.0163871463111938,143.2397253550596,-1.513640266261152,7.257323573524602,33.31373300711561
2021-03-05 00:00:00+00:00,143.8367282069,1.9794865094252767,143.5382267809798,0.2329231215820624,44.886784838415835,74.67581027513954
2021-03-08 00:00:00+00:00,145.0345997423,0.8327994875390488,144.2864132616399,0.5328613045605556,56.2982037078763,58.93967501500648
2021-03-09 00:00:00+00:00,145.3110316351,0.19059720459198015,144.79872244836994,0.36172925457626787,59.22094401509155,50.07509568314188
2021-03-10 00:00:00+00:00,146.6471191168,0.9194673430267475,145.722920782585,0.6405982988015076,72.53702708397323,60.25236484366469
2021-03-11 00:00:00+00:00,146.6379047204,-0.006283380441096664,146.1804127514925,0.3171574591802055,72.29282028485613,43.39781815238236
2021-03-12 00:00:00+00:00,147.061766956,0.28905366344957883,146.62108985374624,0.3031055613148922,77.51586042684862,50.08019524909517
2021-03-15 00:00:00+00:00,147.8173474629,0.5137844611414533,147.21921865832311,0.4084450112281727,85.05099033857574,56.00816301898634
2021-03-16 00:00:00+00:00,148.6927151233,0.5921954868116641,147.95596689081157,0.5003202490199185,90.55290433095321,58.58226138628938
2021-03-17 00:00:00+00:00,148.1398513378,-0.3718163227038662,148.04790911430578,0.06425196315802612,67.14214540253414,28.17715048836577
2021-03-18 00:00:00+00:00,147.863419445,-0.1866019779982464,147.9556642796529,-0.061175007420110145,56.23773490022806,37.52235172256866
2021-03-19 00:00:00+00:00,147.4672003987,-0.26796285909470585,147.71143233917644,-0.164568933257408,41.682997347302525,34.55940045457844
2021-03-22 00:00:00+00:00,147.8910626343,0.28742814297284536,147.80124748673822,0.06142960485771867,58.79517465131095,63.81606113990482
2021-03-23 00:00:00+00:00,147.7528466879,-0.0934579439338945,147.7770470873191,-0.016014169538087916,51.41562464468398,43.71257406484136
2021-03-24 00:00:00+00:00,149.1902925303,0.9728718428257066,148.48366980880957,0.47842883664380936,83.5752645372114,75.76853380934865
2021-03-25 00:00:00+00:00,149.2455789089,0.03705762463650508,148.86462435885477,0.25774323064015725,84.17942825354193,43.30376090885426
2021-03-26 00:00:00+00:00,151.9730402509,1.827498919525672,150.41883230487738,1.0426210750829146,95.74944233811348,74.57180529291914
2021-03-29 00:00:00+00:00,152.9958382542,0.6730127933292751,151.7073352795387,0.8578169342060948,96.98834959536876,48.63115168023183
2021-03-30 00:00:00+00:00,152.0467554223,-0.6203324500390073,151.87704535091936,0.11874224208354378,68.99678177284059,30.69078629908726
2021-03-31 00:00:00+00:00,151.4386052582,-0.3999757590426145,151.65782530455968,-0.14061675847953536,54.013473048810134,36.662270041838916
2021-04-01 00:00:00+00:00,150.0380170015,-0.9248554913141249,150.84792115302986,-0.5327361248968301,30.861535706292276,28.032823462436127
2021-04-05 00:00:00+00:00,150.590880787,0.36848246634348936,150.71940097001493,-0.08212682927667037,44.85667193489503,61.514376688432044
2021-04-06 00:00:00+00:00,150.5540232013,-0.02447531052836016,150.63671208565745,-0.05330106990251526,43.96669003715306,50.75320156242354
2021-04-07 00:00:00+00:00,150.7567399227,0.13464716325046755,150.69672600417874,0.04067304667397614,51.8483742114535,55.48342551071233
2021-04-08 00:00:00+00:00,150.1670185515,-0.39117413357596664,150.43187227783937,-0.17525054345099525,32.12828581065749,37.58775438700753
2021-04-09 00:00:00+00:00,148.5821423662,-1.0554089710161363,149.5070073220197,-0.6153297572335658,12.682626911484023,23.32952990358214
2021-04-12 00:00:00+00:00,148.9415038268,0.24186046511180948,149.22425557440982,-0.18673464606087814,27.5888601364874,63.68511008236734
2021-04-13 00:00:00+00:00,146.9511941989,-1.3363028952725453,148.0877248866549,-0.7615187706667117,11.408684622033489,32.48444140696117
2021-04-14 00:00:00+00:00,147.3566276416,0.27589666413410097,147.72217626412746,-0.24281105326630537,24.871723004511875,61.43578007232548
2021-04-15 00:00:00+00:00,147.7897042736,0.2938969484652665,147.75594026886372,0.02554294759948056,39.58292258946794,61.71075519929162
2021-04-16 00:00:00+00:00,149.4943676124,1.15343849368843,148.62515394063186,0.5894907206439554,71.97903426390191,74.65506322775275
2021-04-19 00:00:00+00:00,149.9090154515,0.2773668638641258,149.26708469606592,0.4334287922540406,76.56411137614617,49.217110560762755
2021-04-20 00:00:00+00:00,153.4012716969,2.329583871178076,151.33417819648298,1.3815063317160583,92.35917943149462,76.88835440074595
2021-04-21 00:00:00+00:00,153.5026300576,0.06607400289369014,152.41840412704147,0.7237901673048742,92.57698313376517,40.43581255207311
2021-04-22 00:00:00+00:00,152.2034001616,-0.8463893390702637,152.31090214432072,-0.06129958588269474,59.801211480837466,31.42656600740712
2021-04-23 00:00:00+00:00,152.51668964,0.20583605758306422,152.41379589216035,0.07226823585018474,64.36455489009458,50.50263834902335
2021-04-26 00:00:00+00:00,151.2266741404,-0.8458192363373196,151.82023501628018,-0.38677550024356744,37.835921393848,35.6392576108845
2021-04-27 00:00:00+00:00,150.3605208764,-0.5727516451204062,151.09037794634008,-0.4797635726819868,26.73716096335012,42.25810782679368
2021-04-28 00:00:00+00:00,149.2547933053,-0.735384238266179,150.17258562582003,-0.607573905474083,17.120401415384723,38.702384821918415
2021-04-29 00:00:00+00:00,151.3003893118,1.3705395727664937,150.73648746881003,0.3814828336462054,58.52090989808375,76.73137929254052
2021-04-30 00:00:00+00:00,149.9458730372,-0.8952496954972244,150.341180253005,-0.2568834309255095,39.11431367913932,38.34186501101734
2021-05-03 00:00:00+00:00,152.2310433508,1.5239968045223096,151.2861118019025,0.6335566867984,66.89550523813892,65.77007356815413
2021-05-04 00:00:00+00:00,154.5899288358,1.5495430058665605,152.93802031885127,1.0915498463324802,80.6009968888857,66.00957117107488
2021-05-05 00:00:00+00:00,153.944921086,-0.41723788519568705,153.44147070242565,0.3371559805683966,68.90107443357189,36.509540003916825
2021-05-06 00:00:00+00:00,154.5622856466,0.4010295086351867,154.00187817451283,0.36909274460179164,74.2645096507974,50.355354334687405
2021-05-07 00:00:00+00:00,155.2625797749,0.45308215090786863,154.6322289747064,0.41108744775483014,80.10315316601712,51.36734567587868
2021-05-10 00:00:00+00:00,156.8935279423,1.0504451038779505,155.76287845850322,0.7307662758163903,88.90029825430291,63.999979201059396
2021-05-11 00:00:00+00:00,155.6127268391,-0.8163505021514084,155.6878026488016,-0.04279211316750903,58.4553815367991,28.859617099600158
2021-05-12 00:00:00+00:00,154.9861478822,-0.40265277116303677,155.3369752655008,-0.2227224421652729,46.71562463369733,39.839879632077
2021-05-13 00:00:00+00:00,156.6078816531,1.046373365013653,155.9724284593004,0.4118254614241901,70.05997453475781,66.77934784750227
2021-05-14 00:00:00+00:00,156.8474559602,0.15297717111752984,156.4099422097502,0.28240131627085996,72.70937343140174,47.222831860379436
2021-05-17 00:00:00+00:00,157.0041006994,0.0998707554681344,156.7070214545751,0.19113603586949718,74.88874109984272,46.021119187104816
2021-05-18 00:00:00+00:00,157.059387078,0.03521333414457928,156.88320426628755,0.11317468500703823,75.90732230032414,43.97731190344668
2021-05-19 00:00:00+00:00,156.7184544102,-0.21707245529404284,156.80082933824377,-0.05194888514350231,55.19708601036277,34.90469983094663
2021-05-20 00:00:00+00:00,157.6306796564,0.5820790216653826,157.21575449732188,0.2650650682609402,78.61466952830783,67.12752603467405
2021-05-21 00:00:00+00:00,157.5293212957,-0.064301163276681,157.37253789651095,0.10038195249212958,72.31506419473793,41.9397428831603
2021-05-24 00:00:00+00:00,158.1282570634,0.3802058961301258,157.7503974799555,0.24029392431112767,83.8125072350051,58.141304608251865
2021-05-25 00:00:00+00:00,157.6924887795,-0.27557900908583566,157.72144312972773,-0.017642542387353993,57.67301986500576,35.944691952818445
2021-05-26 00:00:00+00:00,156.7560505523,-0.5938381938466408,157.23874684101386,-0.3057403681169974,28.760051936147516,28.12759750987833
2021-05-27 00:00:00+00:00,156.5149872464,-0.15378245691355374,156.87686704370694,-0.22976141251527557,24.095596960557053,50.46883184255666
2021-05-28 00:00:00+00:00,156.9229405334,0.2606480658352339,156.89990378855347,0.015443326659979176,46.2319514725939,65.58225203402694
2021-06-01 00:00:00+00:00,153.4738809246,-2.197932053195184,155.18689235657672,-1.0912443632676023,9.83981436396271,17.652229226375756
2021-06-02 00:00:00+00:00,154.0950825208,0.40476046637876184,154.64098743868834,-0.34324194844442024,25.650974488683378,61.88513419466688
2021-06-03 00:00:00+00:00,153.946735871,-0.09626955472766818,154.29386165484416,-0.2197557515860442,24.134866029123007,53.57533291784467
2021-06-04 00:00:00+00:00,153.8818342117,-0.04215851601709897,154.0878479332721,-0.1309571338015716,23.233681454410803,54.56370527312952
2021-06-07 00:00:00+00:00,152.8341359972,-0.6808459360177932,153.46099196523605,-0.4059015349096824,12.201602088982344,39.62695190895904
2021-06-08 00:00:00+00:00,151.489744483,-0.879640863886999,152.47536822411803,-0.6427711993983407,6.375105189314255,35.136234113201276
2021-06-09 00:00:00+00:00,153.5295109183,1.346471632295132,153.002439571209,0.35185021644839565,55.13400528515734,77.66032420428778
2021-06-10 00:00:00+00:00,154.910989095,0.8998127906726383,153.95671433310451,0.625831503560517,70.65808487496497,64.8622415646588
2021-06-11 00:00:00+00:00,152.9453959846,-1.2688532439713351,153.45105515885226,-0.3215108702054091,40.6439702754064,29.48015373065003
2021-06-14 00:00:00+00:00,153.3255342748,0.24854510183378586,153.38829471682612,-0.03648288418581161,47.155762901749924,55.15484462491061
2021-06-15 00:00:00+00:00,152.5096277007,-0.5321400495743034,152.94896120876308,-0.2843114668800575,34.84748627948806,43.05706081685661
2021-06-16 00:00:00+00:00,152.453997707,-0.036476381549610526,152.70147945788153,-0.160393924214834,33.941435544607856,52.89663892374808
2021-06-17 00:00:00+00:00,153.1864592906,0.4804476068956287,152.94396937424077,0.16002684134039735,56.354036070430354,62.91988747773617
2021-06-18 00:00:00+00:00,150.1824396313,-1.9610216681105297,151.5632045027704,-0.9004974133850662,18.25385916180231,25.092151843243677
2021-06-21 00:00:00+00:00,151.9069694357,1.1482899123451018,151.7350869692352,0.12389624948001782,48.33339300597657,65.13462910805758
2021-06-22 00:00:00+00:00,151.7029927922,-0.13427734373065991,151.71903988071762,-0.005190547125321049,45.371380860346875,48.945778382253074
2021-06-23 00:00:00+00:00,150.7850978963,-0.6050605060622161,151.2520688885088,-0.30512552659376857,32.094978339021935,43.05396168712286
2021-06-24 00:00:00+00:00,151.4712011518,0.4550205989002132,151.36163502015438,0.0749475361532223,48.86996804664007,59.514470128393214
2021-06-25 00:00:00+00:00,152.2500210635,0.5141702883305843,151.80582804182717,0.29455891224190334,64.00887740197174,60.47078853520289
2021-06-28 00:00:00+00:00,152.0738594168,-0.11570549906625427,151.93984372931357,0.08942670658782453,58.16567572416697,43.90504818251511
2021-06-29 00:00:00+00:00,152.0831310824,0.006096817451450853,152.01148740585677,0.047761762019637694,58.46501409487364,48.034322234075965
2021-06-30 00:00:00+00:00,152.7414193411,0.4328476498444367,152.3764533734784,0.24030470593203718,76.42793295494639,62.53012472741895
2021-07-01 00:00:00+00:00,153.8725625461,0.7405608837992794,153.12450795978918,0.4904327948656583,88.85320080135139,71.21486745044164
2021-07-02 00:00:00+00:00,156.6726055618,1.819715594104765,154.89855676079458,1.1550741944852116,96.23068849176869,87.02951833805449
2021-07-06 00:00:00+00:00,155.7361673347,-0.5977038702727144,155.31736204774728,0.2786851621062486,72.2441868146177,30.578713030302122
2021-07-07 00:00:00+00:00,157.0712871833,0.8572959457327611,156.19432461552364,0.5679905539195049,81.89529450598934,56.217828658919295
2021-07-08 00:00:00+00:00,156.765322218,-0.19479369577136696,156.4798234167618,0.18659842907406898,73.15169410889743,40.13890518112041
2021-07-09 00:00:00+00:00,157.3865238142,0.3962621244359976,156.93317361548088,0.2914302767550333,79.73941802454132,51.76453268866475
2021-07-12 00:00:00+00:00,157.1361888426,-0.15905743740519673,157.03468122904044,0.06618641967491828,69.44008776679114,40.64101746483001
2021-07-13 00:00:00+00:00,156.9414838646,-0.12390842582737926,156.98808254682024,-0.02886100307623049,60.34650843165107,41.827841513817724
2021-07-14 00:00:00+00:00,158.0077254104,0.6793879601137753,157.4979039786101,0.3252634785187724,80.89640193600303,65.48497231960043
2021-07-15 00:00:00+00:00,156.1070339593,-1.2029104565382975,156.80246896895505,-0.43882348900976254,33.90859313949224,26.955312064802392
2021-07-16 00:00:00+00:00,155.8566989877,-0.1603611094585622,156.32958397832755,-0.29959229923416236,30.418082380463275,50.93801208223582
2021-07-19 00:00:00+00:00,154.7255557827,-0.7257584770798187,155.5275698805138,-0.5126753881569905,17.917267688030325,40.2007800577824
2021-07-20 00:00:00+00:00,156.1812072842,0.94079578136681,155.8543885823569,0.2140601966049097,54.22811412752574,69.04772603611329
2021-07-21 00:00:00+00:00,157.1454605082,0.61739388545341,156.49992454527845,0.41572704102915986,68.20405939886683,60.54605087840244
2021-07-22 00:00:00+00:00,157.5997721233,0.28910260190195824,157.0498483342892,0.352414821465559,73.84756025012761,50.986854269572184
2021-07-23 00:00:00+00:00,159.2779435996,1.064831156600321,158.1638959669446,0.7086229890329401,86.8146472530058,68.57324706928074
2021-07-26 00:00:00+00:00,159.3521169245,0.0465684847654968,158.7580064457223,0.37759573689921844,87.23428825865138,40.183816627563
2021-07-27 00:00:00+00:00,160.0845785081,0.45964973527590214,159.42129247691116,0.4186227360875603,91.32426480417102,52.22058076066655
2021-07-28 00:00:00+00:00,159.6395385586,-0.2780030116876553,159.53041551775559,0.0703098621999525,70.68447663177659,33.93122711820591
2021-07-29 00:00:00+00:00,159.6395385586,0.0,159.58497703817778,0.03515493109997625,70.68447663177659,44.850359716507526
2021-07-30 00:00:00+00:00,159.6580818898,0.011615750939530933,159.6215294639889,0.02338534101975359,71.29272684322898,45.4157499431058
2021-08-02 00:00:00+00:00,159.7229835491,0.040650406501074876,159.67225650654444,0.032017873760414234,74.11261628650749,47.43622192245199
2021-08-03 00:00:00+00:00,161.6885766595,1.2306263423859543,160.68041658302224,0.6313221080731842,95.26081054018796,83.95299086627482
2021-08-04 00:00:00+00:00,160.7335951012,-0.5906301966595362,160.70700584211113,0.020345955706824015,59.71126646534203,32.3532331666706
2021-08-05 00:00:00+00:00,161.0395600665,0.19035532995288484,160.87328295430558,0.10535064282985443,65.83802432002437,51.51963189620894
2021-08-06 00:00:00+00:00,160.5018034608,-0.333928263016825,160.68754320755278,-0.11428881009348528,46.996441354046425,40.083612772220064
2021-08-09 00:00:00+00:00,161.0581033977,0.3466004274748524,160.8728233026264,0.11615580869068357,63.29580934605417,58.164464517851584
2021-08-10 00:00:00+00:00,161.1137333914,0.03454032583671829,160.9932783470132,0.07534806726370093,64.91421787066696,48.16669387825262
2021-08-11 00:00:00+00:00,161.1415483882,0.017264199776456657,161.0674133676066,0.04630613352007879,66.03736123029053,47.4888395551817
2021-08-12 00:00:00+00:00,162.4395815743,0.8055235903362323,161.7534974709533,0.4259148619281556,89.52027458803428,73.25187177929206
2021-08-13 00:00:00+00:00,163.4131064639,0.5993150685103865,162.58330196742665,0.5126149652192711,94.10543677713257,61.42615651962459
2021-08-16 00:00:00+00:00,164.8873012967,0.9021276595862826,163.73530163206334,0.7073713124027768,97.04356999936466,71.54491375879003
2021-08-17 00:00:00+00:00,166.3985827919,0.9165542060031617,165.06694221198165,0.8119627592029692,98.32637350046197,72.06852367303698
2021-08-18 00:00:00+00:00,164.2846430317,-1.27040731040583,164.67579262184083,-0.22922227560143038,51.46906627575008,13.901427679337973
2021-08-19 00:00:00+00:00,165.5641328866,0.7788249901441446,165.1199627542204,0.2748013572713571,66.12520293950632,59.66180162470458
2021-08-20 00:00:00+00:00,166.3707677951,0.4872038976295068,165.7453652746602,0.38100262745043195,73.65024410928496,53.58272760968398
2021-08-23 00:00:00+00:00,165.6568495427,-0.4291127953915841,165.70110740868012,-0.02405508397057607,56.87656681405424,36.19865772933939
2021-08-24 00:00:00+00:00,163.5862555109,-1.249929621090784,164.64368145979006,-0.63699235253068,28.569513289472386,25.209176146915077
2021-08-25 00:00:00+00:00,162.5043234943,-0.6613832031431954,163.57400247704504,-0.6491877778369377,20.55237225241216,43.61879578516778
2021-08-26 00:00:00+00:00,161.636912481,-0.5337771910606581,162.6054574790225,-0.5914824844487979,15.366624576029638,47.79774806028979
2021-08-27 00:00:00+00:00,161.2918134757,-0.21350259665505744,161.94863547736125,-0.4024925405519277,13.35557792907267,59.1865693504263
2021-08-30 00:00:00+00:00,161.9726844862,0.42213612447390414,161.96065998178062,0.00982179196098823,37.54491081693725,75.25685405839035
2021-08-31 00:00:00+00:00,161.4783534786,-0.30519405736101346,161.71950673019032,-0.14768613270001263,28.791275405734066,44.90739911837052
2021-09-01 00:00:00+00:00,162.0473004873,0.3523363945963087,161.88340360874514,0.10232513094814805,49.22785172199158,64.38435760000976
2021-09-02 00:00:00+00:00,163.1572135044,0.6849315068886419,162.52030855657256,0.393628318918395,72.4036575959432,71.91720874441376
2021-09-03 00:00:00+00:00,163.2598105059,0.0628822957295938,162.89005953123626,0.2282553073239944,74.04630902732899,45.13554959603584
2021-09-07 00:00:00+00:00,160.722866467,-1.5539305301400685,161.80646299911814,-0.6628376114080371,23.083146231231453,18.40854270344491
2021-09-08 00:00:00+00:00,160.331132461,-0.24373259052121732,161.0687977300591,-0.4532851009646272,19.90933333316129,52.55704895787654
2021-09-09 00:00:00+00:00,156.7588914061,-2.228039557924877,158.91384456807953,-1.340662329444752,6.91120484181756,26.941248148973013
2021-09-10 00:00:00+00:00,155.7329213904,-0.6544892008977676,157.32338297923977,-0.9975757651712598,5.394065435902855,53.75293698874986
2021-09-13 00:00:00+00:00,154.6416623736,-0.7007246811124523,155.98252267641988,-0.8491502231418561,3.9949166932256177,52.897335164161156
2021-09-14 00:00:00+00:00,153.7089623593,-0.6031363087954267,154.84574251785995,-0.7261432659686413,2.9979554971860094,55.15716890047706
2021-09-15 00:00:00+00:00,154.2872363682,0.37621359224864204,154.56648944302998,-0.17496483685999964,21.27022480637459,73.96200663125559
2021-09-16 00:00:00+00:00,154.1006963653,-0.12090436467139254,154.333592904165,-0.1479346007656961,19.49345942679753,56.061850408946306
2021-09-17 00:00:00+00:00,153.6623273586,-0.2844691925731557,153.9979601313825,-0.2162018966694259,15.059216345211233,50.08001677027143
2021-09-20 00:00:00+00:00,152.7855893452,-0.5705614567153905,153.39177473829125,-0.3933816766924082,8.950924931083035,39.1266620092833
2021-09-21 00:00:00+00:00,153.4571333555,0.43953360600175184,153.42445404689562,0.02307596465467182,37.89409844079245,71.79601578493335
2021-09-22 00:00:00+00:00,152.8975133469,-0.3646751352402444,153.1609836968978,-0.1707995852927863,27.11841320930795,43.75322244387829
2021-09-23 00:00:00+00:00,153.7649243602,0.5673153175042023,153.4629540285489,0.198257866105708,56.12567453512353,66.49936945524117
2021-09-24 00:00:00+00:00,153.298574353,-0.30328763802307535,153.38076419077444,-0.05251488595868367,42.48816189734045,42.44702604232759
2021-09-27 00:00:00+00:00,152.188661336,-0.7240204429065367,152.78471276338723,-0.3882676644326102,22.752031913063114,33.62964436005621
2021-09-28 00:00:00+00:00,151.8528893308,-0.22062879208766262,152.31880104709361,-0.3044482282601364,18.79113255076106,51.65351824204134
2021-09-29 00:00:00+00:00,152.9814563482,0.7431975923365641,152.6501286976468,0.21937468203821386,56.75095956630217,72.83805364468127
2021-09-30 00:00:00+00:00,150.6310523121,-1.5363980002584543,151.6405905048734,-0.6585116591101202,23.067151994698794,28.513081117016466
2021-10-01 00:00:00+00:00,149.6703712973,-0.6377708978687391,150.6554809010867,-0.6481412784894296,16.912705523684075,47.42970151447171
2021-10-04 00:00:00+00:00,148.5044962794,-0.7789617997166154,149.57998859024335,-0.7135515391030225,11.383738672113354,44.645424844358345
2021-10-05 00:00:00+00:00,148.8402682846,0.22610224849237692,149.21012843742167,-0.24372464530532278,22.349945015546208,65.97367807465092
2021-10-06 00:00:00+00:00,149.1480592893,0.20679283116546987,149.17909386336083,-0.018465907069926457,33.64124436989491,65.24916964066463
2021-10-07 00:00:00+00:00,150.4818203098,0.8942530173409402,149.83045708658042,0.4378935551355069,65.88558265496641,78.09543750251952
2021-10-08 00:00:00+00:00,150.0994133039,-0.25412173052714593,149.96493519524023,0.09188591230418047,54.49706005926223,40.54224234886618
2021-10-11 00:00:00+00:00,149.4651772942,-0.4225439631905137,149.71505624472013,-0.1653290254431666,38.109176326906706,36.663732062395525
2021-10-12 00:00:00+00:00,147.0774652575,-1.597503900189512,148.39626075111005,-0.8814164628163392,14.124268035972205,18.3219026307488
2021-10-13 00:00:00+00:00,148.4858422792,0.9575749889585428,148.44105151515504,0.038079263071101765,44.84000587895256,68.96544238393136
2021-10-14 00:00:00+00:00,149.3345992922,0.5716080401821033,148.88782540367754,0.30484365162660254,58.317284543390166,60.46983752973671
2021-10-15 00:00:00+00:00,150.4445123092,0.743239023147102,149.6661688564388,0.5240413373868522,71.82199057908268,63.47130580809522
2021-10-18 00:00:00+00:00,149.3439262923,-0.731556106638187,149.5050475743694,-0.10375738462566741,48.46620602266973,32.07790300695263
2021-10-19 00:00:00+00:00,152.841551346,2.3419935048810236,151.1732994601847,1.1191180601276782,79.79196572472405,73.32394782262016
2021-10-20 00:00:00+00:00,152.7576083447,-0.05492158419012627,151.96545390244233,0.532098237968776,78.08324976390398,42.87062363836937
2021-10-21 00:00:00+00:00,152.4031823393,-0.23201856145864674,152.18431812087118,0.15003983825506462,68.75788993777618,40.984134153829785
2021-10-22 00:00:00+00:00,152.7016463439,0.1958384333048402,152.4429822323856,0.1729391357799524,72.85317717312059,49.100906769819176
2021-10-25 00:00:00+00:00,153.037418349,0.21988761296247716,152.7402002906928,0.19641337437121478,77.77039582887213,49.684365894621074
2021-10-26 00:00:00+00:00,154.5950273729,1.017796196971843,153.66761383179642,0.6071047856715289,90.16559905894616,67.96173037291172
2021-10-27 00:00:00+00:00,152.7203003442,-1.212669683209111,153.19395708799823,-0.30278244876879107,44.93265534959016,26.935209637860552
2021-10-28 00:00:00+00:00,151.8901973314,-0.5435446439858493,152.54207720969913,-0.42316354637732023,33.702974383137246,42.54313396507177
2021-10-29 00:00:00+00:00,151.9181783318,0.018421860588491157,152.23012777074956,-0.20237084289441454,34.53028442256392,54.72668112771227
2021-11-01 00:00:00+00:00,152.0487563338,0.08595284872019437,152.13944205227477,-0.05820899708711008,39.7897622953222,56.393420777833576
2021-11-02 00:00:00+00:00,154.4457953706,1.576493681761959,153.2926187114374,0.7591423423374245,81.25499435907568,80.34739535426502
2021-11-03 00:00:00+00:00,153.951464363,-0.32006763694266693,153.6220415372187,0.21953735269737878,66.98495871529362,39.22387287352484
2021-11-04 00:00:00+00:00,153.5224223565,-0.27868653817308964,153.57223194685935,-0.029574592737855426,54.51969123511592,40.22517061942119
2021-11-05 00:00:00+00:00,152.4311633397,-0.7108140948075659,153.00169764327967,-0.37019434377271065,31.883310016334462,31.973806352345306
2021-11-08 00:00:00+00:00,151.9088513317,-0.34265434741582723,152.45527448748982,-0.35642434559426894,24.56171472884567,46.10275977652893
2021-11-09 00:00:00+00:00,151.5730793265,-0.22103518146340262,152.01417690699492,-0.2887297635288358,20.108885405491645,51.132136327235074
2021-11-10 00:00:00+00:00,153.2146313517,1.0830102762931837,152.61440412934746,0.397140256382174,65.70417806778079,80.45929049392936
2021-11-11 00:00:00+00:00,152.0860643344,-0.7365921957606103,152.35023423187374,-0.16972596968921816,41.361026697606036,35.663117210197434
2021-11-12 00:00:00+00:00,153.9048293623,1.1958788176022361,153.12753179708687,0.513076423956509,69.06608945299003,65.90405218160218
2021-11-15 00:00:00+00:00,152.515106341,-0.9029755772176018,152.82131906904345,-0.1949495766305464,44.803844688905954,37.323219403477694
2021-11-16 00:00:00+00:00,151.7223113288,-0.5198140900399939,152.27181519892173,-0.3573818333352702,34.44857725699749,43.97633508043834
2021-11-17 00:00:00+00:00,152.2912583376,0.37499231577551306,152.28153676826088,0.00880524122012144,47.508417648810486,59.16168239667281
2021-11-18 00:00:00+00:00,151.470482325,-0.5389514943664686,151.87600954663043,-0.2650731265731736,33.19663097820951,41.80227763846009
2021-11-19 00:00:00+00:00,151.927505332,0.30172413792106667,151.90175743931522,0.01832550567394653,46.62605185117267,58.57372160673822
2021-11-22 00:00:00+00:00,149.9408543015,-1.3076309165734545,150.9213058704076,-0.644652705449754,20.17752214088011,32.05091201727858
2021-11-23 00:00:00+00:00,150.8703561535,0.6199123356540159,150.89583101195382,-0.012370184897869008,42.90648448122333,62.531623766221564
2021-11-24 00:00:00+00:00,150.4478553116,-0.2800423175710942,150.6718431617769,-0.1462062512344816,35.930759103069946,47.58300434349637
2021-11-26 00:00:00+00:00,149.4714089217,-0.6490264602826201,150.07162604173845,-0.39761635575855087,22.979364398086428,41.48398289823334
2021-11-29 00:00:00+00:00,149.9877988395,0.3454773869633332,150.02971244061922,-0.02606948439760884,40.105448518681385,61.45700503265393
2021-11-30 00:00:00+00:00,146.401236138,-2.3912363067198017,148.2154742893096,-1.2086528955587053,12.092496499707725,25.512373148494948
2021-12-01 00:00:00+00:00,148.419851271,1.3788238311712275,148.31766278015482,0.08508546780626114,44.70139039451751,66.27341128433778
2021-12-02 00:00:00+00:00,147.490349419,-0.6262651822112497,147.90400609957743,-0.2705898572024943,35.58429530464593,46.13361013905944
2021-12-03 00:00:00+00:00,149.6404092584,1.4577630657664153,148.7722076789887,0.5935866042819605,62.27846283141054,63.450191600638405
2021-12-06 00:00:00+00:00,152.9828603625,2.233655414780511,150.87753402074435,1.4136210095312358,80.81638043209614,69.01320467793919
2021-12-07 00:00:00+00:00,153.3771944815,0.2577635939513767,152.12736425112217,0.8356923017413063,82.35126493263445,43.6404673947617
2021-12-08 00:00:00+00:00,154.2973074258,0.5999020567630575,153.2123358384611,0.7177971792521819,86.21230882584314,48.55320375415017
2021-12-09 00:00:00+00:00,155.7619770108,0.9492515517189659,154.48715642463054,0.833524365485574,90.94329127789133,54.612741630925306
2021-12-10 00:00:00+00:00,155.3770317993,-0.2471368294672538,154.93209411196528,0.2931937680091601,80.10699769435597,34.02577025345538
2021-12-13 00:00:00+00:00,158.1561484476,1.7886277116490268,156.54412127978264,1.0409107398290933,91.31444587508733,66.37664944810597
2021-12-14 00:00:00+00:00,159.8837074452,1.0923122588385237,158.21391436249132,1.0666114993338085,94.30574881769527,53.03415183428737
2021-12-15 00:00:00+00:00,160.6817645908,0.499148511347558,159.44783947664564,0.7828800053406832,95.40284433117523,42.19604593931659
2021-12-16 00:00:00+00:00,162.4374903112,1.0926726656700803,160.94266489392282,0.9377763355053818,97.18966219045566,55.764341985950544
2021-12-17 00:00:00+00:00,157.9495924805,-2.762846078268033,159.4461286872114,-0.9125348713813257,39.02756383932555,16.964104528732097
2021-12-20 00:00:00+00:00,157.4989249159,-0.28532366403897225,158.47252680155572,-0.598929267710149,35.8004582239404,50.29761545856923
2021-12-21 00:00:00+00:00,156.9919239058,-0.321907600557092,157.73222535367785,-0.4604184341336205,31.41670452633255,49.85433132913717
2021-12-22 00:00:00+00:00,157.6679252527,0.430596256216087,157.70007530318892,-0.01491108895876675,44.908559987346486,60.57488683336389
2021-12-23 00:00:00+00:00,157.9683702957,0.1905555886008381,157.83422279944446,0.08782224982103568,51.2959982784196,54.953463556021106
2021-12-27 00:00:00+00:00,159.3015951743,0.8439821694079308,158.56790898687223,0.46590220961448325,72.51067158092626,67.3322098828266
2021-12-28 00:00:00+00:00,159.9400408908,0.40077798078634874,159.2539749388361,0.433340095200416,79.06187767590424,52.62035716780194
2021-12-29 00:00:00+00:00,161.0667098023,0.704432051676962,160.16034237056806,0.568886073438689,87.16115969663583,61.30849388009316
2021-12-30 00:00:00+00:00,161.7802667795,0.4430195277943305,160.97030457503405,0.5059528006165097,90.61130638915402,49.57043824762274
2021-12-31 00:00:00+00:00,160.6160422377,-0.7196332191656052,160.79317340636703,-0.10684020927454774,54.661694488175186,21.767267647839383
2022-01-03 00:00:00+00:00,161.0573208947,0.27474133396150346,160.92524715053352,0.08395056234347786,63.00631890997401,54.504030352695445
2022-01-04 00:00:00+00:00,160.6254311453,-0.26815902996571994,160.77533914791678,-0.09210423381112104,49.603283417257884,40.59298873267109
2022-01-05 00:00:00+00:00,161.6957666112,0.6663549216759934,161.23555287955838,0.28712534393243616,71.85772043799973,64.19115514526555
2022-01-06 00:00:00+00:00,161.141821063,-0.3425850656510798,161.1886869712792,-0.02772986085932183,53.512968854345345,39.06242435662468
2022-01-07 00:00:00+00:00,163.3200476252,1.3517450329349368,162.2543672982396,0.6620075860378074,81.44818500898957,69.31791434479184
2022-01-10 00:00:00+00:00,162.512601572,-0.4943949410625925,162.38348443511978,0.08380632248760744,61.049433461646466,38.26593820818051
2022-01-11 00:00:00+00:00,160.7850425744,-1.0630307932364302,161.5842635047599,-0.4896122353744114,33.8454292035257,31.704168361362484
2022-01-12 00:00:00+00:00,159.4142620654,-0.8525547445532355,160.49926278507996,-0.6710834899638235,22.115873093217317,37.6411590143021
2022-01-13 00:00:00+00:00,158.4472045831,-0.6066317215101424,159.47323368408996,-0.638857605736983,16.181488903640325,45.88579055479497
2022-01-14 00:00:00+00:00,157.5834250843,-0.5451528798332217,158.528329384195,-0.5920052427851024,11.902424182887804,48.44194723210062
2022-01-18 00:00:00+00:00,156.8886459222,-0.44089609153267206,157.7084876531975,-0.5164506671588872,9.023448126669805,53.972442280457535
2022-01-19 00:00:00+00:00,156.4004227273,-0.3111909036056737,157.05445519024875,-0.41382078538228045,7.190249670070797,61.649323111440275
2022-01-20 00:00:00+00:00,155.151698017,-0.7984151759469871,156.10307660362437,-0.6061179806646337,4.040762520627849,31.78148172396136
2022-01-21 00:00:00+00:00,154.7949195284,-0.2299546142001785,155.44899806601217,-0.4180362974324061,3.4021065265647263,63.08296899900656
2022-01-24 00:00:00+00:00,153.0110270852,-1.1524231212722058,154.23001257560608,-0.785229709352306,1.5567431600099608,29.80002308857595
2022-01-25 00:00:00+00:00,157.3862580248,2.8594219795438303,155.80813530020305,1.0370961350957622,67.13657934412612,84.19582351950636
2022-01-26 00:00:00+00:00,158.0904260945,0.4474139474038852,156.94928069735153,0.7422550412498237,71.68957602236495,49.56187613547846
2022-01-27 00:00:00+00:00,160.1653746731,1.3125074236688183,158.55732768522574,1.027381232459321,82.44162381855253,58.70137843373645
2022-01-28 00:00:00+00:00,161.2920435845,0.7034409988423196,159.92468563486287,0.8654111156508203,86.58982265652915,49.27248057804916
2022-01-31 00:00:00+00:00,161.7614889643,0.29105302987502135,160.84308729958144,0.5782320727629209,88.31517378122057,42.36181636783746
2022-02-01 00:00:00+00:00,160.4376529934,-0.8183876022507253,160.64037014649074,-0.1200777647439022,57.1903875681979,27.05123231548554
2022-02-02 00:00:00+00:00,162.2121565289,1.1060393258015333,161.4262633376954,0.49298078052881555,74.94471791685078,62.40500784596772
2022-02-03 00:00:00+00:00,162.2027676213,-0.005788041908150188,161.8145154794977,0.24359636931033268,74.69884745530688,43.94731601260056
2022-02-04 00:00:00+00:00,161.141821063,-0.6540865941184415,161.47816827124885,-0.2052451124040544,48.0045919924624,34.91500294080627
2022-02-07 00:00:00+00:00,160.6066533301,-0.33210977098911965,161.04241080067442,-0.268677441696587,37.787269645350584,43.55705899682128
2022-02-08 00:00:00+00:00,161.0291541719,0.26306559101982874,161.0357824862872,-0.002805925338379145,50.31122520269649,58.745651110852876
2022-02-09 00:00:00+00:00,161.0103763567,-0.01166112763651972,161.0230794214936,-0.007233526487449432,49.64496146769413,49.519306861279894
2022-02-10 00:00:00+00:00,159.0668724844,-1.2070674674993565,160.0449759529468,-0.607150496993403,16.24533621236536,24.452953148045108
2022-02-11 00:00:00+00:00,157.4613692856,-1.0093259355164919,158.7531726192734,-0.8082382162549474,8.859565107755811,32.882875030610656
2022-02-14 00:00:00+00:00,155.4803097829,-1.258124142885353,157.1167412010867,-1.0331811795701502,4.811106441491325,27.162588061234974
2022-02-15 00:00:00+00:00,157.0858129817,1.0326086956231162,157.10127709139334,-0.00028624197351700964,38.80486154642297,78.59307986358041
2022-02-16 00:00:00+00:00,156.9919239058,-0.059769290502975636,157.04660049859666,-0.030027766238246323,37.62617564316081,52.218711015744155
2022-02-17 00:00:00+00:00,156.034255331,-0.6100113629887383,156.54042791479833,-0.3200195646134923,25.68808049718617,41.65654231255046
2022-02-18 00:00:00+00:00,154.3724186866,-1.0650460316388055,155.45642330069916,-0.6925327981261489,14.068988569045837,33.30113017571213
2022-02-22 00:00:00+00:00,152.2745564836,-1.3589618021461414,153.86548989214958,-1.0257473001361452,7.578288387563816,27.882536356525804
2022-02-23 00:00:00+00:00,152.3501551215,0.04964627029344637,153.1078225068248,-0.48805051492134943,9.826998480530586,66.76203240497884
2022-02-24 00:00:00+00:00,149.4396075606,-1.9104329487415472,151.2737150337124,-1.1992417318314483,4.08587698418406,31.413506413933288
2022-02-25 00:00:00+00:00,156.8671737388,4.97027949915354,154.0704443862562,1.885518883661046,70.36344936197833,81.89374612075831
2022-02-28 00:00:00+00:00,155.5158480855,-0.8614457831375821,154.7931462358781,0.5120365502617319,59.199738684810995,42.30699339398478
2022-03-01 00:00:00+00:00,154.9772077902,-0.34635717319554393,154.88517701303905,0.08283968853309398,54.070510732811144,45.779467886160916
2022-03-02 00:00:00+00:00,156.9049730578,1.2439024390023201,155.89507503541952,0.663371063767707,68.65169607001508,57.59834126982139
2022-03-03 00:00:00+00:00,159.2107315152,1.4695254155842497,157.55290327530975,1.0664482396759785,80.02754111710837,59.47812708889907
2022-03-04 00:00:00+00:00,160.1557144895,0.5935422601897944,158.8543088824049,0.8299952499328864,83.6704291508439,47.27299842776774
2022-03-07 00:00:00+00:00,162.7355180094,1.6108095350348073,160.79491344590247,1.2204023924838467,90.65231056918005,61.157324198075216
2022-03-08 00:00:00+00:00,159.437527429,-2.0265954357975513,160.11622043745123,-0.4030965216568523,49.81217158272333,25.35185723640797
2022-03-09 00:00:00+00:00,160.0423165326,0.3793266951341412,160.07926848502564,-0.011884913261355545,55.34587323341109,52.78046414331628
2022-03-10 00:00:00+00:00,160.3258114249,0.17713745866845265,160.20253995496282,0.08262627270354855,58.55867210534471,50.44398527289086
2022-03-11 00:00:00+00:00,160.0328667028,-0.18271837796824952,160.11770332888142,-0.050046052632350485,52.683406745191036,45.11250974961497
2022-03-14 00:00:00+00:00,162.2441268628,1.3817537644355005,161.1809150958407,0.665853855901575,77.84812795332508,67.50752508378027
2022-03-15 00:00:00+00:00,166.4493010985,2.5918807151990686,163.81510809717037,1.6288672855503217,91.19944524530757,77.94734867257237
2022-03-16 00:00:00+00:00,164.9184286801,-0.9197229476464286,164.3667683886352,0.35457216895194654,68.61618992488546,32.497774974007854
2022-03-17 00:00:00+00:00,167.0729898616,1.3064405225927223,165.7198791251176,0.8305063457723344,79.39022996894538,56.57516690021617
2022-03-18 00:00:00+00:00,165.2208232319,-1.1085972850754078,165.4703511785088,-0.1390454696515367,55.02986272136317,35.79733613519705
2022-03-21 00:00:00+00:00,166.1563563765,0.5662319835357144,165.8133537775044,0.21359325694208883,63.512505781692305,53.54510341231827
2022-03-22 00:00:00+00:00,165.3720205078,-0.47204686345118096,165.5926871426522,-0.12922680325454605,51.33508253578373,42.59568589204283
2022-03-23 00:00:00+00:00,164.7483317448,-0.3771428571077817,165.1705094437261,-0.2531848301811639,41.780228329729155,44.16124258598552
2022-03-24 00:00:00+00:00,165.5988164216,0.5162326487878621,165.38466293266305,0.13152390930334912,57.833597232540754,59.68589908216984
2022-03-25 00:00:00+00:00,167.1863878185,0.9586852316976646,166.28552537558153,0.5451045705005069,76.20493100919884,66.58709613515902
2022-03-28 00:00:00+00:00,168.0463223252,0.5143567714577024,167.16592385039075,0.5297306709791046,82.42603289160175,52.93650721229102
2022-03-29 00:00:00+00:00,167.9612738575,-0.05061013327944952,167.5635988539454,0.23956026884982756,79.34844037948027,38.05657018249547
2022-03-30 00:00:00+00:00,169.70949236,1.0408461798064428,168.6365456069727,0.6402032243281351,90.4001757667314,65.86301903001984
2022-03-31 00:00:00+00:00,167.4793325406,-1.3141043487828186,168.05793907378637,-0.3369505622273417,44.66363979888016,26.851768780237116
2022-04-01 00:00:00+00:00,168.3865161959,0.5416690176264227,168.2222276348432,0.1023592276995405,57.716723339210645,56.9750802507
2022-04-04 00:00:00+00:00,166.7611454801,-0.9652617991746104,167.4916865574716,-0.43145128573753494,35.32355938955799,37.94288546014148
2022-04-05 00:00:00+00:00,167.8384260708,0.6460021533184923,167.66505631413582,0.10727543379047869,53.326750573676996,59.59186307470229
2022-04-06 00:00:00+00:00,172.2042474122,2.60120488710871,169.93465186316791,1.3542401604495944,82.66302823931889,75.28528792489558
2022-04-07 00:00:00+00:00,171.7601054143,-0.2579158206457488,170.84737863873397,0.5481621699019228,75.42835763126222,40.65333261044377
2022-04-08 00:00:00+00:00,172.100299285,0.1980633802473708,171.473838961867,0.3731127750746468,77.67340659337239,46.536705990861996
2022-04-11 00:00:00+00:00,169.9457381036,-1.25192180975352,170.7097885327335,-0.43940451733943664,41.581252473350006,31.595980079136083
2022-04-12 00:00:00+00:00,170.002437082,0.03336298928864334,170.35611280736674,-0.20302076402539665,42.63347276426331,52.06033693870569
2022-04-13 00:00:00+00:00,170.7206241425,0.4224569205167228,170.53836847493335,0.10971807824566307,57.260033268002495,57.79405634004255
2022-04-14 00:00:00+00:00,170.002437082,-0.4206797298846099,170.2704027784667,-0.15548082581947342,41.419237082531865,41.61572587116794
2022-04-18 00:00:00+00:00,167.8856752195,-1.2451361867706567,169.07803899898335,-0.7003085062950651,18.631553907504397,29.50229151963933
2022-04-19 00:00:00+00:00,173.0074829404,3.0507711358956247,171.04276096969167,1.1752313148002798,72.84847421417354,78.47421813034872
2022-04-20 00:00:00+00:00,173.7729191496,0.4424295389949595,172.40784005964582,0.8088304268976196,76.37698280981365,48.065141307385964
2022-04-21 00:00:00+00:00,173.2720781732,-0.2882157811763819,172.8399591164229,0.26030732286061886,67.73713886401401,41.3349547399876
2022-04-22 00:00:00+00:00,171.5522091599,-0.9925828970440476,172.19608413816144,-0.36613778709171435,42.799008686782905,34.37477481913374
2022-04-25 00:00:00+00:00,175.7762830552,2.4622672689471603,173.98618359668072,1.048064740927723,75.72451135104747,70.68818796715074
2022-04-26 00:00:00+00:00,174.5194556993,-0.7150153217799549,174.25281964799035,0.1665247095738841,60.24704166924704,40.087822395771056
2022-04-27 00:00:00+00:00,172.0813996256,-1.3970110460926666,173.16710963679517,-0.6152431682593913,37.77873904634613,35.18392752652689
2022-04-28 00:00:00+00:00,173.3665764706,0.7468423942367908,173.26684305369758,0.06579961298869974,51.94823355446135,58.89419809953179
2022-04-29 00:00:00+00:00,170.5316275477,-1.635233838386807,171.8992353006988,-0.7847171126990536,29.625281096713383,36.58740213647871
2022-05-02 00:00:00+00:00,168.8117585344,-1.0085337471014921,170.3554969175494,-0.8966254299002729,21.297202674268107,44.83328509694222
2022-05-03 00:00:00+00:00,168.4810144934,-0.19592476488099475,169.4182557054747,-0.5462750973906338,19.69973994336901,55.969310780626856
2022-05-04 00:00:00+00:00,170.2859319743,1.0712883503979143,169.85209383988735,0.2625066265036402,50.24751266247201,70.0916105869031
2022-05-05 00:00:00+00:00,167.0351905426,-1.9089900111012303,168.44364219124367,-0.8232416922987951,24.780182058426377,32.88395050905462
2022-05-06 00:00:00+00:00,166.6666471826,-0.2206381534350932,167.55514468692184,-0.5219399228669441,22.813816639272915,53.747855047142224
2022-05-09 00:00:00+00:00,167.573830838,0.5443102568722491,167.5644877624609,0.011185167002652485,40.30426442448759,61.81503958397006
2022-05-10 00:00:00+00:00,167.3470349242,-0.13534088984291648,167.45576134333044,-0.062077861420132,37.14763367153043,50.15610026375628
2022-05-11 00:00:00+00:00,166.4398512688,-0.5420972387176759,166.94780630606522,-0.302087550068904,25.27187248116337,42.8934459457581
2022-05-12 00:00:00+00:00,168.0841216441,0.987906659832638,167.51596397508263,0.34290955488186703,60.02046911606512,68.57093422177037
2022-05-13 00:00:00+00:00,167.1202390103,-0.5734525214945219,167.3181014926913,-0.11527148330632742,42.60156280507301,40.615740594482865
2022-05-16 00:00:00+00:00,168.2825680687,0.6955046649546492,167.80033478069566,0.2901165908241609,62.36043917739313,60.33120021928647
2022-05-17 00:00:00+00:00,168.9818554698,0.4155435759778392,168.39109512524783,0.3528300834010001,71.2818964613601,54.358818793222596
2022-05-18 00:00:00+00:00,165.844511995,-1.856615591110422,167.11780356012392,-0.751892753854711,27.46784305794271,24.650947815880723
2022-05-19 00:00:00+00:00,164.370338555,-0.8888888889156954,165.74407105756194,-0.8203908213852031,19.16508062053127,44.15054667469561
2022-05-20 00:00:00+00:00,167.243086797,1.747729102011153,166.49357892728096,0.4636691403129749,57.0840733898318,72.85738346941784
2022-05-23 00:00:00+00:00,170.6355756748,2.02847779407338,168.5645773010405,1.2460734671931775,76.56071975413953,74.91665517306565
2022-05-24 00:00:00+00:00,172.4994060823,1.092287115467716,170.53199169167024,1.1691802913304468,82.94087937696119,54.30752089478245
2022-05-25 00:00:00+00:00,170.8067437735,-0.9812568908164399,170.6693677325851,0.09396170025700346,60.505353058457594,28.374603569111315
2022-05-26 00:00:00+00:00,170.6545943525,-0.08907694019490986,170.66198104254255,0.002442380031046798,58.376257685097045,45.248574308837895
2022-05-27 00:00:00+00:00,172.2046165791,0.9082803967165987,171.43329881082127,0.45536138837382273,72.93160783497015,60.7527599832704
2022-05-31 00:00:00+00:00,170.7211597242,-0.8614501076506187,171.07722926751063,-0.20304435963839798,48.55610332891675,34.642528564243065
2022-06-01 00:00:00+00:00,168.99046006,-1.0137581463223078,170.0338446637553,-0.6084012529803529,30.636848051028032,32.82152652361995
2022-06-02 00:00:00+00:00,168.4579370865,-0.31512013951019435,169.24589087512766,-0.4617606962452736,26.178019139975284,50.66491621644561
2022-06-03 00:00:00+00:00,167.7637553531,-0.4120801580536737,168.50482311411383,-0.43692042714947366,20.378676245409867,48.01023253776031
2022-06-06 00:00:00+00:00,167.7447366754,-0.01133658319699693,168.1247798947569,-0.2241285051732353,20.19481915980029,60.757725025746424
2022-06-07 00:00:00+00:00,169.5895484053,1.0997732426441864,168.85716415002844,0.43782236873547553,65.49272201454757,80.57061037540367
2022-06-08 00:00:00+00:00,168.581558491,-0.5943703039358428,168.71936132051422,-0.07827396760018362,44.6987392971358,37.39255091004766
2022-06-09 00:00:00+00:00,165.1867245345,-2.0137635378909224,166.9530429275071,-1.0460187527455531,17.16556338814131,22.344072651994605
2022-06-10 00:00:00+00:00,164.0836412321,-0.6677796327207997,165.51834207980357,-0.8568991927331764,13.20202816306527,50.61462287820553
2022-06-13 00:00:00+00:00,162.4290162785,-1.0084033613439236,163.9736791791518,-0.93265127703855,8.688254949859736,44.46928098981544
2022-06-14 00:00:00+00:00,159.9375695093,-1.5338680405034166,161.9556243442259,-1.2332596587709834,4.902463180248379,34.715844372804
2022-06-15 00:00:00+00:00,161.6492504958,1.0702182056108178,161.80243742001295,-0.0815207265800828,34.37211700347159,75.18113164781472
2022-06-16 00:00:00+00:00,161.7348345451,0.05294429082565166,161.76863598255648,-0.01428821787721557,35.8627722519456,55.150383282767784
2022-06-17 00:00:00+00:00,161.1452555387,-0.36453433674832336,161.45694576062823,-0.18941127731276947,29.045532083311933,47.3795614610086
2022-06-21 00:00:00+00:00,164.5210708176,2.094889649474818,162.9890082891141,0.9527391860810244,73.0482548449906,76.56223353267235
2022-06-22 00:00:00+00:00,167.1171203137,1.577943471434251,165.05306430140706,1.2653413287576378,84.28800545693544,65.16748520832677
2022-06-23 00:00:00+00:00,170.8447811287,2.2305678843691723,167.94892271505353,1.747954606563405,91.72279044337799,72.82611561906093
2022-06-24 00:00:00+00:00,173.3457372368,1.4638762106616632,170.64732997592677,1.605915408612534,94.39293021456805,52.489205434379926
2022-06-27 00:00:00+00:00,173.1840784769,-0.0932579955393864,171.91570422641337,0.7563287065365738,91.53008196273638,28.361273180454603
2022-06-28 00:00:00+00:00,168.2582409714,-2.844278497666297,170.0869725989067,-1.0439748955648618,38.35783340271366,12.785867832558004
2022-06-29 00:00:00+00:00,168.3057876654,0.02825816656915059,169.19638013215337,-0.5078583644978556,38.87198709197062,53.11458521921021
2022-06-30 00:00:00+00:00,168.8002732838,0.2938019097614486,168.99832670797667,-0.1070282273682035,45.91009439909872,55.939703974606736
2022-07-01 00:00:00+00:00,170.7116503853,1.1323305728815125,169.85498854663834,0.5126511727566545,67.56371987315929,65.72281869432845
2022-07-05 00:00:00+00:00,169.399361629,-0.7687165775376981,169.62717508781918,-0.12803270239052178,47.84028843326295,37.44708113021608
2022-07-06 00:00:00+00:00,169.5515110501,0.08981699791361653,169.58934306895958,-0.019107852238452627,50.3604529234535,51.563541102803676
2022-07-07 00:00:00+00:00,169.7416978263,0.11217049911387278,169.66552044762977,0.046531323437710076,54.483896487012586,51.98671529136511
2022-07-08 00:00:00+00:00,169.5324923724,-0.12324929971779808,169.59900641001488,-0.038358988140044,47.9163930636268,45.681807341222026
2022-07-11 00:00:00+00:00,169.5990577441,0.039264078978917816,169.59903207705744,0.00045254541943690746,50.749786505898214,51.74208250153682
2022-07-12 00:00:00+00:00,167.2217230407,-1.4017381552833053,168.41037755887874,-0.7006428049319342,12.96511984987522,20.83072117431255
2022-07-13 00:00:00+00:00,166.8318401493,-0.2331532556359872,167.62110885408936,-0.4668980302839607,10.958099709968044,54.15021548306368
2022-07-14 00:00:00+00:00,167.0600642808,0.13679890559004093,167.3405865674447,-0.1650495623469599,21.61275146175176,61.78727652598678
2022-07-15 00:00:00+00:00,169.4849456784,1.451502732289267,168.41276612292233,0.6432265849711536,73.03558646905337,79.75910559877454
2022-07-18 00:00:00+00:00,165.6812101528,-2.244291084600314,167.04698813786115,-0.8005322498145802,28.713997423053932,26.736547347025137
2022-07-19 00:00:00+00:00,163.2658380941,-1.4578430809820908,165.15641311598057,-1.1291876653983355,18.19617412847758,39.56130141481609
2022-07-20 00:00:00+00:00,162.3339228904,-0.5707962024259272,163.7451680031903,-0.8499919339121313,15.013466104794084,53.371033925355874
2022-07-21 00:00:00+00:00,162.9044832192,0.35147325872559865,163.32482561119514,-0.24925933759326635,26.77566653817911,65.62164535732997
2022-07-22 00:00:00+00:00,163.6747396631,0.4728270386908706,163.49978263714758,0.11178385054880213,42.805175473427205,67.31644367753383
2022-07-25 00:00:00+00:00,163.9980571828,0.19753660238928106,163.74891990997378,0.1546602264690416,49.73350522735647,57.6462900286578
2022-07-26 00:00:00+00:00,165.1581965181,0.7074104140190052,164.4535582140369,0.43103532024402336,69.57224003493423,69.72775663171177
2022-07-27 00:00:00+00:00,164.701748255,-0.27637033627330165,164.57765323451844,0.07733249198536085,56.428804838614006,38.19501399348244
2022-07-28 00:00:00+00:00,165.6526821364,0.5773672055549017,165.1151676854592,0.3273498487701313,72.60307619625756,61.096446327164685
2022-07-29 00:00:00+00:00,165.9569809784,0.18369690008970263,165.5360743319296,0.25552337442991696,76.74646325905994,48.63227851406097
2022-08-01 00:00:00+00:00,165.3769113108,-0.3495301397869355,165.4564928213648,-0.04700338267850926,53.57747528202895,34.38139947358915
2022-08-02 00:00:00+00:00,164.4354867682,-0.5692599620697569,164.9459897947824,-0.3081316723741331,30.881655147708607,29.108957718424012
2022-08-03 00:00:00+00:00,166.0235463501,0.9657645153801964,165.4847680724412,0.32881642150303164,66.63939617533683,72.80703636595317
2022-08-04 00:00:00+00:00,163.3609314823,-1.6037573743818423,164.4228497773706,-0.6374704764394054,28.95984212276202,28.577056185953218
2022-08-05 00:00:00+00:00,162.7142964429,-0.39583212065000817,163.5685731101353,-0.5166512985447067,24.01361188064201,49.997004269345126
2022-08-08 00:00:00+00:00,161.8489466109,-0.5318216351712479,162.70875986051766,-0.5242364668579773,17.882595986730923,47.58695878283724
2022-08-09 00:00:00+00:00,161.8299279332,-0.011750881360828025,162.26934389685883,-0.26799367410940267,17.73333536499549,58.94074247133505
2022-08-10 00:00:00+00:00,162.2958855351,0.2879304266219185,162.28261471597943,0.009968376256257905,37.04440589176313,65.4160994082646
2022-08-11 00:00:00+00:00,158.9390889339,-2.068318978101291,160.61085182493972,-1.0291753009225166,10.474575607408084,22.873017614551802
2022-08-12 00:00:00+00:00,157.1893705921,-1.1008735192433838,158.90011120851986,-1.0650244100829502,6.711071530787952,44.93035443280326
2022-08-15 00:00:00+00:00,157.9406083584,0.4779189352754898,158.42035978345993,-0.2935527374037302,24.241346535529786,67.6072735006807
2022-08-16 00:00:00+00:00,159.3479905028,0.8910831476641956,158.88417514312997,0.2987652051302327,50.42172496700376,72.11476566794096
2022-08-17 00:00:00+00:00,159.3574998417,0.005967655362315583,159.12083749241498,0.15236643024627414,50.59476484147443,49.83216996484903
2022-08-18 00:00:00+00:00,158.5872433977,-0.483351235282381,158.85404044505748,-0.16549240251805342,35.5284432929703,39.668125401592604
2022-08-19 00:00:00+00:00,161.0026154565,1.5230557055228022,159.92832795077874,0.6787816515023744,73.14455711752089,73.23950545461683
2022-08-22 00:00:00+00:00,160.4415644664,-0.3484732148662406,160.18494620858937,0.16515421831806687,60.78715589816085,41.17914170600683
2022-08-23 00:00:00+00:00,159.0438397566,-0.8711736976939721,159.61439298259467,-0.35300973968795263,37.26235352612623,34.79767028201071
2022-08-24 00:00:00+00:00,158.5172996262,-0.3310660326145243,159.06584630439733,-0.3420378861512384,30.575916787022685,47.425703297901904
2022-08-25 00:00:00+00:00,160.0011854483,0.936103394140031,159.53351587634864,0.29703275399439627,60.52199378866677,68.73521931241298
2022-08-26 00:00:00+00:00,157.2631767701,-1.7112427451887346,158.3983463232243,-0.7071049955971692,27.58692164804287,30.27734773488644
2022-08-29 00:00:00+00:00,156.0473477417,-0.7731174286129128,157.22284703246214,-0.740111212105041,20.24769959122442,46.25988994333435
2022-08-30 00:00:00+00:00,155.5016606974,-0.3496932515657081,156.36225386493106,-0.5449022318353746,17.172083214221104,53.47962445402521
2022-08-31 00:00:00+00:00,154.4581538935,-0.671058302027161,155.41020387921554,-0.6079802669312677,11.96067521821638,46.38521144575491
2022-09-01 00:00:00+00:00,158.2875366602,2.479236395211859,156.8488702697078,0.9356280641402956,67.0331358688314,81.82929339922212
2022-09-02 00:00:00+00:00,155.7984378619,-1.572517237186788,156.3236540658039,-0.31844458652324614,41.63793774314952,35.96279068326626
2022-09-06 00:00:00+00:00,156.2196699662,0.2703699151806571,156.27166201600195,-0.024037335671294513,46.758126650674875,53.677256775190145
2022-09-07 00:00:00+00:00,157.0717076318,0.5454099767233878,156.671684823901,0.2606863205260466,57.950959830005864,56.37862328330925
2022-09-08 00:00:00+00:00,158.3354039448,0.8045346498443129,157.5035443843505,0.5326104851851797,71.35026957263523,59.69986024714873
2022-09-09 00:00:00+00:00,158.6417545661,0.19348207265559303,158.07264947522526,0.3630462789203864,74.3253467275978,47.033108715100155
2022-09-12 00:00:00+00:00,158.5747403677,-0.0422424717775427,158.32369492146262,0.16040190357142184,71.8762691610034,41.89006247265812
2022-09-13 00:00:00+00:00,154.4485804366,-2.602028495542452,156.38613767903132,-1.2208132959855151,17.776902645920835,15.061995646302027
2022-09-14 00:00:00+00:00,157.6365415899,2.0640922333427625,157.01133963446566,0.4216394686786237,56.0843960520587,69.12629994483176
2022-09-15 00:00:00+00:00,158.0386267804,0.25507105550821585,157.52498320743283,0.33835526209341976,59.64168576340173,50.45132331995944
2022-09-16 00:00:00+00:00,160.4511379234,1.5265325902586335,158.98806056541642,0.9324439261760267,76.65835020264903,61.43525953958943
2022-09-19 00:00:00+00:00,159.1874416104,-0.7875894988063736,159.0877510879082,0.07242721368482652,57.58208164636831,38.27260711178483
2022-09-20 00:00:00+00:00,157.9333187543,-0.7878277604142725,158.5105349211041,-0.357700273364723,42.01709884043711,38.27037871556837
2022-09-21 00:00:00+00:00,156.3154045354,-1.0244286839922623,157.41296972825205,-0.6910644786784926,27.586931906933167,35.21616093260294
2022-09-22 00:00:00+00:00,159.0917070412,1.7760901518642402,158.25233838472604,0.5425128365928737,61.56400537267438,73.19589333802897
2022-09-23 00:00:00+00:00,159.6086737147,0.3249488506438025,158.93050604971302,0.43373084361833814,66.01759460328876,50.28340117136115
2022-09-26 00:00:00+00:00,158.6321811092,-0.6118042226486264,158.78134357945652,-0.08903668951514415,49.700849843742404,38.58739151398436
2022-09-27 00:00:00+00:00,157.9045983835,-0.4586602293510267,158.34297098147826,-0.27384845943308544,38.943341023315824,41.901336642717894
2022-09-28 00:00:00+00:00,159.2640292657,0.8609191221261137,158.80350012358912,0.2935353313465141,61.9967331778692,65.7730234871303
2022-09-29 00:00:00+00:00,157.5120866499,-1.100024044272574,158.15779338674457,-0.4032443564630299,35.838596661649035,34.33048272925549
2022-09-30 00:00:00+00:00,156.3919921907,-0.7111165136740372,157.2748927887223,-0.5571804350685335,25.514516461362295,42.50681941003294
2022-10-03 00:00:00+00:00,156.23881688,-0.09794319296937415,156.75685483436115,-0.32756181401895385,24.090944018252895,55.58512645211573
2022-10-04 00:00:00+00:00,158.5555934539,1.4828431372975626,157.6562241441306,0.5776406616393044,66.49849487933383,76.37083286448
2022-10-05 00:00:00+00:00,158.0673471511,-0.3079338244487473,157.8617856476153,0.13485341859527855,56.51740662321192,42.54083567629069
2022-10-06 00:00:00+00:00,155.0038409378,-1.938101871458331,156.43281329270764,-0.9016242264315262,23.4253667056282,26.50746649340524
2022-10-07 00:00:00+00:00,153.366779805,-1.0561423013104032,154.89979654885383,-0.9788832638709647,15.942885527934743,43.72108129615765
2022-10-10 00:00:00+00:00,153.5678224003,0.13108614235470828,154.2338094745769,-0.4238985607581282,20.613970418160335,61.791429629565044
2022-10-11 00:00:00+00:00,155.7888644049,1.4462938719092433,155.01133693973844,0.5111976555755575,58.67206027502099,75.08482736806513
2022-10-12 00:00:00+00:00,155.7505705773,-0.024580593578549248,155.38095375851924,0.24330853099850414,57.953528377343915,47.41270540536646
2022-10-13 00:00:00+00:00,158.1056409788,1.5120781855056942,156.74329736865963,0.8776933582520992,80.257524888065,66.66503735550633
2022-10-14 00:00:00+00:00,157.4450724515,-0.41780199821496167,157.09418491007983,0.22994568001856874,65.61374478047289,39.45427371161261
2022-10-17 00:00:00+00:00,159.4842187748,1.295147756325088,158.28920184243992,0.7625467181718284,81.36113660818691,60.77210891074699
2022-10-18 00:00:00+00:00,158.9289582736,-0.3481601536914902,158.60908005801997,0.20719328224016909,68.54047318170241,40.33538135598274
2022-10-19 00:00:00+00:00,157.6652619606,-0.7951328233238075,158.13717100930998,-0.2939697705418192,44.566528645263084,35.468969112707754
2022-10-20 00:00:00+00:00,158.0673471511,0.25502459165702707,158.102259080205,-0.019472589442396077,52.49670352308697,54.72123947754329
2022-10-21 00:00:00+00:00,161.5137916411,2.1803646054143533,159.8080253606525,1.0804460079859786,83.26942797581563,75.12785242712339
2022-10-24 00:00:00+00:00,163.6869663612,1.345504119505181,161.74749586092625,1.2129750637455796,89.62581927547633,58.097259360387824
2022-10-25 00:00:00+00:00,163.4284830244,-0.15791320625345717,162.58798944266312,0.5275309287460612,83.93626014066312,36.03310181319858
2022-10-26 00:00:00+00:00,164.8645015619,0.8786831468573286,163.72624550228156,0.7031070378016949,89.49402856083941,54.072614814577555
2022-10-27 00:00:00+00:00,164.9602361311,0.0580686371493222,164.34324081669078,0.38058783747550856,89.84536101747297,40.50744716470074
2022-10-28 00:00:00+00:00,167.4110411018,1.4856943880416473,165.8771409592454,0.9331411127585779,95.55428867597846,64.04540024996305
2022-10-31 00:00:00+00:00,166.5494299793,-0.5146680391146297,166.2132854692727,0.20923653682197413,73.7033117786965,34.96774844121105
2022-11-01 00:00:00+00:00,165.7069657706,-0.5058343392737474,165.96012561993635,-0.14829890122588665,55.192286237545105,35.16274243462913
2022-11-02 00:00:00+00:00,163.1604262308,-1.536772777147677,164.56027592536816,-0.8425358391867818,25.80569346052213,23.059098838516938
2022-11-03 00:00:00+00:00,163.4380564814,0.1701578360718825,163.99916620338408,-0.33618900155744963,31.748488404613642,58.519857432286294
2022-11-04 00:00:00+00:00,164.165639207,0.4451733832767424,164.08240270519204,0.05449219085964638,48.092456193048896,62.677043212703055
2022-11-07 00:00:00+00:00,165.6016577445,0.8747375787263811,164.842030224846,0.46461488479301377,69.62601826886545,69.77439435912682
2022-11-08 00:00:00+00:00,166.4249750394,0.4971673026185952,165.633502632123,0.4808910937058045,77.61296010791705,55.78758144410141
2022-11-09 00:00:00+00:00,165.0942645279,-0.7995858260966937,165.3638835800115,-0.1593473661954446,47.39696354800183,27.445087062357366
2022-11-10 00:00:00+00:00,167.0281028251,1.1713540156770286,166.19599320255577,0.506003324740792,71.54521867520364,66.38275669209878
2022-11-11 00:00:00+00:00,162.0307583146,-2.9919183813833183,164.1133757585779,-1.2429575283212633,25.740800050719066,24.582394954279398
2022-11-14 00:00:00+00:00,164.5772978544,1.5716395863899058,164.34533680648894,0.16434102903432124,50.14022031844205,62.94601935561026
2022-11-15 00:00:00+00:00,165.0368237864,0.2792158687685564,164.69108029644445,0.22177844890143883,54.21240903265236,51.76088524525585
2022-11-16 00:00:00+00:00,166.0611836765,0.6206856546305151,165.37613198647222,0.42123205176597694,64.03438436118385,54.93451047247766
2022-11-17 00:00:00+00:00,167.4014676449,0.8071025020579103,166.38879981568613,0.6141672769119436,74.69000276365558,57.23826279737206
2022-11-18 00:00:00+00:00,168.6843108717,0.7663273475721377,167.53655534369307,0.6902473122420407,82.24311531814602,56.29407989093092
2022-11-21 00:00:00+00:00,169.5459219942,0.5107832009079605,168.54123866894653,0.6005152565750006,86.34769587182464,48.736456890080305
2022-11-22 00:00:00+00:00,170.3648913281,0.48303688125745925,169.45306499852325,0.5417760689162299,89.73180124724475,47.69362679843354
2022-11-23 00:00:00+00:00,170.5479550616,0.10745390794599796,170.0005100300616,0.3246149884311139,90.51972600545588,33.24845201156648
2022-11-25 00:00:00+00:00,170.7695585284,0.12993616177923162,170.3850342792308,0.22727557510517277,91.67910637981707,35.01569449940988
2022-11-28 00:00:00+00:00,170.8562729285,0.05077860530136036,170.6206536038654,0.13902709020326656,92.2363881087188,30.720291407961067
2022-11-29 00:00:00+00:00,169.6615411943,-0.699261264290818,170.1410973990827,-0.28011708704377575,38.68773385834186,11.197441552170412
2022-11-30 00:00:00+00:00,171.5018134623,1.0846726105667504,170.82145543069134,0.40227776176148733,73.81352985858044,72.82057638448956
2022-12-01 00:00:00+00:00,172.2147985295,0.4157303370770027,171.51812698009567,0.409004049419245,80.35437952961722,52.37689150765001
2022-12-02 00:00:00+00:00,172.3496875963,0.07832606021769273,171.93390728819782,0.24366505481846887,81.6547536849848,43.20093384320377
2022-12-05 00:00:00+00:00,172.2533382629,-0.055903398923273784,172.0936227755489,0.09388082794759754,76.24732948514746,39.111998828998686
2022-12-06 00:00:00+00:00,169.6711761276,-1.499049110652939,170.88239945157446,-0.7025841413526708,20.82028608266737,15.481266897697067
2022-12-07 00:00:00+00:00,170.7021139951,0.6076093129246063,170.79225672333723,-0.04748741421403224,44.83590625374875,63.615725046997106
2022-12-08 00:00:00+00:00,170.7310187951,0.016932889302601062,170.76163775921862,-0.01527726245571559,45.530707119550925,51.32268607957876
2022-12-09 00:00:00+00:00,169.3243185274,-0.8239277652224541,170.0429781433093,-0.41960251383908487,23.720741412578565,36.33131026490817
2022-12-12 00:00:00+00:00,171.3476545289,1.194947080901776,170.69531633610467,0.38767228353134553,62.488588852535656,68.97211697119177
2022-12-13 00:00:00+00:00,172.6676403965,0.77035537558372,171.68147836630231,0.5790138295575328,74.94805061542782,59.37022084691256
2022-12-14 00:00:00+00:00,173.1975617303,0.30690251664013957,172.43952004830118,0.44295817309883617,79.12369010312331,48.349691123572164
2022-12-15 00:00:00+00:00,171.010431862,-1.2627948375542264,171.72497595515057,-0.40991833222769514,38.94081835775111,24.88338075158797
2022-12-16 00:00:00+00:00,169.256873994,-1.0254098822550572,170.49092497457528,-0.7176641072413762,24.175418159140875,32.33334732228327
2022-12-19 00:00:00+00:00,169.0738102605,-0.10815734048501557,169.78236761753766,-0.4129107238631959,22.820424275170655,57.03261964339434
2022-12-20 00:00:00+00:00,169.256873994,0.1082744472475694,169.51962080576882,-0.15231813830781324,28.805899106491495,61.94853332036726
2022-12-21 00:00:00+00:00,171.1934955954,1.1441908122849176,170.3565582005844,0.49593633698855216,68.08350992346881,79.1087920181851
2022-12-22 00:00:00+00:00,170.5672249283,-0.36582620439047364,170.4618915644422,0.06505506629903926,53.70994959936466,39.83213932294713
2022-12-23 00:00:00+00:00,171.0007969286,0.25419420435683904,170.7313442465211,0.15962463532793914,62.03357521040588,53.92229914130322
2022-12-27 00:00:00+00:00,170.9526222619,-0.02817218841391078,170.84198325421056,0.06572622345701418,60.228579177004654,46.485779243676525
2022-12-28 00:00:00+00:00,170.2107323947,-0.4339739615479066,170.52635782445526,-0.1841238690454462,36.01880561376711,35.832739469951704
2022-12-29 00:00:00+00:00,171.0778763953,0.5094531868820029,170.80211710987763,0.16266465891827836,62.46872922776824,64.33507456403325
2022-12-30 00:00:00+00:00,170.2010974613,-0.5125028159538636,170.50160728558882,-0.17491907851779262,38.39522072245542,37.366266999508824
