date,adjClose,daily_return,ema,ema_daily_return,rsi,rsi_daily_return
2013-01-02 00:00:00+00:00,26.4011009383,0.0,,,,
2013-01-03 00:00:00+00:00,26.4011009383,0.0,,,,
2013-01-04 00:00:00+00:00,26.4432303547,0.159574468119561,26.4151440771,0.053191489373187,,
2013-01-07 00:00:00+00:00,26.1904538564,-0.9559214018459383,26.30279896675,-0.4513649562363757,10.000000003560142,8.706507920856874
2013-01-08 00:00:00+00:00,26.007893052,-0.697050938486854,26.155346009375002,-0.5742079473616148,5.06329114015309,30.72248306599403
2013-01-09 00:00:00+00:00,26.0008714826,-0.02699784017859974,26.0781087459875,-0.3006028937701073,4.923076923939674,64.2217450289123
2013-01-10 00:00:00+00:00,25.9517204968,-0.18903591686491028,26.01491462139375,-0.2448194053175088,3.8140643628538946,54.63797019240789
2013-01-11 00:00:00+00:00,25.9166126498,-0.13528138531057055,25.965763635596876,-0.19005039531403967,3.0724915989917845,57.773620389889004
2013-01-14 00:00:00+00:00,25.972785205,0.21674343001161223,25.96927442029844,0.01334651734878628,33.911620297128444,74.85062702565884
2013-01-15 00:00:00+00:00,26.2044969951,0.8921330087286572,26.08688570769922,0.45273976303872177,77.73796068692914,88.37753422271118
2013-01-16 00:00:00+00:00,26.2044969951,0.0,26.145691351399613,0.22636988151936088,77.73796068692914,42.78318741805633
2013-01-17 00:00:00+00:00,26.3379068137,0.509110396680934,26.241799082549804,0.36774013910014747,88.02522176479559,60.310584834893774
2013-01-18 00:00:00+00:00,26.4713166323,0.5065315916852109,26.356557857424903,0.4371358653926792,92.92750716750011,60.170537303176204
2013-01-22 00:00:00+00:00,26.0710871766,-1.5119363394703433,26.213822517012453,-0.5374002370388321,32.69529147808876,16.147450501302412
2013-01-23 00:00:00+00:00,26.0710871766,0.0,26.142454846806224,-0.26870011851941605,32.69529147808877,53.97906855730925
2013-01-24 00:00:00+00:00,26.0570440378,-0.05386479936518862,26.099749442303114,-0.16128245894230234,31.10369072714953,52.70826001750895
2013-01-25 00:00:00+00:00,26.0149146214,-0.16168148750443923,26.05733203185156,-0.16148197322337077,25.51450456203978,49.2285430497123
2013-01-28 00:00:00+00:00,25.9868283438,-0.10796221324861355,26.02208018782578,-0.13472209323599216,21.62804680822268,51.615826443391434
2013-01-29 00:00:00+00:00,26.2747126891,1.1078087002051706,26.14839643846289,0.48654330348458924,76.54919814770835,81.36372607137113
2013-01-30 00:00:00+00:00,26.3308852443,0.21378941747021152,26.239640841381444,0.35016636047740035,80.54045009139625,48.483565634703886
2013-01-31 00:00:00+00:00,26.14832444,-0.6933333331036406,26.19398264069072,-0.17158348631312015,44.01816235709889,30.019772443678807
2013-02-01 00:00:00+00:00,26.3589715219,0.8055853918416567,26.27647708129536,0.31700095276426826,68.63487670973785,64.00023659488296
2013-02-04 00:00:00+00:00,26.2255617033,-0.5061267981914974,26.251019392297678,-0.09456292271361458,48.41145372778113,39.086724227845444
2013-02-05 00:00:00+00:00,26.7802656858,2.1151271754465517,26.51564253904884,1.0102821263664685,81.82029433296482,71.88856451242528
2013-02-06 00:00:00+00:00,26.8996323656,0.4457262717273647,26.70763745232442,0.7280041990469166,84.9634710484277,47.46895456164206
2013-02-07 00:00:00+00:00,27.3209265295,1.5661707125736113,27.01428199091221,1.147087455810264,92.14936086546021,60.85554790762133
2013-02-08 00:00:00+00:00,27.2226245579,-0.3598046775385,27.118453274406107,0.393641389135882,78.94478516655693,36.72498945480647
2013-02-11 00:00:00+00:00,27.1102794476,-0.41269022412241396,27.114366361003054,-0.00952441749326599,63.37641935616814,36.13482817431765
2013-02-12 00:00:00+00:00,26.3730146607,-2.7195027197156607,26.74369051085153,-1.3645135686044634,21.547486873997876,17.614557540451674
2013-02-13 00:00:00+00:00,26.1272597318,-0.9318423853387436,26.435475121325766,-1.1481779769716036,16.20107031280772,48.372904657670155
2013-02-14 00:00:00+00:00,25.867461664,-0.994356356031445,26.151468392662885,-1.0712671665015243,11.62657713120856,47.443777580915956
2013-02-15 00:00:00+00:00,26.2747126891,1.5743756785644436,26.213090540881442,0.25155425603145964,46.88846985331108,75.93442051806065
2013-02-19 00:00:00+00:00,26.4502519241,0.6680919295944276,26.33167123249072,0.45982309281294365,57.78032991794845,59.00616677576915
2013-02-20 00:00:00+00:00,26.4923813405,0.15927794003962603,26.41202628649536,0.30955051642628484,60.68299026537983,49.67931298932658
2013-02-21 00:00:00+00:00,26.4783382017,-0.05300821628492214,26.44518224409768,0.12827115007068135,58.66629602234374,45.207326529785
2013-02-22 00:00:00+00:00,27.047085323,2.147971360466583,26.746133783548842,1.1381212552686322,86.30845215782224,77.16918154637025
2013-02-25 00:00:00+00:00,26.4853597711,-2.0768431984141578,26.61574677732442,-0.4693609715727628,43.3547548226158,28.79932945418917
2013-02-26 00:00:00+00:00,26.7592009776,1.0339342522309503,26.68747387746221,0.28228664032909373,58.4689752239786,57.926252628950465
2013-02-27 00:00:00+00:00,26.9979343372,0.8921542904059221,26.842704107331105,0.5872204653675079,69.21168385437063,56.350297274720845
2013-02-28 00:00:00+00:00,27.1875167109,0.7022106629794189,27.01511040911555,0.6447155641734634,76.46365767020788,53.42918558933599
2013-03-01 00:00:00+00:00,27.1734735721,-0.05165289257318406,27.094291990607775,0.2965313358001397,74.5135305498276,40.82893278536197
2013-03-04 00:00:00+00:00,27.2577324049,0.31007751944716055,27.176012197753888,0.3033044276236501,79.27146960999794,49.4151978876827
2013-03-05 00:00:00+00:00,27.1594304333,-0.3606388460337562,27.167721315526943,-0.02866720920505303,59.7509267437304,35.20629947875329
2013-03-06 00:00:00+00:00,27.3981637929,0.8790072390741033,27.28294255421347,0.4251700149345251,78.78334646200445,63.94677900500493
2013-03-07 00:00:00+00:00,27.4683794869,0.25627883142371743,27.375661020556734,0.34072442317912127,82.44551659916358,47.927631046052056
2013-03-08 00:00:00+00:00,27.5385951809,0.25562372193628224,27.45712810072837,0.2981740725577018,86.0558343374567,47.90869272261021
2013-03-11 00:00:00+00:00,27.6017893054,0.22947475746268875,27.529458703064186,0.26382441501019527,89.08604760101369,46.801440273654215
2013-03-12 00:00:00+00:00,27.3560343765,-0.8903586871881641,27.442746539782092,-0.31326713608898443,39.28572137239127,18.836270882717887
2013-03-13 00:00:00+00:00,27.2928402519,-0.2310061602140867,27.367793395841048,-0.2721366481515356,32.317446691182134,46.87307112430516
2013-03-14 00:00:00+00:00,27.5969584511,1.1142783103302412,27.482375923470524,0.4210708310893528,70.31994690778149,74.17503565725704
2013-03-15 00:00:00+00:00,27.4625806422,-0.4869297793744565,27.47247828283526,-0.032929474142551846,51.24820058121229,38.68328421889757
2013-03-18 00:00:00+00:00,27.4130730284,-0.18027298470241204,27.44277565561763,-0.10660122942248194,44.568250568744055,46.093140346565775
2013-03-19 00:00:00+00:00,27.8162064552,1.4705882349722366,27.629491055408813,0.6819935027748774,78.61488707955405,72.71703819083083
2013-03-20 00:00:00+00:00,28.1981223333,1.3729977116581304,27.913806694354406,1.0274956072165038,88.58134385179311,69.66607284135067
2013-03-21 00:00:00+00:00,28.3395726586,0.5016302987414178,28.126689676477206,0.7645629529789608,90.92976195624684,44.60241716307758
2013-03-22 00:00:00+00:00,28.3183551098,-0.07486897934420034,28.222522393138604,0.34484698681738024,86.90812092839232,32.867531022619914
2013-03-25 00:00:00+00:00,28.3749352399,0.19980019983725228,28.2987288165193,0.27232359332731626,88.8760762830337,43.49252736381694
2013-03-26 00:00:00+00:00,28.7780686668,1.4207377866826798,28.53839874165965,0.846530690004998,95.73228962543762,72.50629832993513
2013-03-27 00:00:00+00:00,28.4456604025,-1.1550749570748087,28.492029572079822,-0.15427213353490532,54.321563613477984,27.623139501767096
2013-03-28 00:00:00+00:00,28.6012557602,0.5469915463320651,28.54664266613991,0.19635970639857991,64.96294625338638,55.14477414113562
2013-04-01 00:00:00+00:00,28.6083282765,0.024727992222772777,28.577485471319953,0.11054384931067635,65.51076758614701,46.93106454416538
2013-04-02 00:00:00+00:00,28.7992862155,0.6674907291135179,28.688385843409975,0.3890172892120971,78.88289980401103,58.376365385213695
2013-04-03 00:00:00+00:00,28.4102978212,-1.350687622565605,28.54934183230499,-0.48083516667675397,36.10701939777397,28.960117809476284
2013-04-04 00:00:00+00:00,28.6719809228,0.9210853868794278,28.610661377552496,0.2201251101013369,58.70413309267882,61.617449678202576
2013-04-05 00:00:00+00:00,28.3466451748,-1.1346817957084143,28.478653276176246,-0.45727834280353874,35.37354214435388,37.941976409681864
2013-04-08 00:00:00+00:00,28.8983014432,1.9461077845304375,28.68847735968812,0.7444147208634494,67.86106401918136,66.70211470296084
2013-04-09 00:00:00+00:00,28.7922136993,-0.3671071952395466,28.74034552949406,0.1886537628119514,59.266852974294174,43.82642163712911
2013-04-10 00:00:00+00:00,29.0468242847,0.8843036108966862,28.89358490709703,0.5364786868543188,72.02238424063133,56.05595425953945
2013-04-11 00:00:00+00:00,29.1246219636,0.2678354030632324,29.009103435348514,0.4021570449587756,75.53391523818802,48.2878093931012
2013-04-12 00:00:00+00:00,29.053896801,-0.24283632827368784,29.031500118174257,0.07966035834254387,64.49534665772255,41.19438447111365
2013-04-15 00:00:00+00:00,28.3537176911,-2.4099318404541825,28.69260890463713,-1.1651357410558194,20.34433318430109,21.288273807525197
2013-04-16 00:00:00+00:00,29.9662513986,5.6872037912903295,29.329430151618567,2.261034025117255,76.32711195458126,78.77404120389397
2013-04-17 00:00:00+00:00,30.0935566913,0.4248288883605511,29.711493421459284,1.342931456738903,78.14596775934615,46.01364418581989
2013-04-18 00:00:00+00:00,29.7752934596,-1.0575793182731719,29.743393440529644,0.14267606923286558,60.666530321984396,39.13626875456606
2013-04-19 00:00:00+00:00,30.1713543702,1.3301662706948214,29.957373905364822,0.7364211699638434,72.25210709027724,55.283973714257776
2013-04-22 00:00:00+00:00,30.2137894678,0.14064697619911026,30.08558168658241,0.43853407308147685,73.50626734529247,46.137020186528545
2013-04-23 00:00:00+00:00,30.1996444353,-0.046816479326683424,30.14261306094121,0.1958587968773967,71.88179639574159,44.400416759550225
2013-04-24 00:00:00+00:00,29.8106560409,-1.2880562062026035,29.976634550920604,-0.5460987046626034,37.602650550751434,32.318565276001635
2013-04-25 00:00:00+00:00,29.9521063661,0.4744958480817463,29.964370458510302,-0.03580142829042854,50.48291324893009,57.152642722369706
2013-04-26 00:00:00+00:00,29.7752934596,-0.5903187720384118,29.86983195905515,-0.31306010016442015,36.39605455334505,42.89103926690814
2013-04-29 00:00:00+00:00,29.8743086872,0.332541567505773,29.872070323127573,0.009740733670676432,48.473603499262964,56.87947898089512
2013-04-30 00:00:00+00:00,29.9379613336,0.2130681819836555,29.905015828363787,0.11140445782716597,56.448167011878404,54.29682683553493
2013-05-01 00:00:00+00:00,29.8530911385,-0.2834868886170572,29.879053483431896,-0.08604121539494561,43.10556604847371,42.31781377151867
2013-05-02 00:00:00+00:00,29.6762782319,-0.5922767119146854,29.777665857665948,-0.3391589636548155,24.79250155406399,35.095382939996334
2013-05-03 00:00:00+00:00,29.8743086872,0.667302192520669,29.825987272432975,0.16407161443292675,56.114859447509346,68.25050565759496
2013-05-06 00:00:00+00:00,29.7611484271,-0.37878787852414497,29.79356784976649,-0.10735813204560911,41.3526876471576,41.70846854331127
2013-05-07 00:00:00+00:00,30.1996444353,1.4733840304385293,29.996606142533246,0.68301294919646,76.81097744088194,71.32503632569328
2013-05-08 00:00:00+00:00,30.029904045,-0.5620608900335111,30.013255093766624,0.060476029581474466,56.85241015091897,38.81578547675165
2013-05-09 00:00:00+00:00,29.7894384921,-0.8007536505599822,29.90134679293331,-0.37013881048925384,36.62792959650052,35.93473689901419
2013-05-10 00:00:00+00:00,29.8106560409,0.07122507128030087,29.856001416916655,-0.1494568696044765,39.477497244094614,54.45783945273531
2013-05-13 00:00:00+00:00,29.8389461059,0.09489916948217658,29.847473761408327,-0.027278850061149953,44.47127037103612,54.98784418489998
2013-05-14 00:00:00+00:00,30.0723391426,0.7821758713316473,29.959906452004162,0.3774485106352487,72.52513524470395,70.12683189130735
2013-05-15 00:00:00+00:00,30.355239793,0.9407337721835107,30.15757312250208,0.6590911414093797,85.67950907166383,73.24127218459908
2013-05-16 00:00:00+00:00,30.4754725694,0.3960857407811602,30.31652284595104,0.52758844109527,89.02830410614763,47.64658542143974
2013-05-17 00:00:00+00:00,30.3906023743,-0.2784868877971691,30.353562610125522,0.12455077664905045,71.35953629955492,28.890216349222182
2013-05-20 00:00:00+00:00,29.9733239149,-1.3730509657579937,30.16344326251276,-0.6242500945544716,28.964848199374334,14.754044581627653
2013-05-21 00:00:00+00:00,29.9450338499,-0.09438414331464084,30.05423855620638,-0.3593171189345562,27.31458480400229,54.104930585275525
2013-05-22 00:00:00+00:00,29.8813812035,-0.21256495056596325,29.96780987985319,-0.2859410347502597,22.90935430832375,50.850628446143276
2013-05-23 00:00:00+00:00,29.6550606832,-0.7573964495104724,29.81143528152659,-0.5216687421303661,12.315882725705332,35.91305890330924
2013-05-24 00:00:00+00:00,29.8743086872,0.7393274501852787,29.842871984363295,0.1088293540274563,47.55536399891367,71.00756198857259
2013-05-28 00:00:00+00:00,30.0935566913,0.7339015151635708,29.968214337831647,0.42136543459551357,67.28011701277345,70.79674432533945
2013-05-29 00:00:00+00:00,29.2802173213,-2.7027027025859574,29.624215829565824,-1.140668633995222,21.753443530928855,18.530045572349454
2013-05-30 00:00:00+00:00,28.8346487969,-1.5217391302484229,29.229432313232913,-1.3312038821218224,13.979920951072977,40.98725698646592
2013-05-31 00:00:00+00:00,28.2829925285,-1.9131714496876784,28.756212420866454,-1.6221876659047503,8.403192680185755,36.04710626181543
2013-06-03 00:00:00+00:00,28.8629388619,2.0505126280947916,28.809575641383226,0.21416248109502067,43.772874770991564,77.4076541273807
2013-06-04 00:00:00+00:00,29.2943623538,1.4947316832988777,29.051968997591615,0.8544470821969492,60.704560863641746,68.13898042918991
2013-06-05 00:00:00+00:00,28.7497786017,-1.859005311407158,28.900873799645808,-0.5022791146051044,38.66107077982828,32.69934097844887
2013-06-06 00:00:00+00:00,28.8487938294,0.34440344418564806,28.874833814522905,-0.07893783520972819,44.1883622984023,55.505679664004845
2013-06-07 00:00:00+00:00,29.2872898376,1.519980387371067,29.08106182606145,0.7205212760806694,65.08700855693232,64.99806834599029
2013-06-10 00:00:00+00:00,29.1246219636,-0.5554213957727261,29.102841894830725,0.08254994015397166,53.863783967036014,41.53352479980499
2013-06-11 00:00:00+00:00,28.8487938294,-0.9470616804734044,28.975817862115363,-0.4322558701597164,37.44226082721903,37.6828903021567
2013-06-12 00:00:00+00:00,28.7639236342,-0.2941897526180459,28.86987074815768,-0.36322281138888113,32.82365019446712,49.41085705711483
2013-06-13 00:00:00+00:00,28.7781667259,0.04951720732238041,28.82401873702884,-0.15685280203325036,34.84678791155682,55.95645442276683
2013-06-14 00:00:00+00:00,28.7283159051,-0.173224449197229,28.77616732106442,-0.1650386256152397,30.089274101102,49.70480369997746
2013-06-17 00:00:00+00:00,28.9704484635,0.842835894731353,28.87330789228221,0.3388986345580567,64.95165152463167,71.49539059501132
2013-06-18 00:00:00+00:00,29.1484871094,0.6145526056468009,29.010897500841104,0.4767256201024288,77.38821492746804,62.38625412433622
2013-06-19 00:00:00+00:00,28.7781667259,-1.2704617639677673,28.894532113370552,-0.39686807193266926,36.72733199703527,24.198660405623816
2013-06-20 00:00:00+00:00,27.8666088588,-3.167532788944505,28.380570486085276,-1.782200430438587,12.492325271729475,12.576965949398808
2013-06-21 00:00:00+00:00,28.3152662465,1.6100178890561923,28.34791836629264,-0.08609127069119737,41.15803815688995,68.9353053542924
2013-06-24 00:00:00+00:00,28.1514706923,-0.5784708247984272,28.24969452929632,-0.33228104774481226,34.89777137027369,47.77360381710952
2013-06-25 00:00:00+00:00,28.2867800632,0.480647609423146,28.26823729624816,0.07418328083916687,45.22207517656915,57.29102886634413
2013-06-26 00:00:00+00:00,28.7211943592,1.535750251634882,28.49471582772408,0.8049667662370245,68.94177054345363,66.43206580901541
2013-06-27 00:00:00+00:00,28.6713435384,-0.17356806327948338,28.583029683062037,0.31569935147877054,64.15960427644602,43.70212157927374
2013-06-28 00:00:00+00:00,28.5645203508,-0.372578241605348,28.573775016931016,-0.028439445063288743,52.462558615203214,41.238001731473254
2013-07-01 00:00:00+00:00,28.8137744551,0.8726003491006162,28.693774736015506,0.42208045201866373,70.97997350956653,61.572977393022946
2013-07-02 00:00:00+00:00,28.7496805426,-0.22244191783994394,28.72172763930775,0.0998192670893599,61.708379243393125,42.27471259063257
2013-07-03 00:00:00+00:00,28.8351390926,0.29725043335131485,28.778433365953873,0.19853485022033737,69.63983214009099,52.804813136667924
2013-07-05 00:00:00+00:00,28.8565037301,0.07409236845152822,28.817468548026937,0.13631360933593278,71.828080945344,47.25278858236576
2013-07-08 00:00:00+00:00,28.8707468218,0.049358341652272486,28.844107684913467,0.09283597549410263,73.72209529884725,46.44098164485951
2013-07-09 00:00:00+00:00,29.0772716511,0.7153428713664312,28.960689668006733,0.4040894234302669,89.32775133493197,68.38091149042627
2013-07-10 00:00:00+00:00,28.9704484635,-0.3673769289009532,28.965569065753364,0.018356247264656844,61.1515124680451,34.20833360668722
2013-07-11 00:00:00+00:00,29.2197025678,0.8603736480435886,29.09263581677668,0.4393649476541227,81.53579156866464,64.43728539543972
2013-07-12 00:00:00+00:00,29.2197025678,0.0,29.15616919228834,0.21968247382706135,81.53579156866465,43.45150130922202
2013-07-15 00:00:00+00:00,29.2054594761,-0.048744820954116364,29.180814334194167,0.0854688264364725,76.38277938615587,42.281278094506845
2013-07-16 00:00:00+00:00,28.6499789009,-1.9019751278166797,28.91539661754708,-0.9082531506901036,16.26146662976833,16.67324486912477
2013-07-17 00:00:00+00:00,29.0843931969,1.5162813819257437,28.999894907223542,0.30401411561782005,56.46181465346411,68.8578869646889
2013-07-18 00:00:00+00:00,29.0630285594,-0.07345739467680135,29.031461733311772,0.11527836047050935,54.53061344463033,47.92152405293695
2013-07-19 00:00:00+00:00,29.2624318428,0.6861063463928341,29.146946788055885,0.4006923534316717,69.25357904283305,57.239472736777074
2013-07-22 00:00:00+00:00,29.0843931969,-0.6084205402218101,29.11566999247794,-0.10386409339506922,48.30543888416683,39.27494675897082
2013-07-23 00:00:00+00:00,29.1698517469,0.2938295787072276,29.14276086968897,0.09498274265607919,57.550474429712594,54.27729352176259
2013-07-24 00:00:00+00:00,29.0986362886,-0.24414062477217113,29.120698579144488,-0.07457894105804597,47.03567235797678,44.454601085001954
2013-07-25 00:00:00+00:00,29.0843931969,-0.04894762613182335,29.10254588802224,-0.06176328359493466,44.591533595631425,49.434953195387436
2013-07-26 00:00:00+00:00,28.9419622802,-0.4897159646266247,29.02225408411112,-0.2757396241107797,25.05912848345245,37.91887071388182
2013-07-29 00:00:00+00:00,28.68558663,-0.8858267719303647,28.853920357055557,-0.5807831980205722,11.480901424619992,28.856975905820345
2013-07-30 00:00:00+00:00,28.7140728134,0.09930486612468314,28.78399658522778,-0.24073916594794453,18.812753072427327,62.38849250274762
2013-07-31 00:00:00+00:00,28.5431557133,-0.5952380953085812,28.66357614926389,-0.41798863062826286,10.778160686269985,41.63549883304501
2013-08-01 00:00:00+00:00,28.8921114593,1.222554890233818,28.777843804281943,0.40228312980277753,61.341340685252725,74.68915396645734
2013-08-02 00:00:00+00:00,28.642857355,-0.8627064333844969,28.710350579640973,-0.2302116517908597,38.166765308625294,37.827033175202814
2013-08-05 00:00:00+00:00,28.6927081759,0.1740427649453702,28.701529377770484,-0.028084443422744756,44.46145433619743,54.55416119100439
2013-08-06 00:00:00+00:00,28.7496805426,0.19856043685642089,28.725604960185244,0.08523799671683807,52.71367903581816,54.98378226011538
2013-08-07 00:00:00+00:00,28.5930065342,-0.5449591280426436,28.659305747192622,-0.22986056566290275,32.682235429635334,38.44946730778684
2013-08-08 00:00:00+00:00,28.6286142633,0.12453300095396358,28.643960005246313,-0.052663782354469585,40.40286766040306,56.22789532341219
2013-08-09 00:00:00+00:00,28.60012808,-0.0995024873995276,28.62204404262316,-0.0760831348769986,35.51503159692498,49.107960167116005
2013-08-12 00:00:00+00:00,28.3651170674,-0.8217131473769346,28.49358055501158,-0.4488981411269666,14.222533559218778,30.458372354545553
2013-08-13 00:00:00+00:00,28.2369292423,-0.4519206629586825,28.36525489865579,-0.45040940204282454,9.541940103807077,46.161768126701496
2013-08-14 00:00:00+00:00,28.1514706923,-0.3026481713598761,28.258362795477893,-0.3765287867013503,7.179265275402778,52.637597664927625
2013-08-15 00:00:00+00:00,27.8381226755,-1.1130786743788312,28.048242735488948,-0.7448037305400907,3.039676002621208,26.590529058850752
2013-08-16 00:00:00+00:00,27.8096364921,-0.10232796130705824,27.928939613794476,-0.4235658459235745,2.8180955047452385,61.87958121394851
2013-08-19 00:00:00+00:00,27.6173547545,-0.6914212548395748,27.773147184147238,-0.5574935503815747,1.6213908378776625,43.569159029029905
2013-08-20 00:00:00+00:00,27.5247746587,-0.3352243421680834,27.64896092142362,-0.446358946274829,1.2408364949021993,55.509475750237904
2013-08-21 00:00:00+00:00,27.2612774627,-0.9573091851515447,27.455119192061808,-0.7018340657131868,0.6197906792504186,35.71333714104299
2013-08-22 00:00:00+00:00,27.2826421002,0.07836990591960635,27.368880646130904,-0.31173207989679025,6.322177303393882,65.99659579500722
2013-08-23 00:00:00+00:00,27.4321945628,0.5481597495240464,27.400537604465452,0.1182138348136281,41.54214368058968,74.24993547583651
2013-08-26 00:00:00+00:00,27.1473327293,-1.038421599292283,27.273935166882726,-0.4601038822393274,20.02805678029811,33.30218573333352
2013-08-27 00:00:00+00:00,27.1686973668,0.07869884571363173,27.221316266841363,-0.19070251826284784,24.43087668464963,57.85170119003088
2013-08-28 00:00:00+00:00,27.3111282836,0.5242463960530186,27.26622227522068,0.16677193889508538,51.262881423953175,65.45786707631456
2013-08-29 00:00:00+00:00,27.1330896376,-0.6518904827044758,27.19965595641034,-0.24255927190469523,30.77468790954516,38.177570145989144
2013-08-30 00:00:00+00:00,27.1900620043,0.20997375330618073,27.19485898035517,-0.016292759299257248,41.91733607732809,57.60066831170835
2013-09-03 00:00:00+00:00,26.9906587209,-0.7333682555356602,27.092758850627586,-0.3748305074174587,22.7187982555886,37.9997997331915
2013-09-04 00:00:00+00:00,27.4464376545,1.6886543537637744,27.269598252563792,0.6569119231731578,69.93321685483996,73.16628183573185
2013-09-05 00:00:00+00:00,27.2327912794,-0.778412039439913,27.251194765981896,-0.06075005813337758,48.91907852482616,39.197159215621205
2013-09-06 00:00:00+00:00,27.3111282836,0.2876569037535859,27.281161524790946,0.11345342281010415,56.16382829596603,53.262108575626335
2013-09-09 00:00:00+00:00,27.4321945628,0.4432855279461245,27.356678043795473,0.27836947537811435,67.01033835174394,55.515410241275305
2013-09-10 00:00:00+00:00,27.510531567,0.28556593975981315,27.433604805397735,0.2819677075689637,73.39876872430597,51.72457777094326
2013-09-11 00:00:00+00:00,27.6173547545,0.38829924910697144,27.525479779948867,0.3351334783379676,80.94605775104426,54.74393651275777
2013-09-12 00:00:00+00:00,27.5746254795,-0.15471892721020675,27.550052629724433,0.09020727556388042,69.17096520865145,36.59629748190534
2013-09-13 00:00:00+00:00,27.753960973,0.6503642039792146,27.65200680136222,0.3702857397715475,83.90800936595119,63.50294359919156
2013-09-16 00:00:00+00:00,27.8759091086,0.4393900233506498,27.76395795498111,0.4048378815610987,89.18247556602665,54.42435961161119
2013-09-17 00:00:00+00:00,27.8256951704,-0.1801338137686348,27.794826562690552,0.11235203389623194,74.1675537450108,33.39501098781135
2013-09-18 00:00:00+00:00,28.3995687496,2.06238721327785,28.097197656145276,1.087369623587041,93.35277869273293,78.5005408775819
2013-09-19 00:00:00+00:00,28.1987129969,-0.7072493053361217,28.147955326522638,0.1900601591254596,67.16478214649872,34.818157517788464
2013-09-20 00:00:00+00:00,28.2632737745,0.22894937654458491,28.20561455051132,0.20950476783502225,71.07677044256067,49.1618231280249
2013-09-23 00:00:00+00:00,27.7109204546,-1.954314720605188,27.95826750255566,-0.872404976385083,28.10509928232043,27.77859407751646
2013-09-24 00:00:00+00:00,27.6391862572,-0.25886616620161007,27.79872687987783,-0.5656355712933465,25.143777408051534,52.06516303674584
2013-09-25 00:00:00+00:00,27.4957178624,-0.5190760446596943,27.647222371138916,-0.5423558079765204,19.104791164588356,48.32410481895304
2013-09-26 00:00:00+00:00,27.7898280717,1.0696582310447456,27.71852522141946,0.2636512115341126,53.46966784551744,68.83353300642011
2013-09-27 00:00:00+00:00,27.5459318006,-0.8776458439063717,27.63222851100973,-0.3069973161861296,34.98364832793605,39.79526492646164
2013-09-30 00:00:00+00:00,27.1729139741,-1.3541666667884367,27.402571242554863,-0.8305819914872832,19.509679021602956,34.45926272648885
2013-10-01 00:00:00+00:00,27.2231279123,0.1847940866697817,27.312849577427432,-0.32289395240875074,26.109207573484476,60.267826733717456
2013-10-02 00:00:00+00:00,26.8501100858,-1.3702239790434279,27.081479831613716,-0.8465589657260892,13.643879839191325,37.74213502855533
2013-10-03 00:00:00+00:00,26.6564277528,-0.7213465135937458,26.86895379220686,-0.7839527396599175,9.94564402020468,49.54561426096366
2013-10-04 00:00:00+00:00,26.6851214318,0.1076426266343411,26.77703761200343,-0.3381550565127882,15.061838645024208,62.99162017894951
2013-10-07 00:00:00+00:00,26.5775201357,-0.4032258064667227,26.677278873851712,-0.37069043148975545,11.41420936710204,50.54102974841869
2013-10-08 00:00:00+00:00,26.7425087897,0.6207827259939958,26.709893831775858,0.12504614725212015,43.105073375670315,68.97728567115159
2013-10-09 00:00:00+00:00,26.5990403949,-0.5364806867157346,26.65446711333793,-0.2057172697318072,29.39075611675612,42.26811342055324
2013-10-10 00:00:00+00:00,27.1011797767,1.8878101403097203,26.877823445018965,0.8410464352889565,73.55796603675661,73.95641126421073
2013-10-11 00:00:00+00:00,27.094006357,-0.026469031086850947,26.985914901009483,0.4072887021010528,72.58504239681412,44.81874893587798
2013-10-14 00:00:00+00:00,27.1944342333,0.3706645483754878,27.09017456715474,0.38897662523827026,78.54450264394191,50.8452713416023
2013-10-15 00:00:00+00:00,27.0150987398,-0.6594566077804398,27.05263665347737,-0.13523999127108477,49.64046888156005,35.68262551847662
2013-10-16 00:00:00+00:00,27.258995011,0.9028146576443241,27.155815832238687,0.3837873331866197,71.23481337438191,61.679280604905976
2013-10-17 00:00:00+00:00,27.6535330967,1.4473684211057325,27.404674464469345,0.9155778771461761,85.90272940276357,68.36480220957596
2013-10-18 00:00:00+00:00,27.8185217507,0.5966277561100908,27.611598107584673,0.7561028166281334,89.31910296835541,48.52572837960816
2013-10-21 00:00:00+00:00,27.8472154296,0.10314595130949122,27.729406768592334,0.4296243839688123,89.95419748979117,38.743228503864884
2013-10-22 00:00:00+00:00,28.0408977626,0.6955177744419228,27.88515226559617,0.5625710792053675,93.72937024338542,55.056999426121784
2013-10-23 00:00:00+00:00,28.0408977626,0.0,27.963025014098086,0.28128553960268377,93.72937024338542,37.4783413740715
2013-10-24 00:00:00+00:00,27.8328685902,-0.7418777179005409,27.897946802149043,-0.23029608914892857,49.11993479494421,24.806223871482516
2013-10-25 00:00:00+00:00,27.9978572442,0.5927835051040775,27.94790202317452,0.18124370797757447,67.51374698232753,60.681521238606315
2013-10-28 00:00:00+00:00,28.4139155891,1.4860363822527534,28.18090880613726,0.8336400451151639,86.27802992662842,73.41495739651914
2013-10-29 00:00:00+00:00,28.5502105641,0.47967684908687414,28.36555968511863,0.6566584471010191,89.31164289508627,47.44739119345368
2013-10-30 00:00:00+00:00,28.4210890088,-0.4522613064800396,28.393324346959314,0.10219857031048973,67.96090005690114,31.815521410496522
2013-10-31 00:00:00+00:00,28.3852219101,-0.12619888945456514,28.38927312852966,-0.012000159572037705,61.80466844479162,41.86692666156403
2013-11-01 00:00:00+00:00,28.4139155891,0.10108668197443826,28.40159435881483,0.04454326120120028,65.54950246700626,49.63064902704887
2013-11-04 00:00:00+00:00,28.3421813917,-0.25246149963055187,28.371887875257414,-0.1039591192146758,47.92800213164481,37.83941774105854
2013-11-05 00:00:00+00:00,28.3350079719,-0.02531004830170769,28.353447923578706,-0.06463458375819174,46.07026008969854,49.42034282388407
2013-11-06 00:00:00+00:00,28.7295460576,1.3924050633451923,28.54149699058935,0.6638852397935003,87.15282766984555,81.5684322287176
2013-11-07 00:00:00+00:00,28.5717308233,-0.5493133583927667,28.556613906944676,0.0572859407003668,59.81385043331013,35.37573603458694
2013-11-08 00:00:00+00:00,28.7295460576,0.5523474768679426,28.64307998227234,0.3048167087841547,72.67243118744918,56.39248230147161
2013-11-11 00:00:00+00:00,28.6004245023,-0.44943820219478514,28.62175224228617,-0.07231074670531523,52.181073541456115,39.063883270927214
2013-11-12 00:00:00+00:00,28.607597922,0.025081514784597303,28.614675082143087,-0.023614615960358964,53.27889792882664,49.983888946930996
2013-11-13 00:00:00+00:00,28.7797599958,0.6018054164121267,28.697217538971543,0.28909540022588387,74.42022581158136,62.30044441741391
2013-11-14 00:00:00+00:00,28.8443207735,0.2243270190905866,28.770769156235772,0.25671120965823524,79.61009977284645,50.17085141724065
2013-11-15 00:00:00+00:00,28.8514941932,0.024869435326024814,28.811131674717885,0.14079032249213003,80.27703113537011,43.46378859932519
2013-11-18 00:00:00+00:00,28.8156270945,-0.12431626057153311,28.813379384608943,0.008237030960298458,64.46313949627978,37.79508080717788
2013-11-19 00:00:00+00:00,28.7941068353,-0.07468259888784301,28.80374310995447,-0.033222783963772276,54.75542264841894,41.59641776110555
2013-11-20 00:00:00+00:00,28.7367194774,-0.19930244139277908,28.770231293677234,-0.11626261267827567,34.17145441389378,33.81406137700869
2013-11-21 00:00:00+00:00,29.0021360077,0.9236145778878324,28.886183650688615,0.4036759826047784,81.7547580301793,81.24383195669837
2013-11-22 00:00:00+00:00,29.0021360077,0.0,28.944159829194305,0.2018379913023892,81.75475803017929,43.11991282025872
2013-11-25 00:00:00+00:00,28.9590954893,-0.14840464988017388,28.95162765924715,0.026716670711107657,64.69281696303561,38.738647235219574
2013-11-26 00:00:00+00:00,28.8730144524,-0.29725043357037295,28.912321055823575,-0.13526688142963264,39.78428216379927,33.602129471961966
2013-11-27 00:00:00+00:00,29.0308296867,0.5465838510217758,28.971575371261785,0.20565848479607157,70.7524082025277,68.79140970668396
2013-11-29 00:00:00+00:00,29.0308296867,0.0,29.00120252898089,0.10282924239803579,70.7524082025277,45.40900734575328
2013-12-02 00:00:00+00:00,28.9513723275,-0.2736999254155048,28.976287428240447,-0.08543534150873451,44.70635054207369,36.17360443051897
2013-12-03 00:00:00+00:00,29.1464040273,0.6736526945727794,29.061345727770224,0.29410867653202244,76.52459463808921,68.95523149650798
2013-12-04 00:00:00+00:00,29.1608508199,0.049566294992908766,29.11109827383511,0.1718374857624656,77.93536153739453,45.74079268982284
2013-12-05 00:00:00+00:00,28.7707874203,-1.337626950630022,28.940942847067554,-0.5828947324337782,22.696079410283946,21.550743993176336
2013-12-06 00:00:00+00:00,29.2258613865,1.581722319768386,29.083402116783777,0.49941379366730393,65.49503237365559,70.61220208922121
2013-12-09 00:00:00+00:00,29.1825210088,-0.14829461183998305,29.132961562791888,0.17555959091366044,60.694566387086866,45.38311711631368
2013-12-10 00:00:00+00:00,28.7852342128,-1.361386138915821,28.95909788779594,-0.5929132740010803,30.229270475948464,32.986722642787754
2013-12-11 00:00:00+00:00,28.9874893089,0.702634880803088,28.973293598347972,0.054860803401003855,49.56222110965836,60.51372937311293
2013-12-12 00:00:00+00:00,28.3229368503,-2.292549215002082,28.648115224323988,-1.118844205800539,20.950601867563382,31.94809884532007
2013-12-13 00:00:00+00:00,28.3373836429,0.051007396148072814,28.492749433611994,-0.5339184048262331,22.41117820729415,56.209396041129004
2013-12-16 00:00:00+00:00,28.3662772281,0.10196278373511003,28.429513330855997,-0.21597781054556153,26.486074515432588,56.71271125712185
2013-12-17 00:00:00+00:00,28.2434794912,-0.43290043283633617,28.336496411027998,-0.32443912169094885,19.842589713275263,48.02220453898784
2013-12-18 00:00:00+00:00,28.9080319498,2.352941176412293,28.622264180414,1.0142510273606722,73.59894420891273,76.34370816191269
2013-12-19 00:00:00+00:00,28.7924576091,-0.39980010019602386,28.707360894757002,0.30722546358232417,62.64015936990802,42.23474313844903
2013-12-20 00:00:00+00:00,28.9224787423,0.45158053183660396,28.8149198185285,0.37940299770946406,70.14237933075661,52.15232437418203
2013-12-23 00:00:00+00:00,29.0091594978,0.2997002997990883,28.91203965816425,0.3395516487542762,75.1354276858562,49.86159406984968
2013-12-24 00:00:00+00:00,29.0308296867,0.07470119532986264,28.971434672432125,0.2071264220420694,76.60269003249385,45.42763931156153
2013-12-26 00:00:00+00:00,29.2475315754,0.7464543419483549,29.109483123916064,0.4767903819952122,87.58863723071052,60.97068712847859
2013-12-27 00:00:00+00:00,29.3703293123,0.4198567546920273,29.239906218108032,0.44832356834361975,91.12908925592686,50.48453159425202
2013-12-30 00:00:00+00:00,29.6809353527,1.0575504179652473,29.46042078540402,0.7529369931544335,95.73986193764009,67.07125932702625
2013-12-31 00:00:00+00:00,29.8398500711,0.5354100755640134,29.650135428252007,0.6441735343592234,96.95462537337902,47.52038506888697
2014-01-02 00:00:00+00:00,29.3703293123,-1.5734688937151575,29.510232370276004,-0.46464767967796705,42.829826959976266,17.180316767650258
2014-01-03 00:00:00+00:00,29.2258613865,-0.49188391544353616,29.368046878388,-0.4782657975607516,34.05535373556166,44.46014344886134
2014-01-06 00:00:00+00:00,29.088616857,-0.4695996045591122,29.228331867694003,-0.4739327010599319,26.35991200955954,45.019828812984215
2014-01-07 00:00:00+00:00,29.1752976125,0.29798857720229055,29.201814740097,-0.08797206192882068,39.34472350427944,63.84468525478397
2014-01-08 00:00:00+00:00,28.8502447795,-1.1141371625999597,29.026029759798497,-0.6010546122643902,19.752902662769085,32.82759694098151
2014-01-09 00:00:00+00:00,28.6985534574,-0.525788683109496,28.86229160859925,-0.5634216476869431,14.647326967281233,48.4723617495073
2014-01-10 00:00:00+00:00,28.9874893089,1.0067958718856573,28.924890458749623,0.2216871120993571,50.90418783370368,73.02270659957225
2014-01-13 00:00:00+00:00,28.5540855316,-1.4951407922276783,28.739487995174812,-0.6367268400641606,26.02763208248831,33.70221535286254
2014-01-14 00:00:00+00:00,28.6696598722,0.40475588150810093,28.704573933687406,-0.11598547927802982,38.123160638499556,58.906668909935824
2014-01-15 00:00:00+00:00,28.7202236462,0.1763668429461518,28.712398789943705,0.030190681834060984,44.1194841153588,55.12760751590579
2014-01-16 00:00:00+00:00,28.6841066648,-0.1257545270013205,28.69825272737185,-0.04778192258362976,39.96947891819414,48.90248555652475
2014-01-17 00:00:00+00:00,28.3735006244,-1.0828506671994975,28.535876675885923,-0.5653162948915637,18.057865897541863,31.82529214992573
2014-01-21 00:00:00+00:00,28.8357979869,1.6293279021850626,28.68583733139296,0.5320058036467494,63.15398481868905,72.55845362024725
2014-01-22 00:00:00+00:00,28.8213511943,-0.05010020047498953,28.75359426284648,0.24095280158587995,61.565758414948135,46.66267935330481
2014-01-23 00:00:00+00:00,28.3446070392,-1.6541353383677793,28.549100651023238,-0.7065912683909497,27.425338857514646,30.875642889826818
2014-01-24 00:00:00+00:00,28.0556711876,-1.0193679919443088,28.302385919311618,-0.8629796301676292,18.233435633855613,42.436057932874675
2014-01-27 00:00:00+00:00,27.9762138284,-0.2832131823498174,28.13929987385581,-0.5730964062587234,16.018777198676904,55.408928029720414
2014-01-28 00:00:00+00:00,28.0773413765,0.36147689147751905,28.108320625177903,-0.10580975739060217,31.826829032568153,65.59451958772814
2014-01-29 00:00:00+00:00,27.3766719364,-2.4954978133593597,27.742496280788952,-1.3006537853749809,10.765835504928672,26.04615115340252
2014-01-30 00:00:00+00:00,27.5717036362,0.7124010553696491,27.657099958494477,-0.29412636500266587,30.083285066687548,63.306873334216945
2014-01-31 00:00:00+00:00,27.3188847661,-0.9169504845832788,27.487992362297238,-0.6055384247929723,21.171484263543494,45.74649998612025
2014-02-03 00:00:00+00:00,26.8710341962,-1.639344262163056,27.179513279248617,-1.1224413434780143,11.84653523936827,38.62181011375075
2014-02-04 00:00:00+00:00,27.0732892923,0.7526881720414158,27.126401285774307,-0.18487658571829924,32.10442602221413,65.39260717448009
2014-02-05 00:00:00+00:00,27.167193444,0.3468516539905764,27.146797364887153,0.08098753413613857,41.471404480197656,58.85923827277119
2014-02-06 00:00:00+00:00,27.4705760882,1.1167242756428664,27.308686726543577,0.5988559048895025,64.92317160170938,67.96624061998946
2014-02-07 00:00:00+00:00,27.4127889179,-0.2103602418619288,27.360737822221786,0.19424783151378683,58.254092524945634,43.22544871503736
2014-02-10 00:00:00+00:00,27.8606394878,1.6337285901164345,27.610688655010893,0.9139882108151106,80.97400083326903,67.71868203612503
2014-02-11 00:00:00+00:00,27.9112032618,0.18148820317689385,27.760945958405447,0.5477382069960022,82.5796381372823,44.858311578627806
2014-02-12 00:00:00+00:00,27.8172991101,-0.33643892317792856,27.789122534252723,0.1056496419090368,66.86116119485949,37.99648690065763
2014-02-13 00:00:00+00:00,27.9184266581,0.3635419369786508,27.85377459617636,0.2345957894438438,74.6543728477756,52.67278204021873
2014-02-14 00:00:00+00:00,28.1206817542,0.7244501940488757,27.98722817518818,0.4795229917463597,85.13893605921072,59.99605003205404
2014-02-18 00:00:00+00:00,27.066065896,-3.7503210890059036,27.526647035594088,-1.6353990486297718,20.10155521675355,15.471708413279764
2014-02-19 00:00:00+00:00,26.7988002333,-0.9874566319573619,27.162723634447044,-1.3114278402935668,15.57794547009159,49.903622533827814
2014-02-20 00:00:00+00:00,26.9432681591,0.5390835580037834,27.052995896773524,-0.38617214114489173,28.60491297788709,62.54748980397756
2014-02-21 00:00:00+00:00,26.8565874036,-0.3217158177996504,26.954791650186763,-0.3539439794722711,25.116774000128512,51.54386974822587
2014-02-24 00:00:00+00:00,27.0877360849,0.8606777839131441,27.021263867543382,0.2533669022204365,49.66739753903296,64.43519399227354
2014-02-25 00:00:00+00:00,27.2827677847,0.719999999958354,27.15201582612169,0.48668345108939526,64.42769316117212,61.51453241325898
2014-02-26 00:00:00+00:00,27.3550017476,0.2647603918709107,27.253508786860845,0.375721921480153,69.41120538493755,50.42088533018131
2014-02-27 00:00:00+00:00,27.4994696734,0.5281225244764487,27.376489230130424,0.45192222297830087,78.46293058190908,57.12985888797563
2014-02-28 00:00:00+00:00,27.5933738251,0.3414762277791583,27.48493152761521,0.3966992253787296,83.28540101868037,49.945167864395586
2014-03-03 00:00:00+00:00,27.5355866548,-0.20942408371764643,27.510259091207605,0.09363757083054158,69.01967796525918,32.08219024234521
2014-03-04 00:00:00+00:00,27.6728311843,0.4984260230971982,27.591545137753805,0.2960317969638699,80.76008123290566,59.795733804208595
2014-03-05 00:00:00+00:00,27.7017247695,0.1044113809951952,27.6466349536269,0.20022158897953254,82.81647803240156,44.60042049206467
2014-03-06 00:00:00+00:00,27.7884055249,0.31290743129264165,27.71752023926345,0.2565645101360871,88.39710124019426,53.89917686555116
2014-03-07 00:00:00+00:00,27.8461926952,0.20795425001343126,27.781856467231727,0.2322593800747592,91.2415483136927,47.83647013781769
2014-03-10 00:00:00+00:00,27.9184266581,0.2594033722694622,27.85014156266586,0.2458313761721107,93.99964537210377,51.821328334515975
2014-03-11 00:00:00+00:00,28.0267776025,0.3880983184579412,27.93845958258293,0.31696484731502594,96.48802333432405,62.55435093698129
2014-03-12 00:00:00+00:00,28.0087191118,-0.06443298960773225,27.973589347191464,0.12626592885364685,87.42420622575584,28.760343755689064
2014-03-13 00:00:00+00:00,27.6446858506,-1.2997140631348492,27.80913759889573,-0.5867240671406011,22.763996462496852,8.953952249996075
2014-03-14 00:00:00+00:00,27.7902991551,0.5267316304006453,27.799718376997866,-0.0299962183699779,46.503893710622066,63.97593516320779
2014-03-17 00:00:00+00:00,27.8631058073,0.26198585266627994,27.83141209214893,0.11599481714815102,56.52582936164334,56.54591619171147
2014-03-18 00:00:00+00:00,27.9577544552,0.3396916645064252,27.894583273674463,0.2278432408272881,68.15807105348414,58.659709517870596
2014-03-19 00:00:00+00:00,27.7684571594,-0.6770833333676118,27.831520216537232,-0.22462004627016185,37.808877700956025,30.00863948373535
2014-03-20 00:00:00+00:00,27.9941577813,0.8127949659010758,27.912838998918616,0.294087459815457,65.37936689334786,66.24546974739447
2014-03-21 00:00:00+00:00,27.9868771161,-0.026007802259597756,27.94985805750931,0.1340398287779296,64.00637221336592,46.09258726755412
2014-03-24 00:00:00+00:00,27.9577544552,-0.10405827266539713,27.953806256354653,0.014990778056266238,56.8438954271169,44.215176600135514
2014-03-25 00:00:00+00:00,28.1179290901,0.572916666668144,28.035867673227326,0.2939537223622051,77.56021630879219,63.537605162734465
2014-03-26 00:00:00+00:00,28.1106484249,-0.025893319442804597,28.07325804906366,0.13403020145970027,75.10216235741561,43.531675668132635
2014-03-27 00:00:00+00:00,28.2635423945,0.5439005436266298,28.16840022178183,0.338965372543165,87.54051758493083,61.04061887423337
2014-03-28 00:00:00+00:00,28.3581910424,0.33487892840502465,28.263295632090916,0.3369221504740948,91.48879520722521,52.14401606959993
2014-03-31 00:00:00+00:00,28.147051751,-0.7445442873429964,28.205173691545458,-0.2038110684344508,44.40426343741249,24.49216335814074
2014-04-01 00:00:00+00:00,27.9650351204,-0.6466632179106702,28.08510440597273,-0.42523714317256045,26.661329888205902,29.572148130286816
2014-04-02 00:00:00+00:00,27.9067897986,-0.20827909405167766,27.995947102286365,-0.31675811861211906,22.3706957472077,51.495250783461614
2014-04-03 00:00:00+00:00,27.7174925028,-0.6783198539356716,27.856719802543182,-0.49753898627389537,12.535843278484439,34.31542070534189
2014-04-04 00:00:00+00:00,27.8267024812,0.3940110325238555,27.841711141871592,-0.051763976875019935,36.640834481230826,69.33004157716195
2014-04-07 00:00:00+00:00,28.1179290901,1.0465724751136163,27.979820115985795,0.49740424911929815,69.86332513021442,79.36902305017682
2014-04-08 00:00:00+00:00,28.3217877163,0.7250129465323107,28.1508039161429,0.6112085978258044,80.56412331012216,63.90729202780694
2014-04-09 00:00:00+00:00,28.3873137033,0.23136246785115944,28.26905880972145,0.4212855328384819,83.40511981163048,44.11667639483936
2014-04-10 00:00:00+00:00,28.3145070511,-0.2564760193971227,28.291782930410726,0.0824047567206796,67.06633093663444,30.23664941948685
2014-04-11 00:00:00+00:00,28.1252097553,-0.6685523271105276,28.208496342855362,-0.293073785194924,38.019522682713,21.618614846386794
2014-04-14 00:00:00+00:00,28.1980164075,0.25886616609598345,28.20325637517768,-0.017103809549470272,50.41040751667024,60.05427030431728
2014-04-15 00:00:00+00:00,29.2537128648,3.7438678027693184,28.72848461998884,1.863381996609924,90.72774826846401,89.38745821851225
2014-04-16 00:00:00+00:00,29.552220139,1.0204081635024842,29.14035237949442,1.441895080056204,93.10527497424609,48.037323770880306
2014-04-17 00:00:00+00:00,29.6468687869,0.32027593004795296,29.39361058319721,0.8810855050520785,93.8547089856967,40.765497810881676
2014-04-21 00:00:00+00:00,29.6687107825,0.07367387010410731,29.531160682848604,0.4773796875780929,94.0775459870131,37.746587224303724
2014-04-22 00:00:00+00:00,29.6395881216,-0.09815950923347527,29.585374402224303,0.18961008917230882,87.71612296255421,35.034779004610336
2014-04-23 00:00:00+00:00,29.6541494521,0.04912797856793105,29.619761927162152,0.11936903387011993,88.30902155691136,40.52818915780118
2014-04-24 00:00:00+00:00,29.6323074564,-0.07365578208635704,29.626034691781076,0.02285662589188145,79.65818899984137,36.652644419640175
2014-04-25 00:00:00+00:00,29.8580080783,0.7616707616579843,29.742021385040537,0.39226369377493286,91.92270568446408,67.93915504658645
2014-04-28 00:00:00+00:00,29.8725694088,0.048768593208947664,29.807295396920267,0.22051614349194026,92.36801123493575,41.622833150818174
2014-04-29 00:00:00+00:00,29.5376588085,-1.121130880028487,29.672477102710133,-0.45030736826827333,31.82904971953113,21.306938076828295
2014-04-30 00:00:00+00:00,29.6978334434,0.5422726152348512,29.685155273055067,0.04598262348328891,53.63106375047115,61.44359425931025
2014-05-01 00:00:00+00:00,29.6905527782,-0.0245158126227496,29.687854025627534,0.010733405430269655,52.486568424959444,48.73818357102914
2014-05-02 00:00:00+00:00,29.814324087,0.4168710152506083,29.751089056313766,0.213802210340439,69.23051978592454,58.71133824876082
2014-05-05 00:00:00+00:00,29.6759914477,-0.4639804642102119,29.713540252006883,-0.12508912693488644,43.51942224470757,37.10297487290406
2014-05-06 00:00:00+00:00,29.4794134867,-0.6624141314585663,29.59647686935344,-0.39375162919672635,24.290352788784627,32.99900075134979
2014-05-07 00:00:00+00:00,29.7852014261,1.0372931589631484,29.69083914772672,0.32177076488321105,62.722676989436266,72.3270115624264
2014-05-08 00:00:00+00:00,29.6541494521,-0.43999022241011376,29.67249429991336,-0.05910972876345136,47.290322889220896,40.97274297481375
2014-05-09 00:00:00+00:00,29.7560787652,0.34372698250761946,29.71428653255668,0.14230862687208407,59.046064371184244,56.11262747219653
2014-05-12 00:00:00+00:00,29.7196754391,-0.12233912400639868,29.716980985828343,0.009984751432842692,52.74421871276306,45.66470354979385
2014-05-13 00:00:00+00:00,29.9308147305,0.7104360605574289,29.823897858164173,0.3602104059951358,75.49647916911147,63.75342540172506
2014-05-14 00:00:00+00:00,29.7706400956,-0.53514959864015,29.797268976882087,-0.08746959632250709,48.77411243001543,36.49516074800246
2014-05-15 00:00:00+00:00,29.5012554824,-0.9048667154449741,29.649262229641046,-0.4961681558837406,25.766432808385815,30.658857333604537
2014-05-16 00:00:00+00:00,29.7706400956,0.9131293187190304,29.709951162620523,0.2084805814176449,56.52699905952352,68.18560323949754
2014-05-19 00:00:00+00:00,29.6395881216,-0.4402054291717139,29.674769642110263,-0.1158624238770345,43.402777394416574,42.501746104978004
2014-05-20 00:00:00+00:00,29.5449394737,-0.3193318595106298,29.60985455790513,-0.21759714169383215,34.6799352823322,45.26396606235982
2014-05-21 00:00:00+00:00,29.7560787652,0.7146377527290193,29.682966661552566,0.24852030551759358,60.94444176144092,66.13733124603958
2014-05-22 00:00:00+00:00,29.5449394737,-0.7095669196404031,29.613953067626284,-0.23052330706140475,38.015809794345806,36.99148005494351
2014-05-23 00:00:00+00:00,29.5449394737,0.0,29.57944627066314,-0.11526165353070238,38.015809794345806,52.601592740065264
2014-05-27 00:00:00+00:00,29.683272113,0.46821094158320253,29.63135919183157,0.17647464402625007,60.12860330858104,61.935549450618936
2014-05-28 00:00:00+00:00,29.5449394737,-0.46602894308075404,29.588149332765788,-0.14477714952725199,39.16857988224619,38.96788036590637
2014-05-29 00:00:00+00:00,29.6031847955,0.19714144905202957,29.595667064132893,0.026182149762388793,50.144716064068724,56.24475068928879
2014-05-30 00:00:00+00:00,29.7852014261,0.6148548943547105,29.690434245116446,0.32051852205854964,72.9897388441948,65.47787572824974
2014-06-02 00:00:00+00:00,29.7487981,-0.12221950618772626,29.719616172558222,0.09914950793541169,64.16860781759883,42.01271841842985
2014-06-03 00:00:00+00:00,29.7633594304,0.04894762588745216,29.74148780147911,0.07404856691143193,66.59117023775686,48.44809429652787
2014-06-04 00:00:00+00:00,29.6978334434,-0.22015655575853277,29.719660622439555,-0.07305399442355043,45.72414105123459,38.39853246580025
2014-06-05 00:00:00+00:00,29.7706400956,0.24515812690093508,29.745150359019778,0.08605206623869233,64.3453790171631,59.94721478966558
2014-06-06 00:00:00+00:00,29.8434467479,0.24455857202330122,29.79429855345989,0.16530531913099678,76.45981089120389,59.90671259176932
2014-06-09 00:00:00+00:00,29.7852014261,-0.19516955361096322,29.789749989779942,-0.014932117239983222,54.314410242321955,34.3642416261099
2014-06-10 00:00:00+00:00,29.9016920697,0.3911024200693225,29.84572102973997,0.18808515141466964,75.55487039873555,64.57281491095863
2014-06-11 00:00:00+00:00,29.7487981,-0.5113221330204643,29.797259564869982,-0.1616184908028973,39.44754860270654,31.305662256955912
2014-06-12 00:00:00+00:00,29.6505091195,-0.33039647574870656,29.72388434218499,-0.24600748327580194,27.00356073518724,40.52097847898496
2014-06-13 00:00:00+00:00,29.6138311023,-0.12370113798780835,29.668857722242496,-0.18485431063180513,22.950968924213143,51.63855965697597
2014-06-16 00:00:00+00:00,29.8265636021,0.718355214038735,29.747710662171247,0.26675045170346495,66.58269974561144,77.42457296828411
2014-06-17 00:00:00+00:00,30.0172892917,0.6394490902283279,29.882499976935623,0.4530997709658964,81.02966955097794,72.02650753145971
2014-06-18 00:00:00+00:00,30.4867679121,1.564027370485488,30.184633944517813,1.0085635707256921,92.69320498417557,87.42999425849038
2014-06-19 00:00:00+00:00,30.6554867913,0.5534167468537632,30.420060367908906,0.7809901587897277,94.512077963009,45.94745965985188
2014-06-20 00:00:00+00:00,30.5821307568,-0.2392916967830283,30.501095562354454,0.2708492310033497,81.31155499081747,29.486650975215934
2014-06-23 00:00:00+00:00,30.6114731706,0.09594627017111002,30.55628436647723,0.18339775058722985,82.75658957481429,42.54402474568931
2014-06-24 00:00:00+00:00,30.6995004119,0.28756290430524967,30.627892389188617,0.23548032744623976,87.20768368806905,50.416212754225114
2014-06-25 00:00:00+00:00,30.7801920498,0.2628434887126829,30.70404221949431,0.24916190807946134,90.55870891737212,49.11405880126442
2014-06-26 00:00:00+00:00,30.8315412739,0.16682554812172956,30.767791746697156,0.20799372810059547,92.44726320027517,42.6898173065234
2014-06-27 00:00:00+00:00,30.948910929,0.3806804663358143,30.85835133784858,0.2943370972182049,95.5198486612852,60.117971302835244
2014-06-30 00:00:00+00:00,31.0736161875,0.4029390849522585,30.96598376267429,0.3486380910852317,97.28206416556135,61.925654285119144
2014-07-01 00:00:00+00:00,31.0222669634,-0.1652502360528496,30.994125363037146,0.09169392751619104,78.2674366782378,22.637566722076166
2014-07-02 00:00:00+00:00,31.0222669634,0.0,31.00819616321857,0.04584696375809552,78.2674366782378,39.408047496778586
2014-07-03 00:00:00+00:00,30.9782533428,-0.14187751221381717,30.993224753009287,-0.048015274227860824,56.84090932836187,30.80736862835527
2014-07-07 00:00:00+00:00,30.9122329118,-0.2131186360619708,30.952728832404645,-0.13056695514491581,35.17467946708339,26.45811124920277
2014-07-08 00:00:00+00:00,30.7655208429,-0.4746084481137447,30.859124837652324,-0.30258770162933024,15.491514099028747,14.88688167235561
2014-07-09 00:00:00+00:00,30.7728564464,0.02384358625833194,30.81599064202616,-0.13937205768549915,18.895374064270765,62.18019862474999
2014-07-10 00:00:00+00:00,31.0002601531,0.7389749700229986,30.908125397563083,0.29980145616874976,71.76948655321965,82.77626604463336
2014-07-11 00:00:00+00:00,30.7875276532,-0.6862281117944957,30.847826525381542,-0.19321332781287298,37.481499675667074,31.498140053655476
2014-07-14 00:00:00+00:00,31.0882873944,0.9768882535416523,30.968056959890774,0.3918374628643897,68.94513542862957,67.13490799231711
2014-07-15 00:00:00+00:00,30.882890498,-0.6606890041713998,30.925473728945384,-0.13442577065350503,45.492003325126966,37.96444124700672
2014-07-16 00:00:00+00:00,30.8975617049,0.04750593828304339,30.911517716922692,-0.04345991618523082,47.40878925910935,51.605137101980766
2014-07-17 00:00:00+00:00,30.8242056705,-0.23741690396354986,30.867861693711347,-0.14043841007439034,37.514694419448446,45.55951956289876
2014-07-18 00:00:00+00:00,31.1249654117,0.9757258448604311,30.996413552705675,0.4176437173930204,72.63604429205942,68.85930530533132
2014-07-21 00:00:00+00:00,31.1029586013,-0.07070469029896165,31.04968607700284,0.17346951354702939,68.4154267461027,44.31791891812397
2014-07-22 00:00:00+00:00,30.2153505846,-2.853773584944108,30.632518330801418,-1.3401520356985395,15.151455504245018,18.299510134316765
2014-07-23 00:00:00+00:00,29.9365976538,-0.922554017764976,30.28455799230071,-1.1313530267317577,11.085762664704106,49.28847190664718
2014-07-24 00:00:00+00:00,30.0539673089,0.392060769421132,30.169262650600352,-0.3696461286553129,23.97086582784377,63.44571709008645
2014-07-25 00:00:00+00:00,30.0759741192,0.07322431036744792,30.12261838490018,-0.14821090914393248,26.94828209130593,57.596119344379645
2014-07-28 00:00:00+00:00,29.841234809,-0.7804878048826014,29.98192659695009,-0.46434935701326696,16.56740595928829,42.03163590062619
2014-07-29 00:00:00+00:00,29.5991598954,-0.8112094393861735,29.790543246175044,-0.6377793981997202,10.381366659136413,41.427335855678216
2014-07-30 00:00:00+00:00,29.063660844,-1.8091697645892357,29.427102045087523,-1.2234745813944778,4.636685205637772,24.36119933482637
2014-07-31 00:00:00+00:00,28.8215859303,-0.8329126705659884,29.124343987693763,-1.0281936259802331,3.3715787571889115,52.85809386154017
2014-08-01 00:00:00+00:00,28.8215859303,0.0,28.972964958996883,-0.5140968129901166,3.371578757188912,68.1935006115323
2014-08-04 00:00:00+00:00,28.9022775682,0.2799694579442624,28.93762126359844,-0.11706367752292707,19.78616692395437,72.67524323302213
2014-08-05 00:00:00+00:00,28.7408942925,-0.5583756343049084,28.83925777804922,-0.3377196559139177,13.106721222888806,44.5068797664084
2014-08-06 00:00:00+00:00,29.2837289473,1.88871873392491,29.06149336267461,0.7754995390054962,67.85602658517645,79.42450097640295
2014-08-07 00:00:00+00:00,28.865599551,-1.4278557114514978,28.963546456837307,-0.3261780862230008,39.26870744934314,34.847654192595314
2014-08-08 00:00:00+00:00,28.9389555854,0.25412960597057666,28.95125102111865,-0.03602424012621208,45.32981450996541,54.34158406074153
2014-08-11 00:00:00+00:00,29.0269828268,0.30418250976691485,28.989116923959326,0.1340791348203514,53.655339709981384,54.94334859818188
2014-08-12 00:00:00+00:00,29.1076744646,0.27798837475281335,29.048395694279662,0.20603375478658237,61.67942913124152,54.3807264837087
2014-08-13 00:00:00+00:00,29.2984001542,0.6552419357030992,29.17339792423983,0.4306378452448408,76.25530320249905,62.64447455500392
2014-08-14 00:00:00+00:00,29.4744546368,0.6009013518602169,29.323926280519913,0.5157695985525288,84.44665521242312,60.28497447327388
2014-08-15 00:00:00+00:00,29.9879468779,1.742160278883964,29.655936579209957,1.1289649387182465,93.8016462614958,81.83672453567087
2014-08-18 00:00:00+00:00,30.3327202397,1.1497064577438154,29.99432840945498,1.139335698231031,96.1399589182987,57.52774914003531
2014-08-19 00:00:00+00:00,30.2666998087,-0.21765417172703305,30.130514109077488,0.46084076325199896,86.74086709120627,28.36193519644678
2014-08-20 00:00:00+00:00,30.2593642053,-0.024236548571088257,30.19493915718874,0.21830210734045535,85.35016196039368,35.3197467318096
2014-08-21 00:00:00+00:00,30.3767338604,0.38787878788095753,30.28583650879437,0.30309044761070647,89.42088719951757,50.64140032383142
2014-08-22 00:00:00+00:00,30.1640013605,-0.7003139339391784,30.224918934647185,-0.19861174316423597,50.93888423083119,26.12756793722606
2014-08-25 00:00:00+00:00,30.3767338604,0.7052529183962264,30.300826397523593,0.2533205876159952,70.18504506162846,61.87956486005098
2014-08-26 00:00:00+00:00,30.5161103258,0.4588263703415807,30.408468361661797,0.35607347897878794,78.4811275699022,54.893022489140094
2014-08-27 00:00:00+00:00,30.5161103258,0.0,30.462289343730898,0.17803673948939397,78.4811275699022,41.73322677938586
2014-08-28 00:00:00+00:00,30.5381171362,0.07211538484115376,30.50020323996545,0.12507606216527387,80.41696579490866,44.85029298609614
2014-08-29 00:00:00+00:00,30.6041375672,0.21619024743910753,30.552170403582725,0.1706331548021907,86.06011241457173,52.47009297071056
2014-09-02 00:00:00+00:00,30.5454527396,-0.19175455433481092,30.548811571591365,-0.010560699766310105,62.17227446448229,33.06619357407315
2014-09-03 00:00:00+00:00,30.6481511878,0.33621517767472575,30.598481379695684,0.1628272389542078,78.11687373462681,61.037879636117694
2014-09-04 00:00:00+00:00,30.7141716188,0.2154140737411936,30.65632649924784,0.1891206563477007,84.4408991658438,53.381599104531716
2014-09-05 00:00:00+00:00,30.6921648085,-0.07165034620868482,30.674245653873918,0.05873515506950794,73.78002015338578,36.88832023080603
2014-09-08 00:00:00+00:00,30.6481511878,-0.1434034418054786,30.66119842083696,-0.04233414336798533,53.51195678735316,33.058715651966104
2014-09-09 00:00:00+00:00,30.7655208429,0.38295835328141514,30.713359631868478,0.1703121049567149,77.85057534820382,68.75337132458262
2014-09-10 00:00:00+00:00,30.9342397221,0.5484024797159703,30.823799676984237,0.3593572923363426,89.59581441540215,75.03068739145561
2014-09-11 00:00:00+00:00,30.9965923514,0.20156509376068055,30.910196014192117,0.2804611930485116,91.9593953119944,45.982082644116105
2014-09-12 00:00:00+00:00,30.6345344193,-1.1680572109199816,30.77236521674606,-0.443798008935735,30.872467835761213,13.962498969088276
2014-09-15 00:00:00+00:00,30.6640901688,0.09647853332930278,30.71822769277303,-0.1736597378032161,36.072378591378424,56.20121238592012
2014-09-16 00:00:00+00:00,30.7675352923,0.3373493977175013,30.742881492536515,0.08184482995714258,54.17097093213722,61.589135563202746
2014-09-17 00:00:00+00:00,30.7453684801,-0.0720461096067937,30.74412498631826,0.004899360175174443,49.65259194770439,46.88490235583568
2014-09-18 00:00:00+00:00,30.8783693531,0.4325883200459346,30.811247169709127,0.21874384011055453,71.24133240501763,63.151147312332746
2014-09-19 00:00:00+00:00,31.0704817253,0.6221584112916068,30.940864447504563,0.4204511257010807,85.09185066758741,68.5741578580755
2014-09-22 00:00:00+00:00,31.1960936609,0.4042806182104286,31.06847905420228,0.41236587195575464,89.87459001099347,54.696646631509346
2014-09-23 00:00:00+00:00,30.9522587271,-0.7816200850352506,31.01036889065114,-0.18462710653974798,46.46760895547186,20.62267610344795
2014-09-24 00:00:00+00:00,31.2330383479,0.9071377416284276,31.12170361927557,0.3612553175443398,70.81472009731532,65.94236125374346
2014-09-25 00:00:00+00:00,30.8709804158,-1.1592145729374614,30.996342017537785,-0.3989796276965608,37.673418172885675,32.20003463500974
2014-09-26 00:00:00+00:00,31.1813157861,1.0052656770860757,31.088828901818893,0.30314302469475746,61.08758393349805,62.41667770165723
2014-09-29 00:00:00+00:00,31.2182604731,0.11848341248148486,31.153544687459444,0.21081321858812116,63.53386887538237,48.99702966332403
2014-09-30 00:00:00+00:00,31.5212069061,0.9704142012045835,31.337375796779725,0.5906137098963523,79.43550899949503,61.0612881061743
2014-10-01 00:00:00+00:00,31.5803184052,0.18752930138774548,31.458847100989864,0.3890715056420489,81.76307132995225,46.047348826701125
2014-10-02 00:00:00+00:00,31.5212069061,-0.18717828725332009,31.49002700354493,0.1009466091943644,69.89638812175475,39.13832406091428
2014-10-03 00:00:00+00:00,31.7724307773,0.7969995309772937,31.631228890422463,0.44897307008582904,84.36367389638642,61.74944859058535
2014-10-06 00:00:00+00:00,32.2157670208,1.395348837510868,31.923497955611232,0.9221609537983485,93.11821287940586,71.42934866969917
2014-10-07 00:00:00+00:00,32.4522130172,0.7339449538710019,32.18785548640562,0.8280529538346753,95.24708168688021,50.31650098990203
2014-10-08 00:00:00+00:00,32.9177160728,1.4344262295864718,32.55278577960281,1.1312395917105735,97.51616990207246,66.19158380954745
2014-10-09 00:00:00+00:00,32.4152683303,-1.5263748596311966,32.484027054951405,-0.19756763396031152,55.00225232001675,21.875351645035593
2014-10-10 00:00:00+00:00,32.8586045737,1.367677228158537,32.6713158143257,0.5850547970991127,71.46652989542605,60.5755895253741
2014-10-13 00:00:00+00:00,32.5630470781,-0.8994827973813679,32.617181446212854,-0.15721400014112763,52.322273248166425,38.288252012681454
2014-10-14 00:00:00+00:00,32.2453227703,-0.9757204448280321,32.43125210825643,-0.5664672224845799,36.53912390083964,37.59063230424708
2014-10-15 00:00:00+00:00,31.9423763373,-0.9395050412676631,32.18681422277822,-0.7529861318761215,25.526248698286615,38.39049605510792
2014-10-16 00:00:00+00:00,31.4473175322,-1.549849641342771,31.817065877489107,-1.1514178866094462,14.680412348989218,28.995936736358388
2014-10-17 00:00:00+00:00,31.6837635287,0.751879699303104,31.750414703094552,-0.19976909365317108,34.59085649592733,70.2198802839438
2014-10-20 00:00:00+00:00,31.9867099617,0.9561567164380058,31.868562332397275,0.37819381139241737,54.84336776749152,72.35644813496391
2014-10-21 00:00:00+00:00,30.0581973029,-6.029106029063791,30.963379817648637,-2.8254561088356867,13.861337544451235,15.460865478250222
2014-10-22 00:00:00+00:00,30.0138636785,-0.14749262556646991,30.48862174807432,-1.4864743672010783,13.513138492718706,57.58474585098745
2014-10-23 00:00:00+00:00,30.1911981759,0.5908419499053963,30.33990996198716,-0.447816208647841,24.841153160327746,61.22299798724145
2014-10-24 00:00:00+00:00,30.3168101115,0.41605482123683313,30.328360036743582,-0.015880693705503934,34.02290950157801,59.41331701726627
2014-10-27 00:00:00+00:00,30.117308802,-0.6580550815414532,30.222834419371793,-0.33696788762347857,26.35311518322662,46.691347136511425
2014-10-28 00:00:00+00:00,29.9695300542,-0.49067713443966543,30.096182236785896,-0.41382251103157197,21.07443161784142,49.23231236222498
2014-10-29 00:00:00+00:00,30.2650875498,0.9861932938737494,30.180634893292947,0.28618539142108873,50.69979339190693,68.8706988120653
2014-10-30 00:00:00+00:00,30.5902007949,1.0742187497889688,30.385417844096473,0.6802020706050288,69.55539067308652,69.91128766451587
2014-10-31 00:00:00+00:00,30.9448697897,1.1594202901052286,30.665143816898237,0.9198111803551288,81.27466915528612,71.30400049322026
2014-11-03 00:00:00+00:00,30.8931472279,-0.16714422180964528,30.77914552239912,0.37633347927274174,74.9624468565123,34.26411315043168
2014-11-04 00:00:00+00:00,30.9005361653,0.02391772306489237,30.839840843849558,0.20012560116881706,75.37231473948685,40.89699692336003
2014-11-05 00:00:00+00:00,31.2625940974,1.1716881874256124,31.051217470624778,0.6859068942972147,88.82187808749129,69.04347886497747
2014-11-06 00:00:00+00:00,31.2478162227,-0.04727014864460699,31.149516846662387,0.3193183728263039,85.9481460121726,39.25943384518188
2014-11-07 00:00:00+00:00,31.2699830348,0.07093875598223054,31.209749940731193,0.1951285644042672,86.90165597577149,42.84585537945021
2014-11-10 00:00:00+00:00,31.3217055966,0.16540642744333756,31.2657277686656,0.18026749592380237,89.41546105136152,46.62379056784895
2014-11-11 00:00:00+00:00,31.4103728452,0.28308563314516366,31.3380503069328,0.23167656453448301,92.91294361517978,52.49170768213997
2014-11-12 00:00:00+00:00,31.558151593,0.4704775346930701,31.448100949966403,0.35107704961377656,96.11898426807034,62.37235916522238
2014-11-13 00:00:00+00:00,31.6172630922,0.18730976377308028,31.532682021083204,0.2691934066934284,96.94751395630617,42.38946591104774
2014-11-14 00:00:00+00:00,31.5729294678,-0.14021967768278465,31.552805744441603,0.06448686450532187,78.17288599692836,27.245071066993695
2014-11-17 00:00:00+00:00,31.7133192782,0.4446524689550202,31.6330625113208,0.254569666730171,88.63096446146635,62.82256093827318
2014-11-18 00:00:00+00:00,32.164044459,1.4212488350591412,31.898553485160402,0.8379092508946562,96.56254696195512,83.28939100828869
2014-11-19 00:00:00+00:00,32.6738811389,1.5851137146321692,32.2862173120302,1.2115114827634126,98.42586838669547,85.32301230666478
2014-11-20 00:00:00+00:00,32.6960479511,0.06784260524719254,32.4911326315651,0.6396770440053026,98.47961702013563,31.71585434272578
2014-11-21 00:00:00+00:00,32.8807713859,0.5649717515592956,32.68595200873255,0.6023243977822991,98.93441938159104,47.82624282558889
2014-11-24 00:00:00+00:00,32.7108258259,-0.5168539326692034,32.69838891731628,0.04273523255654782,70.02676460593202,27.018453534365484
2014-11-25 00:00:00+00:00,32.8290488241,0.3614185677525361,32.76371887070814,0.20207690015454197,77.03013750287936,52.2938243353156
2014-11-26 00:00:00+00:00,32.9509662911,0.37137069567030334,32.857342580904074,0.28672379791242264,83.12818344954795,52.57300670577786
2014-11-28 00:00:00+00:00,33.3527166139,1.2192368480207882,33.10502959740204,0.7529803229666054,92.70326454012498,72.86556435534075
2014-12-01 00:00:00+00:00,33.1444016317,-0.6245817532991693,33.12471561455102,0.06419928483371806,64.31456568673674,30.415093796309257
2014-12-02 00:00:00+00:00,33.1369618109,-0.022446689135235953,33.130838712725506,0.020876297849241054,63.27649693967019,45.86443140215191
2014-12-03 00:00:00+00:00,32.5864150722,-1.6614279300611767,32.85862689246275,-0.8202758161059678,22.666792718514582,24.05691850059362
2014-12-04 00:00:00+00:00,32.3632204484,-0.684931506903963,32.610923670431376,-0.7526036615049654,16.30384631420677,46.70401572598706
2014-12-05 00:00:00+00:00,32.3855399108,0.06896551730870559,32.49823179061569,-0.3418190720981299,19.68568143739668,60.384983073855565
2014-12-08 00:00:00+00:00,32.0953868999,-0.8959338386797744,32.29680934525784,-0.6188764553889521,11.010388099027027,40.45042369712418
2014-12-09 00:00:00+00:00,31.2770066127,-2.5498377375925974,31.78690797897892,-1.5843570964907747,3.843791984996223,21.87947472452744
2014-12-10 00:00:00+00:00,30.9496544978,-1.0466222645714396,31.36828123838946,-1.3154896805311072,2.7642511912435404,51.95279485925468
2014-12-11 00:00:00+00:00,30.8975757523,-0.1682692306103184,31.13292849534473,-0.7418794555707128,2.590623082685567,64.07438429146667
2014-12-12 00:00:00+00:00,30.4363068631,-1.49289670133963,30.784617679222364,-1.1173880784551713,1.4121668610362228,40.79353936306578
2014-12-15 00:00:00+00:00,30.1833529562,-0.831092642211051,30.48398531771118,-0.9742403603331111,1.0276386939931386,53.46486846074413
2014-12-16 00:00:00+00:00,30.0494361819,-0.4436775943823523,30.26671074980559,-0.7089589773577317,0.8449339756402572,60.826638240512466
2014-12-17 00:00:00+00:00,30.9124553939,2.871998019449795,30.589583071852793,1.0815195210460318,63.52775610096509,87.0753279086828
2014-12-18 00:00:00+00:00,31.5374003404,2.02166064952356,31.0634917061264,1.551590085284796,78.37614450681009,69.23009560215971
2014-12-19 00:00:00+00:00,31.2100482256,-1.037980655560422,31.136769965863202,0.2568047148621869,59.38145098231238,32.87110174435595
2014-12-22 00:00:00+00:00,31.5076410573,0.9535160905515649,31.3222055115816,0.605160402706876,69.47078685558368,55.62499392530167
2014-12-23 00:00:00+00:00,31.9689099464,1.463990554739203,31.645557728990802,1.0345754787230395,80.64724066502214,60.74141728641812
2014-12-24 00:00:00+00:00,31.946590484,-0.069816150871016,31.796074106495404,0.4823796639260117,78.55982120580835,39.9705056145048
2014-12-26 00:00:00+00:00,31.9614701256,0.04657661858298301,31.8787721160477,0.26447814125449737,79.10076313216433,42.21955079773821
2014-12-29 00:00:00+00:00,31.8870719177,-0.232774674029812,31.88292201687385,0.015851733612342683,66.51442622976859,37.20175619830782
2014-12-30 00:00:00+00:00,31.8126737098,-0.2333177787286922,31.847797863336922,-0.10873302255817476,53.69797363677883,37.188866690045245
2014-12-31 00:00:00+00:00,31.410923387,-1.2628624882800699,31.62936062516846,-0.6857977554191224,20.969519744959594,18.733027708714054
2015-01-02 00:00:00+00:00,31.3514048206,-0.18948365721918048,31.490382722884227,-0.4376407063191514,18.46814706034578,54.24424908464873
2015-01-05 00:00:00+00:00,31.3514048206,0.0,31.420893771742115,-0.2188203531595757,18.46814706034578,58.98947457709994
2015-01-06 00:00:00+00:00,31.589479086,0.7593735169518556,31.505186428871056,0.27027658189613996,60.68054002268053,74.73831161367677
2015-01-07 00:00:00+00:00,31.983789588,1.248233631604112,31.74448800843553,0.759255106750126,82.80186562439627,81.57196103276122
2015-01-08 00:00:00+00:00,32.3706602692,1.2095836240279434,32.05757413881776,0.9844193653890347,90.59175171060186,79.03640203624798
2015-01-09 00:00:00+00:00,32.0135488712,-1.1031946677336868,32.035561505008886,-0.05938765117232603,55.674737493534316,20.8537802347854
2015-01-12 00:00:00+00:00,31.7233958603,-0.9063444108223462,31.879478682654444,-0.4828660309973361,37.88051697073862,27.653297909441825
2015-01-13 00:00:00+00:00,31.7159560395,-0.023452157621339786,31.797717361077222,-0.2531590943093379,37.42051760450392,54.15225916659018
2015-01-14 00:00:00+00:00,31.6638772939,-0.16420361263944638,31.73079732748861,-0.20868135347439215,33.188752409578434,49.79113378191111
2015-01-15 00:00:00+00:00,31.5299605197,-0.42293233060816116,31.630378923594307,-0.3158068420412766,23.108858055687808,40.743699177812005
2015-01-16 00:00:00+00:00,31.6415578315,0.35394053769992606,31.63596837754715,0.019066847829324718,44.26735173336412,67.41309335426514
2015-01-20 00:00:00+00:00,32.1102665415,1.4813073126677567,31.873117459523577,0.7501870802485407,79.61199838737338,83.53932305768832
2015-01-21 00:00:00+00:00,32.2590629573,0.4633920294859317,32.066090208411794,0.6067895548672362,84.34090993937401,50.01649625940895
2015-01-22 00:00:00+00:00,32.5715354306,0.9686346863627238,32.318812819505894,0.78771212061498,90.95179421764543,61.514581609814734
2015-01-23 00:00:00+00:00,32.2218638534,-1.0735495658319327,32.27033833645295,-0.14291872260847638,53.23015330123898,25.687658118195944
2015-01-26 00:00:00+00:00,31.9912294088,-0.7157700300929881,32.13078387262647,-0.42934437635073225,37.74301970801803,35.55169670405476
2015-01-27 00:00:00+00:00,31.5374003404,-1.4186046512959627,31.83409210651324,-0.9239745138233475,20.305463182303818,25.55595808677687
2015-01-28 00:00:00+00:00,31.1877287632,-1.1087520639805781,31.51091043485662,-1.016363288901963,13.237288218204853,37.227250496633
2015-01-29 00:00:00+00:00,31.3216455375,0.4293893130750126,31.416277986178308,-0.29348698791347516,27.69580636318227,71.03782554962073
2015-01-30 00:00:00+00:00,30.6297422037,-2.209026128501501,31.023010094939153,-1.2512565582074882,12.086353798057301,29.774506346906385
2015-02-02 00:00:00+00:00,30.942214677,1.0201603109224022,30.982612385969574,-0.11554812364254297,36.377256384604756,66.015358145457
2015-02-03 00:00:00+00:00,30.9719739602,0.09617696571060375,30.97729317308479,-0.00968557896596961,38.79321177471891,54.04467833764648
2015-02-04 00:00:00+00:00,31.0091730642,0.12010569312694841,30.993233118642394,0.0552100570804894,42.861455497308796,54.36612424794149
2015-02-05 00:00:00+00:00,31.0910110929,0.26391554695950337,31.0421221057712,0.1595628020199964,53.13984424058913,57.072968412822085
2015-02-06 00:00:00+00:00,30.8380571859,-0.8135917685152649,30.9400896458356,-0.32701448324763427,28.97461161162089,34.24409648055765
2015-02-09 00:00:00+00:00,30.6743811285,-0.5307599516185979,30.8072353871678,-0.4288872174331161,20.102091800071516,43.19095864018239
2015-02-10 00:00:00+00:00,31.5448401612,2.837739509897541,31.1760377741839,1.2044261462322126,76.7925974279655,83.4410877949837
2015-02-11 00:00:00+00:00,31.5225206989,-0.07075471673321232,31.34927923654195,0.5668357147495001,74.75260798089823,43.51236161074395
2015-02-12 00:00:00+00:00,31.373724283,-0.47203209832514803,31.361501759770974,0.047401808212176044,59.06265818110546,39.591551961383004
2015-02-13 00:00:00+00:00,31.2398075087,-0.426843727866133,31.300654634235485,-0.18972095982697848,46.02211815223908,40.49722940159296
2015-02-17 00:00:00+00:00,31.1058907345,-0.4286734934672798,31.203272684367743,-0.3091972266471291,34.57223008711545,40.46038547359208
2015-02-18 00:00:00+00:00,31.0463721681,-0.19134178444852878,31.12482242623387,-0.25026950554782895,29.653826896049136,49.414422606784534
2015-02-19 00:00:00+00:00,31.3290853582,0.9106158638093165,31.226953892216933,0.33017317913074373,65.065082377655,75.29279293461214
2015-02-20 00:00:00+00:00,31.2249278672,-0.3324625976440676,31.225940879708467,-0.0011447092566619355,50.9042039016546,40.35771664798402
2015-02-23 00:00:00+00:00,31.1356500176,-0.2859185135021036,31.180795448654234,-0.14353161137938278,39.774343799481166,41.87248849849266
2015-02-24 00:00:00+00:00,31.3439649998,0.669056152938019,31.262380224227115,0.26276227077931813,65.88267359609839,67.37431292508309
2015-02-25 00:00:00+00:00,31.2844464335,-0.18988844040752628,31.27341332886356,0.036436915185895924,55.5601842953999,42.322998849006815
2015-02-26 00:00:00+00:00,31.589479086,0.9750297265076924,31.43144620743178,0.5057333208467941,79.84110316315117,67.16200847683764
2015-02-27 00:00:00+00:00,32.2144240326,1.9783325483102576,31.82293512001589,1.242032934578526,92.47552920895282,78.90083608626236
2015-03-02 00:00:00+00:00,32.1400258247,-0.23094688213178838,31.981480472357944,0.5055430262233688,83.16756481197262,36.18059398082276
2015-03-03 00:00:00+00:00,31.9540303048,-0.5787037039561294,31.967755388578972,-0.03658033886638029,60.3779296271313,32.07953150627072
2015-03-04 00:00:00+00:00,31.6192383692,-1.0477299182810929,31.793496878889485,-0.5421551285737366,34.70283316259537,26.0954421489898
2015-03-05 00:00:00+00:00,31.5448401612,-0.2352941178762613,31.669168520044742,-0.38872462322499896,30.394514453346705,50.22182510971614
2015-03-06 00:00:00+00:00,30.8901359315,-2.0754716979206056,31.279652225772374,-1.2320981605728023,11.5184596992822,23.811616978092395
2015-03-09 00:00:00+00:00,30.7934182612,-0.31310211944187705,31.036535243486185,-0.7726001400073397,10.125088623863503,56.599035520670505
2015-03-10 00:00:00+00:00,30.2726308057,-1.691229765667801,30.654583024593094,-1.2319149528375704,5.121302376498162,37.61282947233569
2015-03-11 00:00:00+00:00,29.8336813789,-1.4499877120601967,30.244132201746545,-1.3409513324488835,3.1519471122281932,42.66313800270085
2015-03-12 00:00:00+00:00,30.4288670423,1.9950124687627246,30.336499622023272,0.32703056815692055,45.655678315876294,79.02824555981087
2015-03-13 00:00:00+00:00,29.933844803,-1.6268178457379157,30.135172212511634,-0.6498936387904976,29.502487926458812,39.51043493573849
2015-03-16 00:00:00+00:00,30.2188576075,0.9521423204259971,30.177014910005816,0.15112434081774978,46.00202926658408,60.569864345177194
2015-03-17 00:00:00+00:00,30.3838650206,0.5460412013028826,30.280439965302907,0.3485827710603162,55.123195123703255,55.96748177839722
2015-03-18 00:00:00+00:00,30.4513680532,0.22216736598268394,30.36590400925145,0.2853750685215001,59.33795834910936,51.30400005242027
2015-03-19 00:00:00+00:00,30.0163485096,-1.4285714285151352,30.191126259425726,-0.5715981799968175,31.1015303608523,31.33944693626318
2015-03-20 00:00:00+00:00,30.488869738,1.5742128935132715,30.339997998712864,0.501307356758227,61.190956720712556,66.69883869430603
2015-03-23 00:00:00+00:00,30.4663687271,-0.07380073808362919,30.403183362906432,0.2137533093372989,59.339886026163605,46.840371032218975
2015-03-24 00:00:00+00:00,30.3538636727,-0.3692762186650933,30.378523517803217,-0.0777614546638972,48.366478812824376,43.36783241037598
2015-03-25 00:00:00+00:00,30.3388629988,-0.04941932289658224,30.358693258301606,-0.06359038878023972,46.64144818812727,49.452688970075734
2015-03-26 00:00:00+00:00,30.2638596292,-0.24721878866379443,30.311276443750803,-0.15540458872201707,36.79816884068321,44.97063730932798
2015-03-27 00:00:00+00:00,30.0613505313,-0.6691449814438366,30.186313487525403,-0.4122747850829268,19.840304846809996,34.86111108609654
2015-03-30 00:00:00+00:00,30.3838650206,1.072854291640013,30.2850892540627,0.3302897532785431,61.844747315597395,72.77040459661018
2015-03-31 00:00:00+00:00,30.4138663684,0.09874105147473777,30.349477811231353,0.21451540237664043,64.44448168601237,48.89973557855072
2015-04-01 00:00:00+00:00,30.5113707489,0.3205918620110326,30.430424280065676,0.26755363219383654,73.3099035394451,54.049025663868825
2015-04-02 00:00:00+00:00,30.5113707489,0.0,30.470897514482836,0.13377681609691827,73.3099035394451,44.35966353114123
2015-04-06 00:00:00+00:00,30.8788872599,1.2045231072197904,30.67489238719142,0.6691499616583543,91.4306424302251,72.32271957850121
2015-04-07 00:00:00+00:00,30.7588818685,-0.38863249957792334,30.71688712784571,0.14025873104021547,68.61392419278678,36.21426586929321
2015-04-08 00:00:00+00:00,30.668877825,-0.29261155813395945,30.692882476422852,-0.07617641354687199,53.57339548053787,38.9690240376103
2015-04-09 00:00:00+00:00,30.7888832164,0.3912937150317708,30.740882846411424,0.1575586507424494,67.72367277152779,58.23811618568506
2015-04-10 00:00:00+00:00,30.6613774881,-0.414129110834649,30.701130167255712,-0.1282852300460998,45.58195969220041,37.386337677426035
2015-04-13 00:00:00+00:00,30.5263714228,-0.4403131116741177,30.613750795027855,-0.28429917086010875,30.002721680213412,36.744781362675326
2015-04-14 00:00:00+00:00,30.3838650206,-0.46683046676673223,30.498807907813926,-0.3755648188134205,19.467624673285304,35.81125443213342
2015-04-15 00:00:00+00:00,30.301361314,-0.27153789204915624,30.400084610906966,-0.3235513554312884,14.91845546095975,49.878321949574264
2015-04-16 00:00:00+00:00,30.4513680532,0.49504950502237133,30.425726332053483,0.08574907479554147,48.03563397866629,78.1162728220063
2015-04-17 00:00:00+00:00,30.2263579444,-0.7389162562643992,30.32604213822674,-0.32658359073442883,25.608201431050073,33.09566380826129
2015-04-20 00:00:00+00:00,30.496370075,0.8933002484013297,30.41120610661337,0.28335832883345047,59.5785679660545,68.7873248168664
2015-04-21 00:00:00+00:00,30.5863741185,0.2951303492141788,30.498790112556684,0.28924433902381463,67.09211696960176,53.18915530566449
2015-04-22 00:00:00+00:00,30.9838919773,1.2996566943826338,30.74134104492834,0.7944505167032242,85.2527381983126,70.2070731215824
2015-04-23 00:00:00+00:00,30.7138798468,-0.8714596949208953,30.727610445864173,-0.03850458910883553,54.56961627885661,32.22551229761895
2015-04-24 00:00:00+00:00,30.668877825,-0.14652014667138058,30.698244135432084,-0.09251236789010805,50.06492732899083,46.6744843123339
2015-04-27 00:00:00+00:00,30.6238758033,-0.14673514289237355,30.661059969366043,-0.1196237553912408,44.54872208481238,46.67005812958878
2015-04-28 00:00:00+00:00,30.5788737815,-0.14695077164318393,30.619966875433022,-0.13328726351721237,38.23033547847914,46.66340090360155
2015-04-29 00:00:00+00:00,30.3688643467,-0.6867794945641603,30.49441561106651,-0.4100333790406864,19.184072163060783,30.386390198864
2015-04-30 00:00:00+00:00,30.4213667054,0.17288219309294917,30.457891158233256,-0.1185755929738686,31.90572508097402,62.02664901847487
2015-05-01 00:00:00+00:00,30.6838784989,0.8629191319448504,30.570884828566626,0.3721717694854909,68.77288587593364,75.45744341138271
2015-05-04 00:00:00+00:00,30.7213801837,0.12221950625095346,30.646132506133313,0.24719563786822218,72.01914573787327,48.07777507555095
2015-05-05 00:00:00+00:00,30.5638731076,-0.51269531237913,30.605002806866658,-0.13274983725545392,43.51805592125253,32.78308902758593
2015-05-06 00:00:00+00:00,30.496370075,-0.220858895606435,30.55068644093333,-0.17680436643094447,34.69215167737654,44.87420418457665
2015-05-07 00:00:00+00:00,30.5263714228,0.09837678296209518,30.538528931866665,-0.039213791734424644,42.47052647536431,57.43693154820999
2015-05-08 00:00:00+00:00,30.7363808576,0.6879606877977729,30.63745489473333,0.3243734480316741,74.43797730273782,73.90893266926506
2015-05-11 00:00:00+00:00,30.7063795098,-0.09760858943996809,30.671917202266666,0.11338242929585302,66.5175751401141,41.67475399922464
2015-05-12 00:00:00+00:00,30.5188710858,-0.6106497314024129,30.595394144033335,-0.24863365105327992,33.29999025427352,29.199406237709297
2015-05-13 00:00:00+00:00,30.7888832164,0.8847382651897329,30.692138680216665,0.31805230706822646,67.91204706218718,69.33443355342673
2015-05-14 00:00:00+00:00,31.1263983795,1.0962241167624454,30.90926852985833,0.7071382119153359,83.7362800713362,72.62627730794361
2015-05-15 00:00:00+00:00,31.1413990534,0.04819277102705577,31.025333791629166,0.3776654914711958,84.25395933189475,40.39406994792999
2015-05-18 00:00:00+00:00,30.9913923142,-0.48169556847069694,31.008363052914582,-0.05201503849975056,57.02642621675016,30.22179886598723
2015-05-19 00:00:00+00:00,30.9838919773,-0.024201355085817777,30.99612751510729,-0.03810819679278417,55.676982043241445,47.382142315184836
2015-05-20 00:00:00+00:00,31.0138933251,0.0968288548836238,31.005010420103645,0.029360329045419818,61.18760239568685,52.060556180512116
2015-05-21 00:00:00+00:00,30.9238892816,-0.2902055622508892,30.96444985085182,-0.13042261660273471,39.2359293326295,36.49547084749197
2015-05-22 00:00:00+00:00,30.9088886077,-0.048508367635780036,30.93666922927591,-0.08946549211925738,36.00650463668199,50.38953456304236
2015-05-26 00:00:00+00:00,30.7438811946,-0.5338510070494462,30.840275211937957,-0.3116582495843518,15.269419921211568,30.37323663410256
2015-05-27 00:00:00+00:00,30.8413855751,0.3171505246290174,30.840830393518978,0.0027461375223327977,43.90486187797288,65.94868775667203
2015-05-28 00:00:00+00:00,30.856386249,0.04863813223785485,30.84860832125949,0.025692134880093823,47.96323438519402,53.10630652650976
2015-05-29 00:00:00+00:00,30.7213801837,-0.43753038418222756,30.784994252479745,-0.20591912465106688,24.26431647994956,34.735541861874864
2015-06-01 00:00:00+00:00,30.7063795098,-0.048828124941979745,30.745686881139875,-0.1273736247965233,22.418158982651185,53.872177331845855
2015-06-02 00:00:00+00:00,30.7438811946,0.12212994628046925,30.744784037869938,-0.002621839258027031,39.640049675766505,61.34894670471238
2015-06-03 00:00:00+00:00,30.6538771511,-0.2927543303016922,30.69933059448497,-0.14768808477985962,22.032768058994876,38.58333188271138
2015-06-04 00:00:00+00:00,30.4438677162,-0.6850990948545133,30.571599155342483,-0.41639358981718644,8.624652181018956,25.277570157097646
2015-06-05 00:00:00+00:00,30.0763512053,-1.2071938898369106,30.32397518032124,-0.8117937398270485,3.3204270786885934,14.971710908180613
2015-06-08 00:00:00+00:00,30.121353227,0.149625934983999,30.22266420366062,-0.33108390242152475,13.13297384864534,67.16199788775613
2015-06-09 00:00:00+00:00,30.1513545748,0.09960159350712594,30.18700938923031,-0.1157411544571994,21.137197629225085,64.95702708349576
2015-06-10 00:00:00+00:00,30.2488589553,0.3233830846906427,30.217934172265156,0.10382096511672165,45.58180326664293,71.28329864603265
2015-06-11 00:00:00+00:00,30.3238623249,0.2479543764306369,30.270898248582576,0.17588767077367928,59.91737192956763,65.32112891522523
2015-06-12 00:00:00+00:00,30.2179934789,-0.34912718197201986,30.244445863741287,-0.08661975559917029,38.46373596944875,32.77318937181647
2015-06-15 00:00:00+00:00,29.938197243,-0.9259259258738273,30.091321553370644,-0.5062728407364988,15.897869243431012,19.03178262770599
2015-06-16 00:00:00+00:00,30.308738204,1.2376862841553926,30.20002987868532,0.3657067217094469,61.161462946535,75.89634755605945
2015-06-17 00:00:00+00:00,30.4524173522,0.4740518962978113,30.32622361544266,0.41987930900362913,70.42075686593972,55.32558227005515
2015-06-18 00:00:00+00:00,30.7397756486,0.9436304943431173,30.53299963202133,0.6817549016733733,82.75478401618541,64.26052573458804
2015-06-19 00:00:00+00:00,30.5507241378,-0.6150061502111503,30.541861884910666,0.03337437573111146,58.629135179588154,32.19829889435378
2015-06-22 00:00:00+00:00,30.6112206212,0.19801980184539492,30.576541253055332,0.11569708878825319,63.70770637849955,51.235527462665935
2015-06-23 00:00:00+00:00,30.5356000169,-0.24703557311801516,30.556070634977665,-0.06566924216488099,51.78773672537411,41.63630213510505
2015-06-24 00:00:00+00:00,30.3919208688,-0.4705299650914929,30.473995751888832,-0.26809960362818697,33.77652297976607,36.48701459564402
2015-06-25 00:00:00+00:00,30.2633658415,-0.422990793688105,30.368680796694417,-0.345545198658146,23.027830254459932,38.898064484291666
2015-06-26 00:00:00+00:00,30.2482417206,-0.04997501262486992,30.308461258647206,-0.19776010564150795,21.80339142520576,57.76745222400564
2015-06-29 00:00:00+00:00,29.7945180948,-1.4999999999702363,30.051489676723605,-0.8488800528058721,6.4264733818491075,20.62604538993107
2015-06-30 00:00:00+00:00,29.6659630675,-0.43147208117602087,29.858726372111803,-0.6401760669909464,4.944457582242585,53.60105313210293
2015-07-01 00:00:00+00:00,29.8701386991,0.6882487891440858,29.8644325356059,0.0240363610765697,38.64997339855698,71.9306879972047
2015-07-02 00:00:00+00:00,29.8625766387,-0.02531645559525897,29.86350458715295,-0.0006400472593446338,37.90330443382753,52.213543040135924
2015-07-06 00:00:00+00:00,29.8096422157,-0.17726006580223164,29.836573401426474,-0.08895005653078814,31.51133114735799,48.01012429486906
2015-07-07 00:00:00+00:00,30.4372932314,2.105530187710314,30.136933316413238,1.0082900655897629,82.8751103606899,81.5261285667086
2015-07-08 00:00:00+00:00,30.1423728746,-0.9689440994567589,30.139653095506617,0.019672983066502003,54.21682943263293,35.4098774059917
2015-07-09 00:00:00+00:00,30.1877452372,0.15052684401710703,30.16369916635331,0.08509991354180452,57.60033101908072,50.6550704784079
2015-07-10 00:00:00+00:00,30.5431620774,1.1773547093607561,30.353430621876655,0.6312273114512803,77.30644329631558,62.75138411087823
2015-07-13 00:00:00+00:00,30.747337709,0.6684822975518756,30.550384165438327,0.649854804501578,83.7960304634035,53.07895812629794
2015-07-14 00:00:00+00:00,31.1330027909,1.254303984136862,30.841693478169162,0.95207939431922,91.04870366363814,62.942556100809654
2015-07-15 00:00:00+00:00,31.1027545492,-0.09715812478211516,30.97222401368458,0.4274606347685524,86.4941631849607,36.43689061389494
2015-07-16 00:00:00+00:00,31.3674266643,0.8509603697040014,31.16982533899229,0.6392105022362768,91.84702641662702,55.955099877693506
2015-07-17 00:00:00+00:00,31.1934992744,-0.5544840887376723,31.181662306696147,0.042363206749302273,66.04492187561401,33.251696289401735
2015-07-20 00:00:00+00:00,31.29180606,0.31515151517700346,31.236734183348073,0.17875736096315287,72.57651896872476,51.511769465316505
2015-07-21 00:00:00+00:00,31.1481269118,-0.45915901410261695,31.192430547574034,-0.14020082656973204,51.04867158557753,37.727368295647175
2015-07-22 00:00:00+00:00,30.9288271593,-0.7040543822136591,31.060628853437017,-0.4221276043916956,30.402219911880728,33.47736412080686
2015-07-23 00:00:00+00:00,30.8834547967,-0.14669926656548649,30.97204182506851,-0.28441343547859105,27.011761670673266,51.954303015282015
2015-07-24 00:00:00+00:00,30.5809723795,-0.9794319294625042,30.776507102284256,-0.6319226824705476,12.770305613595085,32.021535716669156
2015-07-27 00:00:00+00:00,30.6565929838,0.24727992086572836,30.716550043042126,-0.19232138080240962,27.169717295059243,63.210392194019754
2015-07-28 00:00:00+00:00,30.6641550443,0.02466699578780318,30.69035254367106,-0.08382719250730322,28.929507854029712,56.19251667637357
2015-07-29 00:00:00+00:00,30.694403286,0.09864364974774276,30.692377914835532,0.007408228620219767,37.92847469134738,58.489764954754214
2015-07-30 00:00:00+00:00,30.6717171047,-0.07390983003845442,30.682047509767767,-0.033250800709117324,33.19930551393838,49.4220001831434
2015-07-31 00:00:00+00:00,31.0649442471,1.2820512821557717,30.873495878433886,0.6244002407233272,84.25198775509544,82.11152105485007
2015-08-03 00:00:00+00:00,31.4127990268,1.1197663093583943,31.143147452616944,0.8720832750408607,92.18114012649657,73.57467255531759
2015-08-04 00:00:00+00:00,31.6472229002,0.7462686569254862,31.39518517640847,0.8091759659831734,94.81842856583924,54.14212949412088
2015-08-05 00:00:00+00:00,31.8513985318,0.6451612902777404,31.623291854104238,0.7271686281304569,96.4033448552589,48.89794360055777
2015-08-06 00:00:00+00:00,31.7001573232,-0.47483380815760423,31.66172458865212,0.12616740998642634,71.95021618977675,18.739063535112123
2015-08-07 00:00:00+00:00,31.5867264167,-0.35782442763141464,31.62422550267606,-0.11582850882249415,55.97665368387841,25.901034813307483
2015-08-10 00:00:00+00:00,31.5186678729,-0.21546564497426646,31.571446687788033,-0.16564707689838032,46.654688345075925,36.16803990150929
2015-08-11 00:00:00+00:00,31.3674266643,-0.47984644912622,31.46943667604402,-0.32274676301230015,30.0008866970722,26.095580774037934
2015-08-12 00:00:00+00:00,31.2010613348,-0.5303760849765471,31.335249005422007,-0.42656142399442365,18.8805702406016,24.16616516255221
2015-08-13 00:00:00+00:00,31.0800683679,-0.387784779503797,31.207658686661006,-0.4071731017491103,13.444221797294931,42.24234043586212
2015-08-14 00:00:00+00:00,31.1934992744,0.36496350380346154,31.2005789805305,-0.021104798972824385,38.39036248674009,79.99748440694194
2015-08-17 00:00:00+00:00,31.2691198787,0.24242424241918137,31.234849429615252,0.11065972172317849,52.17418522249203,68.98603534199353
2015-08-18 00:00:00+00:00,31.2313095765,-0.12091898443792326,31.233079503057624,-0.005129631357372384,44.677472247689934,42.7897032227865
2015-08-19 00:00:00+00:00,30.8380824342,-1.2590799029313926,31.035580968628814,-0.6321047671443825,13.782938972461057,15.368451595403998
2015-08-20 00:00:00+00:00,30.6641550443,-0.5640019617663139,30.849868006464405,-0.5980533644553482,9.448234730499173,46.673399921594296
2015-08-21 00:00:00+00:00,29.8928248804,-2.515413070360728,30.371346443432202,-1.5567332174080382,3.0556102643262473,18.2481044285239
2015-08-24 00:00:00+00:00,29.0231879309,-2.9091828991718915,29.6972671871661,-2.232958058289965,1.4250312752146461,15.407820904535804
2015-08-25 00:00:00+00:00,28.7282675741,-1.0161542470874196,29.21276738063305,-1.6245561526886922,1.1207855799879693,60.14326075642798
2015-08-26 00:00:00+00:00,29.287860046,1.9478810215639353,29.250313713316523,0.16166243443762152,38.49482698946565,82.22307869047722
2015-08-27 00:00:00+00:00,29.6962113092,1.3942680091977966,29.473262511258262,0.7779652218177091,56.49443851829494,71.17613136380987
2015-08-28 00:00:00+00:00,29.8323283969,0.4583651641037134,29.652795454079133,0.6181651929607113,62.04782793457004,53.08902676457044
2015-08-31 00:00:00+00:00,29.7340216114,-0.3295310516567507,29.693408532739568,0.1443170706519803,54.50991737658405,40.19168088864353
2015-09-01 00:00:00+00:00,29.3029841668,-1.4496439473721812,29.498196349769785,-0.6526634383601004,30.3001090411204,26.47569574235861
2015-09-02 00:00:00+00:00,29.4164150733,0.3870967743569098,29.457305711534893,-0.1327833320015953,40.6969320644914,60.02807058025373
2015-09-03 00:00:00+00:00,29.6130286445,0.6683804627792833,29.535167178017446,0.267798565388844,57.26922689093935,63.82070034991994
2015-09-04 00:00:00+00:00,29.1290567769,-1.6343207356802725,29.332111977458723,-0.6832610851457143,28.186190144901243,29.476787034970826
2015-09-08 00:00:00+00:00,29.4164150733,0.9865005193985033,29.374263525379362,0.1516197171263945,50.55119915916183,63.244499002535555
2015-09-09 00:00:00+00:00,28.9626914475,-1.542416452410711,29.16847748643968,-0.6953983676421582,29.092566124767476,37.35559621230686
2015-09-10 00:00:00+00:00,29.0534361726,0.31331592667931396,29.110956829519843,-0.19104122048142214,37.10243943612203,56.81395955972939
2015-09-11 00:00:00+00:00,29.0836844144,0.10411244171015799,29.097320621959923,-0.043464389385632074,40.46504490245501,53.97870958606709
2015-09-14 00:00:00+00:00,29.0608018932,-0.07867820622021737,29.079061257579962,-0.06107129780292472,38.15064202788818,50.664955478260296
2015-09-15 00:00:00+00:00,29.3659021755,1.0498687662551687,29.22248171653998,0.49439873422612196,71.1510369073161,68.54698978645057
2015-09-16 00:00:00+00:00,29.8616901343,1.6883116882873583,29.54208592541999,1.0913552112567402,87.45999594931675,75.94559317105075
2015-09-17 00:00:00+00:00,30.0371227967,0.587484035937047,29.789604361059993,0.8394196235968936,90.35425576364995,47.218641995415894
2015-09-18 00:00:00+00:00,29.7320225143,-1.0157440326925116,29.760813437679996,-0.08816220454780899,56.39765060161154,25.854368508302976
2015-09-21 00:00:00+00:00,29.8922001626,0.5387378144993571,29.826506800139995,0.22528780497577405,66.35505308282373,55.281317736942476
2015-09-22 00:00:00+00:00,29.5870998802,-1.0206685380814706,29.706803340169998,-0.3976903665528483,40.15479608150412,34.61125121159328
2015-09-23 00:00:00+00:00,29.564217359,-0.07733952057704663,29.635510349584997,-0.23751494356494746,38.446960397423595,51.17620346987684
2015-09-24 00:00:00+00:00,29.8616901343,1.0061919505183203,29.748600241942498,0.3843385034766864,66.35269834023569,66.01132220642346
2015-09-25 00:00:00+00:00,30.2201829661,1.2005108558414301,29.984391604021248,0.7924246796590583,81.50776634930268,68.57956707281105
2015-09-28 00:00:00+00:00,30.1515354026,-0.22715800091948068,30.067963503310622,0.2826333393697888,72.17081363046012,37.419286856487126
2015-09-29 00:00:00+00:00,30.2506929943,0.3288641536027592,30.15932824880531,0.30574874648627404,77.70450964390395,50.54618904142066
2015-09-30 00:00:00+00:00,30.601558319,1.1598587998169485,30.380443283902654,0.7328037731516113,89.1527684454644,66.36343253945822
2015-10-01 00:00:00+00:00,30.3574780931,-0.7976071785483319,30.368960688501325,-0.03240170269836029,58.04958064678317,31.15502449118598
2015-10-02 00:00:00+00:00,30.8075010096,1.4824120604480795,30.58823084905066,0.7250051788748596,78.6496422166903,64.27244063785693
2015-10-05 00:00:00+00:00,31.2804064472,1.5350334240113783,30.93431864812533,1.130019301443119,87.96511732224513,64.85767462039472
2015-10-06 00:00:00+00:00,31.2422689119,-0.12192148258807212,31.088293780012663,0.5040489094275235,83.55507979929139,36.56655686793787
2015-10-07 00:00:00+00:00,31.6694093072,1.367187500064393,31.37885154360633,0.9356182047459582,91.07345954435462,60.055135533977044
2015-10-08 00:00:00+00:00,32.0202746319,1.1078998073394297,31.699563087753166,1.021759006042694,94.29000303761329,54.75920515926816
2015-10-09 00:00:00+00:00,32.0507846601,0.09528346821110478,31.875173873926585,0.5585212371268994,94.54632674919814,36.106784087306025
2015-10-12 00:00:00+00:00,32.035529646,-0.04759638262145094,31.955351759963293,0.2554624272527242,91.46684339647808,33.6787678533581
2015-10-13 00:00:00+00:00,31.768566899,-0.8333333331772552,31.861959329481646,-0.2889354529622655,49.308460102542085,21.662514232524405
2015-10-14 00:00:00+00:00,31.7914494202,0.07202881160093266,31.826704374840823,-0.10845332068066643,52.14440289540519,51.54377352316624
2015-10-15 00:00:00+00:00,31.9745095896,0.5758157389442076,31.90060698222041,0.23368120913177057,71.36694748443749,63.24561578160267
2015-10-16 00:00:00+00:00,32.0507846601,0.2385496180520308,31.975695821160205,0.2361154135919007,77.11276134548409,50.90167555211469
2015-10-19 00:00:00+00:00,32.027902139,-0.07139457377618452,32.0017989800801,0.08236041990785808,70.7260698107222,40.1102112599817
2015-10-20 00:00:00+00:00,32.2567273507,0.7144558226352293,32.12926316539005,0.3984081212715437,86.94492701916909,66.84391657769218
2015-10-21 00:00:00+00:00,32.1804522801,-0.23646252073473706,32.15485772274502,0.08097280026840331,68.08429755306518,36.925927637445454
2015-10-22 00:00:00+00:00,32.9813405213,2.4887414080729364,32.56809912202251,1.2848571041706698,92.77367299877312,78.4292477443045
2015-10-23 00:00:00+00:00,32.6381027037,-1.040703052619496,32.60310091286125,0.12207702577558688,61.960563418937596,34.42455878616384
2015-10-26 00:00:00+00:00,32.4855525625,-0.4673989250689736,32.54432673768062,-0.17266094964669337,50.72824606835253,42.31104508018734
2015-10-27 00:00:00+00:00,32.5008075766,0.04695938008336675,32.522567157140315,-0.06285078478166331,52.03258828326934,50.34735484224028
2015-10-28 00:00:00+00:00,32.5923376613,0.2816240319083452,32.55745240922016,0.10938662356334093,61.261986493366585,54.66884891910461
2015-10-29 00:00:00+00:00,32.6381027037,0.14041656930408042,32.59777755646008,0.12490159643371068,66.147194196596,50.68696111187158
2015-10-30 00:00:00+00:00,32.3024923931,-1.0282776350291623,32.45013497478004,-0.4516880192977258,27.709139114994624,26.617951532205435
2015-11-02 00:00:00+00:00,32.2185898154,-0.2597402599123444,32.334362395090025,-0.35571413960503506,22.751346555419886,50.02586167014766
2015-11-03 00:00:00+00:00,32.157569759,-0.18939393918114833,32.24596607704501,-0.2725540393930917,19.0357835052862,52.12272390787507
2015-11-04 00:00:00+00:00,32.0126471249,-0.4506641365815245,32.129306600972505,-0.36160908798730806,12.0342677251188,42.24716102626717
2015-11-05 00:00:00+00:00,32.287237379,0.8577555396423797,32.20827198998625,0.24807322582753583,56.99232008455765,76.16726230505016
2015-11-06 00:00:00+00:00,32.0050196178,-0.8740845736884051,32.10664580389313,-0.31300567393043466,31.876250425304608,35.16331787015085
2015-11-09 00:00:00+00:00,31.6846643213,-1.0009532889704298,31.895655062596568,-0.6569794814504322,18.211173167015502,33.19939056483886
2015-11-10 00:00:00+00:00,31.8600969837,0.5536831970855527,31.877876023148282,-0.05164814218243974,39.51154402584988,67.03808388991146
2015-11-11 00:00:00+00:00,32.0660396743,0.6463969356570454,31.97195784872414,0.2973743967373028,58.52937412164098,68.46699438119653
2015-11-12 00:00:00+00:00,31.7151743496,-1.0941960038214793,31.84356609916207,-0.39841080354208824,32.453617994653456,30.83017371519781
2015-11-13 00:00:00+00:00,31.5626242084,-0.4810004810896662,31.703095153781035,-0.4397056423158772,25.147049102532407,46.40015851119506
2015-11-16 00:00:00+00:00,32.0050196178,1.4016433059525601,31.85405738579052,0.4809688318183415,62.18313763036873,73.68234373462069
2015-11-17 00:00:00+00:00,31.7838219131,-0.6911344137310982,31.81893964944526,-0.10508279095637835,45.35311861433626,39.85597864444402
2015-11-18 00:00:00+00:00,32.2490998437,1.463882889452739,32.03401974657263,0.6794000492481803,70.52416243038212,64.80964842158549
2015-11-19 00:00:00+00:00,32.8821829295,1.9631031218493744,32.458101338036315,1.3212515855487774,84.80707458865444,69.24377124733739
2015-11-20 00:00:00+00:00,32.3635124495,-1.5773602412955223,32.410806893768154,-0.12805432787337245,53.15433159860228,29.585951295182618
2015-11-23 00:00:00+00:00,32.7677703237,1.2491161916704963,32.58928860873408,0.5605309318985618,67.3856745730763,58.2321408947779
2015-11-24 00:00:00+00:00,33.072870606,0.9310986963288581,32.831079607367045,0.74581481411371,75.73186412462647,54.49079716352826
2015-11-25 00:00:00+00:00,33.072870606,0.0,32.95197510668352,0.372907407056855,75.73186412462648,42.499102181682844
2015-11-27 00:00:00+00:00,33.1644006907,0.2767527675187509,33.058187898691756,0.32483008728780294,79.3064000442705,47.63682744005314
2015-11-30 00:00:00+00:00,32.7570511573,-1.228273464667884,32.90761952799588,-0.4517216886900405,39.98746535550022,27.55401593333087
2015-12-01 00:00:00+00:00,32.9645688441,0.6335053964518833,32.93609418604794,0.09089185388092141,56.47653418915809,59.35185871188842
2015-12-02 00:00:00+00:00,32.8723387611,-0.27978549768444827,32.90421647357397,-0.09444682190176343,47.73309154455854,44.862753684979886
2015-12-03 00:00:00+00:00,32.6340777133,-0.7248071076766616,32.769147093436985,-0.4096269647892125,29.834859558014905,38.06990074100604
2015-12-04 00:00:00+00:00,33.2720024542,1.9547809700778185,33.020574773818495,0.772577002644303,72.00010488967737,73.84215966307184
2015-12-07 00:00:00+00:00,33.202829892,-0.20790020767527118,33.111702332909246,0.2823383974845159,65.5891743379628,43.45458994279267
2015-12-08 00:00:00+00:00,33.0567989272,-0.43981481480643847,33.084250630054626,-0.07873820866096129,51.16312645128465,40.756739480644825
2015-12-09 00:00:00+00:00,32.7877945183,-0.8137642410338097,32.936022574177315,-0.4462512248473855,31.822924724199417,35.43567039274254
2015-12-10 00:00:00+00:00,32.8646529208,0.23441162673232263,32.900337747488656,-0.10591979905753143,41.32804653817566,58.316650336495684
2015-12-11 00:00:00+00:00,32.4880467485,-1.1459307761672588,32.69419224799432,-0.6259252876123951,20.411699815275146,34.30300562932401
2015-12-14 00:00:00+00:00,32.626391873,0.42583392461534864,32.66029206049716,-0.10004568149852322,37.766913937699144,61.43019921906155
2015-12-15 00:00:00+00:00,33.1029139687,1.460541813985694,32.88160301459858,0.6802480662435855,70.73664149523071,72.60157118867966
2015-12-16 00:00:00+00:00,33.6947236681,1.7877873227703844,33.28816334134929,1.234017694506985,85.27203946846204,75.91148267424559
2015-12-17 00:00:00+00:00,33.4257192593,-0.7983576640952728,33.35694130032465,0.2178300152058561,63.699274074892465,31.212835543860823
2015-12-18 00:00:00+00:00,32.6648210743,-2.276385375875789,33.01088118731232,-1.0292776803349666,30.722281597508875,20.7423658900698
2015-12-21 00:00:00+00:00,32.8800246013,0.6588235291737687,32.94545289430616,-0.18522707558059892,43.197734363641786,60.356612208381236
2015-12-22 00:00:00+00:00,33.2720024542,1.1921458625809622,33.108727674253075,0.5034593935001817,61.92880648419487,65.1095186714294
2015-12-23 00:00:00+00:00,33.5640643838,0.8778008777861723,33.33639602902654,0.690630135643177,72.18145498833768,58.869487151282094
2015-12-24 00:00:00+00:00,33.4641484606,-0.2976871991945851,33.400272244813266,0.19647146822429595,63.41750762104396,38.28703897202565
2015-12-28 00:00:00+00:00,33.4257192593,-0.11483693166507436,33.41299575205663,0.0408172682796108,59.266073095372896,42.94176121807888
2015-12-29 00:00:00+00:00,33.5948077449,0.5058634169942566,33.50390174847831,0.27334034263693374,71.5554927202647,58.774629590181
2015-12-30 00:00:00+00:00,33.4872059813,-0.3202928393490678,33.49555386488916,-0.023476248356067042,55.556101140131986,37.82142068188196
2015-12-31 00:00:00+00:00,33.0183697259,-1.4000459030885093,33.25696179539458,-0.7117610757222882,22.571415643206628,22.262318309030714
2016-01-04 00:00:00+00:00,32.5879626717,-1.3035381751824837,32.92246223354729,-1.007649625452386,12.418391923637579,26.3257355050328
2016-01-05 00:00:00+00:00,32.7032502755,0.3537735849320711,32.812856254523645,-0.3269380202601574,25.824208760741026,68.60194142724538
2016-01-06 00:00:00+00:00,32.5264759497,-0.5405405404992125,32.66966610211182,-0.43373928037968495,19.09999563181772,46.844222291990285
2016-01-07 00:00:00+00:00,31.988467132,-1.6540642722316257,32.32906661705591,-1.0439017763056553,8.726599591576287,29.41831498552011
2016-01-08 00:00:00+00:00,31.9039228892,-0.2642960115942117,32.11649475312795,-0.6540988939499335,7.736218535452732,58.393834427569544
2016-01-11 00:00:00+00:00,31.957723771,0.16863406417715332,32.03710926206398,-0.24273241488639008,16.754328940193247,65.09038165867926
2016-01-12 00:00:00+00:00,32.3727591447,1.2987012988597835,32.20493420338199,0.5279844419866967,60.93627925059593,78.58554325697784
2016-01-13 00:00:00+00:00,32.1652414578,-0.641025641257309,32.185087830590994,-0.056520599635306146,43.586427679656495,39.38503047900405
2016-01-14 00:00:00+00:00,32.1882989786,0.07168458794333255,32.1866934045955,0.0075819941540132,46.14217206658183,52.45601551163394
2016-01-15 00:00:00+00:00,31.896237049,-0.9073543457334465,32.041465226797754,-0.4498861757897167,24.797346114491333,36.31855436988681
2016-01-19 00:00:00+00:00,32.2190423396,1.0120481927197167,32.13025378319888,0.281081008465,57.43862585980432,66.56588682217944
2016-01-20 00:00:00+00:00,31.804006966,-1.2881679387778955,31.967130374599442,-0.5035434651564478,31.266171712112715,35.90735244991701
2016-01-21 00:00:00+00:00,31.8116928062,0.02416626372965247,31.88941159039972,-0.23968860071339765,32.125276180565905,54.027593402879894
2016-01-22 00:00:00+00:00,32.3266441031,1.6187484898623206,32.10802784674986,0.6895299445744615,69.91568678198296,69.6609317141121
2016-01-25 00:00:00+00:00,32.4035025057,0.237755587480315,32.25576517622493,0.46364276602738824,73.25005040989066,48.31646099332851
2016-01-26 00:00:00+00:00,32.3420157837,-0.18975332061459405,32.298890479962466,0.1369447227063971,64.65136950426093,42.29829752490404
2016-01-27 00:00:00+00:00,32.3497016239,0.02376425839194507,32.324296051931235,0.08035449054917108,65.41264615730913,47.223137872672076
2016-01-28 00:00:00+00:00,32.718621956,1.1404133997558574,32.52145900396562,0.6103839451525143,86.43957260300388,68.38842085387024
2016-01-29 00:00:00+00:00,32.9876263649,0.8221752409431016,32.754542684432806,0.7162795930478079,91.85526121099798,58.37988547869215
2016-02-01 00:00:00+00:00,33.0491130869,0.18639328977432257,32.90182788566641,0.4513364414110652,92.83619017300008,40.581994524330575
2016-02-02 00:00:00+00:00,32.6187060327,-1.3023255815315937,32.7602669591832,-0.42549457006026425,40.9947035918748,19.59742483212788
2016-02-03 00:00:00+00:00,32.8339095598,0.6597549482320497,32.7970882594916,0.11713018908589273,58.41224572555314,60.24126023028383
2016-02-04 00:00:00+00:00,32.687878595,-0.4447565542995524,32.7424834272458,-0.16381318260682984,44.91669779037114,42.219928167208394
2016-02-05 00:00:00+00:00,32.6187060327,-0.2116153304319468,32.680594729972896,-0.18771425651938833,38.58293182667175,47.21922255623416
2016-02-08 00:00:00+00:00,32.7801086781,0.49481621140397003,32.73035170403645,0.15355097744229085,58.87818618605973,62.11689622319685
2016-02-09 00:00:00+00:00,33.2796882945,1.524032825229038,33.00501999926823,0.8387919013356644,83.77345447640671,76.56962553008036
2016-02-10 00:00:00+00:00,32.7032502755,-1.732101616754822,32.85413513738411,-0.4466548577095788,40.908745664211104,27.244429004098393
2016-02-11 00:00:00+00:00,32.595648512,-0.32902467673254776,32.72489182469205,-0.3878397672210633,35.78226511664036,48.63248371325055
2016-02-12 00:00:00+00:00,33.1336573297,1.650554114614211,32.929274577196026,0.631357173696574,66.8957318939823,68.33347292989747
2016-02-16 00:00:00+00:00,33.325803336,0.5799118533400316,33.127538956598016,0.6056345135183028,73.71745473264565,52.117418000820386
2016-02-17 00:00:00+00:00,33.4257192593,0.29981549819706466,33.276629107949006,0.4527250058576837,77.3569388031592,47.67745723167377
2016-02-18 00:00:00+00:00,33.5179493423,0.27592550001549476,33.3972892251245,0.36432525293658924,80.99992038205495,47.16341195246148
2016-02-19 00:00:00+00:00,33.6409227864,0.36688832853148945,33.519106005762254,0.36560679073403934,85.62532609312336,50.228268409089935
2016-02-22 00:00:00+00:00,33.7715820707,0.38839387709312945,33.64534403823113,0.3770003339135844,89.64349259715013,51.23148053511311
2016-02-23 00:00:00+00:00,33.5794360643,-0.5689576697880172,33.612390051265564,-0.0959786679372164,55.4514434130216,21.83846024479483
2016-02-24 00:00:00+00:00,33.7485245499,0.5035477227080865,33.68045730058278,0.203784527385435,70.36966042908696,60.20511175479598
2016-02-25 00:00:00+00:00,33.9406705562,0.5693463902870732,33.81056392839139,0.38656545883625415,81.13690885677494,61.92503542282026
2016-02-26 00:00:00+00:00,33.1567148504,-2.309782608749289,33.48363938939569,-0.9616085749565174,25.167144850317364,16.140078504123945
2016-02-29 00:00:00+00:00,33.1490290102,-0.023180342909945306,33.31633419979785,-0.49239445893323136,24.914403330421504,55.412632365274064
2016-03-01 00:00:00+00:00,33.5794360643,1.298400185319326,33.447885132048924,0.40300286319304734,59.271667007630604,68.28785129706097
2016-03-02 00:00:00+00:00,33.6409227864,0.18310826299245964,33.54440395922446,0.2930555630927535,62.9085472067168,50.00812941452644
2016-03-03 00:00:00+00:00,33.7869537512,0.43408727438072336,33.665678855212235,0.3635714187367384,71.86027835220303,54.1509540121733
2016-03-04 00:00:00+00:00,33.902241355,0.3412192902886524,33.78396010510612,0.35239535451269544,78.11500747239866,51.76976837789184
2016-03-07 00:00:00+00:00,33.8253829524,-0.22670596257986508,33.80467152875306,0.06284469596641518,63.90957021728951,36.889608229859725
2016-03-08 00:00:00+00:00,34.0636440003,0.7043853671525158,33.93415776452653,0.38361503155946547,80.44531796968431,63.02510270698437
2016-03-09 00:00:00+00:00,34.4402501727,1.1055956679111523,34.18720396861326,0.7446053497353089,90.62718560522325,70.83241240368167
2016-03-10 00:00:00+00:00,34.7630554633,0.9372907832588373,34.475129715956626,0.8409480664970731,94.38570287886384,62.52502928717698
2016-03-11 00:00:00+00:00,35.0090023514,0.7074950254578605,34.74206603367831,0.7742215459774668,96.15007656803161,50.41537479891188
2016-03-14 00:00:00+00:00,35.0787105419,0.19911504418295145,34.91038828778916,0.48666829508020915,96.60382853924426,30.690354854527246
2016-03-15 00:00:00+00:00,35.0399837694,-0.11039964668524416,34.97518602859458,0.1881343241974825,87.96427112852246,22.61125187088463
2016-03-16 00:00:00+00:00,34.8928220338,-0.41998231668279873,34.93400403119729,-0.11592399624265812,58.263461168108826,16.20930292972337
2016-03-17 00:00:00+00:00,35.450487558,1.5982241953941045,35.19224579459865,0.7411500995757232,85.70300536792807,77.7663802985809
2016-03-18 00:00:00+00:00,35.3188165315,-0.3714223289160046,35.255531163049326,0.1848638853298593,69.51641085193047,37.46938326556327
2016-03-21 00:00:00+00:00,35.373034013,0.15350877187985112,35.31428258802467,0.16918632860485522,72.70095496020406,48.1998187398824
2016-03-22 00:00:00+00:00,35.2413629864,-0.37223560340233774,35.27782278721233,-0.10152463739874126,52.660476225793715,38.32063754631477
2016-03-23 00:00:00+00:00,35.2103815684,-0.0879120878836348,35.24410217780617,-0.09471836264118803,47.991372956217575,47.113838477937094
2016-03-24 00:00:00+00:00,35.3033258225,0.26396832399968595,35.273714000153085,0.08462498067924895,62.824141455211155,58.18136445919032
2016-03-28 00:00:00+00:00,35.4737236215,0.48266783661328194,35.373718810826546,0.28364640864626545,79.16496113702615,65.00819116565823
2016-03-29 00:00:00+00:00,36.0004077277,1.4847161572877132,35.68706326926328,0.8841812829669893,93.14171005478497,83.5097509508219
2016-03-30 00:00:00+00:00,36.0778612727,0.21514629941372654,35.882462270981634,0.5496637911903579,94.0257601037214,41.653869139212766
2016-03-31 00:00:00+00:00,35.9306995372,-0.4079003862996644,35.906580904090816,0.07088170244534675,68.76385553776541,30.42747155144154
2016-04-01 00:00:00+00:00,36.2714951353,0.948480275891006,36.08903801969541,0.5096809891681764,83.84288496904117,62.99551598106574
2016-04-04 00:00:00+00:00,36.3179672623,0.12812299803648397,36.203502640997705,0.3189019936023302,85.29490812184747,44.21716373069856
2016-04-05 00:00:00+00:00,36.0391345002,-0.7677543186439428,36.12131857059885,-0.22442616252080633,47.15498346087313,29.70989344640626
2016-04-06 00:00:00+00:00,36.1785508812,0.38684719523225386,36.14993472589943,0.08121051635572377,60.42654343447221,56.989732567222404
2016-04-07 00:00:00+00:00,35.9074634737,-0.7493042172699971,36.02869909979971,-0.33404685045713667,34.87833404570137,36.23335684441386
2016-04-08 00:00:00+00:00,36.3024765533,1.1000862811969991,36.16558782654985,0.38301971536993124,66.15500645359782,66.24817927792101
2016-04-11 00:00:00+00:00,35.9694263097,-0.9174311926378076,36.067507068124925,-0.26720573863393815,41.156179497441684,37.42342188530452
2016-04-12 00:00:00+00:00,36.1320787542,0.4521963822818664,36.09979291116247,0.09249532182396414,53.913805367706544,56.636363235202175
2016-04-13 00:00:00+00:00,35.6596121296,-1.3076098605178776,35.87970252038123,-0.6075572693469568,27.724173082379245,35.5812716918144
2016-04-14 00:00:00+00:00,35.496959685,-0.45612510873326295,35.68833110269061,-0.5318411890401098,22.164307418031363,49.26917629217378
2016-04-15 00:00:00+00:00,35.7060842566,0.5891337552730525,35.6972076796453,0.028646283116471327,43.87226420575873,63.536001857257524
2016-04-18 00:00:00+00:00,35.7990285106,0.2603036875510112,35.74811809512265,0.14447498533374126,52.67195582334041,56.09216930148981
2016-04-19 00:00:00+00:00,36.0933519817,0.8221549113067494,35.92073503841132,0.48331494832024535,72.87330629158778,66.231863833316
2016-04-20 00:00:00+00:00,34.3661379277,-4.785407725155954,35.143436483055666,-2.1510463884178543,15.318248856801393,14.859457575468284
2016-04-21 00:00:00+00:00,33.816217758,-1.600180302066334,34.47982712052783,-1.8756133452420942,11.122831851701944,48.73759291090145
2016-04-22 00:00:00+00:00,34.4978089542,2.0155748968666343,34.48881803736391,0.06998077581227002,41.10943705046211,69.44185922991369
2016-04-25 00:00:00+00:00,34.6294799807,0.3816793891890491,34.559149009031955,0.22583008250065956,46.35424910594063,54.517024977879146
2016-04-26 00:00:00+00:00,34.4900635997,-0.40259449774497913,34.524606304365975,-0.08838220762215979,40.610014006779444,47.21121911892095
2016-04-27 00:00:00+00:00,34.6062439172,0.3368515606361644,34.56542511078298,0.1242346765070023,48.575666254177065,55.62195748170158
2016-04-28 00:00:00+00:00,34.5675171447,-0.11190689342841509,34.566471127741494,0.0061638915392936075,45.522804528926926,48.57640200363957
2016-04-29 00:00:00+00:00,34.6991881713,0.38090970216004827,34.632829649520744,0.19353679684967093,58.745727716439845,57.453935242954365
2016-05-02 00:00:00+00:00,34.8386045523,0.4017857141548564,34.73571710091037,0.2976612555022637,70.22433209831392,57.915576591413334
2016-05-03 00:00:00+00:00,34.7301695893,-0.31124944409647304,34.732943345105184,-0.006794094297104675,53.014949231020076,37.223098882419876
2016-05-04 00:00:00+00:00,34.8386045523,0.3122212309421224,34.78577394870259,0.15271356832250887,65.64401750753548,57.254265435860326
2016-05-05 00:00:00+00:00,34.9005673883,0.17785682519797508,34.843170668501294,0.16528519676024198,72.07717490281235,51.900745458657745
2016-05-06 00:00:00+00:00,35.1019466054,0.5770084332999081,34.97255863695065,0.3711468150300751,85.4024534064878,66.04730287370701
2016-05-09 00:00:00+00:00,35.0399837694,-0.17652250656225998,35.00627120317533,0.09731215423390754,69.98740980705925,36.03529817453259
2016-05-10 00:00:00+00:00,35.434996849,1.1273209548257723,35.220634026087666,0.6123165545298399,88.99032704524991,70.65011163471272
2016-05-11 00:00:00+00:00,35.2103815684,-0.6338797814972486,35.21550779724383,-0.010781613483704322,57.783961466458074,33.69957688447878
2016-05-12 00:00:00+00:00,35.496959685,0.813902331740679,35.35623374112191,0.40156035912848737,74.73776497566537,59.69338141201326
2016-05-13 00:00:00+00:00,35.1251826689,-1.047348898044076,35.24070820501096,-0.3228942694577943,41.95251744851843,33.99311712573816
2016-05-16 00:00:00+00:00,35.3343072405,0.5953693495953205,35.28750772275548,0.1362375400687631,57.63353853988633,57.95690372918962
2016-05-17 00:00:00+00:00,34.6604613987,-1.9070583079881187,34.97398456072774,-0.8854103839596779,24.99629936582026,31.67778703719228
2016-05-18 00:00:00+00:00,34.4513368272,-0.6033519551122968,34.71266069396387,-0.7443811695359873,19.78154260927664,49.552976205021714
2016-05-19 00:00:00+00:00,34.3274111551,-0.3597122303891531,34.52003592453194,-0.5520466999625702,16.687074442287038,53.000013870301494
2016-05-20 00:00:00+00:00,34.0408330385,-0.8348375451477263,34.28043448151597,-0.6934421225551483,10.817332196237608,44.171222947977334
2016-05-23 00:00:00+00:00,34.0563237476,0.04550625738941605,34.16837911455798,-0.3239679325828661,13.290341977691455,61.83895788386962
2016-05-24 00:00:00+00:00,34.3661379277,0.9097111667017099,34.267258521128994,0.2928716170594219,52.6665943417151,73.96913300063993
2016-05-25 00:00:00+00:00,34.3738832822,0.022537750725115657,34.320570901664496,0.15770468389226877,53.45915486969928,49.66123482987361
2016-05-26 00:00:00+00:00,34.6139892717,0.69851284339566,34.46728008668225,0.4281087636439644,73.83296235475332,63.405605956770025
2016-05-27 00:00:00+00:00,34.6836974623,0.2013873351980111,34.57548877449113,0.3147480494209878,78.02267987034476,48.72871967596262
2016-05-31 00:00:00+00:00,34.5442810812,-0.4019651631765764,34.55988492784556,-0.0436085568777943,52.70581313507862,34.28201162815116
2016-06-01 00:00:00+00:00,34.6217346262,0.22421524656408565,34.590809777022784,0.09030334484314567,62.77222921537322,55.03491730432468
2016-06-02 00:00:00+00:00,34.6372253352,0.04474272929200218,34.61401755611139,0.06752303706757393,65.00669317317583,48.456299810710036
2016-06-03 00:00:00+00:00,34.8850766793,0.7155635063184951,34.749547117705696,0.3915432716930345,85.66150287464328,69.13896821972637
2016-06-06 00:00:00+00:00,35.1406733779,0.7326820604400819,34.945110247802845,0.5621126660665582,92.50487629838656,69.60581388372711
2016-06-07 00:00:00+00:00,35.1019466054,-0.11020498122940037,35.02352842660142,0.2259538424185789,83.45267523002761,32.87533339975857
2016-06-08 00:00:00+00:00,35.2800897589,0.5075022063665058,35.15180909275071,0.3667280243925424,90.12223662118737,57.518103550741294
2016-06-09 00:00:00+00:00,35.4427422035,0.46103183328487507,35.29727564812536,0.4138799288387087,93.63553014701107,55.230042918540505
2016-06-10 00:00:00+00:00,35.6208853571,0.5026223777414351,35.45908050261268,0.45825115329007193,95.98285475520366,57.49972195982309
2016-06-13 00:00:00+00:00,35.2181269229,-1.1306805829286448,35.33860371275634,-0.33621471481928644,42.644440202227585,14.424141310529444
2016-06-14 00:00:00+00:00,35.1556834355,-0.17730496439148924,35.247143574128174,-0.25675983960538784,37.76400798156441,48.32140512632815
2016-06-15 00:00:00+00:00,35.1322671277,-0.06660746005113793,35.18970535091408,-0.1616836498282629,35.47997831320699,51.65655978513752
2016-06-16 00:00:00+00:00,35.3664302056,0.6665185513045735,35.27806777825704,0.2524174507381553,66.17073073485643,70.54235730066077
2016-06-17 00:00:00+00:00,34.9605475372,-1.1476495253844643,35.11930765772852,-0.44761603732315447,29.583259189164465,28.792017076873634
2016-06-20 00:00:00+00:00,35.1088508199,0.42420183076994356,35.114079238814256,-0.011707103276605457,45.959879850189566,59.75114800546051
2016-06-21 00:00:00+00:00,35.2259323589,0.3334815474326014,35.17000579885713,0.16088722207799797,57.62916619664503,57.583723382094874
2016-06-22 00:00:00+00:00,35.0151855887,-0.5982716597897397,35.09259569377856,-0.21869221885587087,36.40431609504874,36.94017178003399
2016-06-23 00:00:00+00:00,35.1869051792,0.4904146232925122,35.13975043648928,0.13586120221832065,56.145294400178834,61.272967423481504
2016-06-24 00:00:00+00:00,34.2892800471,-2.551020408099458,34.71451524179464,-1.2075796029405688,16.350173905360737,23.413562739196653
2016-06-27 00:00:00+00:00,34.1721985081,-0.3414523105739531,34.44335687494733,-0.7745159567572609,14.358935004087634,54.230994754933555
2016-06-28 00:00:00+00:00,34.4844159454,0.9136592052337411,34.463886410173664,0.06957162423824009,42.412549948769176,65.9166493404404
2016-06-29 00:00:00+00:00,34.6873572796,0.5885015843716701,34.57562184488683,0.32903660430495507,56.35273218800929,59.966932624042414
2016-06-30 00:00:00+00:00,35.3820410775,2.0027002700161,34.978831461193415,1.1658684371605275,80.54011280818722,74.80383759295725
2016-07-01 00:00:00+00:00,35.2181269229,-0.4632693581497094,35.09847919204671,0.35129953950540904,67.3337016769776,37.98349074345394
2016-07-05 00:00:00+00:00,35.4600954368,0.6870567376559444,35.27928731442336,0.5191781385806767,76.03499430368925,53.871183067402264
2016-07-06 00:00:00+00:00,35.3352084619,-0.3521901826874285,35.30724788816168,0.08349397794662411,63.03569498946079,39.988399361786506
2016-07-07 00:00:00+00:00,35.1947106151,-0.3976143142087163,35.25097925163084,-0.1570601681310461,48.92165488436191,39.32398846027938
2016-07-08 00:00:00+00:00,35.4210682571,0.6431581281503229,35.33602375436542,0.24304898000963843,66.85602548221435,61.37833299288906
2016-07-11 00:00:00+00:00,35.5693715398,0.41868664610438255,35.452697647082715,0.3308678130570105,75.3587617940731,54.92021458269805
2016-07-12 00:00:00+00:00,35.5771769758,0.021944261768203077,35.51493731144136,0.1764060374126068,75.84791666764855,42.9415734881944
2016-07-13 00:00:00+00:00,35.7020639507,0.3510311540034561,35.60850063107068,0.26371859570803147,83.6415169023471,55.12066701045903
2016-07-14 00:00:00+00:00,35.663036771,-0.10931351126896027,35.635768701035346,0.0772025422195356,72.65213669023039,38.06998732178659
2016-07-15 00:00:00+00:00,35.6162041554,-0.13131976365536868,35.62598642821767,-0.027058610717916542,58.756467114547696,37.243880162197726
2016-07-18 00:00:00+00:00,35.6162041554,0.0,35.621095291808835,-0.013529305358958271,58.756467114547696,47.450806310946454
2016-07-19 00:00:00+00:00,35.6162041554,0.0,35.61864972360442,-0.006764652679479136,58.756467114547696,47.450806310946454
2016-07-20 00:00:00+00:00,35.5225389243,-0.26298487815074045,35.57059432395221,-0.1348747654151098,25.64635973519907,27.382914212143934
2016-07-21 00:00:00+00:00,35.4757063087,-0.13183915626021614,35.5231503163261,-0.13335696083766296,18.027355667905617,44.83466585600013
2016-07-22 00:00:00+00:00,35.7723128741,0.8360836083685319,35.64773159521305,0.35136332376543444,78.55384634017395,84.92993589270839
2016-07-25 00:00:00+00:00,35.5693715398,-0.5673139866976151,35.608551567506524,-0.10797533146609034,44.68859689512965,32.90924613495265
2016-07-26 00:00:00+00:00,35.0307964606,-1.5141540485115623,35.31967401405326,-0.8110646899888263,16.452953317757558,20.31594667870942
2016-07-27 00:00:00+00:00,33.8755919427,-3.2976827095532624,34.59763297837663,-2.0543736997710442,5.424918959049508,9.761530221266387
2016-07-28 00:00:00+00:00,34.070727841,0.5760368663965121,34.334180409688315,-0.7391684166872661,19.155104373932573,66.48562779852327
2016-07-29 00:00:00+00:00,34.0551169691,-0.04581901499978169,34.19464868939416,-0.3924937158435239,18.827111341564297,57.744991980898654
2016-08-01 00:00:00+00:00,33.9146191224,-0.4125601648277466,34.05463390589708,-0.40252694033563524,15.292164920665307,51.72895978220505
2016-08-02 00:00:00+00:00,33.9770626098,0.1841196776370735,34.01584825784854,-0.10920363134928088,24.715670118138895,61.514161140542626
2016-08-03 00:00:00+00:00,34.0629224051,0.2526992880050427,34.039385331474264,0.07174782832788092,38.76570946083146,62.81376278026755
2016-08-04 00:00:00+00:00,33.961451738,-0.29789184231827637,34.000418534737136,-0.11307200699519773,29.128805134194913,44.65444745478178
2016-08-05 00:00:00+00:00,33.9380354302,-0.06894966675937697,33.96922698246857,-0.09101083687728735,26.820829704074267,53.109517587668485
2016-08-08 00:00:00+00:00,33.9068136864,-0.09199632036515082,33.938020334434285,-0.09150357862121908,23.152003881373627,51.91201704624478
2016-08-09 00:00:00+00:00,33.9302299942,0.06906077349695394,33.93412516431714,-0.011221402562132568,33.40087292384902,61.10506721563304
2016-08-10 00:00:00+00:00,34.0395060973,0.32206119180058224,33.986815630808564,0.15541989461922484,65.55618330365844,73.18440540153148
2016-08-11 00:00:00+00:00,34.1487822003,0.3210272871986941,34.06779891555428,0.23822359090895948,80.02363212953564,73.0453483016876
2016-08-12 00:00:00+00:00,34.3673344064,0.6400000000529538,34.21756666097714,0.43911179548095663,91.16125541761481,85.65710773236313
2016-08-15 00:00:00+00:00,34.531248561,0.47694753588301,34.37440761098857,0.45802966568198333,94.5682348138751,63.04052948610109
2016-08-16 00:00:00+00:00,34.2112256878,-0.9267631103308416,34.29281664939428,-0.23436672232442912,44.42229712402289,14.296161972323675
2016-08-17 00:00:00+00:00,34.3907507142,0.5247547341281633,34.34178368179714,0.1451940059018671,61.56973099692739,61.031937074982466
2016-08-18 00:00:00+00:00,34.4219724579,0.0907852927069186,34.38187806984857,0.11798964930439285,64.43243284457735,49.03914959270628
2016-08-19 00:00:00+00:00,34.2814746111,-0.40816326540215053,34.33167634047429,-0.14508680804887886,42.874552161420645,36.62688872355562
2016-08-22 00:00:00+00:00,34.1409767644,-0.40983606537891015,34.23632655243715,-0.2774614367138945,28.547411425429264,36.580326357475656
2016-08-23 00:00:00+00:00,34.2268365596,0.25148605381886124,34.231581556018575,-0.01298769144751663,45.30226722751569,63.84011007568165
2016-08-24 00:00:00+00:00,34.2268365596,0.0,34.229209057809285,-0.006493845723758315,45.302267227515685,51.26965699454237
2016-08-25 00:00:00+00:00,34.0863387129,-0.41049030767230654,34.15777388535464,-0.20849207669803244,24.31231682933641,34.59256485804186
2016-08-26 00:00:00+00:00,33.8131484553,-0.8014655369736445,33.985461170327326,-0.5049788068358385,10.339584218593963,23.617080053865212
2016-08-29 00:00:00+00:00,33.9848680458,0.5078485688104539,33.98516460806366,0.0014348809873077073,41.849834476630306,70.55143896526097
2016-08-30 00:00:00+00:00,33.7507049678,-0.6890215895039797,33.86793478793183,-0.343793354258336,24.34751565415025,38.29037426687383
2016-08-31 00:00:00+00:00,33.8990082505,0.43940795560120094,33.88347151921592,0.04780730067143246,45.85833874517257,62.52489201090067
2016-09-01 00:00:00+00:00,33.8365647631,-0.18420446680496028,33.86001814115796,-0.06819858306676391,38.87678859627221,47.169142505927404
2016-09-02 00:00:00+00:00,34.0785332769,0.7151095730139501,33.96927570902898,0.32345549497359305,67.57225399349225,65.49840845902928
2016-09-06 00:00:00+00:00,34.180003944,0.29775538247351907,34.074639826514485,0.31060543872355606,74.96528697747189,52.75688821792048
2016-09-07 00:00:00+00:00,34.0629224051,-0.342543959596453,34.06878111580724,-0.015969260436448474,53.75439175145971,36.442567278274915
2016-09-08 00:00:00+00:00,34.0551169691,-0.022914757304648425,34.06194904245362,-0.01944200887054845,52.27529929237354,48.392317812829134
2016-09-09 00:00:00+00:00,32.9935776825,-3.1171212466049814,33.52776336247681,-1.568281627737765,7.904674786343461,12.973288182751542
2016-09-12 00:00:00+00:00,33.7116777881,2.176484504076326,33.619720575288405,0.3041014381692805,50.52016212866318,69.76403722585478
2016-09-13 00:00:00+00:00,33.274573376,-1.2965964341718261,33.4471469756442,-0.4962474980012728,35.515183162087375,42.48170354941309
2016-09-14 00:00:00+00:00,33.140782518,-0.4020813625111641,33.2939647468221,-0.44916443025621844,31.253321552314077,50.03112242035021
2016-09-15 00:00:00+00:00,33.3375337797,0.5936832106880452,33.315749263261054,0.07225939021591338,45.642267019291424,59.01379353089927
2016-09-16 00:00:00+00:00,33.1643926694,-0.5193578848517899,33.24007096633053,-0.22354924731793827,35.76192343583966,45.346187021943415
2016-09-19 00:00:00+00:00,33.1329124676,-0.09492168939685408,33.186491716965264,-0.15923546835739616,33.768302273370715,51.73946435875228
2016-09-20 00:00:00+00:00,33.3217936788,0.5700712588568857,33.25414269788263,0.20541789524974477,55.89620444297262,62.146085814834784
2016-09-21 00:00:00+00:00,33.4713246377,0.44874822868594677,33.36273366779132,0.32708306196784576,68.42380234669817,58.683119406779255
2016-09-22 00:00:00+00:00,33.8097368078,1.0110510228173997,33.58623523779566,0.6690670423926227,83.92470346228353,70.21979026385384
2016-09-23 00:00:00+00:00,33.6365956975,-0.512104283107162,33.61141546764783,0.07848137964273033,60.958973903049575,32.89698498240104
2016-09-26 00:00:00+00:00,33.0935622152,-1.614412728278436,33.35248884142392,-0.7679656743178528,26.65008345152342,20.860675875898863
2016-09-27 00:00:00+00:00,33.5185449405,1.2841854936511021,33.435516890961964,0.25810990966662467,55.83195453147337,67.60775279644166
2016-09-28 00:00:00+00:00,33.1722627199,-1.0331063631034754,33.303889805430984,-0.3874982267184254,37.56553962861031,39.574951932512
2016-09-29 00:00:00+00:00,33.0778221143,-0.2846975088719006,33.19085595986549,-0.336097867795163,33.131213254576245,49.68235797336283
2016-09-30 00:00:00+00:00,33.3060535779,0.6899833453706705,33.248454768882745,0.17694273878775377,53.169960197098945,62.0749821545619
2016-10-03 00:00:00+00:00,33.0778221143,-0.6852551986268551,33.16313844159137,-0.25415622991955067,36.68135953046062,40.80512508422926
2016-10-04 00:00:00+00:00,32.9282911554,-0.4520580538322605,33.04571479849568,-0.3531071418759056,28.113395580884806,45.550578254176294
2016-10-05 00:00:00+00:00,32.904681004,-0.0717017208350601,32.97519790124784,-0.21240443135548284,26.63965926600951,54.478817201825436
2016-10-06 00:00:00+00:00,32.8259804993,-0.23917723040812744,32.90058920027392,-0.22579083088180513,21.10731217178444,49.15534272044373
2016-10-07 00:00:00+00:00,32.8417206003,0.04795013206180254,32.87115490028696,-0.08892034941000129,25.73421908570256,59.36633664043825
2016-10-10 00:00:00+00:00,32.8417206003,0.0,32.85643775029348,-0.044460174705000646,25.734219085702563,56.522837295447474
2016-10-11 00:00:00+00:00,32.6921896414,-0.45530793200474484,32.77431369584674,-0.24988405335487274,11.419143257936227,33.60029947185965
2016-10-12 00:00:00+00:00,32.8810708526,0.5777563793426976,32.82769227422337,0.16393616299391245,56.87351305450648,72.10368744436835
2016-10-13 00:00:00+00:00,32.8653307517,-0.04786979405432268,32.84651151296168,0.058033184469794885,53.44539278695536,47.22664568316025
2016-10-14 00:00:00+00:00,32.7945002975,-0.21551724136029682,32.820505905230846,-0.07874202844525097,37.98901305264731,41.47489736224413
2016-10-17 00:00:00+00:00,32.7394099442,-0.16798656116191468,32.77995792471542,-0.12336429480358282,28.40513707305848,44.35688776553906
2016-10-18 00:00:00+00:00,33.0306018115,0.8894230769470157,32.90527986810771,0.38302939107171646,76.13680854432593,78.94919558243485
2016-10-19 00:00:00+00:00,33.0935622152,0.19061234203150423,32.99942104165386,0.2868208665516103,80.37928252002905,48.846339179076104
2016-10-20 00:00:00+00:00,32.9991216096,-0.2853745540775332,32.999271325626935,0.000723156237038558,57.41327508309701,35.15209882443892
2016-10-21 00:00:00+00:00,33.156522619,0.476985452104306,33.07789697231347,0.23885430417067227,75.15796832335482,61.25102042115747
2016-10-24 00:00:00+00:00,33.4949347891,1.020650367919096,33.286415880706734,0.6297523360448841,89.40081004135577,72.91258199476701
2016-10-25 00:00:00+00:00,33.4791946881,-0.04699248139787837,33.38280528440337,0.2913799273235029,85.9622994849167,38.649506654527066
2016-10-26 00:00:00+00:00,33.4004941835,-0.2350728723710116,33.39164973395168,0.028153527476245638,66.71693103746179,34.38034258508141
2016-10-27 00:00:00+00:00,33.1486525685,-0.7540056551750496,33.27015115122584,-0.36292606384940196,32.158453602262426,23.59425389462082
2016-10-28 00:00:00+00:00,33.2352231236,0.26115859436852684,33.25268713741292,-0.05088373474043756,46.45864533513056,60.21774104274438
2016-10-31 00:00:00+00:00,33.3690139816,0.40255742379835535,33.31085055950646,0.1758368445289589,64.03350142548392,63.83911581655011
2016-11-01 00:00:00+00:00,33.1486525685,-0.6603773585324157,33.22975156400323,-0.24227025700172844,35.3587488012691,31.502994229493584
2016-11-02 00:00:00+00:00,33.0935622152,-0.16619183294450668,33.161656889601616,-0.20423104497311756,30.274761789713285,49.38313611980817
2016-11-03 00:00:00+00:00,33.0778221143,-0.047562425578873135,33.119739501950804,-0.12589673527599535,28.51747811634902,53.73198063854238
2016-11-04 00:00:00+00:00,32.8102403984,-0.8089459909886854,32.9649899501754,-0.46742136313234034,11.49835731076413,29.40763569760843
2016-11-07 00:00:00+00:00,33.4162342844,1.8469656992502692,33.1906121172877,0.6897721680589645,70.76598466936805,79.04461483611045
2016-11-08 00:00:00+00:00,33.746776404,0.9891662740535434,33.46869426064385,0.839469221056254,81.11398392945449,58.959828839020766
2016-11-09 00:00:00+00:00,33.2667033255,-1.422574626840789,33.36769879307192,-0.29155270289226753,45.79731476390717,28.461065406509928
2016-11-10 00:00:00+00:00,32.2199866134,-3.1464395550660385,32.79384270323597,-1.7189961289791529,18.89361184905576,18.307494981163632
2016-11-11 00:00:00+00:00,32.2908170676,0.21983390325353014,32.542329885417985,-0.7495811128628114,23.457716420722075,60.05203644141801
2016-11-14 00:00:00+00:00,32.4009977741,0.3412137459059439,32.471663829758995,-0.20418368347843374,32.3415308273903,61.12642265360546
2016-11-15 00:00:00+00:00,32.6134891367,0.6558173426679303,32.542576483229496,0.2258168295947483,49.34821963107784,64.80634401579556
2016-11-16 00:00:00+00:00,32.4718282283,-0.43436293432519424,32.50720235576475,-0.10427305236522297,39.43564361584475,43.4344090804867
2016-11-17 00:00:00+00:00,32.3616475218,-0.33931168188421346,32.43442493878237,-0.22179236712471823,31.948553908393464,45.773198355190836
2016-11-18 00:00:00+00:00,32.196376462,-0.510700389059815,32.31540070039119,-0.36624637809226657,22.385857678960846,41.169279601798586
2016-11-21 00:00:00+00:00,32.550528733,1.0999755560008095,32.432964716695594,0.3668645889542715,60.443035985645196,75.6682773368213
2016-11-22 00:00:00+00:00,32.5583987835,0.024177949810155752,32.4956817500978,0.19552126938221362,61.07918144976933,47.66472756293608
2016-11-23 00:00:00+00:00,32.3616475218,-0.6043026348080405,32.428664635948905,-0.20439068271291344,38.10147960790902,35.9922958681091
2016-11-25 00:00:00+00:00,32.6843195909,0.9970817118709396,32.556492113424454,0.3963455145790131,67.85228040574036,66.93755653069303
2016-11-28 00:00:00+00:00,32.8574607012,0.5297375391843939,32.706976407312226,0.4630415268817035,76.81970054339573,55.245490907147236
2016-11-29 00:00:00+00:00,32.6607094395,-0.5988023952587684,32.68384292340612,-0.06788043418853246,52.06445418142586,33.83704393908477
2016-11-30 00:00:00+00:00,32.0257503253,-1.9441069257120303,32.35479662435306,-1.0059936799502813,20.337975936886664,19.98738202462209
2016-12-01 00:00:00+00:00,31.8828845246,-0.4460966542511824,32.11884057447653,-0.7260451671007319,16.8687192497769,52.476619922568204
2016-12-02 00:00:00+00:00,32.0336873142,0.4729897932655547,32.076263944338265,-0.1265276869175886,34.54669841767915,65.40463371651389
2016-12-05 00:00:00+00:00,32.2400490263,0.6442021802732789,32.15815648531913,0.25883724667784513,54.435409022562396,67.84859603663428
2016-12-06 00:00:00+00:00,32.2003640817,-0.12309207274351364,32.179260283509564,0.06787258696716575,50.048542503642025,46.00242529001262
2016-12-07 00:00:00+00:00,32.7718272845,1.7747103770319406,32.475543784004785,0.9212914819995531,81.77427063568753,75.39501583602417
2016-12-08 00:00:00+00:00,32.5257806278,-0.7507871152987788,32.500662205902394,0.08525218335038715,57.98816839244654,36.13376965986401
2016-12-09 00:00:00+00:00,33.3353534984,2.4890190334372786,32.9180078521512,1.2871356083938328,82.75099899320914,68.09941341635272
2016-12-12 00:00:00+00:00,33.2559836091,-0.23809523814953826,33.0869957306256,0.5245201851221473,76.15027974361738,41.72867328450253
2016-12-13 00:00:00+00:00,33.1448657642,-0.33412887799714186,33.115930747412804,0.0951956535625027,65.22459422052162,40.892240273440706
2016-12-14 00:00:00+00:00,32.7083313731,-1.3170498085754878,32.9121310602564,-0.6109270775064926,35.342897361898196,31.269411675340297
2016-12-15 00:00:00+00:00,32.9781889967,0.8250424655472655,32.9451600284782,0.10705769402038645,54.62075043757298,61.152900346092714
2016-12-16 00:00:00+00:00,33.1289917863,0.4572803849692608,33.037075907389095,0.28216903949482364,63.69439976015718,54.995104340641696
2016-12-19 00:00:00+00:00,33.0734328638,-0.16770483949039017,33.05525438559455,0.057232100002216735,57.356530814765186,43.76200682483432
2016-12-20 00:00:00+00:00,33.0654958749,-0.023998080068332595,33.06037513024728,0.01661700996694207,56.15908668568142,47.463168693013124
2016-12-21 00:00:00+00:00,32.9940629745,-0.21603456567009793,33.02721905237364,-0.09970877785157793,43.811229557542966,41.931608990121305
2016-12-22 00:00:00+00:00,32.9781889967,-0.04811161878507386,33.00270402453682,-0.0739101983183259,40.81952790962585,49.631236592038796
2016-12-23 00:00:00+00:00,33.0178739413,0.1203369433172119,33.01028898291841,0.023213372499442997,52.884535175233246,58.009105724765305
2016-12-27 00:00:00+00:00,33.0258109302,0.02403846145306865,33.01804995655921,0.023625916976255823,55.60005423725788,50.76798772587694
2016-12-28 00:00:00+00:00,32.8511971738,-0.5287190578576406,32.934623565179606,-0.2525465704406924,19.159427293303654,24.469200789777755
2016-12-29 00:00:00+00:00,33.0178739413,0.5073689297172113,32.9762487532398,0.12741117963825943,58.295694070207674,69.25219483614276
2016-12-30 00:00:00+00:00,32.9067560963,-0.33653846155433653,32.9415024247699,-0.10456364095803855,39.27972528076213,40.160168070264
2017-01-03 00:00:00+00:00,33.1766137199,0.8200675350990894,33.05905807233495,0.3577519470705254,72.25223922543528,67.8905280667544
2017-01-04 00:00:00+00:00,33.0575588859,-0.3588516748729731,33.05830847911747,-0.0005498639012238571,53.15191141044066,39.73634523465215
2017-01-05 00:00:00+00:00,33.1369287752,0.24009603847019445,33.09761862715874,0.1197730872844853,62.94708059132688,54.20803251936709
2017-01-06 00:00:00+00:00,33.1289917863,-0.023952095723300815,33.113305206729365,0.04791049578059224,61.032932391933365,46.77947489930605
2017-01-09 00:00:00+00:00,32.7956382513,-1.0062290369423632,32.954471729014685,-0.4791592705808855,20.9321021969368,26.508672599465633
2017-01-10 00:00:00+00:00,32.5734025613,-0.677637947757237,32.76393714515734,-0.5783986091690612,12.632255989769666,39.63427161695778
2017-01-11 00:00:00+00:00,32.5813395502,0.024366471648340493,32.67263834767867,-0.27701606876036033,14.44949889749251,61.60785034378426
2017-01-12 00:00:00+00:00,32.501969661,-0.24360535906668979,32.58730400433933,-0.26031071391352506,11.013346456610826,50.98191742077462
2017-01-13 00:00:00+00:00,32.4464107385,-0.17094017094805292,32.51685737141966,-0.215625442430789,8.812831184996321,54.195349372264445
2017-01-17 00:00:00+00:00,32.716268362,0.8317025438496328,32.61656286670983,0.30803855070942193,62.867408787004734,80.5651034900951
2017-01-18 00:00:00+00:00,32.7718272845,0.16982047550548884,32.69419507560491,0.2389295131074554,68.61327075992287,51.313322506976654
2017-01-19 00:00:00+00:00,32.6527724506,-0.36328408808717905,32.67348376310245,-0.06217728748986183,45.82235358575408,35.66743342701686
2017-01-20 00:00:00+00:00,32.7956382513,0.43753038403138156,32.73456100720122,0.18767654827075986,66.094400812949,61.86656194669103
2017-01-23 00:00:00+00:00,32.8829451295,0.26621490800393666,32.80875306835061,0.22694572813734826,74.75375801013664,54.716202724717036
2017-01-24 00:00:00+00:00,33.2559836091,1.1344436397983548,33.032368338725306,0.6806946839678516,90.42562991533998,75.89516967509141
2017-01-25 00:00:00+00:00,33.4305973656,0.5250596661114049,33.23148285216266,0.6028771750396282,93.33192958292628,50.854750410044474
2017-01-26 00:00:00+00:00,33.1845507088,-0.7359924027357634,33.20801678048133,-0.06655761384806758,56.854445234236614,25.124086576249177
2017-01-27 00:00:00+00:00,32.8988191074,-0.8610380291339315,33.053417943940666,-0.4637978214909995,33.825598461477675,23.365659909022497
2017-01-30 00:00:00+00:00,32.8432601849,-0.16887816647348508,32.94833906442033,-0.31633799398224227,30.25168426732549,51.53150059161913
2017-01-31 00:00:00+00:00,32.9940629745,0.4591590139073176,32.97120101946017,0.07141050996253767,51.23093189388212,67.69261503429513
2017-02-01 00:00:00+00:00,32.7480163177,-0.7457300938964684,32.85960866858008,-0.3371597919669653,29.508666352883786,34.54509252923724
2017-02-02 00:00:00+00:00,32.8591341627,0.33931168203291673,32.85937141564004,0.0010759450329757003,45.23798423445117,60.60386809944272
2017-02-03 00:00:00+00:00,32.9702520077,0.3381642512240379,32.91481171167002,0.1696200981285068,58.97077338368632,60.56562005228232
2017-02-06 00:00:00+00:00,32.9861259856,0.04814636508174708,32.95046884863501,0.10888323160512695,61.06312029260317,48.87179162654979
2017-02-07 00:00:00+00:00,33.2559836091,0.8180943212846792,33.103226228867506,0.46348877644490305,83.07394439932554,71.09571200062598
2017-02-08 00:00:00+00:00,33.3512274763,0.28639618156995894,33.227226852583755,0.374942479007431,86.97268030178711,49.0230239994084
2017-02-09 00:00:00+00:00,32.7400793288,-1.8324607330698406,32.983653090691874,-0.7287591270312048,27.03520441467289,17.165910860918924
2017-02-10 00:00:00+00:00,32.2083010706,-1.6242424242760345,32.59597708064594,-1.1765007756536197,14.232959276105802,24.4068866703533
2017-02-13 00:00:00+00:00,32.2400490263,0.09857072445518256,32.41801305347297,-0.5389650255992186,17.72208182263643,63.74295385068423
2017-02-14 00:00:00+00:00,32.168616126,-0.2215657310003616,32.29331458973648,-0.38026537829979007,15.582596117818358,55.66860909868848
2017-02-15 00:00:00+00:00,32.0971832256,-0.2220577351547015,32.195248907668244,-0.30116155672724576,13.193442662599102,55.65235796846087
2017-02-16 00:00:00+00:00,32.7003943842,1.8793273987945947,32.44782164593413,0.7890829210336745,70.4948101309654,84.5492447861721
2017-02-17 00:00:00+00:00,32.724205351,0.07281553402764818,32.58601349846707,0.43094922753066134,71.60464576817132,45.94451017910505
2017-02-21 00:00:00+00:00,32.9067560963,0.5578462283253538,32.746384797383534,0.49439772792800757,80.17875513689158,54.34065922057589
2017-02-22 00:00:00+00:00,33.0178739413,0.33767486735800656,32.88212936934177,0.4160362976430071,84.46242833999553,49.14324830077458
2017-02-23 00:00:00+00:00,33.0654958749,0.14423076932410517,32.97381262212089,0.28013353348355613,86.35776133068559,43.642096004952435
2017-02-24 00:00:00+00:00,33.160739742,0.2880460872576762,33.06727618206044,0.2840898103706162,90.01264845291206,49.89666470042095
2017-02-27 00:00:00+00:00,33.0734328638,-0.26328386784875146,33.07035452293022,0.01040297126093237,65.78065196550526,30.458677843140144
2017-02-28 00:00:00+00:00,33.3036055427,0.6959443244004104,33.18698003281511,0.3531736478306714,83.42559332980024,65.51681131844995
2017-03-01 00:00:00+00:00,33.4623453213,0.4766444233687439,33.32466267705755,0.41490903559970765,89.19123649267384,55.85960580574458
2017-03-02 00:00:00+00:00,33.7083919781,0.7352941177239725,33.51652732757878,0.57510157666184,94.02429391766255,64.98943468488832
2017-03-03 00:00:00+00:00,33.716328967,0.02354603240983799,33.61642814728939,0.299323804535839,94.1508457902251,35.0583111833714
2017-03-06 00:00:00+00:00,33.4782192991,-0.7062146894255772,33.547323723194694,-0.2034454424448691,48.208374595211374,20.522173054127528
2017-03-07 00:00:00+00:00,33.3274165095,-0.4504504503441531,33.437370116347346,-0.3269479463945111,32.93893053317793,34.74598183251899
2017-03-08 00:00:00+00:00,33.3274165095,0.0,33.38239331292367,-0.16347397319725554,32.93893053317793,55.69360651570446
2017-03-09 00:00:00+00:00,33.3591644652,0.0952607763369695,33.37077888906184,-0.03410659843014302,41.687749808145405,59.78844471114487
2017-03-10 00:00:00+00:00,33.5655261773,0.6186057576929693,33.46815253318092,0.2922495796314132,74.33428028512404,77.1734727685094
2017-03-13 00:00:00+00:00,33.6528330556,0.2601087730274898,33.560492794390456,0.2761791763294515,81.0626178549646,53.43551977294645
2017-03-14 00:00:00+00:00,33.6047918949,-0.14275517493764767,33.58264234464523,0.06671200069590191,66.64268871200233,35.189933460354084
2017-03-15 00:00:00+00:00,33.7248947966,0.35739814153772365,33.65376857062262,0.21205507111681277,79.99049903511767,60.38173569048429
2017-03-16 00:00:00+00:00,33.828983978,0.30864197509814506,33.74137627431131,0.2603485231074789,86.8375034836831,57.134365238751336
2017-03-17 00:00:00+00:00,33.6528330556,-0.5207100589085245,33.69710466495565,-0.1301807679005228,46.471207643767194,24.084666626432977
2017-03-20 00:00:00+00:00,33.7729359573,0.3568879371955713,33.735020311127826,0.11335358464752426,63.719461395162426,60.42282248626716
2017-03-21 00:00:00+00:00,34.0291554809,0.7586533901700054,33.882087896013914,0.4360034874087648,82.13763631165305,70.21364142397964
2017-03-22 00:00:00+00:00,33.9330731595,-0.28235294130039,33.907580527756956,0.0768252730541874,63.892560011493416,35.796014777054886
2017-03-23 00:00:00+00:00,33.7649290971,-0.4955167532561755,33.83625481242848,-0.20934574010099405,40.35949433320738,31.111808185607323
2017-03-24 00:00:00+00:00,33.7248947966,-0.11856770196340127,33.78057480451424,-0.16395672103219766,35.667639622229196,48.862075429143765
2017-03-27 00:00:00+00:00,33.8850319988,0.4748338079801684,33.83280340165712,0.15543854347398536,62.10191304244378,68.20649685998598
2017-03-28 00:00:00+00:00,33.9731074601,0.2599243857970057,33.90295543087856,0.20768146463549553,71.69659406065125,56.5794496912471
2017-03-29 00:00:00+00:00,33.9651006,-0.023568229987225298,33.93402801543928,0.09205661732413511,69.30399410520815,42.308598368046205
2017-03-30 00:00:00+00:00,34.109224082,0.4243281469921367,34.02162604871964,0.2581923821581359,83.85289172009854,63.89205478606249
2017-03-31 00:00:00+00:00,33.9811143202,-0.3755868544298102,34.001370184459816,-0.05869723613583716,51.381828467227336,31.9104451494279
2017-04-03 00:00:00+00:00,33.9570937399,-0.07068803004414148,33.97923196217991,-0.06469263308998932,46.335402190417625,47.06110375475851
2017-04-04 00:00:00+00:00,34.1732789629,0.6366423011813227,34.076255462539955,0.2859748340456667,76.92730443868834,70.16348968920812
2017-04-05 00:00:00+00:00,34.0852035017,-0.2577319586324123,34.08072948211998,0.014121437706627216,57.05214024844273,38.3890625863355
2017-04-06 00:00:00+00:00,34.1652721028,0.23490721155885463,34.12300079245999,0.12451432463274092,68.24118619587433,55.16493905683466
2017-04-07 00:00:00+00:00,34.1172309421,-0.14061401459192213,34.12011586727999,-0.008049844979590604,55.27958113309766,42.067855788373116
2017-04-10 00:00:00+00:00,34.181285823,0.18774935459653364,34.150700845139994,0.08984975480847152,67.59099457640198,55.82430402244596
2017-04-11 00:00:00+00:00,34.1572652427,-0.07027406875326214,34.15398304391999,0.009787843027604687,58.527701056703734,43.61659513982158
2017-04-12 00:00:00+00:00,34.3814573259,0.6563525551797955,34.26772018491,0.3330701991037001,85.58620077037398,70.69088208973706
2017-04-13 00:00:00+00:00,34.2613544242,-0.3493246390388616,34.264537304555,-0.008127219967580729,56.14830604746525,35.40060909839362
2017-04-17 00:00:00+00:00,34.4855465073,0.6543584947758196,34.3750419059275,0.32311563740411947,77.66175601763734,63.02996505682124
2017-04-18 00:00:00+00:00,34.813827772,0.9519387046121208,34.59443483896375,0.6375271710081202,89.24783765414726,68.9383129212823
2017-04-19 00:00:00+00:00,34.6136562691,-0.5749770011242439,34.60404555403187,0.03127508494193815,60.53206730085451,30.913517115396598
2017-04-20 00:00:00+00:00,34.5015602275,-0.32384917885738274,34.55280289076593,-0.1462870469577223,47.65281582234189,39.188430879910776
2017-04-21 00:00:00+00:00,34.4855465073,-0.04641448124202974,34.519174699032966,-0.09635076409987602,45.574917802057904,49.25963085152314
2017-04-24 00:00:00+00:00,34.6536905697,0.4875783608776496,34.58643263436648,0.1956137983888868,67.73428981309502,65.6729754948693
2017-04-25 00:00:00+00:00,34.5175739478,-0.3927911274737683,34.55200329108324,-0.09858866454244077,45.32538119143886,36.48594651234648
2017-04-26 00:00:00+00:00,34.6216631292,0.30155416356145714,34.58683321014162,0.1014827495095082,60.36600035779743,58.37276154407533
2017-04-27 00:00:00+00:00,34.4375053466,-0.5319148936108853,34.512169278370806,-0.21521607205068854,34.892528645070755,36.022207080526904
2017-04-28 00:00:00+00:00,34.5496013882,0.325505696396422,34.530885333285404,0.055144812172866736,53.00082006017181,59.78377347260664
2017-05-01 00:00:00+00:00,34.605649409,0.1622247972422164,34.5682673711427,0.10868480470754156,61.11261014900381,54.04959757048483
2017-05-02 00:00:00+00:00,34.7417660309,0.39333641825718413,34.65501670102135,0.25101061148236287,76.12419588368006,61.8238327104074
2017-05-03 00:00:00+00:00,34.6857180102,-0.1613274945498011,34.67036735561068,0.04484155846628088,61.4683821523571,38.422072450871966
2017-05-04 00:00:00+00:00,34.957951254,0.7848568789031507,34.814159304805344,0.4148492186847158,83.96308331955197,68.71941674599258
2017-05-05 00:00:00+00:00,34.9819718343,0.06871278046436391,34.89806556955267,0.24178099957453986,85.11333775076527,44.09067784113658
2017-05-08 00:00:00+00:00,35.1421090366,0.4577706570073392,35.02008730307634,0.34977582829093956,91.33112438117638,56.728443116764076
2017-05-09 00:00:00+00:00,34.8378483523,-0.865800865802091,34.92896782768817,-0.25801251875557574,41.69659382946622,26.342669347224472
2017-05-10 00:00:00+00:00,34.885889513,0.13789933354719786,34.90742867034409,-0.06005659260418894,48.345255655299034,54.22965112895126
2017-05-11 00:00:00+00:00,34.9659581141,0.22951572173659507,34.93669339222204,0.08472956456620306,59.80453654395182,56.48535160340434
2017-05-12 00:00:00+00:00,34.9019032332,-0.18319212272397412,34.91929831271102,-0.049231279078885526,47.231043737679165,42.37427120470427
2017-05-15 00:00:00+00:00,35.0139992748,0.3211745813717304,34.96664879375551,0.13597165114642243,65.99693462332657,60.47486253170701
2017-05-16 00:00:00+00:00,35.1100815961,0.2744111592221099,35.038365194927756,0.20519140518426615,76.66596575890657,57.943623727384306
2017-05-17 00:00:00+00:00,35.1741364771,0.18244013710042584,35.10625083601388,0.193815771142346,82.23883020154712,51.57515842059406
2017-05-18 00:00:00+00:00,35.0700472956,-0.2959253358437608,35.08814906580694,-0.0510547823507074,51.97923316051161,27.76604480706735
2017-05-19 00:00:00+00:00,35.1501158967,0.2283105021932741,35.11913248125347,0.08862785992128334,66.29069325030346,58.9313434631209
2017-05-22 00:00:00+00:00,35.3743079799,0.6378132119361002,35.24672023057674,0.36322053592869175,85.02947157518442,72.7215531281219
2017-05-23 00:00:00+00:00,35.5424520423,0.4753282028740591,35.39458613643837,0.4192743694013754,90.78952085076438,60.60877743591736
2017-05-24 00:00:00+00:00,36.0548910895,1.441766163432212,35.72473861296919,0.9305202664167938,96.66153863070402,84.15507564008016
2017-05-25 00:00:00+00:00,36.3591517738,0.8438818565412509,36.04194519338459,0.8872010614790223,97.87061584727047,54.12948726992749
2017-05-26 00:00:00+00:00,36.3431380536,-0.044043162226736765,36.192541623492296,0.4215789496261428,95.15007972760745,30.15894819899497
2017-05-30 00:00:00+00:00,36.375165494,0.08812513755076523,36.283853558746145,0.25485204358845404,95.52339218174018,36.443128911778636
2017-05-31 00:00:00+00:00,36.4071929345,0.08804754580507002,36.345523246623074,0.17144979469676203,95.9867584734991,36.440241567172016
2017-06-01 00:00:00+00:00,36.6634124581,0.7037607212974528,36.504467852361536,0.4376052579971074,98.2100525587182,67.28875425002028
2017-06-02 00:00:00+00:00,36.7434810592,0.2183882943015858,36.62397445578077,0.32799677614934664,98.57904887865377,42.75274560619561
2017-06-05 00:00:00+00:00,36.8235496604,0.2179123994022092,36.72376205809039,0.2729545877757779,98.91466146436278,42.72983060908164
2017-06-06 00:00:00+00:00,36.8155428002,-0.02174385759613484,36.7696524291452,0.12560536508982154,95.5301888870504,30.415319793854692
2017-06-07 00:00:00+00:00,36.4392203749,-1.02218355802145,36.6044364020226,-0.4482890964658142,27.99637644427276,10.844822748258698
2017-06-08 00:00:00+00:00,36.1349596906,-0.8349813227880865,36.3696980463113,-0.6416352096269503,15.073299067289605,24.48324574118407
2017-06-09 00:00:00+00:00,36.2870900328,0.4210059828559265,36.32839403955565,-0.1103146133855119,36.913693797624845,70.26328072057984
2017-06-12 00:00:00+00:00,36.2950968929,0.022065313291208533,36.31174546622782,-0.04412465004715169,38.169029696720635,54.51696946448036
2017-06-13 00:00:00+00:00,36.3511449137,0.1544231193689516,36.33144518996391,0.05514923466089995,48.85506856740433,59.080616017026735
2017-06-14 00:00:00+00:00,36.5691064755,0.5996002665595856,36.450275832731954,0.3273747506102428,74.53121382940846,72.83301811760423
2017-06-15 00:00:00+00:00,36.5287432233,-0.11037527599161434,36.48950952801597,0.10849973730931423,65.40970075481705,40.373268304132566
2017-06-16 00:00:00+00:00,36.5771791259,0.13259668503762256,36.53334432695799,0.1205482111734684,71.6541092321851,51.47491070629454
2017-06-19 00:00:00+00:00,36.6336876789,0.15449128213385066,36.583516002928995,0.1375197466536595,78.45923500895339,52.666126204977964
2017-06-20 00:00:00+00:00,36.819358639,0.5068312033651434,36.7014373209645,0.32217547500940147,90.1335083249525,70.2783211402218
2017-06-21 00:00:00+00:00,36.504525272,-0.8550756412864846,36.602981296482255,-0.26645008313854157,37.89561149315735,22.258724137922936
2017-06-22 00:00:00+00:00,36.3834355154,-0.3317116321818858,36.49320840594113,-0.2990808576602137,28.39979154570178,44.226015653024156
2017-06-23 00:00:00+00:00,36.5287432233,0.39937874431481557,36.510975814620565,0.05014894332730094,50.6559727589384,64.96793856847239
2017-06-26 00:00:00+00:00,36.6740509311,0.3977900551128677,36.59251337286028,0.2239694992200843,66.34700073780775,64.8892793852943
2017-06-27 00:00:00+00:00,36.3672902146,-0.8364516837158664,36.479901793730136,-0.3062410922478911,33.058192022821615,26.91471955043614
2017-06-28 00:00:00+00:00,36.5852517763,0.599334073047042,36.53257678501507,0.14654649039957546,56.382513562892434,63.84021401418897
2017-06-29 00:00:00+00:00,36.189691905,-1.0812003528598013,36.36113434500753,-0.46732693123011293,28.93643890840579,33.830793185233404
2017-06-30 00:00:00+00:00,36.2058372058,0.044612982178415805,36.28348577540376,-0.21135697452584856,30.993057537293357,55.059097450112375
2017-07-03 00:00:00+00:00,36.1331833519,-0.20066889625289797,36.20833456365188,-0.20601293538937326,25.92804675374865,49.83420621767921
2017-07-05 00:00:00+00:00,36.1816192545,0.13404825732701298,36.19497690907594,-0.035982339031180144,36.33279829540713,57.99374948059514
2017-07-06 00:00:00+00:00,35.8425679362,-0.9370816599310494,36.018772422637966,-0.4865319994811148,14.680418171024813,32.56698323584189
2017-07-07 00:00:00+00:00,35.8344952858,-0.022522522421841717,35.926633854218984,-0.25452726095147826,14.37447500695338,56.81598492633276
2017-07-10 00:00:00+00:00,35.8264226353,-0.02252759648383451,35.87652824475949,-0.1385274287176564,13.938745198804385,56.81581489625657
2017-07-11 00:00:00+00:00,35.7860593832,-0.11266336165037805,35.83129381397974,-0.12559539518401722,11.356821820012915,52.619799808847176
2017-07-12 00:00:00+00:00,35.931367091,0.4060455671970775,35.88133045248987,0.14022508600653016,55.684198981956655,71.06566783136284
2017-07-13 00:00:00+00:00,35.8667858875,-0.1797348910672958,35.87405816999494,-0.019754902530382812,41.76178578593879,42.823940829714076
2017-07-14 00:00:00+00:00,36.0686021484,0.5626828719278443,35.971330159197464,0.27146398469873073,73.18669964269536,67.43038204662709
2017-07-17 00:00:00+00:00,36.1089654006,0.11190689351900929,36.04014777989873,0.19168543910887,76.92244374544683,48.4428680943104
2017-07-18 00:00:00+00:00,36.060529498,-0.1341381622614768,36.05033863894937,0.02877363842369661,61.49939603851424,39.366969986045824
2017-07-19 00:00:00+00:00,36.189691905,0.3581822252697542,36.12001527197468,0.1934779318467254,78.63457526810187,61.19041149730052
2017-07-20 00:00:00+00:00,36.1816192545,-0.02230649136552021,36.15081726323734,0.0855857202406026,75.48499264384914,43.17537032139156
2017-07-21 00:00:00+00:00,36.3511449137,0.46854083010370307,36.25098108846867,0.27706327517215285,89.16072016848209,63.79909841536283
2017-07-24 00:00:00+00:00,36.1977645554,-0.42194092830950547,36.22437282193434,-0.07243882656867631,50.74357757120792,32.097850040192355
2017-07-25 00:00:00+00:00,36.5206705728,0.8920606600051117,36.37252169736717,0.40981091671821773,79.13445664276652,67.6629620783693
2017-07-26 00:00:00+00:00,36.9243030946,1.1052166224478244,36.648412395983584,0.7575137695830211,89.9720086849523,71.31838112578458
2017-07-27 00:00:00+00:00,37.2310638112,0.8307826848189537,36.93973810359179,0.7941482272009874,93.70146700295572,58.53890333878038
2017-07-28 00:00:00+00:00,37.1422646564,-0.23850823938392773,37.0410013799959,0.27781999390852985,80.67385110962128,28.59356381252729
2017-07-31 00:00:00+00:00,37.005029599,-0.3694848945522189,37.02301548949795,-0.04583245032184452,61.01005142886135,26.136991618423053
2017-08-01 00:00:00+00:00,36.8920124929,-0.3054101221501293,36.95751399119898,-0.1756212862359869,46.89127485436723,30.5174677423868
2017-08-02 00:00:00+00:00,36.8032133381,-0.2407002188267393,36.880363664649494,-0.20816075253136312,36.8427261616694,36.245193249766125
2017-08-03 00:00:00+00:00,36.8677945416,0.1754770783374493,36.87407910312474,-0.016341837096956913,48.809771360528075,64.48701220769344
2017-08-04 00:00:00+00:00,36.7305594842,-0.37223560320416293,36.80231929366237,-0.19428872015055992,30.43064386295474,34.40277973094693
2017-08-07 00:00:00+00:00,36.8435765903,0.30769230767806466,36.822947941981184,0.05670179376375237,52.51708920273912,64.8968013452615
2017-08-08 00:00:00+00:00,36.8112859885,-0.08764241908181258,36.817116965240594,-0.015470312659030108,46.22738293998594,46.17555535185193
2017-08-09 00:00:00+00:00,36.8032133381,-0.021929824463406966,36.8101651516703,-0.018700068561218537,44.24046178678396,49.787167367612234
2017-08-10 00:00:00+00:00,36.9243030946,0.3290195217129144,36.86723412313515,0.15515972657584792,71.65369630648888,67.3420395527787
2017-08-11 00:00:00+00:00,36.8032133381,-0.32794053333861095,36.83522373061757,-0.08639040338138151,41.240732601824526,33.98234442973381
2017-08-14 00:00:00+00:00,36.9727389973,0.4606273306697828,36.903981363958785,0.18711846364420065,68.93233386041398,65.10552019500122
2017-08-15 00:00:00+00:00,37.2875723643,0.8515283842589705,37.09577686412939,0.5193234239515856,86.56724651510558,74.16265323691182
2017-08-16 00:00:00+00:00,37.2956450147,0.021649707632165338,37.195710939414695,0.27048656579187547,86.85424323027748,40.602420358756426
2017-08-17 00:00:00+00:00,37.0211748999,-0.7359307358588918,37.10844291965735,-0.23272208503350816,41.56426238306315,25.068668067391464
2017-08-18 00:00:00+00:00,36.8677945416,-0.4143044047486777,36.98811873062867,-0.3235132448910929,28.922393735471253,39.74810135852923
2017-08-21 00:00:00+00:00,36.875867192,0.021896211857463932,36.931992961314336,-0.15080851651681448,30.589090480045506,56.917997168399566
2017-08-22 00:00:00+00:00,36.8112859885,-0.17513134854224566,36.87163947490717,-0.16296993252953007,23.8718473168432,47.706922754003244
2017-08-23 00:00:00+00:00,36.7628500859,-0.13157894732375164,36.817244780403584,-0.14727443992664085,19.14272289114234,50.36998589314774
2017-08-24 00:00:00+00:00,36.6579056303,-0.2854633287538544,36.73757520535179,-0.21636888434024762,11.645124124761507,39.66437261300992
2017-08-25 00:00:00+00:00,36.7870680372,0.35234529818102267,36.762321621275895,0.06798820692038753,48.722709384365416,74.00869365574854
2017-08-28 00:00:00+00:00,36.6659782807,-0.3291639235221133,36.714149950987945,-0.1305878583008629,30.6408191584728,38.700721709339184
2017-08-29 00:00:00+00:00,36.690196232,0.06605019812806479,36.702173091493975,-0.03226883008639905,37.5893409104919,56.67877723008291
2017-08-30 00:00:00+00:00,36.6417603294,-0.1320132012751496,36.67196671044699,-0.08214101568077432,28.9027574126097,46.44010611601517
2017-08-31 00:00:00+00:00,36.7709227364,0.35250055084381504,36.721444723423495,0.13517976758152037,63.05421229053845,67.79033298610068
2017-09-01 00:00:00+00:00,36.9565936964,0.5049396267018391,36.83901920991175,0.32005969714167976,81.85152363132077,72.89031570418256
2017-09-05 00:00:00+00:00,37.0696108025,0.30581039753945216,36.954315006205874,0.312935047340566,87.60806282568018,55.63082627563891
2017-09-06 00:00:00+00:00,37.1019014042,0.08710801381766053,37.02810820520294,0.20002153057911326,89.0910201381345,40.019506883165384
2017-09-07 00:00:00+00:00,37.3602262182,0.6962576154405875,37.19416721170147,0.4481395730098504,95.52186404431255,72.39009939234273
2017-09-08 00:00:00+00:00,37.3763715191,0.043215211829039646,37.28526936540074,0.24567739241944503,95.75638982346247,38.75565016495091
2017-09-11 00:00:00+00:00,37.5539698287,0.47516198705710444,37.41961959705037,0.36041968973827476,97.72353942621967,58.080050055575455
2017-09-12 00:00:00+00:00,37.7154228374,0.42992261387133635,37.567521217225185,0.39517115180480555,98.6052136817033,55.33700320425184
2017-09-13 00:00:00+00:00,37.8365125939,0.3210616437260727,37.70201690556259,0.35811639776543913,99.02850619316078,47.27751022756683
2017-09-14 00:00:00+00:00,37.5216792269,-0.8320887561153234,37.61184806623129,-0.23698617917494214,45.35144993525193,14.265221904206298
2017-09-15 00:00:00+00:00,37.578641221,0.15181088712885593,37.595244643615644,-0.0425876460230431,52.359545959816394,54.72559543162639
2017-09-18 00:00:00+00:00,37.5216792269,-0.15158077101565803,37.558461935257824,-0.09708420851935057,43.91256582213836,44.92032009206323
2017-09-19 00:00:00+00:00,37.4158926665,-0.281934504477499,37.48717730087891,-0.1895093564984248,30.2968679456737,40.27019987170348
2017-09-20 00:00:00+00:00,37.2531441121,-0.43497172672218865,37.37016070648946,-0.31224054161030673,17.66033503230743,34.06090383634387
2017-09-21 00:00:00+00:00,36.9439218586,-0.8300567935138781,37.157041282544725,-0.5711486675620924,8.068841446226005,21.326787339686213
2017-09-22 00:00:00+00:00,37.0171587081,0.19823788546409205,37.08709999532236,-0.18645539104900016,22.937751974366527,68.013688367464
2017-09-25 00:00:00+00:00,37.1799072626,0.439657067640864,37.13350362896118,0.1266008382959319,49.9313607274016,73.5428224203883
2017-09-26 00:00:00+00:00,37.0822581299,-0.26263952734014717,37.10788087943059,-0.06801934452210763,37.963258993296044,41.92192383177612
2017-09-27 00:00:00+00:00,36.3254773518,-2.0408163263655132,36.71667911561529,-1.0544178354438105,10.026191323840491,15.921884179587563
2017-09-28 00:00:00+00:00,36.5451879003,0.604838709680755,36.63093350795765,-0.22478956288152774,31.86236204158029,64.73451441445903
2017-09-29 00:00:00+00:00,36.6265621775,0.2226675572773118,36.62874784272883,-0.0010610028021079687,39.957867655146785,57.50112974468419
2017-10-02 00:00:00+00:00,36.4556761953,-0.46656298609694113,36.542212019014414,-0.23381199444952455,29.076024097011253,44.1543372275207
2017-10-03 00:00:00+00:00,36.7730358765,0.8705357143832693,36.65762394775721,0.3183618599668724,59.671163560575636,66.6681843765254
2017-10-04 00:00:00+00:00,37.0252961359,0.6859924762459002,36.841460041828604,0.5021771681063862,73.36865026292445,61.532582645262075
2017-10-05 00:00:00+00:00,37.0415709913,0.043956043836246295,36.9415155165643,0.27306660597131627,74.21613667835622,43.889161881532424
2017-10-06 00:00:00+00:00,37.0171587081,-0.06590509675125089,36.979337112332146,0.10358075461003269,69.2572164719583,40.88052482584721
2017-10-09 00:00:00+00:00,36.9520592864,-0.17586282678619947,36.965698199366074,-0.03614103608808339,54.65075724033705,37.06583507261207
2017-10-10 00:00:00+00:00,37.3263809616,1.0129927328238697,37.146039580483034,0.48842584836789316,83.91315476936369,74.95997674431077
2017-10-11 00:00:00+00:00,37.5135417992,0.5014170481530078,37.329790689841516,0.4949214482604505,89.15944772121772,53.98050307916816
2017-10-12 00:00:00+00:00,37.5216792269,0.02169197391053146,37.425734958370754,0.25830671108549097,89.38521259735298,38.73246252858618
2017-10-13 00:00:00+00:00,37.578641221,0.15181088712885593,37.502188089685376,0.20505879910717345,91.28987733035561,45.04786390090318
2017-10-16 00:00:00+00:00,37.9366880407,0.9527934168623187,37.71943806519269,0.5789261079847461,96.76422066808954,71.84536536879875
2017-10-17 00:00:00+00:00,37.8553137635,-0.214500214443325,37.78737591434634,0.18221294677071054,79.68969954036871,34.77506908338393
2017-10-18 00:00:00+00:00,37.7576646309,-0.2579535681834777,37.77252027262317,-0.03787031070638358,60.48008578938022,33.80121463961429
2017-10-19 00:00:00+00:00,37.9122757576,0.409482758564117,37.842398015111584,0.1858062239288667,74.86819527605547,59.76281415781123
2017-10-20 00:00:00+00:00,37.7413897754,-0.45074050234439333,37.7918938952558,-0.13246713920776332,46.687758603090664,33.99123705566333
2017-10-23 00:00:00+00:00,37.6925652091,-0.12936610599280085,37.7422295521779,-0.13091662260028208,40.202508608891556,46.838212229573415
2017-10-24 00:00:00+00:00,37.578641221,-0.30224525040418726,37.66043538658895,-0.21658093650223467,27.05101033727093,40.48091899516344
2017-10-25 00:00:00+00:00,37.4728546606,-0.2815071459818519,37.566645023594475,-0.24904404124204327,18.583494228787536,41.89986792567662
2017-10-26 00:00:00+00:00,37.6193283596,0.39087947882978646,37.59298669159723,0.0709177187938716,50.66022583448706,73.09493293245879
2017-10-27 00:00:00+00:00,37.489129516,-0.3460956090322487,37.54105810379862,-0.13758894511918854,33.213049763735654,38.82365935271522
2017-10-30 00:00:00+00:00,37.3182435339,-0.45582808751818416,37.42965081884931,-0.29670851631868633,19.792887823232245,35.143538359472295
2017-10-31 00:00:00+00:00,37.4158926665,0.2616659396396548,37.422771742674655,-0.017521288339515773,40.42579647032302,66.39028552541917
2017-11-01 00:00:00+00:00,37.2694189675,-0.3914745541568787,37.34609535508733,-0.20449792124819724,25.605360305782433,40.045858780653624
2017-11-02 00:00:00+00:00,37.3345183893,0.17467248914389,37.340306872193665,-0.014912716052153621,40.21672669925062,60.45081437125061
2017-11-03 00:00:00+00:00,37.4077552388,0.1961639058426723,37.37403105549683,0.09062559489525934,55.098477681752016,61.20268853056255
2017-11-06 00:00:00+00:00,37.0008838527,-1.087665869022758,37.187457454098414,-0.49852013706374937,17.921684525342055,22.638344899454403
2017-11-07 00:00:00+00:00,37.3833429556,1.0336485593764877,37.28540020484921,0.2675642111563692,57.93820108955703,69.80094152163313
2017-11-08 00:00:00+00:00,37.578641221,0.5224205487239342,37.432020712924604,0.3949923799401517,69.37475268360647,57.19605631713705
2017-11-09 00:00:00+00:00,37.6193283596,0.10827197918286124,37.5256745362623,0.25163217956150646,71.77314266028479,46.9036477578659
2017-11-10 00:00:00+00:00,37.871588619,0.6705602423006329,37.69863157763115,0.46109621093106967,83.66805194976436,61.14357774348644
2017-11-13 00:00:00+00:00,38.018062318,0.3867640739171785,37.858346947815576,0.4239301424241241,88.05296371803567,50.82422019260805
2017-11-14 00:00:00+00:00,38.5958196862,1.5196917806262311,38.22708331700779,0.9718109615251775,95.38465482086393,75.54200634050845
2017-11-15 00:00:00+00:00,38.0912991675,-1.3071895422923197,38.1591912422539,-0.16768929038357105,52.878723348072135,26.21815109363922
2017-11-16 00:00:00+00:00,37.8797260467,-0.5554368725247172,38.01945864447695,-0.3615630814541441,41.30138848273472,41.463960776979505
2017-11-17 00:00:00+00:00,37.196182118,-1.804511278295129,37.607820381238476,-1.0830371798746365,20.0392653993494,27.368986988383696
2017-11-20 00:00:00+00:00,36.992746425,-0.5469262741929493,37.30028340311924,-0.8149817270337929,16.294427218551892,52.00722511037956
2017-11-21 00:00:00+00:00,37.2531441121,0.7039155301105771,37.27671375760962,-0.05553309846160792,38.39743150906486,68.13458856246461
2017-11-22 00:00:00+00:00,37.3019686784,0.13106159886284718,37.28934121800481,0.03776425020061963,42.65612608928933,55.35594990936605
2017-11-24 00:00:00+00:00,37.3345183893,0.08726003493442214,37.311929803652404,0.06251214256752088,46.36407267091934,54.190280684262085
2017-11-27 00:00:00+00:00,37.3507932448,0.04359197922496616,37.3313615242262,0.05305206089624352,48.844900574096776,52.535910169013675
2017-11-28 00:00:00+00:00,37.2938312507,-0.152505446742901,37.3125963874631,-0.04972669292332874,39.30139180016997,43.57506932165002
2017-11-29 00:00:00+00:00,37.0252961359,-0.7200523673602466,37.168946261681555,-0.3848895301417877,16.50179441444069,25.036229186885716
2017-11-30 00:00:00+00:00,37.5460915101,1.406593406541412,37.35751888589078,0.5108519381998122,68.93237177106651,77.89509248982138
2017-12-01 00:00:00+00:00,37.7101557072,0.4369674458814643,37.533837296545386,0.47390969204063826,76.04135776531506,52.552142824879226
2017-12-04 00:00:00+00:00,37.9234391635,0.5655862520325572,37.728638230022696,0.5197479720365977,83.43343668920724,55.43692928703611
2017-12-05 00:00:00+00:00,37.948048793,0.06489292649303202,37.83834351151135,0.2923204492648149,84.27324960808936,40.91218909968463
2017-12-06 00:00:00+00:00,38.1039097803,0.4107220061568828,37.97112664590567,0.3515212277108488,89.3851914064101,53.52723156859209
2017-12-07 00:00:00+00:00,37.5542947199,-1.4424111949901675,37.762710682902835,-0.5454449836396593,32.87029340818021,19.707827346670555
2017-12-08 00:00:00+00:00,37.1687438567,-1.0266491917253373,37.46572726980142,-0.7860470876824983,19.738467460067707,33.78664496382001
2017-12-11 00:00:00+00:00,37.1851502764,0.04414036633375584,37.325438773100714,-0.37095336067437124,21.734265532274797,60.52613846668903
2017-12-12 00:00:00+00:00,37.152337437,-0.08824178242148317,37.23888810505036,-0.2295975715479272,20.22547440125311,56.309143690348286
2017-12-13 00:00:00+00:00,37.6527332382,1.3468756899845946,37.44581067162518,0.5586390592183337,69.17499368849624,79.51619628598749
2017-12-14 00:00:00+00:00,37.7593749663,0.2832244008034168,37.60259281896259,0.42093173001087525,74.2298218660323,49.99392605187442
2017-12-15 00:00:00+00:00,37.890626324,0.34759939171964405,37.7466095714813,0.38426556086525965,80.21849323875846,51.62445747123298
2017-12-18 00:00:00+00:00,37.6773428678,-0.5628924008176384,37.71197621964065,-0.08931341997618936,51.21054194993281,30.515206025554097
2017-12-19 00:00:00+00:00,37.8414070649,0.4354452427169697,37.77669164227032,0.17306591137039018,65.5744204823598,58.455214144375525
2017-12-20 00:00:00+00:00,37.8003910156,-0.10838933454470068,37.78854132893516,0.03233828841284475,59.05466635386695,43.99885929859872
2017-12-21 00:00:00+00:00,37.4066369425,-1.0416666667217744,37.597589135717584,-0.5046641891544649,24.285104257671495,26.884210511055926
2017-12-22 00:00:00+00:00,37.3984337327,-0.02192982441220348,37.49801143420879,-0.2632970067833342,23.846354375188426,55.349738055325474
2017-12-26 00:00:00+00:00,37.5789043495,0.48256196526808015,37.53845789185439,0.10963247924237299,52.29062126449769,65.35817179350146
2017-12-27 00:00:00+00:00,37.6773428678,0.26195153904562396,37.6079003798272,0.18579200914399846,63.457900318733984,56.98036191405515
2017-12-28 00:00:00+00:00,37.5050754608,-0.45721750497226266,37.5564879203136,-0.1357127479141321,39.306673165816875,35.02610752332612
2017-12-29 00:00:00+00:00,37.6363268185,0.34995625548650544,37.596407369406805,0.10712175378618667,57.70370553218979,60.59000895047853
2018-01-02 00:00:00+00:00,37.3574176834,-0.7410636442951257,37.4769125264034,-0.3169709452544695,29.348163541479128,33.703991330697455
2018-01-03 00:00:00+00:00,37.2753855848,-0.2195871762208368,37.3761490556017,-0.2682790607376532,24.119260584936203,49.704894251914546
2018-01-04 00:00:00+00:00,37.8003910156,1.408450704300912,37.58827003560085,0.5700858217816294,72.00398944892824,76.39015044712207
2018-01-05 00:00:00+00:00,37.7921878058,-0.021701388741235395,37.69022892070042,0.274192216520197,70.95455089264048,44.95853163022111
2018-01-08 00:00:00+00:00,37.7347653368,-0.1519426959218917,37.712497128750215,0.06112476029915265,61.537223742361576,42.566040079624585
2018-01-09 00:00:00+00:00,37.9234391635,0.5000000000423999,37.81796814612511,0.2805623801707763,76.74752134743326,58.96306744309579
2018-01-10 00:00:00+00:00,37.7921878058,-0.3460956089297085,37.805077975962554,-0.0327666143794661,54.32880868766897,37.89952526255624
2018-01-11 00:00:00+00:00,37.7675781762,-0.06511829832784866,37.786328076081276,-0.048942456353657376,50.2042338511871,47.28082500713215
2018-01-12 00:00:00+00:00,37.8578134846,0.23892267589682437,37.82207078034064,0.0949901097715835,64.87202719708962,57.662077595040635
2018-01-16 00:00:00+00:00,38.1695354591,0.8234019501068168,37.99580311972032,0.45919602993920017,86.0953735265549,72.9956453121322
2018-01-17 00:00:00+00:00,38.4074285449,0.6232538146944799,38.20161583231016,0.54122492231684,91.78028103056941,61.546107493955056
2018-01-18 00:00:00+00:00,38.4566478041,0.12815036326230267,38.329131818205084,0.33468764278957136,92.7058017605883,38.90386565065961
2018-01-19 00:00:00+00:00,38.68633768,0.5972696244094244,38.50773474910254,0.46597863359949787,95.92088892662326,59.881042604361284
2018-01-22 00:00:00+00:00,38.8668082969,0.46649703156909084,38.68727152300127,0.46623783258429435,97.31546068701961,52.36333641023091
2018-01-23 00:00:00+00:00,38.9242307659,0.14774166317275128,38.80575114445064,0.30698974787852285,97.69205026705372,35.88948215259167
2018-01-24 00:00:00+00:00,39.2359527404,0.800842992568751,39.020851942425324,0.5539163702236369,98.92267029824217,67.40532341014931
2018-01-25 00:00:00+00:00,39.2441559502,0.020907380162982214,39.13250394631267,0.2874118751933096,98.94487821814809,35.842828093480954
2018-01-26 00:00:00+00:00,39.8101774303,1.4423076924326539,39.471340688306334,0.8648597838129817,99.66328058793724,71.86147439121486
2018-01-29 00:00:00+00:00,39.1293110123,-1.710282299525212,39.30032585030317,-0.4227112578561152,44.721553373601246,25.058269392525624
2018-01-30 00:00:00+00:00,38.8914179264,-0.6079664572300247,39.09587188835158,-0.51533885754307,34.69690709053531,44.139752969606725
2018-01-31 00:00:00+00:00,39.0390757038,0.37966673696350206,39.06747379607579,-0.06783606028978395,45.972358828974684,58.38131588405693
2018-02-01 00:00:00+00:00,38.9242307659,-0.29417944925582695,38.99585228098789,-0.18100775477280545,38.26436291604126,46.30048738203158
2018-02-02 00:00:00+00:00,38.3335996562,-1.5173867230728333,38.66472596859394,-0.8491972389228194,16.68439334240564,29.61435568123757
2018-02-05 00:00:00+00:00,36.8242090428,-3.9375133745256696,37.744467505696974,-2.3933553067242443,5.276720833657283,14.30959155829788
2018-02-06 00:00:00+00:00,36.6437384259,-0.49008687923275396,37.194102965798486,-1.4417210929784992,4.700337062156725,59.27771041865055
2018-02-07 00:00:00+00:00,36.5535031175,-0.24625027979191527,36.87380304164924,-0.8439856863852072,4.344426146345618,61.425388594852336
2018-02-08 00:00:00+00:00,35.3558344786,-3.276481148879584,36.11481876012462,-2.0602334176323955,1.7325573555752343,30.97416642971719
2018-02-09 00:00:00+00:00,35.3804441081,0.06960556825463815,35.74763143411231,-0.9953139246888787,3.5203385511331726,62.09715753206983
2018-02-12 00:00:00+00:00,36.069513736,1.9476002782628843,35.90857258505615,0.4761431767870028,45.30962217448143,72.52606765631947
2018-02-13 00:00:00+00:00,36.2499843529,0.5003411418875947,36.079278468978075,0.48824215933729875,53.26257788422952,55.024821261919456
2018-02-14 00:00:00+00:00,36.1761554642,-0.2036659877732938,36.127716966589034,0.14228808578200247,48.89912938420488,46.78684356601907
2018-02-15 00:00:00+00:00,36.7339737344,1.541950113388979,36.43084535049452,0.8421190995854908,73.50178402092804,65.81961021744287
2018-02-16 00:00:00+00:00,36.8980379315,0.4466279588651201,36.66444164099726,0.6443735292253054,78.14410009129541,49.2425410381408
2018-02-20 00:00:00+00:00,36.0859201557,-2.20097821273767,36.37518089834863,-0.7783023417561822,33.963705303126616,25.738615636333993
2018-02-21 00:00:00+00:00,35.5527115151,-1.4776085473208522,35.963946206724316,-1.1279554445385171,21.81629291993337,37.88845284007514
2018-02-22 00:00:00+00:00,35.7003692925,0.4153207198761333,35.83215774961216,-0.35631736233119193,31.929280217381727,62.17792652143318
2018-02-23 00:00:00+00:00,36.126936205,1.1948529411700326,35.97954697730608,0.41926778941942033,56.379253693417475,69.53681210107743
2018-02-26 00:00:00+00:00,36.1187329952,-0.022706630181568155,36.04913998625304,0.1982805796189261,55.801092861559006,47.76399006988994
2018-02-27 00:00:00+00:00,35.7824013911,-0.9311832841553236,35.91577068867652,-0.36645135226819875,34.2196637408647,35.36918269993632
2018-02-28 00:00:00+00:00,35.4542729969,-0.9170105455292732,35.68502184278826,-0.6417309488987359,21.851847022636726,35.75928705624221
2018-03-01 00:00:00+00:00,35.6265404038,0.4858861636087175,35.65578112329413,-0.07792239264500922,39.16640309379644,66.1213186514242
2018-03-02 00:00:00+00:00,35.8644334896,0.6677411926717003,35.76010730644707,0.29490940001334554,58.303081733501806,68.97270020670996
2018-03-05 00:00:00+00:00,36.0038880572,0.3888380605271191,35.881997681823535,0.3418737302702323,67.33773596364104,57.78451503560055
2018-03-06 00:00:00+00:00,36.0367008966,0.09113693317752691,35.95934928921177,0.21650533172387962,69.65808289326328,45.871020586943104
2018-03-07 00:00:00+00:00,35.9464655882,-0.2503983609901339,35.952907438705886,-0.016946514633127144,53.871457113081334,33.858344157811686
2018-03-08 00:00:00+00:00,36.4632678091,1.4376996804649878,36.20808762390294,0.7103765829159303,84.3470727275486,77.51490219386012
2018-03-09 00:00:00+00:00,36.7667865738,0.832395950601672,36.48743709885147,0.7713862667588012,90.10571080568366,57.20612059043943
2018-03-12 00:00:00+00:00,36.528893488,-0.6470325746920746,36.50816529342573,0.062176846033363264,62.89989862475893,29.178918200293534
2018-03-13 00:00:00+00:00,36.5617063274,0.08982708280167451,36.53493581041287,0.07600196441751889,65.08122963176307,48.15562816220118
2018-03-14 00:00:00+00:00,36.2335779332,-0.8974646622389559,36.384256871806436,-0.4107313489107185,34.582038345026454,31.299754192036204
2018-03-15 00:00:00+00:00,36.1425387926,-0.2512562815845665,36.26339783220322,-0.3309938152476425,28.938144352438133,48.87061779870322
2018-03-16 00:00:00+00:00,35.9687367971,-0.48087932200154837,36.11606731465161,-0.40593656862459543,19.721308472197094,43.00768378173824
2018-03-19 00:00:00+00:00,35.803211087,-0.46019328127571146,35.959639200825805,-0.4330649249501535,13.554146924607993,43.91686948159402
2018-03-20 00:00:00+00:00,35.720448232,-0.23116042524479186,35.84004371641291,-0.33211267509747266,10.979136237011305,55.66341573000316
2018-03-21 00:00:00+00:00,35.5880276639,-0.37071362386033035,35.71403569015645,-0.3514131494789015,7.540869781197329,46.71981634104228
2018-03-22 00:00:00+00:00,35.3893968118,-0.5581395349467222,35.551716250978224,-0.4547763422128118,4.423788069366655,35.295247658985616
2018-03-23 00:00:00+00:00,35.0335165352,-1.005612722060678,35.29261639308911,-0.7301945321367449,2.0956874883077705,18.81686465613618
2018-03-26 00:00:00+00:00,35.3314628133,0.850460666147046,35.312039603194556,0.06013306700515053,41.05329427308333,79.20945362654282
2018-03-27 00:00:00+00:00,35.4969885234,0.4684937925572896,35.40451406329728,0.2643134297812201,55.73228781324847,64.41700217458717
2018-03-28 00:00:00+00:00,35.8528688,1.002564700285502,35.62869143164864,0.633439065033361,75.44902891247408,74.43156113165085
2018-03-29 00:00:00+00:00,35.9439079405,0.2539242842960254,35.786299686074315,0.4436816746646932,79.03254433569168,46.760170454042566
2018-04-02 00:00:00+00:00,35.3149102423,-1.7499424359788907,35.55060496418716,-0.6531303806570987,31.453236931844515,18.759150574601936
2018-04-03 00:00:00+00:00,35.902526513,1.6639325051891252,35.72656573859358,0.5054010622660132,62.81952401463449,67.8924069375015
2018-04-04 00:00:00+00:00,36.6142870663,1.9824804057794632,36.17042640244679,1.2439407340227382,79.69827835474749,70.39815961924371
2018-04-05 00:00:00+00:00,36.7467076344,0.36166365293477387,36.458567018423395,0.802802193478756,81.98107448499391,44.1191869562316
2018-04-06 00:00:00+00:00,36.3494459302,-1.081081081201718,36.4040064743117,-0.13913944386148097,54.43646213236213,29.443840253905133
2018-04-09 00:00:00+00:00,36.2749593607,-0.20491803270682452,36.33948291750585,-0.17202873828415274,49.73653509095422,45.851133318280745
2018-04-10 00:00:00+00:00,36.4073799287,0.36504677147470854,36.37343142310293,0.0965090165952779,59.14317590361421,55.86570836474556
2018-04-11 00:00:00+00:00,36.4073799287,0.0,36.39040567590146,0.04825450829763895,59.14317590361421,47.43714708531391
2018-04-12 00:00:00+00:00,36.4404850707,0.09092975672742032,36.41544537330073,0.06959213251252963,63.03453117867204,50.24205954261515
2018-04-13 00:00:00+00:00,36.8377467749,1.0901657961721822,36.62659607410036,0.579878964342356,86.38164963590499,73.52761983877417
2018-04-16 00:00:00+00:00,36.9784436284,0.3819366433016169,36.80251985125018,0.48090780382198645,89.80306417832368,49.09918849579476
2018-04-17 00:00:00+00:00,37.1439693385,0.44762757395466757,36.97324459487509,0.46426768888832703,92.93526402156932,51.3480771610583
2018-04-18 00:00:00+00:00,36.8377467749,-0.8244206773092455,36.90549568488754,-0.18007649421045924,50.17022813634713,22.488406756558934
2018-04-19 00:00:00+00:00,36.6722210648,-0.4493372276851204,36.78885837484377,-0.3147068609477898,36.53786831263411,37.920674418526104
2018-04-20 00:00:00+00:00,36.2004727911,-1.2863913338284627,36.494665582971884,-0.8005490973881263,16.90306520575847,22.755103018434173
2018-04-23 00:00:00+00:00,36.3991036432,0.548696845055674,36.44688461308594,-0.12592612616622617,37.959552090543625,66.63512746991971
2018-04-24 00:00:00+00:00,35.6459616624,-2.069122328348061,36.04642313774297,-1.0975242272571435,15.549587039648168,30.0761792528585
2018-04-25 00:00:00+00:00,35.1162793902,-1.485953099586923,35.581351263971484,-1.2917386634220334,9.58193780553562,40.90934691898472
2018-04-26 00:00:00+00:00,35.3811205263,0.7541833608201376,35.48123589513574,-0.2687776513009479,29.79072246271088,68.7795660326792
2018-04-27 00:00:00+00:00,35.8445925145,1.3099415205221732,35.66291420481787,0.5205819346106126,55.7513178865442,73.44114981815646
2018-04-30 00:00:00+00:00,35.7618296595,-0.23089355797955013,35.71237193215893,0.14484418831553125,50.72715319325627,45.307494049313824
2018-05-01 00:00:00+00:00,35.2486999583,-1.4348530432745643,35.48053594522946,-0.6450044274795166,27.597723131514222,31.268394380407784
2018-05-02 00:00:00+00:00,34.8100568266,-1.2444235736890463,35.14529638591473,-0.9447140005842815,17.415600343037394,35.97524771786034
2018-05-03 00:00:00+00:00,34.669359973,-0.40418449846506554,34.907328179457366,-0.6744492495246734,14.790159459003828,55.94362939817658
2018-05-04 00:00:00+00:00,35.0583453917,1.121986154353416,34.982836785578684,0.22376845241437127,47.568932332627014,76.18240792577394
2018-05-07 00:00:00+00:00,34.8762671106,-0.519357884879279,34.92955194808934,-0.14779471623245388,37.453005219747666,43.75590838952936
2018-05-08 00:00:00+00:00,34.603149689,-0.7831039392314665,34.766350818544666,-0.4654493277319602,25.332082177924367,39.68450657207164
2018-05-09 00:00:00+00:00,34.5783208325,-0.07175316907030993,34.67233582552233,-0.2686012484011351,24.261393197751488,56.18009431107612
2018-05-10 00:00:00+00:00,34.9093722526,0.9573958831131213,34.790854039061166,0.3443973173559931,58.956439390005,72.5009360017765
2018-05-11 00:00:00+00:00,34.8762671106,-0.09483167374211288,34.833560574830585,0.12478282180694011,55.16580925950072,46.14345604840168
2018-05-14 00:00:00+00:00,34.7935042556,-0.23730422392265194,34.81353241521529,-0.05626070105785591,44.44884243203293,42.97064009780187
2018-05-15 00:00:00+00:00,34.5286631195,-0.761179828724412,34.67109776735765,-0.408720264891134,23.000840583012742,31.15512823686698
2018-05-16 00:00:00+00:00,34.3879662659,-0.40747842774296883,34.52953201662882,-0.4080993463170514,16.612887587456115,46.1506355576727
2018-05-17 00:00:00+00:00,35.0086876787,1.8050541517935725,34.76910984766441,0.6984774027382605,70.61660158987631,82.3083798070807
2018-05-18 00:00:00+00:00,34.9093722526,-0.28368794343703874,34.8392410501322,0.2073947296506109,61.11714061474563,42.19126470852335
2018-05-21 00:00:00+00:00,35.0997268192,0.5452821243035144,34.9694839346661,0.37633842697706266,71.9611555975378,55.192430994836656
2018-05-22 00:00:00+00:00,34.9673062512,-0.3772695117603142,34.96839509293305,-0.0004655423916257728,55.73998571237111,40.12732612053841
2018-05-23 00:00:00+00:00,35.0914505337,0.3550295856597163,35.029922813316524,0.17728202163404527,66.39307107022981,54.81303419633785
2018-05-24 00:00:00+00:00,35.0252402497,-0.18867924520935553,35.02758153150826,-0.005698611787655128,55.67298336247837,43.05235727121259
2018-05-25 00:00:00+00:00,35.0914505337,0.18903591675025755,35.05951603260413,0.09166865248130121,64.31559983085421,53.45827215584605
2018-05-29 00:00:00+00:00,35.3231865278,0.6603773585177164,35.19135128020206,0.3760230054995088,82.36600089688376,65.3199616908978
2018-05-30 00:00:00+00:00,35.6956193754,1.054358012992096,35.44348532780103,0.7151905092458024,92.05469023034335,73.718221878272
2018-05-31 00:00:00+00:00,35.5880276639,-0.3014143286561022,35.51575649585051,0.2068880902948501,74.35233914481574,32.7635336511648
2018-06-01 00:00:00+00:00,35.6873430899,0.27906976733285127,35.601549792875254,0.2429789288138507,79.74542482715998,50.44478363059178
2018-06-04 00:00:00+00:00,35.9935656536,0.8580705011538736,35.79755772323763,0.5505247149838621,89.73165704240198,64.43700020194122
2018-06-05 00:00:00+00:00,35.6790668044,-0.8737640839107663,35.73831226381881,-0.1616196844634521,50.997173999920626,28.426136705136578
2018-06-06 00:00:00+00:00,35.9687367971,0.8118765950018592,35.85352453045941,0.32512845526920353,69.30390799494704,60.585363604984
2018-06-07 00:00:00+00:00,35.952184226,-0.04601932837778877,35.902854378229705,0.13955456344570738,67.15354440881724,45.11148663463616
2018-06-08 00:00:00+00:00,36.3742747867,1.1740331492703815,36.13856458246485,0.6567938563580444,84.97982244528845,64.46970545871518
2018-06-11 00:00:00+00:00,36.5232479258,0.409556314108217,36.33090625413243,0.5331750852331307,88.33221081505854,48.41948032701146
2018-06-12 00:00:00+00:00,36.7549839199,0.6344890097693012,36.542945087016214,0.583832047501216,92.32777054208664,53.525894098074474
2018-06-13 00:00:00+00:00,36.5646293533,-0.5179013736336779,36.55378722015811,0.03296533693376902,64.93087416967201,30.398680282514103
2018-06-14 00:00:00+00:00,36.3908273577,-0.47532820289429845,36.47230728892905,-0.22118143298026471,46.16820177954229,32.0262084386717
2018-06-15 00:00:00+00:00,36.8417462832,1.239100504827051,36.65702678606453,0.5089595359233932,74.66201225253765,71.82423150033605
2018-06-18 00:00:00+00:00,36.3657763063,-1.2919310969714992,36.51140154618226,-0.39148578052405303,40.61962923676053,31.274833677004306
2018-06-19 00:00:00+00:00,36.4075280587,0.1148105626794127,36.45946480244113,-0.13833760892232017,43.98045682937211,53.26965536713318
2018-06-20 00:00:00+00:00,36.1236161426,-0.779816513887599,36.291540472520566,-0.4590770614049596,27.883335325015004,40.81034816231441
2018-06-21 00:00:00+00:00,35.9816601846,-0.39297272299544384,36.136600328560284,-0.4260248922002017,21.87778186647488,48.60691718520357
2018-06-22 00:00:00+00:00,36.1152657921,0.37131585039307247,36.12593306033014,-0.027354520903564605,40.093444850090286,63.036262223336685
2018-06-25 00:00:00+00:00,36.3908273577,0.7630057803984958,36.25838020901507,0.3678256297474656,65.19824534139184,69.59801903063877
2018-06-26 00:00:00+00:00,36.1820685959,-0.5736576411083605,36.22022440245753,-0.10291600568044745,44.16592833970585,36.46378588957538
2018-06-27 00:00:00+00:00,35.9649594836,-0.6000461574621085,36.092591943028765,-0.351481081571278,29.38047551607417,35.95685827176924
2018-06-28 00:00:00+00:00,36.2989735025,0.9287206872909515,36.19578272276438,0.28861980285983674,60.15930400218462,70.99622553504126
2018-06-29 00:00:00+00:00,36.6246371709,0.8971704623481402,36.41020994683219,0.5928951326039885,75.66856041869949,69.81379044830595
2018-07-02 00:00:00+00:00,36.5327833157,-0.2507979936330451,36.47149663126609,0.1710485694854717,64.96849985916977,36.57099336567797
2018-07-03 00:00:00+00:00,36.7331917271,0.5485714287579935,36.60234417918305,0.3598099991217326,76.05152717748675,57.63925704063887
2018-07-05 00:00:00+00:00,37.2926652087,1.523073425681254,36.947504693941525,0.9414417124014933,89.69875179666246,73.64624917127924
2018-07-06 00:00:00+00:00,37.2759645078,-0.04478280328461537,37.11173460087076,0.448329454558439,87.46694335281781,38.51934745568953
2018-07-09 00:00:00+00:00,37.0755560964,-0.5376344087838714,37.09364534863538,-0.04465247711271619,60.41115632355476,31.446919655214966
2018-07-10 00:00:00+00:00,37.5515260733,1.2837837837480714,37.32258571096769,0.6195656533176777,81.16586800161838,66.02629983270576
2018-07-11 00:00:00+00:00,37.4012197648,-0.4002668445660773,37.36190273788384,0.10964940437580017,65.01945308998923,38.84898152898586
2018-07-12 00:00:00+00:00,37.3010155592,-0.26791694557057877,37.331459148541924,-0.0791337705973893,54.2311842825313,41.678907168654455
2018-07-13 00:00:00+00:00,37.3594680125,0.15670472351410059,37.34546358052096,0.038785476458355644,60.03363138393976,52.301806350175724
2018-07-16 00:00:00+00:00,37.351117662,-0.022351363507666644,37.34829062126048,0.0082170564753445,58.44585815534463,46.898556193364
2018-07-17 00:00:00+00:00,37.7853358866,1.162530740122314,37.56681325393024,0.5853738982988292,86.43328904834638,73.78292768542066
2018-07-18 00:00:00+00:00,37.6767813304,-0.28729281784286576,37.62179729216512,0.14904054022798174,69.00481448598758,38.24468630697187
2018-07-19 00:00:00+00:00,37.66843098,-0.022163120375850998,37.645114136082555,0.06343870992606537,67.43583600924889,45.45170593747703
2018-07-20 00:00:00+00:00,37.810386938,0.3768565727501949,37.727750537041274,0.22014764133813014,79.38715285311712,56.82613310596925
2018-07-23 00:00:00+00:00,37.5348253724,-0.7287985866208047,37.631287954720634,-0.25432547264133726,38.37646413630792,30.44215168879178
2018-07-24 00:00:00+00:00,37.793686237,0.689655172314585,37.71248709586032,0.21766484983662385,64.33665647736785,63.26431153900272
2018-07-25 00:00:00+00:00,38.4867653262,1.8338488732053682,38.099626211030156,1.025756861520996,86.75149900958222,76.61559409394216
2018-07-26 00:00:00+00:00,38.6120205833,0.3254502061640796,38.35582339716508,0.6756035338425378,88.68016930804691,44.577856840423884
2018-07-27 00:00:00+00:00,38.5869695319,-0.06487889269082281,38.471396464532546,0.3053623205758575,84.96930912590526,38.35274494588209
2018-07-30 00:00:00+00:00,38.6036702328,0.04328067506360611,38.53753334866627,0.1743214978197318,85.57301267240396,41.73466618412706
2018-07-31 00:00:00+00:00,38.9376842517,0.8652390223150341,38.73760880018314,0.519780260067383,93.45697565265374,64.15221734119622
2018-08-01 00:00:00+00:00,38.7372758404,-0.5146901135787196,38.73744232029157,0.002545073244331675,62.64603182734626,32.582873839092585
2018-08-02 00:00:00+00:00,38.5619184805,-0.45268376801324006,38.64968040039578,-0.2250693473844542,43.72568134656324,34.747204499506964
2018-08-03 00:00:00+00:00,38.9293339013,0.9527934171267738,38.78950715084789,0.3638620348711598,71.1296123825331,68.8012792880074
2018-08-06 00:00:00+00:00,38.9543849527,0.06435006430760559,38.871946051773946,0.2141060495893827,72.49925396539726,46.025765422852686
2018-08-07 00:00:00+00:00,38.8291296956,-0.32154340840470086,38.850537873686974,-0.05371867940765908,53.47310203045,37.86024235828651
2018-08-08 00:00:00+00:00,38.5368674291,-0.7526881719760015,38.69370265139349,-0.40320342569183026,27.872155472304794,29.183336659092124
2018-08-09 00:00:00+00:00,38.7038744385,0.43336944734093663,38.698788544946744,0.015083010824553184,48.85886038563867,63.60358613180351
2018-08-10 00:00:00+00:00,38.4784149758,-0.5825242717192425,38.58860176037337,-0.28372063044734463,30.74421758054737,39.15341346341654
2018-08-13 00:00:00+00:00,38.269656214,-0.542534722210597,38.42912898718669,-0.4131276763289708,20.294059266939858,40.50386370364647
2018-08-14 00:00:00+00:00,38.3197583168,0.13091861217626732,38.374443651993346,-0.14110453207635174,28.984023490735787,61.877423683032134
2018-08-15 00:00:00+00:00,38.4784149758,0.4140335585844257,38.426429313896676,0.13646451325403697,53.213405656184506,68.9184678554111
2018-08-16 00:00:00+00:00,38.5953198824,0.3038194444171527,38.510874598148334,0.22014197883559483,66.02517687735732,62.20920016618978
2018-08-17 00:00:00+00:00,38.9126332003,0.8221549111831594,38.71175389922416,0.5211484450093771,83.93546788743161,77.59561639635619
2018-08-20 00:00:00+00:00,39.0211877564,0.2789699569834436,38.86647082781208,0.40005920099641035,87.35592107300357,47.314422193806784
2018-08-21 00:00:00+00:00,38.5953198824,-1.0913759895229136,38.73089535510604,-0.3456583942632516,38.774021125237816,19.103363162523955
2018-08-22 00:00:00+00:00,38.3531597187,-0.6274340112683685,38.54202753690302,-0.48654620276581007,26.299016086875596,37.905383151621045
2018-08-23 00:00:00+00:00,38.1611016578,-0.5007620292790449,38.35156459735151,-0.4936541160224275,19.019287013785505,43.30232170611723
2018-08-24 00:00:00+00:00,38.1026492045,-0.15317286650726736,38.227106900925754,-0.3234134912648474,16.88549984170328,58.24121174349288
2018-08-27 00:00:00+00:00,38.1527513073,0.13149243909813535,38.18992910411288,-0.09596052608335603,27.363032885110396,68.45244740614046
2018-08-28 00:00:00+00:00,37.8855400922,-0.7003720726396767,38.03773459815644,-0.3981662993615164,13.623673936851931,33.039062349396694
2018-08-29 00:00:00+00:00,37.8521386903,-0.088163985042089,37.94493664422822,-0.2431651422018027,12.45141829195669,57.37972628739823
2018-08-30 00:00:00+00:00,37.5348253724,-0.8382969334869261,37.739881008314114,-0.5407310378443644,5.593256744028962,34.39825771019082
2018-08-31 00:00:00+00:00,37.2175120545,-0.8453837596200109,37.47869653140705,-0.6930573987321876,3.062800422457504,34.20412328056464
2018-09-04 00:00:00+00:00,37.3761687134,0.42629571441441527,37.42743262240353,-0.13338084215888618,27.621481654652218,73.88108443133954
2018-09-05 00:00:00+00:00,37.8938904427,1.3851653262534347,37.660661532551764,0.6258922420472742,67.68907724510245,84.47192596594772
2018-09-06 00:00:00+00:00,38.2195541111,0.85940943142917,37.94010782182588,0.7426508367382221,78.77539607691462,63.34619604101579
2018-09-07 00:00:00+00:00,38.1778023588,-0.1092418613221735,38.05895509031294,0.3167044877080243,73.89927125164513,37.45741154034247
2018-09-10 00:00:00+00:00,38.4617142748,0.7436570427280298,38.260334682556476,0.530180765218027,84.00073662204392,59.381985512590376
2018-09-11 00:00:00+00:00,38.4283128729,-0.08684324796693899,38.344323777728235,0.22166875862554403,78.63048038020791,39.273222949419846
2018-09-12 00:00:00+00:00,38.6120205833,0.4780530204581357,38.47817218051412,0.34986088954183986,86.00950481912355,54.86683158784808
2018-09-13 00:00:00+00:00,38.5953198824,-0.04325259504089907,38.53674603145706,0.1533041472504704,82.1416838521978,40.47861421976376
2018-09-14 00:00:00+00:00,38.7300624349,0.34911629936107413,38.633404233178524,0.25121022330577225,88.43544421061983,54.075391845370866
2018-09-17 00:00:00+00:00,39.0079689494,0.7175472927964499,38.82068659128926,0.4843787580511111,94.46757299065754,65.2546404946702
2018-09-18 00:00:00+00:00,38.6795339777,-0.8419689118550178,38.750110284494625,-0.17879507690195334,49.08265135742259,25.63446452455386
2018-09-19 00:00:00+00:00,38.7047982063,0.06531678642913707,38.72745424539731,-0.056739145236408134,51.756959287141754,51.390211988388955
2018-09-20 00:00:00+00:00,39.2774540544,1.4795474324596603,39.002454149898654,0.7114041436116261,82.68230681980711,73.1405774417019
2018-09-21 00:00:00+00:00,39.2269255972,-0.12864493999539262,39.114689873549324,0.29137960180811673,76.21595392378156,41.481167534684765
2018-09-24 00:00:00+00:00,38.7974337111,-1.0948905109470553,38.95606179232466,-0.40175545456946926,38.162511509724716,29.840241263274883
2018-09-25 00:00:00+00:00,38.4689987394,-0.846537877081377,38.71253026586233,-0.6241466658254231,24.265467894469403,36.690087082059506
2018-09-26 00:00:00+00:00,38.6121627014,0.3721541154991792,38.66234648363117,-0.12599627516312195,38.83008095878851,63.16270486773319
2018-09-27 00:00:00+00:00,38.7469052539,0.3489640130805549,38.70462586876559,0.11148386895871648,51.89147110081224,62.41774442583023
2018-09-28 00:00:00+00:00,38.8984906255,0.3912193002426845,38.801558247132796,0.2513515846007005,64.63455203507627,63.59141428331867
2018-10-01 00:00:00+00:00,38.9321762636,0.08659883085004871,38.8668672553664,0.1689752077253746,67.5037733258564,47.5378373284963
2018-10-02 00:00:00+00:00,39.1679757305,0.6056673156503267,39.017421492933195,0.38732126168785064,82.45222548534666,68.1130159007734
2018-10-03 00:00:00+00:00,38.6290055205,-1.3760481616625908,38.8232135067166,-0.4943634499873701,31.993411245173785,20.98382520427023
2018-10-04 00:00:00+00:00,38.6121627014,-0.04360148254674012,38.7176881040583,-0.26898246626705513,31.101229170413653,53.4609327344912
2018-10-05 00:00:00+00:00,38.63742693,0.06543075246876473,38.67755751702914,-0.1017758568991452,35.16901502728652,55.69604907700815
2018-10-08 00:00:00+00:00,39.1427115019,1.3077593723190617,38.91013450946457,0.6029917577099583,76.60545602722813,75.66831851878186
2018-10-09 00:00:00+00:00,39.0669188161,-0.19363166957997446,38.988526662782284,0.2046800440649919,66.97406521477868,41.63983703054906
2018-10-10 00:00:00+00:00,38.4689987394,-1.5305022633461118,38.72876270109114,-0.66291110964056,26.921302804368395,26.014468874182942
2018-10-11 00:00:00+00:00,37.5931721481,-2.2767075307394857,38.16096742459557,-1.4698093201900229,11.63414824043846,19.79517823140316
2018-10-12 00:00:00+00:00,37.6268577863,0.0896057349651036,37.89391260544778,-0.6901017926124596,14.43721479068414,62.47174377167763
2018-10-15 00:00:00+00:00,37.8205502055,0.5147717098782589,37.85723140547389,-0.08766504136710035,32.81789738646153,67.17853056887688
2018-10-16 00:00:00+00:00,38.3089919583,1.2914718324985364,38.08311168188695,0.601903395565718,62.93572520520525,75.57341938411795
2018-10-17 00:00:00+00:00,38.620584111,0.8133655749521518,38.35184789644347,0.7076344852589349,74.0623899131296,61.13528224399045
2018-10-18 00:00:00+00:00,38.4100488727,-0.5451373746572452,38.38094838457174,0.08124855530084485,56.78516674169902,33.69686677938384
2018-10-19 00:00:00+00:00,39.0163903589,1.5786011837932046,38.69866937173587,0.8299248695470247,78.47616704821374,67.69551513989559
2018-10-22 00:00:00+00:00,38.7132196158,-0.7770343189393514,38.70594449376793,0.02644527530383667,57.01342759765688,36.52995119839984
2018-10-23 00:00:00+00:00,39.0416545875,0.8483793777925852,38.87379954063397,0.43741232654821094,70.23971217848535,57.01315055222713
2018-10-24 00:00:00+00:00,39.3532467402,0.7981018120061023,39.11352314041699,0.6177570692771566,79.3023476219221,56.17204446230409
2018-10-25 00:00:00+00:00,39.1679757305,-0.4707896426516367,39.14074943545849,0.07348371331275994,62.364229413163294,36.04255395708302
2018-10-26 00:00:00+00:00,38.6711125682,-1.268544398921001,38.905931001829245,-0.5975303428041205,33.54338888711789,26.93869855959815
2018-10-29 00:00:00+00:00,39.1258686828,1.1759581879057457,39.015899842314624,0.2892139225508126,59.340320052899365,66.19055464730224
2018-10-30 00:00:00+00:00,40.111173598,2.518295307864049,39.563536720157316,1.403754615207431,82.02152367095017,76.56227181159362
2018-10-31 00:00:00+00:00,40.3217088363,0.5248792778042688,39.94262277822865,0.9643169465058499,84.74838674916285,45.48221384658386
2018-11-01 00:00:00+00:00,40.2038091029,-0.2923976607208001,40.073215940564324,0.3359596428925249,75.1711361926344,36.39599551148975
2018-11-02 00:00:00+00:00,40.4227657507,0.5446166736081892,40.24799084563216,0.44028815825035705,81.11597983516984,51.33214596464158
2018-11-05 00:00:00+00:00,41.0038430083,1.437499999835956,40.625916926966084,0.9388940790431566,90.3313896181483,64.62467761228324
2018-11-06 00:00:00+00:00,41.3575422087,0.8626001234284475,40.99172956783305,0.900747101235802,93.31153814716478,51.13571378690503
2018-11-07 00:00:00+00:00,41.5764988565,0.5294237425790271,41.28411421216653,0.7150854219074145,94.79987956732917,43.28221886428197
2018-11-08 00:00:00+00:00,41.5428132184,-0.08102086281066567,41.413463715283264,0.31703227954837443,90.1695275394785,30.43570429777777
2018-11-09 00:00:00+00:00,41.837562552,0.7095073991509437,41.62551313364163,0.5132698393496591,94.00971821652084,55.87566253807558
2018-11-12 00:00:00+00:00,41.9975693331,0.38244766506445593,41.81154123337082,0.4478587522070575,95.4553448683532,45.540278448702324
2018-11-13 00:00:00+00:00,41.9891479235,-0.02005213571578679,41.90034457843541,0.21390330824563536,93.67070599203181,33.948414393218755
2018-11-14 00:00:00+00:00,41.9049338282,-0.20056157236967298,41.902639203317705,0.00667086793798119,73.15504051552118,28.98523548274438
2018-11-15 00:00:00+00:00,41.8880910091,-0.04019292613383074,41.89536510620886,-0.016761029097924776,68.64469267490438,40.56486134282543
2018-11-16 00:00:00+00:00,42.250211619,0.8644953760755802,42.07278836260443,0.42386717348882774,89.50752780634281,75.02517082300758
2018-11-19 00:00:00+00:00,42.5365395431,0.6776958342410655,42.30466395285221,0.5507815038649466,94.13552522078055,63.60360346254968
2018-11-20 00:00:00+00:00,41.584920266,-2.2371807564077417,41.9447921094261,-0.8431996262713976,29.427439987578037,13.938023037599443
2018-11-21 00:00:00+00:00,41.0375286465,-1.3163223976349614,41.491160377963055,-1.0797610119531795,18.471758257021367,37.1824447343395
2018-11-23 00:00:00+00:00,41.2817495229,0.5951159449774313,41.38645495043153,-0.24232253348787414,34.733083014474865,65.87749721545363
2018-11-26 00:00:00+00:00,41.1554283799,-0.30599755208999824,41.270941665165765,-0.2741600427889362,30.0784279642759,49.793076805292785
2018-11-27 00:00:00+00:00,41.5764988565,1.023122570158086,41.42372026083288,0.3744812636845749,58.1323179252342,67.40206524488559
2018-11-28 00:00:00+00:00,41.8628267805,0.6886773342513752,41.64327352066644,0.5315792989679751,70.29067435811685,59.52247198584399
2018-11-29 00:00:00+00:00,41.5764988565,-0.6839670084901495,41.60988618858322,-0.0761938547610872,48.962598710122116,34.61201319005678
2018-11-30 00:00:00+00:00,42.7818608078,2.899142507069352,42.19587349819161,1.4114743261541325,82.49755427095329,75.21943044026425
2018-12-03 00:00:00+00:00,42.1791798321,-1.4087301588109558,42.1875266651458,0.0013720836715883644,55.26364561209972,35.48157930951862
2018-12-04 00:00:00+00:00,42.0858067232,-0.22137250954542553,42.1366666941729,-0.11000021293691858,51.326039653972245,47.047293503742644
2018-12-06 00:00:00+00:00,41.9160374343,-0.4033884630430862,42.02635206423645,-0.2566943379900024,42.97505423202333,45.18477740655176
2018-12-07 00:00:00+00:00,41.6698719654,-0.5872823004460903,41.84811201481823,-0.42198831921804636,31.74208284801574,42.627353391325336
2018-12-10 00:00:00+00:00,41.7971989321,0.3055612141206643,41.822655473459115,-0.05821355254869104,43.25070232067975,59.37362406967727
2018-12-11 00:00:00+00:00,42.0518528655,0.6092607636547287,41.93725416947956,0.2755236055530188,62.31322659682618,64.63972221415207
2018-12-12 00:00:00+00:00,41.7802220032,-0.6459426726541428,41.858738086339784,-0.18520953355056202,40.53018609046371,35.839198489998196
2018-12-13 00:00:00+00:00,41.9924336143,0.5079236081697802,41.92558585031989,0.1613570373096091,57.8125409198236,60.25656861242832
2018-12-14 00:00:00+00:00,41.8820835765,-0.2627855265869061,41.90383471340995,-0.050714244638648515,47.12952243484427,43.62340248525099
2018-12-17 00:00:00+00:00,41.0247486675,-2.047020672775346,41.46429169045497,-1.0488674587069973,14.94523375525756,22.27309985799762
2018-12-18 00:00:00+00:00,41.016260203,-0.02069108227522598,41.240275946727486,-0.5347792704911116,14.795182001399905,57.61304954802795
2018-12-19 00:00:00+00:00,40.6597446963,-0.8692052979367482,40.950010321513744,-0.7019922842139299,9.062750010922317,44.814667896762586
2018-12-20 00:00:00+00:00,40.3541599763,-0.7515657618672011,40.65208514890687,-0.7267790230405655,6.0492805489782775,47.2515221999572
2018-12-21 00:00:00+00:00,40.3796253696,0.06310475379727176,40.515855259253435,-0.3318371346216469,9.798414671128326,63.83863174614947
2018-12-24 00:00:00+00:00,39.0129825938,-3.3844860205882066,39.764418926526716,-1.8581615776049267,2.326100094272938,21.307130333272006
2018-12-26 00:00:00+00:00,39.8448521095,2.132288946890748,39.804635518013356,0.13706368464291063,42.419137358706514,69.72356042441085
2018-12-27 00:00:00+00:00,40.3456715118,1.2569237323899918,40.075153514906674,0.6969937085164513,57.991245987367016,60.81757902239392
2018-12-28 00:00:00+00:00,40.0655521851,-0.6942983378478873,40.07035285000334,0.0013476853342819783,47.26672392050082,42.616748273668215
2018-12-31 00:00:00+00:00,40.1928791518,0.3177966101945984,40.13161600090167,0.15957214776444018,53.171390120202325,53.454629579226385
2019-01-02 00:00:00+00:00,39.8363636451,-0.887011615548905,39.98398982300084,-0.3637197338922324,36.16403527894587,39.973661225204424
2019-01-03 00:00:00+00:00,39.5901981761,-0.6179416153368589,39.78709399955042,-0.49083067461454566,27.1648057510509,44.64986137901513
2019-01-04 00:00:00+00:00,40.3796253696,1.9939965695260353,40.083359684575214,0.7515829474557448,66.8483229466467,74.06676021793338
2019-01-07 00:00:00+00:00,39.8533405739,-1.3033424428355755,39.968350129237606,-0.27587974768991536,43.27200804575848,36.915272132255645
2019-01-08 00:00:00+00:00,40.3032291896,1.1288604900404176,40.135789659418805,0.4264903711752511,60.93736400797617,59.43062135927159
2019-01-09 00:00:00+00:00,39.530778925,-1.9165964617031905,39.8332842922094,-0.7450530452639696,33.81626091060416,35.57984824128188
2019-01-10 00:00:00+00:00,39.9552021473,1.0736525660302254,39.8942432197547,0.16429976038312788,51.57802375840018,59.51140839623177
2019-01-11 00:00:00+00:00,40.1843906873,0.5736137666256136,40.03931695352735,0.36895676350437073,60.22443919360318,54.43864955087029
2019-01-14 00:00:00+00:00,40.0231098629,-0.4013519220809614,40.031213408213674,-0.016197579288295322,50.673324107238244,43.575349904934974
2019-01-15 00:00:00+00:00,40.3796253696,0.8907741250523848,40.20541938890683,0.43728827288204475,67.67282104538987,59.601427557097466
2019-01-16 00:00:00+00:00,39.8278751806,-1.3664073996471071,40.01664728475342,-0.4645595633825312,37.595259184648235,34.17048772113789
2019-01-17 00:00:00+00:00,39.9467136829,0.298380221794714,39.98168048382671,-0.08308967079390858,45.4310034520919,55.28042774828636
2019-01-18 00:00:00+00:00,40.4135792274,1.168720781904664,40.19762985561336,0.5428155555553777,68.63718295027202,64.26639511836241
2019-01-22 00:00:00+00:00,40.5069523363,0.2310438983258889,40.35229109595668,0.3869297269406333,72.18570124958579,48.5128245432768
2019-01-23 00:00:00+00:00,40.9738178808,1.1525565799765713,40.663054488378336,0.7697431534586023,84.95370211726112,62.1794725761343
2019-01-24 00:00:00+00:00,40.4814869429,-1.201574476980094,40.57227071563916,-0.21591566176074584,49.216427101610144,30.825461431891622
2019-01-25 00:00:00+00:00,40.2098560807,-0.6710002095109302,40.39106339816958,-0.443457935635838,36.50694486356335,40.90030119157031
2019-01-28 00:00:00+00:00,40.0400867918,-0.42220814856754885,40.215575094984786,-0.43283304210169343,29.39138464015498,46.39195830356823
2019-01-29 00:00:00+00:00,40.235321474,0.487598049462723,40.225448284492394,0.027382503680514786,47.15791595170277,64.49112806243322
2019-01-30 00:00:00+00:00,40.6257908385,0.9704641349822962,40.4256195614962,0.4989233193314055,69.88814213188878,72.01338489126366
2019-01-31 00:00:00+00:00,40.8549793786,0.5641454242973243,40.6402994700481,0.5315343718143649,78.15959361160702,56.820294014274396
2019-02-01 00:00:00+00:00,41.338821852,1.1842925409808025,40.98956066102405,0.8579134563975837,88.31972836393341,70.8836508291564
2019-02-04 00:00:00+00:00,41.8056873965,1.1293634496199578,41.397624028762024,0.9936384530087707,93.01967863739488,67.94358718022079
2019-02-05 00:00:00+00:00,41.814175861,0.020304568657114608,41.60589994488102,0.5069715108329427,93.09544985748776,30.11434951529844
2019-02-06 00:00:00+00:00,41.814175861,0.0,41.71003790294051,0.25348575541647134,93.09544985748778,29.660833229433685
2019-02-07 00:00:00+00:00,41.9499912921,0.32480714567106883,41.83001459752026,0.2891464505437701,95.03548047538693,48.33176819263705
2019-02-08 00:00:00+00:00,42.0178990077,0.16187778235079442,41.923956802610135,0.22551211644728225,95.89957841717583,40.285683067621434
2019-02-11 00:00:00+00:00,42.1112721166,0.22222222220793508,42.01761445960507,0.22386716932760867,96.98273851665776,45.3409402480739
2019-02-12 00:00:00+00:00,42.1537144388,0.10078613175703577,42.08566444920254,0.1623266505423222,97.44323249784733,36.11257088136274
2019-02-13 00:00:00+00:00,42.2640644766,0.2617801047170021,42.17486446290127,0.21205337762966214,98.3972294271444,54.52044855331286
2019-02-14 00:00:00+00:00,38.6989094093,-8.435428800923505,40.436886936100635,-4.111687711646922,5.15647416648337,2.2392158938812234
2019-02-15 00:00:00+00:00,38.4018131537,-0.7677122175660189,39.41935004490031,-2.4396999646064703,4.610377626901226,56.89807011423341
2019-02-19 00:00:00+00:00,38.0537861114,-0.9062776304521014,38.73656807815016,-1.6729887975292859,3.8870377496851005,56.04861433609472
2019-02-20 00:00:00+00:00,38.2829746514,0.602275261991192,38.50977136477508,-0.535356767769047,16.78390957888989,64.66372667638176
2019-02-21 00:00:00+00:00,38.9280979493,1.6851441241815923,38.718934657037536,0.5748936782062727,46.87962362993404,70.82190066180907
2019-02-22 00:00:00+00:00,38.4357670115,-1.2647187089418477,38.57735083426877,-0.3449125153677875,33.15384687180127,41.365221728040375
2019-02-25 00:00:00+00:00,38.1471592203,-0.750883392319579,38.362255027284384,-0.5478979538436832,26.365910398092968,47.11274355600037
2019-02-26 00:00:00+00:00,37.9349476091,-0.5562972854006643,38.14860131819219,-0.5520976196221737,21.508851098840648,49.902221598353286
2019-02-27 00:00:00+00:00,38.1471592203,0.5594092639503057,38.147880269246095,0.0036558221640659583,38.50227659595827,65.53607555362673
2019-02-28 00:00:00+00:00,38.4866977981,0.8900756563265055,38.31728903367305,0.4468657392452857,59.5303962456096,69.73484322742264
2019-03-01 00:00:00+00:00,38.5206516559,0.08822232028873334,38.41897034478652,0.26754402976700953,61.50481415002647,48.32118612997605
2019-03-04 00:00:00+00:00,38.749840196,0.5949757603981309,38.58440527039326,0.43125989508257023,74.23304923415894,59.97286580325096
2019-03-05 00:00:00+00:00,38.7073978737,-0.10952902537229026,38.64590157204663,0.16086543485514,67.98858385198714,40.79316276346481
2019-03-06 00:00:00+00:00,38.580070907,-0.3289473684474076,38.612986239523316,-0.08404096679613379,49.31930872322039,35.49065478015456
2019-03-07 00:00:00+00:00,38.4357670115,-0.37403740352851544,38.52437662551166,-0.22903918516232463,33.62350977973298,34.123413014149186
2019-03-08 00:00:00+00:00,38.0622745758,-0.9717314489606776,38.29332560065583,-0.6003853170615011,15.040353016329467,19.322582413707703
2019-03-11 00:00:00+00:00,39.1997288116,2.988403211517987,38.74652720612791,1.194008947228243,75.89632046142748,84.80874559659591
2019-03-12 00:00:00+00:00,39.0893787738,-0.2815071459559171,38.91795298996395,0.4562509006361629,68.73193632195576,42.2913693155581
2019-03-13 00:00:00+00:00,39.2336826694,0.3691639522721557,39.075817829681974,0.4127074264541593,73.61708464891582,49.802793600325714
2019-03-14 00:00:00+00:00,39.131821096,-0.25962786684676775,39.10381946284099,0.07653977980369578,63.16760299232699,41.89767984963216
2019-03-15 00:00:00+00:00,38.7893106269,-0.8752735229463071,38.946565044870496,-0.3993668715713057,36.812448469949864,33.97711557615895
2019-03-18 00:00:00+00:00,38.8835010059,0.24282560704929068,38.91503302538525,-0.0782706322610075,46.09056645833494,56.42052703257953
2019-03-19 00:00:00+00:00,39.0119424318,0.330323717199521,38.963487728592625,0.12602654246925676,58.542158511121386,58.092746218771794
2019-03-20 00:00:00+00:00,38.9862541467,-0.06584723420247629,38.974870937646315,0.030089654133390237,54.748537917854556,46.083145737333645
2019-03-21 00:00:00+00:00,38.9691286232,-0.04392708115932287,38.97199978042316,-0.006918713512966315,51.41666038268244,46.992629863517585
2019-03-22 00:00:00+00:00,39.3287646158,0.9228740936893631,39.15038219811158,0.4579776900881984,83.34488306022158,74.9489911609307
2019-03-25 00:00:00+00:00,39.4143922331,0.21772262143622267,39.282387215605794,0.33785015576221056,86.51089461291696,47.52610678663232
2019-03-26 00:00:00+00:00,39.9367206984,1.3252226806160117,39.6095539570029,0.8315364181891112,95.07579292129691,71.8183120739183
2019-03-27 00:00:00+00:00,39.9110324133,-0.06432246977411404,39.760293185151454,0.38360697420749856,90.82165887035366,38.37981718860018
2019-03-28 00:00:00+00:00,39.8853441281,-0.06436387045561931,39.82281865662573,0.15962155187593963,85.10937382598858,38.379018584605035
2019-03-29 00:00:00+00:00,40.1251014565,0.6011163590063706,39.97396005656286,0.3803689554411551,92.08172332448628,58.96595848815885
2019-04-01 00:00:00+00:00,40.0052227923,-0.29876227061994554,39.98959142443143,0.04080334241060479,68.14921132677661,35.14802258106062
2019-04-02 00:00:00+00:00,39.8767813664,-0.32106164379297475,39.93318639541572,-0.14012915069118498,48.070104337209415,34.628108587431704
2019-04-03 00:00:00+00:00,39.542833659,-0.83744900154199,39.738010027207864,-0.4887890761165875,22.367817187171294,22.874764571947722
2019-04-04 00:00:00+00:00,39.7997165108,0.6496318751843866,39.76886326900393,0.08042139953389954,51.988281597022386,68.72665559173073
2019-04-05 00:00:00+00:00,39.7911537491,-0.02151462987853847,39.78000850905197,0.029453384827680534,51.01504519485939,49.00397110664008
2019-04-08 00:00:00+00:00,39.8596558429,0.17215407784336723,39.81983217597598,0.10080373133552388,60.00064576278403,54.63854609610355
2019-04-09 00:00:00+00:00,39.9624089836,0.2577873253722718,39.891120579787994,0.17929552835389784,71.68650017499913,57.735765894419174
2019-04-10 00:00:00+00:00,39.9367206984,-0.06428112281854359,39.913920639094,0.057507202767677124,64.60823782390244,41.680566614858776
2019-04-11 00:00:00+00:00,39.9966600305,0.1500857633070618,39.955290334797,0.10379648303736946,73.69790005294328,54.353542892774044
2019-04-12 00:00:00+00:00,40.0223483157,0.06422607582834416,39.9888193252485,0.08401127943285681,77.42512339578394,48.076935470970064
2019-04-15 00:00:00+00:00,40.2449801206,0.5562687205254768,40.116899722924245,0.3201399999791668,92.05727120247593,73.94287639273476
2019-04-16 00:00:00+00:00,40.202166312,-0.10638297862664015,40.159533017462124,0.10687851067626333,77.55656438495332,36.85473422925979
2019-04-17 00:00:00+00:00,40.484737449,0.7028753993181036,40.322135233231066,0.40487695499718346,91.23108524158816,67.09166825526722
2019-04-18 00:00:00+00:00,40.6559926836,0.4230118444407127,40.48906395841553,0.4139443997189481,94.35682868436405,53.74222876077342
2019-04-22 00:00:00+00:00,40.5874905898,-0.16849199657503755,40.53827727410776,0.12272620157195527,77.73195604388007,32.954364765714864
2019-04-23 00:00:00+00:00,41.2810742897,1.708860759364872,40.909675781903886,0.9157934804684136,93.94216610750564,76.4049161875121
2019-04-24 00:00:00+00:00,41.08413077,-0.4770794440035697,40.996903275951944,0.21935701823242193,71.70849188571472,35.838867298507566
2019-04-25 00:00:00+00:00,40.9642521058,-0.2917882451283105,40.980577690875975,-0.03621561344794427,58.96625503712857,39.89629178896904
2019-04-26 00:00:00+00:00,41.3238880984,0.8779264214836768,41.15223289463799,0.42085540401786625,77.19875355405588,62.407410214002226
2019-04-29 00:00:00+00:00,41.460892286,0.3315375050715774,41.306562590319,0.37619645454472184,81.81577404853921,49.43445874583598
2019-04-30 00:00:00+00:00,42.0089090366,1.32176786456919,41.657735813459496,0.8489821595569559,91.79019098952331,67.69189340880561
2019-05-01 00:00:00+00:00,41.6064592354,-0.9580105992501919,41.63209752442975,-0.05451421984661803,57.21762227729318,30.126750161471286
2019-05-02 00:00:00+00:00,41.4352040008,-0.4116073267159792,41.533650762614876,-0.23306077328129862,46.127863248855476,41.74840812383039
2019-05-03 00:00:00+00:00,41.7177751378,0.6819590824134636,41.625712950207436,0.2244491545660825,63.59246758236848,61.148031643244934
2019-05-06 00:00:00+00:00,41.5037060946,-0.5131362890108515,41.56470952240372,-0.1443435672223845,46.47235666626329,39.55429456982795
2019-05-07 00:00:00+00:00,41.1012562934,-0.969671962023555,41.33298290790186,-0.5570077646229697,26.416918326627076,32.89741737480654
2019-05-08 00:00:00+00:00,40.9728148675,-0.3124999999589484,41.15289888770093,-0.43475388229095907,21.8937540854246,50.782532253058115
2019-05-09 00:00:00+00:00,40.5874905898,-0.9404388713494138,40.87019473875046,-0.6875963768201865,12.365858480745151,36.745243604781976
2019-05-10 00:00:00+00:00,41.2639487663,1.6666666666748764,41.06707175252523,0.48953514492734496,59.16385838406417,76.75720131562312
2019-05-13 00:00:00+00:00,41.1440701021,-0.2905167047364543,41.10557092731261,0.09950922009544533,51.80934028160115,44.82705169004151
2019-05-14 00:00:00+00:00,41.6920868526,1.3319458895050484,41.398828889956306,0.7157275548002469,73.98467504294486,63.63666775954977
2019-05-15 00:00:00+00:00,42.1116621773,1.0063668105254164,41.755245533628155,0.8610471826628316,82.97942243626206,57.714116267810375
2019-05-16 00:00:00+00:00,42.4541726464,0.8133387555636196,42.10470909001408,0.8371929691132256,88.04201429499149,53.302439323613584
2019-05-17 00:00:00+00:00,42.1287877008,-0.7664380797386627,42.11674839540704,0.035377444687281434,61.833715513984934,27.498156359981653
2019-05-20 00:00:00+00:00,41.8290910403,-0.7113821138848175,41.97291971785352,-0.33800233459876805,43.81430747874459,29.287689087106518
2019-05-21 00:00:00+00:00,41.6150219971,-0.5117707267264238,41.793970857476765,-0.4248865306625959,33.38912916993424,37.656333599249166
2019-05-22 00:00:00+00:00,42.5141119785,2.1604938271152507,42.15404141798838,0.8678036482263274,73.34522736688906,81.5362382300468
2019-05-23 00:00:00+00:00,42.6853672131,0.4028197382709209,42.419704315544195,0.6353116932486241,77.24505725412662,48.120383508722604
2019-05-24 00:00:00+00:00,42.4798609316,-0.4814443330756424,42.4497826235721,0.07693368008649087,61.14274868923859,36.753618247145404
2019-05-28 00:00:00+00:00,42.0431600835,-1.0280185446067458,42.24647135353605,-0.4755424322601275,36.73432603641957,30.150354417786147
2019-05-29 00:00:00+00:00,41.6235847588,-0.9979633402120602,41.93502805616802,-0.7367528862360939,23.318595860957537,31.17034450998046
2019-05-30 00:00:00+00:00,42.1716015094,1.3166015223716077,42.053314782784014,0.28992431806775687,55.30117566135663,74.38262924966335
2019-05-31 00:00:00+00:00,42.0688483687,-0.24365482225542356,42.06108157574201,0.023134747906166653,49.49515406671255,45.49901693526374
2019-06-03 00:00:00+00:00,42.7966831155,1.730103806077854,42.428882345621005,0.8766192769920103,76.12638983289904,68.62048948178186
2019-06-04 00:00:00+00:00,42.813808639,0.040016006506338186,42.6213454923105,0.4583176417491742,76.5625746069935,44.41740127157921
2019-06-05 00:00:00+00:00,43.4817040538,1.5600000000738135,43.05152477305525,1.009158820911494,88.67116408199506,62.33768804378364
2019-06-06 00:00:00+00:00,44.0125952809,1.220953131098823,43.532060026977625,1.1150559760051584,92.9895281173934,56.26783350538708
2019-06-07 00:00:00+00:00,44.0896601364,0.1750972761505043,43.810860081688816,0.6450766260778313,93.52680109070253,38.791022977174265
2019-06-10 00:00:00+00:00,43.9954697574,-0.21363371527156616,43.90316491954441,0.2157214554031326,82.00478744795272,33.065157136056776
2019-06-11 00:00:00+00:00,43.9526559488,-0.09731412992312061,43.927910434172205,0.05920366274000599,75.65042133126042,37.22423353261195
2019-06-12 00:00:00+00:00,44.2181015623,0.6039353203347142,44.0730059982361,0.3315694915373601,85.8485012720944,59.80796140062173
2019-06-13 00:00:00+00:00,44.1239111833,-0.21301316807391668,44.09845859076805,0.05927816173172171,70.19960004394673,36.722151186495694
2019-06-14 00:00:00+00:00,44.2792466813,0.352043809885072,44.18885263603403,0.20566098580839687,79.46113544869512,54.81685285493345
2019-06-17 00:00:00+00:00,43.8995376862,-0.8575326446562226,44.04419516111702,-0.32593582942391286,37.139229471344564,28.577399986676895
2019-06-18 00:00:00+00:00,43.7010534388,-0.45213288763720216,43.87262429995851,-0.3890343585305575,26.198375303757146,42.43120921672823
2019-06-19 00:00:00+00:00,44.1152814335,0.9478672986226622,43.99395286672926,0.2794164700460523,61.60555753313545,71.28418338004072
2019-06-20 00:00:00+00:00,44.5812879275,1.056338028133097,44.28762039711463,0.6678772490895746,78.78288413071944,72.86475078215332
2019-06-21 00:00:00+00:00,44.4863606787,-0.2129307007782577,44.386990537907316,0.22747327415565843,69.30825236142971,37.06046595555233
2019-06-24 00:00:00+00:00,44.8056614246,0.7177497575181047,44.596325981253656,0.47261151583688155,80.8985916826221,59.14212066859359
2019-06-25 00:00:00+00:00,44.6675854264,-0.30816640980148025,44.63195570382683,0.08222255301770065,64.98120372149471,37.42910734819398
2019-06-26 00:00:00+00:00,44.1152814335,-1.2364760432597044,44.37361856866342,-0.5771267451210018,29.80045842100342,24.980962834258037
2019-06-27 00:00:00+00:00,44.0807624339,-0.07824726144394223,44.22719050128171,-0.327687003282472,28.36096537788381,53.76120378366581
2019-06-28 00:00:00+00:00,43.9426864357,-0.3132341424607832,44.084938468490854,-0.3204605728716276,21.988204276072967,48.14069282471199
2019-07-01 00:00:00+00:00,44.5295094281,1.3354281223991293,44.30722394829543,0.5074837747637508,67.9290350631897,75.30787577801664
2019-07-02 00:00:00+00:00,44.8574399239,0.7364341085533299,44.58233193609772,0.6219589416585404,78.52822149743842,58.582740935246875
2019-07-03 00:00:00+00:00,44.9609969226,0.23085802238309583,44.77166442934886,0.4264084820208181,81.4346089748734,45.725610650326985
2019-07-05 00:00:00+00:00,44.9696266725,0.019193857989519003,44.87064555092443,0.22280117000516855,81.74350541359107,40.186874692070205
2019-07-08 00:00:00+00:00,44.8746994237,-0.21109192097884533,44.872672487312215,0.005854624513161613,64.13610229108072,33.55394009680722
2019-07-09 00:00:00+00:00,44.5208796782,-0.7884615385593818,44.6967760827561,-0.3913034570231101,29.096278062837143,20.703037766902487
2019-07-10 00:00:00+00:00,44.7193639257,0.4458228339930814,44.70807000422805,0.027259688484985667,51.426533554990215,64.41090454764091
2019-07-11 00:00:00+00:00,44.9092184233,0.42454650722545395,44.808644213764026,0.2259030978552198,66.5441382188687,63.505819756470196
2019-07-12 00:00:00+00:00,44.9782564224,0.1537279015842108,44.89345031808202,0.18981549971971529,71.39944725558533,50.07203912984526
2019-07-15 00:00:00+00:00,44.9868861723,0.01918649273318085,44.940168245191,0.10450099622644807,72.1570833495689,43.25372545030474
2019-07-16 00:00:00+00:00,44.9955159221,0.01918281200203875,44.9678420836455,0.06184190411424341,73.22115135390885,43.25348375279519
2019-07-17 00:00:00+00:00,45.0300349217,0.07671653250906907,44.99893850267275,0.06927921831165623,78.2161984238113,49.82700813340713
2019-07-18 00:00:00+00:00,44.9005886734,-0.28746646216261107,44.949763588036376,-0.10909362192547742,38.168601631518065,23.728438800525932
2019-07-19 00:00:00+00:00,44.3482846805,-1.2300595809943027,44.64902413426819,-0.6695766014598901,8.924415935981616,7.822089294532632
2019-07-22 00:00:00+00:00,44.2015789323,-0.330803658488521,44.4253015332841,-0.5001901299742055,6.837183826946657,52.95350359459068
2019-07-23 00:00:00+00:00,46.8854311479,6.071846934949177,45.65536634059205,2.7858284024874855,87.44082804081836,92.44720056632798
2019-07-24 00:00:00+00:00,46.410794904,-1.012332044900599,46.033080622296026,0.8867481787934433,71.1183130782907,38.62870083412397
2019-07-25 00:00:00+00:00,45.7980826618,-1.3201933805860988,45.91558164204801,-0.21672260089632778,52.23681587755011,37.21639420086141
2019-07-26 00:00:00+00:00,46.7473551496,2.0727341247230413,46.331468395824004,0.9280057619133568,70.46173370321654,60.868033937650054
2019-07-29 00:00:00+00:00,46.5920196516,-0.3322872438513369,46.461744023712,0.29785925903100996,64.42759477485438,43.460268567535124
2019-07-30 00:00:00+00:00,46.3590164046,-0.5000926097265657,46.410380214156,-0.10111667534777785,54.019021347528856,42.19723213224654
2019-07-31 00:00:00+00:00,45.4183736667,-2.0290394638456166,45.914376940428,-1.0650780695966973,27.305740090516423,30.201440060611947
2019-08-01 00:00:00+00:00,44.9005886734,-1.1400342009155406,45.407482806914004,-1.102556135256119,19.388928034177734,44.06901786697745
2019-08-02 00:00:00+00:00,45.15948117,0.5765904284309897,45.283481988457,-0.26298285341256467,33.78690664404943,64.49867199630813
2019-08-05 00:00:00+00:00,44.5726581776,-1.2994458244348417,44.9280700830285,-0.7812143389237032,21.02122946607138,40.34248575640029
2019-08-06 00:00:00+00:00,45.1077026707,1.2003872216193923,45.017886376864254,0.20958644134784454,47.92849611197342,65.88232171799372
2019-08-07 00:00:00+00:00,45.8930099106,1.7409603979013921,45.45544814373213,0.9752734196246183,70.24599751064466,70.04234289546245
2019-08-08 00:00:00+00:00,46.333127155,0.9590071456575977,45.89428764936606,0.967140282641108,78.12689836220639,55.388454580371906
2019-08-09 00:00:00+00:00,46.100123908,-0.5028869435480199,45.99720577868303,0.23212666954654404,64.54971599101913,34.90788210179425
2019-08-12 00:00:00+00:00,45.9102694104,-0.4118307750731631,45.953737594541515,-0.08985205276330954,53.24116857514217,37.081513176569516
2019-08-13 00:00:00+00:00,46.1691619071,0.5639097744901234,46.061449750820756,0.2370288608634069,65.57663639550007,59.05748829227456
2019-08-14 00:00:00+00:00,45.7290446627,-0.9532710281498935,45.895247206760374,-0.3581210836432433,39.203673644271305,32.545070122568646
2019-08-15 00:00:00+00:00,46.488462653,1.6606906964742318,46.191854929880186,0.6512848064154942,70.21117994854357,68.77355058415142
2019-08-16 00:00:00+00:00,46.954469147,1.0024132169703437,46.57316203844009,0.826849011692919,79.72794914417004,57.174113899327665
2019-08-19 00:00:00+00:00,47.1961021439,0.514611284696942,46.88463209117005,0.6707301481949305,83.76261709557707,48.14767318441566
2019-08-20 00:00:00+00:00,46.4970924029,-1.481075150801081,46.69086224703503,-0.4051725013030753,44.945917411917655,24.454702318069423
2019-08-21 00:00:00+00:00,46.6869469004,0.4083147734376569,46.688904573717515,0.0015711360672907848,53.689285664082966,55.53069906672456
2019-08-22 00:00:00+00:00,47.0235071461,0.7208872458891014,46.856205859908755,0.36122919097819606,67.43958955693732,59.64963890062514
2019-08-23 00:00:00+00:00,46.3762759044,-1.3763993393539953,46.61624088215438,-0.5075850741878996,36.326532832223364,30.870866122092405
2019-08-26 00:00:00+00:00,47.0666558955,1.4886490509137484,46.84144838882719,0.49053198836292444,63.36721637727702,65.23765513419377
2019-08-27 00:00:00+00:00,47.2219913936,0.3300330035022725,47.0317198912136,0.41028249593259847,67.95953261478054,50.122585740548665
2019-08-28 00:00:00+00:00,47.5585516392,0.7127192980802777,47.295135765206794,0.5615008970064381,77.23465218109669,55.258491582132756
2019-08-29 00:00:00+00:00,47.5067731399,-0.10887316269178049,47.40095445255339,0.22631386715732882,72.39820577365407,41.49773503841058
2019-08-30 00:00:00+00:00,47.49814339,-0.018165304291628548,47.4495489212767,0.10407428143285014,71.28227881528635,43.81483450536833
2019-09-03 00:00:00+00:00,47.7225168871,0.47238372089135616,47.58603290418835,0.28822900116210315,82.06415615267495,57.47712176154572
2019-09-04 00:00:00+00:00,48.1281151319,0.8499095841058679,47.85707401804417,0.5690692926339855,91.11219749865347,66.79740863056135
2019-09-05 00:00:00+00:00,47.5671813891,-1.1655011655094083,47.71212770357209,-0.2982159364377114,44.52097076626475,24.24454522257044
2019-09-06 00:00:00+00:00,47.6621086379,0.1995645863972717,47.68711817073604,-0.04932567502021984,50.89512829744647,54.010054970863706
2019-09-09 00:00:00+00:00,47.0493963958,-1.2855332246311413,47.36825728326802,-0.6674294498256805,24.09380455367647,32.9089207262399
2019-09-10 00:00:00+00:00,46.9458393971,-0.22010271466361697,47.15704834018401,-0.44376608224464875,21.256038922907468,52.76702581779307
2019-09-11 00:00:00+00:00,47.265140143,0.6801470588248204,47.21109424159201,0.11819048829008583,49.02419208029977,65.65243320432536
2019-09-12 00:00:00+00:00,47.5585516392,0.6207777979971851,47.384822940396006,0.3694841431436355,65.69755665233258,63.927274980169365
2019-09-13 00:00:00+00:00,47.1702128942,-0.8165487207140054,47.277517917298,-0.22353228878518497,39.83220696151451,32.71188618616157
2019-09-16 00:00:00+00:00,46.9094118646,-0.5528934757724313,47.093464890949,-0.3882128822788081,28.52072447858367,40.681624168751036
2019-09-17 00:00:00+00:00,47.1528261589,0.5189028909648119,47.123145524924496,0.06534500434300189,48.85458700478927,65.55713748617661
2019-09-18 00:00:00+00:00,47.1441327913,-0.018436578055147645,47.133639158112246,0.023454213143927122,48.12123957869778,49.83958448847582
2019-09-19 00:00:00+00:00,47.3962404532,0.5347593581072729,47.26493980565613,0.27910678562560004,68.61483337918195,63.393041816074366
2019-09-20 00:00:00+00:00,46.8659450263,-1.118855465811952,47.06544241597806,-0.41987434009317604,30.54457921733281,28.664737759705726
2019-09-23 00:00:00+00:00,47.0658924824,0.4266369876630094,47.065667449189036,0.003381323784916679,47.13406547727448,59.652184817203185
2019-09-24 00:00:00+00:00,47.2049863648,0.2955301069707872,47.13532690699452,0.14945571537785193,57.68137602986098,56.52760259423773
2019-09-25 00:00:00+00:00,47.0919725853,-0.23941068137723898,47.11364974614726,-0.04497748299969352,46.39924033573786,42.80511710898229
2019-09-26 00:00:00+00:00,47.2832266737,0.4061288536036045,47.19843820992363,0.1805756853019555,64.1827789269239,60.2653489846005
2019-09-27 00:00:00+00:00,47.2136797325,-0.14708586129272838,47.20605897121182,0.01674491200461356,54.34752508000555,43.2809058879031
2019-09-30 00:00:00+00:00,47.326693512,0.23936659913039726,47.26637624160591,0.12805575556750542,66.76237897520821,56.21193298964917
2019-10-01 00:00:00+00:00,47.5092542328,0.3857457752752369,47.38781523720296,0.2569007654213712,79.96451765338512,61.23345441972607
2019-10-02 00:00:00+00:00,46.144395511,-2.872827081460927,46.76610537410148,-1.307963158019778,14.660641792471857,12.67958185210761
2019-10-03 00:00:00+00:00,46.8050914527,1.4318010548919125,46.785598413400734,0.06191894843606727,46.42816507213197,66.03918931627425
2019-10-04 00:00:00+00:00,47.4136271885,1.3001485883538333,47.09961280095037,0.6810337683949503,64.62251786549182,64.23834656312687
2019-10-07 00:00:00+00:00,46.8311715557,-1.228456178820403,46.96539217832519,-0.2737112052127263,43.44064437036274,35.97520084036284
2019-10-08 00:00:00+00:00,46.5790638937,-0.5383330239777329,46.77222803601259,-0.4060221145952296,35.8181357078104,45.74723404347397
2019-10-09 00:00:00+00:00,46.7963980851,0.4665920120163536,46.7843130605563,0.030284948710562004,47.687788560922776,59.31174404456989
2019-10-10 00:00:00+00:00,46.6486108349,-0.3158090285736326,46.71646194772815,-0.1427620399315353,40.11973910146574,45.90724785954368
2019-10-11 00:00:00+00:00,46.3356495994,-0.6708907937422626,46.526055773564075,-0.4068264168368989,26.673483678653852,39.78611819593033
2019-10-14 00:00:00+00:00,46.3356495994,0.0,46.43085268648204,-0.20341320841844945,26.673483678653852,56.299925710798746
2019-10-15 00:00:00+00:00,46.5182103201,0.3939962475509651,46.47453150329102,0.09529151956625781,49.074863527536685,64.80318575670566
2019-10-16 00:00:00+00:00,46.5008235848,-0.03737619134605019,46.48767754404551,0.02895766411010381,47.022648949367905,49.10962561093057
2019-10-17 00:00:00+00:00,46.7616246144,0.5608524957077199,46.62465107922276,0.29490507990891185,72.7048326305054,66.15811138759061
2019-10-18 00:00:00+00:00,47.6222680123,1.8404907977362495,47.12345954576138,1.0676979388225807,91.97117012026484,83.68974083003997
2019-10-21 00:00:00+00:00,47.1441327913,-1.0040160642422635,47.133796168530694,0.03184093729015858,57.908708263614145,30.68544224968273
2019-10-22 00:00:00+00:00,46.8137848204,-0.7007191591844597,46.97379049446535,-0.33443911094715056,41.846757243513736,37.06090369358833
2019-10-23 00:00:00+00:00,47.5005608651,1.46703806866888,47.23717567978267,0.5662994788608647,68.81773968223618,68.3102125576347
2019-10-24 00:00:00+00:00,47.4744807621,-0.05490483170096372,47.35582822094133,0.2556973235799505,67.04647206467483,44.856050527208026
2019-10-25 00:00:00+00:00,46.7268511438,-1.5748031496046422,47.04133968237066,-0.6595529130123459,31.82449404963912,29.621057079631274
2019-10-28 00:00:00+00:00,46.570370526,-0.3348837209647071,46.805855104185326,-0.4972183169885265,27.318772887595323,50.283846494639604
2019-10-29 00:00:00+00:00,46.4312766436,-0.2986746311634869,46.61856587389266,-0.3979464740760067,22.980633208654083,50.91510820821759
2019-10-30 00:00:00+00:00,46.8920251293,0.9923235349237558,46.755295501596336,0.29718853042387455,56.94891550204503,70.76652885399118
2019-10-31 00:00:00+00:00,47.3180001443,0.9084167591939529,47.03664782294817,0.6028026448089138,73.28715495003439,68.08217453683997
2019-11-01 00:00:00+00:00,46.8572516587,-0.9737277234771358,46.94694974082408,-0.185462539334111,45.358465268876664,29.908893986108247
2019-11-04 00:00:00+00:00,46.1965557169,-1.4100185529710374,46.57175272886204,-0.7977405461525742,24.926426560186968,25.029248600157473
2019-11-05 00:00:00+00:00,45.5706332458,-1.3549115543066703,46.07119298733102,-1.0763260502296221,15.197899617581147,27.27716744374812
2019-11-06 00:00:00+00:00,45.9009812166,0.7249141547324145,45.98608710196551,-0.17570594774860382,35.215095720329984,73.04028115242477
2019-11-07 00:00:00+00:00,45.4576194662,-0.965909090936079,45.721853284082755,-0.5708075193423414,23.871439042551994,41.32699963282418
2019-11-08 00:00:00+00:00,45.388072525,-0.15299292399530984,45.55496290454138,-0.36190022166882563,22.18959887037001,55.31803416584944
2019-11-11 00:00:00+00:00,45.0664179218,-0.7086764987053074,45.31069041317069,-0.5352883601870665,14.904600516479643,44.449892228311825
2019-11-12 00:00:00+00:00,44.9534041423,-0.25077160491455697,45.132047277735346,-0.39302998255081173,12.706106081053752,55.304041759622976
2019-11-13 00:00:00+00:00,45.5619398781,1.3537033455212288,45.34699357791767,0.4803366814852086,60.164909563610806,77.94942637780848
2019-11-14 00:00:00+00:00,45.7531939665,0.4197672199903968,45.55009377220884,0.4500519507378027,68.29174045129221,54.042552347122864
2019-11-15 00:00:00+00:00,45.7879674371,0.07600228002762055,45.669030604654424,0.2630271153827116,69.96298774190703,46.21650246363933
2019-11-18 00:00:00+00:00,46.1009286727,0.6835010443080325,45.88497963867721,0.47326407984537205,82.45034713249343,61.13538280327885
2019-11-19 00:00:00+00:00,46.144395511,0.09428625312213335,46.014687574838604,0.28377516648375267,83.84918412314028,43.557411439140154
2019-11-20 00:00:00+00:00,46.2661026581,0.2637528257813937,46.14039511646931,0.2737639961325732,87.89993525288469,49.78616530942137
2019-11-21 00:00:00+00:00,46.0400750991,-0.48853814350933167,46.09023510778465,-0.10738707368837924,51.746055109008395,28.69799602199853
2019-11-22 00:00:00+00:00,46.1009286727,0.13217522662378745,46.09558189024233,0.012394076467704102,58.61954871066126,53.22114737761104
2019-11-25 00:00:00+00:00,46.2661026581,0.3582877615604607,46.18084227417117,0.1853409190140824,73.80903372951144,60.621587431533314
2019-11-26 00:00:00+00:00,46.8572516587,1.2777151448621238,46.51904696643558,0.7315280319381031,91.18321904455617,79.95929592728463
2019-11-27 00:00:00+00:00,46.9007184969,0.0927643783220633,46.70988273166779,0.4121462051300832,91.78432177333838,41.01868922296348
2019-11-29 00:00:00+00:00,46.7703179821,-0.27803521775175977,46.7401003568839,0.06705549368916172,70.23609565194869,33.38670423632887
2019-12-02 00:00:00+00:00,47.0768650101,0.655430711669136,46.908482683491954,0.3612431026791489,83.71644775782948,60.875473718507564
2019-12-03 00:00:00+00:00,47.1206574426,0.09302325567048797,47.01457006304598,0.22713317917481843,85.15699162157567,44.339520703738955
2019-12-04 00:00:00+00:00,47.5498232818,0.9107806692272735,47.28219667242299,0.5689569242010459,93.54778898193827,65.04726278376098
2019-12-05 00:00:00+00:00,47.4622384167,-0.1841959844538943,47.372217544561494,0.19238046987357582,79.74735438023261,37.22867740610473
2019-12-06 00:00:00+00:00,47.6636836065,0.42443255210886655,47.51795057553075,0.3084065109912212,86.5783524372881,53.727912724505515
2019-12-09 00:00:00+00:00,47.3571365785,-0.6431459022990804,47.437543577015376,-0.16736969565392962,48.91710932615258,31.762003787601657
2019-12-10 00:00:00+00:00,47.0943819831,-0.5548363232739995,47.26596278005769,-0.36110300946396456,31.371587240850765,35.05646506266631
2019-12-11 00:00:00+00:00,47.2520347403,0.33475915929117583,47.25899876017884,-0.013171925086394365,48.11925170117269,62.449854772482816
2019-12-12 00:00:00+00:00,47.4184459841,0.3521779426316929,47.33872237213942,0.16950300877264926,62.57845504040006,62.90936024060637
2019-12-13 00:00:00+00:00,47.6636836065,0.5171776875231737,47.50120298931971,0.3433403481479115,76.84418287461618,68.40323114883304
2019-12-16 00:00:00+00:00,47.6636836065,0.0,47.582443297909855,0.17167017407395574,76.84418287461617,40.32246449938809
2019-12-17 00:00:00+00:00,47.6636836065,0.0,47.62306345220493,0.08583508703697787,76.84418287461617,40.3224644993881
2019-12-18 00:00:00+00:00,47.2170007943,-0.9371554575758556,47.42003212325247,-0.4256601852694389,22.983409035123195,15.080949752191845
2019-12-19 00:00:00+00:00,47.5760987413,0.7605268038188395,47.498065432276235,0.16743330927470032,58.261424859337765,68.56014716436839
2019-12-20 00:00:00+00:00,48.1454003647,1.1966126657329212,47.82173289848812,0.6820229875038107,80.02253379833665,74.69942171431794
2019-12-23 00:00:00+00:00,48.0928494456,-0.10915044573713839,47.957291172044066,0.2864362708833362,74.6347097422275,39.796358959390794
2019-12-24 00:00:00+00:00,47.9176797154,-0.36423238011327186,47.93748544372203,-0.03889805461496784,55.83738055898771,35.00379424267032
2019-12-26 00:00:00+00:00,48.1891927973,0.5666240175079773,48.06333912051102,0.2638629814465047,72.1471517685676,60.82684119930899
2019-12-27 00:00:00+00:00,48.4782228522,0.5997818973971114,48.270780986355504,0.4318224394218081,82.47926070307788,61.64113394457689
2019-12-30 00:00:00+00:00,48.4081549601,-0.14453477866468445,48.339467973227755,0.14364383037856182,72.67585810599347,36.260996774761786
2019-12-31 00:00:00+00:00,48.4782228522,0.14474398406167932,48.40884541271387,0.14419390722012057,76.81031272808569,48.59900218691841
2020-01-02 00:00:00+00:00,48.1629173378,-0.6504065038879348,48.285881375256935,-0.2531062983339071,37.99947279442926,27.027797968540774
2020-01-03 00:00:00+00:00,47.9001627423,-0.5455537372396346,48.093022058778466,-0.39933001778677085,23.289669872288947,32.91731021650306
2020-01-06 00:00:00+00:00,47.8826457693,-0.03656975675476737,47.98783391403923,-0.2179498872707691,22.421713143838392,57.747850297895106
2020-01-07 00:00:00+00:00,47.5147893358,-0.768245838528514,47.751311624919616,-0.4930978628996416,10.313867908800631,32.11523873501199
2020-01-08 00:00:00+00:00,47.6023742009,0.18433179716110804,47.676842912909805,-0.15438303286926677,24.814141613103057,63.636185354076716
2020-01-09 00:00:00+00:00,48.4694643657,1.8215271388366983,48.073153639304905,0.8335720529837157,77.89248240697835,83.44892518194712
2020-01-10 00:00:00+00:00,48.6358756095,0.34333212874899655,48.354514624402455,0.5884520908663562,81.62654555822533,48.01710025257466
2020-01-13 00:00:00+00:00,49.1613848003,1.0804970286118376,48.75794971235123,0.8344745597390969,89.792949427933,60.547643464774254
2020-01-14 00:00:00+00:00,49.0475244756,-0.2316052022588777,48.90273709397562,0.3014346787401096,78.45934440632925,36.838840288953286
2020-01-15 00:00:00+00:00,49.6606185316,1.250000000112128,49.281677812787805,0.7757173394261189,89.33347740742691,62.02514976984424
2020-01-16 00:00:00+00:00,49.7657203697,0.21164021151511836,49.5236990912439,0.4936787754706186,90.55901714416589,43.70431125968401
2020-01-17 00:00:00+00:00,49.8708222079,0.21119324189264876,49.697260649571945,0.3524360086816337,91.94691657418367,43.69597751118247
2020-01-21 00:00:00+00:00,50.0722673977,0.4039339655565133,49.884764023635974,0.3781849871190735,94.33936966659331,49.87800832951714
2020-01-22 00:00:00+00:00,50.4576408043,0.7696344236604258,50.17120241396799,0.5739097053897496,96.94433864109241,61.81150181687096
2020-01-23 00:00:00+00:00,50.6503275076,0.38187814616092997,50.41076496078399,0.4778939257753398,97.7283742762746,44.83406877581369
2020-01-24 00:00:00+00:00,50.5189502099,-0.2593809441415518,50.464857585341996,0.10925649081689401,77.41376005865253,26.665557200912644
2020-01-27 00:00:00+00:00,50.3437804796,-0.34674063806193756,50.404319032470994,-0.11874207362252177,54.68091936008291,24.626268839373484
2020-01-28 00:00:00+00:00,49.9321316135,-0.8176757132230206,50.16822532298549,-0.46820889342277117,26.868521391709677,15.21643324280482
2020-01-29 00:00:00+00:00,49.9321316135,0.0,50.05017846824275,-0.23410444671138558,26.86852139170968,57.50546884234506
2020-01-30 00:00:00+00:00,51.5524516185,3.2450447289975592,50.801315043371375,1.5054701411430869,86.71454873055445,89.29406867787664
2020-01-31 00:00:00+00:00,51.1495612389,-0.7815154603732166,50.97543814113568,0.3619773403849351,66.4368964632946,37.32509970403023
2020-02-03 00:00:00+00:00,51.3072139961,0.30821917799777054,51.14132606861784,0.33509825919135283,70.48764678653953,49.3030195233925
2020-02-04 00:00:00+00:00,51.5349346454,0.44383748709744264,51.33813035700892,0.38946787314439774,76.60527867433888,51.04938342239149
2020-02-05 00:00:00+00:00,51.543693132,0.016995241500294966,51.44091174450446,0.20323155732234635,76.88175143259159,43.90864652434425
2020-02-06 00:00:00+00:00,51.6663119432,0.2378929481944292,51.55361184385223,0.22056225275838776,81.47832333408091,49.40272351899174
2020-02-07 00:00:00+00:00,51.8414816734,0.3390405152056797,51.69754675862612,0.2798013839820337,87.01200757802737,52.59209480613961
2020-02-10 00:00:00+00:00,52.3319569182,0.9461057611932944,52.01475183841306,0.612953572587664,94.23991261941725,69.75530037223521
2020-02-11 00:00:00+00:00,52.191821134,-0.267782426747476,52.10328648620653,0.17258557292009402,76.09179937894856,33.441649929019654
2020-02-12 00:00:00+00:00,52.0341683767,-0.3020641048244621,52.06872743145327,-0.06473926595218404,57.429166899026384,32.720074680247635
2020-02-13 00:00:00+00:00,52.209338107,0.3366436627407321,52.13903276922663,0.13595219839427403,69.78165560532464,58.02903375371645
2020-02-14 00:00:00+00:00,52.5071266484,0.5703740981923611,52.32307970881332,0.3531631482933175,82.63229828807687,65.21225701656442
2020-02-18 00:00:00+00:00,52.1392702149,-0.700583819722711,52.23117496185666,-0.17371033571469674,46.2154198355143,27.21742260752851
2020-02-19 00:00:00+00:00,52.3494738912,0.40315807151425354,52.29032442652833,0.1147238678997784,60.9620576346139,58.621978634092834
2020-02-20 00:00:00+00:00,52.3056814586,-0.08365400708900683,52.29800294256417,0.015534930405385783,56.15097767447718,45.603774086227055
2020-02-21 00:00:00+00:00,52.6647794057,0.6865371735654158,52.481391174132085,0.3510360519854008,77.7495959942878,64.37730170730417
2020-02-24 00:00:00+00:00,51.3685234017,-2.461333776819552,51.924957287916044,-1.0551488624170755,21.20207610438981,20.66117193477964
2020-02-25 00:00:00+00:00,50.6415690211,-1.4151747655178792,51.28326315450802,-1.2351618139674774,13.154128536381485,40.72633721022055
2020-02-26 00:00:00+00:00,50.4488823178,-0.38049117952825284,50.86607273615401,-0.8078264967478651,11.429243749896948,56.89802231901581
2020-02-27 00:00:00+00:00,48.1103664187,-4.6354166666540575,49.488219577427,-2.7216215817009615,3.3743053114562773,21.20732412918055
2020-02-28 00:00:00+00:00,46.8491443607,-2.621518296127079,48.1686819690635,-2.67156993891402,2.1490371589396733,45.48514041882674
2020-03-02 00:00:00+00:00,48.9774565835,4.542905215970938,48.57306927628175,0.935667638528459,49.013127065713995,79.38335199979404
2020-03-03 00:00:00+00:00,49.1000753947,0.2503576538135377,48.83657233549087,0.5930126461709984,51.03956529703096,50.92465094271214
2020-03-04 00:00:00+00:00,51.6050025376,5.101676774961517,50.220787436545436,2.8473447105662575,77.924662241007,69.47566988438479
2020-03-05 00:00:00+00:00,49.6956524776,-3.6999321114437045,49.958219957072714,-0.4262937004387235,47.870015428951106,34.24603471569201
2020-03-06 00:00:00+00:00,48.3993964736,-2.6083891434653728,49.17880821533636,-1.517341421952048,34.37048099730308,39.91389915212262
2020-03-09 00:00:00+00:00,45.421511059,-6.152732537118155,47.30015963716818,-3.8350369795351016,17.431279170946517,28.111548949986624
2020-03-10 00:00:00+00:00,46.9980386315,3.47088314708901,47.149099134334094,-0.18207691622304578,40.65671080431682,67.3873138114134
2020-03-11 00:00:00+00:00,45.728058087,-2.7021990310225563,46.43857861066705,-1.442137973622801,30.343379975316676,44.168738534388964
2020-03-12 00:00:00+00:00,41.3050223977,-9.672476537020103,43.871800504183526,-5.557307255321452,13.04979498851669,27.89178790995479
2020-03-13 00:00:00+00:00,42.811482078,3.647158608934409,43.34164129109176,-0.9550743231935215,32.65791524544994,64.93320709064575
2020-03-16 00:00:00+00:00,39.9762260955,-6.6226531876058985,41.65893369329588,-3.78886375539971,19.954290366405683,40.73329292140556
2020-03-17 00:00:00+00:00,41.6720801411,4.242156429545729,41.66550691719794,0.22664633707300963,40.662971911556156,62.758660351360916
2020-03-18 00:00:00+00:00,39.6140905962,-4.938533276792823,40.639798756698966,-2.3559434698599064,27.644315143788003,42.66281375492563
2020-03-19 00:00:00+00:00,36.9466535037,-6.73355629866681,38.793226130199486,-4.544749884263358,17.038550468376346,39.00024373345075
2020-03-20 00:00:00+00:00,33.8287551803,-8.438919435796155,36.31099065524974,-6.491834660029756,10.186503685444242,34.748992546178116
2020-03-23 00:00:00+00:00,33.1751447669,-1.9321148824909429,34.74306771107487,-4.2119747712603495,9.042974498069325,59.81750251978967
2020-03-24 00:00:00+00:00,34.844501093,5.031948881698867,34.79378440203743,0.4099870552192586,36.39699137266752,75.14652925160948
2020-03-25 00:00:00+00:00,36.7523368943,5.475285171132138,35.773060648168716,2.9426361131756984,58.032962065383025,76.02007815125403
2020-03-26 00:00:00+00:00,39.1194664996,6.440759432816168,37.44626357388436,4.6916977729959335,74.30219451442372,78.4897758073178
2020-03-27 00:00:00+00:00,37.8122456728,-3.3416121020294676,37.62925462334218,0.675042835483233,56.241519659625006,30.59701824576318
2020-03-30 00:00:00+00:00,39.7465791935,5.115627189768968,38.68791690842109,2.8953350126261004,71.57650740990879,61.25518062326235
2020-03-31 00:00:00+00:00,39.084136207,-1.6666666665199004,38.886026557710544,0.6143341730531,60.65684042072372,39.999922503284566
2020-04-01 00:00:00+00:00,37.2027981251,-4.813559322216898,38.04441234140528,-2.099612574581899,36.763884454771556,32.21898396814648
2020-04-02 00:00:00+00:00,38.8191590123,4.344729344724918,38.43178567685264,1.1225583850715095,58.05612598073901,63.345239535322094
2020-04-03 00:00:00+00:00,38.7131681345,-0.27303754253514834,38.572476905676325,0.4247604212681806,56.19500199724089,47.01579186014608
2020-04-06 00:00:00+00:00,41.2216189103,6.479580196291268,39.89704790798817,3.452170308779724,79.51156147215413,66.15385948953819
2020-04-07 00:00:00+00:00,41.0802977398,-0.3428326548928662,40.488672823894085,1.554668826943429,76.08896739264675,42.751484741095844
2020-04-08 00:00:00+00:00,42.237364823,2.8165985809761818,41.36301882344704,2.1856337039598053,84.35806553432383,54.04438506060956
2020-04-09 00:00:00+00:00,43.2796084552,2.4675867838053422,42.32131363932352,2.3266102438825738,89.33938226151052,52.33379496089801
2020-04-13 00:00:00+00:00,41.4512658123,-4.224489795910625,41.886289725811764,-0.9489397760140255,48.60739301095019,27.394901742253627
2020-04-14 00:00:00+00:00,43.2089478699,4.240357979800069,42.54761879785588,1.6457091018930217,68.99307836986807,61.87023968224119
2020-04-15 00:00:00+00:00,42.0518807867,-2.6778413736984974,42.29974979227794,-0.5160661359027379,49.57530136104329,39.106104701674425
2020-04-16 00:00:00+00:00,41.6014195559,-1.0712035285291521,41.95058467408897,-0.793634832215945,42.577463009151636,46.02417290109055
2020-04-17 00:00:00+00:00,42.4493465787,2.0382165605205893,42.19996562639449,0.6222908641523222,58.941593917511256,59.41087127843378
2020-04-20 00:00:00+00:00,41.0979628861,-3.1835205992972626,41.64896425624724,-1.2806148675724702,35.05768977893222,36.56633093226289
2020-04-21 00:00:00+00:00,40.0822169734,-2.4715237480627983,40.86559061482362,-1.8760693078176343,24.063905248778116,41.191335284469226
2020-04-22 00:00:00+00:00,40.347194168,0.6610841779930654,40.60639239141181,-0.6074925649122844,32.3635483281878,60.29618960172329
2020-04-23 00:00:00+00:00,39.8084072056,-1.3353765323967037,40.207399798505904,-0.9714345486544941,24.27221059918398,46.007885873112166
2020-04-24 00:00:00+00:00,40.1263798391,0.7987574882304393,40.16688981880295,-0.08633853021202736,37.99532173481994,60.87427221392824
2020-04-27 00:00:00+00:00,41.318777215,2.9716046667586538,40.74283351690147,1.4426330682733133,69.29460942595286,72.45651611354788
2020-04-28 00:00:00+00:00,41.2834469223,-0.08550662696564792,41.013140219600736,0.6785632206538327,67.77409273750276,44.595591239450904
2020-04-29 00:00:00+00:00,41.6190847022,0.8130081301876313,41.31611246090037,0.7457856754207319,75.45038213839987,52.62640647579391
2020-04-30 00:00:00+00:00,40.5326782042,-2.6103565366072723,40.92439533255019,-0.9322854305932702,34.98684943934194,28.78293173887265
2020-05-01 00:00:00+00:00,40.2765335828,-0.6319459575544695,40.600464457675095,-0.7821156940738698,29.409000343678837,48.86600177915007
2020-05-04 00:00:00+00:00,39.8702352177,-1.0087719298502607,40.23534983768755,-0.8954438119620652,21.3212777702341,45.222521313831436
2020-05-05 00:00:00+00:00,40.0998821197,0.5759858218695735,40.167615978693775,-0.15972899504624588,36.19743881218467,62.74532878612985
2020-05-06 00:00:00+00:00,39.5257648647,-1.431718061629783,39.84669042169689,-0.7957235283380145,21.18010267518424,39.023237215946395
2020-05-07 00:00:00+00:00,39.3932762674,-0.33519553069629726,39.619983344548444,-0.5654595295171558,18.52039200619594,53.443192930936064
2020-05-08 00:00:00+00:00,40.7269948136,3.3856502240300568,40.17348907907422,1.4100953472564504,71.86668264905333,78.87325762609763
2020-05-11 00:00:00+00:00,40.2235381438,-1.236174365686027,40.19851361143711,0.08696049078521173,52.42992891179381,39.09033341111779
2020-05-12 00:00:00+00:00,39.5875928767,-1.5810276679949942,39.893053244068554,-0.7470335886048912,34.66573659130646,37.001524410770365
2020-05-13 00:00:00+00:00,38.8103264392,-1.9634091921700958,39.351689841634276,-1.3552213903874935,21.38321303244305,33.98140281555114
2020-05-14 00:00:00+00:00,38.5983446835,-0.5461993627703277,38.975017262567135,-0.9507103765789106,18.485639475773148,54.58792409806343
2020-05-15 00:00:00+00:00,38.2097114647,-1.0068649886069703,38.592364363633564,-0.9787876825929405,13.467176261542752,47.37760618126112
2020-05-18 00:00:00+00:00,39.7200814741,3.952843273353035,39.15622291886678,1.4870277953800473,66.49390210744315,83.20458422893122
2020-05-19 00:00:00+00:00,39.3402808284,-0.9561930177501177,39.24825187363339,0.2654173888149648,54.009968163221345,41.37857265564218
2020-05-20 00:00:00+00:00,40.5326782042,3.030983385708841,39.8904650389167,1.6482003872619029,75.5911053949991,63.64415023410764
2020-05-21 00:00:00+00:00,39.8967329371,-1.5689692743622086,39.89359898800835,0.039615556449847156,54.959142393125035,38.40255257577003
2020-05-22 00:00:00+00:00,39.773076913,-0.30994022566949164,39.83333795050417,-0.13516233460982224,50.90657253612067,47.02794420142435
2020-05-26 00:00:00+00:00,40.7093296673,2.353986231309113,40.271333808902085,1.1094119483496454,73.28178286603182,63.32642421101634
2020-05-27 00:00:00+00:00,41.2746143492,1.3885875461959962,40.77297407905104,1.248999747272821,81.08807599071396,54.25248898615206
2020-05-28 00:00:00+00:00,41.5925869827,0.7703830514558474,41.18278053087552,1.0096913993643342,84.82821570127116,47.68885548631928
2020-05-29 00:00:00+00:00,41.2304514834,-0.8706731789744682,41.20661600713776,0.069509110194933,63.40634308459294,32.18449355102955
2020-06-01 00:00:00+00:00,41.5042612512,0.6640959726338158,41.35543862916888,0.3668025414143744,71.55363059113121,53.42620428715931
2020-06-02 00:00:00+00:00,41.4247680928,-0.19153011282112553,41.39010336098444,0.08763621429662444,65.2292009770072,42.33674926751495
2020-06-03 00:00:00+00:00,42.3080254082,2.1321961620191177,41.849064384592225,1.109916188157871,85.94051881611709,68.75580971884233
2020-06-04 00:00:00+00:00,42.3256905545,0.04175365342522497,42.08737746954611,0.575834920791548,86.18734514127195,42.487805942215594
2020-06-05 00:00:00+00:00,43.3591016136,2.441569282299927,42.72323954157305,1.5087021015457374,94.56307491132571,65.30985683670967
2020-06-08 00:00:00+00:00,44.0303771733,1.5481768180581001,43.37680835743653,1.5284394598019189,96.58234001533881,53.46298694197244
2020-06-09 00:00:00+00:00,43.2796084552,-1.7051153460372115,43.32820840631827,-0.08833794311764631,59.505974490492875,26.85469020302645
2020-06-10 00:00:00+00:00,42.9439706753,-0.7755102041817841,43.13608954080914,-0.4319240736497152,47.32357343404279,39.7147169009903
2020-06-11 00:00:00+00:00,40.2235381438,-6.3348416290362035,41.67981384230457,-3.3833828513429594,13.563520296041185,15.41037423655559
2020-06-12 00:00:00+00:00,40.6386690821,1.0320597278536292,41.15924146220229,-1.175661561744665,25.696639080521088,61.83513561032876
2020-06-15 00:00:00+00:00,41.2625083005,1.535087719382977,41.210874881351145,0.179713078819156,43.55618990656662,63.86629333159265
2020-06-16 00:00:00+00:00,41.6813717756,1.0151187902818881,41.44612332847557,0.5974159345505221,54.55690776753374,58.99782421221016
2020-06-17 00:00:00+00:00,41.5120439878,-0.4062433182660308,41.47908365813778,0.09558630814224567,48.790718184032,44.94852276136333
2020-06-18 00:00:00+00:00,41.87743553,0.8802060970724224,41.67825959406889,0.487896202607334,61.84408534602683,58.398158678882254
2020-06-19 00:00:00+00:00,41.0129726131,-2.064268993455254,41.34561610358445,-0.7881863954239599,32.47103189250087,31.759190302699796
2020-06-22 00:00:00+00:00,40.7634369258,-0.608431116793251,41.05452651469223,-0.6983087561086054,26.932389054985165,49.00970809240263
2020-06-23 00:00:00+00:00,40.6743170374,-0.2186270224520559,40.864421776046115,-0.45846788928033066,24.677421596393145,53.709459210011744
2020-06-24 00:00:00+00:00,39.7920301429,-2.1691498684261568,40.32822595947306,-1.3138088788532438,11.000276497671688,31.746850848178713
2020-06-25 00:00:00+00:00,40.0415658302,0.6270996639374138,40.18489589483653,-0.343354607457915,27.94308599933896,63.68208824181131
2020-06-26 00:00:00+00:00,38.8295353488,-3.02693078122801,39.50721562181826,-1.6851426943429626,11.706480282879722,33.217259170139215
2020-06-29 00:00:00+00:00,39.5335824667,1.813174202512724,39.52039904425913,0.0640157540848807,41.38349623670249,65.76134300736844
2020-06-30 00:00:00+00:00,39.8187661094,0.721370604195104,39.66958257682957,0.39269317913999235,51.32422875096573,56.452936389245615
2020-07-01 00:00:00+00:00,39.9435339531,0.31333930176842273,39.806558264964785,0.35301624045420754,56.19897553874649,52.302733940503956
2020-07-02 00:00:00+00:00,39.9970058861,0.1338688085605666,39.901782075532395,0.24344252450738707,58.84833625343529,49.883220369221156
2020-07-06 00:00:00+00:00,40.3089254952,0.7798573972968459,40.1053537853662,0.5116499609021165,73.0903827096936,59.898947650063576
2020-07-07 00:00:00+00:00,40.2911015176,-0.044218438921483916,40.198227651483094,0.23371576099031627,70.9846527754464,43.32926340184682
2020-07-08 00:00:00+00:00,40.1663336739,-0.3096660031632448,40.18228066269155,-0.03797512108646425,54.498588458658624,38.22072373007151
2020-07-09 00:00:00+00:00,39.1325429692,-2.5737741290830063,39.65741181594578,-1.3058746250847353,14.022484357026581,15.236911030642519
2020-07-10 00:00:00+00:00,40.2376295846,2.8239580961292976,39.94752070027289,0.7590417355222812,60.75664928595643,73.09489472423668
2020-07-13 00:00:00+00:00,40.3267494729,0.22148394231977786,40.13713508658644,0.4902628389210295,63.177837017930514,48.9369580795969
2020-07-14 00:00:00+00:00,40.8792927806,1.37016574586879,40.50821393359322,0.9302142923949097,76.60272383637168,58.10435870600875
2020-07-15 00:00:00+00:00,41.3516281888,1.155439284957871,40.92992106119661,1.0428267886763902,84.05631399392661,55.31955071733016
2020-07-16 00:00:00+00:00,41.1288284679,-0.5387931035816917,41.02937476454831,0.25201684254734924,68.59495158614651,35.297482163368144
2020-07-17 00:00:00+00:00,41.7259317198,1.451787649059888,41.377653242174155,0.8519022458036186,81.94532028738452,60.49580358321796
2020-07-20 00:00:00+00:00,41.1020925014,-1.4950875694981103,41.23987287178708,-0.32159266184724583,49.18079709267471,32.44063156133893
2020-07-21 00:00:00+00:00,42.0645872955,2.34171725944905,41.65223008364354,1.010062298800902,73.60493973525074,64.5488897786625
2020-07-22 00:00:00+00:00,43.2053218662,2.711864406719222,42.42877597492177,1.860963352760062,85.76636955225719,66.83012937499524
2020-07-23 00:00:00+00:00,43.0270820895,-0.4125412541815643,42.72792903221088,0.7242110492892488,77.40734784800351,36.826043836991495
2020-07-24 00:00:00+00:00,43.2142338551,0.4349627176918558,42.971081443655436,0.5795868834905523,80.41388925796606,46.583737427929755
2020-07-27 00:00:00+00:00,43.2053218662,-0.020622808979742224,43.088201654927715,0.27948203725540505,79.65671760225284,41.42449685465327
2020-07-28 00:00:00+00:00,42.9379622012,-0.6188118811566112,43.013081928063855,-0.1696649219506031,55.949829168021616,34.006688499390314
2020-07-29 00:00:00+00:00,42.7953703799,-0.33208800322623855,42.904226153981924,-0.25087646258842083,45.190418191844664,41.533977060708395
2020-07-30 00:00:00+00:00,42.5012747484,-0.6872136609387347,42.702750451190965,-0.46904506176357774,28.333573139264534,34.271549240572035
2020-07-31 00:00:00+00:00,42.1002352508,-0.9435940450588487,42.40149285099548,-0.7063195534112132,16.07130336441147,28.81528672140184
2020-08-03 00:00:00+00:00,41.2625083005,-1.9898391192103237,41.83200057574774,-1.3480793363107684,6.8212875423541535,14.593388668243593
2020-08-04 00:00:00+00:00,41.610075865,0.8423326133466968,41.72103822037387,-0.25287336148203576,31.39518270685358,71.5696626817751
2020-08-05 00:00:00+00:00,42.0824112732,1.1351467123791092,41.90172474678694,0.44113667544853674,55.38190264736269,74.23524573308468
2020-08-06 00:00:00+00:00,42.3141229828,0.5506141463608616,42.10792386479347,0.49587541090469917,64.51218570147843,57.96236942869643
2020-08-07 00:00:00+00:00,42.5993066255,0.6739679865654269,42.353615245146734,0.5849216987350631,74.24279148320136,60.690040457611865
2020-08-10 00:00:00+00:00,42.5280107149,-0.16736401657139188,42.44081298002337,0.2087788410818356,67.32065401074269,36.47601008644266
2020-08-11 00:00:00+00:00,42.7151624804,0.44006705781427513,42.57798773021168,0.3244229494480554,76.09618957205473,55.642345525431615
2020-08-12 00:00:00+00:00,43.1607619221,1.0431879824979395,42.86937482615584,0.6838054659729975,87.79827790509839,69.39512712532063
2020-08-13 00:00:00+00:00,43.1162019779,-0.10324179234932895,42.99278840202792,0.2902818368118343,81.79209146781255,36.83377132001873
2020-08-14 00:00:00+00:00,43.1785858997,0.1446878874720392,43.08568715086396,0.21748486214193674,84.07924705247686,45.17824185165479
2020-08-17 00:00:00+00:00,42.9646981677,-0.4953560371264709,43.025192659281984,-0.1389355874922671,51.08060173593491,29.888725387661935
2020-08-18 00:00:00+00:00,43.1518499332,0.43559427502435355,43.08852129624099,0.14832934376604323,67.71248000444915,59.668317540749754
2020-08-19 00:00:00+00:00,42.2160911057,-2.168525402615573,42.6523062009705,-1.010098029424765,19.074528788408728,21.446447133360877
2020-08-20 00:00:00+00:00,42.198267128,-0.042220814938498386,42.42528666448525,-0.5261594221816317,18.690936756839825,55.981457821744705
2020-08-21 00:00:00+00:00,42.1358832062,-0.14783526918479284,42.280584935342624,-0.33699734568321227,16.906025676964244,54.20592120201027
2020-08-24 00:00:00+00:00,42.7508104357,1.4593908628679486,42.51569768552131,0.5611967585923682,65.54944290021204,73.43709734470421
2020-08-25 00:00:00+00:00,42.6973385027,-0.1250781738522222,42.606518094110655,0.218059292370073,60.89936002829668,45.303458542560094
2020-08-26 00:00:00+00:00,42.9201382235,0.5218117302227432,42.76332815880532,0.3699355112964081,72.91027900250138,55.697346272132805
2020-08-27 00:00:00+00:00,42.9825221454,0.1453488373572842,42.87292515210266,0.25764217432684616,76.00588953993774,47.77268250785077
2020-08-28 00:00:00+00:00,44.4084403588,3.3174372796841656,43.64068275545133,1.7875397270055058,95.12108047272363,81.33601538770223
2020-08-31 00:00:00+00:00,44.1410806938,-0.6020469596316746,43.890881724625665,0.5927463836869156,77.70942015434487,37.12136517790179
2020-09-01 00:00:00+00:00,43.7756891516,-0.8277811427741533,43.83328543811283,-0.11751737954361885,56.50578989269534,35.456281169378926
2020-09-02 00:00:00+00:00,45.6204708402,4.214169381117716,44.72687813915641,2.0483260007870485,85.81586999080018,74.21152167434421
2020-09-03 00:00:00+00:00,44.987719633,-1.3869896464164366,44.857298886078205,0.33066817718530594,63.7226639477255,37.095207630918935
2020-09-04 00:00:00+00:00,45.4867910077,1.1093502377344633,45.1720449468891,0.7200092074598846,72.19248523761988,52.85760352729748
2020-09-08 00:00:00+00:00,44.3906163811,-2.409874608244922,44.78133066399455,-0.8449327003925187,40.804834020777484,34.550286294539404
2020-09-09 00:00:00+00:00,44.7292719568,0.7628990162979132,44.75530131039727,-0.041016842047302715,50.731547581500884,55.42733714344244
2020-09-10 00:00:00+00:00,44.559944169,-0.37856146633358234,44.65762273969864,-0.20978915419044253,45.06382525496653,47.28741861694863
2020-09-11 00:00:00+00:00,45.5046149853,2.1199999998141816,45.08111886249932,0.9551054228118696,71.60802325993103,64.4359696889527
2020-09-14 00:00:00+00:00,45.5580869183,0.1175088131550428,45.319602890399665,0.5363071179834562,72.72690023753862,46.3202414874678
2020-09-15 00:00:00+00:00,45.863544413,0.6704791955987499,45.59157365169983,0.6033931567911031,79.6116119384031,51.91936605070447
2020-09-16 00:00:00+00:00,45.62995927,-0.5093046034483795,45.610766460849916,0.047044276671361795,61.73553664203792,38.9255626594004
2020-09-17 00:00:00+00:00,45.414342215,-0.4725339633203762,45.51255433792495,-0.21274484332450722,47.09390146719429,39.63188757823867
2020-09-18 00:00:00+00:00,45.3245017754,-0.19782393670852993,45.41852805666248,-0.20528439001651858,41.01436627642394,46.55803952193568
2020-09-21 00:00:00+00:00,44.1026717969,-2.695738354840904,44.76059992678124,-1.4505113724287113,11.28779185227521,18.152190826800894
2020-09-22 00:00:00+00:00,44.6147623026,1.1611326135937183,44.68768111469062,-0.1446893794174965,39.05684185900339,66.08137959941648
2020-09-23 00:00:00+00:00,43.3120759285,-2.9198550140523416,43.999878521595306,-1.532272196734919,17.798141872267948,34.249256914481926
2020-09-24 00:00:00+00:00,43.7522940825,1.0163866417456369,43.87608630204765,-0.2579427774946411,35.57366347053808,61.2533058833032
2020-09-25 00:00:00+00:00,43.7702621704,0.041067761763802224,43.82317423622383,-0.10843750786541945,36.41547969591554,53.14148998125258
2020-09-28 00:00:00+00:00,44.2733686321,1.149425287290673,44.04827143416192,0.5204938897126268,58.94557805723985,61.771321882068115
2020-09-29 00:00:00+00:00,43.9499430496,-0.7305194804298254,43.999107241880964,-0.10501279535859931,43.93421078491652,42.06235312795511
2020-09-30 00:00:00+00:00,44.3542250278,0.9198691742188236,44.17666613484048,0.40742818943011216,62.05352427094202,59.20328972926314
2020-10-01 00:00:00+00:00,44.1835281925,-0.3848490988017761,44.18009716367024,0.011289545314168037,51.510364891947674,43.82737582457615
2020-10-02 00:00:00+00:00,44.3452409838,0.3660024400845563,44.26266907373512,0.18864599269936216,60.940906625669164,54.11460012178633
2020-10-05 00:00:00+00:00,44.3632090717,0.04051863853116178,44.312939072717555,0.11458231561526197,62.16722892888649,48.35631390375437
2020-10-06 00:00:00+00:00,43.9679111375,-0.8910490076610822,44.140425105108775,-0.3882333460229101,30.532691140832377,33.19282143227123
2020-10-07 00:00:00+00:00,44.524921863,1.2668573764127,44.33267348405439,0.43931201519489493,66.53063633955033,68.02827934356242
2020-10-08 00:00:00+00:00,45.3334858194,1.8159806296525138,44.833079651727196,1.1276463224237043,84.27441528331653,73.33543056132235
2020-10-09 00:00:00+00:00,45.6479273579,0.6936187077090761,45.2405035048136,0.9106325150663902,87.9888978033183,48.60126082465264
2020-10-12 00:00:00+00:00,45.8994805888,0.5510726235776531,45.5699920468068,0.7308525693220216,90.64153275282743,45.666994387664126
2020-10-13 00:00:00+00:00,45.1178687643,-1.702877275458159,45.3439304055534,-0.48601235306806867,44.666135811401496,18.777821526410094
2020-10-14 00:00:00+00:00,45.0280283247,-0.19912385505027608,45.1859793651267,-0.3425681040591724,41.07411786263329,48.892720322834315
2020-10-15 00:00:00+00:00,44.9112357533,-0.2593774938529525,45.04860755921335,-0.30097279895606244,35.506132371735276,47.8269169962686
2020-10-16 00:00:00+00:00,44.9471719291,0.08001600311646762,44.99788974415668,-0.11047839791979741,39.303654317455155,55.94162411738159
2020-10-19 00:00:00+00:00,44.5788261268,-0.8195082949401744,44.788357935478345,-0.4649933464299859,20.628489945027997,34.567298219947915
2020-10-20 00:00:00+00:00,45.1448208962,1.2696493348435922,44.966589415839174,0.40232799420680315,62.1168166478327,71.93040835040804
2020-10-21 00:00:00+00:00,44.9112357533,-0.5174129352225831,44.938912584569586,-0.05754247050788999,46.930815330072456,41.51422016188158
2020-10-22 00:00:00+00:00,45.5311347865,1.3802760552061866,45.23502368553479,0.6613667923491483,73.10498871592202,65.05283240771136
2020-10-23 00:00:00+00:00,45.3873900831,-0.31570639316157445,45.3112068843174,0.17283019959378693,62.400187534577725,42.25490815845314
2020-10-26 00:00:00+00:00,44.740538918,-1.4251781473129,45.0258729011587,-0.6261739738595565,31.38201563927371,31.44231678816314
2020-10-27 00:00:00+00:00,44.8303793576,0.20080321286397584,44.92812612937935,-0.21268538049779034,37.821207293068305,56.12383465184256
2020-10-28 00:00:00+00:00,43.0874748295,-3.887775551032735,44.00780047943968,-2.050230465765263,10.137619560782483,23.802592025166764
2020-10-29 00:00:00+00:00,43.1413790933,0.12510425364518074,43.57458978636984,-0.962563106060041,13.08885091983183,58.76414689204785
2020-10-30 00:00:00+00:00,43.1773152691,0.08329862548501765,43.375952527734924,-0.4396322402875117,15.852399317379119,58.34580626095792
2020-11-02 00:00:00+00:00,43.6804217308,1.1652101539070259,43.528187129267465,0.3627889568097571,49.544095415845455,67.36470333403587
2020-11-03 00:00:00+00:00,44.3362569399,1.5014397368731336,43.93222203458373,0.9321143468414453,71.70011957553581,70.35667230635188
2020-11-04 00:00:00+00:00,44.1745441486,-0.3647416414046978,44.05338309159187,0.2836863527183738,61.68213944012976,39.90122676016258
2020-11-05 00:00:00+00:00,44.4171133355,0.549115314204518,44.23524821354593,0.41640083346144585,70.84700313374157,54.40022497549051
2020-11-06 00:00:00+00:00,44.4260973795,0.020226537308132286,44.33067279652296,0.21831368538478907,71.22930168957055,44.979857341654494
2020-11-09 00:00:00+00:00,47.2291190948,6.309403437704231,45.77989594566148,3.26385856154451,95.96886991497752,86.54364951315202
2020-11-10 00:00:00+00:00,48.4958692931,2.682138101617637,47.13788261938074,2.9729983315810733,97.45333353738322,52.3384997540647
2020-11-11 00:00:00+00:00,48.1365075347,-0.7410151908569418,47.637195077040374,1.1159915703620658,84.2510197618778,33.56123011464233
2020-11-12 00:00:00+00:00,47.624417029,-1.0638297872583524,47.63080605302019,0.026080891551856666,65.33244600548252,31.94028597673997
2020-11-13 00:00:00+00:00,48.0197149632,0.8300320693884755,47.82526050811009,0.4280564804701661,72.4861853676092,52.2397037691498
2020-11-16 00:00:00+00:00,48.3790767216,0.7483629560804284,48.102168614855046,0.5882097182752972,78.52814752723054,51.25093205875491
2020-11-17 00:00:00+00:00,48.2263479743,-0.3156917362827971,48.16425829457752,0.13625899099625005,68.88474221495363,37.41197568800394
2020-11-18 00:00:00+00:00,47.2650552706,-1.993293591735934,47.71465678258876,-0.9285173003698419,31.900028773089876,22.831898915369912
2020-11-19 00:00:00+00:00,47.7322255565,0.9884052461704984,47.72344116954438,0.029943972900328242,51.0561689419743,62.153936696474965
2020-11-20 00:00:00+00:00,47.3189595344,-0.865800865729216,47.52120035197219,-0.4179284464144439,37.17891498222647,42.12919712650731
2020-11-23 00:00:00+00:00,47.3279435784,0.01898614020341416,47.4245719651861,-0.19947115310551486,37.73081690849471,52.97372808468861
2020-11-24 00:00:00+00:00,47.8130819522,1.025056947586056,47.61882695869305,0.4127928972402706,63.61950689561128,64.36374549251677
2020-11-25 00:00:00+00:00,47.5525446773,-0.5449079295086423,47.58568581799652,-0.06605751613418587,47.6581561873503,41.07609635471499
2020-11-27 00:00:00+00:00,47.3459116663,-0.43453617971919156,47.46579874214826,-0.2502968479266887,36.70332192624977,43.241671161274496
2020-11-30 00:00:00+00:00,46.7260126331,-1.3092979127091842,47.095905687624125,-0.7797973803179364,18.041506532597303,30.093244232792223
2020-12-01 00:00:00+00:00,47.1244515005,0.8527131782645414,47.11017859406206,0.03645789897330248,45.00198219887656,67.1379191273047
2020-12-02 00:00:00+00:00,47.1878395021,0.13451191384015182,47.14900904808103,0.08548490640672715,49.005087862946304,53.11334198422578
2020-12-03 00:00:00+00:00,47.794553232,1.2857417001958638,47.47178114004051,0.6856133033012954,75.06366393315608,68.78926223132397
2020-12-04 00:00:00+00:00,48.7634841142,2.0272830619353366,48.11763262712026,1.356448182618316,88.78822466882477,76.40972561691261
2020-12-07 00:00:00+00:00,47.9847172369,-1.5970287838255937,48.05117493201013,-0.12029030060363888,53.37283544371116,27.386765695811878
2020-12-08 00:00:00+00:00,48.1567703842,0.35855821854815506,48.103972658105064,0.11913395897225809,58.81666554267903,52.20520002419154
2020-12-09 00:00:00+00:00,48.2926018163,0.2820609252163653,48.198287237202535,0.20059744209431168,63.81902341594612,51.17881800167681
2020-12-10 00:00:00+00:00,48.0390498098,-0.5250328144764005,48.11866852350127,-0.1622176861910444,47.62245352807971,39.03364833220916
2020-12-11 00:00:00+00:00,48.3107126739,0.5655042411862654,48.214690598700635,0.20164327749761052,62.79674238716139,58.83359390284198
2020-12-14 00:00:00+00:00,48.2382692435,-0.14995313956347456,48.22647992110032,0.02584506896706798,56.27533573632998,44.58437464526866
2020-12-15 00:00:00+00:00,48.7544286854,1.0700206495687148,48.49045430325016,0.5479328592678914,79.27633886949141,65.78173150344325
2020-12-16 00:00:00+00:00,48.0481052386,-1.4487369985560217,48.26927977092508,-0.45040206964406515,38.1178374624741,30.11138434071233
2020-12-17 00:00:00+00:00,48.2382692435,0.39577836411168743,48.25377450721254,-0.02731185276618886,48.843675869460945,56.20046173624401
2020-12-18 00:00:00+00:00,48.6638743973,0.8822977284935529,48.458824452256266,0.42749293786368203,67.66111806316106,61.83690324348382
2020-12-21 00:00:00+00:00,47.8217195185,-1.7305545216653062,48.140271985378135,-0.6515307919008121,32.34609603625372,30.361735782261153
2020-12-22 00:00:00+00:00,47.7764423744,-0.0946790382192031,47.95835717988906,-0.3731049150600076,31.039580812489902,52.88411690489364
2020-12-23 00:00:00+00:00,48.0662160962,0.6065200910716495,48.01228663804453,0.11670758800582096,50.30813510635135,60.99501375523713
2020-12-24 00:00:00+00:00,48.3922115332,0.6782215524258284,48.20224908562226,0.39746457021582465,66.23075108892073,61.99842966819245
2020-12-28 00:00:00+00:00,49.0442024071,1.3473053891176257,48.62322574636113,0.8723849796667251,82.78204495321071,72.05940860463762
2020-12-29 00:00:00+00:00,49.0170361207,-0.055391432762030846,48.820130933530564,0.40849677345234714,80.32154907918766,39.32181366752552
2020-12-30 00:00:00+00:00,49.2977544136,0.5726953629117126,49.058942673565284,0.4905960681820299,86.52806787549322,53.508394343257876
2020-12-31 00:00:00+00:00,49.6599715658,0.7347538574699719,49.359457119682645,0.6126749628260009,91.6346537909882,57.36621820449389
2021-01-04 00:00:00+00:00,47.7764423744,-3.792851932877783,48.567949747041325,-1.5900884850258912,23.159837827656155,12.812366196295079
2021-01-05 00:00:00+00:00,47.2512275038,-1.0993176647272063,47.90958862542067,-1.3447030748765487,17.644845545338708,48.50309049044659
2021-01-06 00:00:00+00:00,45.7480263221,-3.181295515717786,46.828807473760335,-2.2629992952971674,8.725113238705248,32.89194224466238
2021-01-07 00:00:00+00:00,45.2409223091,-1.1084718921634207,46.03486489143017,-1.685735593730294,6.947837507987166,54.67709733324254
2021-01-08 00:00:00+00:00,46.2551303352,2.2417934346488755,46.144997613315084,0.27802892045929073,42.242719259413626,74.6379336394427
2021-01-11 00:00:00+00:00,45.4582526004,-1.7227877838095207,45.80162510685754,-0.722379431675115,29.192611101404715,41.890133252957376
2021-01-12 00:00:00+00:00,45.3767537411,-0.17928286864964393,45.58918942397877,-0.45083115016237946,27.87169068019254,53.74253388680078
2021-01-13 00:00:00+00:00,45.4220308852,0.09978048310448351,45.50561015458939,-0.17552533352894797,30.492608812961866,56.16714584260383
2021-01-14 00:00:00+00:00,44.5798760063,-1.8540669857507575,45.042743080444694,-1.0147961596398527,15.141832501182739,36.22571020549753
2021-01-15 00:00:00+00:00,44.0999382797,-1.0765793214233543,44.571340680072346,-1.0456877405316036,10.586116739343616,47.37739570079327
2021-01-19 00:00:00+00:00,43.9278851324,-0.39014373718341266,44.24961290623617,-0.7179157388575081,9.111915253485263,57.27212129619649
2021-01-20 00:00:00+00:00,44.0818274221,0.35044320762542824,44.165720164168086,-0.18373626561603995,23.423903458996342,67.24070546225488
2021-01-21 00:00:00+00:00,44.3263239998,0.5546425636098418,44.246022081984044,0.1854531489969009,44.31416424983453,70.1235469264379
2021-01-22 00:00:00+00:00,43.9097742748,-0.939734422827132,44.07789817839202,-0.37714063691511557,26.110689291914422,35.66788334171384
2021-01-25 00:00:00+00:00,44.1723817101,0.5980614558765973,44.12513994424601,0.11046040948074087,46.78315521118708,63.41542596217315
2021-01-26 00:00:00+00:00,44.6342085791,1.0455104549963679,44.379674261673,0.5779854322385544,69.38094276113513,69.21135848470807
2021-01-27 00:00:00+00:00,43.94599599,-1.5418949075356791,44.1628351258365,-0.4819547376485624,35.594823185751466,29.1519271532124
2021-01-28 00:00:00+00:00,44.5074325759,1.2775602719932833,44.335133850868246,0.3978027671723604,59.643145474938095,63.594125118656976
2021-01-29 00:00:00+00:00,43.6018896954,-2.0345879959616786,43.968511773134125,-0.8183926143946592,31.335621320234814,34.25225394016641
2021-02-01 00:00:00+00:00,43.900718846,0.6853582555425897,43.934615309567064,-0.06651717942603474,44.39835778083752,58.07828353259697
2021-02-02 00:00:00+00:00,44.3353794286,0.990099009824319,44.134997369083536,0.4617909151991421,60.70749386650473,60.48483984983993
2021-02-03 00:00:00+00:00,44.1633262813,-0.3880718954420659,44.14916182519177,0.036859509878538116,51.70294001459079,43.53236712858052
2021-02-04 00:00:00+00:00,44.3806565726,0.4921058027099301,44.264909198895886,0.2644826562942341,62.29856684361232,55.48473658077348
2021-02-05 00:00:00+00:00,44.9602040161,1.305855947741441,44.61255660749794,0.7851693020178376,79.91975002938743,65.58646503357444
2021-02-08 00:00:00+00:00,45.2047005939,0.5438066466790126,44.908628600698975,0.6644879743484251,84.50321456894146,49.733264345953984
2021-02-09 00:00:00+00:00,45.0054811601,-0.4407051284106678,44.95705488039948,0.11189142296887866,66.07072459316811,33.86864490005278
2021-02-10 00:00:00+00:00,44.9149268721,-0.20120724335301876,44.93599087624974,-0.04465791019207005,57.516651645829285,40.76376972105578
2021-02-11 00:00:00+00:00,45.5488068884,1.411290322491321,45.24239888232487,0.6833162061496254,81.99414467090297,71.14633160041599
2021-02-12 00:00:00+00:00,45.9019686118,0.7753479125485851,45.57218374706244,0.7293320593491053,87.84628808767633,54.584267984291266
2021-02-16 00:00:00+00:00,45.521640602,-0.8285657920611089,45.546912174531215,-0.04961686635600182,57.60330856304656,29.023741262296028
2021-02-17 00:00:00+00:00,45.3948645988,-0.2784961207976111,45.47088838666561,-0.16405649357680646,49.14388699924656,42.802428942877725
2021-02-18 00:00:00+00:00,45.9744120423,1.2766806303357248,45.722650214482805,0.5563120683794591,74.66083522646036,68.62931572502755
2021-02-19 00:00:00+00:00,45.3767537411,-1.2999803035003588,45.5497019777914,-0.3718341175604498,42.03541437046728,32.339035880290076
2021-02-22 00:00:00+00:00,45.847636039,1.0377170226558041,45.6986690083957,0.33294145254767715,61.77570162775458,60.653525575885304
2021-02-23 00:00:00+00:00,45.7661371798,-0.17776022111735124,45.73240309409785,0.07759061571516296,56.75753919476291,45.728701056751056
2021-02-24 00:00:00+00:00,45.9200794694,0.33636723369336874,45.82624128174892,0.20697892470426585,64.84802242055883,53.05752647598988
2021-02-25 00:00:00+00:00,45.431086314,-1.0648787220106093,45.62866379787446,-0.42894989865317174,34.2847018712448,34.18487299352217
2021-02-26 00:00:00+00:00,44.362545715,-2.3520031892143356,44.99560475643723,-1.3904765439337536,13.472246362786144,22.941350734716394
2021-03-01 00:00:00+00:00,45.1865897362,1.8575219431588463,45.09109724631861,0.23352269961254635,49.167721446383574,70.51528915809541
2021-03-02 00:00:00+00:00,45.3676983123,0.40080160321307456,45.22939777930931,0.31716215141281046,55.25325978090398,53.401818430637405
2021-03-03 00:00:00+00:00,45.2590331667,-0.2395209579555413,45.24421547300466,0.03882059672863458,49.87898864173493,46.03533828138416
2021-03-04 00:00:00+00:00,45.2228114515,-0.08003201276215455,45.23351346225233,-0.020605708016759983,47.565721641340204,48.68025213776667
2021-03-05 00:00:00+00:00,45.9925228999,1.7020424509110788,45.61301818107617,0.8407183714471593,78.84251901021806,71.82500186868513
2021-03-08 00:00:00+00:00,46.7622343483,1.6735577869368523,46.187626264688085,1.2571380791920057,88.83358715129198,71.05666913995124
2021-03-09 00:00:00+00:00,46.0559109015,-1.5104570101143522,46.12176858309404,-0.12665946546117324,53.838462409661624,25.435395030131637
2021-03-10 00:00:00+00:00,46.5811257722,1.1403853716481116,46.35144717764702,0.5068629530934692,67.92990020108178,58.61645867589773
2021-03-11 00:00:00+00:00,46.0740217591,-1.088646967400353,46.21273446837351,-0.2908920071534419,47.104653746245745,37.54379378400353
2021-03-12 00:00:00+00:00,45.9834674711,-0.1965408803977775,46.098100969736755,-0.2437164437756097,43.53009818660842,48.63037560609752
2021-03-15 00:00:00+00:00,46.5952411646,1.3304209689808388,46.34667106716837,0.5433522626026146,68.07822330852683,64.71256316864667
2021-03-16 00:00:00+00:00,46.7687292269,0.37233000187111287,46.55770014703418,0.45784113223686373,73.05985176828882,49.98454545157406
2021-03-17 00:00:00+00:00,46.7869911282,0.03904724717107566,46.67234563761709,0.2484441897039697,73.70771053151452,44.67871109476589
2021-03-18 00:00:00+00:00,46.1752174347,-1.307572209171759,46.42378153615854,-0.5295640097338946,33.375828937955845,27.187729503177838
2021-03-19 00:00:00+00:00,46.3943602503,0.4745896776986447,46.40907089322927,-0.027487166017624964,48.513434439266796,59.02872146317992
2021-03-22 00:00:00+00:00,46.5678483126,0.3739421372856988,46.48845960291463,0.17322748563403692,59.45334981898111,56.920117226690124
2021-03-23 00:00:00+00:00,46.923955388,0.7647058824997277,46.70620749545732,0.4689666840668823,75.48892771577889,64.33884534207924
2021-03-24 00:00:00+00:00,47.0426577464,0.252967503311452,46.87443262092866,0.36096709368916713,79.53560482982871,48.07567200581452
2021-03-25 00:00:00+00:00,47.4992052789,0.9704968944594494,47.186818949914326,0.6657319940743083,89.51874820201526,66.09879722198544
2021-03-26 00:00:00+00:00,48.4305622451,1.960784313614039,47.808690597507166,1.3132581538441737,95.79532156073027,80.27365414939726
2021-03-29 00:00:00+00:00,49.1701692478,1.5271493214490395,48.489429922653585,1.4202037376466066,97.54589115662277,62.97769483094123
2021-03-30 00:00:00+00:00,48.5310027023,-1.2999071495540804,48.51021631247679,0.060148294046263096,63.35390839458874,20.269346017333856
2021-03-31 00:00:00+00:00,48.1292408737,-0.8278457197031353,48.3197285930884,-0.3838487128284361,47.616896122842746,31.845763280234152
2021-04-01 00:00:00+00:00,47.9466218607,-0.3794346424021655,48.133175226894195,-0.38164167761530077,40.72038657646417,43.52855915692187
2021-04-05 00:00:00+00:00,48.2205503802,0.5713197486485022,48.176862803547095,0.09483903551660072,55.29018769831389,63.45308276723632
2021-04-06 00:00:00+00:00,48.5675265049,0.7195606892999473,48.37219465422355,0.407199862408274,69.52262815501076,66.23898371050849
2021-04-07 00:00:00+00:00,48.6497050607,0.16920473763823995,48.510949857461775,0.288202300023257,72.6191466590618,46.499685741561244
2021-04-08 00:00:00+00:00,48.5036098503,-0.30030030031572563,48.50727985388089,-0.006049000146234329,57.138369993379314,33.66287592214199
2021-04-09 00:00:00+00:00,48.5583955542,0.11295180723471798,48.532837704040446,0.05345140354424183,61.72769438836666,51.38283752416847
2021-04-12 00:00:00+00:00,48.7136217153,0.3196690486339193,48.62322970967023,0.18656022608908057,73.69710101197656,59.50015264513749
2021-04-13 00:00:00+00:00,48.4762169984,-0.48734770386706927,48.54972335403511,-0.15039373888899435,42.91027247730062,30.085040548503724
2021-04-14 00:00:00+00:00,48.4670860477,-0.018835939075645403,48.50840470086756,-0.08461483898231988,41.90043611421154,51.12579620919491
2021-04-15 00:00:00+00:00,48.695359814,0.47098718927591765,48.60188225743378,0.1931861751467989,69.13722721148564,66.79641745080025
2021-04-16 00:00:00+00:00,49.0149430867,0.6562910181189707,48.80841267206689,0.4247385966328848,84.44784896117508,71.90770290069368
2021-04-19 00:00:00+00:00,49.3071335075,0.5961251863195294,49.057773089783446,0.5104318914762072,90.74468412148403,66.89259774344261
2021-04-20 00:00:00+00:00,49.4623596685,0.31481481472936945,49.26006637914172,0.4126233531027883,93.00240741735753,44.92033807951668
2021-04-21 00:00:00+00:00,49.8641214971,0.8122577072599002,49.56209393812086,0.6124405301813443,96.4060603257065,70.56539343404779
2021-04-22 00:00:00+00:00,49.7088953361,-0.31129829693085087,49.635494637110426,0.1505711166252467,75.20601865065177,27.3780055971278
2021-04-23 00:00:00+00:00,49.736288188,0.05510653921152464,49.685891412555215,0.10283882791838567,76.56988077657263,44.110275746925744
2021-04-26 00:00:00+00:00,48.9966811854,-1.4870570956246998,49.34128629897761,-0.6921091338531571,23.721888858538208,17.97036466109263
2021-04-27 00:00:00+00:00,48.9236335802,-0.14908684309371534,49.1324599395888,-0.4205979884734362,21.521316834594444,53.6871841703702
2021-04-28 00:00:00+00:00,48.9327645309,0.018663680580943698,49.0326122352444,-0.20096715394624626,22.863001120003858,57.19252533111972
2021-04-29 00:00:00+00:00,49.5445382244,1.2502332524328974,49.2885752298222,0.5246330492433255,71.62165674537907,76.65283099258315
2021-04-30 00:00:00+00:00,49.2888716062,-0.5160339108258971,49.2887234180111,0.004299569208714216,51.295920020226525,38.753582031398864
2021-05-03 00:00:00+00:00,49.7454191387,0.9262689885612518,49.51707127835555,0.465284278884983,72.3297469467653,61.85475904071411
2021-05-04 00:00:00+00:00,49.4349668166,-0.6240822320431105,49.47601904747778,-0.07939897657906375,50.211301415193944,38.46304805082445
2021-05-05 00:00:00+00:00,49.3071335075,-0.25858884375153934,49.39157627748889,-0.16899391016530155,42.23424337353436,45.72169739317194
2021-05-06 00:00:00+00:00,49.8002048426,1.0000000000507159,49.595890560044445,0.4155030449427072,69.90073692351615,66.2716417303449
2021-05-07 00:00:00+00:00,49.7728119906,-0.055005500653226846,49.68435127532222,0.18024877214474017,67.2179411418333,44.898167796991125
2021-05-10 00:00:00+00:00,50.1380500166,0.7338103100724469,49.91120064596111,0.4570295411085935,81.45393205103099,59.534801480800404
2021-05-11 00:00:00+00:00,49.5993239283,-1.074485521717794,49.755262287130556,-0.30872799030460024,41.54109046786716,31.114690051577597
2021-05-12 00:00:00+00:00,49.3436573101,-0.5154639175517617,49.549459798615274,-0.412095953928181,30.79816221544473,43.5996472249268
2021-05-13 00:00:00+00:00,49.7728119906,0.8697261287362146,49.66113589460764,0.2288150874040168,58.08850614103995,66.30092957654084
2021-05-14 00:00:00+00:00,49.9736929049,0.4035956705398469,49.817414399753815,0.31620537897193185,67.17689867395313,55.10524002995378
2021-05-17 00:00:00+00:00,49.8915143491,-0.16444363228546033,49.85446437442691,0.07588087334323576,59.28775238482358,42.10784295257878
2021-05-18 00:00:00+00:00,49.6175858296,-0.5490483162793325,49.73602510201346,-0.23658372146804835,37.353865020940326,33.97034505629751
2021-05-19 00:00:00+00:00,49.4623596685,-0.31284504980370054,49.59919238525673,-0.27471438563587447,28.417585830090417,43.949035965380446
2021-05-20 00:00:00+00:00,49.9006452997,0.8860993170108022,49.749918842478365,0.3056924656874639,64.44386066994906,73.93752517349402
2021-05-21 00:00:00+00:00,49.8732524478,-0.05489478489804078,49.81158564513918,0.12539884039471155,61.54021702467656,45.36407477707306
2021-05-24 00:00:00+00:00,50.0376095595,0.3295496155419686,49.924597602319594,0.22747422796834008,72.63647088958244,55.82582061587028
2021-05-25 00:00:00+00:00,50.0284786088,-0.018248175283308576,49.9765381055598,0.10461302634251575,70.9310763757195,44.3117412726087
2021-05-26 00:00:00+00:00,50.2476214244,0.43803613800370567,50.112079764979896,0.27132458217311073,84.24641183589488,60.388944337515426
2021-05-27 00:00:00+00:00,50.6676451543,0.8359076867587412,50.38986245963994,0.553616134465926,93.20064791994596,71.24657469362097
2021-05-28 00:00:00+00:00,50.4850261413,-0.3604253018743342,50.43744430046997,0.09659541629579588,67.99535616309308,31.859324902052865
2021-06-01 00:00:00+00:00,50.4758951906,-0.018086453346466413,50.45666974553498,0.03925448147466473,66.64361783459943,44.92766733270708
2021-06-02 00:00:00+00:00,50.6767761049,0.3979739508164437,50.56672292521749,0.2186142161455542,79.85768842566124,59.19441894977563
2021-06-03 00:00:00+00:00,50.804609414,0.2522522522651949,50.685666169608744,0.23543323420537454,85.38443826436952,52.10328296195243
2021-06-04 00:00:00+00:00,51.352466453,1.0783608915001963,51.01906631130437,0.6568970628527855,94.71198667863071,76.27328987685664
2021-06-07 00:00:00+00:00,51.16984744,-0.3556187766894148,51.094456875652185,0.15063914308168536,71.80065187491577,32.96283809427405
2021-06-08 00:00:00+00:00,50.8137403647,-0.6959314774536929,50.9540986201761,-0.27264616718600376,42.04836194421358,27.42019199809239
2021-06-09 00:00:00+00:00,50.6585142036,-0.30548068295290776,50.806306411888045,-0.28906342506945576,33.084548714514646,43.7096290265849
2021-06-10 00:00:00+00:00,51.0511450816,0.7750540736784828,50.92872574674402,0.2429953243045135,63.006119910206,70.85895561058251
2021-06-11 00:00:00+00:00,51.2794188478,0.4471472007829158,51.10407229727201,0.3450712625437147,73.38494449303677,58.1026737548511
2021-06-14 00:00:00+00:00,51.1059307855,-0.3383190882387366,51.105001541386,0.003376087152489049,55.60169350564302,35.281285797020665
2021-06-15 00:00:00+00:00,50.9771309599,-0.2520252025945746,51.041066250643,-0.12432455772104278,43.78563188537322,39.21570859108725
2021-06-16 00:00:00+00:00,50.2963318819,-1.335499007457941,50.6686990662715,-0.7299117825894919,16.30797472832433,18.282936431805584
2021-06-17 00:00:00+00:00,50.5539315331,0.5121638925972949,50.61131529968575,-0.10887394499609848,38.28826436130966,65.45328193087042
2021-06-18 00:00:00+00:00,49.4683330033,-2.1474067335182534,50.03982415149288,-1.1281403392571758,14.392916152161494,29.13775163315752
2021-06-21 00:00:00+00:00,50.0111322682,1.0972661335965972,50.02547820984644,-0.015437102830289318,41.687248750757696,64.83856873388305
2021-06-22 00:00:00+00:00,50.195132019,0.3679175864550466,50.11030511442322,0.17624024181237863,49.822017552450774,55.42370114160117
2021-06-23 00:00:00+00:00,49.7903325672,-0.8064516129707044,49.950318840811605,-0.3151056855791629,34.11630585113597,41.03317411802026
2021-06-24 00:00:00+00:00,50.0387322308,0.4988913525828531,49.994525535805806,0.0918928335018451,48.93373216481105,58.84805095435525
2021-06-25 00:00:00+00:00,49.974332318,-0.1287001287381906,49.98442892690291,-0.018403647618172744,44.9980996330788,48.32004604510335
2021-06-28 00:00:00+00:00,49.9191323928,-0.11045655367388774,49.95178065985145,-0.06443010064603025,40.781046822036586,48.72006962217254
2021-06-29 00:00:00+00:00,49.5511328912,-0.7371913011314346,49.751456775525725,-0.40081070088873244,21.05195016716037,34.82822545833106
2021-06-30 00:00:00+00:00,49.7811325797,0.4641663572153121,49.76629467761286,0.03167782816328982,45.68584701221271,64.18828488673611
2021-07-01 00:00:00+00:00,49.6431327666,-0.2772130844533538,49.70471372210643,-0.12276762814503199,35.66910598626855,45.298080408365415
2021-07-02 00:00:00+00:00,49.8455324925,0.4077094144150806,49.775123107303216,0.14247089313502428,56.60225643045472,61.14435462192137
2021-07-06 00:00:00+00:00,49.5695328663,-0.5537098560267628,49.672327986801605,-0.20561948144586928,33.98336797704691,37.97927094847519
2021-07-07 00:00:00+00:00,49.974332318,0.8166295470078966,49.8233301524008,0.30550503278101365,64.86878103949027,65.73437103603702
2021-07-08 00:00:00+00:00,49.7995325548,-0.3497790867673878,49.8114313536004,-0.022137026993187064,49.78285344143848,41.83244078645775
2021-07-09 00:00:00+00:00,50.1031321436,0.609643450901709,49.957281748600195,0.29375321195426096,68.72923789752316,59.8465782625873
2021-07-12 00:00:00+00:00,50.1215321187,0.03672420128799647,50.0394069336501,0.16523870662112872,69.76622650353231,46.850282097757315
2021-07-13 00:00:00+00:00,50.6183314458,0.9911894271776411,50.328869189725054,0.5782140668993849,87.09637484455837,65.5469971746283
2021-07-14 00:00:00+00:00,51.7591299008,2.253725917895011,51.04399954526252,1.4159699923971978,95.66173206728256,79.70934969047859
2021-07-15 00:00:00+00:00,51.9247296765,0.3199431211795556,51.48436461088126,0.8679565567883767,96.20958344792587,40.993979685995605
2021-07-16 00:00:00+00:00,51.8879297264,-0.07087172206627912,51.68614716864063,0.3985424173610488,92.32328298891935,35.73266611478033
2021-07-19 00:00:00+00:00,51.2715305612,-1.1879432624315789,51.47883886492032,-0.39470042253526505,45.82023479771496,23.049328014814634
2021-07-20 00:00:00+00:00,51.3635304366,0.17943656917005502,51.42118465076016,-0.10763192668260502,51.310825261166855,53.41207063409435
2021-07-21 00:00:00+00:00,52.0259295395,1.2896292316152635,51.723557095130076,0.5909986524663293,76.75351390247286,68.53313824618083
2021-07-22 00:00:00+00:00,51.9523296392,-0.14146772763400373,51.83794336716504,0.2247654624161628,70.60441864852125,42.10731366378573
2021-07-23 00:00:00+00:00,52.4491289663,0.9562599609106659,52.14353616673252,0.5905127116634143,83.76977344272807,59.89851296148124
2021-07-26 00:00:00+00:00,52.495128904,0.08770391159318436,52.31933253536626,0.33910831162829935,84.72023528120214,43.89025385840189
2021-07-27 00:00:00+00:00,52.6791286548,0.350508236938496,52.499230595083134,0.34480827428339766,88.69310762783022,49.96000942245352
2021-07-28 00:00:00+00:00,52.2007293027,-0.9081383164761481,52.349979948891566,-0.2816650210963752,44.03754063946718,28.112698930145
2021-07-29 00:00:00+00:00,52.4859289165,0.5463517801565398,52.41795443269578,0.13234337953008232,61.41134665786691,59.10865763481241
2021-07-30 00:00:00+00:00,52.4675289414,-0.035056967609881085,52.442741687047885,0.04864320596010062,59.62011984257724,46.96633832701366
2021-08-02 00:00:00+00:00,52.3295291283,-0.26301946343637583,52.38613540767395,-0.1071881287381376,44.89005596791538,41.903709127392496
2021-08-03 00:00:00+00:00,52.3663290785,0.07032348812039402,52.376232243086974,-0.01843232030887179,49.84652925488735,53.01299853452235
2021-08-04 00:00:00+00:00,51.6119301002,-1.4406184118216814,51.99408117164349,-0.7295253660652766,13.237372856566372,23.04786181752909
2021-08-05 00:00:00+00:00,51.9799296018,0.7130124777073199,51.98700538672175,-0.008256444178978362,43.565104118800825,65.15646648455872
2021-08-06 00:00:00+00:00,52.1087294273,0.24778761050021636,52.04786740701087,0.119765583160619,52.315773484497136,55.343512042196586
2021-08-09 00:00:00+00:00,52.1179294149,0.017655367346525175,52.08289841095544,0.06871047525357209,53.09502151656148,49.780530854026786
2021-08-10 00:00:00+00:00,52.255929228,0.26478375992533554,52.16941381947772,0.16674711758945382,65.7049989122631,56.7785710068626
2021-08-11 00:00:00+00:00,52.1915293152,-0.12323943665609738,52.180471567338856,0.02175384046667822,55.29845734771972,42.74870363865764
2021-08-12 00:00:00+00:00,52.2927291781,0.193900934170399,52.23660037271942,0.10782738731853861,67.45027488565398,56.0598566668951
2021-08-13 00:00:00+00:00,52.6515286922,0.6861365236417338,52.44406453245971,0.3969819554801362,86.69110688037865,71.49162175649165
2021-08-16 00:00:00+00:00,52.8815283807,0.4368338284051809,52.662796456579855,0.41690789194265854,91.51427313019545,56.43444318910382
2021-08-17 00:00:00+00:00,52.6975286299,-0.34794711203383066,52.68016254323993,0.03448038995441394,63.77825230177331,28.295149989496934
2021-08-18 00:00:00+00:00,51.9799296018,-1.3617318435172998,52.33004607251996,-0.6636257267814429,22.999647383672304,14.390934419693773
2021-08-19 00:00:00+00:00,52.3111291532,0.6371681415061614,52.32058761285998,-0.013228792637640763,46.625697450042956,65.10527818414167
2021-08-20 00:00:00+00:00,52.1087294273,-0.3869152304230461,52.21465852007999,-0.20007201153034343,36.39046978318631,44.73831799910857
2021-08-23 00:00:00+00:00,51.9247296765,-0.3531073446277455,52.06969409829,-0.27658967807904444,28.006799019035213,45.5813264423901
2021-08-24 00:00:00+00:00,51.5291302123,-0.7618710134162598,51.799412155295,-0.5192303457476521,16.068355593920515,35.70345081834778
2021-08-25 00:00:00+00:00,51.5843301375,0.10712372782653024,51.6918711463975,-0.20605330896056095,22.943292732570917,61.978443542403035
2021-08-26 00:00:00+00:00,51.0967307979,-0.9452470126107726,51.394300972148756,-0.5756501607856668,11.002274595182694,35.572133134886464
2021-08-27 00:00:00+00:00,51.1979306609,0.1980554556421099,51.29611581652438,-0.18879735257177843,23.41180926619007,61.97388163258753
2021-08-30 00:00:00+00:00,51.6855300005,0.9523809523270144,51.490822908512186,0.38179179987761797,61.853643253214265,72.94579947828437
2021-08-31 00:00:00+00:00,51.8051298385,0.23139907436151574,51.6479763735061,0.3065954371195668,67.80006866771623,51.60018607532453
2021-09-01 00:00:00+00:00,52.154729365,0.6748357307275521,51.901352869253046,0.49071558392355946,80.87314825190361,61.88884859346994
2021-09-02 00:00:00+00:00,52.2283292654,0.141118363178383,52.064841067326526,0.31591697355097126,83.04672161362522,44.7243742898087
2021-09-03 00:00:00+00:00,52.1915293152,-0.07045974994336346,52.12818519126326,0.1227286118038039,76.52454118280252,38.392714309523015
2021-09-07 00:00:00+00:00,51.2163306359,-1.86849991195025,51.67225791358163,-0.8728856500732229,18.56572966963634,13.68894552464291
2021-09-08 00:00:00+00:00,51.9063297015,1.3472247172591212,51.789293807540815,0.23716953359294912,54.854852491639996,68.33988386787969
2021-09-09 00:00:00+00:00,51.3911303992,-0.9925558313654159,51.590212103370405,-0.3776931488862334,36.59186479695689,40.41234040071626
2021-09-10 00:00:00+00:00,51.1611307107,-0.4475474400220225,51.3756714070352,-0.41262029445412796,29.92107559623325,47.85743489009438
2021-09-13 00:00:00+00:00,51.5843301375,0.8271893543421838,51.4800007722676,0.2072845299440279,53.37877573142974,63.74838429513195
2021-09-14 00:00:00+00:00,51.6211300877,0.0713393972586518,51.550565429983806,0.13931196360133985,55.329140015782414,50.153758260983054
2021-09-15 00:00:00+00:00,51.7972481469,0.3411743580599369,51.673906788441904,0.24024316083063837,65.64617822264138,55.26260273069764
2021-09-16 00:00:00+00:00,51.3059714555,-0.9484609877472905,51.48993912197095,-0.35410891345832607,33.38441786854824,31.85590401161593
2021-09-17 00:00:00+00:00,50.4624586456,-1.644083107619576,50.97619888378547,-0.999096010538951,14.734616093754047,23.72536347446165
2021-09-20 00:00:00+00:00,50.1102225272,-0.6980161645982585,50.54321070549274,-0.8485560875686048,10.915209122728553,49.84169135109808
2021-09-21 00:00:00+00:00,50.1009531557,-0.018497965150665596,50.32208193059637,-0.4335270263596352,10.804654815137829,63.35853474205241
2021-09-22 00:00:00+00:00,50.175108128,0.14801110084581293,50.24859502929819,-0.14275796275691113,20.470763403790983,66.66082537866924
2021-09-23 00:00:00+00:00,50.0916837842,-0.16626639565414658,50.170139406749094,-0.15451217920552884,17.305946329549904,53.109510947632856
2021-09-24 00:00:00+00:00,49.9526432111,-0.27757216886339364,50.06139130892455,-0.21604217403446124,12.481709229316763,47.93295831389582
2021-09-27 00:00:00+00:00,49.6931008081,-0.519576915886466,49.87724605851227,-0.36780954496046364,7.010096725910872,36.371209528763956
2021-09-28 00:00:00+00:00,48.793971769,-1.8093639247270255,49.33560891375613,-1.0885867348437446,2.138554207759945,12.420587326185867
2021-09-29 00:00:00+00:00,49.0905916582,0.6079027356171274,49.213100285978065,-0.2403419996133086,27.1801400859364,69.28347731907168
2021-09-30 00:00:00+00:00,48.6363924529,-0.9252265861092623,48.924746369439035,-0.5827842928612854,17.118726294177485,42.828580680937804
2021-10-01 00:00:00+00:00,49.1462078874,1.0482180293156285,49.035477128419515,0.23271686822717152,48.941283759155695,67.09081945186959
2021-10-04 00:00:00+00:00,49.1183997728,-0.05658242170731853,49.07693845060976,0.0880672232599265,47.45065099769934,49.463481260300746
2021-10-05 00:00:00+00:00,49.2018241166,0.16984336661187704,49.13938128360488,0.12895529493590177,53.784856185841015,53.24032026837768
2021-10-06 00:00:00+00:00,49.7857945234,1.1868877166344216,49.46258790350244,0.6579215057851617,79.60182893219152,68.90014213238088
2021-10-07 00:00:00+00:00,49.9433738396,0.31651461568205086,49.70298087155122,0.4872180607336063,83.36351261817836,48.18513130908812
2021-10-08 00:00:00+00:00,50.1658387565,0.4454342984806736,49.934409814025614,0.46632617960713996,88.03579025237856,51.429587156735685
2021-10-11 00:00:00+00:00,50.2678018434,0.2032520325134346,50.101105828712804,0.3347891060602873,89.9720060981779,43.71621344508457
2021-10-12 00:00:00+00:00,50.2678018434,0.0,50.184453836056406,0.16739455303014364,89.97200609817791,36.77321922080265
2021-10-13 00:00:00+00:00,50.2770712149,0.018439977799067364,50.2307625254782,0.0929172654146055,90.29332055834642,38.11084784897246
2021-10-14 00:00:00+00:00,50.6200379617,0.6821533922173995,50.425400243589095,0.3875353288160025,96.50627367533322,71.10967033766674
2021-10-15 00:00:00+00:00,50.4995361318,-0.23805163874269786,50.46246818769455,0.07474184503665232,72.16317293176984,33.7193832619594
2021-10-18 00:00:00+00:00,49.9989900688,-0.991189427351602,50.230729128247276,-0.4582237911574748,28.06079575627077,20.49159947591996
2021-10-19 00:00:00+00:00,50.1936468711,0.38932146835795045,50.21218799967364,-0.034451161399762176,46.96716119119729,61.749231077891125
2021-10-20 00:00:00+00:00,50.6385767048,0.8864265926773696,50.425382352236824,0.42598771563880367,72.10360098567143,70.12310470180554
2021-10-21 00:00:00+00:00,50.3790343018,-0.5125388979888235,50.402208327018414,-0.0432755911750099,50.96628215221552,36.44392934598927
2021-10-22 00:00:00+00:00,50.4717280172,0.18399264036050855,50.436968172109204,0.07035852459274933,57.62162550649317,53.222710488768605
2021-10-25 00:00:00+00:00,50.2678018434,-0.4040404040267953,50.352385007754606,-0.166840939717023,39.79644715354536,39.88767219016386
2021-10-26 00:00:00+00:00,50.4902667602,0.4425594687689882,50.4213258839773,0.13785926452598263,60.02969682443862,60.993487321488466
2021-10-27 00:00:00+00:00,51.4635507716,1.9276666055708214,50.94243832778865,1.032762935048402,87.53082590258202,79.72494263721696
2021-10-28 00:00:00+00:00,51.9455580915,0.9365994236176789,51.44399820964432,0.9846811793330404,91.74836035788898,53.84286538640391
2021-10-29 00:00:00+00:00,52.2514473522,0.5888650963402853,51.84772278092216,0.7867731378366629,93.7580993470009,45.985737863443624
2021-11-01 00:00:00+00:00,52.0660599215,-0.35479865170127134,51.956891351211084,0.2159872430676958,76.76188017786107,28.849019465791912
2021-11-02 00:00:00+00:00,52.0011743207,-0.12462168425616538,51.97903283595554,0.045682779405765206,70.09125318269285,37.38612991643294
2021-11-03 00:00:00+00:00,52.1772923799,0.33868092692264096,52.07816260792777,0.19218185316420308,77.90769238849389,54.036875847729576
2021-11-04 00:00:00+00:00,52.4646428975,0.5507194882935051,52.27140275271388,0.3714506707288541,86.5258141191762,61.13250705106904
2021-11-05 00:00:00+00:00,52.6871078144,0.42402826858962683,52.47925528355694,0.39773946965924045,90.72673844859395,53.70235422256783
2021-11-08 00:00:00+00:00,52.2143698661,-0.8972554537730715,52.34681257482847,-0.2497579920569155,45.504771110694314,18.509316688124674
2021-11-09 00:00:00+00:00,52.3626798106,0.28404047560151024,52.35474619271423,0.017141241772297366,55.85860653870167,56.62747996133406
2021-11-10 00:00:00+00:00,52.575875356,0.40715170837539727,52.465310774357114,0.21214647507384732,68.68688047192866,59.58290110028597
2021-11-11 00:00:00+00:00,52.5944140991,0.03526093093928484,52.52986243672856,0.12370370300656608,69.8305054689164,45.52640531267928
2021-11-12 00:00:00+00:00,52.4739122691,-0.229115262645474,52.50188735291428,-0.05270577981945396,51.49393850336653,36.375524786811326
2021-11-15 00:00:00+00:00,52.4831816406,0.017664723477195388,52.492534496757145,-0.017520528171129285,52.920379147203974,50.34904883072397
2021-11-16 00:00:00+00:00,52.1124067792,-0.7064641468176092,52.30247063797857,-0.3619923374943692,19.143197096965352,25.601148207464398
2021-11-17 00:00:00+00:00,51.8250562615,-0.5514051940020748,52.063763449739284,-0.456698765748222,10.989319050344678,35.74547141081505
2021-11-18 00:00:00+00:00,51.3615876847,-0.8942944016527954,51.71267556721964,-0.6754965837005087,5.412116313386137,24.613387663574205
2021-11-19 00:00:00+00:00,51.1020452817,-0.5053239486934924,51.407360424459824,-0.5904102661970005,3.7944896204811607,50.72509570045609
2021-11-22 00:00:00+00:00,51.4172039139,0.616724106564992,51.41228216917992,0.013156920183995724,37.70713322663553,80.28012283814925
2021-11-23 00:00:00+00:00,51.7972481469,0.7391382729337037,51.60476515803996,0.3761475965588497,61.96120462916435,82.04273678654968
2021-11-24 00:00:00+00:00,51.3801264278,-0.8052970650429536,51.49244579291998,-0.21457473424205195,37.75791987304297,30.48170662088279
2021-11-26 00:00:00+00:00,49.8043332665,-3.0669312647844893,50.64838952970999,-1.6407529995132706,11.749732153768848,12.804939007056394
2021-11-29 00:00:00+00:00,50.5922298471,1.581983994011149,50.620309688404994,-0.029384502751060748,41.81085826547428,68.7256364922122
2021-11-30 00:00:00+00:00,49.0071673144,-3.1330157565507166,49.8137385014025,-1.5812001296508886,20.617647256501044,34.786027562307915
2021-12-01 00:00:00+00:00,48.8670133564,-0.28598665395381806,49.34037592890125,-0.9335933918023533,19.31885612809735,54.94064392137228
2021-12-02 00:00:00+00:00,49.5864703408,1.4722753345959738,49.46342313485063,0.26934097139681024,45.671273429345796,64.96971107559739
2021-12-03 00:00:00+00:00,50.0256194092,0.8856227623821544,49.74452127202531,0.5774818668894823,58.178176164180925,58.45782408318564
2021-12-06 00:00:00+00:00,51.3056922256,2.5588345162290693,50.525106748812654,1.568158191559276,79.15732036930304,70.92517564392668
2021-12-07 00:00:00+00:00,51.5860001416,0.5463485703836479,51.05555344520633,1.057253380971462,82.10574696904463,46.011992730795754
2021-12-08 00:00:00+00:00,51.3897846004,-0.3803658757442041,51.22266902280316,0.3384437526136289,71.4874286062579,37.028099952887935
2021-12-09 00:00:00+00:00,51.2589742396,-0.25454545454346444,51.240821631201584,0.041949149035082234,63.301028741652026,39.43635235567968
2021-12-10 00:00:00+00:00,52.585765042,2.5884068537894933,51.91329333660079,1.3151780014122878,86.61728999881032,73.62415833190872
2021-12-13 00:00:00+00:00,53.9686174276,2.6297085998378655,52.9409553821004,1.9724433006250766,93.2860705473072,73.94467148494772
2021-12-14 00:00:00+00:00,54.0059918164,0.06925207756180995,53.4734735992502,1.0208476890934433,93.41901877311687,34.715751437819044
2021-12-15 00:00:00+00:00,54.2489253436,0.4498269896160423,53.861199471425095,0.7353373393547428,94.4839849824167,41.620869378268274
2021-12-16 00:00:00+00:00,54.8001975784,1.016190148115137,54.33069852491255,0.8757637437349399,96.44317801800707,52.77178067273224
2021-12-17 00:00:00+00:00,53.940586636,-1.5686274509689513,54.13564258045628,-0.3464318536170057,52.679131582065025,22.868567263053492
2021-12-20 00:00:00+00:00,53.7630582892,-0.32911830936875885,53.94935043482814,-0.33777508149288227,46.18653561587073,45.20333096973184
2021-12-21 00:00:00+00:00,53.9779610248,0.39972193256567756,53.96365572981407,0.030973425536397647,56.027291925727376,56.351287570917854
2021-12-22 00:00:00+00:00,54.36104851,0.7097109226189335,54.16235211990704,0.37034217407766556,70.46775829716776,61.3656927548845
2021-12-23 00:00:00+00:00,54.3984228988,0.06875214850412537,54.28038750935352,0.21954716129089547,71.82193865703182,45.24472727090208
2021-12-27 00:00:00+00:00,54.8001975784,0.7385778083078609,54.54029254387676,0.4790624847993782,83.80013163333174,61.216037033758525
2021-12-28 00:00:00+00:00,55.015100314,0.39215686274223227,54.777696428938384,0.43560967377080523,87.92010206858527,49.92007048575446
2021-12-29 00:00:00+00:00,55.0805054944,0.11888586956434466,54.92910096166919,0.27724777166757497,89.17671926941249,40.97374832061453
2021-12-30 00:00:00+00:00,54.921664342,-0.2883799830343814,54.925382651834596,-0.005566105683403211,64.67001796893476,29.253768080654336
2021-12-31 00:00:00+00:00,55.3234390216,0.7315413405867055,55.1244108367173,0.36298761745165115,82.7039634829048,65.8969971741884
2022-01-03 00:00:00+00:00,55.4075313964,0.15200135112203306,55.26597111655865,0.2574944842868421,85.09290571427499,45.715225561032184
2022-01-04 00:00:00+00:00,56.3325475192,1.6694772343892827,55.799259317879326,0.9634858593380624,95.45375848307728,75.3573931644944
2022-01-05 00:00:00+00:00,56.7997273792,0.8293249295014959,56.29949334853966,0.8964053944197792,97.02185883516962,51.8461379218563
2022-01-06 00:00:00+00:00,56.5007322688,-0.5264023688069552,56.40011280866983,0.18500151280641197,72.88708792575709,29.53878160262575
2022-01-07 00:00:00+00:00,56.369921908,-0.231519761863741,56.38501735833492,-0.02325912452866452,62.65835386760905,38.21241373538513
2022-01-10 00:00:00+00:00,56.46335788,0.1657550140879982,56.424187619167455,0.07124794477966684,67.53918645557154,50.520924725605596
2022-01-11 00:00:00+00:00,56.4820450744,0.033096144298960795,56.45311634678373,0.05217204453931382,68.76401938007257,45.93732628826297
2022-01-12 00:00:00+00:00,56.5661374492,0.14888337468876855,56.509626897991865,0.10052770961404119,75.10473154092963,51.67720776363164
2022-01-13 00:00:00+00:00,56.9025069484,0.5946481664972803,56.706066923195934,0.34758793805566074,88.77561667466249,70.0437973299047
2022-01-14 00:00:00+00:00,57.3603432112,0.8045977011437611,57.03320506719797,0.5760928195997109,94.70835607140084,76.38492205318654
2022-01-18 00:00:00+00:00,56.9025069484,-0.7981755986261274,56.967856007798986,-0.11104138951320824,52.825964323067986,22.308849189864034
2022-01-19 00:00:00+00:00,56.9959429204,0.1642036124783086,56.98189946409949,0.026581111482550185,58.45069941096615,52.55854015742272
2022-01-20 00:00:00+00:00,56.7623529904,-0.409836065570901,56.872126227249744,-0.19162747704417543,40.39087363285226,38.97941843798765
2022-01-21 00:00:00+00:00,56.4820450744,-0.4938271604903455,56.67708565082487,-0.3427273187672605,25.955548711593764,36.8877486343964
2022-01-24 00:00:00+00:00,56.0242088116,-0.8105872621944288,56.350647231212434,-0.5766572904808447,13.838476711220366,28.2976730395603
2022-01-25 00:00:00+00:00,55.8933984508,-0.23348899266010248,56.12202284100621,-0.4050731415704736,11.531352676222859,56.1826975534886
2022-01-26 00:00:00+00:00,55.6878393124,-0.3677699765938236,55.90493107670311,-0.3864215590821486,8.278199842579426,49.46811327896791
2022-01-27 00:00:00+00:00,55.7345572984,0.08389261744905507,55.81974418755155,-0.15126447081654676,16.32559669333043,68.47640666353504
2022-01-28 00:00:00+00:00,56.8464453652,1.9949706621818164,56.33309477637577,0.9218530956826348,79.75069634162223,90.69398799678792
2022-01-31 00:00:00+00:00,57.0052865176,0.2794214332656253,56.669190646987886,0.60063726447413,82.58017005897344,46.53303367007984
2022-02-01 00:00:00+00:00,56.5848246436,-0.7375840026173419,56.62700764529394,-0.06847336907160595,53.11244029704554,32.4728339215312
2022-02-02 00:00:00+00:00,57.16412767,1.023778071326964,56.89556765764697,0.477652351127679,73.01380858925806,62.16877733040342
2022-02-03 00:00:00+00:00,57.5659023496,0.70284406668355,57.23073500362349,0.5902482089056145,81.27991706497762,55.49830378240032
2022-02-04 00:00:00+00:00,56.9585685316,-1.0550235351330706,57.094651767611744,-0.23238766311372805,47.96584306632451,29.496085196276265
2022-02-07 00:00:00+00:00,57.5565587524,1.0498687663968331,57.32560526000587,0.40874055164155254,67.58691524824161,61.71433186868273
2022-02-08 00:00:00+00:00,57.9303026404,0.6493506493461254,57.62795395020294,0.529045600493839,76.05262543056665,54.593754965829625
2022-02-09 00:00:00+00:00,57.0333173092,-1.5483870967635038,57.33063562970147,-0.5096707481348324,39.19723723144134,28.001492445938705
2022-02-10 00:00:00+00:00,57.350999614,0.5570117955399967,57.34081762185073,0.023670523702582158,51.64581620816241,57.64649378381047
2022-02-11 00:00:00+00:00,56.3325475192,-1.7758227435523022,56.83668257052537,-0.87607610992486,26.024016519768654,34.22507516571836
2022-02-14 00:00:00+00:00,56.69694781,0.6468734450111535,56.76681519026268,-0.11460133245685322,41.57909296517143,59.71936381026871
2022-02-15 00:00:00+00:00,56.9118505456,0.3790375741568486,56.83933286793134,0.13221812084999768,50.741633268026604,56.11270712962655
2022-02-16 00:00:00+00:00,56.9025069484,-0.016417665407852944,56.870919908165675,0.05790022772107237,50.22787850576982,49.492805234652984
2022-02-17 00:00:00+00:00,58.0424258068,2.0032840722354894,57.456672857482836,1.0305921499782809,82.55360278554349,73.47030087170654
2022-02-18 00:00:00+00:00,58.4348568892,0.6761107533759025,57.94576487334142,0.8533514516770917,86.93529930995156,50.05022605306391
2022-02-22 00:00:00+00:00,58.191923362,-0.41573393028176975,58.06884411767071,0.21880876069766098,70.49498617203945,35.920276495219106
2022-02-23 00:00:00+00:00,57.5472151552,-1.10789980731415,57.80802963643535,-0.4445455233082445,40.21844702286928,28.31808190002801
2022-02-24 00:00:00+00:00,56.5381066576,-1.7535314174257133,57.17306814701767,-1.0990384703669789,20.02555586399932,21.84837838518169
2022-02-25 00:00:00+00:00,58.7245084024,3.8671294000717893,57.94878827470883,1.3840454648524052,69.61181432536898,80.38077292211874
2022-02-28 00:00:00+00:00,58.1545489732,-0.9705648369066733,58.05166862395441,0.20674031397286596,56.0280319825119,40.865850406265395
2022-03-01 00:00:00+00:00,57.9022718488,-0.43380462724638136,57.976970236377205,-0.1135321566367577,49.60174777281939,45.33810765372613
2022-03-02 00:00:00+00:00,58.33207732,0.742294658700704,58.154523778188604,0.3143812510319731,61.025737286224825,56.22029469616333
2022-03-03 00:00:00+00:00,58.3694517088,0.06407176037117601,58.2619877434943,0.18922650570157457,62.14496734146887,47.961056582301936
2022-03-04 00:00:00+00:00,58.4628876808,0.16007683688061825,58.362437712147155,0.1746516712910964,65.82522624107816,49.5352145400901
2022-03-07 00:00:00+00:00,57.070691698,-2.381332907127709,57.71656470507358,-1.1033406179183063,20.746320782380735,22.50440292985194
2022-03-08 00:00:00+00:00,54.8095411756,-3.962017026822251,56.26305294033679,-2.5326788223702787,7.774803481570933,14.912424634733446
2022-03-09 00:00:00+00:00,55.0898490916,0.5114217524681441,55.6764510159684,-1.0106285349510673,17.38051068399935,65.01485571126418
2022-03-10 00:00:00+00:00,54.080740594,-1.8317503391997336,54.8785958049842,-1.4211894370754004,11.12397875017224,44.450236447244286
2022-03-11 00:00:00+00:00,54.1181149828,0.06910850034502758,54.4983553938921,-0.6760404683651864,12.86652243664259,59.88889690083158
2022-03-14 00:00:00+00:00,55.108536286,1.8301104972240356,54.80344583994605,0.5770350144294246,51.03090702639066,71.06428956223887
2022-03-15 00:00:00+00:00,56.1252294734,1.8448923813247475,55.464337656673024,1.2109636978770861,70.75470165468607,71.16544114917112
2022-03-16 00:00:00+00:00,55.9746082604,-0.26836632012593453,55.719472958536514,0.4712986888755758,64.94195669741397,40.67433642986409
2022-03-17 00:00:00+00:00,56.5676792864,1.0595358224589457,56.14357612246826,0.7654172556672607,76.39537096381405,57.74041963519811
2022-03-18 00:00:00+00:00,56.5770931122,0.01664170409454435,56.36033461733413,0.39102947988090253,76.57756328942176,43.12564146938328
2022-03-21 00:00:00+00:00,57.0289567511,0.7986688853099944,56.694645684217065,0.5948491825954485,84.94442688907115,55.72941163108293
2022-03-22 00:00:00+00:00,57.2360609189,0.3631561571499464,56.96535330155854,0.47900266987269746,87.91285781854072,47.02426243438767
2022-03-23 00:00:00+00:00,56.8595078865,-0.6578947369099253,56.91243059402927,-0.08944603351861391,57.17082026108913,30.351446603944805
2022-03-24 00:00:00+00:00,57.4055097834,0.9602649006211994,57.15897018871463,0.43540943355129275,75.67312514281075,62.206140574159576
2022-03-25 00:00:00+00:00,57.9232702029,0.9019350606824794,57.541120195807316,0.6686722471168861,84.93212450396919,60.70491527898508
2022-03-28 00:00:00+00:00,58.2904094095,0.6338371526917408,57.915764802653655,0.6512546999043134,89.27422301617838,52.04548062920127
2022-03-29 00:00:00+00:00,58.5163412289,0.38759689919620754,58.21605301577682,0.5194257995502605,91.52783829919153,43.49711617498079
2022-03-30 00:00:00+00:00,58.5634103579,0.08043758036047066,58.38973168683841,0.29993168995536557,92.04984562697445,33.271881715457305
2022-03-31 00:00:00+00:00,58.3657200159,-0.3375663076857105,58.377725851369206,-0.018817308865172466,66.31017064148097,22.483024780689174
2022-04-01 00:00:00+00:00,59.1847228613,1.4032258064783365,58.781224356334604,0.692204248806582,87.6940475141412,74.3797234771148
2022-04-04 00:00:00+00:00,58.8740666096,-0.524892635601304,58.8276454829673,0.08365580660263905,64.42699163103798,35.212711548667606
2022-04-05 00:00:00+00:00,58.808169829,-0.11192836573863385,58.817907655983646,-0.0141362795679974,59.41146077024904,44.58717094177619
2022-04-06 00:00:00+00:00,59.4012408549,1.0084840722377697,59.10957425544183,0.4971738963348862,80.2099015463176,65.12419083731167
2022-04-07 00:00:00+00:00,59.7213109324,0.538827258309027,59.415442593920915,0.5180005773219566,86.01225980593783,52.81617579565886
2022-04-08 00:00:00+00:00,60.088450139,0.6147540984416278,59.75194636646046,0.5663773378817922,90.70253329001575,54.8838570919912
2022-04-11 00:00:00+00:00,60.0696224874,-0.03133322885920942,59.91078442693023,0.2675220545112914,88.4218404102612,35.196800077052636
2022-04-12 00:00:00+00:00,60.775659423,1.175364362824327,60.343221924965114,0.7214432086678093,95.20452452349905,67.67803051101713
2022-04-13 00:00:00+00:00,60.9356944618,0.2633209418365201,60.63945819338255,0.4923820752521647,96.00103054599089,43.154952056074826
2022-04-14 00:00:00+00:00,61.2086954103,0.4480148308987353,60.92407680184128,0.47019845307545,97.19372259589333,48.79131755691017
2022-04-18 00:00:00+00:00,60.6626935133,-0.8920332206723058,60.79338515757064,-0.21091738379842792,51.29634267896885,23.46740840687861
2022-04-19 00:00:00+00:00,61.2557645393,0.9776536313376383,61.02457484843532,0.38336812376960516,72.47451486688418,63.31563367800185
2022-04-20 00:00:00+00:00,62.0935950363,1.3677577992883716,61.55908494236766,0.8755629615289884,85.67456268963693,68.45588025093983
2022-04-21 00:00:00+00:00,62.3289406815,0.3790175863749079,61.94401281193383,0.6272902739519481,88.08260040746805,44.6631190532812
2022-04-22 00:00:00+00:00,61.4252134039,-1.4499320343306143,61.68461310791692,-0.4113208801893331,44.75222191274782,22.73658145998124
2022-04-25 00:00:00+00:00,62.0747673847,1.0574712643306228,61.879690246308456,0.32307519207064483,63.89885596270603,61.55218671928901
2022-04-26 00:00:00+00:00,61.2369368877,-1.349711859261049,61.55831356700423,-0.5133183335952021,38.25094617681935,35.71451431464179
2022-04-27 00:00:00+00:00,61.7170420039,0.7840122981338071,61.63767778545211,0.13534698226930253,54.090227268424776,58.74172622972868
2022-04-28 00:00:00+00:00,62.3101130299,0.9609517999299655,61.97389540767605,0.548149391099634,68.88103601060712,60.501616287368265
2022-04-29 00:00:00+00:00,60.8227285521,-2.3870675328196977,61.39831197988803,-0.9194590708600319,31.140024923902757,27.367892213208002
2022-05-02 00:00:00+00:00,59.7213109324,-1.8108651912196572,60.55981145614402,-1.3651621310398445,19.358431014416286,36.364541171830346
2022-05-03 00:00:00+00:00,59.3824132033,-0.56746532152252,59.971112329722004,-0.9663137262811823,16.480595929271296,54.57659339269088
2022-05-04 00:00:00+00:00,61.2181092361,3.091312618965758,60.594610782911005,1.0624994463422879,62.171904410779455,79.92967116576085
2022-05-05 00:00:00+00:00,60.728590294,-0.7996309396163692,60.6616005384555,0.13143425336295933,51.009510259267905,42.28298451998471
2022-05-06 00:00:00+00:00,60.9451082876,0.3565338707053556,60.80335441302775,0.24398406203415746,56.22403425536369,52.297233296510186
2022-05-09 00:00:00+00:00,60.8227285521,-0.20080321282306413,60.813041482563875,0.021590424605546665,51.57022390012788,46.46744532611617
2022-05-10 00:00:00+00:00,60.2578990035,-0.9286488160690998,60.53547024303194,-0.4535291957317765,32.78377226812782,38.13912607775433
2022-05-11 00:00:00+00:00,60.5403137778,0.46867676930388846,60.53789201041597,0.007573786786055969,47.20754481003403,59.19814335691478
2022-05-12 00:00:00+00:00,60.728590294,0.310993624663114,60.63324115220799,0.15928370572458497,56.534668316100564,55.97278561744394
2022-05-13 00:00:00+00:00,61.8676632169,1.875678189441743,61.25045218455399,1.0174809475831639,83.30393864090934,75.68854581238809
2022-05-16 00:00:00+00:00,62.0935950363,0.3651856360048944,61.672023610427,0.6913332917940291,85.8894910445855,45.91502505014063
2022-05-17 00:00:00+00:00,61.9241461717,-0.272892662280122,61.798084891063496,0.20922031475695357,73.14614997405043,36.753878135259036
2022-05-18 00:00:00+00:00,57.6126139512,-6.962602614729995,59.70534942113174,-3.376691149986521,10.978369693540518,8.882556327077348
2022-05-19 00:00:00+00:00,56.4829548541,-1.9607843137561143,58.09415213761587,-2.6687377318713175,8.229498992143732,50.760216659987705
2022-05-20 00:00:00+00:00,57.4055097834,1.633333333362308,57.749830960507936,-0.5177021992545048,29.77073704944587,67.07201076273641
2022-05-23 00:00:00+00:00,59.1753090355,3.0829780255897665,58.46256999800397,1.2826379131676309,58.083241229292575,72.56966317219032
2022-05-24 00:00:00+00:00,60.2673128294,1.845370665060475,59.364941413701985,1.5640042891140529,69.47340439487516,59.786756143016945
2022-05-25 00:00:00+00:00,60.3143819584,0.07810059348960507,59.83966168605099,0.821052441301829,70.00046439494835,43.40869327785115
2022-05-26 00:00:00+00:00,60.530899952,0.35898236302800424,60.18528081902549,0.5900174021649166,73.19394103679016,46.87800863774737
2022-05-27 00:00:00+00:00,60.8886253328,0.590979782365153,60.53695307591275,0.5904985922650348,78.78953733014822,50.62796284572362
2022-05-31 00:00:00+00:00,59.6648279776,-2.009894867080786,60.10089052675637,-0.7096981374078756,38.04080427470678,23.148680538565884
2022-06-01 00:00:00+00:00,59.3729993775,-0.4891132849818347,59.736944952128184,-0.5994057111948552,32.10213572140182,47.934514543534014
2022-06-02 00:00:00+00:00,59.9943118809,1.0464563183840925,59.86562841651409,0.22352530359461864,54.69110338650268,65.02102056930755
2022-06-03 00:00:00+00:00,59.2788611194,-1.192530990138374,59.572244767957045,-0.4845028432718777,34.73229330586826,37.852306825628204
2022-06-06 00:00:00+00:00,59.1847228613,-0.1588057805469334,59.378483814628524,-0.3216543119094055,32.39870981754223,51.80011667163537
2022-06-07 00:00:00+00:00,59.5424482421,0.6044218229057652,59.460466028364266,0.14138375549817983,51.11875827933835,61.39544387187662
2022-06-08 00:00:00+00:00,59.2035505129,-0.5691699606002798,59.33200827063213,-0.21389310255104999,36.683300740286654,42.07575983070251
2022-06-09 00:00:00+00:00,58.1774434998,-1.7331849259216714,58.75472588521606,-0.9735390142363607,16.071375426553598,28.658789039480677
2022-06-10 00:00:00+00:00,57.8103042932,-0.6310679612473225,58.28251508920803,-0.8023034877418416,12.347741022655736,50.89668528215563
2022-06-13 00:00:00+00:00,57.7444075125,-0.1139879499090446,58.01346130085402,-0.4581457188254431,11.622726511710999,59.73054162346367
2022-06-14 00:00:00+00:00,56.1722986024,-2.7225301597556095,57.09287995162701,-1.5903379392905264,3.7478071689342363,25.29504480277025
2022-06-15 00:00:00+00:00,56.5895839542,0.7428667905396535,56.8412319529135,-0.4237355743754364,24.19663246648925,65.23461225643324
2022-06-16 00:00:00+00:00,56.0205584745,-1.0055304173300472,56.43089521370675,-0.7146329958527418,16.866962213264326,46.443352880764124
2022-06-17 00:00:00+00:00,56.3619737623,0.609446419487969,56.39643448800338,-0.0525932881823864,34.67613963173197,61.720983997522524
2022-06-21 00:00:00+00:00,57.5664110276,2.1369678613094134,56.98142275780169,1.0421872865635136,69.38337436849245,72.7497225974763
2022-06-22 00:00:00+00:00,57.9931801374,0.7413509061653833,57.48730144760084,0.8917690963644485,76.12532649505327,52.155840996164464
2022-06-23 00:00:00+00:00,58.685494471,1.1937857726714407,58.08639795930042,1.0427774345179446,84.45490875420812,57.94488420557929
2022-06-24 00:00:00+00:00,59.7856103984,1.8745959922747746,58.93600417885021,1.4586867133963595,91.51281457610855,66.96665319294019
2022-06-27 00:00:00+00:00,59.6623215445,-0.20621827406031024,59.29916286167511,0.6262342196680246,85.02350893115744,33.76197703856154
2022-06-28 00:00:00+00:00,59.0648447908,-1.001430615223986,59.182003826237555,-0.1875981977779807,56.10366231197786,26.289507434826465
2022-06-29 00:00:00+00:00,59.4916139006,0.7225433526686809,59.33680886341878,0.2674725774453501,67.82819638868936,57.13856270518789
2022-06-30 00:00:00+00:00,59.6623215445,0.2869440459040584,59.49956520395939,0.2772083116747043,72.27184340720471,49.31601428091297
2022-07-01 00:00:00+00:00,61.0564339697,2.336671435355031,60.277999586829694,1.3069398735148676,89.6997913707751,74.22388470446651
2022-07-05 00:00:00+00:00,60.0132205903,-1.7086051568581784,60.14561008856485,-0.20083264167165538,52.594682824356674,30.235980500633932
2022-07-06 00:00:00+00:00,60.1365094442,0.20543615671231308,60.141059766382426,0.002301757520328851,55.83343573432904,50.89165005194824
2022-07-07 00:00:00+00:00,59.6623215445,-0.7885191609599329,59.901690655441215,-0.39310870171980206,40.04818436104746,41.35416533366512
2022-07-08 00:00:00+00:00,59.8804479783,0.3656016530253492,59.891069316870606,-0.013753524347226431,49.83435228532691,55.786031463410914
2022-07-11 00:00:00+00:00,59.6907728185,-0.31675641416165634,59.790921067685304,-0.1652549692544414,41.086475952016755,45.79225433006409
2022-07-12 00:00:00+00:00,59.4347113526,-0.42897998100744905,59.612816210142654,-0.2971174751309452,30.31168370142318,43.854146857478725
2022-07-13 00:00:00+00:00,59.1596823708,-0.46274134346909745,59.386249290471326,-0.37992940930002134,21.308612615404833,43.03226908630406
2022-07-14 00:00:00+00:00,58.9700072109,-0.3206155819281742,59.17812825068566,-0.3502724956140978,16.300229041003995,49.0605678324129
2022-07-15 00:00:00+00:00,59.2734874667,0.5146349307956433,59.22580785869283,0.08218121759077274,46.48683509606079,73.64511390773438
2022-07-18 00:00:00+00:00,58.4673680371,-1.360000000089201,58.84658794789642,-0.6389093912492141,19.075604488871967,28.05744329573995
2022-07-19 00:00:00+00:00,59.3019387407,1.427412814393203,59.07426334429821,0.39425171157199446,57.757287264666104,69.78011525480977
2022-07-20 00:00:00+00:00,58.3251116672,-1.647209339598854,58.699687505749104,-0.6264788140134299,31.403278126305157,35.610261208965554
2022-07-21 00:00:00+00:00,58.1923390553,-0.2276422763793251,58.446013280524554,-0.4270605451963775,28.73048732766587,51.91675618781599
2022-07-22 00:00:00+00:00,58.4104654892,0.3748370274181845,58.42823938486228,-0.026111758889096504,41.08691206842725,58.592510377070795
2022-07-25 00:00:00+00:00,58.9794909689,0.9741841208322777,58.70386517688114,0.4740361809715906,64.89984036319575,65.69880702745938
2022-07-26 00:00:00+00:00,59.9468342843,1.6401350698501016,59.325349730590574,1.057085625410846,82.71542145255202,73.32795234756668
2022-07-27 00:00:00+00:00,59.7571591244,-0.31640563203131356,59.54125442749529,0.37033999668976625,71.97129091769584,37.03100652980992
2022-07-28 00:00:00+00:00,60.7529537139,1.666402158487812,60.147104070697644,1.018371077588789,86.14432835772298,64.06823123105431
2022-07-29 00:00:00+00:00,60.8572750518,0.17171401803981468,60.50218956124883,0.5950425478143019,87.16426941899681,43.128829735381174
2022-08-01 00:00:00+00:00,61.1892065816,0.5454262116032282,60.84569807142441,0.570234379708765,90.50140290197051,49.338614295541355
2022-08-02 00:00:00+00:00,60.3546358781,-1.3639181648597454,60.6001669747622,-0.3968418925754902,45.69565247798274,26.861152510186237
2022-08-03 00:00:00+00:00,60.6201811019,0.4399748584952734,60.6101740383311,0.02156648295989161,56.074744423769985,55.55549048628715
2022-08-04 00:00:00+00:00,60.3830871521,-0.3911138922555346,60.49663059521555,-0.1847737046478215,44.6463765117312,43.70562724231112
2022-08-05 00:00:00+00:00,60.1080581702,-0.45547353550708936,60.30234438270777,-0.32012362007745543,32.958540085187195,42.64892667335794
2022-08-08 00:00:00+00:00,59.7192240924,-0.6468917639944283,60.010784237553885,-0.48350769203594185,21.192902523081447,38.496545035341
2022-08-09 00:00:00+00:00,59.7950941564,0.1270446244957979,59.902939196976945,-0.17823153377007198,28.647964469288006,61.33016299581984
2022-08-10 00:00:00+00:00,60.3641196361,0.951625693926772,60.13352941653847,0.38669708007835,65.43418817697405,75.73014088660547
2022-08-11 00:00:00+00:00,59.9563180423,-0.6755695208650381,60.04492372941924,-0.14443622039334403,42.100805289502155,36.02307382872127
2022-08-12 00:00:00+00:00,60.4115384261,0.7592534009157159,60.22823107775962,0.30740859026118594,63.74698190701394,62.22215753581506
2022-08-15 00:00:00+00:00,61.1702390656,1.2558869700497688,60.69923507167981,0.7816477801554773,81.26119385981917,68.84594437483356
2022-08-16 00:00:00+00:00,61.6728782393,0.8217054263282453,61.18605665548991,0.8016766032418613,87.33942305335344,55.97549561056215
2022-08-17 00:00:00+00:00,61.5306218694,-0.23066277099638155,61.35833926244496,0.2855069161227399,76.76824442727599,33.325143042858194
2022-08-18 00:00:00+00:00,61.8530696412,0.5240443896120661,61.605704451822476,0.404775652867403,83.5413320408287,53.54608408337825
2022-08-19 00:00:00+00:00,61.8056508513,-0.0766636000041232,61.70567765156124,0.1640560264316399,78.49332736121414,39.31173340481888
2022-08-22 00:00:00+00:00,60.8857263258,-1.4884149148647774,61.29570198868062,-0.6621794442165687,28.456372147949015,20.293889277037195
2022-08-23 00:00:00+00:00,60.9521126317,0.1090342678097711,61.123907310190305,-0.2765725882033988,33.07451364815544,56.23202992758353
2022-08-24 00:00:00+00:00,61.0374664537,0.1400342306685065,61.080686881945155,-0.06826917876744615,40.48366073937578,56.79902967892358
2022-08-25 00:00:00+00:00,61.3314629515,0.4816656307696121,61.20607491672258,0.20669822600108298,62.13945082935921,64.41869942537333
2022-08-26 00:00:00+00:00,59.8519967044,-2.4122467912919943,60.52903581056129,-1.1027742826454556,16.585653812515638,19.875558100447492
2022-08-29 00:00:00+00:00,59.4916139006,-0.6021232768221196,60.01032485558065,-0.8524487797337876,13.081615736243135,51.40316293217718
2022-08-30 00:00:00+00:00,58.9415559369,-0.924597481283751,59.475940396240325,-0.8885231305087693,8.816915202959391,46.51243946301717
2022-08-31 00:00:00+00:00,58.5242705851,-0.7079646018281704,59.000105490670165,-0.7982438661684699,6.431133836700205,51.19190028455585
2022-09-01 00:00:00+00:00,58.799299567,0.46994004222586927,58.89970252883508,-0.1641519119713003,26.17936978053332,71.51626506273534
2022-09-02 00:00:00+00:00,57.9931801374,-1.3709677420246202,58.44644133311754,-0.7675598269979602,13.579095935011104,36.18880215458436
2022-09-06 00:00:00+00:00,58.0216314114,0.049059689316210964,58.23403637225877,-0.3592500688408746,15.726459714562743,59.39632972234374
2022-09-07 00:00:00+00:00,59.0932960648,1.8470088264175288,58.663666218529386,0.7438793787883271,64.9429496999416,75.98443342151666
2022-09-08 00:00:00+00:00,58.9131046629,-0.30492697801526303,58.78838544071469,0.21947620038653204,56.60531226416638,43.83404742894216
2022-09-09 00:00:00+00:00,59.1027798228,0.3219575016209397,58.94558263175735,0.2707168510037359,63.91929126446353,52.5981307053892
2022-09-12 00:00:00+00:00,59.2734874667,0.28883183567982584,59.10953504922867,0.27977434334178086,70.60721921291932,51.955541243204806
2022-09-13 00:00:00+00:00,57.3482845938,-3.24799999996892,58.228909821514335,-1.4841128283135696,17.072711325871374,17.572671228738034
2022-09-14 00:00:00+00:00,57.6517648496,0.5291880270692717,57.94033733555717,-0.47746240062214895,29.67968175452221,59.98909640955107
2022-09-15 00:00:00+00:00,56.874096694,-1.3489060701415645,57.40721701477858,-0.9131842353818567,18.733107515827225,43.35104640505898
2022-09-16 00:00:00+00:00,56.8836505487,0.01679825308065208,57.145433781739285,-0.4481929911506023,19.28172097284042,56.50834276413317
2022-09-19 00:00:00+00:00,57.3135740076,0.7557944237983394,57.22950389466965,0.15380071632386855,44.54929893786753,63.4067992067487
2022-09-20 00:00:00+00:00,57.2275893159,-0.1500250040044726,57.22854660528482,0.0018878561596979704,40.72482100781925,49.09041422010554
2022-09-21 00:00:00+00:00,56.7498965837,-0.8347245409257131,56.989221594492406,-0.41641834238300757,23.740688962485823,39.084591984550244
2022-09-22 00:00:00+00:00,56.6161426187,-0.23569023566892833,56.80268210659621,-0.32605428902596795,20.202100958199235,51.939927755998156
2022-09-23 00:00:00+00:00,55.9855882122,-1.113736078324301,56.394135159398104,-0.7198951836751345,9.835454643481874,35.47822108697258
2022-09-26 00:00:00+00:00,55.2881568232,-1.2457337884109632,55.84114599129905,-0.9828144860430488,5.312563910586783,33.111775863105784
2022-09-27 00:00:00+00:00,53.8646324813,-2.5747364782879867,54.852889236299525,-1.7787754821655177,2.206292463231984,16.495173440710243
2022-09-28 00:00:00+00:00,54.4378637599,1.0642071656183694,54.645376498099765,-0.3572841582735742,27.73025073678275,72.72070738596611
2022-09-29 00:00:00+00:00,54.0461557195,-0.7195507195646766,54.34576610879988,-0.5384174389191254,21.877514414388873,48.64006782650643
2022-09-30 00:00:00+00:00,53.5206937141,-0.9722467739003537,53.93322991144994,-0.7553321064097396,15.355948364408174,45.44245744349526
2022-10-03 00:00:00+00:00,54.1225865566,1.1245983576282148,54.02790823402497,0.1846331256092376,44.0251664485333,69.99461713431903
2022-10-04 00:00:00+00:00,54.246786667,0.22947925866425578,54.137347450512486,0.2070561921367467,49.33655623159457,54.336702911600106
2022-10-05 00:00:00+00:00,53.7308785163,-0.9510390981625538,53.934112983406244,-0.3719914530129036,31.005280389125325,37.66738263337966
2022-10-06 00:00:00+00:00,52.5748621044,-2.1514935988796724,53.254487543903124,-1.261742525946288,13.787233939672747,25.66005407430186
2022-10-07 00:00:00+00:00,52.0780616629,-0.9449391241644789,52.66627460340156,-1.1033408250553833,10.152759967782968,49.790274431492385
2022-10-10 00:00:00+00:00,51.9634154072,-0.22014309296320977,52.31484500530078,-0.6617419590092966,9.303787937310222,61.15247665187733
2022-10-11 00:00:00+00:00,52.049400099,0.16547159405555512,52.18212255215039,-0.24813518247687072,17.102177223939826,67.09493839078857
2022-10-12 00:00:00+00:00,52.6799545054,1.211453744328761,52.43103852877519,0.4816592809259451,57.396970388812484,79.71819886315807
2022-10-13 00:00:00+00:00,53.3773858944,1.32390279290866,52.90421221158759,0.9027810369173026,76.41612367972927,80.89979646679056
2022-10-14 00:00:00+00:00,52.5270928311,-1.5929837122076185,52.7156525213438,-0.34510133764515794,42.06983094125833,24.76403984952493
2022-10-17 00:00:00+00:00,53.2054165109,1.2913786833418373,52.960534516121896,0.47313867284833966,62.330212951917396,62.923942206625526
2022-10-18 00:00:00+00:00,53.9219556091,1.346740886904274,53.441245062610946,0.9099397798763069,75.76199981803326,63.45756463701615
2022-10-19 00:00:00+00:00,53.4633705862,-0.8504606661977387,53.45230782440547,0.029739556839284087,56.44176349137507,34.175445648494836
2022-10-20 00:00:00+00:00,52.6226313776,-1.5725518226436197,53.03746960100274,-0.7714061329021678,33.1759870316769,27.842084716750357
2022-10-21 00:00:00+00:00,53.4633705862,1.5976761073903223,53.25042009360137,0.41313498724407727,58.70760395350944,67.50260150490911
2022-10-24 00:00:00+00:00,55.0015411839,2.87705503943112,54.12598063875069,1.6450950133375986,79.84289868919608,75.61567058817609
2022-10-25 00:00:00+00:00,56.3199731247,2.3970818133836724,55.222976881725344,2.0210884133606353,87.84315135820066,66.30103323702157
2022-10-26 00:00:00+00:00,56.740342729,0.7463952501703952,55.98165980536267,1.3837418317655152,89.7826097066032,40.53951135731565
2022-10-27 00:00:00+00:00,56.874096694,0.2357299208410435,56.427878249681335,0.8097358763032794,90.50553986288323,34.34656225812204
2022-10-28 00:00:00+00:00,58.0492208152,2.066185116789687,57.23854953244067,1.4379604965464834,95.08682283436472,63.95359738609504
2022-10-31 00:00:00+00:00,57.1798200426,-1.497695852572667,57.209184787520336,-0.02986767801309176,61.92639223677655,27.60164431596268
2022-11-01 00:00:00+00:00,56.9791890951,-0.35087719295116004,57.09418694131017,-0.1903724354821259,55.25604033282164,43.18859382380637
2022-11-02 00:00:00+00:00,56.1862191597,-1.3916834338876027,56.640203050505086,-0.7910279346848643,33.72167240744232,33.399564558161465
2022-11-03 00:00:00+00:00,56.1575575958,-0.05101173264308034,56.39888032315254,-0.42101983366397233,33.02389786236908,53.68343148399451
2022-11-04 00:00:00+00:00,56.6161426187,0.8166042871748713,56.507511470926275,0.1977922267554495,55.24818751525986,64.25210602453855
2022-11-07 00:00:00+00:00,56.8358812755,0.3881201484882135,56.67169637321314,0.2929561876218315,63.86607814928548,54.96155255498824
2022-11-08 00:00:00+00:00,56.9409736765,0.18490502591239633,56.806335024856565,0.23893060676711392,68.2520172095156,49.8352590034414
2022-11-09 00:00:00+00:00,56.1480037411,-1.392617449615663,56.47716938297828,-0.5768434214242745,28.752194113429848,23.889615953150678
2022-11-10 00:00:00+00:00,58.1638670709,3.5902671430585453,57.32051822693914,1.5067118608171355,77.78270655121835,78.04557742709186
2022-11-11 00:00:00+00:00,58.5842366753,0.7227332458613622,57.952377451119574,1.1147225533392489,81.71802236947997,48.3488964329626
2022-11-14 00:00:00+00:00,58.0205592513,-0.9621656882279561,57.98646835120979,0.07627843255564637,60.25203921583142,36.206535457451075
2022-11-15 00:00:00+00:00,57.9250207048,-0.16466326373415496,57.95574452800489,-0.0441924155892543,56.48007593820325,45.86001952844747
2022-11-16 00:00:00+00:00,57.8199283038,-0.18142833566788807,57.88783641590244,-0.11281037562857119,51.192175875802484,45.64222879003728
2022-11-17 00:00:00+00:00,58.001451542,0.3139458029872255,57.94464397895122,0.10056771367932717,60.720315853852675,55.09427889001655
2022-11-18 00:00:00+00:00,58.4122672917,0.7082852907612569,58.178455635325605,0.40442650222029203,76.37613395678628,62.815036672588555
2022-11-21 00:00:00+00:00,59.3103296282,1.5374550212462257,58.74439263176281,0.9709407617332588,89.75969025577481,75.88959816855755
2022-11-22 00:00:00+00:00,59.5682837036,0.4349226804454487,59.156338167681405,0.7029317210893538,91.76882685779813,44.60703675659058
2022-11-23 00:00:00+00:00,59.8357916336,0.4490777866474449,59.496064900640704,0.5760047538683993,93.69354520305326,45.04330511166934
2022-11-25 00:00:00+00:00,59.8931147615,0.09580073453530069,59.69458983107035,0.33590274420185,94.13440641985761,34.78665867859956
2022-11-28 00:00:00+00:00,59.9026686161,0.01595150734445827,59.79862922358518,0.17592712577315414,94.23515621176519,32.293569920054175
2022-11-29 00:00:00+00:00,59.6924838139,-0.35087719304630616,59.74555651874259,-0.08747503363657601,60.144164855315346,21.617451756543254
2022-11-30 00:00:00+00:00,61.192438993,2.5128040973740218,60.4689977558713,1.2126645318687228,91.82030141980324,83.90911360654822
2022-12-01 00:00:00+00:00,61.3655979148,0.28297437502009526,60.917297835335646,0.747819453444409,92.8098479442885,43.516460499076516
2022-12-02 00:00:00+00:00,61.9043145606,0.87788054562421,61.41080619796782,0.8128499995343095,95.4043447509066,52.6401693840663
2022-12-05 00:00:00+00:00,61.0577598316,-1.3675213674666842,61.23428301478391,-0.27733568396618735,51.55452788557126,27.495437046930462
2022-12-06 00:00:00+00:00,61.0289000113,-0.04726642506963641,61.131591513041954,-0.16230105451791188,50.37064968210967,48.986915595038546
2022-12-07 00:00:00+00:00,61.1250994123,0.15762925594626775,61.12834546267098,-0.002335899285822063,55.48210781954735,52.27975025655764
2022-12-08 00:00:00+00:00,61.3848377951,0.42492917851635337,61.25659162888549,0.21129663961526565,68.58566295987322,57.6314225531669
2022-12-09 00:00:00+00:00,60.7403018082,-1.0499921642725951,60.998446718542745,-0.4193477623286647,32.72822337132896,29.88849997556078
2022-12-12 00:00:00+00:00,61.5387568367,1.3145391193828626,61.26860177762137,0.4475956785270989,65.87778146087234,67.5049393812763
2022-12-13 00:00:00+00:00,61.5579967169,0.03126465529852407,61.41329924726068,0.2394301669128115,66.47489666991909,46.98377230498393
2022-12-14 00:00:00+00:00,61.5579967169,0.0,61.48564798208034,0.11971508345640575,66.47489666991909,46.467544280166415
2022-12-15 00:00:00+00:00,60.7114419879,-1.3752148772696926,61.09854498499017,-0.6277498969066434,24.328111080960607,26.938648849749555
2022-12-16 00:00:00+00:00,60.3651241442,-0.5704325780452102,60.73183456459509,-0.5990912374759267,17.514067647788398,46.628302844526054
2022-12-19 00:00:00+00:00,60.4517036051,0.14342629478103497,60.59176908484754,-0.2278324713474459,25.3543594081644,60.71483692560669
2022-12-20 00:00:00+00:00,60.4036039046,-0.07956715465657904,60.497686494723766,-0.15369981300201246,23.49347915661175,54.03262552397263
2022-12-21 00:00:00+00:00,61.3752178549,1.6085363910314898,60.93645217481188,0.7274182890147387,76.26869560590674,79.56779778137421
2022-12-22 00:00:00+00:00,60.9327006102,-0.7210031347606338,60.934576392505946,0.003207577127052441,51.839082321027476,37.01039690572166
2022-12-23 00:00:00+00:00,61.3944577352,0.7578149669648759,61.16451706385297,0.3805112720459642,67.92168877638353,58.265684528027876
2022-12-27 00:00:00+00:00,61.7696353992,0.6110937010278317,61.467076231526484,0.49580248653689796,77.20064112664015,55.47955899007335
2022-12-28 00:00:00+00:00,61.1539592326,-0.996729481437042,61.310517732063246,-0.250463497450072,45.09322440675135,31.063527404087665
2022-12-29 00:00:00+00:00,61.5195169565,0.5977662419363483,61.41501734428162,0.17365137224313815,59.93396827924262,58.33808208101515
2022-12-30 00:00:00+00:00,61.192438993,-0.5316653635809132,61.303728168640816,-0.17900699566888753,43.97992425823422,41.072321931454034
