date,adjClose,daily_return,ema,ema_daily_return,rsi,rsi_daily_return
2013-01-02 00:00:00+00:00,65.692625906,0.0,,,,
2013-01-03 00:00:00+00:00,65.6163842005,-0.1160582400970056,,,,
2013-01-04 00:00:00+00:00,66.1015586902,0.7394105841270981,65.80352293223334,0.20778411467669752,,
2013-01-07 00:00:00+00:00,66.1847314599,0.12582573141701747,65.99412719606667,0.1668049230468575,92.30769231060177,46.16125586178412
2013-01-08 00:00:00+00:00,66.191662524,0.010472300706099169,66.09289486003334,0.08863861187647834,92.4850555099805,40.49051544712827
2013-01-09 00:00:00+00:00,66.8223893606,0.9528795811274859,66.45764211031667,0.5207590965019822,98.1879954705133,76.24782756463871
2013-01-10 00:00:00+00:00,67.1550804393,0.4978736646255921,66.80636127480832,0.5093163805637871,98.86780315254103,53.12847391095077
2013-01-11 00:00:00+00:00,66.7322855268,-0.6295799360737098,66.76932340080415,-0.06013177775496131,57.64329716953139,24.97821155740068
2013-01-14 00:00:00+00:00,67.2867706579,0.8309098462951692,67.02804702935208,0.38538903427010396,76.7304215225317,63.03520656475929
2013-01-15 00:00:00+00:00,67.4323230048,0.2163164400325046,67.23018501707604,0.3008527371513043,80.23705644737986,47.746539754129316
2013-01-16 00:00:00+00:00,67.6471859931,0.318635008740098,67.43868550508802,0.30974387294570116,85.18169222284801,50.730690321056315
2013-01-17 00:00:00+00:00,67.9798770718,0.49180327875566476,67.709281288444,0.40077357585068296,90.62786975813722,56.969317493459
2013-01-18 00:00:00+00:00,68.4373273049,0.6729200651787393,68.073304296672,0.5368468205147111,94.668962821174,64.10078834327133
2013-01-22 00:00:00+00:00,68.8462600891,0.5975288637122489,68.459782192886,0.56718784211348,96.62202566427229,58.089698501493615
2013-01-23 00:00:00+00:00,68.9571571153,0.1610792308202047,68.708469654093,0.3641335364668423,97.06014256488157,32.017356407743584
2013-01-24 00:00:00+00:00,69.0819162698,0.18092270580614134,68.89519296194649,0.27252812113649183,97.5880379973376,34.036465102129945
2013-01-25 00:00:00+00:00,69.7195741706,0.9230460520371464,69.30738356627324,0.5977870865868191,98.98514844024488,75.25878035125876
2013-01-28 00:00:00+00:00,69.7611605554,0.05964807630385316,69.53427206083663,0.32871758144533614,99.03957114930442,35.99912013344518
2013-01-29 00:00:00+00:00,70.5651639955,1.1525086935179507,70.04971802816831,0.7406131374816434,99.6241221272307,67.84609163496101
2013-01-30 00:00:00+00:00,69.8651265175,-0.9920440035321665,69.95742227283415,-0.12571543302526156,55.50403316411254,27.527243177305177
2013-01-31 00:00:00+00:00,69.691849914,-0.248015873064511,69.82463609341707,-0.18686565304488628,47.66625762349851,44.646119353496466
2013-02-01 00:00:00+00:00,70.391887392,1.0044753853769794,70.10826174270854,0.4088048661660466,71.79896214726465,65.32698409400555
2013-02-04 00:00:00+00:00,69.8443333251,-0.7778653012253667,69.97629753390427,-0.18453021752966003,46.59154712533058,36.34334939950089
2013-02-05 00:00:00+00:00,70.3433699431,0.7144983626333312,70.15983373850213,0.2649840725518356,63.91227973076551,59.121901949777296
2013-02-06 00:00:00+00:00,71.1750976397,1.1823825006859634,70.66746568910106,0.7236832866188995,80.07048247645434,65.01007153317161
2013-02-07 00:00:00+00:00,70.8493376252,-0.45768818772691233,70.75840165715053,0.13299754944599357,63.39445053276549,36.992928574184994
2013-02-08 00:00:00+00:00,71.1543044473,0.4304441400896586,70.95635305222527,0.2817208447678261,71.67761334744863,53.3303668570328
2013-02-11 00:00:00+00:00,71.1265801907,-0.03896356912679311,71.04146662146263,0.1213786378205165,69.53209056956906,44.236662726356464
2013-02-12 00:00:00+00:00,71.7087895784,0.8185538882075072,71.37512809993132,0.46996626301401184,84.31823752137204,61.99468500850844
2013-02-13 00:00:00+00:00,71.7330483029,0.033829499343984715,71.55408820141565,0.25189788117899825,84.77988484081823,43.13782058306333
2013-02-14 00:00:00+00:00,71.6772574817,-0.07777561740360817,71.61567284155782,0.08706113188769504,76.9638206717462,40.50920569567718
2013-02-15 00:00:00+00:00,71.9910808507,0.4378283712656472,71.80337684612891,0.26244475157667113,87.04284813261266,58.17199636187357
2013-02-19 00:00:00+00:00,72.653596852,0.9202751139047116,72.22848684906447,0.5913599327406913,94.56839967101415,70.475253501637
2013-02-20 00:00:00+00:00,71.9352900296,-0.9886734497993932,72.08188843933223,-0.19865675852935094,48.6320630781739,25.66676834964923
2013-02-21 00:00:00+00:00,71.6354143658,-0.41686863801703167,71.85865140256612,-0.3077626982731913,37.289336495076604,42.183385761341185
2013-02-22 00:00:00+00:00,72.2072702827,0.7982866044158765,72.03296084263306,0.2452619530713426,62.38478542719425,66.15534092397034
2013-02-25 00:00:00+00:00,70.9589506593,-1.7288004635996779,71.49595575096653,-0.7417692552641676,27.00242580095029,28.84605534398913
2013-02-26 00:00:00+00:00,71.3494864074,0.5503685503680744,71.42272107918326,-0.09570035244804659,42.347039935656404,59.63941438682264
2013-02-27 00:00:00+00:00,72.2281918406,1.2315511679827251,71.82545645989163,0.5679254077673392,66.27395590303904,66.19760254135227
2013-02-28 00:00:00+00:00,72.5280675043,0.4151781403607391,72.17676198209581,0.49155177406403916,72.18353131428887,51.23227026072885
2013-03-01 00:00:00+00:00,72.3676688935,-0.22115384611687272,72.27221543779791,0.13519896397358322,63.28636575966109,40.52159210071358
2013-03-04 00:00:00+00:00,72.0259501139,-0.4721981304978806,72.14908277584895,-0.1684995832621487,45.402753583903085,36.060301031652855
2013-03-05 00:00:00+00:00,72.8418908734,1.1328427576584588,72.49548682462448,0.482171587198155,72.86562519797083,68.89861346859752
2013-03-06 00:00:00+00:00,72.9883417789,0.20105313541973757,72.74191430176224,0.3416123613089463,76.1020173552403,47.607152009543015
2013-03-07 00:00:00+00:00,72.9046555472,-0.11465698447227224,72.82328492448111,0.11347768841833702,69.0434433366173,41.145041402602644
2013-03-08 00:00:00+00:00,73.7205963066,1.1191888272097383,73.27194061554056,0.6163332578140377,86.86327831216315,67.22505469393394
2013-03-11 00:00:00+00:00,73.790334833,0.09459842960299891,73.53113772427028,0.3554658437085183,87.76613750072289,43.31630724186422
2013-03-12 00:00:00+00:00,73.3161128532,-0.6426613741125409,73.42362528873514,-0.14359776520201128,51.59604555690434,31.30078955640246
2013-03-13 00:00:00+00:00,73.2882174426,-0.03804813091475845,73.35592136566757,-0.09082294805838487,49.78566741093621,48.778715207429926
2013-03-14 00:00:00+00:00,73.9367857386,0.884955752277583,73.64635355213377,0.3970664021095991,77.41834199598269,67.63430744829732
2013-03-15 00:00:00+00:00,74.2017921391,0.3584229390724669,73.92407284561688,0.377744670591033,83.11370595276895,51.43315105074842
2013-03-18 00:00:00+00:00,73.5113807272,-0.9304511279265681,73.71772678640843,-0.27635322866776757,41.85785817778063,27.364764280602962
2013-03-19 00:00:00+00:00,73.3509821164,-0.21819561707763224,73.53435445140423,-0.2472744228726999,35.68504639981504,47.665390311928924
2013-03-20 00:00:00+00:00,73.6857270434,0.4563605248921965,73.61004074740211,0.10454305100974828,55.99832106340998,62.5389658855526
2013-03-21 00:00:00+00:00,73.1836096529,-0.6814310052260852,73.39682520015106,-0.2884439771081685,32.73527777745136,36.37984678479386
2013-03-22 00:00:00+00:00,74.2157398444,1.4103297123430503,73.80628252227552,0.5609428676174408,70.5094468247248,70.45715567519943
2013-03-25 00:00:00+00:00,73.3440082638,-1.1745912422724158,73.57514539303776,-0.3068241873274875,41.198552069923544,35.35442581361273
2013-03-26 00:00:00+00:00,73.9716550018,0.8557573452251388,73.77340019741888,0.27446657894882565,59.41810878798248,59.26528100426596
2013-03-27 00:00:00+00:00,73.4276944955,-0.7353634392616493,73.60054734645945,-0.2304484301564118,42.3566897310577,41.30587585972715
2013-03-28 00:00:00+00:00,74.1390274653,0.9687529680556528,73.86978740587972,0.3691522689496205,63.125734791366995,60.524033148964435
2013-04-01 00:00:00+00:00,73.6787531907,-0.6208258866295946,73.77427029828985,-0.12583680883998705,46.77000143672897,41.50790758166081
2013-04-02 00:00:00+00:00,74.2854783708,0.8234737340487408,74.02987433454493,0.3488184626043769,64.80211734949731,59.04528259427308
2013-04-03 00:00:00+00:00,73.6996747486,-0.7885843034838302,73.86477454157247,-0.21988292043972668,43.47338693081834,39.31176190623574
2013-04-04 00:00:00+00:00,73.7973086857,0.13247539752792026,73.83104161363624,-0.04370376145590321,47.771001982162964,52.82427964487934
2013-04-05 00:00:00+00:00,73.7694132751,-0.037800037829027744,73.80022744436812,-0.04075189964246548,46.26357275688117,49.75241955625977
2013-04-08 00:00:00+00:00,73.7484917172,-0.028360748677758174,73.77435958078405,-0.034556324160111826,44.67753223632471,49.99422526941362
2013-04-09 00:00:00+00:00,73.8879687701,0.1891252955177114,73.83116417544203,0.07728448567879978,58.80149508569218,57.1250307324739
2013-04-10 00:00:00+00:00,75.1014191302,1.6422840961775709,74.46629165282101,0.8597842909281853,90.48906184186727,82.35012992393253
2013-04-11 00:00:00+00:00,75.4919548783,0.5200111430956555,74.9791232655605,0.6898977170119205,93.0643448608264,48.97238483140359
2013-04-12 00:00:00+00:00,75.0944452776,-0.5265588913955455,75.03678427158025,0.08166941280818751,65.84389901816684,31.2530824110543
2013-04-15 00:00:00+00:00,73.7554655698,-1.783060921284163,74.39612492069011,-0.8506957542379878,26.57302605973356,18.92290485803017
2013-04-16 00:00:00+00:00,74.0274458229,0.36875945531469334,74.21178537179506,-0.24096814946164724,37.86447389242427,59.73263695635314
2013-04-17 00:00:00+00:00,73.5601976958,-0.6311822890902263,73.88599153379752,-0.4360752192759368,27.11822816559264,44.21844998828831
2013-04-18 00:00:00+00:00,73.2115050635,-0.4740235116577285,73.54874829864876,-0.4550493654668326,20.580038853424657,47.43694704930983
2013-04-19 00:00:00+00:00,73.7205963066,0.6953705468265348,73.63467230262438,0.12016059067985108,48.02384920224605,68.02705662343237
2013-04-22 00:00:00+00:00,73.7833609804,0.0851385866969423,73.70901664151219,0.10264958868839669,51.1458101301944,52.063300122022994
2013-04-23 00:00:00+00:00,74.8922035509,1.5028355387531889,74.3006100962061,0.8027425637207928,81.14996462976819,73.62889540983268
2013-04-24 00:00:00+00:00,75.2269484778,0.44696899146849933,74.76377928700305,0.6248557775946461,85.25162074556171,49.00145873699615
2013-04-25 00:00:00+00:00,73.1417665371,-2.771855010595503,73.95277291205153,-1.0734996165004285,28.106677865310676,19.371969578871404
2013-04-26 00:00:00+00:00,72.3816165988,-1.0392829901290757,73.16719475542575,-1.056391303314752,20.567763663711524,45.821888384291924
2013-04-29 00:00:00+00:00,72.4095120094,0.038539358349276576,72.78835338241288,-0.5089259724827377,21.72349126282395,58.51966526001916
2013-04-30 00:00:00+00:00,73.0232110421,0.8475392468054954,72.90578221225644,0.16930663716137884,47.11565713361544,67.18000413752841
2013-05-01 00:00:00+00:00,72.9116293998,-0.15280297963844447,72.90870580602822,0.008251828761467184,43.28612613445956,48.4269766825004
2013-05-02 00:00:00+00:00,73.9507334439,1.4251554280898526,73.42971962496412,0.7167036284256599,73.44074261383167,68.94117626403454
2013-05-03 00:00:00+00:00,75.1990530672,1.6880422480826107,74.31438634608206,1.2023729382541353,86.43638836023754,71.74935574489201
2013-05-06 00:00:00+00:00,75.2060269199,0.009273857070746239,74.76020663299103,0.6058233976624408,86.49177670656458,38.449441179054546
2013-05-07 00:00:00+00:00,75.3245824149,0.15764094960935005,75.04239452394552,0.3817321736358954,87.76575068219435,42.016943622557235
2013-05-08 00:00:00+00:00,75.4570856151,0.17590963793221448,75.24974006952276,0.27882090578405494,89.43601777744043,42.631087232906445
2013-05-09 00:00:00+00:00,76.65658827,1.5896487985483043,75.95316416976138,0.9342348521661796,96.29834068331004,74.26804771076145
2013-05-10 00:00:00+00:00,77.0471240181,0.5094614264914421,76.50014409393069,0.7218481393288109,97.18984679516798,45.50648453360418
2013-05-13 00:00:00+00:00,77.0610717234,0.01810282405443342,76.78060790866535,0.36997548169162214,97.22564189880539,35.9950852790525
2013-05-14 00:00:00+00:00,77.1238363972,0.08144796379847552,76.95222215293268,0.22571172274504883,97.4452953808745,38.48155111271245
2013-05-15 00:00:00+00:00,77.7584569878,0.8228592096114262,77.35533957036634,0.5242854661782376,98.83918550291611,63.42616560435858
2013-05-16 00:00:00+00:00,77.4585813241,-0.3856502241898374,77.40696044723316,0.06931762099420008,71.27508094163844,31.84986855728815
2013-05-17 00:00:00+00:00,77.6817446087,0.28810659940472494,77.54435252796658,0.1787121101994625,78.09441982062451,51.8825712100538
2013-05-20 00:00:00+00:00,77.911881746,0.2962563964793219,77.72811713698329,0.23748425333939222,83.97813605828574,52.13784134424574
2013-05-21 00:00:00+00:00,78.1141234727,0.2595775152233193,77.92112030484165,0.24853088428135575,88.16750497882104,50.335117409000205
2013-05-22 00:00:00+00:00,77.706153093,-0.5222747968779085,77.81363669892082,-0.13687195629827636,49.22267030138199,23.905990264509974
2013-05-23 00:00:00+00:00,77.4396277913,-0.34299124469721054,77.62663224511041,-0.23993160049774345,34.352863467078514,35.546346169969326
2013-05-24 00:00:00+00:00,77.3414342591,-0.12680010867902602,77.4840332521052,-0.18336585458838472,29.43826476405432,49.51530961691392
2013-05-28 00:00:00+00:00,78.2672589913,1.1970617574771358,77.8756461217026,0.5068479514443756,76.66076185026013,83.1196178838179
2013-05-29 00:00:00+00:00,77.9446230998,-0.41222331746134655,77.9101346107513,0.0473123169915145,56.792975588446566,37.54756414313308
2013-05-30 00:00:00+00:00,78.1480239879,0.26095563749095607,78.02907929932564,0.1541339772412353,65.29779103837711,53.5331101264104
2013-05-31 00:00:00+00:00,77.3414342591,-1.0321306766821081,77.68525677921282,-0.4389983497204364,30.07935161672626,30.810293271502104
2013-06-03 00:00:00+00:00,77.5799042659,0.30833408907455784,77.63258052255641,-0.06533213032293927,43.575545860872424,58.32002248387026
2013-06-04 00:00:00+00:00,77.1660886659,-0.5334056595141745,77.39933459422821,-0.2993688949185569,29.00349760746017,42.42981266071113
2013-06-05 00:00:00+00:00,76.1631118726,-1.2997636794091272,76.7812232334141,-0.799566287163842,13.089552614078855,30.923315582082022
2013-06-06 00:00:00+00:00,76.2192224625,0.07367160889362179,76.50022284795705,-0.3629473391351101,16.915110135358272,60.04866202374182
2013-06-07 00:00:00+00:00,77.9305954523,2.2453298977721747,77.21540915012852,0.9411912793185323,72.43174468048765,80.02465673707586
2013-06-10 00:00:00+00:00,77.7201807405,-0.27000269993932013,77.46779494531427,0.3355942896896061,64.4851105446655,42.823592146453485
2013-06-11 00:00:00+00:00,77.3063651404,-0.5324429204323189,77.38708004285714,-0.0984243153713564,48.71762623252453,39.919297512601815
2013-06-12 00:00:00+00:00,76.4717201167,-1.0796588640329507,76.92940007977856,-0.5890415897021536,28.002544158125712,32.93351220503319
2013-06-13 00:00:00+00:00,77.9937198659,1.9902779051881536,77.46155997283928,0.700618157743,66.71509927609405,72.87648042555345
2013-06-14 00:00:00+00:00,77.8744848625,-0.1528776978518498,77.66802241766965,0.2738702299455751,62.750216413802455,44.88398116507357
2013-06-17 00:00:00+00:00,78.4917013506,0.7925785823043263,78.07986188413483,0.5332244061249507,74.51188526519238,56.05397410364482
2013-06-18 00:00:00+00:00,79.2351666659,0.9471897060546075,78.6575142750174,0.7402070560897791,83.77075484479033,58.135179014519544
2013-06-19 00:00:00+00:00,78.2532313439,-1.2392670619857382,78.45537280945871,-0.24953000294797956,48.7132600791477,29.001105731299752
2013-06-20 00:00:00+00:00,76.2963745235,-2.500672223745215,77.37587366647935,-1.3751011133465973,21.64075942611318,20.22846856612917
2013-06-21 00:00:00+00:00,76.8644942455,0.7446221731348457,77.12018395598967,-0.31523947010587583,36.909896451620156,63.194219093997894
2013-06-24 00:00:00+00:00,75.3986050862,-1.9071083127380484,76.25939452109483,-1.111173891421962,21.04107393457733,38.06542329750643
2013-06-25 00:00:00+00:00,75.9176280421,0.6883720929672599,76.08851128159742,-0.21140089922735106,35.718903623935724,60.89527843085097
2013-06-26 00:00:00+00:00,76.9276186591,1.3303769401751042,76.50806497034871,0.5594880204738766,58.32947762248644,65.60006012894904
2013-06-27 00:00:00+00:00,77.3203927879,0.5105762217085585,76.91422887912435,0.5350321210912176,65.42395517144409,53.31399639622904
2013-06-28 00:00:00+00:00,76.696162476,-0.8073294630206451,76.80519567756218,-0.13614867096471378,46.53634584970961,36.72717031100479
2013-07-01 00:00:00+00:00,76.6681071811,-0.036579789645641014,76.73665142933109,-0.0863642303051774,45.64791750020865,50.293331825668744
2013-07-02 00:00:00+00:00,76.2613054048,-0.5306010429331209,76.49897841706554,-0.30848263661914915,32.254754984429105,41.6977399743438
2013-07-03 00:00:00+00:00,76.7663007133,0.6621907477448064,76.63263956518277,0.1768540555628286,56.189761450693645,63.98824575658986
2013-07-05 00:00:00+00:00,78.2321898727,1.9095477387593318,77.43241471894139,1.0432008971610802,82.74077418522963,77.48877987414927
2013-07-08 00:00:00+00:00,78.6460054727,0.5289582212556709,78.03921009582069,0.7860795592083756,86.26543523488425,47.761731030276906
2013-07-09 00:00:00+00:00,79.5016919676,1.0880228306026751,78.77045103171034,0.9370511949055254,91.59155414577764,57.63403954682244
2013-07-10 00:00:00+00:00,79.5578025574,0.07057785615791623,79.16412679455516,0.5038145255317208,91.9004953471452,38.019547237059584
2013-07-11 00:00:00+00:00,80.3293231676,0.969761086152876,79.74672498107758,0.7367878058422984,95.39224654150931,57.28890511357673
2013-07-12 00:00:00+00:00,80.7571664151,0.5326115428700318,80.25194569808879,0.634699674356165,96.60846078045869,46.70096567301154
2013-07-15 00:00:00+00:00,80.553765527,-0.2518672919434861,80.40285561254439,0.19141619120633946,81.30476657896867,31.186185056255432
2013-07-16 00:00:00+00:00,80.1960605168,-0.4440574662895158,80.2994580646722,-0.12632063754158818,57.342761439972364,27.793077506386084
2013-07-17 00:00:00+00:00,80.4064752286,0.2623753716130661,80.3529666466361,0.06802736703573897,66.14627357910997,54.8673644020613
2013-07-18 00:00:00+00:00,80.9956364219,0.7327285416068641,80.67430153426805,0.4003779543213015,81.86524671745619,67.16372377026924
2013-07-19 00:00:00+00:00,81.4936179066,0.6148250778672093,81.08395972043402,0.5076015160942554,88.58510324666427,60.9226621353001
2013-07-22 00:00:00+00:00,81.5567423202,0.07745933389822213,81.32035102031702,0.29253042499623877,89.33642602445778,37.25541375850378
2013-07-23 00:00:00+00:00,81.8863920355,0.40419676647425185,81.60337152790851,0.34836359573524533,92.96405912756562,53.67059807692192
2013-07-24 00:00:00+00:00,81.5918114388,-0.35974304078789654,81.59759148335425,-0.005689722526325602,63.84901449796221,27.989420979337297
2013-07-25 00:00:00+00:00,81.7461155609,0.1891171667585123,81.67185352212712,0.09171372211609335,70.98810817822545,52.48929419339801
2013-07-26 00:00:00+00:00,81.9986132151,0.3088803088287406,81.83523336861356,0.200297015472417,80.45973337202557,57.249852083556995
2013-07-29 00:00:00+00:00,81.7881985032,-0.25660764694646065,81.81171593590678,-0.028155315737021833,57.14094861371193,33.485864366376035
2013-07-30 00:00:00+00:00,81.949516449,0.19723865881908775,81.88061619245339,0.08454167154103295,67.85472005608864,55.64879130370325
2013-07-31 00:00:00+00:00,82.363332049,0.5049640533968613,82.12197412072669,0.29475286246894716,83.61495885717459,66.87464727823205
2013-08-01 00:00:00+00:00,83.0506867745,0.8345397258710641,82.58633044761334,0.5646462941700057,92.62449718980706,76.45052049376086
2013-08-02 00:00:00+00:00,82.9454794185,-0.1266784900715523,82.76590493305667,0.2189839020492267,82.24193027502568,33.75796119727807
2013-08-05 00:00:00+00:00,82.7070094117,-0.28750211400527803,82.73645717237834,-0.03425910597802567,59.54742279076737,29.60836966475116
2013-08-06 00:00:00+00:00,82.4124288151,-0.3561736770503088,82.57444299373917,-0.19521639151416723,39.40104910639756,27.44739987209334
2013-08-07 00:00:00+00:00,82.6438849982,0.2808510638841799,82.60916399596958,0.04281733618500634,56.67604406443575,64.00371906720541
2013-08-08 00:00:00+00:00,83.2400600151,0.7213782567373039,82.92461200553478,0.38209779646115516,79.38338869937074,76.35956760842355
2013-08-09 00:00:00+00:00,82.9805485372,-0.31176272320434517,82.9525802713674,0.035167536628404994,59.14311094051911,34.59071225937837
2013-08-12 00:00:00+00:00,83.0296453033,0.0591665962270671,82.99111278733369,0.04716706642773605,61.899882171390026,49.474740873936625
2013-08-13 00:00:00+00:00,83.2330461914,0.24497381309651622,83.11207948936685,0.14607043976212614,73.15573063284577,56.85213611031557
2013-08-14 00:00:00+00:00,82.4965946999,-0.8848066065087701,82.80433709463342,-0.36936808337332194,28.088414147583926,24.381921645382974
2013-08-15 00:00:00+00:00,81.2551478998,-1.5048461146984882,82.02974249721672,-0.9371070990359051,10.981830127914685,16.584422916312743
2013-08-16 00:00:00+00:00,81.2902170185,0.04315925772881979,81.65997975785837,-0.44697392065354263,13.221259726205451,62.04337070899584
2013-08-19 00:00:00+00:00,81.0868161304,-0.25021570314385233,81.37339794412918,-0.34859481189869745,10.847182008884785,53.72081595378589
2013-08-20 00:00:00+00:00,80.9535534795,-0.16434564490198644,81.16347571181458,-0.25647022840034195,9.220115458458922,56.29479165954712
2013-08-21 00:00:00+00:00,79.9961665405,-1.182637324552338,80.5798211261573,-0.71955377647634,3.5239207215548682,28.298391326434828
2013-08-22 00:00:00+00:00,80.8778030083,1.102098395369544,80.72881206722866,0.191272309446602,47.945834443156826,73.18306815231497
2013-08-23 00:00:00+00:00,80.6873695312,-0.23545827163536925,80.70809079921433,-0.022092981094383624,41.72162941478006,47.2236006920159
2013-08-26 00:00:00+00:00,80.637997889,-0.06118881119419051,80.67304434410717,-0.041640896144287065,39.7165566742595,50.645095144384825
2013-08-27 00:00:00+00:00,79.5095032103,-1.3994577100654326,80.09127377720358,-0.7205493031048599,15.000314587787877,28.993494629183548
2013-08-28 00:00:00+00:00,79.6999366873,0.23951033437639158,79.8956052322518,-0.24051948436423415,26.567649761546956,60.22855478817304
2013-08-29 00:00:00+00:00,79.9256356231,0.2831858407686516,79.9106204276759,0.02133317820220873,40.872491412480855,60.91578823420094
2013-08-30 00:00:00+00:00,80.1090160084,0.2294387575029866,80.00981821803795,0.12538596785259765,52.21695735426946,59.032855032061015
2013-09-03 00:00:00+00:00,79.8551047057,-0.31695721075063465,79.93246146186897,-0.0957856214490185,37.33816070634326,40.12139929166774
2013-09-04 00:00:00+00:00,80.7931659074,1.1747041158572724,80.36281368463449,0.539459247204127,75.70354515685689,74.09930456187641
2013-09-05 00:00:00+00:00,81.0188648431,0.2793539938250378,80.69083926386725,0.4094066205145824,80.10063409654008,49.0430422505652
2013-09-06 00:00:00+00:00,81.1387674027,0.1479933838028913,80.91480333328363,0.2787000021587368,82.60872849506741,45.646236955293105
2013-09-09 00:00:00+00:00,82.3377929989,1.4777468706778762,81.62629816609181,0.8782234364183066,93.9834740793503,73.50789504676997
2013-09-10 00:00:00+00:00,82.937305797,0.7281137570787299,82.2818019815459,0.8031685967485183,95.96351743826202,51.28014623455524
2013-09-11 00:00:00+00:00,83.7272520721,0.9524619440056448,83.00452702682296,0.8778152703770815,97.55432580318737,57.10320767953804
2013-09-12 00:00:00+00:00,83.3675443933,-0.42961839771147314,83.18603571006147,0.22409843633280419,76.86348011593427,27.13446100532465
2013-09-13 00:00:00+00:00,83.649668063,0.33840947547769673,83.41785188653074,0.2812539559052505,81.48373701883271,49.30968505599813
2013-09-16 00:00:00+00:00,84.0940128427,0.5311973017817051,83.75593236461538,0.4062256288434778,87.4191402439707,54.52103558261978
2013-09-17 00:00:00+00:00,84.5877292647,0.5871005619906722,84.17183081465768,0.496663095417075,91.80000091881412,56.467676863846485
2013-09-18 00:00:00+00:00,85.5469497416,1.1339948302647063,84.85939027812884,0.8153289628408906,95.93012131406854,73.26198267320551
2013-09-19 00:00:00+00:00,85.7444363104,0.23085167781728977,85.30191329426442,0.5230903203290902,96.47796095753226,37.461880431592085
2013-09-20 00:00:00+00:00,84.6441539986,-1.2832113185943794,84.97303364643221,-0.3800604991326446,45.402649971935624,16.808030061023622
2013-09-23 00:00:00+00:00,85.4199940903,0.9165902842065421,85.19651386836611,0.26826489253694874,65.00037444018648,62.21211207022223
2013-09-24 00:00:00+00:00,85.2013482463,-0.255965651049872,85.19893105733306,0.006149620743538364,56.43677166713214,43.312040464135634
2013-09-25 00:00:00+00:00,84.7781627417,-0.4966887417986121,84.98854689951654,-0.24526956052753687,40.82251721975843,39.60666501476251
2013-09-26 00:00:00+00:00,85.1026049619,0.38269550755480886,85.04557593070827,0.06871297351363599,55.10627736111654,58.88217569343996
2013-09-27 00:00:00+00:00,84.7922689252,-0.3646610310447329,84.91892242795413,-0.14797402876554847,40.931170802328495,41.85327139179434
2013-09-30 00:00:00+00:00,84.2209684941,-0.673764764573026,84.56994546102706,-0.41086939666928723,23.931997333527004,35.48632052698682
2013-10-01 00:00:00+00:00,84.3690834207,0.175864667966108,84.46951444086352,-0.11750236435158962,34.5093812299723,60.353393404894106
2013-10-02 00:00:00+00:00,84.0728535675,-0.3511118542355862,84.27118400418176,-0.23430710929358792,24.351168317954965,44.42280518268032
2013-10-03 00:00:00+00:00,83.6144026043,-0.5453020133685982,83.94279330424088,-0.38980456133109304,14.466001942110827,38.766714952197916
2013-10-04 00:00:00+00:00,84.2139154024,0.7169970476703202,84.07835435332044,0.1635962431696136,52.38246986271183,72.68165436281305
2013-10-07 00:00:00+00:00,83.7131458887,-0.594639865997415,83.89575012101022,-0.2155218114139007,33.677427567726575,39.00760254863306
2013-10-08 00:00:00+00:00,82.6340228521,-1.289072373453426,83.26488648655511,-0.7522970924336634,15.633071698622945,28.515558153340425
2013-10-09 00:00:00+00:00,82.9231996135,0.3499487879436547,83.09404305002755,-0.20117415224500435,30.583365059375577,63.383794235658875
2013-10-10 00:00:00+00:00,84.1715968519,1.5054860934198278,83.63281995096378,0.6521559705874117,67.67582337532575,75.844168892655
2013-10-11 00:00:00+00:00,85.1449235123,1.156359979854682,84.3888717316319,0.9042579752210469,80.107126571014,65.71018776437175
2013-10-14 00:00:00+00:00,85.6245337508,0.5632869450293398,85.00670274121595,0.7337724601251934,84.51020122597627,49.020370331967804
2013-10-15 00:00:00+00:00,84.5101452555,-1.301482701842538,84.75842399835798,-0.28385512085867226,47.70726435133482,22.303091693429337
2013-10-16 00:00:00+00:00,85.3000915307,0.9347354365700555,85.02925776452899,0.32544015785569164,64.2576635725218,60.766730457725444
2013-10-17 00:00:00+00:00,86.4850109434,1.3891185711958354,85.75713435396449,0.8572793645257635,79.12385927673513,65.91034619881879
2013-10-18 00:00:00+00:00,86.6401789617,0.1794160821712243,86.19865665783225,0.5183477233484939,80.70061707851548,43.260913436230105
2013-10-21 00:00:00+00:00,86.9293557231,0.3337675024053688,86.56400619046613,0.42605761287693134,84.06508862776228,46.76234747351102
2013-10-22 00:00:00+00:00,87.3172757689,0.4462474644763903,86.94064097968307,0.4361525386766608,88.20323929399977,50.12659846653691
2013-10-23 00:00:00+00:00,86.8940902644,-0.4846526655504335,86.91736562204153,-0.02425006343688635,61.899240040103074,28.09011767391045
2013-10-24 00:00:00+00:00,87.0986299249,0.23538961036086992,87.00799777347076,0.10556977346199178,68.6725416690121,52.37941290830932
2013-10-25 00:00:00+00:00,87.754567457,0.7530974168773685,87.38128261523538,0.42933359516968017,83.11326013085474,65.09490424362919
2013-10-28 00:00:00+00:00,88.1072220441,0.4018646519713176,87.74425232966769,0.4155991235704989,87.68956811204404,51.186044225392074
2013-10-29 00:00:00+00:00,88.3611333468,0.28818443801679194,88.05269283823384,0.3518917807936454,90.47681484302498,46.375298719899895
2013-10-30 00:00:00+00:00,88.0155318514,-0.39112388253734753,88.03411234481692,-0.01961605087185106,61.87461335613568,25.170716923867175
2013-10-31 00:00:00+00:00,88.7631595761,0.8494270374486135,88.39863596045845,0.4149054932883812,81.18009474668592,66.77963024054546
2013-11-01 00:00:00+00:00,88.7984250348,0.039729837095059395,88.59853049762923,0.2273176651917203,81.83105068048096,43.23999510611763
2013-11-04 00:00:00+00:00,89.094654888,0.33359809375437255,88.84659269281461,0.28045787947304646,87.34592046608351,52.37858716040512
2013-11-05 00:00:00+00:00,88.9535930531,-0.1583280557933886,88.9000928729573,0.06106491183982893,71.78276674904198,37.29941798839282
2013-11-06 00:00:00+00:00,89.6659553191,0.8008246115193574,89.28302409602864,0.43094476167959317,87.99113953619202,65.96026041635251
2013-11-07 00:00:00+00:00,89.1581327137,-0.5663494060736629,89.22057840486431,-0.06770232219703487,54.509841373679414,33.3581143494274
2013-11-08 00:00:00+00:00,90.2725212089,1.2499011153345618,89.74654980688216,0.5910993965687634,79.80462885232728,66.42614196865107
2013-11-11 00:00:00+00:00,90.244308842,-0.0312524415206239,89.99542932444108,0.27992347752406976,78.15433672544145,43.55749038642119
2013-11-12 00:00:00+00:00,90.5334856034,0.32043767092979625,90.26445746392054,0.300180574226933,83.42441196373547,50.56531933133856
2013-11-13 00:00:00+00:00,90.6957067135,0.17918354630754862,90.48008208871028,0.23968206026724082,86.22140697302918,47.04620020956613
2013-11-14 00:00:00+00:00,91.5420777225,0.9331985379127161,91.01107990560513,0.5864402990899784,94.06245668206479,65.99534707722272
2013-11-15 00:00:00+00:00,91.584396273,0.04622852304956293,91.29773808930256,0.31633441106977067,94.3055013472717,40.45290331898284
2013-11-18 00:00:00+00:00,91.7818828418,0.21563342319943501,91.53981046555128,0.26598391713460284,95.57377013711114,46.396515201071196
2013-11-19 00:00:00+00:00,91.7254581078,-0.061476984621533504,91.63263428667564,0.10225346625653467,87.24607314407463,37.26894675625902
2013-11-20 00:00:00+00:00,91.5597104519,-0.18069973082630586,91.59617236928781,-0.039223132284885595,63.04212659636851,33.070333665270745
2013-11-21 00:00:00+00:00,92.3889786144,0.905712958687932,91.99257549184391,0.4332449132015232,88.00844781954416,73.64844948833924
2013-11-22 00:00:00+00:00,92.8638586732,0.5140007671066371,92.42821708252195,0.4736228401540802,92.41169174773675,55.46249379243973
2013-11-25 00:00:00+00:00,93.0127016768,0.16028087323380902,92.72045937966098,0.3169518566939446,93.52884970067096,41.56146303856997
2013-11-26 00:00:00+00:00,93.6647757874,0.7010592089517154,93.19261758353049,0.50900553282283,96.71089793634796,62.89089061647594
2013-11-27 00:00:00+00:00,94.6216236672,1.0215664018369486,93.90712062536525,0.7652859673298893,98.4204755550992,71.98215596527959
2013-11-29 00:00:00+00:00,94.6287114293,0.007490636733242795,94.26791602733263,0.38638830203156604,98.42954528561263,33.28346736355637
2013-12-02 00:00:00+00:00,90.496546141,-4.366714103876679,92.3822310841663,-1.9901629009225563,16.346526296862823,7.431842338969219
2013-12-03 00:00:00+00:00,89.7310678372,-0.845864661627338,91.05664946068316,-1.4180137812749471,13.27123854960764,52.22967945819823
2013-12-04 00:00:00+00:00,89.6318391682,-0.11058451815153525,90.34424431444158,-0.7642991497132412,12.802895561567352,58.51821481298069
2013-12-05 00:00:00+00:00,89.8940863649,0.29258263484683855,90.11916533967079,-0.23585825743320132,23.504597445978483,62.57074364352245
2013-12-06 00:00:00+00:00,91.1557080138,1.4034534416188293,90.63743667673539,0.583797592092814,59.43279408420856,73.33669347080917
2013-12-09 00:00:00+00:00,91.1273569655,-0.031101780588116412,90.8823968211177,0.2763479057523488,58.50652821710714,47.096200078548144
2013-12-10 00:00:00+00:00,90.4044052341,-0.7933421482570924,90.64340102760885,-0.2584971212523718,36.65524082164972,36.64565218056095
2013-12-11 00:00:00+00:00,89.8515597924,-0.6115248922532235,90.24748041000441,-0.43501100675279764,25.66158974664428,41.30563200183815
2013-12-12 00:00:00+00:00,89.7168923131,-0.1498777312393229,89.98218636155221,-0.2924443689960603,23.12716959053043,54.15001249403351
2013-12-13 00:00:00+00:00,89.610575882,-0.11850213305312218,89.79638112177611,-0.20547325102459124,20.70552592042589,55.1505806138109
2013-12-16 00:00:00+00:00,90.4823706169,0.9728703630339064,90.13937586933805,0.3836985560046576,65.34229118555022,79.02882655606466
2013-12-17 00:00:00+00:00,93.1261058699,2.921823593894901,91.63274086961903,1.6527610749497794,90.26637787760879,91.35619326818794
2013-12-18 00:00:00+00:00,96.2518089439,3.356419818913836,93.94227490675951,2.504590446931808,95.72220383716231,92.776469680961
2013-12-19 00:00:00+00:00,96.6841624303,0.4491899852521186,95.31321866852976,1.4768902160919632,96.16786917480144,35.02662625352247
2013-12-20 00:00:00+00:00,96.9038830545,0.227256066223247,96.10855086151489,0.8520731411576051,96.44981331900513,32.69614760551714
2013-12-23 00:00:00+00:00,96.9605851511,0.058513750752497984,96.53456800630744,0.45529344595505156,96.54812329267581,30.390088838345783
2013-12-24 00:00:00+00:00,97.0952526305,0.13888888891309126,96.81491031840372,0.2970911674340714,96.85807697697929,33.72959608502933
2013-12-26 00:00:00+00:00,98.0166616999,0.9489743776726733,97.41578600915186,0.6230327725533724,98.36490832257812,61.58883208312155
2013-12-27 00:00:00+00:00,98.7679644796,0.7665051703151127,98.09187524437593,0.6947689714342425,98.96941990596213,53.92895838394852
2013-12-30 00:00:00+00:00,98.8175788141,0.05023322568347144,98.45472702923797,0.372501098558857,99.00582877119353,31.131110016014432
2013-12-31 00:00:00+00:00,99.4058630661,0.5953234829874754,98.93029504766898,0.4839122907731662,99.38945830452609,53.54739503487905
2014-01-02 00:00:00+00:00,97.9032575067,-1.5115864528039369,98.41677627718448,-0.5138370810153854,40.10183084519874,18.546718258003544
2014-01-03 00:00:00+00:00,98.1300658931,0.23166582213516307,98.27342108514225,-0.14108562944011116,47.22910673102809,55.02872980684217
2014-01-06 00:00:00+00:00,97.5488694031,-0.5922715782471166,97.91114524412112,-0.3666786038436139,32.40713938629506,41.76633869728068
2014-01-07 00:00:00+00:00,97.5630449273,0.014531715525500921,97.73709508571056,-0.17607344415905649,33.17440608951761,54.01065496885573
2014-01-08 00:00:00+00:00,96.8400931959,-0.7410098074929095,97.28859414080529,-0.45854162582598296,17.75576029281066,38.78122538813354
2014-01-09 00:00:00+00:00,96.7125134786,-0.13174266266132717,97.00055380970264,-0.29514214424365504,15.810601502125918,54.35083470065206
2014-01-10 00:00:00+00:00,96.5211439026,-0.19787467941503323,96.76084885615131,-0.24650841182934413,12.684103922954636,52.18974150688003
2014-01-13 00:00:00+00:00,95.4579795918,-1.1014833308159444,96.10941422397565,-0.6739958713226443,4.790266803870563,28.75558408370062
2014-01-14 00:00:00+00:00,97.3929386375,2.0270270269435064,96.75117643073781,0.676515577810431,64.72394989781802,78.61757552564238
2014-01-15 00:00:00+00:00,98.122978131,0.7495815443224529,97.4370772808689,0.713048561066442,73.99001830857466,55.02882011070032
2014-01-16 00:00:00+00:00,97.924520793,-0.2022536838772293,97.68079903693445,0.25539743859460634,66.8317131119799,41.20934016307534
2014-01-17 00:00:00+00:00,97.3220610168,-0.6152287203667006,97.50143002686723,-0.17991564088604714,46.39338749485221,35.42029476974153
2014-01-21 00:00:00+00:00,97.0952526305,-0.23304930447460848,97.29834132868362,-0.20648247268032782,39.56127093497203,45.958637839834005
2014-01-22 00:00:00+00:00,96.7337767648,-0.372289948176574,97.01605904674182,-0.2893862104284509,29.260102601158874,42.19564101215249
2014-01-23 00:00:00+00:00,95.479242878,-1.2968933176777497,96.2476509623709,-0.7931397640531004,12.421852328595822,23.241320691810834
2014-01-24 00:00:00+00:00,92.2968377074,-3.3330858882766323,94.27224433488544,-2.0631128261648666,3.894358720872109,9.356906607456166
2014-01-27 00:00:00+00:00,91.4037796863,-0.9675933036093598,92.83801201059272,-1.5153530648871132,3.0212985970933235,55.589404176373456
2014-01-28 00:00:00+00:00,92.0062394625,0.6591191067455426,92.42212573654636,-0.4281169790707853,20.953394873212112,70.89986098967013
2014-01-29 00:00:00+00:00,92.3181009937,0.33895693707501895,92.37011336512319,-0.04458002099788316,30.87765562971885,64.35043102145538
2014-01-30 00:00:00+00:00,90.7587933377,-1.6890595010250586,91.5644533514116,-0.866819761011471,15.903028012977991,34.27070511484812
2014-01-31 00:00:00+00:00,90.8580220067,0.10933229205767336,91.2112376790558,-0.3787437344768988,19.623822427464525,59.4705270044082
2014-02-03 00:00:00+00:00,87.8173720777,-3.3465948981101223,89.5143048783779,-1.8626693162935106,6.4687204943618,28.250401195071102
2014-02-04 00:00:00+00:00,89.8161209821,2.276029055653739,89.66521293023895,0.2066798696801141,43.689376516489624,68.54668511897577
2014-02-05 00:00:00+00:00,90.2697377547,0.5050505050094634,89.96747534246947,0.3558651873447887,50.4077355864446,54.17232507904274
2014-02-06 00:00:00+00:00,91.3612531139,1.209170854318975,90.66436422818474,0.7825180208318818,65.33538105367332,59.26654993512181
2014-02-07 00:00:00+00:00,92.3748030902,1.1093871217335405,91.51958365919236,0.9459525712827112,75.57557690981386,57.89843919617862
2014-02-10 00:00:00+00:00,91.9282740797,-0.48338832188251635,91.72392886944618,0.2312821247000974,63.231679090270454,37.288626127059224
2014-02-11 00:00:00+00:00,92.8355076249,0.9868928295264645,92.2797182471731,0.6090874771132809,75.45134305490903,57.99312323883683
2014-02-12 00:00:00+00:00,93.0587721302,0.2404947320394868,92.66924518868655,0.42479110457638386,78.13389828870335,46.34228424084515
2014-02-13 00:00:00+00:00,92.8447455154,-0.229990800330504,92.75699535204328,0.09740015212293993,67.5238472723578,38.94461190555603
2014-02-14 00:00:00+00:00,94.2573211733,1.5214384508875467,93.50715826267164,0.8094193015052433,86.14706956693094,67.71886415632693
2014-02-18 00:00:00+00:00,94.0290261175,-0.24220405689258095,93.76809219008581,0.2836076223063312,75.63285589002862,39.55884781866331
2014-02-19 00:00:00+00:00,93.1443827762,-0.9408194233496925,93.4562374831429,-0.32860590052168065,44.24492366885365,31.7211140982313
2014-02-20 00:00:00+00:00,93.8578048256,0.7659313724952765,93.65702115437145,0.21866273598679795,62.87995920324375,60.44225303816314
2014-02-21 00:00:00+00:00,93.8649390461,0.0076010945634807925,93.76098010023573,0.11313191527513937,63.0651304876428,47.207739599906304
2014-02-24 00:00:00+00:00,94.3143949373,0.4788325606638333,94.03768751876785,0.2959822379694863,74.89828243184829,56.156103266756254
2014-02-25 00:00:00+00:00,94.8351930334,0.5521936459924603,94.43644027608393,0.4240879419809733,83.8765881496192,57.825449994389686
2014-02-26 00:00:00+00:00,94.7852534899,-0.05265929440604333,94.61084688299196,0.185714323787465,79.77255471349385,39.31343471285441
2014-02-27 00:00:00+00:00,95.8411181231,1.113954538627171,95.22598250304598,0.649834431207318,92.07314532316413,68.49409876736448
2014-02-28 00:00:00+00:00,96.1193527224,0.29030817330681913,95.67266761272299,0.47007130225706856,93.60927879372548,45.38370011709627
2014-03-03 00:00:00+00:00,94.3215291578,-1.8704074816153216,94.9970983852615,-0.7001680896791265,32.52289357903167,19.497167171505147
2014-03-04 00:00:00+00:00,94.656837521,0.3554950457164807,94.82696795313075,-0.17233652198132288,42.93997504785481,57.2112416589982
2014-03-05 00:00:00+00:00,95.4915413189,0.8818209225665452,95.15925463601538,0.35474220029261117,63.80495567087563,63.3080545838113
2014-03-06 00:00:00+00:00,95.6556283902,0.17183414262003094,95.40744151310768,0.26328817145632105,67.32783066476668,49.140381995093634
2014-03-07 00:00:00+00:00,95.6770310517,0.02237470168791056,95.54223628240385,0.1428314365721158,67.93837654844052,45.89706911093217
2014-03-10 00:00:00+00:00,95.2846489245,-0.410111102828814,95.41344260345193,-0.1336398331283491,44.87659242953132,35.676550404770715
2014-03-11 00:00:00+00:00,94.5355557726,-0.7861635219893137,94.97449918802596,-0.4599016775588314,22.7561348900347,27.64682009187069
2014-03-12 00:00:00+00:00,94.5783610956,0.04527960157441058,94.77643014181298,-0.2073110379922104,25.887397607733273,58.57099108027626
2014-03-13 00:00:00+00:00,93.3227382885,-1.3276005130082646,94.0495842151565,-0.7674557755002376,9.299823272586105,28.45186016304135
2014-03-14 00:00:00+00:00,92.6235846801,-0.7491781973206102,93.33658444762824,-0.7583169864104239,6.057809931199021,46.00079964721314
2014-03-17 00:00:00+00:00,94.3643344807,1.8793807285824027,93.85045946416412,0.5605318710859895,59.190212005337585,79.79014167111606
2014-03-18 00:00:00+00:00,94.699642844,0.35533378701311236,94.27505115408206,0.4579328290495509,64.92248516394437,51.670618504308855
2014-03-19 00:00:00+00:00,93.6223755493,-1.1375621516066192,93.94871335169103,-0.33981466127853416,38.71547492378471,34.042589523612136
2014-03-20 00:00:00+00:00,94.4784820086,0.9144250552040045,94.21359768014551,0.28730519696273515,58.62484545670755,61.278748209980854
2014-03-21 00:00:00+00:00,94.9707432228,0.5210299781861272,94.59217045147275,0.40416758757443116,67.68067257027752,54.77437809769043
2014-03-24 00:00:00+00:00,94.4713477881,-0.5258413462432499,94.53175911978639,-0.060836879334409344,50.77073066119324,38.473455191160696
2014-03-25 00:00:00+00:00,95.6413599492,1.2384836127503407,95.08655953449319,0.5888233667079656,73.7868959644727,64.88882290154481
2014-03-26 00:00:00+00:00,94.9493405613,-0.723556616371368,95.01795004789659,-0.0673666248317012,52.15394070333876,37.810304523090544
2014-03-27 00:00:00+00:00,94.7709850489,-0.18784281317346663,94.8944675483983,-0.1276047190025839,46.84443436022875,46.887789995359334
2014-03-28 00:00:00+00:00,95.7412390362,1.023788015708993,95.31785329229915,0.4480916483532045,70.96474262264098,64.47806109605585
2014-03-31 00:00:00+00:00,96.7828352284,1.0879284649806698,96.05034426034958,0.7680100566669371,83.22340586083425,65.38829722045138
2014-04-01 00:00:00+00:00,97.4035124114,0.6413091552187389,96.72692833587479,0.704659605942838,87.81989411055936,51.58262391978931
2014-04-02 00:00:00+00:00,97.0253987252,-0.38819307111119805,96.8761635305374,0.15823326741582,70.23551613391541,29.8160891362416
2014-04-03 00:00:00+00:00,97.1252778121,0.10294117644686906,97.0007206713187,0.13058722193134453,72.4233719031636,46.093668769008566
2014-04-04 00:00:00+00:00,96.9255196382,-0.20567063322737278,96.96312015475935,-0.03754170564801412,59.33828583398078,37.82501270872278
2014-04-07 00:00:00+00:00,95.883923446,-1.074635654354017,96.42352180037967,-0.5560886800010155,24.58969928422204,21.520089945882244
2014-04-08 00:00:00+00:00,96.1978291478,0.32738095242501597,96.31067547408983,-0.11435386378799978,40.37410221057357,61.59034882602891
2014-04-09 00:00:00+00:00,96.9112511973,0.7416196974714406,96.61096333569492,0.31363291684172045,65.20368166365203,68.6779949468013
2014-04-10 00:00:00+00:00,95.5771519648,-1.3766195524438474,96.09405765024746,-0.5314933178010635,30.074586523464117,28.433459494478925
2014-04-11 00:00:00+00:00,94.4499451267,-1.1793685153070221,95.27200138847374,-0.8554309165540428,17.871618563563683,33.8480717563829
2014-04-14 00:00:00+00:00,94.9921458842,0.5740614849195191,95.13207363633687,-0.14068471581726183,36.47057226691114,67.06941470681514
2014-04-15 00:00:00+00:00,95.6627626107,0.7059707097442747,95.39741812351843,0.2826429969635064,55.265582195503264,68.83550446652781
2014-04-16 00:00:00+00:00,97.5747337032,1.9986576179916282,96.48607591335922,1.1406503074775673,80.2516174166801,82.57366916867919
2014-04-17 00:00:00+00:00,98.2596188707,0.7019083132558279,97.3728473920296,0.9212793103666976,84.81024428455692,49.64391114494779
2014-04-21 00:00:00+00:00,98.8945644947,0.6461918245739717,98.1337059433648,0.7837355674703347,88.5013687703515,48.3999387510577
2014-04-22 00:00:00+00:00,99.0871884481,0.19477708849238162,98.6104471957324,0.48925632798135815,89.64627411406158,37.10147929800031
2014-04-23 00:00:00+00:00,98.4451086036,-0.647994816036479,98.5277778996662,-0.07936924402756043,59.85019996558133,22.4349960049838
2014-04-24 00:00:00+00:00,97.4891230573,-0.9710848612594636,98.0084504784831,-0.525227052643512,34.351229826738034,18.279648154356924
2014-04-25 00:00:00+00:00,97.4249150729,-0.06586169039828338,97.71668277569155,-0.2955443715208977,32.937468112463684,54.0484733874671
2014-04-28 00:00:00+00:00,97.902907846,0.4906268306647643,97.80979531084577,0.09754122957193331,54.05342019158081,67.26199256442267
2014-04-29 00:00:00+00:00,98.1312029018,0.2331851635694937,97.97049910632288,0.16536319657071352,62.51028352971896,56.07310202198515
2014-04-30 00:00:00+00:00,99.229872858,1.119592875366493,98.60018598216143,0.6424780359686033,83.90082433200048,76.37244609812088
2014-05-01 00:00:00+00:00,100.456958783,1.236609389549459,99.52857238258072,0.9395437127590311,91.76888095502662,78.35328166646549
2014-05-02 00:00:00+00:00,99.9646975689,-0.49002201546172186,99.74663497574036,0.22476084864865464,70.9139996949127,27.438915420355986
2014-05-05 00:00:00+00:00,100.3142743731,0.34970025689224915,100.03045467442018,0.2872305527704519,76.58274052730515,50.77384016410036
2014-05-06 00:00:00+00:00,99.3725572679,-0.9387668017190265,99.70150597116009,-0.32576812447428727,42.842572185957685,29.17751532320134
2014-05-07 00:00:00+00:00,100.6923880593,1.3281642615293077,100.19694701523005,0.5011980685275101,70.32634798671438,66.6329119387685
2014-05-08 00:00:00+00:00,100.471227224,-0.21964007365655736,100.33408711961502,0.1407789974354764,62.74316762494038,43.22204290544778
2014-05-09 00:00:00+00:00,100.8350724692,0.3621387488268679,100.58457979440752,0.25145887313117216,70.57337859423468,52.6095934001646
2014-05-12 00:00:00+00:00,101.8909371024,1.0471204188627015,101.23775844840375,0.6492896459969368,84.63242180204588,63.32015639318787
2014-05-13 00:00:00+00:00,101.6127025031,-0.27307099847396765,101.42523047575187,0.1881093237614846,71.188672400026,38.29721802505984
2014-05-14 00:00:00+00:00,101.0205622021,-0.5827423997328829,101.22289633892593,-0.19731653798569915,47.23572467476312,33.62225086064004
2014-05-15 00:00:00+00:00,100.5782405314,-0.4378531073852998,100.90056843516297,-0.3175848226854995,34.30310811757901,38.86020583597264
2014-05-16 00:00:00+00:00,100.6852538388,0.10639807063097528,100.79291113698147,-0.1055933760272621,40.240722454815106,57.67773168319117
2014-05-19 00:00:00+00:00,101.0705017455,0.3826259477051064,100.93170644124073,0.13851628583892214,59.84044167315149,65.71190644881678
2014-05-20 00:00:00+00:00,100.0431739943,-1.0164466718359133,100.48744021777037,-0.43896519299849557,25.883535991218363,26.906451674879364
2014-05-21 00:00:00+00:00,100.9599213279,0.9163517079658456,100.7236807728352,0.23869325748367504,57.87797309891918,67.13023280806021
2014-05-22 00:00:00+00:00,100.7087058262,-0.24882695865431348,100.7161932995176,-0.005066850585319221,49.15583602697655,44.82449874538854
2014-05-23 00:00:00+00:00,101.3044454445,0.5915472882037642,101.01031937200881,0.2932402188092225,66.89955720621829,59.414139411389
2014-05-27 00:00:00+00:00,101.5197730173,0.21255490995994997,101.2650461946544,0.2528975643845862,72.165961933222,50.3990566854114
2014-05-28 00:00:00+00:00,101.5125954316,-0.007070135685560697,101.38882081312721,0.12291371434951276,71.59639914206096,44.52633400974294
2014-05-29 00:00:00+00:00,102.2016436647,0.678781022365138,101.7952322389136,0.4008473683573254,86.70558286178742,64.11396261204027
2014-05-30 00:00:00+00:00,102.3164850369,0.11236744154210498,102.0558586379068,0.2566074049497152,88.26604116984629,44.6037685955808
2014-06-02 00:00:00+00:00,102.1514005644,-0.16134689580126205,102.1036296011534,0.047630254574226566,70.43847931043828,36.543123770584934
2014-06-03 00:00:00+00:00,102.5605229528,0.4005059021604529,102.3320762769767,0.22406807836733972,83.11562650382861,59.22934558459632
2014-06-04 00:00:00+00:00,102.1083350498,-0.4408985933194831,102.22020566338836,-0.1084152574760717,48.57805314475017,32.849043915067725
2014-06-05 00:00:00+00:00,103.1490849853,1.019260508941211,102.68464532434417,0.45542262573256964,78.87860241243108,68.90280788009409
2014-06-06 00:00:00+00:00,103.8166004611,0.6471365944691998,103.25062289272208,0.5512796101008848,86.52028395488007,57.169029300808475
2014-06-09 00:00:00+00:00,104.304676293,0.4701327434458724,103.77764959286104,0.5107061767733786,90.34964803800823,50.97536444902218
2014-06-10 00:00:00+00:00,104.0534607913,-0.24084778423003605,103.91555519208052,0.13492919627167127,74.09783475797718,30.842580295785265
2014-06-11 00:00:00+00:00,103.6515159886,-0.38628681799078857,103.78353559034025,-0.12567881085955865,51.75497700508572,27.50884996842712
2014-06-12 00:00:00+00:00,102.6897194965,-0.9279135793882398,103.23662754342013,-0.5267961951238992,24.85490801947975,17.152338453716517
2014-06-13 00:00:00+00:00,102.8978694836,0.20269798001260053,103.06724851351007,-0.16204910755564933,35.703493362934196,61.975815011432125
2014-06-16 00:00:00+00:00,102.8691591406,-0.027901785667749923,102.96820382705504,-0.09497544661169963,34.66798330871264,53.17418993156069
2014-06-17 00:00:00+00:00,103.1347298138,0.25816355010448433,103.05146682042752,0.08159405174639235,53.41470867282728,62.962004364800265
2014-06-18 00:00:00+00:00,103.5940953025,0.4454032987038614,103.32278106146376,0.2634986752251269,73.29601552889363,69.2687429092854
2014-06-19 00:00:00+00:00,103.7089366747,0.1108570636817241,103.51585886808188,0.1871778694534255,76.98010902213,47.562955657430365
2014-06-20 00:00:00+00:00,104.1898349208,0.4636999100746886,103.85284689444094,0.32543888976405705,87.66723740787162,64.94242567315159
2014-06-23 00:00:00+00:00,103.4218332442,-0.7371176633342302,103.63734006932047,-0.2058393867850866,41.506430873399076,24.124755155092135
2014-06-24 00:00:00+00:00,102.704074668,-0.6940106877676655,103.17070736866023,-0.44992503727637606,23.8796850265857,26.60861214614326
2014-06-25 00:00:00+00:00,103.1060194707,0.39136207983891946,103.13836341968012,-0.0292814787187283,43.894156788588916,67.18283328398145
2014-06-26 00:00:00+00:00,103.1634401568,0.055690915423523,103.15090178824005,0.013204718352397352,46.88669758695797,53.46963679326429
2014-06-27 00:00:00+00:00,103.1347298138,-0.02782995890437956,103.14281580102002,-0.007312620275991104,45.08323027461801,49.684564918758554
2014-06-30 00:00:00+00:00,102.8117384545,-0.31317419445722194,102.97727712776,-0.16024340736660653,27.3383094043923,36.458491648017805
2014-07-01 00:00:00+00:00,103.7591797751,0.9215302988182517,103.36822845143,0.38064344572582254,73.40207642765778,76.7059894460677
2014-07-02 00:00:00+00:00,104.2400780211,0.46347537349693546,103.804153236265,0.422059409611379,82.06073652897949,56.71531312590113
2014-07-03 00:00:00+00:00,104.3692745648,0.12394133442017452,104.08671390053249,0.27300037201577676,84.14120909065144,43.973157981746105
2014-07-07 00:00:00+00:00,104.0103952767,-0.3438553056888227,104.04855458861624,-0.03542746683652298,56.72869212185728,30.029961062023308
2014-07-08 00:00:00+00:00,103.7591797751,-0.24152922496996077,103.90386718185812,-0.13847834590324187,42.269188752989265,36.623567134983915
2014-07-09 00:00:00+00:00,103.8453108042,0.08301051462309417,103.87458899302905,-0.027733915640073853,48.959822305134345,56.24127750446307
2014-07-10 00:00:00+00:00,103.278281529,-0.5460326237254343,103.57643526101452,-0.28688326968275407,22.83094986597661,29.601259229283627
2014-07-11 00:00:00+00:00,103.579740131,0.29188963791515476,103.57808769600726,0.0025031841162003465,45.868799997293465,63.83208488722408
2014-07-14 00:00:00+00:00,104.0749935486,0.4781373432426461,103.82654062230364,0.24032026367942322,68.81271187871548,68.87758513905506
2014-07-15 00:00:00+00:00,104.1180590632,0.04137931037186959,103.97229984275182,0.1408497870256464,70.44659417733006,46.20465258177582
2014-07-16 00:00:00+00:00,104.9147710827,0.765200606569505,104.44353546272592,0.4530251967975757,87.95609004721314,70.41444970295224
2014-07-17 00:00:00+00:00,103.0270660273,-1.7992748169959882,103.73530074501295,-0.6731248100992062,28.32113980105088,20.760874638773505
2014-07-18 00:00:00+00:00,103.9529745906,0.8987041939587437,103.84413766780648,0.11278969192976873,52.177069718478464,62.49581286649737
2014-07-21 00:00:00+00:00,103.5725625452,-0.3659462818627168,103.70835010650325,-0.12657829496647405,43.29659094733214,45.606554790886065
2014-07-22 00:00:00+00:00,104.1611245777,0.5682605682785447,103.93473734210161,0.2208411366560353,59.35209922174643,58.14115943404108
2014-07-23 00:00:00+00:00,103.8453108042,-0.30319735388840696,103.89002407315081,-0.04117810861618583,48.33625117225949,43.96482239357511
2014-07-24 00:00:00+00:00,104.1683021635,0.31103124137112914,104.02916311832541,0.13492656637747166,59.7862926946678,55.4492683934198
2014-07-25 00:00:00+00:00,104.1611245777,-0.006890374183832204,104.0951438480127,0.06401809609681973,59.34785797203545,47.83729599103005
2014-07-28 00:00:00+00:00,104.455405594,0.282524807113127,104.27527472100635,0.17327145160497337,71.98339968288414,56.071797733679595
2014-07-29 00:00:00+00:00,103.3715901439,-1.0375867519126891,103.82343243245317,-0.4321576501538579,26.492762220592063,26.956497365828945
2014-07-30 00:00:00+00:00,103.1706177426,-0.19441744198790412,103.4970250875266,-0.313287546070881,22.53213198774865,51.22225774864402
2014-07-31 00:00:00+00:00,101.1250058004,-1.982746625888765,102.3110154439633,-1.1480170859798229,6.864272584042484,24.902579323839266
2014-08-01 00:00:00+00:00,100.565154111,-0.5536233941039637,101.43808477748165,-0.8508202400418933,5.339926279409288,53.526973027850154
2014-08-04 00:00:00+00:00,101.0245195997,0.45678395539767713,101.23130218859083,-0.19701814232210807,25.65864153353735,66.90499277015601
2014-08-05 00:00:00+00:00,100.3282937808,-0.6891651864901038,100.77979798469542,-0.4430916644061059,17.24380702552311,44.91101273503549
2014-08-06 00:00:00+00:00,100.1632093083,-0.16454428384945485,100.47150364649771,-0.3038179741277804,15.442540309299309,55.05670553527427
2014-08-07 00:00:00+00:00,99.8617507063,-0.3009673951960834,100.16662717639886,-0.3023926846619319,12.00701817045909,51.36665888425752
2014-08-08 00:00:00+00:00,101.0962954574,1.2362538633343911,100.63146131689943,0.4669305893362296,62.81896813742002,77.1976462143228
2014-08-11 00:00:00+00:00,100.9025006418,-0.1916932907612412,100.76698097934971,0.1376186492874942,55.29982792881521,44.364630219052074
2014-08-12 00:00:00+00:00,101.1178282146,0.21340162179368516,100.94240459697485,0.1755101355405897,62.7340899750185,52.890706661107956
2014-08-13 00:00:00+00:00,101.7781661047,0.6530380465634478,101.36028535083743,0.41427409105201873,78.88669816265941,62.296718675501374
2014-08-14 00:00:00+00:00,102.1657557359,0.3808180536494232,101.76302054336873,0.397546072350721,84.71841589544083,52.551309242936334
2014-08-15 00:00:00+00:00,101.8642971339,-0.2950681466882932,101.81365883863435,0.0512389628312139,64.0716139404708,33.205419469784616
2014-08-18 00:00:00+00:00,103.4433660015,1.550169109324262,102.62851242006718,0.800704036077738,87.6741094183857,73.36273577640382
2014-08-19 00:00:00+00:00,103.5366746164,0.09020260893159993,103.0825935182336,0.44545332250466896,88.35233035087103,42.81408405436539
2014-08-20 00:00:00+00:00,104.4015737008,0.8353552860417945,103.7420836095168,0.6404043042732317,93.400927613503,56.63771963462927
2014-08-21 00:00:00+00:00,104.3293734423,-0.06915629328243522,104.0357285259084,0.28562400549539824,88.59260363403584,39.32785757212641
2014-08-22 00:00:00+00:00,104.0622324861,-0.2560553633035423,104.0489805060042,0.014784321095927977,68.90523286849401,35.924820193134686
2014-08-25 00:00:00+00:00,104.4737739592,0.39547630611804774,104.2613772326021,0.20513031360698786,79.45528758556331,55.885250442529646
2014-08-26 00:00:00+00:00,104.4015737008,-0.06910850030955595,104.33147546670105,0.06801090664871595,72.94253391295145,41.918230883015205
2014-08-27 00:00:00+00:00,103.9250519951,-0.4564315352809101,104.12826373090053,-0.19421031431609706,40.266849418085556,31.93671740029695
2014-08-28 00:00:00+00:00,103.9539320984,0.027789356604168702,104.04109791465027,-0.08321047885596418,42.60423835996946,52.9473455773142
2014-08-29 00:00:00+00:00,103.9683721501,0.013890818181194753,104.00473503237512,-0.03465983033738471,44.24065721304961,52.25287601899637
2014-09-02 00:00:00+00:00,104.1272127187,0.15277777781370627,104.06597387553757,0.05905897373816078,62.07966682260597,60.09781087660691
2014-09-03 00:00:00+00:00,103.8384116849,-0.2773540424828247,103.95219278021878,-0.10914753437233196,33.15278291689637,34.083318444504975
2014-09-04 00:00:00+00:00,103.6867911422,-0.14601585313158694,103.8194919612094,-0.12758169375195944,24.253166540855158,44.989715552733685
2014-09-05 00:00:00+00:00,104.112772667,0.41083490009425905,103.9661323141047,0.1416266031711498,64.45968833625952,73.19532735925374
2014-09-08 00:00:00+00:00,104.6109544502,0.478502080425236,104.28854338215234,0.3100643417981929,81.59631124778794,75.4863536731068
2014-09-09 00:00:00+00:00,104.3004933389,-0.2967768652257119,104.29451836052617,0.006643738286240514,56.245075401875305,30.57495563749516
2014-09-10 00:00:00+00:00,104.4304538041,0.12460196595400763,104.36248608231308,0.06562285212012407,63.38760512000881,53.250969675165905
2014-09-11 00:00:00+00:00,104.2210730547,-0.20049778754459568,104.29177956850654,-0.0674374677122358,45.455587906479074,38.64381249477249
2014-09-12 00:00:00+00:00,103.9250519951,-0.2840318669954822,104.10841578180327,-0.175734667353859,28.41095251238066,34.948855023153186
2014-09-15 00:00:00+00:00,104.3149333906,0.37515631507056835,104.21167458620164,0.09971082385835467,58.87580212687954,69.48522285801171
2014-09-16 00:00:00+00:00,104.5820743468,0.25609080839816833,104.39687446650082,0.1779008161282615,71.38932881267714,60.74715399600713
2014-09-17 00:00:00+00:00,104.9575156907,0.3589920607761421,104.67719507860042,0.2684464384522018,82.57007331092109,66.2492960497138
2014-09-18 00:00:00+00:00,106.0188594898,1.0112127674855254,105.34802728420021,0.6398296029688636,93.44023692454087,85.53136041087792
2014-09-19 00:00:00+00:00,105.9105591021,-0.10215200222033483,105.6292931931501,0.2688388003742644,85.29798601912393,34.728371575873076
2014-09-22 00:00:00+00:00,105.2029965694,-0.6680755334488309,105.41614488127505,-0.19961836653728324,46.0085803883901,23.903257008642566
2014-09-23 00:00:00+00:00,104.2355131063,-0.919634891256893,104.82582899378752,-0.5596266288970881,23.65810887527574,19.790141034876356
2014-09-24 00:00:00+00:00,104.6037344244,0.353258987389915,104.71478170909376,-0.10318382075358656,40.23345613453162,65.21750720077328
2014-09-25 00:00:00+00:00,102.8709282219,-1.656543346215189,103.79285496549687,-0.8798635834843878,15.886154673810157,27.85465595736078
2014-09-26 00:00:00+00:00,102.8276080668,-0.0421111735344315,103.31023151614843,-0.46098737850940963,15.533647304595783,57.31784977143986
2014-09-29 00:00:00+00:00,102.6615474724,-0.16149417216057005,102.98588949427422,-0.31124077533498984,13.77596891866638,54.833944984877185
2014-09-30 00:00:00+00:00,102.2933261544,-0.35867501227662135,102.6396078243371,-0.3349578938058056,10.009011194674004,49.51754500122639
2014-10-01 00:00:00+00:00,100.4883196934,-1.7645398080765817,101.56396375886855,-1.0497488509411936,3.324569702261943,24.31020898396104
2014-10-02 00:00:00+00:00,100.1200983754,-0.3664319585833242,100.84203106713429,-0.7080904047622589,2.760445691327846,56.97915653847626
2014-10-03 00:00:00+00:00,101.203102252,1.0817047667484925,101.02256665956713,0.18680718099311677,44.39014352697972,74.24813569763637
2014-10-06 00:00:00+00:00,101.3258426913,0.12128130123361114,101.17420467543357,0.15404424111336396,48.16282829089626,53.059766459719114
2014-10-07 00:00:00+00:00,99.4053158169,-1.8953968932201137,100.2897602461668,-0.8706763260533749,18.579244903487616,27.943414776474548
2014-10-08 00:00:00+00:00,102.0983854566,2.7091807088672315,101.1940728513834,0.9192521914069283,64.47586763212762,72.51004132426404
2014-10-09 00:00:00+00:00,100.0984382979,-1.9588430803836099,100.6462555746417,-0.5197954444883408,39.6061649985147,37.36618697800247
2014-10-10 00:00:00+00:00,96.625605867,-3.469417195665536,98.63593072082085,-1.9946063200769384,19.756801151792637,30.249608633262408
2014-10-13 00:00:00+00:00,95.9541434636,-0.6949114547589286,97.29503709221044,-1.3447588874179335,17.24958598033284,54.25362760886196
2014-10-14 00:00:00+00:00,96.8783067716,0.9631301730608222,97.08667193190522,-0.19081435717855566,34.42889716714078,65.03875470658288
2014-10-15 00:00:00+00:00,96.9071868749,0.02981070196457214,96.99692940340262,-0.08050182760699176,35.06084824997716,54.24122824698367
2014-10-16 00:00:00+00:00,97.50644902,0.6183877217214029,97.25168921170132,0.26894294705720556,50.045720238865364,60.451941297057395
2014-10-17 00:00:00+00:00,99.2031550932,1.7400962605580883,98.22742215245066,1.004519603807647,74.7706054267865,71.50722399969814
2014-10-20 00:00:00+00:00,99.3475556101,0.14556040759423627,98.78748888127532,0.5750400057009416,76.26998953715865,44.80233205514009
2014-10-21 00:00:00+00:00,101.7518242161,2.4200581395638965,100.26965654868766,1.497549072632419,90.44787638661091,69.31873173723517
2014-10-22 00:00:00+00:00,100.322259099,-1.4049528134885358,100.29595782384382,0.04629812957194157,59.00536186043349,32.69129519430602
2014-10-23 00:00:00+00:00,104.7264748637,4.390068369925615,102.5112163437719,2.2181832497487783,84.27201873521273,69.41621100609512
2014-10-24 00:00:00+00:00,107.2823640124,2.440537745614413,104.89679017808595,2.329360497681596,89.7638900605412,54.42993616435661
2014-10-27 00:00:00+00:00,107.9827065193,0.6528030150594555,106.43974834869297,1.4910817563705256,91.04858184408978,41.967340351906905
2014-10-28 00:00:00+00:00,109.0657103958,1.0029419630322334,107.75272937224648,1.2470118597013795,93.06694544740625,45.62496266126417
2014-10-29 00:00:00+00:00,109.0296102666,-0.033099430672556274,108.39116981942324,0.6069562145144116,92.02940702470927,35.65174821334601
2014-10-30 00:00:00+00:00,109.8165930836,0.7218065029083842,109.10388145151163,0.6643813587113979,94.15880984890794,48.06071432407948
2014-10-31 00:00:00+00:00,111.0223373995,1.0979618671853153,110.06310942550581,0.8811716129483567,96.38085984969824,54.603818690165426
2014-11-03 00:00:00+00:00,110.6829961848,-0.30565129743118646,110.37305280515291,0.2877601577585851,83.04453444628057,32.02355986792994
2014-11-04 00:00:00+00:00,111.9465007075,1.1415525114538916,111.15977675632645,0.7146563346062383,90.4358641304585,58.53975800139572
2014-11-05 00:00:00+00:00,112.4085823615,0.4127700741690443,111.78417955891322,0.5637132043876414,92.28161292698006,45.21652835873503
2014-11-06 00:00:00+00:00,112.6685032919,0.2312287237678179,112.22634142540662,0.39747096407772964,93.36242477904266,41.67265131428988
2014-11-07 00:00:00+00:00,113.029504584,0.3204101248817759,112.6279230047033,0.35894054447975277,94.86148728541869,44.85728555308041
2014-11-10 00:00:00+00:00,113.8309274527,0.7090386458381781,113.22942522870164,0.5339895951589655,97.06716527547555,59.36106729046914
2014-11-11 00:00:00+00:00,113.4338260313,-0.34885195990782547,113.33162563000081,0.09256881762557001,73.58963978104768,28.622008315463912
2014-11-12 00:00:00+00:00,113.8453675044,0.36280313156893396,113.58849656720041,0.22768597459725198,80.80637057182119,53.118742104817514
2014-11-13 00:00:00+00:00,114.3291092359,0.4249112125544352,113.9588029015502,0.32629859357584357,87.04699376493157,55.134445853079214
2014-11-14 00:00:00+00:00,114.6901105281,0.3157562361962629,114.3244567148251,0.32102741488605324,90.50340397821303,49.52130179242166
2014-11-17 00:00:00+00:00,114.5745901146,-0.10072395341506057,114.44952341471256,0.11015173073549633,80.22751752796349,31.289651861981973
2014-11-18 00:00:00+00:00,115.6287138878,0.9200327683002385,115.03911865125627,0.5150922495178674,92.25852753690609,70.80483556424353
2014-11-19 00:00:00+00:00,115.2929826861,-0.29035279422529037,115.16605066867814,0.1123697276462885,71.47992509729872,35.00159090824377
2014-11-20 00:00:00+00:00,115.6777039656,0.33369010891795003,115.42187731713906,0.22302991828211927,79.439491745004,53.27412810134048
2014-11-21 00:00:00+00:00,116.2584153309,0.5020080321378684,115.84014632401953,0.3625189752099938,87.40082997602396,58.04588062309631
2014-11-24 00:00:00+00:00,116.055166353,-0.17482517486712146,115.94765633850977,0.09384690017143618,72.63501102583096,35.920037393967604
2014-11-25 00:00:00+00:00,114.734047997,-1.138353765296074,115.34085216775489,-0.5222534325623189,27.43841928381121,19.802009603787575
2014-11-26 00:00:00+00:00,114.9155202986,0.15816778433961343,115.12818623317744,-0.18204282411135275,35.68429178085094,57.91664955708389
2014-11-28 00:00:00+00:00,116.2076030864,1.1243762238926536,115.66789465978871,0.4711666998906504,70.9461363592367,72.5172533533901
2014-12-01 00:00:00+00:00,114.8066369176,-1.205571865860089,115.23726578869436,-0.36720258298471925,37.503995400214784,32.15910885977064
2014-12-02 00:00:00+00:00,116.5778065818,1.5427415276272116,115.90753618524718,0.5877694723212462,67.0014290439805,65.817952278088
2014-12-03 00:00:00+00:00,117.7827826647,1.0336239102718858,116.84515942497359,0.8106966912965661,77.72866361691175,57.84342778824678
2014-12-04 00:00:00+00:00,117.7827826647,0.0,117.31397104483679,0.40534834564828304,77.72866361691175,42.2531146469608
2014-12-05 00:00:00+00:00,117.7900415568,0.006162948383270361,117.55200630081839,0.2057556470157767,77.82636573007125,42.391982266555296
2014-12-08 00:00:00+00:00,116.8173500199,-0.8257841868838711,117.1846781603592,-0.31001426993404724,41.35813555575417,28.50964277089287
2014-12-09 00:00:00+00:00,116.7447610993,-0.062138818067380974,116.9647196298296,-0.1860765440007141,39.296877166143794,50.72639333996006
2014-12-10 00:00:00+00:00,114.8647080542,-1.6103960703648945,115.9147138420148,-0.8982363071828043,13.383333476929424,26.079126332341747
2014-12-11 00:00:00+00:00,115.5252672322,0.5750758341616091,115.7199905371074,-0.1615802365105976,35.72225824079416,63.564118723987676
2014-12-12 00:00:00+00:00,114.0517121428,-1.275526233095159,114.8858513399537,-0.7185532348028782,19.17467210431746,38.662089725078815
2014-12-15 00:00:00+00:00,113.855722057,-0.17184317720246867,114.37078669847685,-0.44519820600267346,17.55251099958152,54.58017297186439
2014-12-16 00:00:00+00:00,115.4526783115,1.402613962344823,114.91173250498842,0.4787078781710748,59.465139421096964,70.79702655794583
2014-12-17 00:00:00+00:00,116.5778065818,0.9745363093823789,115.74476954339421,0.7266220937767268,73.63139122086912,61.79830784741965
2014-12-18 00:00:00+00:00,119.9894858528,2.9265255292018955,117.86712769809711,1.826573811489311,89.81743748283048,79.56455884097242
2014-12-19 00:00:00+00:00,120.12014591,0.1088929219684287,118.99363680404855,0.9677333667288699,90.1642748270363,39.644354644627285
2014-12-22 00:00:00+00:00,121.4194875899,1.0817017162745746,120.20656219697428,1.0247175415017222,93.47802458598551,52.09264412779114
2014-12-23 00:00:00+00:00,121.1291319072,-0.23913433375759574,120.66784705208714,0.39279160387206324,83.99268256314465,36.6835821011564
2014-12-24 00:00:00+00:00,121.1944619358,0.05393420027979268,120.93115449394358,0.22336290207592796,84.52272630222434,42.35834570930021
2014-12-26 00:00:00+00:00,120.6863394912,-0.4192620986833262,120.8087469925718,-0.09794959830369912,60.969415118608616,34.8036119718429
2014-12-29 00:00:00+00:00,121.0129896342,0.2706604114244504,120.91086831338589,0.08635540656037564,69.23601319055489,53.09811766193069
2014-12-30 00:00:00+00:00,120.3814660244,-0.5218643153176994,120.64616716889294,-0.21775445437866187,42.89146926775893,35.79234318702239
2014-12-31 00:00:00+00:00,119.2781144304,-0.9165460684590454,119.96214079964648,-0.5671502614188536,21.47599933962894,28.78434796648442
2015-01-02 00:00:00+00:00,119.0893832366,-0.158227848169179,119.52576201812323,-0.3626890547940163,19.037176562584907,54.47402419223116
2015-01-05 00:00:00+00:00,116.4035931722,-2.2552724612436847,117.96467759516162,-1.3089807580188506,5.5597972652863765,21.82154655296465
2015-01-06 00:00:00+00:00,115.1623226289,-1.0663507108957915,116.56350011203081,-1.1876657344573212,3.729450415923239,48.21787048663204
2015-01-07 00:00:00+00:00,115.9970952165,0.724866057356266,116.2802976642654,-0.2313998385505276,27.730178286994164,70.62892669356893
2015-01-08 00:00:00+00:00,118.7772508778,2.396745932396871,117.5287742710327,1.0826730469231718,67.81486482715732,81.71099272938739
2015-01-09 00:00:00+00:00,117.3182135725,-1.2283811037191672,117.42349392176635,-0.0728540283979977,47.204243211085576,36.68799937456546
2015-01-12 00:00:00+00:00,116.6794310707,-0.5444870684169101,117.05146249623317,-0.3086705484074539,39.35023435213891,45.22819428467541
2015-01-13 00:00:00+00:00,116.5923243659,-0.07465472191686695,116.82189343106658,-0.19166263516216042,38.05510511844247,51.91254048939155
2015-01-14 00:00:00+00:00,116.0261307847,-0.485618229398288,116.4240121078833,-0.3386404322802242,28.809970931763917,44.74744867214299
2015-01-15 00:00:00+00:00,115.8954707275,-0.11261261262125455,116.15974141769165,-0.2256265224507394,26.57513837673038,53.48764482118477
2015-01-16 00:00:00+00:00,117.594051471,1.4656144306914198,116.87689644434582,0.6199939541203402,70.77785137922334,76.78971977287911
2015-01-20 00:00:00+00:00,117.5504981186,-0.037037037039866494,117.21369728147292,0.29147845854023685,69.17612376175231,44.76243998020495
2015-01-21 00:00:00+00:00,117.9860316426,0.3705075954340664,117.59986446203646,0.3309930269871516,76.98775236864546,52.77540725829918
2015-01-22 00:00:00+00:00,120.4177604847,2.0610311307580176,119.00881247336824,1.1960120788725845,92.63008630050733,75.17894009941098
2015-01-23 00:00:00+00:00,119.0603476684,-1.127252998923256,119.03458007088412,0.03437953997466425,59.03182602344803,32.09934924678594
2015-01-26 00:00:00+00:00,119.2200432938,0.13412998410249344,119.12731168234205,0.08425476203857885,61.49638150985942,49.33017187628725
2015-01-27 00:00:00+00:00,118.7772508778,-0.3714076960270929,118.95228128007102,-0.14357646699425702,49.18916463785248,42.80066459502431
2015-01-28 00:00:00+00:00,119.0022765318,0.18945181197325134,118.97727890593552,0.022937672489497157,55.91470469034333,53.125755372384596
2015-01-29 00:00:00+00:00,120.5919738943,1.3358545809627254,119.78462640011776,0.6793961267261113,81.65126830382587,69.82568681470569
2015-01-30 00:00:00+00:00,117.811818233,-2.305423463535672,118.79822231655888,-0.8130136684047803,32.25474713185259,25.88613986763239
2015-02-02 00:00:00+00:00,119.350703351,1.3062230437327793,119.07446283377945,0.2466046876639995,54.90559405670298,61.722614414046255
2015-02-03 00:00:00+00:00,120.4540549451,0.924461744356142,119.76425888943973,0.5855332160100708,66.83228804040006,57.32753209369686
2015-02-04 00:00:00+00:00,119.6338001416,-0.6809690249729217,119.69902951551987,-0.04771790448142543,51.61061051095853,39.55879121215409
2015-02-05 00:00:00+00:00,120.8968473611,1.0557611795370958,120.29793843830993,0.5040216375278352,68.29136771325025,59.78496991896615
2015-02-06 00:00:00+00:00,120.5484205419,-0.2882017412408677,120.42317949010496,0.10790994814348376,59.76617287926554,43.05901344035376
2015-02-09 00:00:00+00:00,119.6555768178,-0.7406515324600793,120.03937815395247,-0.3163707921582978,40.387000215433694,37.728781676837016
2015-02-10 00:00:00+00:00,120.3669482403,0.5945158942179729,120.20316319712623,0.13907255102983757,57.036236756322296,59.77173941469088
2015-02-11 00:00:00+00:00,120.1382931402,-0.18996502232782042,120.17072816866312,-0.025446235648991428,50.267379856729086,45.55858071732878
2015-02-12 00:00:00+00:00,121.1827834076,0.8694066147427959,120.67675578813156,0.42198018954690225,72.57139224120519,63.25678164818327
2015-02-13 00:00:00+00:00,121.2046957909,0.018082092755955514,120.94072578951578,0.22003114115142888,72.95310402345156,45.44746052435855
2015-02-17 00:00:00+00:00,121.9205003098,0.5905749065489019,121.4306130496579,0.40530302385016537,83.91895211491182,57.513340786495306
2015-02-18 00:00:00+00:00,122.2710984416,0.28756290444111876,121.85085574562895,0.34643296414564206,87.60969121146908,48.92253262687598
2015-02-19 00:00:00+00:00,122.0446704815,-0.1851851852039621,121.94776311356448,0.08062388947083998,71.67395640277454,36.250622046645844
2015-02-20 00:00:00+00:00,122.7969956392,0.616434257007592,122.37237937638224,0.348529073239216,85.14269254275773,61.569305511141174
2015-02-23 00:00:00+00:00,123.3009804535,0.4104211277129233,122.83667991494113,0.37947510047606964,89.94631842846078,53.39446443053982
2015-02-24 00:00:00+00:00,123.5274084136,0.18363841006552306,123.18204416427056,0.2815567552707964,91.74498544692177,43.793206728220746
2015-02-25 00:00:00+00:00,123.3594134755,-0.1359981078349115,123.27072881988528,0.07277932371794243,76.51119340698969,31.730465129145088
2015-02-26 00:00:00+00:00,123.8853106731,0.42631298478443824,123.57801974649263,0.24954615425119034,86.80173789907455,60.46608694341295
2015-02-27 00:00:00+00:00,123.1841144096,-0.5660043629791334,123.38106707804631,-0.15822910436397153,46.26444439453151,28.600133832672004
2015-03-02 00:00:00+00:00,124.5353780423,1.0969463385570144,123.95822256017316,0.46935861709652144,77.13333170194647,69.28712484110773
2015-03-03 00:00:00+00:00,122.9065575553,-1.3079178885591403,123.43239005773657,-0.41927963573130944,37.83485576567517,30.985423792259848
2015-03-04 00:00:00+00:00,122.0957993757,-0.6596541272708034,122.76409471671829,-0.5394668815010564,27.408574424916882,43.59345945647879
2015-03-05 00:00:00+00:00,122.3952686132,0.24527398897524755,122.57968166495914,-0.1470964462629044,37.02392423884535,59.20035656285664
2015-03-06 00:00:00+00:00,120.0506436073,-1.9156173538942944,121.31516263612957,-1.0313569000785994,14.487487049448731,29.733178516085676
2015-03-09 00:00:00+00:00,121.5187732839,1.2229252859338402,121.41696796001479,0.09578419292762042,45.593114224034494,66.28963300499417
2015-03-10 00:00:00+00:00,118.5167767809,-2.4703973072428442,119.9668723704574,-1.187306557157612,21.54992486225412,34.55608005277514
2015-03-11 00:00:00+00:00,118.1296580105,-0.3266362627425079,119.0482651904787,-0.75697140995006,19.55521088923824,53.808506729853505
2015-03-12 00:00:00+00:00,120.1309890124,1.6941816607325633,119.58962710143935,0.46860512539125165,53.16975618263773,67.37811465900135
2015-03-13 00:00:00+00:00,118.8673749127,-1.0518635616739713,119.22850100706967,-0.29162921814135984,38.094159292568015,42.1431009600143
2015-03-16 00:00:00+00:00,121.40190724,2.132235467605348,120.31520412353484,0.920303124731994,66.59281449042142,64.9651645997459
2015-03-17 00:00:00+00:00,119.9556899466,-1.191264063538111,120.13544703506741,-0.13548046940305852,47.77029862970893,40.16170659896957
2015-03-18 00:00:00+00:00,121.5918145613,1.3639408146694398,120.8636307981837,0.6142301726331907,64.70131198515224,58.454412713568395
2015-03-19 00:00:00+00:00,121.000180214,-0.48657415750772426,120.93190550609185,0.06382800756273321,55.02606375444541,43.881701677504125
2015-03-20 00:00:00+00:00,121.6064228168,0.5010261982484776,121.26916416144593,0.2824271029056054,63.43118919175849,53.2181256208375
2015-03-23 00:00:00+00:00,121.343474218,-0.21622920295595316,121.30631918972296,0.033098949974826125,56.554687224225475,45.0526695180015
2015-03-24 00:00:00+00:00,121.4822526452,0.11436826586215254,121.39428591746147,0.07373360791848933,59.988611400462716,50.32251005696135
2015-03-25 00:00:00+00:00,118.8381584017,-2.176527176543497,120.11622215958073,-1.0513967843125038,18.407713950581922,25.200423181599515
2015-03-26 00:00:00+00:00,118.7578129965,-0.06760909650620484,119.43701757804035,-0.5595029404093543,17.843957400343854,55.72283819905077
2015-03-27 00:00:00+00:00,119.4224886212,0.5596900178008513,119.42975309962017,9.353869574846296e-05,40.46845197630652,62.54252558717342
2015-03-30 00:00:00+00:00,121.2850411961,1.5596330275848391,120.35739714786008,0.7798632831402939,72.40744906107813,72.62438115851621
2015-03-31 00:00:00+00:00,120.4815871442,-0.6624510689664742,120.41949214603005,0.05870610708690982,53.748594650507734,38.28022028402503
2015-04-01 00:00:00+00:00,118.7066841023,-1.4731736890016944,119.56308812416503,-0.7072337909573922,28.99218921506468,30.409956014855695
2015-04-02 00:00:00+00:00,118.9111996791,0.17228648778002675,119.23714390163252,-0.26747365158868275,34.22822998384224,57.199680331336474
2015-04-06 00:00:00+00:00,120.8687059146,1.6461916461886217,120.05292490811627,0.6893589972999694,68.05149235386993,71.79072705742833
2015-04-07 00:00:00+00:00,121.40190724,0.44114092342208977,120.72741607405814,0.5652499603610296,73.59876522349391,50.62505745669711
2015-04-08 00:00:00+00:00,121.4457320064,0.03609891096139073,121.08657404022907,0.30067443566121016,74.15208241217977,44.07372784792887
2015-04-09 00:00:00+00:00,121.8255466491,0.3127443315010803,121.45606034466454,0.3067093835811452,79.6865611826415,50.62047411292927
2015-04-10 00:00:00+00:00,122.030062226,0.16787577197503456,121.74306128533226,0.23729257777808987,82.68161424753436,46.35786976320371
2015-04-13 00:00:00+00:00,121.1316545134,-0.736218351619089,121.43735789936613,-0.24946288692049956,41.937639584886256,25.92318511143696
2015-04-14 00:00:00+00:00,121.2412164296,0.09044862520877217,121.33928716448307,-0.0795071308558637,46.73876535010545,53.834096186364
2015-04-15 00:00:00+00:00,121.5699021781,0.2711006687159401,121.45459467129153,0.09579676893003819,61.182717404080954,58.909147239293446
2015-04-16 00:00:00+00:00,121.1681751522,-0.33044941116383564,121.31138491174576,-0.11732632111689872,40.86522401135407,38.0283609119887
2015-04-17 00:00:00+00:00,118.115049755,-2.5197419977357582,119.71321733337288,-1.3185341594263285,8.539027188587903,12.956725810806622
2015-04-20 00:00:00+00:00,120.1602055234,1.7314946508867113,119.93671142838645,0.20648024573019141,49.041959031447284,70.19411458085429
2015-04-21 00:00:00+00:00,119.7876950085,-0.3100115493955724,119.86220321844323,-0.051765651832690496,43.7487429060288,47.63234223942016
2015-04-22 00:00:00+00:00,120.2770715673,0.4085365853022438,120.06963739287161,0.17838546673477665,53.61449112504216,55.22964557953175
2015-04-23 00:00:00+00:00,116.6177035674,-3.0424485333868767,118.34367048013581,-1.43203153332605,18.068956518989914,27.00530248764501
2015-04-24 00:00:00+00:00,116.1283270085,-0.41964173871522625,117.2359987443179,-0.9258366360206381,15.947975603939627,53.87655056828414
2015-04-27 00:00:00+00:00,115.3906101063,-0.6352600792621343,116.31330442530896,-0.7805483576413863,12.60286305119073,51.53703153054366
2015-04-28 00:00:00+00:00,115.6462545774,0.22154703130912168,115.97977950135447,-0.2795006631661323,21.194923022398317,61.501592853231195
2015-04-29 00:00:00+00:00,114.6528932041,-0.8589654519551848,115.31633635272723,-0.5692330575606586,13.474118246590544,44.279416072710205
2015-04-30 00:00:00+00:00,114.229253795,-0.3694973561162995,114.77279507386362,-0.46936520683847904,10.927651981373112,53.1868981477878
2015-05-01 00:00:00+00:00,115.171486274,0.8248609245850025,114.97214067393182,0.17774785887326172,45.371410507745026,70.46705171756753
2015-05-04 00:00:00+00:00,116.1502393917,0.8498224251195952,115.56119003281592,0.5137851419964284,65.91089623824966,70.80489673474572
2015-05-05 00:00:00+00:00,115.3394812121,-0.6980254055834023,115.45033562245796,-0.09212013179348694,44.92369628485734,34.3039684171879
2015-05-06 00:00:00+00:00,115.142269763,-0.1709834715983627,115.29630269272897,-0.1315518016959248,40.24773629542815,47.996440257478994
2015-05-07 00:00:00+00:00,115.8507701542,0.615326059368404,115.57353642346449,0.24188712883623958,61.71963986240311,64.53719784424801
2015-05-08 00:00:00+00:00,117.3042915754,1.2546497699284398,116.43891399943224,0.7482684493823397,81.82173263271773,74.44893639181797
2015-05-11 00:00:00+00:00,116.7930026332,-0.4358655044358284,116.61595831631612,0.15620147247325566,64.06950528036519,35.30764772041632
2015-05-12 00:00:00+00:00,116.9171728049,0.10631644781833316,116.76656556060806,0.1312589601457944,66.70130891558038,48.36698947593338
2015-05-13 00:00:00+00:00,117.8228846452,0.774661085768269,117.29472510290404,0.4529600229570317,81.51519842650161,62.40122381026026
2015-05-14 00:00:00+00:00,119.1668441502,1.1406608394006534,118.23078462655202,0.7968104311788425,90.71215669039528,69.26374644846277
2015-05-15 00:00:00+00:00,119.2764060663,0.09193993252174515,118.75359534642601,0.44437518185029384,91.24482741524028,38.81458173516739
2015-05-18 00:00:00+00:00,118.9623285733,-0.2633190446947431,118.857961959863,0.09052806857777537,73.19430765219612,31.727310446539597
2015-05-19 00:00:00+00:00,119.1449317669,0.15349665376420685,119.0014468633815,0.12201236117099111,77.13842956196162,48.33099605181474
2015-05-20 00:00:00+00:00,119.0025012759,-0.11954389405220978,119.00197406964075,0.001234233559390667,65.80930242797405,39.00921256541373
2015-05-21 00:00:00+00:00,119.1201072068,0.0988264361161173,119.06104063822038,0.05003033483775399,71.07151983018427,50.469675960500396
2015-05-22 00:00:00+00:00,118.3262671736,-0.6664198444867431,118.6936539059102,-0.30819475482449454,27.78057411696281,25.39065152244761
2015-05-26 00:00:00+00:00,117.3045656493,-0.8634612995954916,117.9991097776051,-0.585828027209993,12.767182058757994,21.30225240283695
2015-05-27 00:00:00+00:00,118.3556686563,0.8960461182239365,118.17738921695255,0.15510904550697174,52.43496489822488,75.07018162598607
2015-05-28 00:00:00+00:00,118.2454130961,-0.0931561296993566,118.21140115652628,0.03097645790380757,48.93379335918077,47.62840208595384
2015-05-29 00:00:00+00:00,116.9296967448,-1.1126996953621293,117.57054895066314,-0.5408616187291608,22.29113318618134,30.43074356395229
2015-06-01 00:00:00+00:00,116.856193038,-0.06286145337434101,117.21337099433157,-0.3018615360517509,21.31846896368047,55.33886319226838
2015-06-02 00:00:00+00:00,116.9296967448,0.06290099385326542,117.07153386956578,-0.11948027109924275,26.151961143989855,58.03843631271377
2015-06-03 00:00:00+00:00,117.723536778,0.6789036962377093,117.39753532378289,0.2797117125692333,62.986846433377615,70.94291083601946
2015-06-04 00:00:00+00:00,116.3931196853,-1.1301198801127343,116.89532750454144,-0.42520408377175056,27.94558831737416,30.128280177875833
2015-06-05 00:00:00+00:00,115.4596226092,-0.8020208399121542,116.17747505687072,-0.6136124618419524,17.62543611293719,39.584305588326174
2015-06-08 00:00:00+00:00,115.0994544459,-0.311942959071565,115.63846475138536,-0.4627777104567587,14.521763974863886,53.6412348002347
2015-06-09 00:00:00+00:00,115.3861189024,0.24905804973622825,115.51229182689268,-0.10685983036026522,29.37028521009708,66.87506418810366
2015-06-10 00:00:00+00:00,116.900295262,1.31226907881421,116.20629354444634,0.6027046242269724,70.27777548705242,81.71431538381599
2015-06-11 00:00:00+00:00,117.5030256576,0.515593561375649,116.85465960102317,0.5591490928013108,77.91519757297034,54.34894559426398
2015-06-12 00:00:00+00:00,116.1652581942,-1.1384961841733432,116.5099588976116,-0.2896735456860162,41.99173921299697,26.6029025564675
2015-06-15 00:00:00+00:00,114.5702277571,-1.3730701088216057,115.5400933273558,-0.831371827253811,23.014402279608362,23.996888303850373
2015-06-16 00:00:00+00:00,115.0259507392,0.39776737030337017,115.2830220332779,-0.2168022284752204,35.50590226788252,63.96713320331842
2015-06-17 00:00:00+00:00,115.3640677904,0.2939484951240523,115.32354491183895,0.03857313332441595,45.370699188812864,61.13954282025705
2015-06-18 00:00:00+00:00,117.3266167614,1.701178719326779,116.32508083661948,0.8698759263255975,76.57124148517767,79.53368092939756
2015-06-19 00:00:00+00:00,116.8341419259,-0.41974689895092343,116.57961138125974,0.22506451368733704,63.0228088536679,38.42027074999857
2015-06-22 00:00:00+00:00,117.3707189854,0.45926391948025724,116.97516518332986,0.34216421658379714,71.31719580380751,53.39672220822539
2015-06-23 00:00:00+00:00,117.4883249163,0.10020040084668391,117.23174504981493,0.22118230871524053,73.28716205145534,46.47160481693693
2015-06-24 00:00:00+00:00,115.7977396603,-1.4389389390004448,116.51474235505746,-0.6088783151426022,29.540126054209086,25.340408936350048
2015-06-25 00:00:00+00:00,114.6069796105,-1.0283102703845137,115.56086098277873,-0.8185942927635579,18.115379039418855,36.834596226864605
2015-06-26 00:00:00+00:00,115.4669729798,0.7503848127075274,115.51391698128937,-0.034104740028015224,42.29344281500505,68.42224898876799
2015-06-29 00:00:00+00:00,113.158956587,-1.9988541599715859,114.3364367841447,-1.0164794499998004,19.32398091907516,31.685493390143307
2015-06-30 00:00:00+00:00,113.4162195607,0.22734654105986962,113.87632817242235,-0.3945664544699654,26.039892513091118,58.65111136959366
2015-07-01 00:00:00+00:00,114.4085196022,0.8749189889625253,114.14242388731117,0.24017626724627994,50.08207981118194,64.72634770975432
2015-07-02 00:00:00+00:00,114.2100595939,-0.17346610985794486,114.17624174060558,0.03335507869416754,45.63200559207757,47.70520136478419
2015-07-06 00:00:00+00:00,113.9895484736,-0.19307504179936208,114.08289510710279,-0.07985998155259727,39.74592438150285,47.355815458645914
2015-07-07 00:00:00+00:00,114.2468114473,0.22568996644423134,114.16485327720139,0.07291499244581703,50.84240728665412,57.35968012028563
2015-07-08 00:00:00+00:00,112.2475106229,-1.7499839155880936,113.20618195005069,-0.8385344615711383,16.156873972803854,24.46263880311025
2015-07-09 00:00:00+00:00,113.0119491734,0.6810294021291519,113.10906556172534,-0.07875252972099323,39.73632063009219,63.305639879558754
2015-07-10 00:00:00+00:00,113.8939936548,0.7804878049193054,113.50152960826267,0.35086763759915607,59.466145093604986,64.428181461621
2015-07-13 00:00:00+00:00,115.0112499978,0.9809616004740951,114.25638980303134,0.6659146190366256,75.01063331756745,67.43978484266238
2015-07-14 00:00:00+00:00,115.2391114888,0.1981210455537008,114.74775064591567,0.4320178322951632,77.63452558346442,45.08292667180936
2015-07-15 00:00:00+00:00,114.6657825759,-0.49751243782865107,114.70676661090783,-0.032747302766743924,55.60050852483256,31.267017414559657
2015-07-16 00:00:00+00:00,115.5257759453,0.7500000000704166,115.11627127810391,0.3586263486518363,72.903823383778,62.325119743431635
2015-07-17 00:00:00+00:00,115.1729581527,-0.3054017942861975,115.14461471540196,0.026612277182819388,58.80161301968664,39.61120525635827
2015-07-20 00:00:00+00:00,115.4890240919,0.2744272130103198,115.31681940365098,0.1505197450965696,67.30103462184171,53.558956750799936
2015-07-21 00:00:00+00:00,114.4893736797,-0.865580448064518,114.9030965416755,-0.35753035148397416,34.01192868347378,31.858399573237158
2015-07-22 00:00:00+00:00,114.2321107059,-0.22470467391998428,114.56760362378775,-0.2911175127019792,28.558852774228605,49.211036197498686
2015-07-23 00:00:00+00:00,109.8880416353,-3.802844089771018,112.22782262954388,-2.0469808012364985,5.643052069579507,15.708873399702606
2015-07-24 00:00:00+00:00,109.7630853338,-0.1137123745591051,110.99545398167194,-1.0803465878978018,5.454218370657449,58.93955820902639
2015-07-27 00:00:00+00:00,109.3073623517,-0.4151878390755148,110.15140816668597,-0.7477672134866583,4.610253653791505,55.45332134816572
2015-07-28 00:00:00+00:00,111.0714513144,1.6138793625117387,110.61142974054297,0.4330560745125402,49.75435464293315,72.10869946181018
2015-07-29 00:00:00+00:00,111.3213639175,0.22500165446888154,110.96639682902148,0.3290288644907109,54.345699773017316,52.10609557030505
2015-07-30 00:00:00+00:00,111.4095683656,0.07923407061862786,111.18798259731074,0.20413146755466938,56.45238418473994,49.92581568565227
2015-07-31 00:00:00+00:00,111.24050984,-0.15174506829180867,111.21424621865538,0.026193199631430353,49.84032804027684,45.409602084694896
2015-08-03 00:00:00+00:00,110.3437646173,-0.806131888454864,110.77900541797769,-0.3899693444117168,25.798372002787392,32.80052824361156
2015-08-04 00:00:00+00:00,110.5495749963,0.18651745272042497,110.66429020713883,-0.10172594584564593,36.36579285395424,58.819116393003995
2015-08-05 00:00:00+00:00,110.9979476077,0.40558510642398904,110.83111890741941,0.15192958028917156,56.57529164642839,63.49767479111684
2015-08-06 00:00:00+00:00,109.711632739,-1.1588636514669903,110.2713758232097,-0.5034670355889094,23.90499634968068,28.641254803599058
2015-08-07 00:00:00+00:00,109.4396690239,-0.24788958865190613,109.85552242355485,-0.37567831212040775,20.204720940894468,51.76733921439882
2015-08-10 00:00:00+00:00,111.1670061332,1.5783464302352668,110.51126427837742,0.6013340590574295,67.75553429951091,75.57263757825316
2015-08-11 00:00:00+00:00,109.1383038261,-1.8249140438928557,109.82478405223871,-0.611789992417713,33.05444528969267,31.758174934558145
2015-08-12 00:00:00+00:00,109.1677053088,0.02693965516162855,109.49624468051935,-0.29242516862804224,33.79159151592402,53.67820113553871
2015-08-13 00:00:00+00:00,108.3444637929,-0.7541071909236474,108.92035423670967,-0.5232661797758449,23.105875611341926,44.612373912017866
2015-08-14 00:00:00+00:00,108.9912964126,0.5970149254108659,108.95582532465482,0.03687437281751049,43.98300186167481,61.489470980600004
2015-08-17 00:00:00+00:00,109.6969319977,0.6474237928400628,109.32637866117742,0.34214908282878664,61.21460270671725,62.13516192638027
2015-08-18 00:00:00+00:00,109.0133475246,-0.6231573305207294,109.1698630928887,-0.14050412384597138,42.30445644383226,38.02836248066165
2015-08-19 00:00:00+00:00,107.9732700737,-0.9540826646620482,108.57156658329436,-0.5472933942540098,24.81163207909703,33.022980111007946
2015-08-20 00:00:00+00:00,106.1079609588,-1.7275656406690043,107.33976377104719,-1.137429517461507,11.745860725489567,22.595759191870435
2015-08-21 00:00:00+00:00,105.1753064014,-0.8789675618798731,106.25753508622358,-1.00819853967069,8.420279870116005,49.06378404768625
2015-08-24 00:00:00+00:00,102.5771972771,-2.47026532481337,104.41736618166179,-1.73923193224203,3.8570816843272953,25.009217117321715
2015-08-25 00:00:00+00:00,101.8814073692,-0.6783085582075299,103.1493867754309,-1.20877024522478,3.1675186379043523,58.97974058409439
2015-08-26 00:00:00+00:00,105.6416336801,3.690787561732045,104.39551022776544,1.2410086582536326,60.464379045988025,84.5598233915775
2015-08-27 00:00:00+00:00,106.5150720751,0.82679372191925,105.45529115143272,1.0339011900864414,67.22210245001266,52.418678126249716
2015-08-28 00:00:00+00:00,106.7445347044,0.21542738020983165,106.09991292791636,0.6246642851481365,69.29059604598378,46.731139532914064
2015-08-31 00:00:00+00:00,105.2123165029,-1.4354066985659442,105.65611471540818,-0.4053712067089038,42.4553559952499,32.46407823032479
2015-09-01 00:00:00+00:00,102.5179811147,-2.5608554946375706,104.08704791505409,-1.4831133506732372,21.00153816754118,24.74007099539157
2015-09-02 00:00:00+00:00,104.5461346761,1.978339350177838,104.31659129557704,0.24761299975230033,49.70092164659068,69.148282594971
2015-09-03 00:00:00+00:00,104.916235691,0.35400736339668004,104.61641349328852,0.3008101815744902,54.250307873431375,52.51522939029177
2015-09-04 00:00:00+00:00,103.5098518345,-1.3404825737763693,104.06313266389427,-0.5198361961009396,35.795877350004545,38.154132348061204
2015-09-08 00:00:00+00:00,106.1671771212,2.567219679677213,105.11515489254714,1.0236917417881366,67.31148699364998,68.21844299181575
2015-09-09 00:00:00+00:00,104.2648579048,-1.791814822605975,104.69000639867357,-0.38406154040891916,44.07799244784092,37.61921798872811
2015-09-10 00:00:00+00:00,104.2056417425,-0.0567939797645467,104.44782407058679,-0.22042776008673293,43.37887243664454,50.796127355790404
2015-09-11 00:00:00+00:00,104.5609387167,0.3409575223172201,104.5043813936434,0.060264881115243585,50.451815800615904,54.12814604019855
2015-09-14 00:00:00+00:00,104.2278478033,-0.3185615177982326,104.3661145984717,-0.1291483183414945,42.913443721125965,46.32560578225517
2015-09-15 00:00:00+00:00,106.2930114662,1.981393366960238,105.32956303233584,0.9261225243093717,76.11021857209433,69.39961296770875
2015-09-16 00:00:00+00:00,106.7371326841,0.4178272981203657,106.03334785821792,0.6719749112148687,79.88374566099931,48.24868140456234
2015-09-17 00:00:00+00:00,105.8118801469,-0.8668515950661648,105.92261400255896,-0.09743834192564804,53.483615208083066,35.07428142555654
2015-09-18 00:00:00+00:00,103.347007388,-2.329485834178535,104.63481069527947,-1.2134620880520917,23.04726635910091,23.920045905107447
2015-09-21 00:00:00+00:00,103.6578922405,0.3008165019552367,104.14635146788973,-0.4563227930484275,30.526969432542355,59.04950130102769
2015-09-22 00:00:00+00:00,102.1626841405,-1.4424450156973245,103.15451780419487,-0.949383904372876,17.944174349817676,40.47151117477682
2015-09-23 00:00:00+00:00,101.8962114098,-0.2608317635170332,102.52536460699744,-0.6051078339449546,16.16317966645669,54.89854663933952
2015-09-24 00:00:00+00:00,101.8369952474,-0.058114194414793374,102.18117992719871,-0.331611014179874,15.645562039732782,57.546285974170466
2015-09-25 00:00:00+00:00,103.3025952662,1.4391626689686854,102.74188759669936,0.5537758273944057,61.462798604974225,74.27685563667505
2015-09-28 00:00:00+00:00,102.4291568712,-0.8455144740064369,102.58552223394967,-0.1458693233060156,41.37391976927296,39.05186868392805
2015-09-29 00:00:00+00:00,104.7755973053,2.2907934671868357,103.68055976962484,1.07246207194041,74.69828354220742,69.16396462998269
2015-09-30 00:00:00+00:00,104.9384417519,0.15542211238892545,104.30950076076242,0.6139420921646678,76.1118253318055,45.96907431189751
2015-10-01 00:00:00+00:00,104.220445783,-0.684206813931465,104.26497327188122,-0.035132360883398606,55.57689409599079,38.37804702500316
2015-10-02 00:00:00+00:00,105.9969306544,1.704545454640316,105.1309519631406,0.8347065468784587,77.8030712084611,63.851921013119004
2015-10-05 00:00:00+00:00,108.306360987,2.178770949632347,106.7186564750703,1.5067387482554029,88.76470057317857,67.81406872725181
2015-10-06 00:00:00+00:00,107.9140539113,-0.36221979219400735,107.31635519318516,0.5722594780306978,78.84357254416054,36.05295395674327
2015-10-07 00:00:00+00:00,109.2094074633,1.2003566774209995,108.26288132824257,0.8863080777258486,86.38207563933499,55.34491300384468
2015-10-08 00:00:00+00:00,110.6453994009,1.3148976548403857,109.45414036457129,1.100602866283117,91.44878175990962,56.77863575964649
2015-10-09 00:00:00+00:00,110.9562842534,0.28097404337035226,110.20521230898564,0.6907884548267347,92.37059754707131,39.57462033570864
2015-10-12 00:00:00+00:00,111.0747165782,0.10673782525874032,110.63996444359282,0.3987631400427375,92.81329586197592,36.75914629030732
2015-10-13 00:00:00+00:00,110.3715246499,-0.6330801013612608,110.5057445467464,-0.11715848065926165,61.19069378765646,25.296718137981298
2015-10-14 00:00:00+00:00,109.7867650465,-0.5298102071660815,110.1462547966232,-0.32348434391267156,42.941037592728485,29.87521472613843
2015-10-15 00:00:00+00:00,110.4307408123,0.5865695792450554,110.2884978044616,0.1315426176661919,61.77379507842232,64.82912946521466
2015-10-16 00:00:00+00:00,110.0680418178,-0.32844024393215987,110.1782698111308,-0.09844881313298398,48.3044792847166,40.19626103584904
2015-10-19 00:00:00+00:00,109.549900397,-0.470746469404526,109.8640851040654,-0.284597641268755,32.92213656168119,36.923342413059515
2015-10-20 00:00:00+00:00,110.3715246499,0.7499999999292406,110.11780487698269,0.2327011793302428,61.83217573806573,69.19653601565949
2015-10-21 00:00:00+00:00,110.897068091,0.4761585406807045,110.50743648399134,0.35442986000547366,72.99802242486136,59.03323403971393
2015-10-22 00:00:00+00:00,115.4715166346,4.124949939926537,112.98947655929567,2.239689899966005,94.39744209426112,89.59062416597818
2015-10-23 00:00:00+00:00,115.3160742084,-0.1346153845817044,114.15277538384782,1.0525372576921503,90.73230319769429,38.84861675256258
2015-10-26 00:00:00+00:00,115.8712257307,0.4814172925248439,115.01200055727392,0.7669772751084971,92.32806587789682,45.53995252679793
2015-10-27 00:00:00+00:00,116.0118641163,0.1213747284652511,115.51193233678697,0.4441760017868741,92.79921656927782,41.553760418389786
2015-10-28 00:00:00+00:00,117.0111368564,0.8613539207492193,116.26153459659349,0.6527649612680467,95.64782495707969,53.97390613880573
2015-10-29 00:00:00+00:00,116.6632419025,-0.29731781371113986,116.46238824954675,0.17772357377845344,79.27121946886535,36.00380056895126
2015-10-30 00:00:00+00:00,116.3671610906,-0.25379100312284963,116.41477467007337,-0.0380337146721981,65.05234721636238,37.18231897845126
2015-11-02 00:00:00+00:00,118.3731085911,1.7238089179972604,117.39394163058668,0.8428876016625312,87.61971329687435,72.14333905149378
2015-11-03 00:00:00+00:00,117.5070722163,-0.7316158079379131,117.45050692344334,0.05563589686230902,61.782898557488224,35.42464816232568
2015-11-04 00:00:00+00:00,117.6255045411,0.10078740161443278,117.53800573227167,0.0782116492383709,63.962689743818174,48.7014729885566
2015-11-05 00:00:00+00:00,117.6847207035,0.0503429614444828,117.61136321788584,0.06427730534142685,65.44104566106598,47.807964834711164
2015-11-06 00:00:00+00:00,117.8845752515,0.16982200136541614,117.74796923469292,0.11704965335342149,71.38397965924595,51.00175669563335
2015-11-09 00:00:00+00:00,116.5596136183,-1.123948260723051,117.15379142649647,-0.5034493036848148,26.34000549224024,25.578412885659706
2015-11-10 00:00:00+00:00,116.6484378619,0.0762049914568852,116.90111464419823,-0.2136221561139648,30.73510392254166,56.05754734832777
2015-11-11 00:00:00+00:00,117.7291328252,0.9264547242196386,117.31512373469911,0.3564162840528369,66.84191894474708,69.38268836623985
2015-11-12 00:00:00+00:00,115.6935772435,-1.7290160326945747,116.50435048909955,-0.6862998743208689,27.03074045511705,28.66334874016504
2015-11-13 00:00:00+00:00,115.2124459242,-0.41586692257545854,115.85839820664978,-0.5510833984481638,22.317912223321866,50.29929630042533
2015-11-16 00:00:00+00:00,117.1073631203,1.6447157083590458,116.48288066347489,0.546816154955441,61.733154459253015,71.00120540876051
2015-11-17 00:00:00+00:00,116.2339247252,-0.7458441312547914,116.35840269433744,-0.09951398814967521,45.70071505310654,41.16367622499581
2015-11-18 00:00:00+00:00,117.2591045364,0.881997070669116,116.80875361536872,0.39124154125972044,62.73815984565117,58.833856915065766
2015-11-19 00:00:00+00:00,117.9966768948,0.6290107376447196,117.40271525508436,0.5101261394522201,72.16388577253326,54.98430249097066
2015-11-20 00:00:00+00:00,118.4213397678,0.35989392597777226,117.91202751144218,0.43501003271499616,77.15476498478884,49.786391679954775
2015-11-23 00:00:00+00:00,118.1978329925,-0.1887385970621991,118.05493025197109,0.12313571782639854,67.58779549687775,38.62156570006882
2015-11-24 00:00:00+00:00,117.5273126667,-0.567286479645146,117.79112145933554,-0.22207538090937373,43.38148627119409,31.34617402938495
2015-11-25 00:00:00+00:00,117.4379099566,-0.07606973057704414,117.61451570796777,-0.14907255574320893,40.48180564627977,49.765452120795366
2015-11-27 00:00:00+00:00,117.7061180869,0.22838292200459964,117.66031689743389,0.039655183130695354,54.24445356355537,59.79397284692834
2015-11-30 00:00:00+00:00,116.6556362431,-0.8924615481961995,117.15797657026695,-0.42640318253275206,22.99954164955195,28.44040371679632
2015-12-01 00:00:00+00:00,116.8940434701,0.20436837402624253,117.02601002018348,-0.11101740425325476,35.62296291068959,59.563724059242325
2015-12-02 00:00:00+00:00,116.000016369,-0.7648183556322019,116.51301319459174,-0.43791787994272835,18.532776902596204,37.78294926801301
2015-12-03 00:00:00+00:00,115.0165865578,-0.8477842003674185,115.76479987619587,-0.6428510401550734,10.344313955197201,36.08844454075169
2015-12-04 00:00:00+00:00,117.8774732813,2.4873688301141783,116.82113657874794,0.9222588949795525,69.38004710157183,82.74665047685635
2015-12-07 00:00:00+00:00,117.5273126667,-0.2970547339137375,117.17422462272397,0.3126020805329075,61.89721309989906,43.22693140398879
2015-12-08 00:00:00+00:00,116.8120909858,-0.6085578447014517,116.99315780426198,-0.1479778820842721,46.523772392816326,40.01952698212464
2015-12-09 00:00:00+00:00,116.2607742735,-0.47196887552249933,116.626966038881,-0.3099733788033857,36.143997947691986,42.810527431737135
2015-12-10 00:00:00+00:00,117.3559574723,0.9420057673309667,116.9914617555905,0.3160161942637905,61.643399117553095,66.79950799433466
2015-12-11 00:00:00+00:00,115.3518467207,-1.707719654601303,116.17165423814525,-0.6958517301687562,29.408463892827008,30.654800837552067
2015-12-14 00:00:00+00:00,117.4379099566,1.8084350577853847,116.80478209737262,0.5562916638083142,61.137946047928054,66.6133696497273
2015-12-15 00:00:00+00:00,110.3601954061,-6.026771553679399,113.58248875173632,-2.7352399449355427,18.596912636595924,24.371540495718314
2015-12-16 00:00:00+00:00,111.7161365095,1.2286505097335532,112.64931263061817,-0.7532947176009948,32.1616531178777,59.78953192502516
2015-12-17 00:00:00+00:00,110.8966116668,-0.7335778593008491,111.77296214870908,-0.7434362884509219,27.940616215989706,50.24398384371191
2015-12-18 00:00:00+00:00,109.4587180792,-1.2966073227920538,110.61584011395453,-1.0200218056214878,20.76734015616333,47.01347523648383
2015-12-21 00:00:00+00:00,109.8759307264,0.38115981487936157,110.24588542017727,-0.3194309953710631,28.730859891794196,58.84204940185324
2015-12-22 00:00:00+00:00,110.9860143769,1.0103064821941787,110.61594989853864,0.3454377434115578,49.13470081672672,63.43361190989274
2015-12-23 00:00:00+00:00,112.6176138364,1.4700946499071499,111.61678186746931,0.9077661966593539,68.81704393200613,67.41816362044023
2015-12-24 00:00:00+00:00,112.639964514,0.019846520307620352,112.12837319073466,0.4638063584834871,69.06302486461061,44.48420520049703
2015-12-28 00:00:00+00:00,112.6623151915,0.019842582156726074,112.39534419111733,0.2418244703201066,69.42480494778133,44.484143562483574
2015-12-29 00:00:00+00:00,113.9065029072,1.104351276276505,113.15092354915866,0.6730878732983059,84.53030370724791,64.69281714487487
2015-12-30 00:00:00+00:00,113.1763807746,-0.6409837138050101,113.16365216187933,0.016052079746647907,58.911173917940324,34.43424810636592
2015-12-31 00:00:00+00:00,112.2302020926,-0.8360213284116291,112.69692712723966,-0.4099846243324906,37.07102981598316,31.93083010002744
2016-01-04 00:00:00+00:00,109.3842158208,-2.5358470525178256,111.04057147401983,-1.4729158384251582,13.87044128440093,16.371176251869407
2016-01-05 00:00:00+00:00,109.8610302747,0.435907914429956,110.45080087435991,-0.5185039619976011,25.575838868027304,63.286530946236134
2016-01-06 00:00:00+00:00,107.6483131994,-2.0141055201896907,109.04955703687995,-1.2663047410936459,13.142619205175297,37.36464470932237
2016-01-07 00:00:00+00:00,105.0258337029,-2.436154751112818,107.03769536988997,-1.8512297461032319,7.049877528586122,33.788536901795624
2016-01-08 00:00:00+00:00,104.6682228624,-0.3404979783465656,105.85295911614499,-1.0958638622248986,6.439276223057267,61.34426838969173
2016-01-11 00:00:00+00:00,104.6458721849,-0.021353832986525934,105.2494156505225,-0.5586088476057123,6.387411468663727,64.70017098352251
2016-01-12 00:00:00+00:00,104.9438812186,0.2847785846473272,105.09664843456125,-0.13691513147919254,19.37516672586196,68.61995959293682
2016-01-13 00:00:00+00:00,103.3495328883,-1.5192389606583534,104.22309066143063,-0.828077046068773,9.16784120288968,34.62942401591273
2016-01-14 00:00:00+00:00,105.1822884456,1.773356401408055,104.70268955351531,0.472639677669641,52.40412844487557,72.25492594333123
2016-01-15 00:00:00+00:00,103.3271822108,-1.763705907349078,104.01493588215766,-0.6455331148397185,30.41958234930581,37.48710382667544
2016-01-19 00:00:00+00:00,103.1036754355,-0.21630975559173704,103.55930565882883,-0.4309214352157278,28.2758028542132,52.48921275603001
2016-01-20 00:00:00+00:00,102.03829314,-1.0333116554768096,102.7987993994144,-0.7321165453462687,18.801817046903224,44.106280723646066
2016-01-21 00:00:00+00:00,102.6343112074,0.5841121495263168,102.7165553034072,-0.07400219790997592,36.62165939482602,62.08697189692653
2016-01-22 00:00:00+00:00,103.9455509557,1.2775842044190133,103.3310531295536,0.6017910032545187,63.24234669009114,68.58618091042857
2016-01-25 00:00:00+00:00,102.4927569164,-1.3976490825655108,102.9119050229768,-0.39792903965549603,37.243922809032256,34.4314330493667
2016-01-26 00:00:00+00:00,107.8643697489,5.240968234351873,105.38813738593839,2.4215195973481882,80.86693048105998,77.0227045491571
2016-01-27 00:00:00+00:00,108.4380371388,0.5318414145796702,106.9130872623692,1.4766805059639292,82.78400368789532,45.54428955949884
2016-01-28 00:00:00+00:00,109.7567271129,1.2160769494675483,108.3349071876346,1.3463787277157389,87.20460649242197,49.99815054901392
2016-01-29 00:00:00+00:00,112.498410223,2.497963616644472,110.4166587053173,1.9221711721801054,92.8945411129786,59.34285154692096
2016-02-01 00:00:00+00:00,110.8072089567,-1.5033112583081043,110.61193383100866,0.20942995693600053,65.81471231221424,31.64913638149643
2016-02-02 00:00:00+00:00,110.1664895342,-0.5782290056149386,110.38921168260433,-0.18439952433946905,56.4612931989481,41.17016105434968
2016-02-03 00:00:00+00:00,113.630844551,3.144654088051446,112.01002811680216,1.4801272818559885,79.77426107765423,68.04240997482701
2016-02-04 00:00:00+00:00,114.3162653286,0.6031995804557821,113.16314672270107,1.0416634311558854,82.54760212113196,46.35876075797176
2016-02-05 00:00:00+00:00,114.3386160061,0.01955161624267454,113.75088136440053,0.53060752369928,82.6638742479127,41.773029952722744
2016-02-08 00:00:00+00:00,114.6589757173,0.28018505242612957,114.20492854085026,0.4053962880627048,84.8359465514297,45.39136261574508
2016-02-09 00:00:00+00:00,115.2847946881,0.5458089668819444,114.74486161447513,0.47560262747232457,88.908142039264,50.12898866976514
2016-02-10 00:00:00+00:00,114.4056680387,-0.7625694713500275,114.57526482658756,-0.14348342193885147,56.779193564867825,30.547860721770686
2016-02-11 00:00:00+00:00,113.0698721114,-1.1675959331386765,113.82256846899378,-0.655539677538764,31.135170638316293,25.857771228340845
2016-02-12 00:00:00+00:00,115.5388432354,2.1835800093304103,114.6807058521969,0.7640201658958232,69.42293027259848,74.48197400964627
2016-02-16 00:00:00+00:00,116.7170452611,1.0197453883967977,115.69887555664845,0.8918827771463105,78.12762343436891,55.51550606236088
2016-02-17 00:00:00+00:00,117.5350326547,0.7008294219324585,116.61695410567422,0.7963560995393845,83.12923964862819,50.255402570455
2016-02-18 00:00:00+00:00,117.6551041988,0.10215808970994722,117.13602915223711,0.44925709462466584,83.93796259708033,39.67118771203863
2016-02-19 00:00:00+00:00,117.4074566392,-0.21048603142754807,117.27174289571856,0.11938553159855889,73.09739054555372,34.053132277191395
2016-02-22 00:00:00+00:00,118.3455155769,0.7989773090670838,117.80862923630929,0.45918142033282133,84.48349274648831,60.882610467279946
2016-02-23 00:00:00+00:00,117.1973314372,-0.9701965757662467,117.50298033675465,-0.25550757771671273,47.54121715212011,29.418697877442238
2016-02-24 00:00:00+00:00,117.9853009448,0.6723442402118307,117.74414064077732,0.20841833124755899,63.82484870207118,58.9573931378725
2016-02-25 00:00:00+00:00,119.3135924006,1.1258109655722714,118.52886652068867,0.6671146484099152,79.73254930846957,65.0197924385521
2016-02-26 00:00:00+00:00,118.7732704525,-0.4528586703565596,118.65106848659434,0.1071279890266778,62.864863021766226,36.706526065799935
2016-02-29 00:00:00+00:00,117.7226444423,-0.8845643520611568,118.18685646444717,-0.38871818151723947,38.876731936026076,31.14362512050162
2016-03-01 00:00:00+00:00,119.7638606907,1.7339198062276573,118.97535857757359,0.672600812355209,71.0596123450954,71.05455005264248
2016-03-02 00:00:00+00:00,119.6287802036,-0.11278902193112561,119.3020693905868,0.2799058952120417,67.53013172084187,44.04628618196803
2016-03-03 00:00:00+00:00,119.6062667891,-0.01881939652120801,119.45416808984339,0.13054324934541683,66.70187302195264,45.623873375002084
2016-03-04 00:00:00+00:00,120.1240753227,0.4329275944320088,119.78912170627169,0.2817354218887128,76.60240808478707,54.81129034063602
2016-03-07 00:00:00+00:00,120.4992988978,0.3123633410638149,120.14421030203584,0.29704938147626386,82.31721637909997,51.33876721814959
2016-03-08 00:00:00+00:00,120.2216334522,-0.23042909638462117,120.18292187711792,0.03331014254582135,64.75985173551841,35.955540816227064
2016-03-09 00:00:00+00:00,120.1390842657,-0.06866416977507894,120.16100307140897,-0.017677013614628798,59.13518455777338,43.52093145266923
2016-03-10 00:00:00+00:00,119.9889948357,-0.12492972700546279,120.07499895355448,-0.0713033703100458,47.81014739351215,40.99440472072812
2016-03-11 00:00:00+00:00,121.4823846645,1.2446056664153993,120.77869180902724,0.5866511480526767,86.47336030872341,81.08533887838477
2016-03-14 00:00:00+00:00,121.429853364,-0.04324190757786228,121.10427258651362,0.2717046202374072,83.22040628574989,41.404400052336086
2016-03-15 00:00:00+00:00,121.8801216541,0.3708052654484151,121.4921971203068,0.3212549428429111,88.69040404530297,52.59264459830904
2016-03-16 00:00:00+00:00,122.2403362861,0.29554830362108486,121.8662667032034,0.308401623231998,91.87055560582117,49.99026582390473
2016-03-17 00:00:00+00:00,122.8857208352,0.5279636564394785,122.3759937692017,0.4181826398357382,95.36968378870868,59.31592143617072
2016-03-18 00:00:00+00:00,124.0714273325,0.9648854962490905,123.22371055085085,0.6915340680424144,97.88200142156666,73.33663220194596
2016-03-21 00:00:00+00:00,123.7037082289,-0.29637694310918894,123.46370938987542,0.1975785624666127,78.15536850409335,29.42599778358437
2016-03-22 00:00:00+00:00,123.7562395294,0.04246542100645456,123.60997445963771,0.12002199173653363,79.05969717302328,43.14444998685119
2016-03-23 00:00:00+00:00,123.2759533533,-0.3880904736006552,123.44296390646886,-0.1340342409320608,50.42886535085421,31.4809029818759
2016-03-24 00:00:00+00:00,123.4185383118,0.11566323733176453,123.43075110913443,-0.009185501800148127,57.31286327193398,53.5288826551555
2016-03-28 00:00:00+00:00,124.7843521251,1.1066520734911434,124.10755161711722,0.5487332858454976,85.74890520270108,76.16265153275546
2016-03-29 00:00:00+00:00,123.3660070113,-1.1366369978649815,123.7367793142086,-0.29395185600974194,42.082110790611736,28.699530537154775
2016-03-30 00:00:00+00:00,125.1370622857,1.435610438650059,124.4369207999543,0.5708292913201585,70.3565144219503,65.58604360870424
2016-03-31 00:00:00+00:00,125.0470086276,-0.07196401805757979,124.74196471377715,0.24943263663128934,67.83089012775525,45.08212469378797
2016-04-01 00:00:00+00:00,125.7224110628,0.5401188262019296,125.23218788828858,0.3947757314166095,77.08503283061145,53.86571264486295
2016-04-04 00:00:00+00:00,124.8744057831,-0.6745060586504481,125.05329683569428,-0.1398651636169193,49.99737137018993,36.49236624166897
2016-04-05 00:00:00+00:00,124.4316419645,-0.354567307706799,124.74246940009715,-0.24721623566185916,39.20712665761962,43.67066636570652
2016-04-06 00:00:00+00:00,125.1820891147,0.6030999337082621,124.96227925739858,0.17794184902320148,60.74549741072492,62.63390297137366
2016-04-07 00:00:00+00:00,125.4447456172,0.20981955514365325,125.20351243729928,0.19388070208342736,66.90184660625049,51.87608995987665
2016-04-08 00:00:00+00:00,125.0470086276,-0.31706149798710337,125.12526053244963,-0.061590397951838,49.32920750541221,38.565095823758746
2016-04-11 00:00:00+00:00,125.0169907416,-0.024005281157413183,125.0711256370248,-0.04279783955462559,47.90473934394654,49.39791072269454
2016-04-12 00:00:00+00:00,126.0976346378,0.8643976229067984,125.58438013741241,0.41079989167608644,79.64508526818406,71.91611092284056
2016-04-13 00:00:00+00:00,126.5178850419,0.33327382016887785,126.0511325896562,0.37203685592248215,84.98247211744194,51.40302633954174
2016-04-14 00:00:00+00:00,126.1951927673,-0.2550566463335513,126.12316267847811,0.058490104794465425,65.26987442578681,34.87461708410974
2016-04-15 00:00:00+00:00,126.6604700004,0.3686964795544645,126.39181633943906,0.21359329217446496,76.87252496547953,56.90935936150296
2016-04-18 00:00:00+00:00,127.238314306,0.4562151913680701,126.81506532271953,0.33490424177126754,85.7445415081479,59.773838840378644
2016-04-19 00:00:00+00:00,127.3133590211,0.05897965208774281,127.06421217190976,0.19694194692950517,86.73577620855325,41.14994574244349
2016-04-20 00:00:00+00:00,126.7805415445,-0.4185086943717331,126.92237685820487,-0.11078337372111396,49.832858036565064,26.34812858056541
2016-04-21 00:00:00+00:00,126.5704163424,-0.16573931578155454,126.74639660030243,-0.13826134475133425,39.81269183810279,42.71130582626314
2016-04-22 00:00:00+00:00,126.5704163424,0.0,126.65840647135121,-0.06913067237566713,39.81269183810279,52.98472811660742
2016-04-25 00:00:00+00:00,126.3602911404,-0.16601446694428645,126.5093488058756,-0.11757256965997678,27.41128328720316,41.73874848491678
2016-04-26 00:00:00+00:00,124.7093074101,-1.3065684760614982,125.6093281079878,-0.7120705228607375,5.868174216710808,13.095343232251132
2016-04-27 00:00:00+00:00,125.8950139073,0.9507762666830288,125.75217100764391,0.11935287191114569,49.02566821717216,71.3876855868003
2016-04-28 00:00:00+00:00,125.3246740732,-0.45302813542715814,125.53842254042195,-0.16683763175800623,36.839203559569974,43.911879079178526
2016-04-29 00:00:00+00:00,125.6098439902,0.22754491013752265,125.57413326531098,0.03035363918975821,46.763986192631684,56.17737118131035
2016-05-02 00:00:00+00:00,126.3302732544,0.5735452264841623,125.95220325985548,0.30194943283696024,66.63280362070215,62.44093948237265
2016-05-03 00:00:00+00:00,126.0526078088,-0.21979327555228245,126.00240553432775,0.041078078642338894,54.80714316496575,41.86220110396222
2016-05-04 00:00:00+00:00,125.4447456172,-0.4822289694490278,125.72357557576387,-0.22057544540334445,34.62692672219499,35.97853029303705
2016-05-05 00:00:00+00:00,125.9025183788,0.36491983729387556,125.81304697728194,0.07217219594526555,53.830433000653194,61.904252573584934
2016-05-06 00:00:00+00:00,126.743019187,0.6675806163552789,126.27803308214098,0.36987640615027223,74.47818124889957,68.69742953184911
2016-05-09 00:00:00+00:00,126.4653537414,-0.21907750610732357,126.37169341177048,0.07539945002147433,60.967169084043306,38.51642425669002
2016-05-10 00:00:00+00:00,127.7711317826,1.032518395409765,127.07141259718523,0.5539589227156196,82.87785063359198,68.14709401740745
2016-05-11 00:00:00+00:00,127.4034126791,-0.2877951367963649,127.23741263814262,0.13308189295962736,66.99269789166,38.663218992508114
2016-05-12 00:00:00+00:00,127.6885825961,0.22383224358226705,127.46299761712132,0.1784570682709472,73.01037115518909,50.98864395764759
2016-05-13 00:00:00+00:00,126.3152643114,-1.0755215985473354,126.88913096426066,-0.4485322651381941,31.511082589439614,28.880550123009776
2016-05-16 00:00:00+00:00,127.238314306,0.7307509505141363,127.06372263513033,0.1411093426879711,56.46139127625261,62.6496554829403
2016-05-17 00:00:00+00:00,125.9325362648,-1.0262459451165662,126.49812944996518,-0.4425683012142976,31.84474794279573,37.00940578913796
2016-05-18 00:00:00+00:00,126.0225899228,0.07150944519265234,126.26035968638259,-0.18552942801082262,34.78605903368724,54.4719772362159
2016-05-19 00:00:00+00:00,124.7307866093,-1.0250569475610205,125.4955731478413,-0.6052931877859216,18.036963628385937,38.48556598448521
2016-05-20 00:00:00+00:00,124.6552425558,-0.060565683544211435,125.07540785182064,-0.3329294356650665,17.306028732411853,55.6556026976013
2016-05-23 00:00:00+00:00,125.4862271435,0.6666262650991461,125.28081749766032,0.16684841471703982,50.44260709126412,66.2952517200863
2016-05-24 00:00:00+00:00,127.3899372898,1.5170670037939704,126.33537739373017,0.8419577092555051,79.15125794914901,76.27922924743875
2016-05-25 00:00:00+00:00,128.4173364164,0.8064994366570266,127.37635690506508,0.8242285729562658,85.80712185468698,55.62756205928189
2016-05-26 00:00:00+00:00,127.6014606394,-0.635331490099178,127.48890877223255,0.09444854142854392,62.16657082442785,30.496874557568606
2016-05-27 00:00:00+00:00,127.5863518287,-0.011840625196835042,127.53763030046628,0.04130395811585444,61.69442335207534,46.24812335378285
2016-05-31 00:00:00+00:00,127.1557507242,-0.33749777960430105,127.34669051233314,-0.14809691074422332,46.57304160172209,39.27470969074065
2016-06-01 00:00:00+00:00,127.4352637219,0.21981939165791609,127.39097711711656,0.03586124045684638,56.86682686853718,56.22031271496971
2016-06-02 00:00:00+00:00,126.9442273746,-0.3853221886616742,127.16760224585829,-0.17473047410241394,37.71729726619843,38.65269038231079
2016-06-03 00:00:00+00:00,127.2010771562,0.20233277787580217,127.18433970102915,0.013801151886694119,50.73405333507136,57.84191053797902
2016-06-06 00:00:00+00:00,128.4853260645,1.0096210952073692,127.83483288276457,0.5117111235470316,80.8114093826117,74.36503209261765
2016-06-07 00:00:00+00:00,129.1123417079,0.4880056443840486,128.47358729533227,0.4998583839655401,86.74005015056152,53.89314958477022
2016-06-08 00:00:00+00:00,129.4976163803,0.2984026680204144,128.98560183781615,0.39913052599297727,89.67913170642144,46.85961412801581
2016-06-09 00:00:00+00:00,128.5230980912,-0.7525376268224804,128.7543499645081,-0.17670355041475155,48.71297598323566,22.47370518264289
2016-06-10 00:00:00+00:00,127.3370564524,-0.9228237230621272,128.04570320845406,-0.5497636367384394,26.56191867284935,19.95032535385496
2016-06-13 00:00:00+00:00,126.2567764884,-0.8483626008771616,127.15123984842702,-0.6990631188078005,16.38344482185487,25.441282136019503
2016-06-14 00:00:00+00:00,126.6193879449,0.2872015796580252,126.88531389666352,-0.20593076957488765,29.90709012296037,70.97911968554396
2016-06-15 00:00:00+00:00,126.7629216464,0.1133583914988412,126.82411777153176,-0.04628618903802323,36.04834227120115,62.24858736074581
2016-06-16 00:00:00+00:00,128.3720099843,1.2693682955560837,127.59806387791588,0.6115410532590302,74.14350219841076,83.04746503390082
2016-06-17 00:00:00+00:00,127.6241238554,-0.5825928323405338,127.61109386665794,0.01447411045924818,52.387024825218155,35.73563402275064
2016-06-20 00:00:00+00:00,129.3540826788,1.3555108322311327,128.48258827272898,0.6849924713451905,76.40748353590824,66.07474650168179
2016-06-21 00:00:00+00:00,129.4598443536,0.08176137359545699,128.9712163131645,0.38337692247032373,77.45069637550783,45.08975528109004
2016-06-22 00:00:00+00:00,129.3540826788,-0.08169457898552501,129.16264949598224,0.15084117174239936,72.63316153499925,42.492055183978856
2016-06-23 00:00:00+00:00,131.5297514175,1.6819482567878463,130.34620045674112,0.9163947142651229,90.62572350655955,70.24047591204572
2016-06-24 00:00:00+00:00,127.7601031516,-2.8660042501976735,129.05315180417057,-0.9748047679662752,33.457184836944904,24.50468885123988
2016-06-27 00:00:00+00:00,126.3021029205,-1.1412015137229004,127.67762736233529,-1.0580031408445878,24.493229582727036,44.9104468616419
2016-06-28 00:00:00+00:00,128.1151602027,1.4354925533909713,127.89639378251763,0.18874470627319173,49.65386528346491,65.69095211773443
2016-06-29 00:00:00+00:00,129.5731604338,1.1380387994623042,128.73477710815882,0.663391752867748,64.0885186971104,61.66321712511492
2016-06-30 00:00:00+00:00,132.2927463571,2.0988805970272084,130.5137617326294,1.3811361749474782,80.07340949985279,70.44386661863534
2016-07-01 00:00:00+00:00,132.6100313814,0.23983554128022,131.5618965570147,0.8104858581138491,81.51343636039785,42.31568571679752
2016-07-05 00:00:00+00:00,132.6780210295,0.05127036574212873,132.11995879325735,0.4308781119279889,81.93310413005428,39.8921536161665
2016-07-06 00:00:00+00:00,132.3229639784,-0.2676080396323166,132.22146138582866,0.08163503614783615,69.56297625502695,34.83182722287113
2016-07-07 00:00:00+00:00,132.1038862235,-0.16556291388375444,132.16267380466434,-0.04196393886795914,61.034325533421125,38.57219623289915
2016-07-08 00:00:00+00:00,133.8036274255,1.2866700977473666,132.98315061508217,0.6223530794397037,83.943921628598,72.39473226548515
2016-07-11 00:00:00+00:00,134.475969501,0.502484191524899,133.7295600580411,0.5624186354823013,88.09643493149234,50.06621349336181
2016-07-12 00:00:00+00:00,135.3447261154,0.6460311218604131,134.53714308672056,0.6042248786713572,92.07099666181121,53.96481607734683
2016-07-13 00:00:00+00:00,135.3824981421,0.027908015172894984,134.95982061441026,0.3160664469221261,92.23997793398289,35.87376629542073
2016-07-14 00:00:00+00:00,136.659192645,0.9430277328462022,135.80950662970514,0.6295470898841642,96.27013087487495,63.240279297167675
2016-07-15 00:00:00+00:00,137.0369129121,0.2763957987672372,136.4232097709026,0.4529714443257007,96.96876884598774,43.12859317417376
2016-07-18 00:00:00+00:00,136.8178351572,-0.1598676956773959,136.6205224640513,0.1465518743241524,83.38108623952185,32.86782837946458
2016-07-19 00:00:00+00:00,136.9160424266,0.07177958143189667,136.76828244532567,0.10916572787802453,84.81211217891794,43.56217578516021
2016-07-20 00:00:00+00:00,137.0520217228,0.0993158243475234,136.91015208406282,0.10424077611277396,87.11624604145774,45.1210048201324
2016-07-21 00:00:00+00:00,136.1757107031,-0.6394002866097037,136.5429313935814,-0.2675797552484649,35.319541670078095,21.369613967117914
2016-07-22 00:00:00+00:00,136.3116899992,0.0998557638494546,136.4273106963907,-0.08386199569950514,43.18257787585174,56.07650666320247
2016-07-25 00:00:00+00:00,135.6997831665,-0.4489026823037756,136.06354693144533,-0.2663823390016404,23.71913150777944,37.59797754978456
2016-07-26 00:00:00+00:00,134.211565314,-1.0966987697202057,135.13755612272269,-0.6815405543609231,8.969876200216401,23.743713659128563
2016-07-27 00:00:00+00:00,134.6723840399,0.3433524710198199,134.90497008131135,-0.1690940416705516,29.369365166289864,65.78458321248561
2016-07-28 00:00:00+00:00,134.453306285,-0.1626745946927799,134.67913818315566,-0.16588431818166574,25.322649262812547,50.97242362924657
2016-07-29 00:00:00+00:00,134.740373688,0.21350713562335866,134.70975593557785,0.023811408720846458,41.23700141558685,60.811749471883964
2016-08-01 00:00:00+00:00,134.6874928506,-0.039246467819997743,134.69862439308892,-0.007717529549575643,38.943790580550676,50.58108239706088
2016-08-02 00:00:00+00:00,134.740373688,0.03926187671980941,134.71949904054446,0.015772173585116882,43.64471048582282,54.173162900639
2016-08-03 00:00:00+00:00,134.7554824987,0.011213276530597227,134.73749076962224,0.013492725057857055,45.44487334403665,52.14207925639847
2016-08-04 00:00:00+00:00,134.3248813942,-0.3195425495984172,134.53118608191113,-0.1530249122702801,19.210979959223895,31.350840237695575
2016-08-05 00:00:00+00:00,134.8990162002,0.4274225296466927,134.71510114105558,0.1371988086882063,62.50283896811877,70.79695440673936
2016-08-08 00:00:00+00:00,134.9065706055,0.0056000447688830945,134.8108358732778,0.0713994267285447,62.895267758258335,47.619184728137334
2016-08-09 00:00:00+00:00,134.763036904,-0.10639489304027361,134.78693638863888,-0.017497733155864455,48.44550226642081,42.126637616836845
2016-08-10 00:00:00+00:00,135.0878763338,0.24104490167540238,134.93740636121944,0.11177358425976897,71.03546466570758,62.34018216046687
2016-08-11 00:00:00+00:00,136.7347366984,1.2191030085709764,135.83607152980971,0.6654382964153727,93.31409451355364,84.78282822174697
2016-08-12 00:00:00+00:00,136.1832651084,-0.4033149171277506,136.00966831910486,0.13106168964381104,67.30924879970834,34.147947637338
2016-08-15 00:00:00+00:00,136.4023428633,0.16086980637863846,136.20600559120243,0.14596574801122475,71.96485500725846,49.78967654885342
2016-08-16 00:00:00+00:00,135.4127157635,-0.7255206025249761,135.8093606773512,-0.28977742725687566,36.6238087474319,31.921144411275524
2016-08-17 00:00:00+00:00,136.7196278877,0.9651324964802699,136.26449428252562,0.33767753461169714,67.87505741044339,66.4100591048999
2016-08-18 00:00:00+00:00,136.1951571964,-0.38361038528483826,136.2298257394628,-0.02296642533657056,52.339222387566245,41.345450416811914
2016-08-19 00:00:00+00:00,136.5220012504,0.23998214086913272,136.3759134949314,0.10850785776628108,60.739455420323495,53.513409739522146
2016-08-22 00:00:00+00:00,136.1115459268,-0.30065141137739504,136.2437297108657,-0.09607177680555698,45.5999643365117,42.143850882562944
2016-08-23 00:00:00+00:00,136.6436176426,0.39090858323374,136.44367367673283,0.1474184032140915,63.35855548032736,58.899087917066936
2016-08-24 00:00:00+00:00,136.3699807602,-0.2002558825072276,136.40682721846642,-0.026418739646568046,50.61280409288009,42.95005124388483
2016-08-25 00:00:00+00:00,136.4991981769,0.09475503038107735,136.45301269768322,0.034168145367254654,56.77248389529211,52.56497859850084
2016-08-26 00:00:00+00:00,136.3699807602,-0.0946653302186573,136.41149672894161,-0.030248592425701326,47.825189507239884,45.22420941454587
2016-08-29 00:00:00+00:00,137.198492432,0.6075469595151484,136.8049945804708,0.2886491835447235,79.26059190984952,69.16759330455042
2016-08-30 00:00:00+00:00,136.9324565741,-0.19390581717350086,136.8687255772854,0.04737168318561133,61.43300034562366,39.5619175372808
2016-08-31 00:00:00+00:00,136.2407633435,-0.5051346100883758,136.5547444603927,-0.22888146345138222,32.725821015258006,31.666640185496046
2016-09-01 00:00:00+00:00,136.8032391574,0.4128542736375085,136.67899180889634,0.09198640509306313,57.15004422658298,63.709525565275044
2016-09-02 00:00:00+00:00,137.4341241918,0.4611623513345098,137.05655800034816,0.27657437821378644,73.39859335156893,65.00485499287846
2016-09-06 00:00:00+00:00,137.1680883339,-0.19357336430415595,137.1123231671241,0.04150050695481525,59.199424976665604,37.669855303455854
2016-09-07 00:00:00+00:00,136.6284155936,-0.3934389892394585,136.87036938036204,-0.17596924114232165,37.26399510600912,31.587733920820803
2016-09-08 00:00:00+00:00,136.8944514515,0.19471488177928986,136.88241041593102,0.009372820318484104,50.75615725479492,60.0558385219331
2016-09-09 00:00:00+00:00,133.5043945194,-2.4764019988794517,135.19340246766552,-1.2335145892804837,9.93122288402254,15.660872662228021
2016-09-12 00:00:00+00:00,135.3742465492,1.4005921202303817,135.28382450843276,0.08353876547494898,45.919893602365484,67.67909530595256
2016-09-13 00:00:00+00:00,133.8312385734,-1.1398090959931717,134.5575315409164,-0.5281351652591113,30.724111394845863,42.13583095657856
2016-09-14 00:00:00+00:00,133.4891924704,-0.255580166967051,134.0233620056582,-0.39185766611308115,27.67851273665523,51.66100897377753
2016-09-15 00:00:00+00:00,134.226491848,0.5523288919164537,134.12492692682912,0.08023561290168629,45.23222326674809,60.559139617552106
2016-09-16 00:00:00+00:00,133.0635350977,-0.8664137267454963,133.59423101226457,-0.393089056921905,28.732275694373655,40.78388185768116
2016-09-19 00:00:00+00:00,134.3253051666,0.948246315546597,133.9597680894323,0.277578629312346,55.28065368150759,63.59305735323853
2016-09-20 00:00:00+00:00,134.9941953236,0.4979628791242252,134.47698170651614,0.3877707542182856,65.50012566521238,55.6190734169482
2016-09-21 00:00:00+00:00,136.5067992014,1.1204954955093438,135.4918904539581,0.7541331248638147,80.56526782484333,64.77804157502925
2016-09-22 00:00:00+00:00,136.7044258387,0.14477420791940698,136.09815814632904,0.44945366639161083,82.09735816634164,43.6162170704098
2016-09-23 00:00:00+00:00,134.8345738089,-1.367806505406255,135.46636597761452,-0.459176419507322,38.746800934007965,24.786974462928054
2016-09-26 00:00:00+00:00,133.7400262792,-0.8117706748206,134.60319612840726,-0.635473547163961,26.472841072251903,39.24858690167765
2016-09-27 00:00:00+00:00,134.0060621371,0.19892014776834444,134.30462913275363,-0.21827669969780827,34.08534676127076,60.143154426553224
2016-09-28 00:00:00+00:00,134.9865942991,0.7317073170890032,134.6456117159268,0.25671530869559744,58.079984745891835,68.66499592425896
2016-09-29 00:00:00+00:00,133.2991668576,-1.2500703868126628,133.97238928676342,-0.4966775390585327,29.942849406356384,31.311673065864028
2016-09-30 00:00:00+00:00,133.9528549656,0.49039174318195045,133.9626221261817,-0.003142897938291117,45.33223940325196,59.98651837271864
2016-10-03 00:00:00+00:00,133.0483330487,-0.6752539295503013,133.50547758744085,-0.3391984137442962,31.136040201964477,42.26237422367543
2016-10-04 00:00:00+00:00,130.4943888128,-1.919561243180079,131.99993320012044,-1.1293798284621877,13.384243505259791,28.689179022305293
2016-10-05 00:00:00+00:00,131.0340615532,0.4135601119019672,131.5169973766602,-0.35790985828011024,26.641139350241783,62.532945499879276
2016-10-06 00:00:00+00:00,130.4639847148,-0.4350600383157155,130.9904910457301,-0.39648494829791286,21.441297088223106,49.67131141439152
2016-10-07 00:00:00+00:00,130.2283529549,-0.18061058031847432,130.60942200031505,-0.2885477643081936,19.12672991136154,53.9327748526572
2016-10-10 00:00:00+00:00,130.0839334892,-0.11089709915168555,130.34667774475753,-0.1997224317299396,17.399903286861402,55.48189920067294
2016-10-11 00:00:00+00:00,128.9741839106,-0.8531027228601884,129.66043082767877,-0.526412577295064,8.526709245897708,36.09698493543923
2016-10-12 00:00:00+00:00,129.0045880086,0.02357378591444359,129.33250941813938,-0.2514193956903102,10.404375238793529,60.5303133311269
2016-10-13 00:00:00+00:00,129.2326187439,0.17676172516034594,129.2825640810197,-0.037328835264982124,27.212943351926523,64.12551623937591
2016-10-14 00:00:00+00:00,129.4682505038,0.18233149044744046,129.37540729240985,0.07250132759122917,43.610345507606496,64.30285220508873
2016-10-17 00:00:00+00:00,129.3770382097,-0.07045147651648653,129.3762227510549,0.001024925537371317,38.565676717483726,48.11208261470833
2016-10-18 00:00:00+00:00,129.1794115724,-0.15275248222925697,129.27781716172746,-0.07586377834594282,28.028463249755145,42.84374848501976
2016-10-19 00:00:00+00:00,129.1490074743,-0.023536334257856506,129.21341231801372,-0.049700056301899664,26.366018295436156,54.56153782879253
2016-10-20 00:00:00+00:00,129.1110023518,-0.029427343843535514,129.16220733490687,-0.03956370007271759,23.72727511537563,53.807164625257094
2016-10-21 00:00:00+00:00,128.8373654693,-0.21193924415086052,128.99978640210344,-0.12575147211178905,11.402535345118403,32.758741181339005
2016-10-24 00:00:00+00:00,130.1827468079,1.0442477876657419,129.59126660500172,0.4592481577769764,81.65995896307761,86.6548473119314
2016-10-25 00:00:00+00:00,126.3518304541,-2.942722017882271,127.97154852955086,-1.2417369300526473,18.61393681237944,17.993343034437146
2016-10-26 00:00:00+00:00,126.5646591404,0.16844131623190428,127.26810383497542,-0.5366478069103715,23.533627248764088,57.45334010187302
2016-10-27 00:00:00+00:00,125.9945823021,-0.45042339794681974,126.63134306853772,-0.4935356024285956,18.934835336695286,50.2402130578539
2016-10-28 00:00:00+00:00,126.0021833266,0.006032818523715733,126.31676319756886,-0.24375139195243994,19.25042670738779,56.30891481944836
2016-10-31 00:00:00+00:00,125.6449351745,-0.28352536652004323,125.98084918603443,-0.26363837923624156,15.104764393256653,50.453754977179706
2016-11-01 00:00:00+00:00,124.8468276008,-0.6352087114308014,125.41383839341722,-0.44942354533352147,8.77334170793875,42.41811955871367
2016-11-02 00:00:00+00:00,125.9717792285,0.9010654490132941,125.69280881095861,0.22582095183988632,51.63569330171563,71.82333954098102
2016-11-03 00:00:00+00:00,126.8078919248,0.6637301635498805,126.2503503678793,0.4447755576948834,68.26100075946553,64.22329688712033
2016-11-04 00:00:00+00:00,126.5418560669,-0.20979440148549688,126.39610321738965,0.11749057810469327,58.640284507224536,40.54013456171759
2016-11-07 00:00:00+00:00,129.0197900576,1.9581931763273497,127.70794663749483,1.0378418772160214,86.07011450947644,74.94148034694415
2016-11-08 00:00:00+00:00,130.0003222196,0.7599858607445054,128.8541344285474,0.8989138689802634,90.00473764091575,50.64835876258594
2016-11-09 00:00:00+00:00,129.5138566509,-0.3742033561103364,129.1839955397237,0.2623552564349635,74.37165680069953,34.68441381455391
2016-11-10 00:00:00+00:00,132.4706551858,2.282997828463973,130.82732536276185,1.2726765424494682,90.08029933426722,69.0103240358894
2016-11-11 00:00:00+00:00,133.0787371467,0.45903144364094484,131.95303125473094,0.8658539930452065,91.65768031163319,44.779502118563165
2016-11-14 00:00:00+00:00,131.4293148278,-1.2394334018076547,131.69117304126547,-0.1867897043812241,55.65155736856761,30.044503444566597
2016-11-15 00:00:00+00:00,132.4402510878,0.7691862818614892,132.06571206453273,0.29119828874013254,67.41846223832762,55.82831873252168
2016-11-16 00:00:00+00:00,131.5889363425,-0.6427915518943061,131.82732420351635,-0.1757966315770868,50.49498045880959,40.20361304353833
2016-11-17 00:00:00+00:00,132.170342026,0.4418347770413611,131.99883311475816,0.13301907273213714,60.621318531069065,54.78460697621216
2016-11-18 00:00:00+00:00,132.3156934469,0.10997279622038114,132.15726328082908,0.12149593447625914,63.42674006697558,49.2705846657593
2016-11-21 00:00:00+00:00,131.2140826781,-0.8325624422186206,131.68567297946453,-0.35553325387118073,35.04412789469921,34.484212443943704
2016-11-22 00:00:00+00:00,131.5124355947,0.22737873139115905,131.59905428708225,-0.06407726124001084,45.03609365777201,56.50351325358606
2016-11-23 00:00:00+00:00,131.7725381373,0.19777790702741882,131.68579621219112,0.06685032289370399,54.24091599274375,55.71904651026445
2016-11-25 00:00:00+00:00,132.7211474104,0.7198838897006121,132.20347181129557,0.39336710629715804,76.11939619385603,67.61479669517425
2016-11-28 00:00:00+00:00,131.9637900069,-0.570638077109209,132.0836309090978,-0.08863548540602548,48.4038069375921,33.87462227500245
2016-11-29 00:00:00+00:00,132.170342026,0.1565217390991691,132.12698646754887,0.03394312684657182,55.092851505195746,53.490348486671664
2016-11-30 00:00:00+00:00,131.3823843234,-0.5961683162210352,131.75468539547444,-0.28111259468723165,31.629083441000937,36.622444487373706
2016-12-01 00:00:00+00:00,132.063240979,0.5182252241092256,131.90896318723722,0.11855631471099695,55.9468438514327,62.7262013319516
2016-12-02 00:00:00+00:00,131.9102394834,-0.11585471813789772,131.9096013353186,0.0013507982865496176,49.95744000973169,46.41120268105521
2016-12-05 00:00:00+00:00,131.290583426,-0.4697558429328508,131.6000923806593,-0.23420252232315059,30.2706190873603,38.112115967224874
2016-12-06 00:00:00+00:00,131.4282847721,0.10488288078756014,131.51418857637964,-0.06465982076779522,38.36661336669489,56.88828493638444
2016-12-07 00:00:00+00:00,134.6795665548,2.47380675197717,133.0968775655898,1.2045734656046874,87.94359083102891,85.0101948490252
2016-12-08 00:00:00+00:00,134.5495152835,-0.09656347627692297,133.8231964245449,0.5540049946638822,83.89457795573632,41.233862743911
2016-12-09 00:00:00+00:00,136.5461848019,1.483966340713283,135.18469061322247,1.0189856676885827,92.18296353405734,60.15775393447281
2016-12-12 00:00:00+00:00,137.4259434019,0.644293797938289,136.30531700756126,0.8316397328134358,94.16696166619437,47.87286501131715
2016-12-13 00:00:00+00:00,136.8062873445,-0.45090180359020904,136.55580217603062,0.1903689646116134,74.25538997179338,34.206314665766435
2016-12-14 00:00:00+00:00,135.1003206679,-1.2469943521704496,135.82806142196532,-0.5283126937794181,39.64074442668348,26.08646704850438
2016-12-15 00:00:00+00:00,134.6566163305,-0.3284258210539126,135.24233887623265,-0.42836925741666537,33.540873281917385,47.61055132354377
2016-12-16 00:00:00+00:00,135.7505770244,0.8124076808933012,135.4964579503163,0.1920192117383179,57.64469744905059,66.03609474972042
2016-12-19 00:00:00+00:00,136.293732334,0.4001127078099742,135.89509514215814,0.29606595977414607,66.65232549539311,55.46188060524462
2016-12-20 00:00:00+00:00,136.6685859984,0.2750336776172535,136.2818405702791,0.2855498186956998,72.6693480348321,51.69499087631896
2016-12-21 00:00:00+00:00,136.5002843532,-0.12314581582192341,136.39106246173952,0.08120200143688819,64.79563318769797,39.03511556294543
2016-12-22 00:00:00+00:00,137.0893401115,0.4315417810968114,136.74020128661977,0.2563718912668498,77.56021167216244,59.67213647695161
2016-12-23 00:00:00+00:00,136.7450867462,-0.2511160714757321,136.74264401640988,0.002627909895558833,58.853570891337455,36.72348949606654
2016-12-27 00:00:00+00:00,136.8751380176,0.09510489516992848,136.80889101700495,0.04886640253274366,63.80101484498554,51.04589960987763
2016-12-28 00:00:00+00:00,136.2325317358,-0.46948356809500824,136.52071137640246,-0.2103085827811323,33.735907719546304,32.85524876513586
2016-12-29 00:00:00+00:00,136.4849842036,0.18530997301700047,136.50284779000123,-0.01249930488206591,48.137604278604215,58.55113734505675
2016-12-30 00:00:00+00:00,136.6073854001,0.08968107166822392,136.5551165950506,0.038590883393079006,55.216292007717215,54.02216571126567
2017-01-03 00:00:00+00:00,136.2095815114,-0.2912023296067767,136.3823490532253,-0.12630572310684884,33.15521690356385,36.947735215149144
2017-01-04 00:00:00+00:00,136.4161335306,0.1516427970103873,136.39924129191266,0.012668536951769227,49.019353836495505,59.35312422179517
2017-01-05 00:00:00+00:00,135.9494789688,-0.3420816509913216,136.17436013035632,-0.16470655701977618,27.168402105271817,37.22928429718222
2017-01-06 00:00:00+00:00,136.3472828575,0.292611558144551,136.26082149392818,0.0639525005623874,53.61016361900748,63.47919192156014
2017-01-09 00:00:00+00:00,135.6128756784,-0.5386298602426454,135.9368485861641,-0.237338679840129,26.733186480887206,34.84931333018897
2017-01-10 00:00:00+00:00,135.0850205183,-0.3892367575419442,135.51093455223207,-0.3132877186910366,17.35348368112073,41.91198886875259
2017-01-11 00:00:00+00:00,136.0871803149,0.7418733718622894,135.79905743356602,0.2142928265856264,58.66017682871902,73.96515245961588
2017-01-12 00:00:00+00:00,135.7429269497,-0.2529653156185585,135.770992191633,-0.019336244516466053,46.64712753516131,42.804237901080974
2017-01-13 00:00:00+00:00,135.7046765758,-0.02817853921345259,135.73783438371652,-0.023757391864959322,45.10752835346066,49.95068998079699
2017-01-17 00:00:00+00:00,135.6052256036,-0.07328485260008621,135.67152999365825,-0.048521122232522765,39.96342091596578,48.140215138684255
2017-01-18 00:00:00+00:00,136.5461848019,0.6938959720111493,136.10885739777913,0.32268742488931323,77.07219140623853,73.0557068668011
2017-01-19 00:00:00+00:00,136.6915362228,0.10644854055121833,136.40019681028957,0.21456798272026578,79.94451603741335,47.07728790792331
2017-01-20 00:00:00+00:00,136.5461848019,-0.10633534812505285,136.4731908060948,0.054116317297606464,67.29815951290202,39.454466635205904
2017-01-23 00:00:00+00:00,136.5614849514,0.011205109481582376,136.5173378787474,0.03266071338959442,68.09505684070103,46.6167166678302
2017-01-24 00:00:00+00:00,134.6183659566,-1.4228894739182985,135.5678519176737,-0.695114380264352,12.068853980474831,14.729025851314365
2017-01-25 00:00:00+00:00,135.1997716401,0.43189179973217584,135.38381177888687,-0.1316112902660881,35.78257174243161,63.35663432379368
2017-01-26 00:00:00+00:00,135.2686223131,0.050925140009305814,135.32621704599342,-0.04034307512839114,38.7182486555703,53.888520435730726
2017-01-27 00:00:00+00:00,135.7735272488,0.37326094334821924,135.5498721473967,0.16645893410991405,59.22327639569707,61.23990360519635
2017-01-30 00:00:00+00:00,134.1976118435,-1.1606941627230527,134.87374199544837,-0.4971176143065693,23.075069657449394,28.643087128028245
2017-01-31 00:00:00+00:00,133.7386073565,-0.342036255857725,134.3061746759742,-0.41957693508214716,18.21715244807212,49.96395000775401
2017-02-01 00:00:00+00:00,134.0063599739,0.20020592609153454,134.15626732493712,-0.10968550449530631,30.938945999527625,61.41752177524737
2017-02-02 00:00:00+00:00,133.2490025704,-0.5651652680122909,133.70263494766857,-0.33742538625379864,18.63790921988598,41.368357496132944
2017-02-03 00:00:00+00:00,133.9069090017,0.49374210583859046,133.8047719746843,0.07815835979239591,46.40435197896143,65.04728475976543
2017-02-06 00:00:00+00:00,133.9528094504,0.03427787934333626,133.87879071254213,0.056218119567866084,48.25247873392947,51.50815016481258
2017-02-07 00:00:00+00:00,134.4577143861,0.37692747003337246,134.16825254932107,0.21657279480061928,67.0180695890651,60.66644646193003
2017-02-08 00:00:00+00:00,135.4598741827,0.7453345471292616,134.81406336601054,0.48095367096494046,84.14079180481478,69.84986220753363
2017-02-09 00:00:00+00:00,136.3090324836,0.6268707290800535,135.56154792480527,0.553912200022497,90.4453483141078,62.779993500713545
2017-02-10 00:00:00+00:00,136.9363386158,0.4602087776358399,136.24894327030262,0.5070604888291684,93.36717155199821,51.73066569607329
2017-02-13 00:00:00+00:00,138.481653722,1.128491620135752,137.3652984961513,0.8177760544824602,96.88595575741277,76.55228821001246
2017-02-14 00:00:00+00:00,138.9253580594,0.3204065848973148,138.14532827777566,0.5690913196898875,97.46513890649892,39.608771161769276
2017-02-15 00:00:00+00:00,139.9007425942,0.7020925109892273,139.02303543598782,0.6355919153395574,98.42876112541548,54.996293240483254
2017-02-16 00:00:00+00:00,141.2173648828,0.941111722629695,140.1202001593939,0.7883518189846261,99.11215082769517,63.68731935356445
2017-02-17 00:00:00+00:00,140.8631857876,-0.2508042091664553,140.49169297349695,0.2687738049090854,84.31482786333956,26.052981691817703
2017-02-21 00:00:00+00:00,141.1865667006,0.2295709210266006,140.83912983704846,0.249172362967843,86.97757962314525,45.51653658126627
2017-02-22 00:00:00+00:00,143.2423453618,1.4560724219319532,142.04073759942423,0.8526223924498981,95.02734307486125,72.86742184501995
2017-02-23 00:00:00+00:00,144.1277930997,0.6181466351053766,143.08426534956212,0.7353845137776374,96.44648866238792,48.11506760279948
2017-02-24 00:00:00+00:00,144.2971831017,0.11752764567956042,143.69072422563107,0.4264560797285989,96.71547322723366,36.886119012257275
2017-02-27 00:00:00+00:00,143.9122058244,-0.26679472809159055,143.80146502501555,0.07983067581850417,76.87713004697795,29.07295732186824
2017-02-28 00:00:00+00:00,143.4810312737,-0.2996094377332281,143.64124814935778,-0.10988938095736198,57.174604861818096,28.305079052109118
2017-03-01 00:00:00+00:00,146.1835717608,1.8835524550591565,144.91240995507889,0.8868315370508972,87.43955788558063,80.28081882708868
2017-03-02 00:00:00+00:00,146.2066703975,0.01580111665202555,145.55954017628943,0.4513163268514614,87.55233781471271,41.58918485055136
2017-03-03 00:00:00+00:00,145.7600967557,-0.3054399916131545,145.6598184659947,0.07293816761915345,69.4644621099813,36.98988639019331
2017-03-06 00:00:00+00:00,145.4444153883,-0.21657598645059561,145.55211692714735,-0.07181890941572108,56.98189692127046,39.75442320811732
2017-03-07 00:00:00+00:00,145.5907067537,0.10058231868816936,145.57141184042368,0.014381704636224138,61.75867534514733,51.21357718336752
2017-03-08 00:00:00+00:00,145.9140876667,0.22211645249243794,145.74274975356184,0.11824907856433103,72.04967651815014,56.02173706614256
2017-03-09 00:00:00+00:00,146.214369943,0.20579388947414845,145.97855984828092,0.16202148401923974,79.66993933837031,54.9311016973684
2017-03-10 00:00:00+00:00,147.2230104097,0.6898367561910757,146.60078512899048,0.4259291201051577,91.4351627028404,75.84711087697715
2017-03-13 00:00:00+00:00,147.4616963217,0.16212541187397012,147.03124072534524,0.2940272659895639,92.89472894390828,43.12099257844052
2017-03-14 00:00:00+00:00,146.5454504015,-0.6213450292889111,146.78834556342264,-0.1636588816496736,46.88684658941671,21.99054017118477
2017-03-15 00:00:00+00:00,147.2153108642,0.45710082494183624,147.00182821381134,0.14672097164608133,65.58092101678214,61.22370511604256
2017-03-16 00:00:00+00:00,146.5300513104,-0.4654811716100049,146.7659397621057,-0.1593800999819618,42.58260217010373,37.20985013610027
2017-03-17 00:00:00+00:00,148.1084581476,1.0771898481468423,147.43719895485285,0.45890487408244024,74.038545470221,68.34836981894449
2017-03-20 00:00:00+00:00,148.6089286082,0.3379080890175912,148.02306378152642,0.3984064815500157,79.40484614284097,50.38659088824029
2017-03-21 00:00:00+00:00,147.9313686001,-0.4559349256102463,147.9772161908132,-0.028764222030115305,55.9281488166671,35.40151539897658
2017-03-22 00:00:00+00:00,148.00066451,0.046843283176367656,147.9889403504066,0.009039530573126175,57.84036896519721,49.63230797233263
2017-03-23 00:00:00+00:00,147.9390681456,-0.04161897826873151,147.9640042480033,-0.016289723847802667,54.67720544372228,46.905210280768415
2017-03-24 00:00:00+00:00,147.4539967761,-0.32788591653327703,147.70900051205166,-0.17208782019053986,33.218232542568444,37.02913832448839
2017-03-27 00:00:00+00:00,146.622445857,-0.5639392198793169,147.16572318452583,-0.3680135200349284,16.533067141607393,29.378147047275124
2017-03-28 00:00:00+00:00,147.0536204077,0.2940713123286143,147.10967179611293,-0.03697110385315705,39.98075615588991,66.79030597913278
2017-03-29 00:00:00+00:00,146.8149344957,-0.16231216296360707,146.96230314590645,-0.09964163340838206,32.41861226674723,46.947127509157845
2017-03-30 00:00:00+00:00,147.2769072285,0.3146633102325991,147.1196051872032,0.10751083841210851,56.374603151127275,63.80502693857198
2017-03-31 00:00:00+00:00,147.3154049563,0.02613969054923171,147.2175050717516,0.06682526448067011,58.22560648493452,49.525852509157396
2017-04-03 00:00:00+00:00,146.8457326779,-0.31882088539166853,147.0316188748258,-0.1259978104554992,32.77620521528126,35.34142970049263
2017-04-04 00:00:00+00:00,146.4376567639,-0.27789429529769816,146.7346378193629,-0.20194605287659867,20.88134555336314,38.47719254662772
2017-04-05 00:00:00+00:00,146.4761544916,0.02628949994880614,146.60539615548146,-0.08782827646389627,24.74604203908057,60.06771159699314
2017-04-06 00:00:00+00:00,146.2066703975,-0.18397813284717346,146.40603327649075,-0.13590320465553485,16.356781895697942,44.04188479771489
2017-04-07 00:00:00+00:00,146.2836658529,0.052662067462883044,146.34484956469538,-0.0416205685963259,26.96776709492935,61.41851766186486
2017-04-10 00:00:00+00:00,146.0680785776,-0.14737617767712763,146.2064640711477,-0.09449837313672677,17.59365225490364,44.06716233420592
2017-04-11 00:00:00+00:00,146.3452622173,0.18976332296500864,146.27586314422385,0.04763247491414094,50.66610545385542,67.37094531017745
2017-04-12 00:00:00+00:00,146.0603790321,-0.19466512334166408,146.1681210881619,-0.07351632421376157,31.300047618864323,39.33799033402657
2017-04-13 00:00:00+00:00,145.2519267496,-0.5535055350789797,145.71002391888095,-0.3135109296463706,11.91449517909327,24.856499052698684
2017-04-17 00:00:00+00:00,146.5685490382,0.9064404982866314,146.13928647854047,0.2964647843201304,64.94769520882359,76.8547859029719
2017-04-18 00:00:00+00:00,146.4607554005,-0.0735448623919277,146.30002093952024,0.11145996096410135,60.47621634592316,45.295519470283864
2017-04-19 00:00:00+00:00,146.1604731242,-0.20502575961655056,146.23024703186013,-0.046782899326224606,46.96511724947426,41.8380250465402
2017-04-20 00:00:00+00:00,147.184512682,0.7006268766863055,146.70737985693006,0.32692198868004047,75.25015746493663,67.48315486818566
2017-04-21 00:00:00+00:00,147.4462972306,0.17786147729117463,147.07683854376504,0.2523917329856076,79.45234947957658,48.838184223285076
2017-04-24 00:00:00+00:00,149.548273165,1.4255874673560598,148.31255585438254,0.8389896001708337,93.25184793898632,74.27978891179563
2017-04-25 00:00:00+00:00,150.2412322642,0.46336817171765965,149.27689405929127,0.6511788859442467,94.93420991149301,47.15476083386513
2017-04-26 00:00:00+00:00,150.1411381721,-0.06662225182231252,149.70901611569565,0.2922783170609671,90.06899529266718,36.22533851304956
2017-04-27 00:00:00+00:00,150.9957877279,0.5692307692648058,150.35240192179782,0.4307545431628864,94.00436388496526,54.99670685505715
2017-04-28 00:00:00+00:00,150.7802004525,-0.1427770129511785,150.5663011871489,0.14398876510585396,81.74716484170371,36.80218535583876
2017-05-01 00:00:00+00:00,149.9948468067,-0.5208599295153493,150.28057399692443,-0.18843558220474768,47.73594779565865,29.126938321263488
2017-05-02 00:00:00+00:00,151.3191686409,0.8829115548927291,150.7998713189122,0.3472379863439907,74.5347971602792,67.21117391382523
2017-05-03 00:00:00+00:00,152.1661186511,0.5597109855988824,151.4829949850061,0.4534744859714366,82.9309186499568,56.6905462572629
2017-05-04 00:00:00+00:00,153.613633214,0.9512725800800537,152.54831409950305,0.7023735330257451,90.74974631249908,66.28194445539381
2017-05-05 00:00:00+00:00,153.5289382129,-0.05513508100027931,153.03862615620153,0.3236192260127329,87.24234920564929,35.75432634504019
2017-05-08 00:00:00+00:00,152.9514722969,-0.3761283851251629,152.99504922655075,-0.02625457955621499,62.526991940013524,29.298444888540747
2017-05-09 00:00:00+00:00,152.4202036541,-0.34734457591145684,152.70762644032538,-0.18679957773383593,44.952799697747096,30.974845792139778
2017-05-10 00:00:00+00:00,151.4038636419,-0.6668013739874468,152.0557450411127,-0.42680047586064135,24.883418552436517,22.208432342534962
2017-05-11 00:00:00+00:00,151.4885586429,0.05593978843256853,151.77215184200634,-0.1854303437140364,28.853858228997755,60.31953274296355
2017-05-12 00:00:00+00:00,151.349966823,-0.0914866582279017,151.56105933250316,-0.13845850097096907,25.540264518037723,52.45631013604208
2017-05-15 00:00:00+00:00,152.1661186511,0.5392481050586984,151.86358899180158,0.20039480204386464,63.03673152326919,74.1128609143591
2017-05-16 00:00:00+00:00,152.3817059264,0.14167889488876373,152.1226474591008,0.17103684846631417,69.18525533124715,51.80258038525564
2017-05-17 00:00:00+00:00,150.9226420452,-0.957505937034675,151.5226447521504,-0.3932345442841804,25.73221734065596,23.039548587581887
2017-05-18 00:00:00+00:00,151.2324811789,0.20529665363742122,151.37756296552521,-0.0939689453233796,38.113264876447396,59.08684784911412
2017-05-19 00:00:00+00:00,151.6662559662,0.28682647002720163,151.52190946586262,0.09642876235191102,54.16093473275069,61.00766532235899
2017-05-22 00:00:00+00:00,153.7654160972,1.384065372766763,152.6436627815313,0.740247067559337,84.09631304041146,79.9809520193192
2017-05-23 00:00:00+00:00,153.1612297865,-0.3929273083864704,152.90244628401564,0.1736598795864333,65.60052354219738,36.65389630571871
2017-05-24 00:00:00+00:00,152.9753263062,-0.12137763620672093,152.9388862951078,0.02614112168985619,59.55515002113007,43.65093427929117
2017-05-25 00:00:00+00:00,154.5632518666,1.0380272418713865,153.7510690808539,0.5320841817806213,81.45350656267603,66.99735069532474
2017-05-26 00:00:00+00:00,155.4385474194,0.5663024957287099,154.59480825012696,0.5491933387546657,87.18878452445115,53.475574040583844
2017-05-30 00:00:00+00:00,156.8095855862,0.8820451487498104,155.70219691816348,0.7156192437522381,92.57997093864583,61.31455454151683
2017-05-31 00:00:00+00:00,158.38201919,1.0027662517707592,157.04210805408172,0.8591927477614987,95.69591179887355,64.72339405173878
2017-06-01 00:00:00+00:00,158.2890674499,-0.05868831612033665,157.66558775199087,0.400252215820581,92.26052235951435,29.93450692181304
2017-06-02 00:00:00+00:00,160.1093723606,1.1499877660699154,158.88748005629543,0.7751199909452482,96.2329760730402,63.47096645657032
2017-06-05 00:00:00+00:00,159.7375654001,-0.23222060958592028,159.31252272819773,0.27144969067966396,83.15604966214335,34.854111704514125
2017-06-06 00:00:00+00:00,159.1101411543,-0.3927844049885665,159.2113319412489,-0.06066735715445126,61.87357907162341,32.315354999790685
2017-06-07 00:00:00+00:00,158.8003020205,-0.19473248628416595,159.00581698087444,-0.1276999217193086,52.012925424389046,40.35380796280484
2017-06-08 00:00:00+00:00,159.5206780065,0.4536364080132582,159.26324749368723,0.1629682431469748,69.1559153192473,62.325522038227476
2017-06-09 00:00:00+00:00,160.2875298625,0.4807225405403459,159.77538867809363,0.32184539184366034,80.35952197705981,63.17555068895686
2017-06-12 00:00:00+00:00,160.6438448663,0.22229739525316816,160.2096167721968,0.27207139354841425,84.32727313722488,47.755420952525675
2017-06-13 00:00:00+00:00,161.9761531414,0.82935532090187,161.0928849567984,0.5507133572251421,92.65247992097248,71.91232894497429
2017-06-14 00:00:00+00:00,162.6732911923,0.4303954856190728,161.88308807454922,0.4905544214221075,94.81445327807901,49.396548087526995
2017-06-15 00:00:00+00:00,163.6647764203,0.6094947859805355,162.77393224742463,0.5500246037013214,96.81423335193396,58.20775387661756
2017-06-16 00:00:00+00:00,165.1752421973,0.9229021723776709,163.97458722236232,0.7364633880394962,98.30657736248439,71.31717928975536
2017-06-19 00:00:00+00:00,165.2681939374,0.05627462013282347,164.62139057988117,0.3963690040861598,98.37676711508948,30.99297793563865
2017-06-20 00:00:00+00:00,165.2681939374,0.0,164.94479225864058,0.1981845020430799,98.37676711508948,29.375182770221738
2017-06-21 00:00:00+00:00,164.8808950202,-0.2343457068010979,164.9128436394203,-0.018080602379008992,70.84706599022796,22.152247663726587
2017-06-22 00:00:00+00:00,164.3851524062,-0.3006671051483889,164.64899802281013,-0.15937385376369895,46.08563443966088,20.058521038954577
2017-06-23 00:00:00+00:00,164.9118789336,0.32042220339854044,164.78043847820507,0.08052417481742075,65.37345730739392,65.65617407929764
2017-06-26 00:00:00+00:00,164.6872455616,-0.13621418508635852,164.73384201990254,-0.027845005134468886,53.19870544597107,40.30360670612408
2017-06-27 00:00:00+00:00,162.4951336904,-1.3310756784623456,163.61448785515125,-0.6794603417984073,14.277397829226759,16.021466832011136
2017-06-28 00:00:00+00:00,163.1457958713,0.40041948710889397,163.38014186322562,-0.13952042734475667,35.33978575490496,63.63932979407998
2017-06-29 00:00:00+00:00,161.0001598701,-1.3151647517124054,162.1901508666628,-0.727342589528581,15.952182718126412,34.5355274281698
2017-06-30 00:00:00+00:00,161.2635231338,0.16357950446290737,161.7268370002314,-0.2818815425328368,23.66276279158204,58.86060796017185
2017-07-03 00:00:00+00:00,162.5338635821,0.7877419664495289,162.1303502911657,0.25293021195834603,54.117880147493516,66.6957095701562
2017-07-05 00:00:00+00:00,162.4796417337,-0.03336033931945481,162.30499601243287,0.10978493631944561,52.76998454209429,48.477128935626666
2017-07-06 00:00:00+00:00,161.1318415019,-0.8295194508177284,161.71841875716643,-0.35986725724914137,27.36092096738855,34.69361263988854
2017-07-07 00:00:00+00:00,162.3479601019,0.7547351216647291,162.0331894295332,0.19743393220779387,56.021452389687376,64.67387739579698
2017-07-10 00:00:00+00:00,163.0450981528,0.42940980007537544,162.5391437911666,0.3134218661415846,67.16234832051683,56.66165142341381
2017-07-11 00:00:00+00:00,162.4021819503,-0.3943180198508589,162.4706628707333,-0.04044807685463714,49.73390384768824,38.53161638863144
2017-07-12 00:00:00+00:00,163.6725223986,0.7822188304642097,163.07159263466664,0.3708853768047863,71.58682603800897,63.53158157730414
2017-07-13 00:00:00+00:00,163.5098568534,-0.09938476099478066,163.29072474403333,0.1357503079050028,66.06981141986242,43.60027041332043
2017-07-14 00:00:00+00:00,164.0365833808,0.3221374769303731,163.66365406241667,0.22894389241768795,75.31142689787784,53.95944499602265
2017-07-17 00:00:00+00:00,163.9668695757,-0.04249893753162093,163.81526181905832,0.09322247744303351,71.44796747217468,43.5743619806263
2017-07-18 00:00:00+00:00,163.680268377,-0.17479213907153346,163.74776509802916,-0.040784830814249974,54.27738977104866,39.443103864672054
2017-07-19 00:00:00+00:00,164.2922006661,0.37385831240852596,164.0199828820646,0.16653674079713798,74.16338338563206,61.90898028381418
2017-07-20 00:00:00+00:00,164.5633099081,0.16501650163600612,164.2916463950823,0.16577662121657205,79.9566012237825,51.087485505986834
2017-07-21 00:00:00+00:00,163.5640787018,-0.6072016945077197,163.92786254844117,-0.2207125366455738,35.70057778919112,25.9393282238965
2017-07-24 00:00:00+00:00,162.665545214,-0.5493464671042947,163.2967038812206,-0.38502950187493423,20.440251159320386,29.8216254232011
2017-07-25 00:00:00+00:00,154.4470621915,-5.052380952393998,158.87188303636032,-2.718705227134466,2.977638568616035,4.188400392060926
2017-07-26 00:00:00+00:00,154.1682069711,-0.18055067959418247,156.52004500373016,-1.4496279533643242,2.8535622995403735,59.9938619447337
2017-07-27 00:00:00+00:00,154.9582967621,0.5124855549160534,155.73917088291506,-0.46857119922413537,17.46931323918543,64.41632726445593
2017-07-28 00:00:00+00:00,154.7026794768,-0.16495876028660428,155.22092517985755,-0.3167649797553698,16.280618908002236,55.431613482568295
2017-07-31 00:00:00+00:00,155.8258463366,0.726016422985376,155.52338575822876,0.20462572161500311,42.20176737328124,65.04889730787049
2017-08-01 00:00:00+00:00,157.3827879837,0.9991549436136893,156.4530868709644,0.6018903326143462,64.83853796841919,68.2039544946578
2017-08-02 00:00:00+00:00,159.1101411543,1.0975489713518805,157.7816140126322,0.8497196519831134,78.7129667928631,69.68276649752882
2017-08-03 00:00:00+00:00,160.8220023682,1.075896986503122,159.3018081904161,0.9628083192431177,86.58306525257919,68.62918309273373
2017-08-04 00:00:00+00:00,160.8452403032,0.01444947498339122,160.07352424680806,0.48862889711325447,86.68331456636729,32.49760381878181
2017-08-07 00:00:00+00:00,160.682574758,-0.10113171200676341,160.37804950240402,0.19374859255324553,80.37735595012163,29.924349449275038
2017-08-08 00:00:00+00:00,159.9002309453,-0.4868877747809641,160.139140223852,-0.1465695911138593,52.712744558698716,21.429435567210806
2017-08-09 00:00:00+00:00,159.938960837,0.024221285654824065,160.03905053042598,-0.06117415272951762,53.89120370764674,49.76920835521956
2017-08-10 00:00:00+00:00,159.7453113784,-0.12107710190598642,159.892180954413,-0.09112562731775202,45.40463919929691,43.134792659308054
2017-08-11 00:00:00+00:00,159.5516619199,-0.1212238761995943,159.72192143715648,-0.10617475175867316,36.72879132547587,43.12608177166044
2017-08-14 00:00:00+00:00,160.6283529096,0.6748227982987354,160.17513717337823,0.2843240232700311,75.60481597074973,78.48059152170178
2017-08-15 00:00:00+00:00,160.4811793211,-0.09162366782334841,160.32815824723912,0.09635017772334134,67.14571722363931,41.354060066726746
2017-08-16 00:00:00+00:00,161.0543817185,0.3571773337065931,160.69126998286956,0.2267637557149672,80.13224064348347,58.56914740511345
2017-08-17 00:00:00+00:00,159.0636652842,-1.2360523278276858,159.87746763353476,-0.5046442860563594,26.194055961070095,22.85089125217078
2017-08-18 00:00:00+00:00,157.6538972257,-0.8862916970894363,158.76568242961739,-0.6954679915728978,15.273318429402527,35.75293319929914
2017-08-21 00:00:00+00:00,158.4439870167,0.5011546209155116,158.6048347231587,-0.09715668532869315,37.26202778196435,67.79747206210098
2017-08-22 00:00:00+00:00,159.148871046,0.4448790027138827,158.87685288457936,0.17386115869259477,53.434496634680684,65.80070852972865
2017-08-23 00:00:00+00:00,157.8978955435,-0.7860410785687777,158.38737421403968,-0.30608995993809146,31.68877898665251,33.46415084504846
2017-08-24 00:00:00+00:00,157.4693967891,-0.27137711552460697,157.92838550156984,-0.28873353773134924,26.208671807751987,49.139825028226355
2017-08-25 00:00:00+00:00,157.4771876756,0.004947555943490833,157.7027865885849,-0.1418929908939292,26.555068669429787,57.25099805115087
2017-08-28 00:00:00+00:00,157.7342869282,0.16326126748569258,157.71853675839245,0.01068413829588169,40.40334450116602,62.40376289417832
2017-08-29 00:00:00+00:00,158.0926677046,0.22720537391032192,157.90560223149623,0.1189447561031018,57.255327743315604,64.96247275472389
2017-08-30 00:00:00+00:00,158.6925659607,0.3794598856544873,158.2990840960981,0.24920232087879454,75.002994574015,71.81379222991337
2017-08-31 00:00:00+00:00,159.1833918066,0.30929353428035267,158.74123795134906,0.2792479275795736,83.44093133468532,63.262407118020214
2017-09-01 00:00:00+00:00,158.591284437,-0.371965544194075,158.66626119417452,-0.0463588083072507,51.80031275537101,23.13730860935519
2017-09-05 00:00:00+00:00,156.5812357346,-1.2674395755956525,157.62374846438726,-0.6568991919514515,17.673767299600694,10.280718225894013
2017-09-06 00:00:00+00:00,157.414860584,0.5323912827032151,157.51930452419361,-0.0622539546241182,41.60601115452481,66.46337534307612
2017-09-07 00:00:00+00:00,159.2924642168,1.1927740658246533,158.4058843704968,0.5652600556002676,70.53980283022139,75.05912090167206
2017-09-08 00:00:00+00:00,160.2507432493,0.6015846620313292,159.32831380989842,0.5834223588157984,78.6416525430893,55.84005760514484
2017-09-11 00:00:00+00:00,163.2658163029,1.8814721182974337,161.29706505639922,1.232447238556616,90.70532884448511,75.88872019297158
2017-09-12 00:00:00+00:00,163.3281433944,0.03817522425171305,162.3126042253996,0.6353112314041646,90.86531264031711,38.312540357922586
2017-09-13 00:00:00+00:00,163.2112800978,-0.07155123065214486,162.7619421615998,0.28188000037600985,86.66964096021026,36.69037592803556
2017-09-14 00:00:00+00:00,164.7227120677,0.9260585230348672,163.7423271146499,0.6039692617054385,92.96843262213758,59.865172248295984
2017-09-15 00:00:00+00:00,166.2185622648,0.9081019722922079,164.98044468972495,0.7560356169988232,95.86734585347695,59.27930023964384
2017-09-18 00:00:00+00:00,166.537988609,0.1921724865428187,165.7592166493625,0.47410405177082093,96.34942489297852,37.39347489729125
2017-09-19 00:00:00+00:00,166.3821708801,-0.09356287427357834,166.07069376473123,0.1902705887486213,88.77230623804641,30.62461535486001
2017-09-20 00:00:00+00:00,164.005950515,-1.428170069263246,165.0383221398656,-0.6189497402573123,31.716430850073188,13.501506132875567
2017-09-21 00:00:00+00:00,163.9514143099,-0.03325257707341711,164.4948682248828,-0.3261011586653647,31.029849504783417,53.90664590979164
2017-09-22 00:00:00+00:00,164.200722676,0.15206234551217168,164.3477954504414,-0.08701940657659651,39.94448844841925,57.831878977767914
2017-09-25 00:00:00+00:00,164.1773500167,-0.014234200020013521,164.2625727335707,-0.05062680329830502,39.23140721650942,51.88446002231525
2017-09-26 00:00:00+00:00,164.41107661,0.14236226451227463,164.33682467178534,0.045867730606984805,52.06681543160879,57.98729784446786
2017-09-27 00:00:00+00:00,163.2034892113,-0.7344927261589196,163.77015694154267,-0.3443124977759674,19.74518061417567,28.07654936068013
2017-09-28 00:00:00+00:00,163.2580254164,0.033416077905901176,163.51409117897134,-0.1554482099350331,22.98388644714068,57.12694168136286
2017-09-29 00:00:00+00:00,163.5307064419,0.16702457646693425,163.52239881043567,0.005788183265950569,40.87801813255796,61.21537381036345
2017-10-02 00:00:00+00:00,165.7588999647,1.3625535969855385,164.64064938756783,0.6841708901257445,84.63509121207558,82.98875169223257
2017-10-03 00:00:00+00:00,167.1690504109,0.8507238202596135,165.9048498992339,0.767447355192679,90.97557692633293,60.99805935083342
2017-10-04 00:00:00+00:00,168.6882732673,0.9087943328419668,167.29656158326696,0.8381208440173229,94.58599996443776,62.68100830004392
2017-10-05 00:00:00+00:00,168.5714099706,-0.06927766491201526,167.93398577693347,0.3844215895526538,90.41236574348203,29.98858461797824
2017-10-06 00:00:00+00:00,168.6882732673,0.06932569213271567,168.31112952211674,0.22687364084268474,91.00755691654986,36.97592366621509
2017-10-09 00:00:00+00:00,168.8129274504,0.07389617587849617,168.56202848625838,0.15038490836059046,91.8200431626587,37.285516208147556
2017-10-10 00:00:00+00:00,168.8674636555,0.03230570426309143,168.7147460708792,0.09134530631184094,92.27791329058851,34.942572719911944
2017-10-11 00:00:00+00:00,168.6804823808,-0.110726643636605,168.69761422583957,-0.00969066866238203,71.65159844406396,26.388572864134538
2017-10-12 00:00:00+00:00,169.5218981167,0.49882222532449116,169.1097561712698,0.24456577833105456,88.7003509373034,71.30019849198698
2017-10-13 00:00:00+00:00,169.6231796405,0.05974539273403412,169.36646790588492,0.15215558553254432,89.80715399179445,42.97186635117245
2017-10-16 00:00:00+00:00,170.4022682848,0.45930553002908603,169.88436809534244,0.30573055778081515,95.21506386708903,63.02467342275597
2017-10-17 00:00:00+00:00,169.6465522998,-0.44348939283891387,169.7654601975712,-0.06887941752904936,53.7342015737306,28.755445120367142
2017-10-18 00:00:00+00:00,170.0516783948,0.23880597012315707,169.9085692961856,0.08496327629705386,65.73716076656696,55.924152001285414
2017-10-19 00:00:00+00:00,170.8073943798,0.44440372017116037,170.35798183799278,0.2646834982341071,80.14805597195844,62.404398491481274
2017-10-20 00:00:00+00:00,172.42789876,0.9487319832282681,171.3929402989964,0.6067077407311876,91.56260605821763,75.60271535305287
2017-10-23 00:00:00+00:00,172.6070891482,0.10392192301167391,172.0000147235982,0.35531483187143076,92.29721975906787,40.16930909015359
2017-10-24 00:00:00+00:00,182.8131503887,5.912886481584256,177.4065825561491,3.1341006567278438,99.08718617240119,89.74447773942029
2017-10-25 00:00:00+00:00,185.3529793692,1.3893032175747555,181.37978096267454,2.2617019371512996,99.31318158075081,45.60497040544184
2017-10-26 00:00:00+00:00,181.480908807,-2.0890252616265315,181.43034488483727,0.08633833776238409,63.41146364885953,29.09812666900936
2017-10-27 00:00:00+00:00,182.8832683667,0.7727311753719546,182.15680662576864,0.42953475656716933,69.4175085399286,50.99024294926763
2017-10-30 00:00:00+00:00,179.9850586099,-1.5847320439335122,181.07093261783433,-0.5775986436831715,46.00634628264125,36.908417019695385
2017-10-31 00:00:00+00:00,179.3384150351,-0.35927625314805534,180.20467382646717,-0.4684374484156134,41.34025225141919,48.087111066254
2017-11-01 00:00:00+00:00,179.3306241486,-0.004344237400821793,179.7676489875336,-0.2363908429082176,41.264616569579495,51.79756790110539
2017-11-02 00:00:00+00:00,180.9277558695,0.8906073507983558,180.3477024285168,0.32710825394506915,62.41172887712073,62.055255069592725
2017-11-03 00:00:00+00:00,180.9199649831,-0.004306075849214164,180.6338337058084,0.1614010890479275,62.247740807711395,47.04031875471845
2017-11-06 00:00:00+00:00,179.4319056724,-0.8224959090827766,180.0328696891042,-0.33054741001742455,35.51363033514263,35.32019219715218
2017-11-07 00:00:00+00:00,179.2293426249,-0.11289132038191374,179.63110615700208,-0.22171936519966914,32.65036603447883,51.15287878406887
2017-11-08 00:00:00+00:00,179.0579431231,-0.0956313845097978,179.34452464005102,-0.1586753748547335,29.6193864007926,51.585270559852596
2017-11-09 00:00:00+00:00,177.9360554753,-0.6265500587308237,178.64029005767551,-0.3926127167927786,15.495884297025727,36.62605850972786
2017-11-10 00:00:00+00:00,177.2037121497,-0.41157668896490973,177.92200110368776,-0.4020947028788442,10.563702128462765,46.11650574579554
2017-11-13 00:00:00+00:00,177.8036104058,0.33853594195203396,177.86280575474387,-0.031779380463405116,35.70776266649008,69.79297652551567
2017-11-14 00:00:00+00:00,178.668398801,0.48637279818239953,178.26560227787195,0.2272967088594972,60.01523014088264,73.26575186934242
2017-11-15 00:00:00+00:00,177.1647577174,-0.8415819997775631,177.71517999763597,-0.3071426454590329,30.21811797554105,28.742570279477672
2017-11-16 00:00:00+00:00,178.738516779,0.8883025506180919,178.226848388318,0.2905799525795295,60.78496432422378,67.42422416990776
2017-11-17 00:00:00+00:00,178.6917714603,-0.02615290735449305,178.459309924309,0.13221352261251823,59.62137143751828,47.135338094987766
2017-11-20 00:00:00+00:00,180.3512302727,0.9286710847615565,179.4052700985045,0.5304423036870374,80.00417294184764,64.06933633951517
2017-11-21 00:00:00+00:00,182.3768607479,1.1231586677491023,180.89106542320224,0.8268004857180699,89.60859901698717,67.27241649028593
2017-11-22 00:00:00+00:00,181.3367774078,-0.5702934768340495,181.11392141550112,0.12825350444201017,65.4106040228018,31.082375373370752
2017-11-24 00:00:00+00:00,181.1801690846,-0.08636324381557925,181.14704525005055,0.02094513031321546,61.65046411741459,43.99658047396309
2017-11-27 00:00:00+00:00,183.2317381182,1.132336416267532,182.18939168412527,0.5766407732903738,81.99200308325747,67.2082746869284
2017-11-28 00:00:00+00:00,184.5080959521,0.6965811965810476,183.34874381811264,0.6366109849357107,87.9544810016504,54.98531960180721
2017-11-29 00:00:00+00:00,186.3717349979,1.0100581419927535,184.86023940800632,0.8233345634642321,93.01779312611784,62.37014570691996
2017-11-30 00:00:00+00:00,190.3887384874,2.1553716230335196,187.62448894770316,1.4893530932488759,97.04026760037794,80.1851712829975
2017-12-01 00:00:00+00:00,188.8304856718,-0.8184585012643075,188.22748730975158,0.3354472959922842,72.67746167136131,28.19551324648299
2017-12-04 00:00:00+00:00,187.3505370178,-0.783744557312771,187.7890121637758,-0.22414863066024343,53.53125533463304,29.001542627475935
2017-12-05 00:00:00+00:00,186.5674954019,-0.417955362372735,187.17825378283788,-0.3210519965164892,44.274370968147856,39.700284875680495
2017-12-06 00:00:00+00:00,186.8885424644,0.17208091999540986,187.03339812361895,-0.07448553826053966,49.63104776539464,55.81160546184534
2017-12-07 00:00:00+00:00,188.1649002983,0.6829513554278854,187.59914921095947,0.3042329085836729,67.98390887660334,67.19514485637168
2017-12-08 00:00:00+00:00,186.4656999918,-0.903037869340273,187.03242460137972,-0.29940248037830003,39.351207913788485,30.548289631699202
2017-12-11 00:00:00+00:00,187.3818586824,0.49132826607805047,187.20714164188985,0.09596289284987522,54.76072977755377,59.6029702338861
2017-12-12 00:00:00+00:00,185.2519854872,-1.1366485582844033,186.22956356454492,-0.520342832717264,29.035143347224516,34.399915373177066
2017-12-13 00:00:00+00:00,187.2330807754,1.0694056978606037,186.73132216997246,0.27453143257166984,57.1325635019112,64.72160248318382
2017-12-14 00:00:00+00:00,186.426547911,-0.4307640834941395,186.57893504048621,-0.07811632546123484,46.008382561193926,43.98397980834533
2017-12-15 00:00:00+00:00,186.3639045818,-0.033602150499456584,186.4714198111431,-0.05585923798034571,44.98785752134851,50.30698470426283
2017-12-18 00:00:00+00:00,186.6927820604,0.1764705881956985,186.58210093577156,0.06030567510767639,53.168306254421786,54.391585207550946
2017-12-19 00:00:00+00:00,186.669290812,-0.01258283696923268,186.62569587388577,0.023861419069221856,52.33449107813691,48.959153800127446
2017-12-20 00:00:00+00:00,185.5182196366,-0.616636603906795,186.0719577552429,-0.29638759241878654,24.311452723300988,33.1100507900211
2017-12-21 00:00:00+00:00,183.8425105786,-0.9032584838742141,184.95723416692147,-0.5998230381465004,11.207203119361287,26.909834796666733
2017-12-22 00:00:00+00:00,183.8033584978,-0.021296532927450595,184.38029633236073,-0.3105597855369755,10.999416121508698,60.79544325594348
2017-12-26 00:00:00+00:00,184.3671484613,0.30673539814929374,184.37372239683037,-0.0019121936938408801,36.44969374275989,68.85191998061978
2017-12-27 00:00:00+00:00,184.9544296732,0.3185389679242645,184.66407603501517,0.1583133871152118,56.075469190832436,69.1936143845336
2017-12-28 00:00:00+00:00,184.5785696975,-0.2032176122324314,184.62132286625757,-0.022452112558609794,43.252431067239115,40.05732076963492
2017-12-29 00:00:00+00:00,184.304505132,-0.14848124890617376,184.46291399912877,-0.08546668073239178,34.59882002478058,43.782434900412184
2018-01-02 00:00:00+00:00,184.5159263683,0.11471300506114002,184.4894201837144,0.01462316216437412,46.893598353594136,61.18172109939685
2018-01-03 00:00:00+00:00,184.5080959521,-0.0042437616926127575,184.4987580679072,0.0051897002358806815,46.40890845358563,50.57059509578378
2018-01-04 00:00:00+00:00,186.9198641291,1.307134066152904,185.7093110985036,0.6561618831943924,90.72049312862976,87.22073423765728
2018-01-05 00:00:00+00:00,188.3763215346,0.7791881362026132,187.0428163165518,0.7176750096985027,94.69437376205623,60.24539260909163
2018-01-08 00:00:00+00:00,187.7655490742,-0.32422995386276465,187.4041826953759,0.19672252791786904,74.59900892522091,30.58774887647179
2018-01-09 00:00:00+00:00,188.9322810819,0.6213770382547112,188.16823188863793,0.40904978308629014,84.20406606094669,57.489132076793176
2018-01-10 00:00:00+00:00,188.8226552557,-0.05802387266603537,188.49544357216897,0.17551295521012739,79.94351702989151,40.551515978032185
2018-01-11 00:00:00+00:00,189.7388139463,0.4851953222241079,189.1171287592345,0.3303541387171176,87.7276398673103,56.07313406717444
2018-01-12 00:00:00+00:00,191.4301838366,0.8914200817017326,190.27365629791726,0.6108871102094251,94.08494345061588,66.02382497170382
2018-01-16 00:00:00+00:00,191.6416050729,0.11044299914608757,190.95763068540862,0.36066505467775634,94.60860126010982,39.93553245399189
2018-01-17 00:00:00+00:00,194.2804553184,1.3769714799122923,192.6190430019043,0.8688182672950243,97.97122992193691,69.37358469029213
2018-01-18 00:00:00+00:00,192.5577637635,-0.8867034782663707,192.58840338270215,-0.008942605485673216,60.82346683176501,29.98047306675242
2018-01-19 00:00:00+00:00,194.3352682315,0.9231019478306512,193.46183580710107,0.45707967117248904,75.31179043648126,58.34604220203413
2018-01-22 00:00:00+00:00,193.6461916095,-0.35458135225313603,193.55401370830054,0.05124915945967651,61.98244270692435,40.83004747063512
2018-01-23 00:00:00+00:00,192.8709804098,-0.40032349371643683,193.2124970590503,-0.17453716712838016,47.72767901985116,40.18224568302386
2018-01-24 00:00:00+00:00,193.9515778397,0.5602695789713952,193.58203744937515,0.1928662059215075,64.70158230216519,60.11557400983194
2018-01-25 00:00:00+00:00,197.608382186,1.8854212927941871,195.5952098176876,1.0391437493578473,86.67134410841321,76.39349242800355
2018-01-26 00:00:00+00:00,202.5180531176,2.4845458868130166,199.0566314676438,1.7618448180854318,94.08526025461296,81.51093774237664
2018-01-29 00:00:00+00:00,200.4664840839,-1.0130301976133738,199.7615577757719,0.374407310236029,69.76268687478559,28.123795125309734
2018-01-30 00:00:00+00:00,196.9662880609,-1.7460255458638607,198.36392291833596,-0.6858091178139158,41.985635052313654,23.3219242726484
2018-01-31 00:00:00+00:00,196.1519247804,-0.4134531287141918,197.25792384936798,-0.5496311232640538,36.86323523820004,47.681613823891524
2018-02-01 00:00:00+00:00,194.1473382437,-1.021956087835596,195.702631046534,-0.7857936055498249,25.414596515087243,39.16024959339947
2018-02-02 00:00:00+00:00,191.9783129677,-1.1172057755833742,193.840472007117,-0.9514996905665996,16.897208542561906,37.5832044877874
2018-02-05 00:00:00+00:00,181.2271515815,-5.600195782535522,187.53381179430852,-3.2758477365510608,4.839174376860858,9.779364731643344
2018-02-06 00:00:00+00:00,182.9420127203,0.946249567923485,185.23791225730426,-1.1647990843137879,18.7171277570905,65.57077070322946
2018-02-07 00:00:00+00:00,182.5974744093,-0.18833197791847667,183.9176933333021,-0.6765655311161323,17.92912777797711,56.489428627856725
2018-02-08 00:00:00+00:00,174.5321457657,-4.416999013645295,179.22491954950107,-2.546782272380714,7.234443801883663,31.837921112258467
2018-02-09 00:00:00+00:00,176.3488023145,1.0408721790648112,177.78686093200054,-0.7529550466579513,22.794138941499984,63.053081636519785
2018-02-12 00:00:00+00:00,179.4653079458,1.7672394654214996,178.62608443890025,0.5071422093817741,46.070948712966995,66.14788334151145
2018-02-13 00:00:00+00:00,181.1645082523,0.9468126881732486,179.89529634560012,0.7269774487775114,56.73806535803016,57.92713315311555
2018-02-14 00:00:00+00:00,181.6656548864,0.27662517285231836,180.78047561600005,0.5018013108149149,60.21911490345108,50.27174485027218
2018-02-15 00:00:00+00:00,184.9779209216,1.8232758620616796,182.87919826880002,1.162538586438297,77.87160180902063,65.88066630712979
2018-02-16 00:00:00+00:00,186.3955573063,0.7663814025138826,184.63737778755,0.9644599944760899,82.77785183655459,49.84402486589988
2018-02-20 00:00:00+00:00,185.1354360755,-0.6760468162496314,184.88640693152502,0.14420658911322926,63.8903774231911,33.26658389894983
2018-02-21 00:00:00+00:00,182.8593421024,-1.229421023521271,183.8728745169625,-0.5426072172040208,39.48237890244484,27.92248574880726
2018-02-22 00:00:00+00:00,185.8678815409,1.6452752175030838,184.87037802893124,0.5513340001495315,65.56508026440883,67.99097519359361
2018-02-23 00:00:00+00:00,186.6712088255,0.4322033898165767,185.7707934272156,0.4917686949830541,70.6342803866072,50.29381553932862
2018-02-26 00:00:00+00:00,192.2787483025,3.0039659100519867,189.0247708648578,1.7478673025175204,88.44499879965535,72.80439368652371
2018-02-27 00:00:00+00:00,189.6324937179,-1.3762595231984864,189.32863229137888,0.185803889659517,61.878637488837136,33.75262804303689
2018-02-28 00:00:00+00:00,185.481969414,-2.1887199933542933,187.40530085268944,-1.0014580518473881,36.256779603139336,29.36956571939254
2018-03-01 00:00:00+00:00,182.1977784562,-1.7706254511831276,184.80153965444472,-1.3860417515152579,24.309618540994038,35.804419737430415
2018-03-02 00:00:00+00:00,181.4338299601,-0.4192962738476247,183.11768480727238,-0.9026690126814413,21.802842434846283,55.47221972288442
2018-03-05 00:00:00+00:00,183.355514837,1.0591656899502144,183.23659982213618,0.07824833863438657,43.706077514967795,70.37002287331178
2018-03-06 00:00:00+00:00,184.0249542409,0.3651045917517859,183.6307770315181,0.22167646519308623,50.89355000020976,56.952238951276875
2018-03-07 00:00:00+00:00,185.5292239601,0.817427030700868,184.58000049580906,0.5195517479469771,65.66819422599589,63.715497147310906
2018-03-08 00:00:00+00:00,186.1356573024,0.3268667487287047,185.35782889910453,0.4232092483378409,70.95299344615697,50.74553416617015
2018-03-09 00:00:00+00:00,190.0814119063,2.1198273673536994,187.71962040270228,1.2715183078457701,88.39209248901058,76.72281658650118
2018-03-12 00:00:00+00:00,188.860669464,-0.6422208410897801,188.29014493335114,0.31464873337799504,69.13100640681529,34.57994330764163
2018-03-13 00:00:00+00:00,187.1043754986,-0.9299416180110431,187.69726021597558,-0.30764644231652405,47.01979584617427,31.846601600248743
2018-03-14 00:00:00+00:00,184.5211269755,-1.3806457044182374,186.1091935957378,-0.8441460733673807,27.566806775385693,26.858232206285578
2018-03-15 00:00:00+00:00,185.7654966909,0.6743779077206691,185.9373451433189,-0.0848840828233558,44.23657455203512,64.68803073932021
2018-03-16 00:00:00+00:00,186.8287239794,0.572349175406428,186.38303456135947,0.24373254629153612,56.938035955856435,62.28878161407892
2018-03-19 00:00:00+00:00,182.3710451255,-2.3859708287637393,184.3770398434297,-1.0711191412361016,23.40773146504614,23.83698431972926
2018-03-20 00:00:00+00:00,183.0719875601,0.3843496285924397,183.72451370176486,-0.34338475632183096,32.74886287123721,59.20845340508621
2018-03-21 00:00:00+00:00,184.4029906101,0.7270380726942305,184.06375215593243,0.19182665818619976,50.08740729858773,62.4446952312372
2018-03-22 00:00:00+00:00,175.7632844215,-4.685231058355077,179.9135182887162,-2.2467022000844388,14.268730908694229,21.685962227555418
2018-03-23 00:00:00+00:00,169.6123176638,-3.4995743155033954,174.7629179762581,-2.873138257793917,8.090275166337605,35.51664448578901
2018-03-26 00:00:00+00:00,173.4556874177,2.2659732540877053,174.10930269697906,-0.30358250185310576,34.62290328109203,71.81894248291538
2018-03-27 00:00:00+00:00,170.0139813061,-1.9841990555847344,172.06164200153952,-1.14389077871892,24.948629533378472,44.264200450554775
2018-03-28 00:00:00+00:00,170.5416570715,0.310371983142943,171.30164953651976,-0.41675939778798854,29.480218124980627,57.476364552362625
2018-03-29 00:00:00+00:00,172.8886328638,1.3761891567149798,172.0951412001599,0.4797148794634956,49.73043554966572,63.50412481714362
2018-04-02 00:00:00+00:00,167.454360056,-3.143221574365196,169.77475062807997,-1.33175334745085,24.89834462434206,33.39502703385765
2018-04-03 00:00:00+00:00,170.3762661599,1.744896999351253,170.07550839399,0.20657182595020152,46.460119324799926,62.35334678905533
2018-04-04 00:00:00+00:00,171.3449843561,0.5685757870118158,170.71024637504502,0.38757380648100864,53.149308256550945,53.89491334680039
2018-04-05 00:00:00+00:00,172.2191934599,0.5102040815989861,171.4647199174725,0.44888894403999735,59.926669410817546,53.356169253999774
2018-04-06 00:00:00+00:00,167.1629570214,-2.9359308546972773,169.31383846943623,-1.24352095532864,26.574876523085184,28.302213635693654
2018-04-09 00:00:00+00:00,167.6039994522,0.2638398115579754,168.4589189608181,-0.48984057188533225,31.55868823887731,56.6515567747166
2018-04-10 00:00:00+00:00,170.8881904099,1.9594943846412471,169.67355468535905,0.7348269063779574,61.072014465398205,67.01789573752342
2018-04-11 00:00:00+00:00,168.8011146214,-1.2213107198887574,169.23733465337952,-0.24324190675539997,43.281073004018864,40.061195147084476
2018-04-12 00:00:00+00:00,170.4471479792,0.9751318061446801,169.84224131628974,0.3659449496946401,57.818072549909,57.68914458510389
2018-04-13 00:00:00+00:00,169.7383297868,-0.4158580538329071,169.79028555154486,-0.024956552069133497,49.60574554397712,45.09162633929799
2018-04-16 00:00:00+00:00,171.4552449638,1.0115070527420222,170.62276525767243,0.49327525033644437,66.75992274816024,58.90458323711543
2018-04-17 00:00:00+00:00,173.3375510523,1.0978410656946824,171.9801581549862,0.7955581580155634,78.68932600109444,59.821603202157696
2018-04-18 00:00:00+00:00,172.8886328638,-0.2589849607166461,172.4343955093931,0.26828659864945864,69.73604487487945,39.200543276192725
2018-04-19 00:00:00+00:00,172.3609570984,-0.30521137026729983,172.39767630389656,-0.018462385808920595,58.08373250433734,38.52193632841727
2018-04-20 00:00:00+00:00,171.4946237522,-0.5026273703652162,171.9461500280483,-0.2605448780870684,41.150522305712514,34.67650564226399
2018-04-23 00:00:00+00:00,170.0218570638,-0.8587830079898273,170.98400354592417,-0.5596639430384478,23.60354771017368,27.301369450715487
2018-04-24 00:00:00+00:00,158.4051144675,-6.832499536774783,164.6945590067121,-3.6960817399066155,3.9045843116703227,4.298786214161279
2018-04-25 00:00:00+00:00,156.6015659559,-1.1385670959317529,160.64806248130606,-2.4173244179191844,3.2691928792559226,56.59066634817279
2018-04-26 00:00:00+00:00,155.2233083597,-0.8801046067368978,157.93568542050303,-1.6487145123280411,2.7552434844532945,58.147750513885455
2018-04-27 00:00:00+00:00,154.4593598636,-0.492160941660702,156.19752264205152,-1.0704377269943715,2.4367401531737385,61.2751350324108
2018-04-30 00:00:00+00:00,153.0968537828,-0.8821129920538406,154.64718821242576,-0.976275359524106,1.8611625077432281,55.07051209265145
2018-05-01 00:00:00+00:00,153.5930265174,0.32409074539436755,154.12010736491288,-0.32609230706486925,13.076620356752908,69.43198707793192
2018-05-02 00:00:00+00:00,153.1834871174,-0.2666393190407068,153.65179724115643,-0.29636581305278803,11.455732346819062,56.22862078235998
2018-05-03 00:00:00+00:00,154.1128265251,0.6066838046242751,153.8823118831282,0.15515899578574352,37.72896455767089,69.21191499276199
2018-05-04 00:00:00+00:00,157.0111053559,1.8806214227262918,155.4467086195141,1.0178902092560176,73.92407296006066,81.32948312319085
2018-05-07 00:00:00+00:00,157.7199235482,0.4514446227821267,156.58331608385706,0.7346674160190722,78.50703339653093,48.9255573108268
2018-05-08 00:00:00+00:00,158.8855356867,0.7390392489911246,157.73442588527854,0.7368533325050983,85.00693977598779,54.40856604009093
2018-05-09 00:00:00+00:00,160.208662979,0.8327550312125398,158.97154443213927,0.7848041818588191,90.10314392793505,56.681624916915354
2018-05-10 00:00:00+00:00,161.4766599675,0.7914659325670925,160.22410219981964,0.7881350572129557,93.35162275088639,54.87359838157448
2018-05-11 00:00:00+00:00,161.5790448175,0.06340535531301761,160.90157350865982,0.4257702062629867,93.60582311424957,29.762826791516673
2018-05-14 00:00:00+00:00,162.051590279,0.29245466949858745,161.47658189382992,0.35911243788078706,94.9441296479721,42.23670065032423
2018-05-15 00:00:00+00:00,159.4132114521,-1.6281104198715868,160.44489667296494,-0.6344989909953999,34.48883752268345,13.061399860376968
2018-05-16 00:00:00+00:00,157.6805447598,-1.086902820987723,159.06272071638247,-0.8607009059915613,21.194653988935805,32.7089629674005
2018-05-17 00:00:00+00:00,158.8697841713,0.7542080814799457,158.96625244384126,-0.05324641225580784,43.583613290157984,68.74830870448541
2018-05-18 00:00:00+00:00,157.7596938447,-0.6987422639178953,158.36297314427063,-0.37599433808685156,31.180277800941976,42.073910228322404
2018-05-21 00:00:00+00:00,159.9798744979,1.4073180538658914,159.1714238210853,0.5156618578895199,62.87563092170939,68.580146461185
2018-05-22 00:00:00+00:00,157.7676230613,-1.3828310864370974,158.46952344119265,-0.43358461427378875,37.24049741428951,35.9184274780518
2018-05-23 00:00:00+00:00,157.5297465628,-0.15077649893194822,157.99963500199632,-0.29218055660286846,34.942668916602976,51.28554113687187
2018-05-24 00:00:00+00:00,158.1165085925,0.3724769718118415,158.05807179724815,0.04014820760448651,47.03461032297343,57.741318080468865
2018-05-25 00:00:00+00:00,157.815198361,-0.19056215836167345,157.93663507912407,-0.07520697537859347,41.144128799159155,47.56683007542987
2018-05-29 00:00:00+00:00,155.2064860935,-1.6530171330727095,156.57156058631205,-0.8641120542256515,15.665387921541575,28.2039226194034
2018-05-30 00:00:00+00:00,157.5376757794,1.5019924389600758,157.05461818285602,0.31894019236721216,53.91718210473013,69.01699675384017
2018-05-31 00:00:00+00:00,156.3879393697,-0.7298167908164177,156.721278776278,-0.20543829922460277,40.370755074853115,43.05008688328798
2018-06-01 00:00:00+00:00,158.2592344917,1.1965725295326468,157.49025663398902,0.495567115154022,63.040897602581865,61.704748944951454
2018-06-04 00:00:00+00:00,159.4248293346,0.7365098451560748,158.4575429842945,0.6160384801550484,72.72824078394765,55.22451831058649
2018-06-05 00:00:00+00:00,159.5358383673,0.06963095595793334,158.99669067579725,0.34283471805649085,73.71255467160486,44.95844474759824
2018-06-06 00:00:00+00:00,161.6450099878,1.3220675943947269,160.32085033179862,0.8324511562256088,87.04186711246047,63.87609466519175
2018-06-07 00:00:00+00:00,162.6044451987,0.5935445894509339,161.4626477652493,0.7129978728382713,90.37273429966184,49.1397911119904
2018-06-08 00:00:00+00:00,163.8096861247,0.741210318406238,162.63616694497466,0.7271040956222546,93.51417852713524,52.47340004783199
2018-06-11 00:00:00+00:00,162.6440912818,-0.7115542862420776,162.64012911338733,0.007774904690088513,63.47002037773404,26.67334025119525
2018-06-12 00:00:00+00:00,162.4855069494,-0.0975039001725797,162.56281803139365,-0.044864497741245596,59.56454144847057,44.099363149405804
2018-06-13 00:00:00+00:00,162.4617192996,-0.01463985942291579,162.51226866549683,-0.029752178582080693,58.75114085919898,46.66503861301515
2018-06-14 00:00:00+00:00,161.4626380056,-0.6149641271231077,161.98745333554842,-0.32235815285259417,31.58129532736281,31.135659651166513
2018-06-15 00:00:00+00:00,162.5251530325,0.6580562785448274,162.2563031840242,0.16784906284611661,60.62749906267804,66.54683713027435
2018-06-18 00:00:00+00:00,161.890815703,-0.3903010196662615,162.0735594435121,-0.11122597841007245,43.92719297170827,40.69642566501615
2018-06-19 00:00:00+00:00,158.1006501593,-2.3411862663372585,160.08710480140604,-1.2262061223736656,12.663553460488904,19.525125352470965
2018-06-20 00:00:00+00:00,157.0619227823,-0.657003861750971,158.574513791853,-0.9416049920623183,9.797133770098506,51.916794967837816
2018-06-21 00:00:00+00:00,155.0320433279,-1.292407108254734,156.8032785598765,-1.1170060501585262,5.889452990868328,42.28493327803719
2018-06-22 00:00:00+00:00,155.8091065565,0.5012274958902996,156.30619255818826,-0.3078892771341133,23.4271387988814,67.67673081061409
2018-06-25 00:00:00+00:00,155.2540613932,-0.35623409668852357,155.78012697569415,-0.33206168691131843,19.528102660279163,51.44629136586798
2018-06-26 00:00:00+00:00,155.8725402895,0.398365679293633,155.82633363259708,0.033151996191157274,37.0418092847953,63.12135216845834
2018-06-27 00:00:00+00:00,154.5562903308,-0.8444399226799848,155.19131198169856,-0.40564396324441376,21.85659182542054,39.59838826681523
2018-06-28 00:00:00+00:00,155.3888580757,0.5386825363872472,155.29008502869928,0.0665192865714167,43.739494334548674,62.76346358946529
2018-06-29 00:00:00+00:00,155.9835493221,0.38271163953742526,155.63681717539964,0.22461546305442098,56.72394232351878,58.9398961824361
2018-07-02 00:00:00+00:00,155.0320433279,-0.6100040666693562,155.33443025164982,-0.19269430180746763,36.504250335901354,37.2656774368119
2018-07-03 00:00:00+00:00,155.2778490431,0.15855155484219008,155.3061396473749,-0.017071373482638777,44.21033208727002,56.03906590650065
2018-07-05 00:00:00+00:00,156.4751607525,0.7710769544905682,155.89065019993745,0.37700279050396474,70.43062741499759,67.62217572463032
2018-07-06 00:00:00+00:00,156.5703113519,0.060808756445696055,156.23048077591872,0.2189057734748304,71.99935452977027,46.370621241743855
2018-07-09 00:00:00+00:00,159.0045808538,1.5547452648470905,157.61753081485938,0.8868255191609604,90.77678289448207,73.07116660832172
2018-07-10 00:00:00+00:00,159.7578564326,0.4737445768890236,158.68769362372967,0.680285048024992,92.96622333093708,47.436982076429786
2018-07-11 00:00:00+00:00,156.7447541175,-1.8860432797376592,157.71622387061484,-0.6028791158563336,38.34763150808848,22.076923056526176
2018-07-12 00:00:00+00:00,158.045145643,0.8296236341824859,157.88068475680743,0.11337225916307614,55.335228163095024,59.47507878949798
2018-07-13 00:00:00+00:00,159.519979934,0.9331727874334117,158.7003323454037,0.5232725232982439,69.58997050738517,60.55777546565673
2018-07-16 00:00:00+00:00,159.4644754177,-0.03479471118474908,159.08240388155184,0.24423890605674742,68.35839104298485,44.054217071286246
2018-07-17 00:00:00+00:00,160.2256802131,0.4773507036009761,159.6540420473259,0.3607948048288617,76.80346354755795,54.00283059648736
2018-07-18 00:00:00+00:00,160.3287600291,0.06433414160758044,159.99140103821296,0.21256447321822108,77.9963599622238,44.44274978063712
2018-07-19 00:00:00+00:00,159.853007032,-0.29673590503267455,159.92220403510646,-0.042085715907226734,57.51843985395476,36.069400346591856
2018-07-20 00:00:00+00:00,160.1305296137,0.17361111114064798,160.02636682440323,0.06576269761671062,65.454590567707,53.27198826264301
2018-07-23 00:00:00+00:00,157.6645432453,-1.5399851448371304,158.84545503485162,-0.7371112236102099,18.755090952416076,21.56320167075535
2018-07-24 00:00:00+00:00,159.1235191031,0.9253671293298238,158.9844870689758,0.09412795285980696,50.253265592474335,65.6660316557288
2018-07-25 00:00:00+00:00,162.057329252,1.8437313135333033,160.5209081604879,0.9689296331965551,77.0689342145646,73.87415909429599
2018-07-26 00:00:00+00:00,164.8959888015,1.7516391036445533,162.70844848099395,1.3602843684205541,87.1343061494782,71.30985881058314
2018-07-27 00:00:00+00:00,164.4678111041,-0.2596653202495025,163.58812979254697,0.5503095240855258,79.26248425295918,33.366606941630124
2018-07-30 00:00:00+00:00,162.6440912818,-1.108861247715931,163.11611053717348,-0.2792758618152026,50.25582030122915,24.95666678385773
2018-07-31 00:00:00+00:00,168.3531272472,3.510140405597917,165.73461889218675,1.6154322718913572,81.70098133840226,75.44732944890043
2018-08-01 00:00:00+00:00,164.1744300892,-2.482102486795057,164.95452449069336,-0.4333351074518499,48.2286467690559,32.671408744494194
2018-08-02 00:00:00+00:00,162.9691891631,-0.7341221927465558,163.96185682689668,-0.5837286500992028,40.967255580015525,46.05431877049942
2018-08-03 00:00:00+00:00,164.364731288,0.8563226779654265,164.16329405744835,0.13629701393311183,53.20440069181228,57.56599153853252
2018-08-06 00:00:00+00:00,163.8969075075,-0.2846254040231311,164.03010078247416,-0.07416419504500962,48.18209211726825,46.81586999928995
2018-08-07 00:00:00+00:00,165.3796710152,0.9046927914928116,164.70488589883706,0.415264298223901,64.23350009545291,58.8355550568575
2018-08-08 00:00:00+00:00,164.2457930388,-0.6856211343507668,164.47533946881853,-0.1351784180634329,47.393624696054836,40.48406885345956
2018-08-09 00:00:00+00:00,162.3744979168,-1.139326059668344,163.42491869280929,-0.6372522388658886,28.740832431786703,35.71664335651735
2018-08-10 00:00:00+00:00,160.1384588303,-1.3770876062358828,161.78168876155465,-1.0071699225508857,16.85256921261706,32.69055607444392
2018-08-13 00:00:00+00:00,158.4574649071,-1.0497128144472678,160.11957683432732,-1.0284413684990767,11.49215326437814,42.714731205631274
2018-08-14 00:00:00+00:00,158.9966516372,0.34027221779429073,159.55811423576364,-0.344084575352393,23.239375418380583,70.6000423668071
2018-08-15 00:00:00+00:00,159.686493483,0.43387193296000603,159.62230385938182,0.044893678803806514,38.82227661799906,71.9778532333446
2018-08-16 00:00:00+00:00,161.0820356079,0.8739262128318881,160.3521697336409,0.45940994581784733,62.142955773806115,78.93856728466832
2018-08-17 00:00:00+00:00,162.3665687001,0.7974403150248,161.35936921687045,0.6284251304213236,75.1970122463327,74.13730363061026
2018-08-20 00:00:00+00:00,162.2317720176,-0.08301997361844782,161.79557061723523,0.2727025784014379,71.32560029828616,36.1604148517972
2018-08-21 00:00:00+00:00,163.096056629,0.5327468230490906,162.4458136231176,0.40272470072526423,80.82173624595599,58.475039213796535
2018-08-22 00:00:00+00:00,161.9621786526,-0.6952209635449846,162.20399613785878,-0.1462481314098602,48.93220329656034,28.585901598725407
2018-08-23 00:00:00+00:00,161.8432404033,-0.07343581710832492,162.0236182705794,-0.10984197425909256,46.071958911520035,48.55739177230362
2018-08-24 00:00:00+00:00,163.8707710106,1.2527743526683954,162.94719464058971,0.5714661892046514,78.38270110585674,72.84957107868925
2018-08-27 00:00:00+00:00,166.2974218161,1.4808319937318348,164.62230822834488,1.0261490914682432,89.58519303822821,75.79756203440814
2018-08-28 00:00:00+00:00,167.1754862523,0.5280084481231517,165.89889724032244,0.7770787697956975,91.87149771678563,45.1049954343512
2018-08-29 00:00:00+00:00,167.9976738608,0.4918111063599184,166.94828555056122,0.6344449380778079,93.7871259475459,44.08769135934071
2018-08-30 00:00:00+00:00,167.8060961656,-0.11403592132992468,167.3771908580806,0.2602045083739416,86.6498302647362,28.148671632468716
2018-08-31 00:00:00+00:00,168.3648644432,0.33298449243974737,167.87102765064031,0.2965945004068445,89.98443275483838,48.68234626682799
2018-09-04 00:00:00+00:00,166.5129467232,-1.0999431063746457,167.19198718692016,-0.4016743029839006,40.14004111788633,20.505554498065862
2018-09-05 00:00:00+00:00,169.0912632041,1.5484180249275115,168.14162519551007,0.5733718609718055,72.24581668148959,69.47910207044794
2018-09-06 00:00:00+00:00,169.817661965,0.4295897653938674,168.97964358025504,0.5014808131828364,77.37420332421426,49.9708293315303
2018-09-07 00:00:00+00:00,169.6819610976,-0.07990974898004488,169.33080233892753,0.21078553210139578,73.56509856369458,41.92906400633341
2018-09-10 00:00:00+00:00,169.9693276403,0.16935597681753123,169.65006498961378,0.1900707544594635,77.1398841065784,48.06277906869239
2018-09-11 00:00:00+00:00,169.0513511843,-0.5400835955194805,169.3507080869569,-0.17500642053000848,46.8088648217063,33.1255042565115
2018-09-12 00:00:00+00:00,165.0042723737,-2.393993767129299,167.17749023032843,-1.2845000938296536,13.00168289304569,14.933347298206947
2018-09-13 00:00:00+00:00,166.8721549017,1.1320207053606701,167.02482256601422,-0.07623969423449173,42.00156773321764,66.85862749755744
2018-09-14 00:00:00+00:00,165.9382136377,-0.5596747189788198,166.4815181018571,-0.3179572066066558,33.60115087736916,46.452586704216266
2018-09-17 00:00:00+00:00,167.255310292,0.7937271502606924,166.86841419692854,0.23788497182701832,53.34151985907548,60.80748895024021
2018-09-18 00:00:00+00:00,168.8517910851,0.9545172528829138,167.86010264101427,0.5962011123549661,69.71300823798882,62.59447553015699
2018-09-19 00:00:00+00:00,170.1209933157,0.7516664303313991,168.99054797835714,0.6739337713431826,78.64742518710445,57.62260501712075
2018-09-20 00:00:00+00:00,171.8372101683,1.0088213213140351,170.4138790733286,0.8413775463286088,86.6407187635898,63.18339860631257
2018-09-21 00:00:00+00:00,172.6833449886,0.4924048868526709,171.5486120309643,0.6668912165906399,89.53725944465447,45.28384091105022
2018-09-24 00:00:00+00:00,170.4323070703,-1.303563999439905,170.99045955063215,-0.3183363914246326,48.00336144864066,18.275482669872655
2018-09-25 00:00:00+00:00,168.1413571322,-1.3441993349036951,169.56590834141608,-0.8312678631641639,28.102606703381902,17.91289174455424
2018-09-26 00:00:00+00:00,168.4846005027,0.204139764513811,169.02525442205803,-0.31356404932517645,34.23035880996081,61.533147969808844
2018-09-27 00:00:00+00:00,167.718289722,-0.4548254133692864,168.37177207202902,-0.3841947313472314,26.629739269783418,45.94648374037363
2018-09-28 00:00:00+00:00,168.1972339599,0.28556470417975266,168.2845030159645,-0.04931501358373938,39.27135078183742,62.118407389561874
2018-10-01 00:00:00+00:00,169.3786297469,0.7023871672477533,168.83156638143225,0.32653607683200697,62.913932077950165,69.75883984982683
2018-10-02 00:00:00+00:00,172.1884359428,1.6588906168969686,170.5100011621161,0.9927133468644878,84.47572361637889,82.15071821162435
2018-10-03 00:00:00+00:00,172.2283479626,0.023179268445905343,171.36917456235807,0.5079463076551965,84.66568141804673,40.05174416310408
2018-10-04 00:00:00+00:00,170.6957264012,-0.8898776418228227,171.03245048177905,-0.19096566708381307,49.6630052972043,28.026159953522036
2018-10-05 00:00:00+00:00,170.1768701434,-0.3039655817630105,170.60466031258954,-0.24746562442341177,41.0458079803242,44.16340879894228
2018-10-08 00:00:00+00:00,171.1187938114,0.5534968807489937,170.86172706199477,0.15301562816279096,59.962935107104094,62.58066203996998
2018-10-09 00:00:00+00:00,167.9657442449,-1.842608574003357,169.4137356534474,-0.844796472920283,22.963831915156693,26.266001192364563
2018-10-10 00:00:00+00:00,161.3642961654,-3.9302347685102212,165.38901590942368,-2.387515620715252,7.816687839814591,14.937717003507627
2018-10-11 00:00:00+00:00,157.037833216,-2.681177343571295,161.21342456271185,-2.5343464821432735,4.741862765808994,38.67490748221043
2018-10-12 00:00:00+00:00,158.2351938108,0.7624663243748886,159.72430918675593,-0.8859400788841925,18.113727613590424,71.53014444971038
2018-10-15 00:00:00+00:00,158.8019444924,0.3581698027795621,159.26312683957798,-0.26388513805231517,25.535342875230985,65.36316472141179
2018-10-16 00:00:00+00:00,161.5079794367,1.7040313662088025,160.385553138139,0.7200731140782437,54.845616002844956,75.7869349897703
2018-10-17 00:00:00+00:00,161.9869236747,0.2965452479007036,161.18623840641948,0.5083091809894736,59.11777143046589,51.482662904613576
2018-10-18 00:00:00+00:00,159.9514106634,-1.2565909427279975,160.56882453490974,-0.37414088086926195,36.8759442656097,33.630837357450915
2018-10-19 00:00:00+00:00,159.5283432533,-0.26449745478662745,160.04858389410487,-0.31931916782794467,33.004663538323946,50.182392830361785
2018-10-22 00:00:00+00:00,160.7336862521,0.7555666749990309,160.39113507310242,0.2181237535855431,53.753136403640326,64.0208922698031
2018-10-23 00:00:00+00:00,153.7011883584,-4.375248311464719,157.04616171575123,-2.078562278939588,14.487193136788003,20.679711140256174
2018-10-24 00:00:00+00:00,147.3072827819,-4.159958452364543,152.17672224882563,-3.1192603656520657,7.257272564306997,23.921390559734963
2018-10-25 00:00:00+00:00,147.6664909603,0.2438495718720457,149.9216066045628,-1.43770539689001,11.000184749721154,66.24661085143947
2018-10-26 00:00:00+00:00,147.6345613445,-0.021622790378739154,148.7780839745314,-0.7296640936343746,10.9413088189093,63.073635348987196
2018-10-29 00:00:00+00:00,148.3050832776,0.4541768045324801,148.5415836260657,-0.13774364455094723,23.79003626168723,67.28605805903786
2018-10-30 00:00:00+00:00,151.5140096718,2.1637332472235427,150.02779664893285,1.0129948013362977,62.562731368327334,79.74139646876058
2018-10-31 00:00:00+00:00,151.8732178502,0.2370791844121145,150.95050724956644,0.6250369928742061,65.50915875048123,48.51550844512024
2018-11-01 00:00:00+00:00,153.4377690275,1.030169242112966,152.19413813853322,0.8276031174935861,77.2216390510652,58.54014733684674
2018-11-02 00:00:00+00:00,153.9087308615,0.3069399646416837,153.05143450001663,0.5672715410676349,80.24995011079457,46.227812792973324
2018-11-05 00:00:00+00:00,154.2599566359,0.22820393127409577,153.65569556795833,0.39773773617086533,82.80690978001803,44.692796743422605
2018-11-06 00:00:00+00:00,155.8963494489,1.0608020698867238,154.77602250842915,0.7292699030287946,90.9737640563264,63.773348551826096
2018-11-07 00:00:00+00:00,160.6778094243,3.0670762928719286,157.72691596636457,1.8981730979503615,97.07123441285087,83.87754094739293
2018-11-08 00:00:00+00:00,162.8969177268,1.3810919569111402,160.31191684658228,1.6396325274307508,98.00801563087637,49.35306620022583
2018-11-09 00:00:00+00:00,160.526143749,-1.4553829568317078,160.41903029779115,0.0921247852995215,64.79552285643831,24.20788105558364
2018-11-12 00:00:00+00:00,157.2852877389,-2.018896071637677,158.85215901834556,-0.9633856431690777,38.23048180219433,21.0168906221739
2018-11-13 00:00:00+00:00,158.3469474664,0.6749898498214169,158.5995532423728,-0.14419789667383043,48.58782438895697,59.396412683171356
2018-11-14 00:00:00+00:00,158.0994929434,-0.15627363012633566,158.3495230928864,-0.15023576340008304,45.897149921420855,48.49027980256687
2018-11-15 00:00:00+00:00,163.5674396599,3.4585479147978937,160.9584813763932,1.6541560756989053,80.91945186008107,76.56204448300197
2018-11-16 00:00:00+00:00,166.8322428818,1.9959982431029033,163.8953621290966,1.8250771594009043,87.92187202914153,57.53314537942464
2018-11-19 00:00:00+00:00,164.1022607256,-1.636363636335092,163.9988114273483,0.09435676153290617,60.20763422307007,29.873189644822965
2018-11-20 00:00:00+00:00,160.055181915,-2.466193209469081,162.02699667117415,-1.1859182239680872,35.39674088487416,25.64773504996809
2018-11-21 00:00:00+00:00,159.6879913326,-0.22941499175889168,160.85749400188706,-0.7076666078634894,33.51700359680329,52.69899459325356
2018-11-23 00:00:00+00:00,158.1689903581,-0.951230560184213,159.51324217999354,-0.8294485840238512,25.209710754163858,44.807819530883705
2018-11-26 00:00:00+00:00,160.6283252692,1.554878048808428,160.07078372459677,0.36271473239228835,53.31235491395429,68.99033034774438
2018-11-27 00:00:00+00:00,161.2953997712,0.41529070348087505,160.6830917478984,0.3890027179365817,59.50345554476564,53.11620330214177
2018-11-28 00:00:00+00:00,164.2289201716,1.8187253973524609,162.4560059597492,1.1038640576445213,78.3986837324073,67.10018693809766
2018-11-29 00:00:00+00:00,164.4057350999,0.10766369779162677,163.4308705298246,0.605763877718074,79.27304469742043,43.41726384750042
2018-11-30 00:00:00+00:00,167.1061812767,1.6425498630927349,165.2685259032623,1.1241568704054044,89.24557775523878,61.63653959478421
2018-12-03 00:00:00+00:00,167.7812928209,0.40400153904667224,166.52490936208113,0.7640792047260383,90.88937873375671,44.35112363843041
2018-12-04 00:00:00+00:00,162.5089931423,-3.1423644376301074,164.51695125219055,-1.1891426164520347,32.57082610591157,20.118535402825923
2018-12-06 00:00:00+00:00,162.8947711676,0.23738872405798528,163.70586120989526,-0.4758769461970247,37.00705715373525,55.14963853047178
2018-12-07 00:00:00+00:00,159.3263244339,-2.190645352286036,161.51609282189764,-1.3332611492415303,19.346557038677993,37.45121012440469
2018-12-10 00:00:00+00:00,159.3906207714,0.04035512507329919,160.45335679664882,-0.6464530120841155,20.373565430882387,56.63295187705439
2018-12-11 00:00:00+00:00,158.6994351428,-0.43364259782342485,159.57639596972442,-0.5400478049537702,16.902904795757927,51.59087066791249
2018-12-12 00:00:00+00:00,160.5881400582,1.1901144535898966,160.08226801396222,0.3250333243180632,51.06874644161073,66.78584328146793
2018-12-13 00:00:00+00:00,162.452733847,1.1611030479113937,161.2675009304811,0.7430681861147285,69.58638775099568,66.22871149567344
2018-12-14 00:00:00+00:00,157.6063974046,-2.9832286152625453,159.43694916754055,-1.1200802145739084,28.110778089375987,23.75902243540396
2018-12-17 00:00:00+00:00,154.9702475653,-1.6726160122374822,157.2035983664203,-1.3963481134056952,18.913088747579792,41.54147703901066
2018-12-18 00:00:00+00:00,156.3686929069,0.9023960170230216,156.78614563666014,-0.24697604819133678,35.66363741775124,65.35553131570084
2018-12-19 00:00:00+00:00,152.6716534981,-2.3643092105407493,154.72889956738007,-1.305642629366043,19.60426262650445,36.81610328095936
2018-12-20 00:00:00+00:00,150.5980966123,-1.358180669619724,152.66349808984003,-1.3319116494928835,14.21793599310226,47.42310482194842
2018-12-21 00:00:00+00:00,147.6806502962,-1.937239833522375,150.17207419302002,-1.6345757415076294,8.999512377417538,41.42022790375302
2018-12-24 00:00:00+00:00,143.5576476512,-2.7918367346911,146.86486092211,-2.2132062380993647,5.061464609336792,32.35399286410164
2018-12-26 00:00:00+00:00,149.6979478867,4.277236591685463,148.281404404405,1.032015176793049,51.99130923029381,81.7953154379057
2018-12-27 00:00:00+00:00,153.2663946204,2.3837646300941984,150.77389951240252,1.7078899034436237,66.44886033605533,63.22813573907515
2018-12-28 00:00:00+00:00,152.1974680087,-0.6974305191607355,151.48568376055127,0.5052296921414441,58.529186574412954,40.685364419042166
2018-12-31 00:00:00+00:00,153.1378019453,0.6178380947482243,152.31174285292565,0.5615338934448342,64.16495555550956,51.70951229853475
2019-01-02 00:00:00+00:00,153.4673206752,0.21517791539003017,152.88953176406284,0.3883559044174322,66.55410185890305,47.6432099869189
2019-01-03 00:00:00+00:00,147.6886873384,-3.765383608299233,150.28910955123143,-1.6885138519409004,24.168413759238074,21.995189638084067
2019-01-04 00:00:00+00:00,153.7646912363,4.11406181976417,152.02690039376571,1.2127739839116347,62.168393230057575,69.98009823968468
2019-01-07 00:00:00+00:00,153.4110613799,-0.22998118329815576,152.71898088683287,0.4913964003067395,59.56266290596408,46.38396356293461
2019-01-08 00:00:00+00:00,154.0540247553,0.419111483628809,153.38650282106641,0.45525394196777424,63.71090874785096,50.15121608576582
2019-01-09 00:00:00+00:00,154.5523213713,0.3234557596216714,153.9694120961832,0.3893548507947228,67.57744538940571,49.38418417912422
2019-01-10 00:00:00+00:00,155.5971368563,0.6760270410238078,154.78327447624162,0.5326909459092654,75.71546526869578,53.330504196468475
2019-01-11 00:00:00+00:00,154.4799879915,-0.7179752065950562,154.6316312338708,-0.09264213034289542,53.983633462224084,36.46790087034617
2019-01-14 00:00:00+00:00,154.4478398227,-0.02081057178860979,154.5397355282854,-0.056726351065752606,53.32299669768154,48.64842181851442
2019-01-15 00:00:00+00:00,151.8518751944,-1.680803455250679,153.1958053613427,-0.8687649031582158,21.481336175609535,28.87567676709954
2019-01-16 00:00:00+00:00,152.2858754728,0.28580501745163467,152.74084041707135,-0.29147994285329054,31.70798992007903,58.70321423935906
2019-01-17 00:00:00+00:00,154.0781358819,1.176905214311974,153.4094881494857,0.4427126357293417,62.202672118264765,67.86331451987517
2019-01-18 00:00:00+00:00,157.413508392,2.164727974549585,155.41149827074287,1.3037203051394635,83.17493857916672,76.52253688477673
2019-01-22 00:00:00+00:00,154.5201732025,-1.8380475850235611,154.96583573662144,-0.26716363994204884,48.30169686297918,29.0103820269031
2019-01-23 00:00:00+00:00,154.5442843291,0.0156038697733063,154.75506003286074,-0.12577988508437127,48.571232356091635,50.401793336020894
2019-01-24 00:00:00+00:00,154.7291362995,0.11961100418722559,154.74209816618037,-0.0030844404485728394,51.48031137789992,51.6285543890723
2019-01-25 00:00:00+00:00,157.4456565607,1.7556617494081994,156.09387736344019,0.8762886544798133,78.4058841674015,69.4548516071043
2019-01-28 00:00:00+00:00,155.2756551686,-1.3782542113274565,155.6847662660201,-0.2509827784238216,47.092196468124826,33.73400207044047
2019-01-29 00:00:00+00:00,158.289545991,1.9409937888379858,156.98715612851004,0.8450055052070821,71.12082864904178,63.53153430898497
2019-01-30 00:00:00+00:00,160.1541397798,1.1779639502573325,158.57064795415502,1.0114847277322072,79.68345714925047,55.0030916240093
2019-01-31 00:00:00+00:00,160.9819551257,0.5168866362356805,159.77630153992752,0.7641856819839439,83.03353074439455,46.83288091900877
2019-02-01 00:00:00+00:00,160.0657323156,-0.5691462806403313,159.92101692776376,0.09751970067180626,65.18794796312929,34.283690370200596
2019-02-04 00:00:00+00:00,160.9096217459,0.5272143000827345,160.41531933683189,0.3123670003772704,73.158094123666,53.25202881303754
2019-02-05 00:00:00+00:00,161.6409925855,0.45452275113473384,161.02815596116594,0.3834448757560021,79.31470530294938,51.76601573114455
2019-02-06 00:00:00+00:00,162.8063637035,0.7209626093972465,161.91725983233297,0.5522037425766243,86.63921133483787,58.18190998553628
2019-02-07 00:00:00+00:00,160.6122511848,-1.347682282675322,161.26475550856648,-0.3977392700493489,43.31947937201045,22.824407431853334
2019-02-08 00:00:00+00:00,160.5961771004,-0.010008006413830817,160.93046630448325,-0.20387363823158985,43.08276021892765,51.445192134198926
2019-02-11 00:00:00+00:00,161.4722146994,0.5454909418250553,161.20134050194162,0.1708086517967327,60.65780715899565,60.55684787992415
2019-02-12 00:00:00+00:00,166.0211805807,2.817181822747905,163.6112605413208,1.4939952372723189,88.44611113717868,81.66393845453781
2019-02-13 00:00:00+00:00,168.5528488715,1.5249068112543673,166.08205470641042,1.5094510242633432,92.73176952445945,56.06404495544593
2019-02-14 00:00:00+00:00,165.8604397368,-1.5973679191578771,165.9712472216052,-0.04395844744726696,58.258913889079885,26.246024957632073
2019-02-15 00:00:00+00:00,169.0411918383,1.9177280046691392,167.5062195299526,0.9368847786109361,74.83600513271175,61.14440479398717
2019-02-19 00:00:00+00:00,168.6769835824,-0.2154553289285821,168.0916015561763,0.360714724841177,70.05731063782325,42.73659819409064
2019-02-20 00:00:00+00:00,168.774105784,0.05757881101340345,168.43285367008815,0.20914676792729023,70.80306520535618,45.865551411667646
2019-02-21 00:00:00+00:00,168.1589985074,-0.3644559535615044,168.29592608874407,-0.07765459281710708,57.255886352077496,40.70820387371749
2019-02-22 00:00:00+00:00,169.4377741614,0.7604562737353104,168.86685012507203,0.3414008404591017,73.22915136701577,59.09709677031584
2019-02-25 00:00:00+00:00,170.4332767275,0.58753283972659,169.650063426286,0.46446684009284583,81.36217317686557,55.15292348033148
2019-02-26 00:00:00+00:00,169.4620547118,-0.569854687035587,169.556059069043,-0.05269392347137056,56.322082529778655,33.02474944985732
2019-02-27 00:00:00+00:00,169.1787816239,-0.16716018720636105,169.36742034647148,-0.1099270553388658,49.63848985221849,44.62083924377186
2019-02-28 00:00:00+00:00,167.8514448691,-0.784576376575874,168.60943260778572,-0.4472517159573699,27.06478296726684,31.913277982383867
2019-03-01 00:00:00+00:00,167.932380037,0.04821833256372088,168.27090632239288,-0.1995166916968245,29.977313588092088,56.803335291279225
2019-03-04 00:00:00+00:00,167.4224884788,-0.30362909052301656,167.84669740059644,-0.25157289110992054,21.76420126017056,46.11892968171797
2019-03-05 00:00:00+00:00,164.9782464058,-1.4599245867197186,166.41247190319822,-0.8557487389148195,7.327941390072989,23.930302397289463
2019-03-06 00:00:00+00:00,164.1365206589,-0.5102040815912146,165.2744962810491,-0.682976410253017,5.45788727241359,52.23994036931416
2019-03-07 00:00:00+00:00,161.7570267203,-1.4497041420446277,163.51576150067456,-1.0663402761488223,2.6213062252659878,33.65490887607257
2019-03-08 00:00:00+00:00,162.5906589505,0.5153607525449022,163.0532102255873,-0.27548976180196005,23.511706457738516,68.64856792373664
2019-03-11 00:00:00+00:00,167.6167328819,3.09124396434739,165.33497155374363,1.407877101272715,73.98462985277669,84.60978093076828
2019-03-12 00:00:00+00:00,166.5645756982,-0.6277160791824499,165.94977362597183,0.3900805110451325,61.28573570643243,40.24166173787996
2019-03-13 00:00:00+00:00,167.2606181428,0.4178814382844287,166.60519588438592,0.4039809746647806,66.91998937432042,51.06383882971365
2019-03-14 00:00:00+00:00,167.8433513523,0.3483983354662046,167.22427361834298,0.3761896550654926,72.03160545111928,50.1583864779639
2019-03-15 00:00:00+00:00,168.4098975281,0.33754460408195186,167.8170855732215,0.35686712957372224,77.17509989518514,49.950853947323054
2019-03-18 00:00:00+00:00,168.7417317168,0.19703960014856303,168.27940864501073,0.27695336486114264,80.35000190565822,46.23611783563473
2019-03-19 00:00:00+00:00,169.1706881071,0.2542088349667626,168.72504837605538,0.2655810999139526,84.52408467958652,48.570434409090645
2019-03-20 00:00:00+00:00,168.5879548976,-0.3444646445671884,168.6565016368277,-0.039441772326617885,58.98981402785174,28.87649734876137
2019-03-21 00:00:00+00:00,169.6482055982,0.6289006241543049,169.15235361751385,0.29472942591384355,77.52209487372525,64.23917622889799
2019-03-22 00:00:00+00:00,165.6419147833,-2.3615285530273367,167.39713420040692,-1.0333995635567466,21.76785380094349,19.517904523123068
2019-03-25 00:00:00+00:00,164.4683548476,-0.7084921333077365,165.93274452400345,-0.8709458484322415,16.540745024558248,48.97273951855898
2019-03-26 00:00:00+00:00,167.7300421171,1.9831701195785367,166.83139332055174,0.5561121355731475,58.29315589321809,73.0569811247481
2019-03-27 00:00:00+00:00,167.6652939827,-0.03860258638389569,167.24834365162587,0.2587547745946259,57.43753952986566,47.694106924091315
2019-03-28 00:00:00+00:00,168.774105784,0.6613245800376477,168.01122471781292,0.4600396773161368,69.09126111974192,55.68350296414564
2019-03-29 00:00:00+00:00,168.1670920242,-0.3596604804867787,168.08915837100648,0.05018959841467907,56.40848553961214,41.73514579839186
2019-04-01 00:00:00+00:00,171.533995012,2.002117624365818,169.81157669150323,1.0261536113902485,82.75150904586576,68.82858015969914
2019-04-02 00:00:00+00:00,171.6877718312,0.08964801361341923,170.74967426135163,0.5579008125018339,83.43723112441029,43.985200313544304
2019-04-03 00:00:00+00:00,172.497123511,0.4714090416385375,171.62339888617583,0.5146549270701857,87.39380102866322,49.448604436679396
2019-04-04 00:00:00+00:00,174.0348917026,0.8914746868239343,172.8291452943879,0.70306480694706,92.49996006706431,56.45807194237668
2019-04-05 00:00:00+00:00,174.3424453409,0.17671952749886977,173.58579531764394,0.43989216722296487,93.31258427637917,41.700258453054836
2019-04-08 00:00:00+00:00,174.0267981858,-0.1810500905174317,173.80629675172196,0.12942103835276658,79.97301203239947,34.858837784140306
2019-04-09 00:00:00+00:00,171.5501820456,-1.4231234304246887,172.678239398661,-0.6468511960359611,29.81309417528256,18.798278396377853
2019-04-10 00:00:00+00:00,171.6715847976,0.07076806946653136,172.1749120981305,-0.28804156328471486,32.90730357743124,55.656798064757865
2019-04-11 00:00:00+00:00,172.8208641829,0.6694639573899375,172.49788814051527,0.1907111970526113,58.737857637452215,65.16273935608844
2019-04-12 00:00:00+00:00,175.9692422172,1.8217580667621247,174.23356517885765,1.006234631907368,84.01941142961202,78.48082912688925
2019-04-15 00:00:00+00:00,174.6823730464,-0.7313034679160668,174.4579691126288,0.13746558199565062,61.07587080531663,34.56488356255958
2019-04-16 00:00:00+00:00,175.5483793437,0.49576055225100113,175.0031742281644,0.3166130671233259,69.48683787575499,53.374481995927354
2019-04-17 00:00:00+00:00,176.1472995868,0.34117104660214004,175.57523690748218,0.32889205686273293,75.07428948971278,50.62447846204572
2019-04-18 00:00:00+00:00,177.1508956697,0.5697482080362359,176.36306628859109,0.44932013244948443,82.93069165705141,55.688129279294685
2019-04-22 00:00:00+00:00,176.8757160986,-0.15533625729619027,176.61939119359556,0.14699193757664708,73.41365974556838,37.4254043060463
2019-04-23 00:00:00+00:00,177.6526937112,0.4392788505612977,177.13604245239776,0.2931353940689724,82.10924047503399,55.41231186558335
2019-04-24 00:00:00+00:00,177.3127660056,-0.1913439636060832,177.22440422899888,0.050895715231444594,67.59968735746465,38.024444288343894
2019-04-25 00:00:00+00:00,154.3595523672,-12.945042906654036,165.79197829809942,-6.447073595711296,3.577037151436328,3.614785790068288
2019-04-26 00:00:00+00:00,155.1284364629,0.49811241604984513,160.4602073804997,-2.9744805898307254,7.957172682462555,60.34808112793048
2019-04-29 00:00:00+00:00,153.9467830105,-0.7617258829799356,157.20349519549984,-1.8681032364053305,7.202889635774013,55.736281464745915
2019-04-30 00:00:00+00:00,153.3802368346,-0.3680143000204028,155.29186601504992,-1.1180587682128666,6.7431867852917495,57.267100906577774
2019-05-01 00:00:00+00:00,150.5960670562,-1.8152076407355833,152.94396653562495,-1.466633204474225,4.585768941663256,48.095943543065935
2019-05-02 00:00:00+00:00,149.5277228389,-0.7094104369281706,151.23584468726247,-1.0880218207011978,3.8726193533306863,56.14552116622595
2019-05-03 00:00:00+00:00,149.9081181284,0.2543978349150988,150.57198140783123,-0.4168119928930495,11.244509916526,63.53840491182503
2019-05-06 00:00:00+00:00,148.1437314665,-1.1769787279890753,149.3578564371656,-0.7968953604410625,7.332301516465152,46.19165965015488
2019-05-07 00:00:00+00:00,144.9710728817,-2.141608391656735,147.16446465943278,-1.4692518760488988,3.782596356654488,36.20089063165385
2019-05-08 00:00:00+00:00,144.5421164915,-0.29589102272150614,145.8532905754664,-0.8825714493852025,3.4444158241868923,60.63656005652503
2019-05-09 00:00:00+00:00,141.8631624314,-1.8534072456712125,143.8582265034332,-1.3679893475282074,1.8744782327286977,40.83802691050021
2019-05-10 00:00:00+00:00,142.3325864057,0.3308991328365263,143.09540645456661,-0.5185451073458406,12.372306246593864,64.9278326640611
2019-05-13 00:00:00+00:00,140.8838468989,-1.0178551120195056,141.9896266767333,-0.7682001096826732,8.274347848163325,47.146906446792386
2019-05-14 00:00:00+00:00,141.8065078138,0.6549089446443945,141.89806724526665,-0.056645582519139315,30.32174128590778,64.98560653640185
2019-05-15 00:00:00+00:00,140.9243144829,-0.6221106100845364,141.41119086408332,-0.33937809630183785,22.548568447331284,46.87033139424524
2019-05-16 00:00:00+00:00,139.0547121026,-1.3266712612086895,140.23295148334165,-0.8330246787552636,12.423924862389745,38.08441373758934
2019-05-17 00:00:00+00:00,136.8532755336,-1.583144170889872,138.5431135084708,-1.2080844248225677,6.928874709699242,34.54827093961909
2019-05-20 00:00:00+00:00,134.554716763,-1.6795789224903657,136.5489151357354,-1.4438316736564667,4.0933539205137865,32.829078326559475
2019-05-21 00:00:00+00:00,135.4045360268,0.6315789473934741,135.97672558126771,-0.4061263631314963,21.83336084366293,75.91488573017055
2019-05-22 00:00:00+00:00,137.3793541254,1.4584578600890685,136.67803985333387,0.526165748478786,52.475300247147885,82.08267643807855
2019-05-23 00:00:00+00:00,135.4126295436,-1.4316012724916338,136.04533469846695,-0.4527177620064239,33.094876149339306,35.03958089915011
2019-05-24 00:00:00+00:00,135.5922327177,0.13263399042271473,135.81878370808346,-0.16004188579185458,36.316656451179874,55.667428305073074
2019-05-28 00:00:00+00:00,133.3553568213,-1.64970798958457,134.58707026469173,-0.9048749376882124,19.11792453370761,36.083670674104276
2019-05-29 00:00:00+00:00,131.7634195957,-1.193755739211333,133.17524493019584,-1.0493153384497726,12.698282013043638,43.68575556688925
2019-05-30 00:00:00+00:00,131.0939895828,-0.5080545229882882,132.1346172564979,-0.7786849307190304,10.478797791106528,55.59879244407826
2019-05-31 00:00:00+00:00,130.4163957894,-0.5168763232825446,131.27550652294894,-0.6477806270007875,8.28116938166493,55.372737618948285
2019-06-03 00:00:00+00:00,130.6531454281,0.18153364633868296,130.96432597552447,-0.23312349033105229,17.364038386144134,69.90396215939496
2019-06-04 00:00:00+00:00,134.1227522018,2.655586103443164,132.54353908866224,1.2112313065560558,73.98883014848688,88.97654377156707
2019-06-05 00:00:00+00:00,133.7635458535,-0.26781910034141543,133.15354247108112,0.4717061031073202,66.87273681624457,41.906075448956415
2019-06-06 00:00:00+00:00,134.4737947695,0.5309734513002873,133.81366862029057,0.5013397772038037,74.22514409186965,52.25777958572559
2019-06-07 00:00:00+00:00,136.0167493112,1.1474016512620588,134.91520896574528,0.8243707142329313,85.04272695368944,60.421376785059266
2019-06-10 00:00:00+00:00,137.3882644594,1.008342836559084,136.15173671257264,0.9163567753960077,90.40950586982525,57.11655357069191
2019-06-11 00:00:00+00:00,137.8944188594,0.36841167037928724,137.02307778598632,0.6423842228876475,91.99875663769807,41.462178626798284
2019-06-12 00:00:00+00:00,137.9760566658,0.05920312589535737,137.49956722589314,0.35079367439150244,92.30717270696717,34.59080069055633
2019-06-13 00:00:00+00:00,137.8454361755,-0.09466895449576906,137.67250170069656,0.1280623599478667,84.49088364629301,30.78278113126948
2019-06-14 00:00:00+00:00,136.0820595564,-1.2792419306903557,136.87728062854828,-0.5755897853712445,31.123377404965925,13.55321856105833
2019-06-17 00:00:00+00:00,136.1555335822,0.05399244106056855,136.51640710537413,-0.260798672155338,33.73917371054902,55.55288860248923
2019-06-18 00:00:00+00:00,140.3027341494,3.0459287684376335,138.40957062738707,1.3925650481411478,84.28151140594005,83.13483111596604
2019-06-19 00:00:00+00:00,139.3965544979,-0.645874549055514,138.90306256264353,0.3733452495428169,67.42492983412954,38.69303648336925
2019-06-20 00:00:00+00:00,142.0008005234,1.8682284041240171,140.45193154302177,1.1207868268334171,82.50699056267095,60.346451123545485
2019-06-21 00:00:00+00:00,141.5191374654,-0.3391974243980522,140.98553450421088,0.39079470121768245,73.11544556124272,41.1873612267824
2019-06-24 00:00:00+00:00,141.5436288073,0.017306028243679883,141.26458165575542,0.20405036473068117,73.34684136713503,45.38768354333139
2019-06-25 00:00:00+00:00,140.4415184203,-0.7786365209700885,140.85305003802773,-0.28729307811970367,46.393463136442115,36.62725152891434
2019-06-26 00:00:00+00:00,140.3190617107,-0.08719409400967937,140.58605587436386,-0.18724358606469152,43.71601477732212,49.3629194382678
2019-06-27 00:00:00+00:00,140.0088380462,-0.22108447755986305,140.29744696028195,-0.20416403181227727,35.8532328733817,46.64042913723275
2019-06-28 00:00:00+00:00,141.5109736847,1.072886297366682,140.90421032249097,0.43436113277720234,72.18694770103227,70.34796297319036
2019-07-01 00:00:00+00:00,142.4661360201,0.674974039489129,141.6851731712955,0.5546675861331657,81.94250130408992,58.38292663465576
2019-07-02 00:00:00+00:00,142.0661107685,-0.2807862013914364,141.87564196989774,0.13694069237086465,67.14695327126348,36.19983770474653
2019-07-03 00:00:00+00:00,142.8498337103,0.5516607286287112,142.36273784009887,0.34430071049978794,78.53619765516201,57.3643381681198
2019-07-05 00:00:00+00:00,140.4170270784,-1.7030517773186538,141.38988245924943,-0.6793755334094329,30.042230049442956,24.433661052579843
2019-07-08 00:00:00+00:00,138.1230047174,-1.6337209302395794,139.75644358832471,-1.1565482318245062,16.036448370707134,26.38289514669718
2019-07-09 00:00:00+00:00,135.2738452726,-2.0627696672465112,137.51514443046236,-1.6096589495355087,8.582380745203638,21.28604397228848
2019-07-10 00:00:00+00:00,135.2738452726,0.0,136.3944948515312,-0.8048294747677543,8.582380745203638,67.10938994332602
2019-07-11 00:00:00+00:00,138.0005480077,2.015691007825815,137.1975214296156,0.6054307665290304,54.31164519432352,82.25290724235688
2019-07-12 00:00:00+00:00,141.5109736847,2.5437766209480017,139.3542475571578,1.5746036937385162,76.76076675304859,84.97201924001247
2019-07-15 00:00:00+00:00,141.1027846525,-0.28845044421040855,140.22851610482888,0.6430766247640538,70.70156174495247,38.060022939736974
2019-07-16 00:00:00+00:00,144.0825645876,2.1117796806338296,142.15554034621442,1.3774281526989416,84.28491836857438,63.60362636313831
2019-07-17 00:00:00+00:00,142.5967565104,-1.0312198991270893,142.3761484283072,0.17310412678592613,62.58334629703126,35.13980628211533
2019-07-18 00:00:00+00:00,141.2823878267,-0.921738134768979,141.8292681275036,-0.37431700399152645,46.646397402590246,36.621778558592375
2019-07-19 00:00:00+00:00,140.9150176977,-0.26002542471933454,141.37214291260182,-0.3171712143554305,42.14665728667823,47.49755588438506
2019-07-22 00:00:00+00:00,142.5722651684,1.1760616418153846,141.9722040405009,0.42944521372997707,64.99562024698952,66.31496468716746
2019-07-23 00:00:00+00:00,144.9234339939,1.6491067338538112,143.44781901720046,1.0392759737918942,80.98080932953526,71.38277990520561
2019-07-24 00:00:00+00:00,146.4745523163,1.070301937825513,144.96118566675023,1.0547889558087036,86.90053256664334,55.93716910791419
2019-07-25 00:00:00+00:00,145.4214246132,-0.7189833909345911,145.1913051399751,0.16790278243705625,65.98452341726866,27.921882677329165
2019-07-26 00:00:00+00:00,142.0334556459,-2.329759164656453,143.61238039293755,-1.0809281911096984,30.527688998518308,16.656822926253714
2019-07-29 00:00:00+00:00,144.302986665,1.5978848143764823,143.95768352896877,0.25847831163339197,54.88636412135142,66.33454042258948
2019-07-30 00:00:00+00:00,145.013235581,0.49219280377672536,144.4854595549844,0.37533555770505866,61.26226878221154,52.995517099832256
2019-07-31 00:00:00+00:00,142.6375754136,-1.6382367843058354,143.5615174842922,-0.6314506133003883,35.84504509514182,33.51649427906562
2019-08-01 00:00:00+00:00,141.527301246,-0.7783882783905738,142.54440936514612,-0.704919445845481,27.768514242300853,45.61776779627536
2019-08-02 00:00:00+00:00,139.233278885,-1.6209044762413582,140.88884412507306,-1.1629119610434198,16.350579669868427,35.98963302613967
2019-08-05 00:00:00+00:00,134.4656309889,-3.424215772464756,137.67723755698654,-2.293563866754088,7.165534612420314,21.45267997855817
2019-08-06 00:00:00+00:00,133.6492529244,-0.6071276790181268,135.66324524069327,-1.4503457728861073,6.262009421206557,59.64672882709389
2019-08-07 00:00:00+00:00,133.5921064599,-0.042758536429921,134.62767585029664,-0.7465521546580142,6.180185092955608,64.79149874494766
2019-08-08 00:00:00+00:00,134.0656057373,0.35443656810825175,134.34664079379831,-0.1960577932748812,19.28794166911465,68.96813771653001
2019-08-09 00:00:00+00:00,133.453322189,-0.4567044208935611,133.89998149139916,-0.3263811070842212,15.175488208999766,50.58607941186553
2019-08-12 00:00:00+00:00,132.3348842407,-0.8380742644353512,133.11743286604957,-0.5822276857597861,9.579241944686363,42.58197569676579
2019-08-13 00:00:00+00:00,134.6044152598,1.7149907464852676,133.86092406292477,0.5663815303627407,57.3980689573202,77.82120547886083
2019-08-14 00:00:00+00:00,129.6490004088,-3.681465308129417,131.75496223586237,-1.557541888883338,21.008988763918666,26.41695829005585
2019-08-15 00:00:00+00:00,129.2163200347,-0.3337321327088416,130.48564113528118,-0.9456370107960899,19.398285355857936,54.428132949413104
2019-08-16 00:00:00+00:00,133.0555705535,2.971180821253072,131.7706058443906,1.0127719052284911,60.10654766335241,70.85653249601816
2019-08-19 00:00:00+00:00,134.2501871312,0.8978328173187222,133.01039648779528,0.9553023612736067,67.716646111209,52.90817680158817
2019-08-20 00:00:00+00:00,132.6518725375,-1.1905492482762736,132.83113451264762,-0.11762344350133347,48.9693705766431,38.2640198126667
2019-08-21 00:00:00+00:00,132.7672148278,0.0869511210762397,132.7991746702238,-0.015336161212546884,50.45416868944319,50.76761244619734
2019-08-22 00:00:00+00:00,132.5447689823,-0.16754576480985106,132.6719718262619,-0.09144096301119897,46.537086704361755,47.87042591949842
2019-08-23 00:00:00+00:00,128.4006852678,-3.1265539532936426,130.53632854703096,-1.608997458152421,14.682751747536585,23.991850389575742
2019-08-26 00:00:00+00:00,128.6231311134,0.17324350344087858,129.57972983021548,-0.7178769773557712,19.13925401814806,58.56508233056882
2019-08-27 00:00:00+00:00,128.3182979177,-0.23699718165876016,128.94901387395774,-0.47743707950726566,17.283508505859608,53.98575484877272
2019-08-28 00:00:00+00:00,129.801270221,1.1556982342854516,129.37514204747887,0.33913057738909297,51.558300315118196,67.08973010923117
2019-08-29 00:00:00+00:00,132.1163547613,1.7835607743732496,130.74574840438942,1.0613456758811712,75.41409793000828,72.40413316076773
2019-08-30 00:00:00+00:00,133.2368227239,0.8480917934985399,131.9912855641447,0.9547187346898556,81.88908393590596,53.203377337349615
2019-09-03 00:00:00+00:00,130.6992923381,-1.9045263418344782,131.34528895112237,-0.4749038035723113,43.22109811551427,24.51229975835881
2019-09-04 00:00:00+00:00,131.8774314458,0.9014120020270022,131.61136019846117,0.21325409922734545,57.27225519789043,58.62728101915972
2019-09-05 00:00:00+00:00,135.3047452136,2.598862997425444,133.45805270603057,1.4060585483263948,79.45658447562708,70.65952173268235
2019-09-06 00:00:00+00:00,135.065821898,-0.1765816233738393,134.26193730201527,0.6147384624762777,75.36490671105119,41.24229006234648
2019-09-09 00:00:00+00:00,136.7135689018,1.219958521441744,135.48775310190763,0.9173484919590109,83.92715149358904,55.29104270294381
2019-09-10 00:00:00+00:00,139.1192795273,1.7596721706738538,137.30351631460383,1.3385103313164324,90.873729165559,60.73351434313677
2019-09-11 00:00:00+00:00,138.4766581958,-0.46192111811065306,137.89008725520193,0.43829460660288966,77.45976267452077,34.67291495691639
2019-09-12 00:00:00+00:00,140.5363419505,1.4873869585931843,139.21321460285097,0.962840782598037,86.81601885925144,58.251025049768195
2019-09-13 00:00:00+00:00,141.2448731621,0.5041622698914061,140.22904388247548,0.7335015262447215,89.14172199617336,45.75622184906347
2019-09-16 00:00:00+00:00,139.7866170638,-1.0324311712372136,140.00783047313774,-0.14946482249624604,57.7120297470412,30.446655239645075
2019-09-17 00:00:00+00:00,138.4684194608,-0.9430070136101643,139.23812496696888,-0.5462359180532051,39.045369537257564,32.42050822485555
2019-09-18 00:00:00+00:00,137.9493791546,-0.37484381508877673,138.59375206078442,-0.46053986657099094,32.78273241538325,46.807152977725714
2019-09-19 00:00:00+00:00,137.6445459589,-0.22097467749989663,138.1191490098422,-0.3407572720354438,28.724043872670915,51.041104569635344
2019-09-20 00:00:00+00:00,137.3891451733,-0.18555096667344229,137.7541470915711,-0.26315411935444305,24.856526718084496,52.35083447917912
2019-09-23 00:00:00+00:00,137.3891451733,0.0,137.57164613243555,-0.13157705967722153,24.8565267180845,60.626683491821545
2019-09-24 00:00:00+00:00,135.7249206995,-1.211321659874065,136.64828341596777,-0.6714493597756432,8.357794809125245,22.44795165485213
2019-09-25 00:00:00+00:00,135.1152543082,-0.449192667166709,135.8817688620839,-0.5603210134711761,6.124099357657715,51.35718800244205
2019-09-26 00:00:00+00:00,134.9751958128,-0.10365853664496827,135.42848233744195,-0.3319897750580722,5.607656670422819,61.194751400251725
2019-09-27 00:00:00+00:00,135.5519072642,0.4272721724366768,135.49019480082097,0.047641198689302305,37.934854429768684,73.5321905441061
2019-09-30 00:00:00+00:00,135.4448037089,-0.07901294600838327,135.46749925486048,-0.01568587365954048,34.630916713844634,50.54589378324504
2019-10-01 00:00:00+00:00,130.4850852276,-3.6618004866096565,132.97629224123023,-1.8387431801345986,4.912357088910767,11.705189283387263
2019-10-02 00:00:00+00:00,128.2359105675,-1.7237024876650353,130.60610140436512,-1.7812228338998168,3.1017401072914255,45.61504436445024
2019-10-03 00:00:00+00:00,127.8898836967,-0.26983617090462486,129.24799255053256,-1.0255295024022208,2.858594144730922,62.02555750919625
2019-10-04 00:00:00+00:00,128.3759690628,0.38008116987016116,128.81198080666627,-0.32272416626602984,16.629650597641334,68.41605497177743
2019-10-07 00:00:00+00:00,126.4810600085,-1.476062122945332,127.64652040758313,-0.8993931446056809,9.092442358486954,39.75548009638986
2019-10-08 00:00:00+00:00,124.1906916732,-1.8108389786945733,125.91860604039157,-1.355116061650127,4.99106963967862,35.70847829937804
2019-10-09 00:00:00+00:00,124.3966600487,0.1658484808523264,125.15763304454578,-0.5946337903989003,10.440449221426093,66.1906924842708
2019-10-10 00:00:00+00:00,125.4841730712,0.8742300814782666,125.3209030578729,0.13979814553968317,38.415869824218746,73.05745397689216
2019-10-11 00:00:00+00:00,130.2544006471,3.8014575536895467,127.78765185248645,1.970627849614615,79.84305172136014,88.07278933836388
2019-10-14 00:00:00+00:00,132.2399357866,1.5243516761321851,130.01379381954322,1.7474897628734,85.80493725923664,53.36771289909528
2019-10-15 00:00:00+00:00,134.2749033362,1.5388449317488284,132.1443485778716,1.6431673473111141,90.24196675287014,53.54248865236713
2019-10-16 00:00:00+00:00,133.6158045347,-0.49085777395775354,132.88007655628581,0.5761547866766803,78.34465922054707,29.956828471818206
2019-10-17 00:00:00+00:00,134.7362724973,0.8385744235136716,133.80817452679293,0.707364605095176,83.79317543229602,51.11404764211687
2019-10-18 00:00:00+00:00,134.3737681565,-0.26904732785097973,134.09097134164648,0.2191586386220981,74.67527055802425,37.10656535982211
2019-10-21 00:00:00+00:00,136.7135689018,1.7412630287891417,135.40227012172323,0.9802108337056199,87.66765694848034,63.9801146047415
2019-10-22 00:00:00+00:00,138.0317665048,0.9642039291263504,136.71701831326163,0.9722073814159852,91.39732710247272,51.276664584771545
2019-10-23 00:00:00+00:00,139.0368921771,0.7281843141991651,137.8769552451808,0.8501958478075751,93.60825801054943,47.022918558612275
2019-10-24 00:00:00+00:00,133.3768812192,-4.070869874371541,135.6269182321904,-1.6103370132819828,29.521497919139755,13.32027878448441
2019-10-25 00:00:00+00:00,136.8371499271,2.594354191123416,136.2320340796452,0.4920085889207165,56.70385813318583,65.23290983657542
2019-10-28 00:00:00+00:00,139.2840542277,1.7881871274749495,137.75804415367259,1.140097858197833,69.27389243273548,58.839586050825204
2019-10-29 00:00:00+00:00,139.0780858522,-0.14787649357428378,138.4180650029363,0.4961106823117746,66.82428547463753,43.48638107368578
2019-10-30 00:00:00+00:00,138.7155815114,-0.2606480658536192,138.56682325716815,0.11773130822907768,61.11864430426928,42.517068116263005
2019-10-31 00:00:00+00:00,135.930889075,-2.0074835184763495,137.24885616608407,-0.944876105123636,30.808219810209692,28.010267800184398
2019-11-01 00:00:00+00:00,140.1326439346,3.0910964300996158,138.69075005034205,1.07311016248799,67.39988498643108,71.1326895284273
2019-11-04 00:00:00+00:00,144.0954754786,2.82791463340224,141.39311276447103,1.9505123979451149,81.3517434811529,67.97978899754268
2019-11-05 00:00:00+00:00,144.4003086743,0.2115494568358356,142.8967107193855,1.0810309273904752,82.22928127590892,40.92802463240924
2019-11-06 00:00:00+00:00,143.3539893269,-0.7245963370895558,143.12535002314274,0.1782172951504597,66.19213052787372,33.72514717058271
2019-11-07 00:00:00+00:00,143.7824035479,0.2988505747287151,143.45387678552137,0.2385339349395874,69.80852599042649,48.56838092947218
2019-11-08 00:00:00+00:00,142.6536968503,-0.785010314022172,143.0537868179107,-0.2732381895412923,49.06648317304562,35.82325169357996
2019-11-11 00:00:00+00:00,140.1491214046,-1.7557031475519902,141.60145411125535,-1.0144706685466414,24.66917365000103,26.486199273272998
2019-11-12 00:00:00+00:00,140.750549061,0.4291340897269791,141.17600158612765,-0.29266828940983114,36.11163187886139,60.89652024902154
2019-11-13 00:00:00+00:00,140.5116257455,-0.16974947315938627,140.84381366581383,-0.2312088812846087,33.11433957268665,51.068092550284454
2019-11-14 00:00:00+00:00,140.8246976762,0.22280856052940834,140.83425567100693,-0.004200160377600182,42.49557634446082,57.76955999188158
2019-11-15 00:00:00+00:00,141.607377503,0.5557830691031329,141.22081658700347,0.27579145436276636,62.31607199643939,64.036285639591
2019-11-18 00:00:00+00:00,140.5033870104,-0.7796136840233725,140.86210179870173,-0.25191111483030304,36.03614923054154,33.83329458149517
2019-11-19 00:00:00+00:00,140.6187293007,0.08209217781454115,140.74041554970086,-0.08490946850788095,40.001476816393456,54.57218968624816
2019-11-20 00:00:00+00:00,138.2212574102,-1.70494492620058,139.48083647995043,-0.8949271973542305,13.639062076195172,27.63126009953542
2019-11-21 00:00:00+00:00,137.240847943,-0.709304404814104,138.36084221147522,-0.8021158010841672,9.712674101458534,48.76816388806265
2019-11-22 00:00:00+00:00,139.2852495776,1.4896451495615137,138.82304589453761,0.34376467423867324,52.49155934179471,73.96222538817939
2019-11-25 00:00:00+00:00,141.4792415757,1.5751789975992025,140.1511437351188,0.9594718359189379,73.04815657049197,74.68848258536552
2019-11-26 00:00:00+00:00,140.6398734249,-0.5932800751910161,140.3955085800094,0.1830958803639609,58.51777654727784,36.24429358754344
2019-11-27 00:00:00+00:00,141.7867328785,0.8154582521097131,141.0911207292547,0.499277066236837,70.5314426846402,57.54115495218691
2019-11-29 00:00:00+00:00,141.0886445155,-0.4923509758830713,141.08988262237733,0.0034630451768828396,55.78136981943949,39.272963866844165
2019-12-02 00:00:00+00:00,139.8420581529,-0.8835483301160019,140.46597038763866,-0.4400426424695595,35.75354631289053,34.376116632682525
2019-12-03 00:00:00+00:00,137.2657796703,-1.8422772924173936,138.86587502896933,-1.1411599674434765,16.92052273361817,23.57163760980117
2019-12-04 00:00:00+00:00,138.9029630931,1.1927105406259075,138.88441906103466,0.02577528659121553,44.691390762663154,69.33603268088996
2019-12-05 00:00:00+00:00,136.6009336102,-1.65729328708204,137.74267633561732,-0.8157590002454123,26.211675280985844,37.612358262122605
2019-12-06 00:00:00+00:00,142.501442393,4.319523027300454,140.12205936430865,1.7518820135275206,71.50804911794876,74.42357109894934
2019-12-09 00:00:00+00:00,141.13850797,-0.9564355280286874,140.63028366715434,0.3977232427494166,58.96634017225326,41.781052568540915
2019-12-10 00:00:00+00:00,139.3351130321,-1.2777483366079867,139.98269834962719,-0.44001254692928504,43.74020327871055,40.1714858915497
2019-12-11 00:00:00+00:00,140.2326552132,0.6441608016589662,140.1076767814136,0.10207412736484056,52.832677194986196,55.53903350027821
2019-12-12 00:00:00+00:00,140.0830648497,-0.10667298802304881,140.0953708155568,-0.002299430329104124,50.780926749845264,48.2729205980613
2019-12-13 00:00:00+00:00,140.2742080919,0.1364499287655363,140.1847894537284,0.06707524921821609,54.19067562262863,51.36349719110563
2019-12-16 00:00:00+00:00,141.903080939,1.1612062326046946,141.0439351963642,0.6141407409114553,75.70493820695393,64.69866851097837
2019-12-17 00:00:00+00:00,141.2216137275,-0.4802342605887078,141.13277446193212,0.06695324016137377,58.471686271104296,39.004064488170684
2019-12-18 00:00:00+00:00,140.4736619099,-0.5296298476260564,140.80321818591605,-0.2313383037323413,42.53202723367982,38.317163399993085
2019-12-19 00:00:00+00:00,143.0665615441,1.8458261847428048,141.93488986500802,0.8072439405052317,76.22878552243613,72.83152008941538
2019-12-20 00:00:00+00:00,145.7425669357,1.8704618065312983,143.838728400354,1.338852873518265,87.53950289746142,73.06596705891013
2019-12-23 00:00:00+00:00,148.3188454184,1.7676911672871887,146.07878690937702,1.5532720204027268,92.6143612351728,69.32269403814675
2019-12-24 00:00:00+00:00,146.831252359,-1.0029696868281257,146.4550196341885,0.27515116678730056,68.46359758465749,22.567656846290955
2019-12-26 00:00:00+00:00,146.7564571773,-0.05093955169510611,146.60573840574426,0.11210580754609722,67.14310880611953,42.54164366589971
2019-12-27 00:00:00+00:00,147.3132657526,0.3794099326255074,146.95950207917213,0.2457578700858023,72.9656711070399,51.09535045215824
2019-12-30 00:00:00+00:00,146.1248534202,-0.8067245854123106,146.54217774968606,-0.28048335766325416,46.553949942557274,31.628833496317352
2019-12-31 00:00:00+00:00,146.6151773895,0.3355513848763314,146.57867756959303,0.02753401360653862,56.335613446073054,55.899393156887776
2020-01-02 00:00:00+00:00,149.5903635082,2.0292483845625986,148.08452053889653,1.0283911990845687,83.62044972148838,75.35617110705873
2020-01-03 00:00:00+00:00,148.3022242669,-0.8611111110973346,148.19337240289826,0.08364004399361702,59.481600366730156,35.38905871684379
2020-01-06 00:00:00+00:00,148.4435040546,0.09526478001149474,148.31843822874913,0.08945241200255588,61.31862286429768,48.85299805611708
2020-01-07 00:00:00+00:00,147.8451426006,-0.40309035940022664,148.08179041467457,-0.15681897369883538,47.60653472677332,42.01035331039136
2020-01-08 00:00:00+00:00,150.1139297805,1.5345699831539772,149.09786009758727,0.6888755047275709,76.93787579542544,68.08298957405336
2020-01-09 00:00:00+00:00,150.5876325982,0.3155621989196167,149.84274634789364,0.5022188518235937,80.37818475429575,47.801623067171626
2020-01-10 00:00:00+00:00,149.9809605685,-0.4028697571192619,149.91185345819682,0.04967454735216592,62.474571456818225,37.83727537702007
2020-01-13 00:00:00+00:00,150.3549364772,0.24934892221148974,150.1333949676984,0.14951173478182783,68.88336196609339,51.581405515499775
2020-01-14 00:00:00+00:00,150.728912386,0.2487287198958743,150.4311536768492,0.19912022733885107,75.22911536230691,51.565143481773354
2020-01-15 00:00:00+00:00,149.4075308417,-0.8766609692744787,149.9193422592746,-0.3387703709678138,36.15302808053285,27.75140828728642
2020-01-16 00:00:00+00:00,150.429731659,0.6841695405454651,150.1745369591373,0.17269958478882563,60.16366698768135,63.15277998451932
2020-01-17 00:00:00+00:00,150.7122912345,0.18783492623686282,150.44341409681863,0.18026725551284423,65.53740460813539,51.18879884004463
2020-01-21 00:00:00+00:00,149.0834183874,-1.0807830162740673,149.76341624210932,-0.45025788038061154,30.251080902419588,29.651895683719225
2020-01-22 00:00:00+00:00,147.9531800853,-0.7581247561435855,148.85829816370466,-0.6041913182620986,19.386857467988765,39.381915453245746
2020-01-23 00:00:00+00:00,147.7121733886,-0.16289389424481993,148.28523577615232,-0.38354260625345926,17.38933730479318,56.160653882787635
2020-01-24 00:00:00+00:00,148.0529069943,0.2306740181823752,148.16907138522618,-0.07643429403554203,32.20324907402952,65.60339657097012
2020-01-27 00:00:00+00:00,145.9586419052,-1.4145383104032017,147.0638566452131,-0.7454863022193718,12.137230836005116,27.909180960804317
2020-01-28 00:00:00+00:00,137.606513276,-5.722257017590449,142.33518496060654,-3.2338716599049104,2.5673647265430835,8.569893757297358
2020-01-29 00:00:00+00:00,134.6313271574,-2.1620968715576727,138.48325605900328,-2.6979842657312916,1.8063459114182279,50.818301796106134
2020-01-30 00:00:00+00:00,135.0551665206,0.3148148147603891,136.76921128980166,-1.1915847254854512,7.655553251518068,66.81909714559607
2020-01-31 00:00:00+00:00,131.8555948567,-2.369084979368019,134.31240307325083,-1.7803348524267353,4.571787236556366,43.707113907996956
2020-02-03 00:00:00+00:00,130.1353056764,-1.3046766670535281,132.2238543748254,-1.5425057597401317,3.4507516183028923,53.3135203552364
2020-02-04 00:00:00+00:00,130.6754931001,0.415096749411914,131.44967373746272,-0.5637045051641089,13.447263245054767,66.97292539215958
2020-02-05 00:00:00+00:00,134.9055761571,3.2370897990487535,133.17762494728134,1.3366926469423224,60.94495010689188,80.79976948223592
2020-02-06 00:00:00+00:00,135.3709683992,0.34497628293588267,134.27429667324066,0.8408344649391025,64.18819244789486,49.16079003978537
2020-02-07 00:00:00+00:00,133.0356966133,-1.7250905519220705,133.65499664327032,-0.442128043491484,39.49931582869,34.61029104369433
2020-02-10 00:00:00+00:00,133.0938706435,0.0437281358920627,133.37443364338515,-0.19919995379971064,40.35653529719171,52.594098768335876
2020-02-11 00:00:00+00:00,135.0053030661,1.436153605991275,134.18986835474257,0.6184768260957821,64.88084703793339,64.21526980855238
2020-02-12 00:00:00+00:00,136.1272307924,0.8310249307397211,135.1585495735713,0.7247508784177517,74.2153689147103,55.36740130327066
2020-02-13 00:00:00+00:00,133.9914128246,-1.5689865689380245,134.57498119908564,-0.4221178452601364,42.19192651245534,30.42659308836142
2020-02-14 00:00:00+00:00,135.039793308,0.7824236354402547,134.8073872535428,0.18015289509005916,56.1296346661216,58.13892586841289
2020-02-18 00:00:00+00:00,133.2533529643,-1.3228991987757621,134.0303701089214,-0.5713731518428515,34.72810530375228,37.87681069691128
2020-02-19 00:00:00+00:00,133.6391569821,0.2895266867343649,133.8347635455107,-0.14092323255424333,41.903886107394776,55.6382678034472
2020-02-20 00:00:00+00:00,132.9849675605,-0.4895192669373216,133.40986555300535,-0.3152212497457825,32.7470876256878,46.088514880124315
2020-02-21 00:00:00+00:00,131.6178794101,-1.0280020181815397,132.51387248155265,-0.6716116339636611,19.43478180838383,39.125757353683646
2020-02-24 00:00:00+00:00,127.9443541962,-2.7910533358875056,130.22911333887632,-1.7313324849255833,7.365719333086311,22.460932439906152
2020-02-25 00:00:00+00:00,123.1637391918,-3.7364798426892776,126.69642626533816,-2.7339061638074305,3.3295414584428267,16.729383405381622
2020-02-26 00:00:00+00:00,124.9334054479,1.4368403133199203,125.81491585661908,-0.648532925243755,25.881354555793656,73.09063047435089
2020-02-27 00:00:00+00:00,125.9398507119,0.8055853919868516,125.87738328425954,0.07852623337154829,38.183530464622585,65.03395848082039
2020-02-28 00:00:00+00:00,125.1682426761,-0.6126798082087048,125.52281298017976,-0.26707678741857827,32.06338589323317,47.418743567354404
2020-03-02 00:00:00+00:00,128.338545258,2.5328330206759064,126.93067911908989,1.1328781166286641,65.82367639846385,72.34166843804171
2020-03-03 00:00:00+00:00,121.8134251292,-5.084302705537535,124.37205212414494,-1.9757122944544356,25.97416763517432,26.57950956189876
2020-03-04 00:00:00+00:00,129.1437014693,6.017625998386644,126.75787679672247,2.0209568519661043,63.356265054817584,69.18963554403288
2020-03-05 00:00:00+00:00,126.9882311953,-1.6690479283748783,126.87305399601124,0.17595446179561303,51.81509991579466,43.169713653233934
2020-03-06 00:00:00+00:00,128.8669290216,1.4794267221587276,127.86999150880561,0.8276905919771703,61.08341803078361,53.83616241686564
2020-03-09 00:00:00+00:00,120.8237539529,-6.241457858712396,124.34687273085281,-2.706883633367613,27.327437545612018,31.848258959417937
2020-03-10 00:00:00+00:00,128.5733824863,6.4139941690778635,126.46012760857641,1.8535552678551253,59.59669249767445,65.99520030093993
2020-03-11 00:00:00+00:00,123.4908339027,-3.9530332680961955,124.97548075563822,-1.0497390001205351,41.47796139994893,40.84714503955641
2020-03-12 00:00:00+00:00,112.0341319799,-9.277370279827313,118.5048063677691,-5.163554639973924,20.453077174354465,31.577347494238843
2020-03-13 00:00:00+00:00,118.8276375124,6.063782003254881,118.66622194008455,0.45011368164047827,45.172574769613526,65.45752577341742
2020-03-16 00:00:00+00:00,109.7947912673,-7.601637492925328,114.23050660369228,-3.575761905642425,27.888076924046867,39.39403819849086
2020-03-17 00:00:00+00:00,112.7554177525,2.696509052048035,113.49296217809614,-0.439626426797195,39.30579709044176,58.205407125754625
2020-03-18 00:00:00+00:00,114.9192750703,1.9190717048733763,114.20611862419807,0.7397226390380907,48.28301514431614,56.22905893982575
2020-03-19 00:00:00+00:00,115.3302402198,0.357612027441534,114.76817942199904,0.5486673332398123,50.37409507668275,51.0108733611131
2020-03-20 00:00:00+00:00,104.7457908592,-9.177514362605876,109.75698514059951,-4.314423514683032,19.661717928919696,27.57266563764241
2020-03-23 00:00:00+00:00,98.8580860643,-5.6209464328874965,104.30753560244975,-4.967684973785264,13.032088925685095,42.38417554945231
2020-03-24 00:00:00+00:00,111.3128462073,12.598625604484281,107.81019090487487,3.8154703153495086,57.98474555918514,77.59386210599278
2020-03-25 00:00:00+00:00,110.323175031,-0.8890898130992975,109.06668296793744,1.4631902511251056,54.61968905975091,46.22542967192017
2020-03-26 00:00:00+00:00,114.2147633854,3.527444123418766,111.64072317666873,2.4953171872719357,66.19210367038694,55.13415786071993
2020-03-27 00:00:00+00:00,111.7489724884,-2.15890732853824,111.69484783253436,0.16820492936684794,53.27893888020195,41.7698828907092
2020-03-30 00:00:00+00:00,115.5231422287,3.3773641549069033,113.60899503061718,1.7727845421368755,67.73188877751996,56.993910192537584
2020-03-31 00:00:00+00:00,114.491535833,-0.8929867867147667,114.05026543180858,0.4398988777110544,60.108258884699154,43.75746203625935
2020-04-01 00:00:00+00:00,111.6651020497,-2.4686836129290013,112.85768374075428,-1.0143923676089734,41.097481543467005,38.773462971373505
2020-04-02 00:00:00+00:00,115.6657219744,3.5826949075991488,114.26170285757715,1.2841512699950877,64.76066492877513,63.03065417444777
2020-04-03 00:00:00+00:00,112.2102599011,-2.9874555869411235,113.23598137933857,-0.8516521584730179,42.592070633999015,38.31120170801391
2020-04-06 00:00:00+00:00,118.0057072134,5.16481052392892,115.62084429636928,2.156579182727951,69.15525481213777,64.34029596095141
2020-04-07 00:00:00+00:00,121.2766543217,2.7718550106943907,118.44874930903464,2.4642170967111707,77.83710889248532,54.25986712727362
2020-04-08 00:00:00+00:00,124.9585665795,3.0359612725078255,121.70365794426732,2.7500891846094984,84.97686122105395,55.416266169552145
2020-04-09 00:00:00+00:00,123.9437342715,-0.812135042661799,122.82369610788366,0.9689770709738497,74.98912367285567,35.69378941215388
2020-04-13 00:00:00+00:00,122.7863222178,-0.9338205440580616,122.80500916284183,0.01757826345789404,62.43516547188471,35.10123162624147
2020-04-14 00:00:00+00:00,125.9230766242,2.5546448087564455,124.36404289352092,1.2861115361071698,77.6474251961703,62.13341151850006
2020-04-15 00:00:00+00:00,121.7463287783,-3.3169042226985357,123.05518583591046,-1.015396343295683,42.9267014625404,30.28521615630875
2020-04-16 00:00:00+00:00,121.5282656377,-0.17911270326441686,122.29172573680523,-0.5972545232800499,41.47433437304924,50.587970933454486
2020-04-17 00:00:00+00:00,122.836644481,1.076604554861782,122.56418510890262,0.23967501579086603,55.13565591529297,57.94073744281268
2020-04-20 00:00:00+00:00,120.496659242,-1.9049569848531012,121.53042217545132,-0.8326409845311176,33.904472344004716,37.87020431819414
2020-04-21 00:00:00+00:00,118.7857022931,-1.4199206514628693,120.15806223427566,-1.1262808179969934,23.837162418331584,42.71255355430761
2020-04-22 00:00:00+00:00,120.4463369788,1.398008896392633,120.30219960653784,0.13586403919781975,46.82470839886012,65.88426249330799
2020-04-23 00:00:00+00:00,121.0502041373,0.5013578442043309,120.67620187191892,0.31861094170107535,54.34145823909237,55.22311212478035
2020-04-24 00:00:00+00:00,123.2895448499,1.849927250068939,121.98287336090945,1.0842690958850072,74.43965133658573,67.19784543898653
2020-04-27 00:00:00+00:00,128.8669290216,4.5238095237436715,125.42490119125472,2.8040393098143395,90.3345629490403,81.72964071115582
2020-04-28 00:00:00+00:00,132.1881983931,2.5772860397281105,128.80654979217735,2.6906626747712252,93.78614017773728,55.0829733739118
2020-04-29 00:00:00+00:00,131.055947471,-0.8565446354998674,129.9312486315887,0.9170590196356789,79.30433028770929,29.571133837842677
2020-04-30 00:00:00+00:00,127.4159704326,-2.777422244957972,128.67360953209436,-0.9301816126611466,45.45665375957067,21.295183672739327
2020-05-01 00:00:00+00:00,124.6314718686,-2.185360716200746,126.65254070034717,-1.5577711644309464,30.51300725791189,30.312240356767095
2020-05-04 00:00:00+00:00,124.4637309913,-0.13458950198137476,125.55813584582359,-0.8461803332061606,29.63274087356715,56.31567627521232
2020-05-05 00:00:00+00:00,123.6501877362,-0.6536388139906091,124.60416179101179,-0.7499095735983848,24.492385063619242,49.32775152806873
2020-05-06 00:00:00+00:00,122.6185813405,-0.8342942413487209,123.61137156575589,-0.7921019074735529,18.416041942546034,46.32663197873095
2020-05-07 00:00:00+00:00,122.2327773226,-0.3146374829020915,122.92207444417795,-0.5533696951878222,16.166149389998,57.48683794685396
2020-05-08 00:00:00+00:00,124.5559884738,1.9006449841751705,123.73903145898898,0.6736376444936741,60.14584815170817,81.75078234135005
2020-05-11 00:00:00+00:00,122.2243902787,-1.871927816293184,122.98171086884449,-0.5991450858997549,33.60574353061748,33.259962490747384
2020-05-12 00:00:00+00:00,118.6934448106,-2.8889041377491265,120.83757783972224,-1.7440246118244407,16.78303275928908,26.825886770342947
2020-05-13 00:00:00+00:00,114.1644411222,-3.815715093303562,117.50100948096113,-2.7798698525640013,8.549114740661508,21.21553617783535
2020-05-14 00:00:00+00:00,114.0554095519,-0.09550396710942266,115.77820951643056,-1.437686909836712,8.400291315602091,65.12767117245538
2020-05-15 00:00:00+00:00,116.3199113961,1.985440105907088,116.04906045626528,0.27387659803518805,40.60943972424385,76.23946656384231
2020-05-18 00:00:00+00:00,125.1934038077,7.628524046397711,120.62123213198264,3.9512003222164496,80.63435072235455,89.65194953756419
2020-05-19 00:00:00+00:00,124.4469569035,-0.5962350103896563,122.53409451774132,1.6774826559133966,74.31483138231582,40.12885889976532
2020-05-20 00:00:00+00:00,125.5372726063,0.8761288583741367,124.03568356202067,1.2768057571437668,78.07899889901073,47.862459958407385
2020-05-21 00:00:00+00:00,123.5243820781,-1.6034206307099397,123.78003282006034,-0.16330743678308646,55.53937525540138,36.08728584711543
2020-05-22 00:00:00+00:00,124.0580928024,0.43206913106641487,123.91906281123016,0.1343808471416642,60.1182963355704,50.94738971124516
2020-05-26 00:00:00+00:00,128.8360745247,3.851406719520001,126.37756866796508,1.9928937833308324,83.26397069352639,69.06889674570495
2020-05-27 00:00:00+00:00,133.9783349953,3.991320357726469,130.17795183163253,2.9921070705286508,91.35940961128063,69.75469980302097
2020-05-28 00:00:00+00:00,132.8516123551,-0.8409737591077882,131.51478209336625,1.0755666557104313,78.82743325045563,32.46439676950464
2020-05-29 00:00:00+00:00,132.5296916007,-0.24231603116681155,132.02223684703313,0.4166253122718099,74.45062190754331,38.56732621134461
2020-06-01 00:00:00+00:00,131.8011341041,-0.5497315264228475,131.91168547556657,-0.06655310707551881,62.64307628363686,36.05752189552397
2020-06-02 00:00:00+00:00,133.5462834565,1.324077644902233,132.7289844660333,0.6287622689133571,76.20332409966147,59.91047333959266
2020-06-03 00:00:00+00:00,136.5706442275,2.2646536412113116,134.64981434676665,1.4467079550623343,87.75640385726877,68.70144275759307
2020-06-04 00:00:00+00:00,137.7058384665,0.8312139445641131,136.17782640663333,1.1389609498132236,90.38468982111404,45.76183221940702
2020-06-05 00:00:00+00:00,141.8230354825,2.9898492771615937,139.00043094456666,2.0644051134874086,95.56458301545818,69.08172506696556
2020-06-08 00:00:00+00:00,141.3655691474,-0.32256137625571446,140.18300004598333,0.8709218686158471,87.69118519258743,34.72069793816091
2020-06-09 00:00:00+00:00,141.2215519678,-0.10187571165214404,140.70227600689168,0.3845230784818515,84.40727314069763,37.81192757419678
2020-06-10 00:00:00+00:00,138.8495043043,-1.6796640671679075,139.77589015559585,-0.647570494343028,43.843363294814786,25.076985432639958
2020-06-11 00:00:00+00:00,129.0902224886,-7.028676021998425,134.4330563220979,-3.8381232581707265,11.055292140197697,9.244250441862317
2020-06-12 00:00:00+00:00,131.1996505894,1.6340727129711796,132.81635345574895,-1.1020252725997735,28.412740146650357,64.18122567321677
2020-06-15 00:00:00+00:00,133.6225278457,1.8467101439794353,133.2194406507245,0.37234243568983094,46.42554881353401,64.96214006399669
2020-06-16 00:00:00+00:00,135.2660180126,1.2299499144319492,134.24272933166225,0.8011461750608901,57.34583654470783,59.33400781779151
2020-06-17 00:00:00+00:00,134.8847960667,-0.2818312769911513,134.56376269918113,0.2596574490348694,53.54811938892561,44.999682534808834
2020-06-18 00:00:00+00:00,134.8763244679,-0.0062806180140762,134.72004358354056,0.1266884155103966,53.430172620408655,48.407408690568346
2020-06-19 00:00:00+00:00,133.9783349953,-0.665787324901268,134.34918928942028,-0.2695494546954357,39.571504131406975,39.599078394725595
2020-06-22 00:00:00+00:00,132.7414815707,-0.9231742017419498,133.54533543006013,-0.5963618282186927,25.764594337971566,35.78697089243491
2020-06-23 00:00:00+00:00,133.7157154325,0.7339332439807889,133.63052543128006,0.0687857078810481,47.43428630866335,66.72356064250677
2020-06-24 00:00:00+00:00,128.9546769079,-3.560567663419767,131.29260116959003,-1.7458909777693594,15.107465466374865,23.225578513154314
2020-06-25 00:00:00+00:00,131.0302186134,1.6095125475614758,131.161409891495,-0.06818921510394182,41.27716213858547,64.73776343890162
2020-06-26 00:00:00+00:00,129.2088248718,-1.3900562487604073,130.1851173816475,-0.7291227319321746,29.36241956450916,44.0226269404466
2020-06-29 00:00:00+00:00,131.7926625053,1.9997377393252025,130.98888994347374,0.6353075036965139,56.240560291208055,63.708091033863276
2020-06-30 00:00:00+00:00,132.1484696548,0.2699749308772814,131.56867979913687,0.45264121728689766,59.42928332010303,50.19638728299841
2020-07-01 00:00:00+00:00,131.6740601221,-0.35899737162243817,131.62136996061844,0.046821922832229745,51.86983795656718,44.991812674651804
2020-07-02 00:00:00+00:00,133.0379875286,1.0358360676622658,132.32967874460923,0.5413289952472478,68.91926599477681,59.09871883207769
2020-07-06 00:00:00+00:00,133.9359770013,0.6749872644510102,133.1328278729546,0.608158129849129,76.97442644759636,53.74969396311155
2020-07-07 00:00:00+00:00,131.1572925954,-2.0746363061756035,132.14506023417732,-0.7332390881632372,34.94175993318799,26.418953649934583
2020-07-08 00:00:00+00:00,130.9539742243,-0.15501873138478173,131.54951722923866,-0.4441289097740095,32.965994773367115,51.9858257357976
2020-07-09 00:00:00+00:00,128.3023638004,-2.0248415060380553,129.92594051481933,-1.2344852079060324,15.652237373040572,34.48071428900974
2020-07-10 00:00:00+00:00,129.4883876321,0.9243974908717201,129.70716407345967,-0.15504385851715619,37.629714310448456,63.533016590225024
2020-07-13 00:00:00+00:00,131.1403493978,1.2757605495818947,130.42375673562984,0.5603583455323693,59.61467465219057,66.2105215222217
2020-07-14 00:00:00+00:00,134.3087273484,2.4160206718597754,132.3662420420149,1.4881895086960724,79.94859253736203,75.1074322676874
2020-07-15 00:00:00+00:00,134.9779836535,0.49829695978276245,133.67211284775743,0.9932432342394174,82.70730758824705,45.12991666967772
2020-07-16 00:00:00+00:00,135.9691607129,0.7343249858765333,134.8206367803287,0.8637841100579753,86.75540314072614,48.89556782600904
2020-07-17 00:00:00+00:00,135.4015635934,-0.41744548287568906,135.11110018686435,0.22316931359114311,72.23117622002125,32.546264813234515
2020-07-20 00:00:00+00:00,132.4703904092,-2.16480010009491,133.79074529803216,-0.9708153932518835,31.447957751209486,18.482587523849276
2020-07-21 00:00:00+00:00,133.6818290373,0.9144976657484483,133.7362871676661,-0.02815886375171761,49.221920865898156,61.947687706105015
2020-07-22 00:00:00+00:00,134.452744528,0.5766793409782922,134.09451584783307,0.2742602386132873,59.295855386064645,56.9506591613131
2020-07-23 00:00:00+00:00,134.9440972583,0.36544641169273806,134.51930655306654,0.3198533251530127,65.78537438262448,52.944936832603226
2020-07-24 00:00:00+00:00,135.4100351922,0.3452821897116154,134.9646708726333,0.33256775743231404,72.11016052029107,52.41701998724087
2020-07-27 00:00:00+00:00,138.2903787836,2.1271271271081638,136.62752482811663,1.229847442270239,89.72417335623446,79.50478735562153
2020-07-28 00:00:00+00:00,131.5893441341,-4.84562607206821,134.1084344811083,-1.8078893148989856,28.004263871245648,18.312559417722746
2020-07-29 00:00:00+00:00,132.3687312236,0.5922873881837543,133.23858285235417,-0.6078009633576157,35.718682254854656,57.01503850593197
2020-07-30 00:00:00+00:00,128.8699609199,-2.643199999998347,131.05427188612708,-1.6255004816779812,20.74830952096491,40.07112544589343
2020-07-31 00:00:00+00:00,127.4721471182,-1.0846699973540153,129.26320950216353,-1.3550852395159982,16.58316742446537,50.66482557284204
2020-08-03 00:00:00+00:00,127.4213175254,-0.03987505815906678,128.34226351378177,-0.6974801488375325,16.403552024478028,58.11078881474377
2020-08-04 00:00:00+00:00,128.0990454292,0.5318795292356793,128.2206544714909,-0.08280030980092662,31.288167252908316,62.72835034903041
2020-08-05 00:00:00+00:00,131.6062873317,2.737914159117172,129.91347090159545,1.3275569246581227,71.15539346154121,77.24530366899009
2020-08-06 00:00:00+00:00,132.1569412536,0.41841004184863806,131.0352060775977,0.8729834832533804,74.62299458288415,47.85105081372175
2020-08-07 00:00:00+00:00,134.1308237736,1.493589743585444,132.58301492559886,1.1832866134194122,84.58632504568511,58.76205105925544
2020-08-10 00:00:00+00:00,136.7654909999,1.9642518790066177,134.67425296274945,1.5737692462130148,91.37004945973827,63.74318396859459
2020-08-11 00:00:00+00:00,138.4089811668,1.201684836492256,136.54161706477473,1.3877270413526355,93.88730508861013,49.27747948156355
2020-08-12 00:00:00+00:00,139.154481861,0.5386216182760251,137.84804946288736,0.9631743298143303,94.8995774366584,38.02310064405256
2020-08-13 00:00:00+00:00,140.5099376687,0.9740655058842806,139.1789935657937,0.9686199178493055,96.48644322786778,49.405736512246975
2020-08-14 00:00:00+00:00,140.7132560399,0.1447003497214494,139.94612480284684,0.5566601337853774,96.71631124203208,32.40340466933662
2020-08-17 00:00:00+00:00,139.5357038069,-0.8368452739563437,139.7409143048734,-0.14009257008548315,61.66701443832797,20.11479612294985
2020-08-18 00:00:00+00:00,139.2561410466,-0.20035213402218588,139.49852767573668,-0.1702223520538345,54.61832522038115,41.64197597412241
2020-08-19 00:00:00+00:00,138.9088054959,-0.24942207078951784,139.20366658581833,-0.20982221142167617,45.026799529544654,40.38352009582714
2020-08-20 00:00:00+00:00,138.061645616,-0.6098676587676821,138.63265610090917,-0.4098449350946791,27.41398187168361,30.29559889305916
2020-08-21 00:00:00+00:00,138.2395491908,0.1288580720635757,138.4361026458546,-0.14049343151555171,35.376636390568926,60.573292562800674
2020-08-24 00:00:00+00:00,139.7953959506,1.1254715230969214,139.11574929822729,0.49248904579068487,73.50478624034739,79.01737798582747
2020-08-25 00:00:00+00:00,139.4278057821,-0.26294869441187974,139.27177754016364,0.11477017568940256,60.793205922630335,39.956613854520924
2020-08-26 00:00:00+00:00,140.1116944677,0.49049662781668335,139.69173600393182,0.302633401753043,73.55556599705514,57.18476076360666
2020-08-27 00:00:00+00:00,140.265569422,0.10982306286750898,139.97865271296592,0.20622823231027598,76.17320127655164,46.970811601807775
2020-08-28 00:00:00+00:00,141.6162495761,0.9629449049155969,140.79745114453294,0.5845865686129365,89.65544957162716,66.86567930757434
2020-08-31 00:00:00+00:00,139.3594169135,-1.593625498031015,140.07843402901648,-0.5045194647090392,37.07542113221289,24.890316843807984
2020-09-01 00:00:00+00:00,140.881069239,1.0918905655614708,140.47975163400824,0.2936855504262158,60.50259909617972,62.23989252921056
2020-09-02 00:00:00+00:00,144.9074638757,2.8580097087915757,142.6936077548541,1.5758476296088957,84.05896601962105,74.66680445443484
2020-09-03 00:00:00+00:00,142.1719091332,-1.8877942304245443,142.43275844402706,-0.1559733004078243,52.28200520031643,32.093888740985996
2020-09-04 00:00:00+00:00,141.7102842704,-0.3246948469739497,142.07152135721353,-0.240334073690887,47.71608651547751,47.018368892113855
2020-09-08 00:00:00+00:00,139.4876460421,-1.5684381975121342,140.77958369965677,-0.9043861356015106,29.260482396621274,37.24768296548397
2020-09-09 00:00:00+00:00,141.6504440104,1.5505301219630674,141.2150138550284,0.3230719931807784,54.7860095143359,64.77912950829693
2020-09-10 00:00:00+00:00,139.4705488249,-1.5389257695090364,140.34278133996418,-0.607926888164129,35.44789884106954,39.21561399304555
2020-09-11 00:00:00+00:00,142.0522286132,1.8510573092683558,141.19750497658208,0.6215652105521134,60.325688558868976,63.15024930993181
2020-09-14 00:00:00+00:00,144.0098599758,1.378106758135078,142.60368247619104,0.9998359843435958,72.4167928846656,58.34262819218019
2020-09-15 00:00:00+00:00,142.394172956,-1.1219280541426069,142.49892771609552,-0.06104603489950555,52.57922812921269,36.38141492530575
2020-09-16 00:00:00+00:00,144.9074638757,1.765023713769942,143.70319579589776,0.8519888394352182,71.0704999759777,61.490222233874526
2020-09-17 00:00:00+00:00,147.3609145353,1.6931154503570411,145.53205516559888,1.2725521448961297,81.58510921659408,60.59666711395394
2020-09-18 00:00:00+00:00,144.9416583099,-1.6417217774666315,145.23685673774943,-0.18458481628525092,53.060515289944476,30.13430543304453
2020-09-21 00:00:00+00:00,137.9403478908,-4.830433500443654,141.58860231427474,-2.5075091583644524,21.074662768903373,17.509571627536243
2020-09-22 00:00:00+00:00,138.7781115307,0.607337630149507,140.18335692248735,-0.9500857641074727,28.780483818164797,60.181528247037335
2020-09-23 00:00:00+00:00,136.3588553053,-1.7432548971274886,138.27110611389367,-1.3466703306174805,20.22641132085558,45.0656776859702
2020-09-24 00:00:00+00:00,137.1367786852,0.5704971475143816,137.70394239954683,-0.38808659155154945,30.228669429358646,59.926862815042
2020-09-25 00:00:00+00:00,137.0085495567,-0.09350455051475581,137.3562459781234,-0.24079557103315263,29.319719694363965,53.676084015639226
2020-09-28 00:00:00+00:00,138.196806148,0.8672864541261927,137.7765260630617,0.31324544154652,50.15357530209232,62.227520578122764
2020-09-29 00:00:00+00:00,136.6153135624,-1.1443770877789583,137.19591981273084,-0.41556582311621915,31.573639207622215,39.39038219485704
2020-09-30 00:00:00+00:00,136.9316120795,0.23152493585980594,137.06376594611544,-0.0920204436282066,38.41777969523794,55.968801413935765
2020-10-01 00:00:00+00:00,135.7433554883,-0.8677737544710462,136.4035607172077,-0.4798970990496264,24.569493884534626,42.15124038608675
2020-10-02 00:00:00+00:00,137.0854870338,0.9887272497957955,136.74452387550386,0.25441507537308455,53.169603699683584,64.40946870888112
2020-10-05 00:00:00+00:00,139.1286044821,1.4903966076264874,137.93656417880192,0.872405841499786,74.90043610109389,69.2112487502334
2020-10-06 00:00:00+00:00,138.6840768365,-0.3195084484996724,138.31032050765094,0.27644869650005677,65.04926967732357,40.00360982416884
2020-10-07 00:00:00+00:00,142.3257840874,2.6259014978290196,140.31805229752547,1.4511750971645383,86.6407591708115,70.44732943434539
2020-10-08 00:00:00+00:00,143.368714333,0.7327767433619625,141.84338331526274,1.0919759202632504,89.44250494459303,47.305096174619564
2020-10-09 00:00:00+00:00,144.7279430957,0.9480651124086359,143.28566320548137,1.020020516335943,92.51237295581379,50.10126177638795
2020-10-12 00:00:00+00:00,144.1722835386,-0.38393384526481666,143.72897337204068,0.3180433355355632,78.51301924277398,33.569638158387804
2020-10-13 00:00:00+00:00,142.4454646074,-1.197746812921685,143.08721898972033,-0.43985173869306093,46.037804036742045,25.775254383439336
2020-10-14 00:00:00+00:00,143.9585683244,1.0622336914483999,143.52289365706017,0.31119097637766946,65.04258377696698,62.26841679091951
2020-10-15 00:00:00+00:00,144.5398737071,0.4038004750019919,144.0313836820801,0.3574957256898307,70.94038337674215,51.255516765021305
2020-10-16 00:00:00+00:00,146.1555607269,1.1178140525250901,145.09347220449007,0.7376548891074604,82.94010531520229,62.14569811158911
2020-10-19 00:00:00+00:00,144.9416583099,-0.8305550681497964,145.01756525719503,-0.046450089521168025,56.60008172298332,32.46118115542537
2020-10-20 00:00:00+00:00,146.1384635098,0.8257151283181274,145.57801438349753,0.3896325193984797,70.46939313171069,58.02628396222925
2020-10-21 00:00:00+00:00,144.6168111843,-1.0412401286797213,145.09741278389876,-0.32580380464062075,43.7843419398323,35.381623251511094
2020-10-22 00:00:00+00:00,145.9332969041,0.9103268900890527,145.51535484399938,0.29226154272421595,62.30748276370215,59.911721406764265
2020-10-23 00:00:00+00:00,145.1553735242,-0.5330677757600433,145.3353641840997,-0.12040311651791366,48.22343717664341,42.15723120398137
2020-10-26 00:00:00+00:00,142.0436800046,-2.143698468786781,143.68952209434985,-1.1320507926523473,20.46621508182013,28.179604535850952
2020-10-27 00:00:00+00:00,137.658243808,-3.0873856523978893,140.67388295117493,-2.1097182225251183,9.232255069792556,21.82102793872239
2020-10-28 00:00:00+00:00,135.5210916654,-1.5525057442842383,138.09748730828747,-1.8311119834046783,6.588610450845778,49.578436793351756
2020-10-29 00:00:00+00:00,135.4783486226,-0.03153977161395316,136.78791796544374,-0.9313258775093157,6.532493313768152,66.99611828448984
2020-10-30 00:00:00+00:00,136.743542691,0.9338717819217024,136.76573032822188,0.001272952206193334,32.17988345174536,75.16443170945705
2020-11-02 00:00:00+00:00,139.291028045,1.8629657414658052,138.02837918661095,0.9321193468359993,62.914680633087066,81.7019241410333
2020-11-03 00:00:00+00:00,141.4880204475,1.5772677058498275,139.75819981705547,1.2546935263429133,76.62070200405236,72.85603475102474
2020-11-04 00:00:00+00:00,136.9145148624,-3.232433085596109,138.33635733972773,-0.988869779626598,35.57067682282326,19.511104890801843
2020-11-05 00:00:00+00:00,139.5132918678,1.8981018981163444,138.92482460376385,0.45461605924487325,55.76867444110929,62.93494003088066
2020-11-06 00:00:00+00:00,139.3594169135,-0.11029411767146113,139.14212075863193,0.17216097078670606,54.25797350848142,47.79424600618551
2020-11-09 00:00:00+00:00,139.7099098649,0.2515028830936794,139.42601531176598,0.21183192694019273,58.132901612987496,50.98083973877023
2020-11-10 00:00:00+00:00,144.5911653586,3.493850578259039,142.008590335183,1.8528412525996159,84.88371140141854,73.07422928276492
2020-11-11 00:00:00+00:00,144.6510056185,0.04138583415631558,143.3297979768415,0.9471135433779657,85.05925680459266,42.48809180833254
2020-11-12 00:00:00+00:00,142.8045061674,-1.2765203001560255,143.06715207212073,-0.16470337838902988,55.32252431896075,34.27381510321127
2020-11-13 00:00:00+00:00,145.1468249156,1.6402274767536085,144.10698849386037,0.7377620491822893,73.17008900823106,59.967286506683664
2020-11-16 00:00:00+00:00,148.6261086038,2.397078744383907,146.36654854883017,1.5674203967830982,85.8048253462502,65.25406685199289
2020-11-17 00:00:00+00:00,148.4380392152,-0.126538594306691,147.4022938820151,0.7204409012382036,82.64906211342044,39.29756730575374
2020-11-18 00:00:00+00:00,146.5231508955,-1.290025339747225,146.96272238875756,-0.2847922192545107,52.92228249566891,30.81955411316647
2020-11-19 00:00:00+00:00,147.9593171353,0.9801633605492688,147.4610197620288,0.34768557064737904,66.4839987640504,57.59502093404037
2020-11-20 00:00:00+00:00,149.0629120652,0.7458772798274227,148.2619659136144,0.5467814252374008,74.83866605299659,54.33932581073745
2020-11-23 00:00:00+00:00,150.140641489,0.7230030655301922,149.2013037013072,0.6348922453837965,81.56877920423106,53.89317313635694
2020-11-24 00:00:00+00:00,152.6754610938,1.6882967727200882,150.9383823975536,1.1615945090519424,90.517279222783,69.66107699327509
2020-11-25 00:00:00+00:00,152.7099484354,0.022588660517497416,151.8241654164768,0.5920915847847199,90.61031523227356,36.95163749142934
2020-11-27 00:00:00+00:00,152.5116462214,-0.1298554652343964,152.1679058189384,0.23111805977516175,83.54100695736149,34.713995648110156
2020-11-30 00:00:00+00:00,148.924962699,-2.351744021694746,150.5464342589692,-1.0603129809597922,26.80445184282743,14.93772919102721
2020-12-01 00:00:00+00:00,147.0195370777,-1.2794534823226011,148.78298566833462,-1.1698832316411967,17.39199691972927,39.774761002464835
2020-12-02 00:00:00+00:00,148.1662411846,0.7799671592585655,148.47461342646733,-0.19495803619131558,37.2751840922307,67.28978741078518
2020-12-03 00:00:00+00:00,148.1489975139,-0.011638056389995377,148.31180547018369,-0.10329804629065548,37.07390354507653,53.26009413874527
2020-12-04 00:00:00+00:00,148.6921731435,0.36664144794433806,148.50198930684184,0.1316717008268413,49.86540050882254,59.337138183871424
2020-12-07 00:00:00+00:00,146.7005291683,-1.3394410298099069,147.6012592375709,-0.6038846644915328,23.543298183876324,31.56909918406574
2020-12-08 00:00:00+00:00,148.6921731435,1.3576256244550722,148.14671619053547,0.3768704799817697,57.329538228397205,67.56352231367518
2020-12-09 00:00:00+00:00,151.1321525589,1.6409602225970543,149.63943437471772,1.008915351289412,76.45200593420726,70.04627250629258
2020-12-10 00:00:00+00:00,149.5802221887,-1.0268697586340414,149.60982828170887,-0.008977203672314693,53.55443681651796,33.65896615150978
2020-12-11 00:00:00+00:00,150.0371794644,0.3054931119994775,149.82350387305445,0.1482579541635814,58.98050698600792,52.24354090478988
2020-12-14 00:00:00+00:00,149.2267269377,-0.5401677968041918,149.52511540537722,-0.1959549213203052,44.99572576472359,41.24356800411808
2020-12-15 00:00:00+00:00,150.6062206001,0.9244280101217583,150.06566800273862,0.36423654440072656,65.73761034411508,62.01863303586934
2020-12-16 00:00:00+00:00,151.2356145836,0.41790702999662255,150.65064129316931,0.3910717871986745,72.76601946727821,52.406064768600984
2020-12-17 00:00:00+00:00,152.304722172,0.7069152271728996,151.47768173258464,0.548993507185787,82.11435192821995,57.980174040444616
2020-12-18 00:00:00+00:00,152.1064199581,-0.13020096230244027,151.79205084534232,0.20939627244167336,74.95579247391551,38.42670409313347
2020-12-21 00:00:00+00:00,151.4511604684,-0.4307901598634034,151.62160565687117,-0.11069694371086503,52.33980036470194,32.51967157702695
2020-12-22 00:00:00+00:00,150.692438954,-0.5009677786907973,151.1570223054356,-0.3058323612008312,34.342627121475935,30.85845258351001
2020-12-23 00:00:00+00:00,150.0113139582,-0.4519967959427218,150.5841681318178,-0.37891457857177646,23.473652329669836,34.36782136299063
2020-12-24 00:00:00+00:00,150.4682712339,0.3046152077751607,150.52621968285888,-0.037149685398307875,41.9590764335614,69.84221649091143
2020-12-28 00:00:00+00:00,150.6320861063,0.10887004353585805,150.57915289457944,0.03586017906877509,48.63150950906248,57.732646575488594
2020-12-29 00:00:00+00:00,149.8906082627,-0.49224429055356733,150.23488057863972,-0.22819205574239612,27.313038911087837,32.09738811426929
2020-12-30 00:00:00+00:00,150.1147759829,0.14955421343485487,150.17482828076987,-0.03931892115377063,39.366623132299445,60.317097571603725
2020-12-31 00:00:00+00:00,150.7010607894,0.39055769337910107,150.43794453508494,0.17561938611266523,63.26493855388033,67.84438852258913
2021-01-04 00:00:00+00:00,148.1834848554,-1.670576119910816,149.31071469524247,-0.7474783668990754,17.877740886620785,19.760249915048334
2021-01-05 00:00:00+00:00,147.9334516291,-0.1687321812845588,148.62208316217124,-0.4581052740918171,16.151542564403123,54.78523972173531
2021-01-06 00:00:00+00:00,150.183750666,1.5211563119219118,149.4029169140856,0.5315255189150474,63.599578161923105,73.96569573116437
2021-01-07 00:00:00+00:00,146.3297902465,-2.5661633847931964,147.8663535802928,-1.0173189329390744,25.91963228016844,29.13133826598897
2021-01-08 00:00:00+00:00,143.6570212754,-1.826537827053254,145.76168742784643,-1.4219283799961642,16.03626845337747,39.14398066094725
2021-01-11 00:00:00+00:00,142.43272065,-0.8522386267866167,144.09720403892322,-1.1370835033913904,12.707072461879878,52.42532410660161
2021-01-12 00:00:00+00:00,143.5621810861,0.7929782081993908,143.8296925625116,-0.1720526475959998,32.188250121760404,69.36181814495069
2021-01-13 00:00:00+00:00,143.3638788722,-0.13812984199583767,143.5967857173558,-0.15509124479591874,30.401441171351234,53.26449436092122
2021-01-14 00:00:00+00:00,143.4759627322,0.07818138075068592,143.5363742247779,-0.038454932022616406,33.52978590358783,56.76133408173706
2021-01-15 00:00:00+00:00,142.7344848887,-0.5167958655792337,143.13542955673893,-0.27762539880092507,23.187531227709783,43.372192788589736
2021-01-19 00:00:00+00:00,145.812480123,2.1564482028993526,144.47395483986946,0.9394114020492137,73.7001045407064,78.13389618364823
2021-01-20 00:00:00+00:00,146.760882016,0.6504257332431207,145.61741842793475,0.7949185676461672,79.83039325754322,51.44629628487315
2021-01-21 00:00:00+00:00,147.1488646086,0.26436376456071553,146.3831415182674,0.5296411661034414,82.35431821152896,45.47389451563626
2021-01-22 00:00:00+00:00,145.7435054399,-0.9550594715345695,146.0633234790837,-0.21270915271556406,49.02333115455694,29.337495098092592
2021-01-25 00:00:00+00:00,146.9074532176,0.7986275437707135,146.48538834834184,0.29295919552757477,66.07897683901264,59.97545198376579
2021-01-26 00:00:00+00:00,151.7011936947,3.2631022947484434,149.09329102152094,1.778030745138009,88.93980190977081,79.08825979333402
2021-01-27 00:00:00+00:00,160.9265575625,6.081273088968642,155.00992429201045,3.9296519170533255,96.24500654824595,88.5042924864002
2021-01-28 00:00:00+00:00,158.1417047314,-1.7305116528192777,156.57581451170523,1.099570132117024,74.08736102974498,30.814123159316445
2021-01-29 00:00:00+00:00,151.4511604684,-4.230727292565706,154.01348749005263,-1.565578580224341,40.49260131042093,23.46962548701275
2021-02-01 00:00:00+00:00,150.6234642709,-0.5465103040083297,152.3184758804763,-1.0560444421163353,37.349803073785246,49.87632729663425
2021-02-02 00:00:00+00:00,150.8993630034,0.18317115054782285,151.60891944193816,-0.4364366457842562,39.69024771073974,54.536699958770605
2021-02-03 00:00:00+00:00,151.2959674314,0.26282710550014077,151.45244343666906,-0.08680477014205773,44.18615154492573,55.21849315446947
2021-02-04 00:00:00+00:00,152.6927047646,0.9231821289839237,152.07257410063454,0.41818867942093296,59.95568329598273,62.25697380485247
2021-02-05 00:00:00+00:00,154.3394753242,1.0784867306782964,153.20602471241727,0.7483377050496147,73.29797925192732,64.23977234355056
2021-02-08 00:00:00+00:00,155.8482965175,0.9775990167976145,154.52716061495863,0.8629683609236146,81.68479903841346,61.11146247505199
2021-02-09 00:00:00+00:00,156.0034895545,0.09957955298058874,155.2653250847293,0.4812739569521017,82.53132236139889,37.36068859236202
2021-02-10 00:00:00+00:00,156.12419525,0.07737371506542079,155.69476016736468,0.2793238360087612,83.42509113801435,36.81785359987156
2021-02-11 00:00:00+00:00,154.0635765917,-1.3198586260126821,154.87916837953236,-0.5202673950019605,36.11216547359474,15.526169590594156
2021-02-12 00:00:00+00:00,155.3589590708,0.8408103380158627,155.1190637251662,0.1602714715069511,58.373281734288675,63.92185327189861
2021-02-16 00:00:00+00:00,153.5593337475,-1.158365976486675,154.33919873633312,-0.4990472524898619,33.81776728838984,35.60846597505477
2021-02-17 00:00:00+00:00,153.5767214318,0.011323104806248985,153.95796008406654,-0.24386207384180647,34.218807186449176,53.632940837571056
2021-02-18 00:00:00+00:00,155.9414464943,1.5397679026180722,154.94970328918328,0.6479529143881329,70.58302855156826,70.05991219457249
2021-02-19 00:00:00+00:00,153.4810891682,-1.5777443273812142,154.21539622869165,-0.46489570649654066,37.89198857157948,33.619275144600856
2021-02-22 00:00:00+00:00,153.1159477983,-0.23790642344205803,153.66567201349582,-0.35140106496929935,34.35027984783582,50.28830419040964
2021-02-23 00:00:00+00:00,153.159417009,0.02838973426679825,153.41254451124792,-0.16150566535125055,35.428038201345686,53.750704916138645
2021-02-24 00:00:00+00:00,154.4287179616,0.8287449622019771,153.92063123642396,0.3336196484253633,62.43754298250405,64.80263344418576
2021-02-25 00:00:00+00:00,155.4111221236,0.6361538028466063,154.665876680012,0.4848867256359848,74.71583775551665,59.65699634623896
2021-02-26 00:00:00+00:00,152.1944005312,-2.069814276124793,153.43013860560598,-0.792463775244404,28.676675812713857,22.31424616661027
2021-03-01 00:00:00+00:00,153.3680692204,0.7711641723372242,153.399103913003,-0.010649801453589902,46.663749830321905,60.87903707201937
2021-03-02 00:00:00+00:00,153.9766381703,0.3968029023208475,153.68787104165148,0.19307655043362879,55.410000893605655,55.43925827781576
2021-03-03 00:00:00+00:00,154.8025531737,0.5363898142044965,154.24521210767574,0.36473318231906265,66.56977848072098,57.56021444099819
2021-03-04 00:00:00+00:00,154.4287179616,-0.24149163204080226,154.33696503463787,0.061620775139130196,56.90095292828889,41.177139235427234
2021-03-05 00:00:00+00:00,157.1846659205,1.78460845578301,155.76081547756894,0.9231146154610701,83.46238662520042,72.14850222913884
2021-03-08 00:00:00+00:00,159.7667370366,1.6426991150688686,157.7637762570845,1.2829068652649693,91.13791425186363,68.3666890560301
2021-03-09 00:00:00+00:00,157.5150319219,-1.4093704086753478,157.63940408949225,-0.06323177170518923,56.709067061795984,25.405540324979665
2021-03-10 00:00:00+00:00,160.4100813551,1.837951208768085,159.02474272229614,0.8873597185314479,74.95534237020738,62.75659449535492
2021-03-11 00:00:00+00:00,160.4622444079,0.032518562648520266,159.74349356509805,0.4599391405899841,75.23742179792926,44.27011576925715
2021-03-12 00:00:00+00:00,160.7665288829,0.18962995072318023,160.25501122399902,0.32478454565658216,77.45888797671,46.33366300172659
2021-03-15 00:00:00+00:00,164.7309208995,2.4659312135100198,162.4929660617495,1.395357879583301,91.81276425522141,70.2631860154786
2021-03-16 00:00:00+00:00,162.4444404162,-1.3880092886113138,162.46870323897474,0.0036742954859936283,59.199509908520135,32.95033443116194
2021-03-17 00:00:00+00:00,163.7050475268,0.7760235483407207,163.08687538288737,0.3898489219133572,68.46366484371828,53.671986603462024
2021-03-18 00:00:00+00:00,166.052384905,1.4338821030033921,164.5696301439437,0.9118655124583747,80.70230022588105,59.394335396310254
2021-03-19 00:00:00+00:00,164.0614950546,-1.1989528795620874,164.31556259927186,-0.14354368355185637,54.02756383687371,34.10521205129378
2021-03-22 00:00:00+00:00,164.7222270573,0.4027343542615691,164.5188948282859,0.12959533535485637,60.52324934703139,52.54378108523269
2021-03-23 00:00:00+00:00,163.7311290532,-0.6016783659410052,164.12501194074295,-0.23604151529307443,45.923510965707436,41.59545393628935
2021-03-24 00:00:00+00:00,165.7828757986,1.2531195242251991,164.9539438696715,0.5085390044660624,69.08268355190589,62.96871764107162
2021-03-25 00:00:00+00:00,167.8780917547,1.2638313492916664,166.41601781218574,0.8861851768788644,81.33024232142266,63.085742054089636
2021-03-26 00:00:00+00:00,169.4255956559,0.9218021750337702,167.92080673404286,0.9039936759563173,87.02476377122868,54.792575725453496
2021-03-29 00:00:00+00:00,170.1732660801,0.4412972085507727,169.04703640707143,0.6726454422535451,89.37369604199972,42.90650547594297
2021-03-30 00:00:00+00:00,169.2169434445,-0.5619699601639327,169.13198992578572,0.055337741044806155,66.33399388697838,25.548687040801113
2021-03-31 00:00:00+00:00,167.5129503848,-1.0069872584945183,168.32247015529288,-0.4758247587248561,39.27402844961806,20.130262928059818
2021-04-01 00:00:00+00:00,167.5303380691,0.01037990451486781,167.92640411219645,-0.23272242710499413,39.650842843508734,53.75958955993303
2021-04-05 00:00:00+00:00,169.5038402352,1.177996886322763,168.7151221736982,0.47263722960888443,70.65341416725589,73.19167839661567
2021-04-06 00:00:00+00:00,169.3908202874,-0.0666769246308263,169.0529712305491,0.20298015248902906,67.66724929178139,43.775942396835
2021-04-07 00:00:00+00:00,169.4864525509,0.05645657972359608,169.26971189072455,0.12971836610631257,69.31340144172182,46.94036321181851
2021-04-08 00:00:00+00:00,170.1558783958,0.3949730700151033,169.71279514326227,0.26234571806070794,80.00332191453444,56.9354544967105
2021-04-09 00:00:00+00:00,172.1380744041,1.164929491115907,170.92543477368113,0.7136376045883075,92.1497061647682,73.78409635822281
2021-04-12 00:00:00+00:00,171.9902790877,-0.0858585858541927,171.45785693069058,0.3138895093670574,86.28773644770129,37.7730419220826
2021-04-13 00:00:00+00:00,170.8079165565,-0.6874589293486166,171.1328867435953,-0.18678470999077962,48.933632749214844,27.93619470526809
2021-04-14 00:00:00+00:00,171.0513441364,0.14251539671432667,171.09211543999766,-0.022134656638226474,54.95562498307418,53.172386995421704
2021-04-15 00:00:00+00:00,171.6859946128,0.3710292249407443,171.3890550263988,0.17444728415125893,69.17239864280997,59.089150623055815
2021-04-16 00:00:00+00:00,172.6423172483,0.5570184322004845,172.0156861373494,0.36573285817587176,82.00773763260516,64.55659259430352
2021-04-19 00:00:00+00:00,172.6510110905,0.005035753886151184,172.3333486139247,0.18538430603101147,82.10931411668986,40.475823802380695
2021-04-20 00:00:00+00:00,172.3988896684,-0.14602950802752312,172.36611914116236,0.019677399001744172,65.92043681794081,35.10083446302055
2021-04-21 00:00:00+00:00,174.6419009409,1.30105900149029,173.50401004103117,0.6603682002460172,90.61453340456015,77.68339536103052
2021-04-22 00:00:00+00:00,174.6592886252,0.009956192761473304,174.0816493331156,0.33516219650374524,90.69295084805034,41.36250500681844
2021-04-23 00:00:00+00:00,175.7894881036,0.6470881035278264,174.93556871835779,0.4911251500157858,94.8711091122561,56.43862684214612
2021-04-26 00:00:00+00:00,173.5551706732,-1.2710187932757577,174.2453696957789,-0.38994682162998595,40.69568755163768,26.116362601879803
2021-04-27 00:00:00+00:00,169.0517604439,-2.594800380669615,171.64856506983944,-1.4923736011498006,14.92620671857518,16.782289661988237
2021-04-28 00:00:00+00:00,170.3384490808,0.7611211107896088,170.9935070753197,-0.3656262451800959,33.08555880160744,64.72451596055193
2021-04-29 00:00:00+00:00,173.050927829,1.592405450934531,172.02221745215985,0.6133896028772174,60.05052074719216,70.94415299837411
2021-04-30 00:00:00+00:00,171.39040398,-0.9595578999962551,171.70631071607994,-0.1730841485595188,43.83118127388349,39.154336492303074
2021-05-03 00:00:00+00:00,172.6683987748,0.745662980611872,172.18735474543996,0.2862894160261766,57.182236479735565,58.012185403275694
2021-05-04 00:00:00+00:00,173.3378246197,0.3876944766095125,172.76258968256997,0.33699194631784457,63.92046691961243,52.85401226518731
2021-05-05 00:00:00+00:00,175.1287561008,1.0332029290371247,173.94567289168498,0.6850974376774847,77.88598860087127,61.99453639502336
2021-05-06 00:00:00+00:00,175.9720587886,0.48153296270467827,174.9588658401425,0.5833152001910815,82.63382890927383,49.65365337930383
2021-05-07 00:00:00+00:00,176.5458523699,0.3260708462752504,175.75235910502124,0.45469302323316596,85.75521760752736,45.79981877319292
2021-05-10 00:00:00+00:00,180.2494291223,2.0977987886343863,178.00089411366062,1.276245905933776,94.80156543825458,76.7061317016777
2021-05-11 00:00:00+00:00,177.1109521091,-1.741185549647728,177.5559231113803,-0.23246982185697596,52.45634748822343,26.882849890073064
2021-05-12 00:00:00+00:00,172.8944386705,-2.380718633369794,175.22518089094015,-1.3065942276133848,27.606431303730137,23.1288502415442
2021-05-13 00:00:00+00:00,176.8414430027,2.2828983757668286,176.03331194682008,0.4881520740767219,56.52480208239538,69.58562000176632
2021-05-14 00:00:00+00:00,177.6847456905,0.47686937715563094,176.85902881866002,0.4825107256161764,61.45887298813311,51.50454376050373
2021-05-17 00:00:00+00:00,178.3193961668,0.3571778060258879,177.58921249273,0.4198442658210322,65.835872849882,50.2076489011863
2021-05-18 00:00:00+00:00,176.5110770014,-1.0140900004554254,177.05014474706502,-0.2971228673171966,44.322513294341135,35.04353337111939
2021-05-19 00:00:00+00:00,176.1372417893,-0.21179136088838035,176.5936932681825,-0.2544571141027885,40.24450071265948,48.653649116244274
2021-05-20 00:00:00+00:00,176.5980154228,0.26159921026309707,176.59585434549126,0.003571048080154293,48.93160549826777,56.68599770274855
2021-05-21 00:00:00+00:00,176.7819260761,0.104140838083433,176.68889021079565,0.053855943081793645,53.0205882745064,52.58199677382761
2021-05-24 00:00:00+00:00,177.4387498379,0.3715446348951046,177.06382002434782,0.21270028898844912,67.12288855995615,59.965452152732105
2021-05-25 00:00:00+00:00,176.6505613237,-0.4442031489288789,176.8571906740239,-0.1157514299702149,43.577100905416025,35.01594951745407
2021-05-26 00:00:00+00:00,176.5367118717,-0.06444896135449074,176.69695127286195,-0.09010019566235282,40.49902546314092,49.64565697461226
2021-05-27 00:00:00+00:00,177.9904817978,0.8234943942745154,177.34371653533097,0.3666970993060813,74.71201906614829,71.86267080052237
2021-05-28 00:00:00+00:00,177.8153287947,-0.0984058255985576,177.57952266501547,0.13414563685376185,67.67911292336399,42.594635380402124
2021-06-01 00:00:00+00:00,177.9554511972,0.07880220645193337,177.76748693110773,0.10647392165284761,70.95953116273625,48.62735184972803
2021-06-02 00:00:00+00:00,178.0342700486,0.0442913385736432,177.90087848985388,0.0753826301132454,73.2502872757961,47.17900380109809
2021-06-03 00:00:00+00:00,178.3670607546,0.18692508240640837,178.13396962222694,0.1311538562598269,82.16189817195327,55.412160927426584
2021-06-04 00:00:00+00:00,180.451381492,1.1685569794008366,179.29267555711345,0.6498554178303317,95.68067648730889,82.91050846936535
2021-06-07 00:00:00+00:00,178.4196066555,-1.1259403057493844,178.85614110630672,-0.23804244395952634,45.38649525611177,26.218239318315803
2021-06-08 00:00:00+00:00,178.2969995533,-0.06871840180475708,178.57657032980336,-0.1533804228821417,43.325085879072525,49.896588571161274
2021-06-09 00:00:00+00:00,177.5525992899,-0.41750577141791423,178.06458480985168,-0.28544309715002797,30.647949304448073,43.0583309910481
2021-06-10 00:00:00+00:00,177.8941476461,0.19236460494860275,177.97936622797585,-0.04653924610071261,42.27306261344093,58.114292737944034
2021-06-11 00:00:00+00:00,177.613902841,-0.15753458380065588,177.7966345344879,-0.10203691495068425,35.043362423872,47.341728821488616
2021-06-14 00:00:00+00:00,176.3440435682,-0.7149548838734643,177.07033905134395,-0.40849589941207426,16.205566753550453,32.808697341313994
2021-06-15 00:00:00+00:00,175.6872198064,-0.3724672228840875,176.37877942887198,-0.39048156114808086,11.43596863440251,47.62632181089527
2021-06-16 00:00:00+00:00,172.4468892482,-1.8443746572862407,174.412834338536,-1.1174281092171607,3.5985285390735737,19.666898009541274
2021-06-17 00:00:00+00:00,170.8967851704,-0.8988878167404679,172.65480975446798,-1.0081579629788142,2.4122505098152898,48.69023947462374
2021-06-18 00:00:00+00:00,167.7965770147,-1.8140821973969823,170.225693384584,-1.4111200801878983,1.2128143780592777,31.937068029251716
2021-06-21 00:00:00+00:00,170.9580887215,1.8841336116904417,170.591891053042,0.23650676575127172,43.889688346621746,77.9415546289834
2021-06-22 00:00:00+00:00,170.8967851704,-0.03585881870723506,170.744338111721,0.10032397352201833,43.34504334017389,51.06346730184444
2021-06-23 00:00:00+00:00,168.4621584266,-1.4246182228486282,169.6032482691605,-0.6621471246633049,24.92174238575345,37.15998514831909
2021-06-24 00:00:00+00:00,169.2503469408,0.467872738638464,169.42679760498027,-0.09713719301242046,37.76687487012406,59.62889426865565
2021-06-25 00:00:00+00:00,170.5552368142,0.7709820966313341,169.99101720959013,0.3369224518094568,56.32374755943721,62.82250935661528
2021-06-28 00:00:00+00:00,172.0878255918,0.8985879332861435,171.03942140069506,0.6177551925478002,71.36589475597329,64.59133076338058
2021-06-29 00:00:00+00:00,171.6762160344,-0.2391857506389483,171.35781871754753,0.18928472095442594,62.670686518554454,39.473357821047614
2021-06-30 00:00:00+00:00,173.9532050753,1.326327602912536,172.65551189642377,0.7578061619334809,81.43754190294783,66.42270375543283
2021-07-01 00:00:00+00:00,174.3560569825,0.23158636658957565,173.50578443946188,0.4946962642615283,83.62259651471322,45.27689686413299
2021-07-02 00:00:00+00:00,175.0566689951,0.40182831885806625,174.28122671728096,0.44826229155979724,87.4702274744735,49.05971494162337
2021-07-06 00:00:00+00:00,172.4293739479,-1.5008254539983112,173.35530033259047,-0.5262815812192569,37.67813949704243,22.724875173291355
2021-07-07 00:00:00+00:00,175.0303960446,1.508456498534816,174.19284818859524,0.4910874586577795,66.22726352355254,66.01054900707832
2021-07-08 00:00:00+00:00,173.6379296696,-0.7955568898131204,173.91538892909762,-0.1522347155776705,48.41664495070011,40.16935043983222
2021-07-09 00:00:00+00:00,176.0287681626,1.376910273895393,174.9720785458488,0.6123377791588613,69.5246639804879,61.49100726842153
2021-07-12 00:00:00+00:00,175.1354878465,-0.5074626865961163,175.0537831961744,0.05243754628137254,56.55478240191742,42.011734305845636
2021-07-13 00:00:00+00:00,174.8026971405,-0.19001900191222276,174.9282401683372,-0.06879072781542511,51.21560775775312,46.30956355658936
2021-07-14 00:00:00+00:00,177.6314181413,1.6182364729340426,176.2798291548186,0.7747228725593087,77.86241603642507,67.12716099890386
2021-07-15 00:00:00+00:00,177.4212345376,-0.11832569142291582,176.8505318462093,0.32819859056819645,73.3942789926699,43.07049850867798
2021-07-16 00:00:00+00:00,174.6012711869,-1.589417049232833,175.72590151655464,-0.6306092293323182,34.05966591863463,29.59390904801537
2021-07-19 00:00:00+00:00,173.0161365084,-0.9078597582506731,174.37101901247732,-0.7692344937914957,23.458949839116958,42.16908681825999
2021-07-20 00:00:00+00:00,175.8711304597,1.6501316055923976,175.12107473608864,0.44044855590045096,58.42109847743215,71.16416877858472
2021-07-21 00:00:00+00:00,175.8273422089,-0.024897918541566533,175.47420847249433,0.2077753186794422,57.8135554507672,47.682173885810435
2021-07-22 00:00:00+00:00,174.3385416822,-0.8467400507772949,174.90637507734715,-0.3194823660489263,37.77754561001809,38.36531407631092
2021-07-23 00:00:00+00:00,175.5821280045,0.7133169236707815,175.24425154092359,0.19691727881092758,56.615896053730175,60.39821207384968
2021-07-26 00:00:00+00:00,176.6155307231,0.5885580328389262,175.9298911320118,0.39273765582492687,68.50247909003907,57.914747833125546
2021-07-27 00:00:00+00:00,175.5646127042,-0.5950314870936557,175.7472519181059,-0.10114691563436443,48.311170895458595,36.53620411448722
2021-07-28 00:00:00+00:00,173.6466873198,-1.0924327829272773,174.69696961895295,-0.5967898492808209,26.737251328770768,29.639303049498984
2021-07-29 00:00:00+00:00,173.550353168,-0.05547710312642229,174.12366139347648,-0.3261334762036216,25.86695601284714,55.75642528980619
2021-07-30 00:00:00+00:00,173.3489272144,-0.11606196698719096,173.73629430393822,-0.22109772159540628,23.470854574835368,53.99978664122781
2021-08-02 00:00:00+00:00,172.9811059078,-0.21218551075603553,173.3587001058691,-0.21664161617572092,18.720814020093705,50.233302535449994
2021-08-03 00:00:00+00:00,176.055041113,1.7770352369225861,174.70687060943453,0.7801968103734326,77.02019104200293,84.27668431296956
2021-08-04 00:00:00+00:00,172.989863558,-1.7410336765265488,173.84836708371728,-0.4804184330765581,37.156763670718796,29.941548731757333
2021-08-05 00:00:00+00:00,173.2263201122,0.13668809798252912,173.53734359795862,-0.1718651675470145,40.70779592968234,53.79243626769798
2021-08-06 00:00:00+00:00,173.5153225674,0.16683518706210876,173.52633308267932,-0.002514990242452872,46.27356907700926,54.16820125822758
2021-08-09 00:00:00+00:00,172.9022870564,-0.3533033866573221,173.21431006953966,-0.17790918844988748,35.63128682791471,44.75012085560326
2021-08-10 00:00:00+00:00,174.496179385,0.9218457174485328,173.85524472726985,0.3719682644993227,66.0671905023152,66.29806928484481
2021-08-11 00:00:00+00:00,176.5279542215,1.1643663739004717,175.19159947438493,0.7681673191998972,82.17913603282717,69.67242808897997
2021-08-12 00:00:00+00:00,176.4053471193,-0.06945477997563065,175.79847329684247,0.3493562696121333,78.79268069538854,39.495350199533924
2021-08-13 00:00:00+00:00,175.6609468559,-0.4219828228316569,175.72971007637125,-0.0363132766097618,57.291722674308176,33.3116899445255
2021-08-16 00:00:00+00:00,177.1847779833,0.8674842955560536,176.45724402983564,0.4155855094731459,76.76249095569958,64.12733085114375
2021-08-17 00:00:00+00:00,174.7589088897,-1.3691182285583525,175.6080764597678,-0.4767663595426033,36.75200390908997,29.119133896356445
2021-08-18 00:00:00+00:00,172.0965832419,-1.5234277123350237,173.85232985083388,-1.0000970359388135,19.77993655340753,27.561978224960892
2021-08-19 00:00:00+00:00,171.0894534738,-0.5852119485047269,172.47089166231694,-0.7926544922217702,15.67297468559301,51.308797423777094
2021-08-20 00:00:00+00:00,171.3346676782,0.14332514332189294,171.90277967025847,-0.32466467444993863,21.616853159549738,64.76344904745869
2021-08-23 00:00:00+00:00,171.7935367923,0.26782035434991247,171.84815823127923,-0.02842216005001308,34.563509053039674,67.09415377520558
2021-08-24 00:00:00+00:00,171.8553076346,0.03595644135010456,171.85173293293963,0.0037671406500457416,36.67550274228792,56.62983551769859
2021-08-25 00:00:00+00:00,171.4935069869,-0.21052631581752745,171.6726199599198,-0.10337958758374086,28.57319848434862,45.35113506154204
2021-08-26 00:00:00+00:00,172.3582987789,0.5042708655238259,172.0154593694099,0.20044563897004253,60.142947479388965,70.71910319340907
2021-08-27 00:00:00+00:00,172.1200398158,-0.1382346917949362,172.06774959260497,0.031105473587553167,50.8540454859885,43.49594046676722
2021-08-30 00:00:00+00:00,173.1083732923,0.5742117405722835,172.5880614424525,0.3026586070799183,74.93837095405563,65.55213958708315
2021-08-31 00:00:00+00:00,171.8464832286,-0.7289595758428469,172.21727233552625,-0.21315048438146428,38.65698082221364,31.65232983020482
2021-09-01 00:00:00+00:00,170.6993104433,-0.6675567423593765,171.45829138941312,-0.44035361337042034,23.284474384838788,34.062357154963955
2021-09-02 00:00:00+00:00,171.9788493192,0.7495864351045656,171.71857035430656,0.15461641086707262,53.93355109248432,70.30794263915588
2021-09-03 00:00:00+00:00,171.5376290171,-0.2565549797818978,171.62809968570326,-0.050969284457412584,44.69707173026822,44.34692291444905
2021-09-07 00:00:00+00:00,163.7633272957,-4.532126138122727,167.69571349070162,-2.29154771129007,8.088045198274637,13.22344027593836
2021-09-08 00:00:00+00:00,165.801765091,1.2447462010949817,166.7487392908508,-0.5234007550975441,30.482113542569202,64.17709735479146
2021-09-09 00:00:00+00:00,163.9133421983,-1.1389642876621586,165.3310407445754,-0.8311825213798514,22.772073602673043,47.070208038813284
2021-09-10 00:00:00+00:00,162.8544134735,-0.6460296096695628,164.0927271090377,-0.7386060655247071,18.777214621279615,51.11239898174395
2021-09-13 00:00:00+00:00,163.4544730842,0.3684638309158661,163.77360009661885,-0.1850711173044205,29.3170212615508,60.439202121035215
2021-09-14 00:00:00+00:00,160.9748149869,-1.5170328780312325,162.3742075417594,-0.8510519976678266,16.24799538020857,39.454638360848094
2021-09-15 00:00:00+00:00,162.5367348561,0.9702883456192302,162.4554711989297,0.059618173975701794,41.06924277103156,64.11136833239068
2021-09-16 00:00:00+00:00,161.1866007319,-0.8306639882949107,161.82103596541486,-0.38552290715960447,29.668495099561603,44.450808884413355
2021-09-17 00:00:00+00:00,160.1541452252,-0.6405343260617924,160.98759059530744,-0.5130286166106984,22.503043236150955,47.023473777662026
2021-09-20 00:00:00+00:00,159.3070022453,-0.5289547633680058,160.14729642030372,-0.5209916899893521,17.34670234023444,49.09867679581422
2021-09-21 00:00:00+00:00,157.4450525708,-1.1687808120530607,158.79617449555184,-0.8448862510212064,9.881655299485763,36.724815214111345
2021-09-22 00:00:00+00:00,158.6981182285,0.7958749019036482,158.74714636202592,-0.02450567455877911,37.17449650418043,70.71655633093977
2021-09-23 00:00:00+00:00,160.1894428493,0.9397241992830319,159.46829460566295,0.4576092623621264,59.22172529410321,72.3480248379364
2021-09-24 00:00:00+00:00,159.7570469534,-0.2699278355732804,159.61267077953147,0.09384071339442301,51.379982124014994,42.48894300296215
2021-09-27 00:00:00+00:00,160.4188774064,0.41427308880654934,160.01577409296573,0.2540569011004862,62.71499878768712,57.40420670842027
2021-09-28 00:00:00+00:00,158.8834307554,-0.957148357989146,159.44960242418287,-0.3515457284443299,34.62413031318605,32.253995162289044
2021-09-29 00:00:00+00:00,159.6158564567,0.46098306023334423,159.53272944044141,0.05471866589450716,50.491186777222715,59.664692937527384
2021-09-30 00:00:00+00:00,154.7977307587,-3.0185758513954664,157.1652300995707,-1.4819285927504795,14.872722943880316,23.97000791615756
2021-10-01 00:00:00+00:00,155.9096059198,0.7182761372860114,156.53741800968533,-0.38182622773223407,31.58019056317328,61.28303186137666
2021-10-04 00:00:00+00:00,155.3448439332,-0.3622368123298969,155.94113097144265,-0.3720315200310655,27.472145885978783,50.5277703462096
2021-10-05 00:00:00+00:00,156.9685346446,1.0452169961290725,156.4548328080213,0.33659273804900347,53.53705648180827,63.16034166783759
2021-10-06 00:00:00+00:00,157.4274037587,0.29233190915551877,156.94111828336065,0.3144623236022611,59.67965868192977,52.4201026735629
2021-10-07 00:00:00+00:00,156.8979393963,-0.3363228699442611,156.91952883983032,-0.010930273170999982,48.56683051188201,43.215871182778486
2021-10-08 00:00:00+00:00,156.1478648829,-0.4780652418292286,156.53369686136517,-0.2444977575001143,34.797672147818396,40.793401666551304
2021-10-11 00:00:00+00:00,155.5566296782,-0.3786380333431816,156.0451632697826,-0.3115678954216479,26.06160555009335,44.090970082366965
2021-10-12 00:00:00+00:00,154.8947992252,-0.42545949624207546,155.4699812474913,-0.36851369583186167,18.333302193557497,42.422010040766295
2021-10-13 00:00:00+00:00,156.3420018158,0.9343132228061046,155.90599153164564,0.2828997634871215,58.6005246868745,78.26388784987628
2021-10-14 00:00:00+00:00,159.1216897185,1.7779533781171475,157.51384062507282,1.0304265708021345,82.89685357490849,86.2370194188724
2021-10-15 00:00:00+00:00,160.551243497,0.8984028393797194,159.0325420610364,0.964414705090927,88.22691167283705,54.80087053275241
2021-10-18 00:00:00+00:00,160.3571065641,-0.12091898428904235,159.6948243125682,0.4217478604009423,82.96036988916867,33.54421259976259
2021-10-19 00:00:00+00:00,160.8777465205,0.32467532468969384,160.2862854165341,0.3732115925453181,86.25979490006638,47.01962651237903
2021-10-20 00:00:00+00:00,160.9748149869,0.06033678895893679,160.63055020171703,0.21677419075212745,86.9656251052108,39.83244834570234
2021-10-21 00:00:00+00:00,160.7100828057,-0.16445565178722088,160.67031650370853,0.026159269482453285,71.86358177333939,33.33312994995839
2021-10-22 00:00:00+00:00,159.5452612084,-0.7247968372390723,160.10778885605427,-0.3493187838783095,33.485271519324385,20.702668088359637
2021-10-25 00:00:00+00:00,160.9571661748,0.8849557521835472,160.53247751542713,0.26781848415261883,66.2531200432289,69.88133281098682
2021-10-26 00:00:00+00:00,160.7453804299,-0.13157894732689357,160.63892897266356,0.06811976841286263,59.64214007619386,44.02106427090663
2021-10-27 00:00:00+00:00,157.2862132621,-2.1519543258715967,158.9625711173818,-1.0419172787293671,17.314174915668907,20.930044298645996
2021-10-28 00:00:00+00:00,158.7245914466,0.9144973069591833,158.8435812819909,-0.06370998588509191,42.68502732091213,63.9641444825828
2021-10-29 00:00:00+00:00,157.6744871279,-0.6615889252758134,158.25903420494546,-0.36264945558045264,31.9495870550577,45.057837940198695
2021-11-01 00:00:00+00:00,158.4686836715,0.5036937541809117,158.36385893822273,0.07052214930022951,47.05563468253285,58.621745962336206
2021-11-02 00:00:00+00:00,160.5777167151,1.3308831718271463,159.47078782666136,0.7007026605636879,71.90137080506273,67.23479496619302
2021-11-03 00:00:00+00:00,160.8071512722,0.1428806946527139,160.13896954943067,0.4217916776082009,73.90003038637451,46.41929216583471
2021-11-04 00:00:00+00:00,159.3775974936,-0.8889864457459207,159.75828352151535,-0.23359738406885988,44.389913855090164,33.077302466869796
2021-11-05 00:00:00+00:00,160.4277018124,0.658878245948058,160.09299266695768,0.21264043093959906,61.38179867887686,59.360232246142104
2021-11-08 00:00:00+00:00,160.1982672554,-0.14301430140056803,160.14562996117883,0.03481306476951551,55.79455688716971,45.48003667562853
2021-11-09 00:00:00+00:00,160.0129547285,-0.11567698582192198,160.07929234483942,-0.04043196052620324,50.25270969977463,46.12424203733292
2021-11-10 00:00:00+00:00,160.9748149869,0.6011139910715446,160.5270536658697,0.2803410152726707,71.94686028033195,63.21785200069615
2021-11-11 00:00:00+00:00,159.024621252,-1.2114899682032165,159.77583745893486,-0.46557447646527295,30.928060798298212,28.68989040852071
2021-11-12 00:00:00+00:00,162.0690413359,1.9144331613125676,160.92243939741743,0.7244293424236473,70.41917790910638,70.44576384177194
2021-11-15 00:00:00+00:00,161.7601871245,-0.19056953064829907,161.3413132609587,0.2669299058876741,64.78282878421096,44.26461193834596
2021-11-16 00:00:00+00:00,161.8131335608,0.032731438582755956,161.57722341087936,0.14983067223521504,65.49304092138635,47.37662747984281
2021-11-17 00:00:00+00:00,161.7866603426,-0.016360364339684796,161.68194187673967,0.06673515394776512,64.51721910136314,46.5200618494143
2021-11-18 00:00:00+00:00,159.0599188762,-1.6853932583971054,160.37093037646983,-0.8093290522246701,19.538876769066782,24.20364540876609
2021-11-19 00:00:00+00:00,159.4692021043,0.25731386699534564,159.92006624038493,-0.27600759261466223,30.454924662534673,58.75171414903964
2021-11-22 00:00:00+00:00,159.8517929479,0.23991519274662032,159.88592959414245,-0.018046199934020957,41.57010106352709,58.39415743650419
2021-11-23 00:00:00+00:00,159.6738437183,-0.11132138483928022,159.7798866562212,-0.06468379238665059,37.399759847837,49.30735760199659
2021-11-24 00:00:00+00:00,158.0456082675,-1.0197258441855706,158.9127474618606,-0.5422048182861106,15.734669842054545,30.746233729841
2021-11-26 00:00:00+00:00,156.1682438952,-1.187862410654572,157.5404956785303,-0.8650336144703413,7.859959237006878,27.83693612857175
2021-11-29 00:00:00+00:00,156.7999636603,0.40451230630724755,157.17022966941516,-0.2302606540815469,26.44133817996375,69.21660852210238
2021-11-30 00:00:00+00:00,151.2924350042,-3.5124553141044124,154.23133233680758,-1.8713579840929797,7.269574206501294,22.21494276691234
2021-12-01 00:00:00+00:00,151.9063598463,0.405786873668168,153.06884609155378,-0.7327855552124058,17.296179439352596,61.471740851553996
2021-12-02 00:00:00+00:00,151.4881791568,-0.2752884671340494,152.27851262417687,-0.5040370111732276,15.575451061363033,54.32346503524497
2021-12-03 00:00:00+00:00,153.5612876816,1.3684952425589536,152.91990015288843,0.432229115692863,51.474430487559204,67.85572207280603
2021-12-06 00:00:00+00:00,157.6630174238,2.671070166267886,155.29145878834422,1.5516496409803744,78.54722520820637,76.22726540393514
2021-12-07 00:00:00+00:00,157.0846824276,-0.36681715576039053,156.18807060797212,0.5924162426099919,70.25718077638432,39.88676615358998
2021-12-08 00:00:00+00:00,156.6309118922,-0.2888700084485607,156.40949125008606,0.1517731170807156,62.494433862903335,40.969879830559286
2021-12-09 00:00:00+00:00,156.5419372774,-0.05680527152982506,156.47571426374304,0.047483922775445275,60.52746152748234,45.36597730117618
2021-12-10 00:00:00+00:00,157.574042809,0.6593156757547014,157.02487853637152,0.35339979926507337,74.49524134112023,59.37134642611654
2021-12-13 00:00:00+00:00,155.3318825161,-1.4229249011639467,156.17838052623574,-0.5347625509494367,34.59909819304895,28.030933001785424
2021-12-14 00:00:00+00:00,155.4564469768,0.080192461896611,155.81741375151788,-0.22728504452641285,37.39320256277894,54.206070800444444
2021-12-15 00:00:00+00:00,156.3995778937,0.6066849817047082,156.10849582260894,0.18969996858914767,57.84644553197146,61.552861948418865
2021-12-16 00:00:00+00:00,158.6506356481,1.4392991238953101,157.37956573535448,0.8144995462422289,80.57104039066859,72.15122370396216
2021-12-17 00:00:00+00:00,155.4831393613,-1.9965229095115444,156.43135254832725,-0.5910116816346578,37.6879904772438,26.66056570180361
2021-12-20 00:00:00+00:00,153.605774989,-1.207439198881577,155.01856376866363,-0.8992254402581173,25.58267023475578,39.74748375007906
2021-12-21 00:00:00+00:00,153.8549039104,0.16218721035574646,154.43673383953183,-0.36851911495118544,30.054641816764818,58.860497281961216
2021-12-22 00:00:00+00:00,153.605774989,-0.161924589381357,154.0212544142659,-0.26522185216627125,27.569531892599457,52.903562111006444
2021-12-23 00:00:00+00:00,155.6788835138,1.3496292863653503,154.85006896403297,0.5422037170995395,64.35689778964631,72.42559775176102
2021-12-27 00:00:00+00:00,157.2181443498,0.9887409270015413,156.0341066569165,0.7654723220505404,77.23451948259148,63.063829581884164
2021-12-28 00:00:00+00:00,158.054505729,0.5319750990948835,157.04430619295823,0.6487237105727119,82.41320812091597,50.63733520810746
2021-12-29 00:00:00+00:00,158.7396102629,0.43346093218921133,157.8919582279291,0.5410923213809616,86.255055444075,47.60276749790978
2021-12-30 00:00:00+00:00,158.054505729,-0.4315901574694192,157.97323197846455,0.05475108195577122,64.96694252739687,26.603636515520254
2021-12-31 00:00:00+00:00,158.0456082675,-0.005629362768855284,158.00942012298228,0.024560859593457968,64.65608417569123,44.64110743981704
2022-01-03 00:00:00+00:00,158.1434803438,0.06192647639684523,158.07645023339114,0.0432436679951516,67.24231485377669,47.69882302613159
2022-01-04 00:00:00+00:00,160.3589482522,1.4009226960122634,159.21769924279556,0.7220831820037075,90.59920623239842,80.20519889214533
2022-01-05 00:00:00+00:00,159.7005361027,-0.41058647283250815,159.45911767274777,0.15574835458559966,68.74761359408939,35.469027379978016
2022-01-06 00:00:00+00:00,158.3748143422,-0.8301298122427414,158.9169660074739,-0.3371907288285709,39.7739569139257,29.711806343366298
2022-01-07 00:00:00+00:00,160.1098193308,1.095505617989967,159.51339266913695,0.379157444580698,67.04173070014771,66.8062329496145
2022-01-10 00:00:00+00:00,157.8498641149,-1.4115031953354285,158.68162839201847,-0.5161728753773652,35.573116007814384,32.8993968267091
2022-01-11 00:00:00+00:00,159.2467655673,0.884955752247718,158.96419697965922,0.1843914384351764,55.10949568679954,60.467939893126676
2022-01-12 00:00:00+00:00,159.6382538724,0.24583752373581458,159.30122542602962,0.2151144810854955,60.184883511952755,51.61518123046095
2022-01-13 00:00:00+00:00,161.0618477092,0.8917623453448043,160.1815365676148,0.5534384132151499,75.3725869603922,60.40344169519721
2022-01-14 00:00:00+00:00,159.0332264917,-1.2595293338263036,159.6073815296574,-0.3530454603055769,41.519324835032506,31.667821593768796
2022-01-18 00:00:00+00:00,158.6239432637,-0.2573570548927706,159.11566239667872,-0.3052012575991737,36.551094398736026,48.715915912761524
2022-01-19 00:00:00+00:00,158.8018924933,0.11218308279232758,158.95877744498935,-0.09650908740342307,41.14417751746825,54.934672959881766
2022-01-20 00:00:00+00:00,154.4332389066,-2.7510085164031084,156.69600817579467,-1.4237588019032656,11.223879403337794,22.80116688642886
2022-01-21 00:00:00+00:00,153.6146724505,-0.5300455147450922,155.15534031314735,-0.9769021583241789,9.319156767395238,54.06479607148282
2022-01-24 00:00:00+00:00,153.7481343727,0.08688097306785991,154.45173734292368,-0.4450105926281595,12.932742054759876,60.69673655119821
2022-01-25 00:00:00+00:00,154.5933932133,0.549768518524596,154.52256527811184,0.05237896294821823,36.84234488838426,66.19046845756186
2022-01-26 00:00:00+00:00,150.6340228547,-2.5611510791648584,152.57829406640593,-1.2543860581083202,12.576318089186099,27.475126467279487
2022-01-27 00:00:00+00:00,151.399204542,0.5079740106510355,151.98874930420297,-0.3732060237286423,26.59227824450467,61.124654147613114
2022-01-28 00:00:00+00:00,145.1175967372,-4.149036201215594,148.55317302070148,-2.261121112472118,8.94098354946561,29.72947054737822
2022-01-31 00:00:00+00:00,147.7156554893,1.7903126915786327,148.13441425500073,-0.23540421044674265,35.5016528375171,64.55608285792884
2022-02-01 00:00:00+00:00,148.970197558,0.8492952656537378,148.55230590650035,0.3069455276034976,46.75159271965398,57.753604238745325
2022-02-02 00:00:00+00:00,148.285093024,-0.45989368694585586,148.41869946525017,-0.07647407967117914,40.90690737804085,47.34288646472489
2022-02-03 00:00:00+00:00,146.2653692681,-1.3620544821542624,147.34203436667508,-0.7192642809127208,26.343465618245144,39.90713293627383
2022-02-04 00:00:00+00:00,143.0088983664,-2.226412798870381,145.17546636653753,-1.472838539891551,14.155381518711458,32.55809674647357
2022-02-07 00:00:00+00:00,143.4003866716,0.2737510110713437,144.28792651906878,-0.5995437644101036,20.765927957053506,62.51141017789119
2022-02-08 00:00:00+00:00,144.5036718951,0.7693739529633481,144.3957992070844,0.08491509427662225,40.22439197456211,66.88478613554831
2022-02-09 00:00:00+00:00,145.5980596571,0.7573425281500512,144.9969294320922,0.42112881121333673,56.221248156832885,66.60186783727323
2022-02-10 00:00:00+00:00,142.1280496799,-2.383280371573826,143.56248955599608,-0.9810757801802447,24.736518512861043,25.07372378333729
2022-02-11 00:00:00+00:00,141.9501004503,-0.1252034556167958,142.75629500314804,-0.5531396178985202,23.714925536587824,55.200119069135354
2022-02-14 00:00:00+00:00,140.5887888439,-0.9590071455262028,141.67254192352402,-0.7560733817123615,16.08985164581343,45.14591262154067
2022-02-15 00:00:00+00:00,139.9926589248,-0.42402379592437756,140.83260042416202,-0.5900485888183695,13.284207572376474,53.32748376859163
2022-02-16 00:00:00+00:00,138.4711930117,-1.08681835518053,139.651896717931,-0.8384334719994497,7.966234097938828,41.75417473521772
2022-02-17 00:00:00+00:00,133.5775891977,-3.5340230033163,136.6147429578155,-2.186228237657875,2.717568715182788,18.962299171082964
2022-02-18 00:00:00+00:00,132.6609507358,-0.6862217437861973,134.63784684680775,-1.4362249907220361,2.293072240655466,58.50221428049439
2022-02-22 00:00:00+00:00,131.8791120477,-0.5893510364304966,133.25847944725388,-1.0127880135762664,1.911132615414363,59.510231537659664
2022-02-23 00:00:00+00:00,129.7492756214,-1.614991482145911,131.50387753432693,-1.3138897478610887,1.1371670906981628,42.94356680097041
2022-02-24 00:00:00+00:00,129.1381833135,-0.4709793599797063,130.32103042391347,-0.8924345539203975,0.9683835739006709,61.07405090690599
2022-02-25 00:00:00+00:00,135.2580930446,4.73903966593916,132.78956173425672,1.9233025560093813,69.3366616706024,87.72332691218197
2022-02-28 00:00:00+00:00,133.5865758493,-1.235798285836276,133.18806879177836,0.34375213508655267,54.04942624836475,40.28307933227891
2022-03-01 00:00:00+00:00,130.0817817302,-2.6236125125729703,131.63492526098918,-1.1399301887432087,31.916940248780552,33.896316090343475
2022-03-02 00:00:00+00:00,132.3014846723,1.7063903281274717,131.96820496664458,0.2832300696921315,50.984532762161585,62.05308197077947
2022-03-03 00:00:00+00:00,133.2720430438,0.7335959788387747,132.6201240052223,0.5084130242654531,58.59080175565217,54.26389407967697
2022-03-04 00:00:00+00:00,131.8611387445,-1.0586648685473432,132.24063137486115,-0.27512592214094506,43.77737828015677,40.288086754253904
2022-03-07 00:00:00+00:00,128.7607439468,-2.3512574115619245,130.50068766083058,-1.3131916668514347,23.878121485034388,31.508953906917185
2022-03-08 00:00:00+00:00,130.6659140834,1.4796203238676142,130.58330087211527,0.08321432850808974,46.35457631796821,65.21054902088798
2022-03-09 00:00:00+00:00,131.7443122739,0.8253094910518843,131.16380657300763,0.45426190977998704,57.1076931250123,57.91012272435924
2022-03-10 00:00:00+00:00,129.3448763,-1.821282401103963,130.2543414365038,-0.6835102456619879,34.21681226043074,34.485872182513816
2022-03-11 00:00:00+00:00,126.6758407785,-2.063503091772645,128.4650911075019,-1.3735066687173165,20.50368973525838,32.67162097460529
2022-03-14 00:00:00+00:00,128.9404769786,1.7877412032021534,128.70278404305094,0.2071172672424184,47.3559747720528,70.13855344945581
2022-03-15 00:00:00+00:00,129.6863690603,0.5784778365786503,129.19457655167548,0.39279755191053434,54.88478155817592,55.57305534420309
2022-03-16 00:00:00+00:00,130.7647672508,0.831543205592089,129.97967190123774,0.6121703787513118,65.56483910108642,58.291944834144665
2022-03-17 00:00:00+00:00,132.7238572969,1.498178819331808,131.35176459906887,1.05517459904156,79.06785481531473,66.41376673186656
2022-03-18 00:00:00+00:00,133.2900163469,0.42656916513019727,132.32089047298444,0.7408718820858786,82.1090085777925,45.19356564751965
2022-03-21 00:00:00+00:00,133.5236692882,0.17529665589650634,132.9222798805922,0.4580842689911925,83.58532978992524,40.62779347458882
2022-03-22 00:00:00+00:00,134.7458539041,0.9153318077725903,133.8340668923461,0.6867080383818913,90.0362898850567,58.94917302369879
2022-03-23 00:00:00+00:00,132.7148706453,-1.5072695745024234,133.27446876882306,-0.41028076806026603,45.481843946490415,23.43632949415127
2022-03-24 00:00:00+00:00,133.8831353517,0.8802816901523736,133.57880206026152,0.23500046104605377,61.794522035744926,59.50240851304004
2022-03-25 00:00:00+00:00,135.2131597867,0.9934219358593177,134.39598092348075,0.6142111984526857,74.71456896350179,60.81447991826717
2022-03-28 00:00:00+00:00,134.3234812795,-0.657982187978956,134.35973110149035,-0.02188549476313517,55.785653974420015,35.57770985369049
2022-03-29 00:00:00+00:00,136.6689973439,1.7461697999916037,135.51436422269518,0.8621421526142343,77.91362105160103,66.20390739294409
2022-03-30 00:00:00+00:00,136.0848649907,-0.42740662809587215,135.7996146066976,0.21736776225918109,65.6414693973201,40.25275003410225
2022-03-31 00:00:00+00:00,133.7932688358,-1.6839463779139585,134.7964417212488,-0.7332893078273888,34.066123224023166,30.041352828640203
2022-04-01 00:00:00+00:00,134.5211876144,0.544062332084394,134.6588146678244,-0.09461348787149737,46.360134429056735,58.2265806977632
2022-04-04 00:00:00+00:00,134.377401189,-0.1068875676388914,134.5181079284122,-0.10075052775519439,43.932956333593985,49.48866542888778
2022-04-05 00:00:00+00:00,133.811242139,-0.42132013641469346,134.1646750337061,-0.2610353320849439,33.5565661107597,44.63536827815604
2022-04-06 00:00:00+00:00,135.0693733613,0.9402283411980239,134.61702419750304,0.33959650455654,62.82447606980357,66.1788640142297
2022-04-07 00:00:00+00:00,134.7548405557,-0.23286759816277813,134.68593237660153,0.053364453196880934,53.91802151210738,44.034320221569125
2022-04-08 00:00:00+00:00,134.6290274335,-0.09336445479893873,134.65747990505076,-0.0200000008010289,49.69126451957164,47.18665837142598
2022-04-11 00:00:00+00:00,134.9076136327,0.20692877643908592,134.78254676887536,0.09346438781902851,60.08429220378857,55.31379081900011
2022-04-12 00:00:00+00:00,133.5236692882,-1.025845989884544,134.1531080285377,-0.46619080103275773,23.660905331100356,28.401062412585592
2022-04-13 00:00:00+00:00,133.5955625009,0.053843047516033415,133.87433526471887,-0.20617387675836216,27.104262223581795,56.32055934212367
2022-04-14 00:00:00+00:00,132.4452710977,-0.8610251580715933,133.15980318120944,-0.5335995174149777,13.014965805470359,37.65690348407217
2022-04-18 00:00:00+00:00,131.3668729072,-0.8142217397135276,132.26333804420472,-0.6739106285642527,7.518778372214418,39.2029500237805
2022-04-19 00:00:00+00:00,134.8896403295,2.6816253933277023,133.57648918685237,1.003857382381725,69.86853820367902,83.90946446865281
2022-04-20 00:00:00+00:00,135.3299862573,0.3264490339838888,134.45323772207618,0.6651532081828069,73.25001244436683,48.137910893719436
2022-04-21 00:00:00+00:00,136.3904111447,0.783584567417206,135.4218244333881,0.7243688878000064,80.96602041264642,53.86425212778154
2022-04-22 00:00:00+00:00,134.0538817319,-1.7131185346462074,134.73785308264405,-0.4943748234231005,41.449859481742706,28.281636907978278
2022-04-25 00:00:00+00:00,133.5416425914,-0.38211436616542027,134.139747837022,-0.43824459479426037,35.71735948214716,48.02241200209545
2022-04-26 00:00:00+00:00,129.605489196,-2.947510094243433,131.872618516511,-1.6928773445188465,13.768769137101264,26.74162084912287
2022-04-27 00:00:00+00:00,129.5965025444,-0.006933851070467512,130.7345605304555,-0.849905597794657,13.739853913683046,58.42143531653161
2022-04-28 00:00:00+00:00,132.2295914596,2.0317592400287854,131.48207599502774,0.5909268211170642,55.142365182974785,71.3194622551735
2022-04-29 00:00:00+00:00,129.605489196,-1.9845045535073935,130.54378259551387,-0.6967888661951647,32.10614726305333,37.209990908755955
2022-05-02 00:00:00+00:00,131.1242333143,1.1718208292885057,130.83400795490695,0.23751598154667053,50.17614894562801,59.847555943279076
2022-05-03 00:00:00+00:00,133.0743367088,1.4872181481707214,131.95417233185347,0.862367064858696,67.06113374631578,61.906108655074455
2022-05-04 00:00:00+00:00,138.6011274352,4.153160453840177,135.27764988352675,2.5077637593494364,86.50427153761645,76.91322574854496
2022-05-05 00:00:00+00:00,134.3144946279,-3.0927835051732355,134.79607225571337,-0.29250987291189956,51.284893246282635,29.512565972642747
2022-05-06 00:00:00+00:00,134.377401189,0.0468352736421318,134.5867367223567,-0.12283729963488388,51.71761010016778,49.671599100130656
2022-05-09 00:00:00+00:00,136.9385968915,1.9059720457740514,135.76266680692834,0.8915673730695838,68.69806743444694,59.86664426308865
2022-05-10 00:00:00+00:00,134.0089484739,-2.139388371213724,134.88580764041416,-0.6239104990720701,42.84452881269132,36.03884194985644
2022-05-11 00:00:00+00:00,131.5735658937,-1.8173283261560202,133.22968676705707,-1.2206194126140453,29.16051264292287,38.9409909930551
2022-05-12 00:00:00+00:00,134.4313210986,2.171982788099558,133.83050393282855,0.4756816877427563,54.653136932748566,66.87075441453128
2022-05-13 00:00:00+00:00,134.1707082025,-0.19386322619624474,134.00060606766428,0.1409092307732558,52.08896579450633,47.53026158284181
2022-05-16 00:00:00+00:00,135.249106393,0.8037508372337188,134.62485623033214,0.4723300340034873,62.89447044216624,55.64447435369578
2022-05-17 00:00:00+00:00,136.9026502851,1.2225913621160878,135.76375325771608,0.8474606980597875,75.56797660672721,59.580895624945015
2022-05-18 00:00:00+00:00,133.8382020938,-2.23841407373655,134.80097767575802,-0.6954766878383811,38.763139258163775,28.371649750063018
2022-05-19 00:00:00+00:00,133.4068428176,-0.3222990666728154,134.103910246679,-0.5088878772555983,35.148597647266186,50.08468765218562
2022-05-20 00:00:00+00:00,130.5655021942,-2.1298312465761637,132.3347062204395,-1.3193595619158809,18.29400019349815,35.05036390971962
2022-05-23 00:00:00+00:00,131.0647793005,0.3823958839888508,131.69974276046975,-0.46848183896351503,27.462205686588153,60.05092581559171
2022-05-24 00:00:00+00:00,132.3084331836,0.9488848871050282,132.00408797203488,0.24020152407075657,48.890275996106645,64.65296093801808
2022-05-25 00:00:00+00:00,132.3447442459,0.02744425387428695,132.17441610896742,0.13382288897252176,49.54306119545122,50.46804346793297
2022-05-26 00:00:00+00:00,133.4794649421,0.8573976266799788,132.8269405255337,0.49561025782625023,68.43873669883509,61.793450216175
2022-05-27 00:00:00+00:00,135.7216730379,1.6798150163192416,134.27430678171686,1.087712637072746,85.04199631542393,71.48463892227011
2022-05-31 00:00:00+00:00,135.5219621954,-0.1471473479731089,134.8981344885584,0.4702826445498185,79.45741764339795,38.74052238918606
2022-06-01 00:00:00+00:00,132.9166434768,-1.9224328488127718,133.9073889826792,-0.7260751021314766,34.773292669955026,23.23057396071803
2022-06-02 00:00:00+00:00,134.5143302171,1.2020215817282853,134.2108595998896,0.23797323979840435,57.0112758527079,62.67748631019511
2022-06-03 00:00:00+00:00,132.5081440261,-1.491429342704298,133.3595018129948,-0.6267280514529467,34.71732430211738,37.65697146935554
2022-06-06 00:00:00+00:00,132.7260103998,0.16441734604408786,133.0427561063974,-0.23115535270442944,38.626772666170154,54.43153945312964
2022-06-07 00:00:00+00:00,133.3251429275,0.4514055126762839,133.1839495169487,0.11012507998592724,50.78429775141704,57.41073312931196
2022-06-08 00:00:00+00:00,132.0088669198,-0.9872676516955003,132.59640821837434,-0.43857128585478655,30.726181885540964,38.48901439479589
2022-06-09 00:00:00+00:00,130.8832239891,-0.8527025168573399,131.73981610373716,-0.6456369013560632,20.393747371554618,41.207643875025695
2022-06-10 00:00:00+00:00,124.9554430719,-4.529060896065385,128.34762958781857,-2.587348898710724,5.5777036072387,14.658219581153121
2022-06-13 00:00:00+00:00,123.7934890789,-0.9298946603962022,126.07055933335928,-1.758621779553463,4.595957349943405,56.1480450591907
2022-06-14 00:00:00+00:00,122.776779335,-0.8212950062761348,124.42366933417964,-1.2899583929147989,3.733465054266173,57.09218017834093
2022-06-15 00:00:00+00:00,121.9416249026,-0.6802218114235314,123.18264711838981,-0.9850901021691651,3.0323102263305914,58.819772456041015
2022-06-16 00:00:00+00:00,118.8642623743,-2.5236358222698985,121.0234547463449,-1.7543629622195318,1.4878720056515151,32.8753224596632
2022-06-17 00:00:00+00:00,117.8657081616,-0.8400794256860689,119.44458145397245,-1.2972211939528004,1.1922981448783356,58.15823740011915
2022-06-21 00:00:00+00:00,118.0200301763,0.13093037585487632,118.73230581513621,-0.5831454090489621,5.542260467848531,68.44181362430933
2022-06-22 00:00:00+00:00,118.3740630336,0.2999769249093953,118.55318442436811,-0.14158424206978337,17.969557931106596,70.34510197766566
2022-06-23 00:00:00+00:00,118.1471188943,-0.1917177914519841,118.35015165933405,-0.16665101676088373,15.951608459979548,55.69103068612761
2022-06-24 00:00:00+00:00,121.9416249026,3.2116788321302714,120.14588828096703,1.5225139076846939,77.97727657516315,85.99094847885061
2022-06-27 00:00:00+00:00,120.5527267704,-1.138986079043447,120.34930752568351,0.19176391432062345,55.492714922445614,37.205452541488484
2022-06-28 00:00:00+00:00,118.3105186746,-1.859939759032092,119.32991310014177,-0.8340879223557343,32.676342927705306,32.607184600227846
2022-06-29 00:00:00+00:00,117.8021638026,-0.42967850846650224,118.56603845137089,-0.6318832154111182,28.66779371483986,50.728286948055384
2022-06-30 00:00:00+00:00,117.4753642421,-0.2774138860875408,118.02070134673545,-0.4546485507493295,25.635312474858203,52.75683318577657
2022-07-01 00:00:00+00:00,116.6402098097,-0.7109187852176957,117.33045557821772,-0.5827836679835126,18.239409420328816,44.868039439115314
2022-07-05 00:00:00+00:00,117.2938089307,0.5603548913932554,117.31213225445886,-0.011214388295128552,38.92443334064952,66.74312088091865
2022-07-06 00:00:00+00:00,117.8657081616,0.4875783607964257,117.58892020802944,0.23818198625064857,54.14939980710172,64.54401680220101
2022-07-07 00:00:00+00:00,118.0563412386,0.16173752312982348,117.82263072331472,0.19995975469023602,59.230879421123795,52.84942725997138
2022-07-08 00:00:00+00:00,116.8489984178,-1.0226835832222392,117.33581457055736,-0.41136191426600155,28.85292198531597,26.585316162659637
2022-07-11 00:00:00+00:00,117.1122536193,0.22529521439176303,117.22403409492868,-0.09303334993711926,39.07307230069427,58.88153351043108
2022-07-12 00:00:00+00:00,118.1925077222,0.9224091156264658,117.70827090856434,0.4146878828446733,67.66394711461821,69.95584091068251
2022-07-13 00:00:00+00:00,116.5312766228,-1.4055299539836974,117.11977376568217,-0.49542103556951206,32.49224945649155,29.78005875725252
2022-07-14 00:00:00+00:00,116.4768100294,-0.04673989248079602,116.79829189754108,-0.27108046402515407,31.682325083730657,53.274543456154966
2022-07-15 00:00:00+00:00,118.1289633632,1.4184397163546913,117.46362763037054,0.5736796261647686,67.98856327823225,69.6818654612522
2022-07-18 00:00:00+00:00,117.0214759636,-0.9375240144916197,117.24255179698527,-0.18192219416342553,44.310913932334046,37.72825803398063
2022-07-19 00:00:00+00:00,119.9445164772,2.4978667287611556,118.59353413709263,1.157972267298865,76.58906906582557,68.91069094101078
2022-07-20 00:00:00+00:00,120.7433598473,0.6660107469371956,119.66844699219632,0.9119915071180303,81.08369021568718,49.2036069532094
2022-07-21 00:00:00+00:00,121.5966698109,0.706713780931012,120.63255840154815,0.8093526440245211,85.53375758906584,49.68320285850882
2022-07-22 00:00:00+00:00,121.7509918256,0.12691302725642561,121.19177511357407,0.46813283564047337,86.40158015913171,41.34282074973335
2022-07-25 00:00:00+00:00,121.7509918256,0.0,121.47138346958704,0.23406641782023668,86.4015801591317,39.1831177141631
2022-07-26 00:00:00+00:00,127.7695503986,4.9433343275110175,124.62046693409351,2.588700372665627,97.82914268859332,84.99127374691427
2022-07-27 00:00:00+00:00,126.0538527058,-1.3428063943620172,125.33715981994675,0.6229469891518049,71.96815687485504,34.87928657659901
2022-07-28 00:00:00+00:00,127.4245953069,1.087426184663487,126.38087756342338,0.8551865869076459,78.71212538927341,51.471922163224576
2022-07-29 00:00:00+00:00,130.0299140255,2.0445964237321146,128.2053957944617,1.4498915053198802,87.37298246791843,57.82118374416151
2022-08-01 00:00:00+00:00,130.1388472124,0.08377548175464433,129.17212150343084,0.7668334935372623,87.68716161484272,41.24072804364449
2022-08-02 00:00:00+00:00,128.6773269556,-1.1230468750154654,128.92472422951542,-0.17810669073910157,58.429274707820376,32.60827886921371
2022-08-03 00:00:00+00:00,130.2568581648,1.2275132275206824,129.59079119715773,0.5247032683907904,73.02188920669997,58.18186524419795
2022-08-04 00:00:00+00:00,134.4598636237,3.2267056937473226,132.02532741042887,1.8757044810690564,88.76426080036171,71.82308141025494
2022-08-05 00:00:00+00:00,133.8153422682,-0.47934107482344723,132.92033483931442,0.6981817031228046,78.25996609127684,37.661680335513225
2022-08-08 00:00:00+00:00,134.7866631842,0.7258666304893691,133.8534990117572,0.7120241668060868,82.84828000764038,49.40128322799979
2022-08-09 00:00:00+00:00,134.2056861877,-0.4310344827707757,134.0295925997286,0.14049484201765555,69.65806773845223,38.863183837166034
2022-08-10 00:00:00+00:00,135.6036620855,1.0416666666752006,134.8166273426143,0.591080754346428,80.73094863331886,56.5579265318216
2022-08-11 00:00:00+00:00,135.8578395215,0.18744142458317903,135.33723343205716,0.38926108946480353,82.47516333433482,45.18055314465934
2022-08-12 00:00:00+00:00,138.1999030386,1.7239075237386992,136.7685682353286,1.0565843066017513,92.21499486640779,64.4661371407442
2022-08-15 00:00:00+00:00,137.4646040274,-0.5320546505699464,137.11658613136427,0.26226482801590245,73.08613680809766,36.32272837068108
2022-08-16 00:00:00+00:00,136.4025054557,-0.772634220434143,136.75954579353214,-0.25518469620912027,50.42342263499054,33.95176116181241
2022-08-17 00:00:00+00:00,133.8334977994,-1.8834021030019632,135.29652179646607,-1.0692933996055418,23.728200150028115,23.38167490643717
2022-08-18 00:00:00+00:00,133.1526653816,-0.5087160008479197,134.22459358903302,-0.7890047002267307,19.602648231234095,51.44428512184821
2022-08-19 00:00:00+00:00,133.1617431472,0.006817562062311211,133.69316836811652,-0.39109356908220977,19.881248435402387,59.7393668942243
2022-08-22 00:00:00+00:00,129.8510414064,-2.48622589533114,131.77210488725825,-1.438659732206675,6.86575807537691,26.67878376075239
2022-08-23 00:00:00+00:00,129.9977761096,0.11300233067887966,130.88494049842913,-0.6628287007638977,10.750196067305566,60.69573542896313
2022-08-24 00:00:00+00:00,129.3466408642,-0.500881834202338,130.11579068131456,-0.5818552674831179,8.414245646151002,52.12793182670714
2022-08-25 00:00:00+00:00,130.9240389235,1.2195121951068755,130.5199148024073,0.3188284638118788,48.82341354111814,69.95593679566821
2022-08-26 00:00:00+00:00,118.4332473142,-9.540487531551388,124.47658105830365,-4.6108295338697545,7.823348022571142,15.56726460799186
2022-08-29 00:00:00+00:00,115.9570991979,-2.0907542201649254,120.21684012810184,-3.3507918770173397,6.260135401535319,53.28568945124793
2022-08-30 00:00:00+00:00,114.5080940038,-1.249604555583994,117.36246706595091,-2.300198216300667,5.325997592993193,56.571491611310506
2022-08-31 00:00:00+00:00,114.0403771374,-0.40845747234643515,115.70142210167546,-1.3543278443235511,4.967127798771556,60.71620781052771
2022-09-01 00:00:00+00:00,115.214254763,1.0293526337480152,115.45783843233772,-0.16248760528776796,24.196187266640255,68.43924486693804
2022-09-02 00:00:00+00:00,111.564229021,-3.168033113183988,113.51103372666887,-1.665260359235878,12.448316358763332,36.77786498906981
2022-09-06 00:00:00+00:00,106.9329149515,-4.151253596372939,110.22197433908443,-2.9082569778044087,6.469733981784641,31.63550277842091
2022-09-07 00:00:00+00:00,110.5554279366,3.387650085797267,110.38870113784222,0.23969655399642908,40.17845141909785,73.78805718252829
2022-09-08 00:00:00+00:00,109.3815503111,-1.0618000829169416,109.88512572447111,-0.41105176446025626,34.1890757667767,47.73263577727275
2022-09-09 00:00:00+00:00,112.8940122687,3.211201475577874,111.38956899658555,1.4000748555588087,60.57018898633867,65.35517163817472
2022-09-12 00:00:00+00:00,113.9486679479,0.9341998375341776,112.66911847224279,1.1671373465464931,66.60033189318332,51.48101848064282
2022-09-13 00:00:00+00:00,110.482060585,-3.0422535211074297,111.57558952862139,-0.9375580872804683,37.96991197344142,33.083431005467396
2022-09-14 00:00:00+00:00,107.7858104138,-2.440441603753063,109.68069997121069,-1.6889998455167656,25.28745812383531,38.104850586724105
2022-09-15 00:00:00+00:00,106.7678384104,-0.9444397175211616,108.22426919080534,-1.3167197815189637,21.264965236629017,51.637046536212054
2022-09-16 00:00:00+00:00,106.9420858705,0.1632021989901311,107.58317753065268,-0.5767587912644163,24.354513677605347,61.0858656758065
2022-09-19 00:00:00+00:00,106.9695986273,0.025726781534185506,107.27638807897634,-0.2755160048651154,25.051062206707932,58.941957406268926
2022-09-20 00:00:00+00:00,106.8595475999,-0.10288065844150651,107.06796783943817,-0.18919833165331096,23.739493460030957,56.17537414165595
2022-09-21 00:00:00+00:00,105.2913204596,-1.4675592172369134,106.17964414951908,-0.8283787744451122,11.202600934120841,32.15362372867648
2022-09-22 00:00:00+00:00,104.6768688899,-0.5835728595841472,105.42825651970955,-0.7059758170146297,8.549148684917514,52.06877659807888
2022-09-23 00:00:00+00:00,103.6222132108,-1.0075346065321344,104.52523486525477,-0.8567552117733821,5.310600608545876,42.99052687856453
2022-09-26 00:00:00+00:00,103.6313841297,0.008850340690313985,104.07830949747739,-0.42395243554153406,5.776167042876493,64.95975180945759
2022-09-27 00:00:00+00:00,103.0902999117,-0.5221238937837547,103.5843047045887,-0.47303816466264437,4.024826120384193,49.89315523631024
2022-09-28 00:00:00+00:00,104.8052617552,1.6635530646131658,104.19478322989434,0.5952574499752608,60.6899264353711,79.39773846291718
2022-09-29 00:00:00+00:00,102.9894198032,-1.7325866293253167,103.59210151654716,-0.568664589675028,31.320331834943463,33.467150898065036
2022-09-30 00:00:00+00:00,101.3386543923,-1.6028495102258122,102.46537795442359,-1.08575704995042,18.86877560119106,35.6018526447347
2022-10-03 00:00:00+00:00,103.8331443466,2.461538461566093,103.14926115051179,0.6878907058078364,57.32461919206342,74.32013159780658
2022-10-04 00:00:00+00:00,106.0341648945,2.1197668256610624,104.5917130225059,1.4038287657344495,73.77610452108829,69.08129043353009
2022-10-05 00:00:00+00:00,105.6214735417,-0.3892060197867475,105.10659328210295,0.507311372973851,66.55953919798411,38.89249561801434
2022-10-06 00:00:00+00:00,101.9072513672,-3.5165407657691827,103.50692232465147,-1.5046146963976659,28.68289183744521,21.404055580997014
2022-10-07 00:00:00+00:00,98.6057205454,-3.239740820703396,101.05632143502574,-2.372177758550531,16.30866014835418,25.83183217506606
2022-10-10 00:00:00+00:00,99.4677869266,0.8742559523238658,100.26205418081287,-0.7489609031133326,28.405968208613842,67.12341239345426
2022-10-11 00:00:00+00:00,99.8162818467,0.3503595795864678,100.03916801375644,-0.19930066176343242,34.17552711245822,60.671326409941415
2022-10-12 00:00:00+00:00,99.9171619551,0.10106578459307958,99.97816498442822,-0.04911743858517642,36.40097087825382,56.77596312949206
2022-10-13 00:00:00+00:00,104.7869199173,4.8737953189546435,102.38254245086411,2.4123389401847337,81.5551351074979,84.80054420369501
2022-10-14 00:00:00+00:00,104.2091520235,-0.5513740591440053,103.29584723718204,0.9304824405203642,72.40639043064876,40.276078350413094
2022-10-17 00:00:00+00:00,104.4200831594,0.20241133509313336,103.85796519829103,0.5664468878067488,74.00339229219315,46.166891067684965
2022-10-18 00:00:00+00:00,106.3368052198,1.835587563624208,105.09738520904551,1.2010172257154785,85.46759872438093,59.234503052917546
2022-10-19 00:00:00+00:00,104.7318944036,-1.5092712376327477,104.91463980632275,-0.1541270059586346,55.00294337861608,33.931040822985594
2022-10-20 00:00:00+00:00,103.7322642381,-0.9544658493885083,104.32345202221137,-0.5542964276735715,41.2618053716472,40.2783696107875
2022-10-21 00:00:00+00:00,107.1255042495,3.271151976024922,105.72447813585569,1.3584277741756752,74.14745944523266,71.52825469438419
2022-10-24 00:00:00+00:00,108.5653385245,1.3440630082324434,107.14490833017786,1.3512453912040594,80.93960488293652,52.67379195399706
2022-10-25 00:00:00+00:00,108.6753895519,0.10136847440969099,107.91014894103893,0.7263069328068752,81.49694467193784,41.97212614489355
2022-10-26 00:00:00+00:00,112.5271755107,3.5443037974669744,110.21866222586947,2.135305365136925,92.70136200440254,68.53716278861594
2022-10-27 00:00:00+00:00,112.6188847002,0.08149959250622896,111.41877346303474,1.108402478821577,92.85586519025236,40.53871061028764
2022-10-28 00:00:00+00:00,116.1038339011,3.0944625407871795,113.76130368206736,2.1014325098043782,96.7624080055882,61.216745538652454
2022-10-31 00:00:00+00:00,115.3609894662,-0.6398104265297411,114.56114657413369,0.7308110416373186,82.3623467030891,37.17959021749991
2022-11-01 00:00:00+00:00,114.9116144376,-0.38953811915046765,114.73638050586683,0.17063646124342546,72.56343534857746,39.56519212806308
2022-11-02 00:00:00+00:00,112.6739102139,-1.9473264166131155,113.70514535988342,-0.888344977684845,38.420654903948254,29.208987726445667
2022-11-03 00:00:00+00:00,112.664739295,-0.008139345552649058,113.18494232744172,-0.448242161618747,38.309841362612644,52.44947321834068
2022-11-04 00:00:00+00:00,114.4897521659,1.6198616198111582,113.83734724667086,0.5858097290962055,66.84998440830455,66.357863126908
2022-11-07 00:00:00+00:00,114.3430174628,-0.12816404990323438,114.09018235473543,0.22882283959648558,63.317176964152026,45.10788803437651
2022-11-08 00:00:00+00:00,114.9574690324,0.5373756817288022,114.52382569356772,0.3830992606626439,72.4591838168884,53.59480701901901
2022-11-09 00:00:00+00:00,113.563489352,-1.212604706882603,114.04365752278386,-0.4147527231099795,39.20773428061542,33.29274431076119
2022-11-10 00:00:00+00:00,118.4424182332,4.2962125495081604,116.24303787799192,1.9407299131990905,82.168276938718,76.07931602738486
2022-11-11 00:00:00+00:00,121.9548801909,2.965543941178539,119.09895903444595,2.453136927188815,89.8863385511451,61.732619113982025
2022-11-14 00:00:00+00:00,120.1665509957,-1.4663859227286857,119.63275501507297,0.49337550223006454,67.5555885733839,31.786439170252464
2022-11-15 00:00:00+00:00,120.3407984557,0.145004960661832,119.98677673538648,0.31919023144594827,68.69235254882624,46.057521362485204
2022-11-16 00:00:00+00:00,118.0664105563,-1.8899557993519944,119.02659364584323,-0.7853827839530231,40.742962087772945,32.98522180492615
2022-11-17 00:00:00+00:00,117.9747013668,-0.0776759359989665,118.50064750632163,-0.4315293599759948,39.764378939205066,51.408663319704246
2022-11-18 00:00:00+00:00,117.6128442411,-0.3067243413271581,118.05674587371081,-0.36912685065157647,34.81523587723804,48.86203818647518
2022-11-21 00:00:00+00:00,118.420063983,0.6863363836735692,118.23840492835541,0.15860476651099636,53.980774029855596,61.32234284587939
2022-11-22 00:00:00+00:00,119.3200676034,0.7600094022320425,118.7792362658777,0.45930708437151946,69.15024371169154,62.34340049535298
2022-11-23 00:00:00+00:00,118.763364333,-0.4665629860774123,118.77130029943885,-0.0036279508529464266,52.95439034068154,37.57269315259237
2022-11-25 00:00:00+00:00,119.7283166682,0.8124999999952642,119.24980848381942,0.4044360245711589,70.76010164615317,61.500164392017716
2022-11-28 00:00:00+00:00,115.6458260193,-3.4097954122362606,117.44781725155971,-1.5026796938325508,20.800309592760495,21.222422880181675
2022-11-29 00:00:00+00:00,117.0283058072,1.1954428754473723,117.23806152937985,-0.1536184091925893,41.70657989787088,61.97036775043485
2022-11-30 00:00:00+00:00,116.8798516018,-0.12685324663639364,117.05895656558992,-0.14023582791449146,40.005601285896304,50.680010945012356
2022-12-01 00:00:00+00:00,116.8984083775,0.015876796082214817,116.97868247154497,-0.06217951591613832,40.460901445971984,52.09319501076697
2022-12-02 00:00:00+00:00,117.8262471613,0.7937137867640942,117.40246481642248,0.36576713542397793,62.05714976364633,61.18482520750696
2022-12-05 00:00:00+00:00,115.6365476315,-1.858414048274315,116.51950622396123,-0.7463234564251685,27.169878017158368,31.04878154083461
2022-12-06 00:00:00+00:00,115.5901556923,-0.04011875151084254,116.05483095813062,-0.3932211039680055,26.692984328193713,54.23171443439825
2022-12-07 00:00:00+00:00,117.2324303397,1.4207737999520687,116.64363064891532,0.5137763479920315,62.0569367400747,67.42938990752326
2022-12-08 00:00:00+00:00,116.9076867653,-0.2770083102934917,116.77565870710765,0.11838401884926991,54.288883319971895,44.872887664909825
2022-12-09 00:00:00+00:00,116.6850054572,-0.19047619045532427,116.73033208215384,-0.03604608580302718,48.096348825699415,46.24758520111079
2022-12-12 00:00:00+00:00,117.6963497316,0.8667302798995413,117.21334090687691,0.4153420970482571,70.7926826505281,63.1074560153161
2022-12-13 00:00:00+00:00,118.1045987965,0.3468663776157843,117.65896985168845,0.3811042373320207,76.90708480270375,51.25044966757154
2022-12-14 00:00:00+00:00,116.9911922559,-0.9427292010181998,117.32508105379424,-0.28081248184308955,41.42783639998285,30.16300039133963
2022-12-15 00:00:00+00:00,113.5489103678,-2.942342771044293,115.43699571079712,-1.6115776264436912,13.19610016971153,15.412907737758191
2022-12-16 00:00:00+00:00,112.9087016069,-0.5638176172948595,114.17284865884855,-1.0876976218692753,11.088107064063546,54.82702644661491
2022-12-19 00:00:00+00:00,113.3169506718,0.3615744925677733,113.74489966532428,-0.363061564650751,22.872981757093676,64.48469987943668
2022-12-20 00:00:00+00:00,112.0922034771,-1.0808155244551476,112.91855157121213,-0.7219385445529494,14.327358354764941,42.99402295585887
2022-12-21 00:00:00+00:00,114.5509762544,2.1935270259918704,113.73476391280607,0.7357942407194605,59.685018027160176,73.29702726938967
2022-12-22 00:00:00+00:00,112.8159177286,-1.5146606188206624,113.27534082070304,-0.3894331890506009,38.24990327697731,38.51629807916118
2022-12-23 00:00:00+00:00,111.470551492,-1.192532280627756,112.37294615635152,-0.7909827348391785,26.980001926534097,42.09656292323562
2022-12-27 00:00:00+00:00,111.5447785947,0.06658897951656861,111.95886237552577,-0.36219687766130493,28.718131278548814,56.83412325226276
2022-12-28 00:00:00+00:00,109.7540497418,-1.6053901181754537,110.85645605866289,-0.9837934979183793,15.428341670694588,37.71435912456832
2022-12-29 00:00:00+00:00,111.869522169,1.9274663961619032,111.36298911383145,0.4718364491217619,53.532869304170866,69.85573554534912
2022-12-30 00:00:00+00:00,111.2664269595,-0.5391059135739562,111.31470803666572,-0.03363473222609714,44.884772661943444,45.34834442703487
