date,adjClose,daily_return,ema,ema_daily_return,rsi,rsi_daily_return
2013-01-02 00:00:00+00:00,18.1475768766,0.0,,,,
2013-01-03 00:00:00+00:00,18.0322543199,-0.6354708261282926,,,,
2013-01-04 00:00:00+00:00,18.100399467,0.37790697652702043,18.093410221166668,-0.08585461653375741,,
2013-01-07 00:00:00+00:00,17.927415632,-0.9556907034862894,18.010412926583335,-0.5207726600100234,16.84665226253205,29.480754421163024
2013-01-08 00:00:00+00:00,17.9772140087,0.27777777746789134,17.993813467641665,-0.12149744127106604,34.88372091402463,60.98260433776523
2013-01-09 00:00:00+00:00,17.9719720743,-0.029158769526027584,17.982892770970835,-0.07532810539854681,33.72853636877002,52.26751129467214
2013-01-10 00:00:00+00:00,17.9169317632,-0.3062563800592,17.949912267085416,-0.1907922427288734,22.16699132740707,43.79248446207219
2013-01-11 00:00:00+00:00,17.9876978775,0.39496781723167285,17.96880507229271,0.10208778725139972,53.143134436744575,65.20725198494073
2013-01-14 00:00:00+00:00,17.90120596,-0.48083928298678913,17.935005516146354,-0.1893757478676947,30.725078171818183,38.048881946144114
2013-01-15 00:00:00+00:00,18.0794317294,0.9956076132426217,18.007218622773177,0.4031159326874635,69.93116990958313,69.82695546578515
2013-01-16 00:00:00+00:00,18.139713975,0.3334299800030305,18.073466298886586,0.368272956345247,76.63896479621158,51.912663014783945
2013-01-17 00:00:00+00:00,18.0453591559,-0.5201560467272937,18.059412727393294,-0.07594154519102334,50.29608111589105,34.69941688886263
2013-01-18 00:00:00+00:00,18.1370930078,0.5083514886430329,18.09825286759665,0.21620497172600478,66.89205421841933,59.169153490135564
2013-01-22 00:00:00+00:00,18.2366897613,0.5491329479159868,18.167471314448324,0.3826689598209958,78.5538988620444,60.05932597839396
2013-01-23 00:00:00+00:00,18.2131010565,-0.12934751376895148,18.190286185474164,0.12666072302602216,69.81719553940526,38.896863232138934
2013-01-24 00:00:00+00:00,18.2917300724,0.4317167936205957,18.241008128937082,0.2791887583233089,80.60350866524807,57.480790264938506
2013-01-25 00:00:00+00:00,18.0846736638,-1.131967330484629,18.162840896368543,-0.42638928608066,33.42330004254323,25.305693099857237
2013-01-28 00:00:00+00:00,18.1764075157,0.507246376713022,18.16962420603427,0.04042854531618098,52.0682557298206,60.27293709742977
2013-01-29 00:00:00+00:00,18.3179397444,0.7786589763557616,18.243781975217136,0.4095437608359713,70.91733830846063,64.41081465975506
2013-01-30 00:00:00+00:00,18.2812462036,-0.20031478054850504,18.26251408940857,0.10461449014373314,61.51053575300392,41.195544922618545
2013-01-31 00:00:00+00:00,18.3336655476,0.2867383515117172,18.298089818504284,0.19567642082772518,70.02934746133593,53.65986937206809
2013-02-01 00:00:00+00:00,18.4751977763,0.7719799858491916,18.386643797402144,0.4838282033384584,84.1958616150738,64.80748128540907
2013-02-04 00:00:00+00:00,18.2497945973,-1.220031210107786,18.31821919735107,-0.36810150338466374,39.54381752509311,26.118122964861065
2013-02-05 00:00:00+00:00,18.5485848578,1.6372253337262554,18.433402027575536,0.6345619151707959,70.5738316628464,67.65870216682487
2013-02-06 00:00:00+00:00,18.6901170865,0.7630351845439032,18.561759557037767,0.6987985498573495,78.43743824225629,53.78115573113051
2013-02-07 00:00:00+00:00,18.6691493489,-0.11218622924060728,18.615454452968883,0.2933061603083711,74.04055231362724,41.11616420040345
2013-02-08 00:00:00+00:00,18.7346735288,0.35097571225899404,18.67506399088444,0.32214093628368257,79.44233257262782,50.389834267262785
2013-02-11 00:00:00+00:00,18.7137057913,-0.1119194175856042,18.69438489109222,0.10511075934903918,72.22811883581113,40.76516603299625
2013-02-12 00:00:00+00:00,18.7137057913,0.0,18.70404534119611,0.05255537967451959,72.22811883581115,44.602644573860935
2013-02-13 00:00:00+00:00,18.7110848241,-0.014005602253408522,18.707565082648053,0.019274888710555535,70.42931818911889,44.066764564993
2013-02-14 00:00:00+00:00,18.5616896938,-0.7984311530007004,18.634627388224025,-0.3895781321450725,22.506201723561745,21.93069418594178
2013-02-15 00:00:00+00:00,18.1633026797,-2.1462863600885895,18.398965033962014,-1.267932246116831,6.047175545713955,9.557070301204325
2013-02-19 00:00:00+00:00,18.0217704511,-0.7792207788189343,18.210367742531005,-1.0235765124678826,4.351388764695906,51.33250058267875
2013-02-20 00:00:00+00:00,18.139713975,0.6544502618098802,18.175040858765502,-0.1845631253290012,29.177129168253693,71.81316511498554
2013-02-21 00:00:00+00:00,18.4149155307,1.5171218029087052,18.29497819473275,0.666279338789852,62.88946321368944,79.57227926505834
2013-02-22 00:00:00+00:00,18.4516090715,0.19925989200888505,18.373293633116376,0.43276961539936853,66.11534439217121,48.7938431350362
2013-02-25 00:00:00+00:00,18.4620929403,0.05681818186900056,18.417693286708186,0.24479389863418455,67.33234908032178,45.91450175225393
2013-02-26 00:00:00+00:00,18.6376977425,0.9511641110671709,18.52769551460409,0.5979790048506777,82.82811817454683,65.23533341111276
2013-02-27 00:00:00+00:00,18.7818509384,0.773449585306274,18.654773226502044,0.6857142950784758,89.15973178502325,58.95772331864563
2013-02-28 00:00:00+00:00,18.551205825,-1.2280212113090605,18.60298952575102,-0.27115345811529235,47.30140851664529,22.454461109890783
2013-03-01 00:00:00+00:00,18.802818676,1.3563153434528852,18.70290410087551,0.5425809426687964,70.19703009985076,64.73878178091903
2013-03-04 00:00:00+00:00,19.20120569,2.118762196587576,18.952054895437755,1.3306715696281861,85.33210950417742,71.59353082745207
2013-03-05 00:00:00+00:00,19.3217701811,0.6279006279422905,19.136912538268877,0.9792860987852383,88.08003854331761,45.59569908562093
2013-03-06 00:00:00+00:00,19.2326572964,-0.46120455768161595,19.18478491733444,0.2590407705518112,72.93165571679054,32.6170007933137
2013-03-07 00:00:00+00:00,19.2169314932,-0.08176614888750766,19.20085820526722,0.08863731083215176,69.7559963293866,41.34255679659251
2013-03-08 00:00:00+00:00,19.2641089028,0.24549918188911946,19.23248355403361,0.1670682463606356,74.71117202442649,49.759372150688684
2013-03-11 00:00:00+00:00,19.2509197278,-0.06846501474088162,19.241701640916805,0.04930161580987699,69.90806922330613,41.2431353509214
2013-03-12 00:00:00+00:00,19.414465497,0.8495478216753671,19.3280835689584,0.4494247187426221,86.29552748998272,66.4369571025355
2013-03-13 00:00:00+00:00,19.4276546719,0.06793478245403772,19.377869120429203,0.2586797505983299,87.14253354912165,42.928803339359796
2013-03-14 00:00:00+00:00,19.3142277675,-0.583842498312781,19.3460484439646,-0.16258137385722554,48.48563576313813,29.758022173111005
2013-03-15 00:00:00+00:00,19.1243036485,-0.9833378858645658,19.2351760462323,-0.5729596298608957,22.93363218770692,23.210804787258606
2013-03-18 00:00:00+00:00,19.0583577739,-0.3448275859454508,19.146766910066148,-0.45889360790317324,17.994502051247263,49.72794693225707
2013-03-19 00:00:00+00:00,19.1111144736,0.276816608890873,19.128940691833073,-0.09103849950615012,34.8355652255793,66.58117275371696
2013-03-20 00:00:00+00:00,19.2535575628,0.7453416146754321,19.19124912731654,0.327151557584641,64.42462052449946,75.76588775302211
2013-03-21 00:00:00+00:00,19.2904872526,0.19180709684194497,19.24086818995827,0.259479327213293,69.76378632677877,50.95030569940666
2013-03-22 00:00:00+00:00,19.593838276,1.5725420484602681,19.417353232979135,0.9160106878367805,89.38783994166712,77.95998716444929
2013-03-25 00:00:00+00:00,19.7441948702,0.7673667205070789,19.580774051589568,0.8416887041719296,92.84188641092861,52.61610060700729
2013-03-26 00:00:00+00:00,19.7230921903,-0.10688042758254523,19.651933120944783,0.3674041382946922,86.88812790367855,34.40165882525837
2013-03-27 00:00:00+00:00,19.7257300253,0.013374348071515385,19.688831573122393,0.1903892431831038,87.04391175291117,38.774736927318116
2013-03-28 00:00:00+00:00,19.7389192002,0.06686279738741252,19.713875386661197,0.12862602028525816,88.10395052023388,41.38193938172783
2013-04-01 00:00:00+00:00,19.8971892994,0.8018174530974198,19.8055323430306,0.465221736691339,95.18908462489797,68.7816453864164
2013-04-02 00:00:00+00:00,20.0528215636,0.7821821557715714,19.9291769533153,0.6237019462314551,97.43894685202254,67.51692274683259
2013-04-03 00:00:00+00:00,20.0475458936,-0.026308866227464645,19.988361423457647,0.29869654000199525,95.1757427235579,31.61394754222608
2013-04-04 00:00:00+00:00,20.1003025933,0.2631578946370894,20.044332008378824,0.2809272173195423,96.4222448366939,46.80542194976374
2013-04-05 00:00:00+00:00,20.1504214581,0.24934383234958002,20.09737673323941,0.26513552483456115,97.3850538923528,46.072781668974564
2013-04-08 00:00:00+00:00,20.3878266068,1.1781646810398172,20.242601670019706,0.7216501029371891,99.10203989971558,79.08734640531308
2013-04-09 00:00:00+00:00,20.6067669106,1.0738776036430364,20.424684290309855,0.8977638532901128,99.52944579792718,71.69509386764499
2013-04-10 00:00:00+00:00,20.4089292867,-0.9600614436912625,20.41680678850493,-0.03114879520057484,60.49885874016751,19.19834918194759
2013-04-11 00:00:00+00:00,20.5197183561,0.5428460643067456,20.468262572302464,0.2558486345530854,70.28664497702233,55.39700927407929
2013-04-12 00:00:00+00:00,20.72283165,0.9898444529070183,20.595547111151234,0.6228465437300519,82.32829464825538,62.82666585001768
2013-04-15 00:00:00+00:00,20.6990911351,-0.11456211825181528,20.64731912312562,0.2541422127391183,76.86674564884773,38.845859633433925
2013-04-16 00:00:00+00:00,20.7544856698,0.2676181980090231,20.70090239646281,0.2608802053740707,81.22583188807741,48.95867929662465
2013-04-17 00:00:00+00:00,20.7096424751,-0.21606507341809245,20.705272435781403,0.022407565977989125,66.10108256387554,37.261303317677836
2013-04-18 00:00:00+00:00,20.353534752,-1.7195261749600954,20.529403593890702,-0.8485593044910531,20.54076513930606,17.626057854076407
2013-04-19 00:00:00+00:00,20.6516101054,1.4644893726418085,20.59050684964535,0.3079650340753777,57.403521235186126,69.19435729099042
2013-04-22 00:00:00+00:00,20.5671993858,-0.4087367482205617,20.578853117722673,-0.05038585707259202,47.953613709807854,44.570840942833826
2013-04-23 00:00:00+00:00,20.8626369043,1.4364499169681633,20.72074501101134,0.6930320299477857,72.08212975492008,63.672072689355545
2013-04-24 00:00:00+00:00,20.5830263958,-1.340245290097386,20.651885703405668,-0.3236066300748002,43.47164532671504,35.8138553793691
2013-04-25 00:00:00+00:00,20.7465721649,0.7945661923329794,20.699228934152835,0.23547978112908963,58.072384643193054,57.33939089761904
2013-04-26 00:00:00+00:00,20.8494477293,0.4958677683345014,20.77433833172642,0.3656737747317955,66.28826008218525,53.56896353720084
2013-04-29 00:00:00+00:00,20.6779884553,-0.8223684206226989,20.72616339351321,-0.22834732294545168,44.49221425390277,37.322475307434615
2013-04-30 00:00:00+00:00,20.5012535112,-0.8547008548827173,20.613708452356605,-0.5415240889140844,29.49656574148661,36.91062997671003
2013-05-01 00:00:00+00:00,20.5909399007,0.4374678331303228,20.602324176528303,-0.05202812789188083,43.89138336277194,62.028873186557156
2013-05-02 00:00:00+00:00,20.6964533002,0.5124263390056116,20.649388738364152,0.2301991055568654,58.752862666562685,63.30029203725205
2013-05-03 00:00:00+00:00,20.9048422641,1.0068824879187588,20.777115501232075,0.618540796737812,76.88817592159184,72.433366729651
2013-05-06 00:00:00+00:00,20.7940531946,-0.5299684546783645,20.785584347916036,0.044286171029723764,56.92778666672327,33.53016619068914
2013-05-07 00:00:00+00:00,20.7940531946,0.0,20.78981877125802,0.022143085514861882,56.92778666672327,47.981658409303314
2013-05-08 00:00:00+00:00,20.7650370098,-0.1395407837445295,20.77742789052901,-0.058698849114833807,49.37446827161439,44.1873835825312
2013-05-09 00:00:00+00:00,20.8048421926,0.1916932908966773,20.791135041564505,0.06649722089092175,60.23213175960344,56.449639868065425
2013-05-10 00:00:00+00:00,20.9348724563,0.6249999999819789,20.86300374893225,0.34574861043645033,80.60958633154272,69.56885735899195
2013-05-13 00:00:00+00:00,20.8313789811,-0.4943592344115566,20.847191365016123,-0.07430531198755314,50.013553377088385,32.09935922460277
2013-05-14 00:00:00+00:00,20.9056819889,0.3566878979419208,20.87643667695806,0.14119129297718383,64.51728971051006,57.93647590223711
2013-05-15 00:00:00+00:00,21.1922793048,1.3709063213157568,21.03435799087903,0.7560488071464704,86.75397757795001,74.96523109787208
2013-05-16 00:00:00+00:00,20.8313789811,-1.7029802151496631,20.932868485989516,-0.4734657040015964,39.72707787897399,26.391994006915716
2013-05-17 00:00:00+00:00,20.6641972135,-0.8025477706093298,20.79853284974476,-0.6380067373054631,28.857574931495453,42.704253071625224
2013-05-20 00:00:00+00:00,20.5394743075,-0.6035700526440868,20.66900357862238,-0.620788394974775,22.09316919712928,46.62502273920086
2013-05-21 00:00:00+00:00,20.5368206286,-0.012919896878915704,20.60291210361119,-0.31685414592684535,21.929116130283028,59.09008952050455
2013-05-22 00:00:00+00:00,20.44128819,-0.46517637918578325,20.522100146805595,-0.3910152625563143,15.65272456709925,46.592672428511136
2013-05-23 00:00:00+00:00,20.2555306704,-0.9087368558840403,20.388815408602795,-0.6498760592201773,8.531085176238909,35.53582495809297
2013-05-24 00:00:00+00:00,20.5155911978,1.2838988601766577,20.452203303201397,0.31701140047824017,53.22367011300551,76.64018867088511
2013-05-28 00:00:00+00:00,20.5182448766,0.012934937016506609,20.485224089900697,0.1649731687473734,53.57090022912538,49.3051463427496
2013-05-29 00:00:00+00:00,20.2289938819,-1.409725814462215,20.357108985900346,-0.6223763228574207,24.19978262950379,30.837761034692697
2013-05-30 00:00:00+00:00,20.0697731508,-0.7870916963520491,20.21344106835017,-0.704734009604735,16.6585213354311,44.487561097794995
2013-05-31 00:00:00+00:00,19.8601325216,-1.044559037238757,20.036786794975086,-0.874646523421746,10.311938636351885,39.63554162510949
2013-06-03 00:00:00+00:00,20.0856952239,1.1357562798469445,20.061241009437545,0.13055487821259926,44.461285942459334,74.69410300151964
2013-06-04 00:00:00+00:00,20.1520371952,0.33029462291680467,20.106639102318773,0.23042475056470196,52.44895681999605,56.50800326030799
2013-06-05 00:00:00+00:00,19.9689333545,-0.9086120620282134,20.037786228409388,-0.33909365573175576,32.874666120477116,36.18263485532445
2013-06-06 00:00:00+00:00,20.0697731508,0.5049833884956945,20.053779689604696,0.08294486638196935,48.6927446367988,60.49954410855242
2013-06-07 00:00:00+00:00,20.2555306704,0.9255586408688066,20.154655180002347,0.504251753625388,68.92612328697834,66.24039984476411
2013-06-10 00:00:00+00:00,20.101617297,-0.7598585092856491,20.128136238501174,-0.12780337783013057,46.25512312791899,35.35397163302307
2013-06-11 00:00:00+00:00,19.9689333545,-0.6600660063297625,20.048534796500586,-0.3939346920799466,32.452352262068096,37.92463830731872
2013-06-12 00:00:00+00:00,19.8601325216,-0.5448504983641467,19.95433365905029,-0.4693925952220466,23.739165881779837,41.92412247645806
2013-06-13 00:00:00+00:00,19.9025913832,0.21378941733556367,19.928462521125148,-0.12780158894324148,34.096885417524554,64.50903906839999
2013-06-14 00:00:00+00:00,19.8680935581,-0.17333333351314817,19.898278039612574,-0.1505674612281948,29.254399053004438,49.711648409097165
2013-06-17 00:00:00+00:00,19.8893229889,0.1068518765422466,19.893800514256284,-0.02185779234297411,37.453973510798626,59.738087839118926
2013-06-18 00:00:00+00:00,20.0963099393,1.0406937959402507,19.995055226778142,0.5094180017986383,76.79243343722439,79.83656775531726
2013-06-19 00:00:00+00:00,19.7592927252,-1.6770104318551193,19.877173975989074,-0.5837962150282405,30.279796630419206,25.11248109809916
2013-06-20 00:00:00+00:00,19.3798166495,-1.9204942250591661,19.628495312744537,-1.2521452200437033,14.967760740755521,22.99433172138012
2013-06-21 00:00:00+00:00,19.5071932344,0.6572641382718292,19.56784427357227,-0.2974405408859371,32.22419711657388,67.08402553520958
2013-06-24 00:00:00+00:00,19.6902970751,0.93864780288897,19.629070674336134,0.32060363100151645,52.85454138998202,69.90534160512522
2013-06-25 00:00:00+00:00,19.7354096156,0.22911051228906576,19.682240144968066,0.2748570716452911,57.621767329671634,52.790633325421624
2013-06-26 00:00:00+00:00,19.905245062,0.8605620542365244,19.793742603484034,0.5677095629409078,73.02494942391125,64.41929528751537
2013-06-27 00:00:00+00:00,19.9715870333,0.3332888949287627,19.882664818392016,0.45049922893483524,77.76116026646703,49.23051644304992
2013-06-28 00:00:00+00:00,19.7672537618,-1.0231198510128547,19.824959290096007,-0.2863103110390097,42.934264643532856,25.777637062064045
2013-07-01 00:00:00+00:00,19.7937905503,0.13424620748927474,19.809374920198003,-0.07603205177486749,47.51356996256229,53.89124538764199
2013-07-02 00:00:00+00:00,19.8256346965,0.16087947439413774,19.817504808349,0.042423711309635126,54.13801545848991,54.48631635025487
2013-07-03 00:00:00+00:00,19.8389030908,0.066925445278887,19.8282039495745,0.05467457829426106,57.49122795074028,51.00322224839278
2013-07-05 00:00:00+00:00,19.9583186391,0.6019261637271622,19.89326129433725,0.32830037101071163,78.60716455419205,68.30778342444918
2013-07-08 00:00:00+00:00,20.3563704667,1.9944156358952192,20.124815880518625,1.1613580034529654,93.85918932604648,86.67759171703008
2013-07-09 00:00:00+00:00,20.44128819,0.41715552111274423,20.283052035259313,0.7892567622828548,94.99992633770303,43.670362396577936
2013-07-10 00:00:00+00:00,20.3722925398,-0.33753083249300486,20.32767228752966,0.22586296489492497,77.46249661550516,32.202574398676425
2013-07-11 00:00:00+00:00,20.600508921,1.1202292562515925,20.46409060426483,0.6730461105732588,88.23673937132168,61.49750795326135
2013-07-12 00:00:00+00:00,20.600508921,0.0,20.532299762632412,0.3365230552866294,88.23673937132168,41.051124975795624
2013-07-15 00:00:00+00:00,20.44128819,-0.7728970755556896,20.486793976316207,-0.21818701013453012,50.40830521512884,30.542073770509866
2013-07-16 00:00:00+00:00,20.5315132709,0.4413864726203309,20.509153623608103,0.1115997312429004,63.653323114502555,56.677953207503975
2013-07-17 00:00:00+00:00,20.4864007304,-0.21972340715840089,20.497777177004053,-0.05406183795775024,53.03069083901235,43.35502841961992
2013-07-18 00:00:00+00:00,20.5235522343,0.18134715018469638,20.510664705652026,0.06364265611347307,61.058455180960955,53.33662394604817
2013-07-19 00:00:00+00:00,20.7199244693,0.9568140678484216,20.615294587476015,0.5102283619809473,83.46510282009383,69.11879136846557
2013-07-22 00:00:00+00:00,20.6641972135,-0.2689549176811412,20.63974590048801,0.12063672214990306,67.04399577910125,38.35856786780252
2013-07-23 00:00:00+00:00,20.8446473753,0.8732502885817839,20.742196637894004,0.4969435053658435,83.14792323531617,61.9976486934479
2013-07-24 00:00:00+00:00,20.7597296521,-0.40738383178706705,20.750963144997,0.04477983678938821,61.82328551735802,37.68954935713652
2013-07-25 00:00:00+00:00,20.7013487174,-0.2812220374656671,20.726155931198498,-0.11822110033813944,48.89222795900241,41.102029709922164
2013-07-26 00:00:00+00:00,20.6986950385,-0.012818869611952444,20.71242548484925,-0.06551998497504594,48.20477870756986,49.8641410358584
2013-07-29 00:00:00+00:00,20.6960413597,-0.01282051257367467,20.704233422274626,-0.0391702487743603,47.209103234860095,49.86407292329044
2013-07-30 00:00:00+00:00,20.6695045712,-0.1282215668145792,20.686868996737314,-0.08369590779446975,36.042248642845756,43.590633830107826
2013-07-31 00:00:00+00:00,20.6827729654,0.06419309255476513,20.684820981068658,-0.009751407619852312,45.679065483244834,57.09195582620358
2013-08-01 00:00:00+00:00,20.7570759732,0.359250705523384,20.72094847713433,0.17474964895176584,76.02431553539263,72.32694406749376
2013-08-02 00:00:00+00:00,20.8977209523,0.6775760674653242,20.809334714717163,0.426162858208545,90.72904525487678,82.42524575451765
2013-08-05 00:00:00+00:00,20.9030283101,0.025396825864976158,20.856181512408583,0.22577984203676058,91.04009844730142,38.85333942703522
2013-08-06 00:00:00+00:00,20.6641972135,-1.1425669671250582,20.760189362954293,-0.4583935625441488,27.886060134516416,16.054846578254438
2013-08-07 00:00:00+00:00,20.6562361769,-0.038525748267637105,20.708212769927144,-0.24845965540589296,26.951262658715507,54.17848764055565
2013-08-08 00:00:00+00:00,20.6241985869,-0.15509887534993494,20.666205678413572,-0.20177926537791396,22.415413496265845,50.542988238211414
2013-08-09 00:00:00+00:00,20.5307556159,-0.4530744339290571,20.598480647156784,-0.32742684965348556,12.909838977477186,40.200176594253044
2013-08-12 00:00:00+00:00,20.578812001,0.23407022127710508,20.58864632407839,-0.04667831418819024,34.37732786771807,64.98516012268168
2013-08-13 00:00:00+00:00,20.5200764192,-0.2854177481049214,20.554361371639196,-0.1660480311465558,23.677285470753535,44.207284172895065
2013-08-14 00:00:00+00:00,20.3972656574,-0.5984907623691416,20.475813514519597,-0.38226939675784866,11.981205774586153,34.294904066941015
2013-08-15 00:00:00+00:00,19.8659756226,-2.6047120419165015,20.1708945685598,-1.4934907193371751,2.8489416347839134,10.868969273791826
2013-08-16 00:00:00+00:00,19.7858816475,-0.4031716167460009,19.978388108029897,-0.948331168041588,2.430090396404534,58.04340245730186
2013-08-19 00:00:00+00:00,19.6443822915,-0.7151531507208597,19.81138519976495,-0.8317421593812239,1.7487661281413391,52.17361744465568
2013-08-20 00:00:00+00:00,19.5509393206,-0.4756727369352398,19.681162260182475,-0.6537074481582319,1.368656187056402,57.16170306135697
2013-08-21 00:00:00+00:00,19.636372894,0.43697937986018065,19.65876757709124,-0.10836403414902562,24.01823240693188,73.16234614131803
2013-08-22 00:00:00+00:00,19.6123447015,-0.12236573744911494,19.63555613929562,-0.11536488579907028,21.89688740359969,54.46151835645652
2013-08-23 00:00:00+00:00,19.6070051032,-0.027225700859689894,19.62128062124781,-0.07129529332938009,21.270662938021967,57.249495283408905
2013-08-26 00:00:00+00:00,19.4975433372,-0.5582788672918393,19.559411979223903,-0.3147870803106097,11.317717558648148,37.84846340764862
2013-08-27 00:00:00+00:00,19.4521567513,-0.23278104895095852,19.505784365261952,-0.2737840646307841,8.76647424295476,52.61284188290748
2013-08-28 00:00:00+00:00,19.3240063912,-0.658797693944313,19.414895378230977,-0.46629087928754853,4.484769429943691,35.8795856046225
2013-08-29 00:00:00+00:00,19.337355387,0.06907985605963951,19.376125382615488,-0.1986055116139545,11.257205107797425,64.67392444545752
2013-08-30 00:00:00+00:00,19.4841943413,0.7593538586911253,19.430159861957744,0.2803741735385854,59.103197173485896,78.44394377333812
2013-09-03 00:00:00+00:00,19.4041003663,-0.4110715259610598,19.417130114128874,-0.06534867621123719,41.01182867170843,39.391186910408365
2013-09-04 00:00:00+00:00,19.4655057472,0.3164556961715581,19.44131793066444,0.12555350998016046,56.37010439016714,58.60570640276449
2013-09-05 00:00:00+00:00,19.4014305671,-0.3291729530799259,19.42137424888222,-0.10180972154988271,40.04915149738191,41.21340507024864
2013-09-06 00:00:00+00:00,19.3800721737,-0.11008669348444577,19.40072321129111,-0.10594820751716424,34.98457352983349,48.928161891405985
2013-09-09 00:00:00+00:00,19.6256936973,1.2673922026633422,19.513208454295555,0.580721997573089,79.56401476844489,77.17633575663056
2013-09-10 00:00:00+00:00,19.74583466,0.6121616109627137,19.629521557147775,0.5964418042679014,86.4038967134163,55.337521175151736
2013-09-11 00:00:00+00:00,19.7698628525,0.12168739845004328,19.69969220482389,0.35906460135897234,87.64450435461131,41.994583527423124
2013-09-12 00:00:00+00:00,19.7324856641,-0.1890614450836936,19.716088934461943,0.08500157813763937,72.25967198922325,34.16559956527376
2013-09-13 00:00:00+00:00,19.8526266268,0.6088485999438786,19.78435778063097,0.346925089040759,84.97548729910935,61.680488324401054
2013-09-16 00:00:00+00:00,19.9647581919,0.5648197954251089,19.874557986265486,0.45587244223293394,90.84843409386168,59.61811475020657
2013-09-17 00:00:00+00:00,20.0635407612,0.49478470187571677,19.969049373732744,0.4753285720543253,93.9654747789254,55.21324676803762
2013-09-18 00:00:00+00:00,20.4026052558,1.689953426643931,20.18582731476637,1.0826409993491282,97.80852749351845,84.50979815749761
2013-09-19 00:00:00+00:00,20.3465394732,-0.2747971736798749,20.266183393983184,0.40392191283462664,84.46642742299207,32.3419652404289
2013-09-20 00:00:00+00:00,20.2450871047,-0.49862222828421787,20.255635249341594,-0.047350157724795616,61.64277230322439,29.255921727810957
2013-09-23 00:00:00+00:00,20.4026052558,0.7780561786935092,20.329120252570796,0.36535301048435675,76.45791142251569,61.05245612314974
2013-09-24 00:00:00+00:00,20.2237287114,-0.8767338394156887,20.276424481985398,-0.255690414465666,46.116789364105706,32.58110270407446
2013-09-25 00:00:00+00:00,19.9300508027,-1.4521452146183944,20.103237642342698,-0.8539178145420302,23.323365494700653,26.2066454285297
2013-09-26 00:00:00+00:00,19.9220414052,-0.04018754181455142,20.012639523771348,-0.4470526781782908,22.86112506299748,57.1001717316168
2013-09-27 00:00:00+00:00,19.8526266268,-0.3484320556721876,19.932633075285672,-0.39774236692523923,18.177739265896427,50.215922118160314
2013-09-30 00:00:00+00:00,19.74583466,-0.5379236148824518,19.839233867642836,-0.4678329909038455,12.342639534387306,45.1917539846187
2013-10-01 00:00:00+00:00,19.6470520907,-0.5002704165254057,19.743142979171417,-0.4840517037146256,8.53930861065369,46.77887497402222
2013-10-02 00:00:00+00:00,19.6817594799,0.17665443670518144,19.71245122953571,-0.15369863350472207,21.317442233374578,70.11555804080812
2013-10-03 00:00:00+00:00,19.5322507264,-0.759631036303865,19.622350977967855,-0.45666483490429355,11.203473945690325,36.71484004992247
2013-10-04 00:00:00+00:00,19.4361379563,-0.49207217051587815,19.52924446713393,-0.47436850271008585,7.686768314593229,47.446058203796454
2013-10-07 00:00:00+00:00,19.1878466335,-1.277472527506518,19.358545550316965,-0.8759205151083019,3.468226021100934,27.164218022038746
2013-10-08 00:00:00+00:00,19.462835948,1.4331431752216295,19.410690749158483,0.2786113300566638,49.50542391853756,77.33069270325802
2013-10-09 00:00:00+00:00,19.4895339397,0.13717421125745144,19.450112344429243,0.2078927706570576,52.784681650711256,51.76242438179379
2013-10-10 00:00:00+00:00,19.9674279911,2.4520547945301674,19.70877016776462,1.3299737825936124,82.79145410996009,74.42170884386533
2013-10-11 00:00:00+00:00,19.9754373886,0.04011231443312724,19.84210377818231,0.6850430485133698,83.06207176932298,42.91515019090221
2013-10-14 00:00:00+00:00,19.9380602002,-0.1871157445660354,19.890081989191152,0.2489636519736672,74.82527549559182,40.4926500928082
2013-10-15 00:00:00+00:00,19.855296426,-0.41510444531193125,19.872689207595577,-0.08307039666913202,56.28638180456609,37.32191667779262
2013-10-16 00:00:00+00:00,20.1836817238,1.6538926982222701,20.02818546569779,0.7854111507765691,82.33497862226766,69.66081660893708
2013-10-17 00:00:00+00:00,20.2317381089,0.23809523830993218,20.129961787298896,0.5117531945432506,84.37837425663878,45.542067694078526
2013-10-18 00:00:00+00:00,20.2130495147,-0.09237265774896253,20.17150565099945,0.20969026839714405,79.04468441436379,40.61820081120513
2013-10-21 00:00:00+00:00,20.0635407612,-0.7396645092630383,20.117523206099726,-0.26498712043294714,44.949068237968135,30.82612756378902
2013-10-22 00:00:00+00:00,20.3759072641,1.5568862276995166,20.246715235099863,0.6459495536332847,76.59207935766358,69.70023360614574
2013-10-23 00:00:00+00:00,20.2637756989,-0.5503144657394543,20.25524546699993,0.047817543946915175,58.489332359448944,39.30177327704133
2013-10-24 00:00:00+00:00,20.4026052558,0.6851119898032332,20.328925361399968,0.3664647668750742,71.1519277699299,56.128568644830246
2013-10-25 00:00:00+00:00,20.311832084,-0.4449097096273946,20.320378722699985,-0.03922247137616022,54.76687613262896,40.66248199903056
2013-10-28 00:00:00+00:00,20.594830796,1.3932702418455234,20.45760475934999,0.6770238852346816,78.22094983518456,64.51826975966648
2013-10-29 00:00:00+00:00,20.5734724026,-0.10370754492504686,20.515538580974997,0.28665817015481737,73.88397088883488,43.26848074940004
2013-10-30 00:00:00+00:00,20.5334254151,-0.19465351651060114,20.5244819980375,0.046002326822108114,63.9168024249222,42.00764189626044
2013-10-31 00:00:00+00:00,20.4907086284,-0.20803536592870486,20.50759531321875,-0.08101651955329837,52.569870263167154,41.739196505160784
2013-11-01 00:00:00+00:00,20.5761422018,0.41693811058143293,20.541868757509377,0.16796079551406728,69.05209738596054,59.75564909256283
2013-11-04 00:00:00+00:00,20.6455569802,0.3373556506327313,20.593712868854688,0.2526582230733993,78.25962815016726,56.42295339937044
2013-11-05 00:00:00+00:00,20.6695851727,0.11638432677327781,20.631649020777346,0.18452127492333856,81.1686897387913,45.787153571317695
2013-11-06 00:00:00+00:00,20.8671503113,0.9558253682852902,20.749399666038673,0.5701733216043143,92.89468540499705,73.86246266496215
2013-11-07 00:00:00+00:00,20.6936133653,-0.8316274307279437,20.721506515669336,-0.13072705456181466,51.02895030970183,27.829721431614285
2013-11-08 00:00:00+00:00,20.8137543279,0.5805702487969411,20.767630421784666,0.2249215971175632,66.64127836415771,58.488857428236855
2013-11-11 00:00:00+00:00,21.0940832407,1.3468445355109715,20.930856831242334,0.7858830663142673,84.23370881559457,69.15425067606162
2013-11-12 00:00:00+00:00,21.0139892657,-0.37969877185970446,20.972423048471168,0.20309214722728142,68.70521420567215,37.013468040682305
2013-11-13 00:00:00+00:00,21.0647154499,0.24139245318257618,21.018569249185582,0.2222423002049288,73.3691454616978,49.64251960185445
2013-11-14 00:00:00+00:00,21.1127718349,0.22813688185960856,21.06567054204279,0.22518959103226868,78.023406127643,49.325903929272826
2013-11-15 00:00:00+00:00,21.1501490233,0.17703591310647138,21.107909782671392,0.20111275206937002,81.74546448100587,47.57143069421935
2013-11-18 00:00:00+00:00,21.1501490233,0.0,21.129029402985694,0.10055637603468501,81.74546448100587,40.150099384501495
2013-11-19 00:00:00+00:00,21.1581584208,0.03786922489850131,21.143593911892847,0.06921280046659316,83.12356014852395,43.003107991357
2013-11-20 00:00:00+00:00,21.0647154499,-0.44164037834284464,21.10415468089642,-0.18621378893812573,35.81162754860595,22.569038700357293
2013-11-21 00:00:00+00:00,21.0540362532,-0.05069708501592718,21.079095467048212,-0.11845543697702646,32.628013628170926,51.0276489494104
2013-11-22 00:00:00+00:00,21.3076671743,1.2046664974344479,21.193381320674106,0.5431055302287107,83.83210568544557,82.32234423532181
2013-11-25 00:00:00+00:00,21.4731947229,0.7768450072265454,21.333288021787055,0.659975268727628,90.72952517587544,62.0520435410558
2013-11-26 00:00:00+00:00,21.5399397021,0.31082929234009793,21.436613861943528,0.485402280533863,92.63096774817528,44.24955851334877
2013-11-27 00:00:00+00:00,21.6066846814,0.3098661380815937,21.521649271671762,0.3976342093077283,94.36472291772415,44.21023666476772
2013-11-29 00:00:00+00:00,21.6280430747,0.09885085849559161,21.574846173185882,0.24824253390165996,94.93655041793816,34.21753328058043
2013-12-02 00:00:00+00:00,21.6547410664,0.12344155043426674,21.61479361979294,0.18584204216796335,95.7459353603203,36.71781932878496
2013-12-03 00:00:00+00:00,21.6814390581,0.12328936013659142,21.648116338946473,0.15456570115227738,96.56867396399446,36.70486810859679
2013-12-04 00:00:00+00:00,21.5426095013,-0.6403152319731986,21.595362920123236,-0.2428747654104606,38.496203878488174,10.043344059927243
2013-12-05 00:00:00+00:00,21.3331450858,-0.972326103239074,21.464254002961617,-0.6076004343247673,16.305139662142558,6.8148871010165255
2013-12-06 00:00:00+00:00,21.467417147,0.6294058408170544,21.465835574980808,0.010902703246143564,46.151903132827016,71.98444082247842
2013-12-09 00:00:00+00:00,21.4701025882,0.012509381923364593,21.467969081590404,0.011706042584754078,46.721894761201185,51.26993158575145
2013-12-10 00:00:00+00:00,21.2364692017,-1.0881801125086632,21.3522191416452,-0.5382370349619545,19.619790817137208,28.96347803009162
2013-12-11 00:00:00+00:00,21.2391546429,0.012645422242729687,21.2956868922726,-0.2627958063596124,20.415733473787782,57.01786202296385
2013-12-12 00:00:00+00:00,21.0807136107,-0.7459855858856779,21.1882002514863,-0.5043906961226452,10.880576705165515,40.488554123597396
2013-12-13 00:00:00+00:00,20.9679250793,-0.5350318470374371,21.078062665393148,-0.5197112715800412,7.259942949539182,46.90830569224435
2013-12-16 00:00:00+00:00,20.8766200777,-0.435450819547889,20.977341371546572,-0.4775810455639651,5.170652160131887,50.675846748808624
2013-12-17 00:00:00+00:00,20.7450334577,-0.6303061487455963,20.861187414623288,-0.5539435971547807,3.1875893467566363,41.94030344526158
2013-12-18 00:00:00+00:00,20.9303289021,0.8932038831261702,20.895758158361645,0.16963014298569473,46.5152580589719,80.78564683726185
2013-12-19 00:00:00+00:00,20.7423480164,-0.898126764176832,20.819053087380823,-0.3642483105955686,27.670475814306876,37.057456362271395
2013-12-20 00:00:00+00:00,20.7933713997,0.2459865356595925,20.80621224354041,-0.05913088746798806,37.911708193644714,58.55158240537132
2013-12-23 00:00:00+00:00,20.9115308136,0.5682551983931861,20.858871528570205,0.25456215546259897,58.381498255042345,63.777833021706535
2013-12-24 00:00:00+00:00,20.9491269907,0.1797868240021483,20.903999259635103,0.21717448973237363,64.03987080289244,51.93687276380676
2013-12-26 00:00:00+00:00,21.0511737572,0.48711703616719504,20.977586508417552,0.35214576294978434,76.85283711883264,60.61439167220594
2013-12-27 00:00:00+00:00,21.072657287,0.10205383342414276,21.025121897708775,0.22709979818696355,79.19391789445648,45.257795561703084
2013-12-30 00:00:00+00:00,21.1156243466,0.20389957951107984,21.070373122154386,0.2154996888490217,84.03727864789771,50.2575483582672
2013-12-31 00:00:00+00:00,21.131736994,0.07630675340459803,21.101055058077193,0.14590322112680987,85.88546445269611,42.895298301630646
2014-01-02 00:00:00+00:00,21.1908167009,0.27957809108061227,21.145935879488597,0.21274065610371107,91.37673713720221,57.70230097354858
2014-01-03 00:00:00+00:00,21.1209952291,-0.32948929144875905,21.133465554294297,-0.05837431767252399,54.079278875502396,26.64738559903353
2014-01-06 00:00:00+00:00,21.0028358152,-0.559440559586899,21.06815068474715,-0.3089074386297115,26.559838184872778,20.422758424601476
2014-01-07 00:00:00+00:00,21.0672864046,0.3068661297316533,21.067718544673575,-0.0010206544490291014,48.14829421848008,65.70000069721276
2014-01-08 00:00:00+00:00,20.9007890487,-0.7903123007984902,20.984253796686787,-0.39566647762375967,22.5087295208503,31.572786002183598
2014-01-09 00:00:00+00:00,20.9706105205,0.33406141575476056,20.977432158593395,-0.030802530934499556,41.9526909462987,61.9526010490265
2014-01-10 00:00:00+00:00,20.9571833144,-0.06402868474845169,20.9673077364967,-0.047415607841475624,39.12109740312467,50.13213896481055
2014-01-13 00:00:00+00:00,20.809484047,-0.704766786567701,20.888395891748353,-0.3760911972045883,18.50864510060595,34.32194415307129
2014-01-14 00:00:00+00:00,20.9356997846,0.6065298751037229,20.912047838174175,0.11521933894956732,51.359338229734874,66.6291696854
2014-01-15 00:00:00+00:00,20.8551365479,-0.3848127243363586,20.88359219303709,-0.13479669269339564,37.056741771022494,42.7707979909934
2014-01-16 00:00:00+00:00,20.6134468377,-1.158897759527433,20.748519515368542,-0.6468472261104143,16.44653405357618,30.13292776626392
2014-01-17 00:00:00+00:00,20.4603766879,-0.7425742574989957,20.60444810163427,-0.694710741804705,10.760827747989216,43.581635261320244
2014-01-21 00:00:00+00:00,20.366386245,-0.4593778713545493,20.485417173317135,-0.5770443065796271,8.161938375204635,52.843485222464324
2014-01-22 00:00:00+00:00,20.234799625,-0.6460970464620575,20.36010839915857,-0.6115706765208423,5.415373659862593,45.46237282942034
2014-01-23 00:00:00+00:00,20.1300674173,-0.517584604942678,20.245087908229287,-0.5645776407317602,3.863293839467907,52.3357564512604
2014-01-24 00:00:00+00:00,19.9850535912,-0.7203842048505771,20.115070749714643,-0.6424809227911686,2.421734415059777,40.31025769056463
2014-01-27 00:00:00+00:00,19.9125466781,-0.3628056976135774,20.013808713907324,-0.5026433102023731,1.8921915026021277,62.87293986459831
2014-01-28 00:00:00+00:00,20.0521896218,0.701281186969327,20.03299916785366,0.09931893838347694,39.87357964669579,86.18416506708034
2014-01-29 00:00:00+00:00,19.899119472,-0.7633587787020946,19.966059319926828,-0.3320199201593088,24.364467122398626,37.531067029863586
2014-01-30 00:00:00+00:00,20.0736731516,0.8771929825619473,20.019866235763416,0.27258653120131926,54.58202020092195,67.93984453260695
2014-01-31 00:00:00+00:00,20.054875063,-0.09364548509898096,20.037370649381707,0.08947052305116915,51.27300947523868,47.44074871854717
2014-02-03 00:00:00+00:00,19.5124159357,-2.7048741295865875,19.774893292540852,-1.3077018032677092,14.14748968704814,21.395681975002866
2014-02-04 00:00:00+00:00,19.5312140243,0.09633911383368776,19.653053658420426,-0.6056813447170107,17.261563993345366,58.26508033655962
2014-02-05 00:00:00+00:00,19.5688102014,0.1924927813152122,19.610931929910215,-0.20659428170089927,25.381350509245117,59.2492416376375
2014-02-06 00:00:00+00:00,19.5553829953,-0.06861534228095323,19.583157462605108,-0.13760481199092625,24.113603355501407,54.05689598622069
2014-02-07 00:00:00+00:00,19.8051290292,1.2771216700794064,19.694143245902552,0.56975842904424,68.29544367083587,72.61222407861865
2014-02-10 00:00:00+00:00,19.8078144704,0.013559321911205124,19.750978858151278,0.29165887547772257,68.5903951977706,46.28456565022786
2014-02-11 00:00:00+00:00,20.0871003577,1.409978307891313,19.91903960792564,0.8508185916845178,87.18648880516628,66.44993524127945
2014-02-12 00:00:00+00:00,20.1300674173,0.21390374337195706,20.02455351261282,0.5323611675282374,88.72672478312906,44.82814562112074
2014-02-13 00:00:00+00:00,20.2374850663,0.5336179297029231,20.13101928945641,0.5329895486155802,92.22942814699263,51.19540704997003
2014-02-14 00:00:00+00:00,20.3529590389,0.5705944796089879,20.241989164178207,0.5517920141122841,94.82313071521013,52.15335590232172
2014-02-18 00:00:00+00:00,20.2294287426,-0.6069402294963666,20.235708953389103,-0.027574107692041272,61.74952980068468,26.916393378879974
2014-02-19 00:00:00+00:00,20.1005275638,-0.6371963362887922,20.168118258594554,-0.33238522199041676,39.9431306463473,26.423586039927187
2014-02-20 00:00:00+00:00,19.743363881,-1.7768871073972847,19.955741069797277,-1.0546361646938507,16.18605508595755,12.987829513191636
2014-02-21 00:00:00+00:00,19.635946232,-0.5440696410573431,19.79584365089864,-0.7993529028755969,12.761822924138917,52.323062437109364
2014-02-24 00:00:00+00:00,19.6977113802,0.31455142253009605,19.74677751554932,-0.24240074017275043,26.22350450187682,67.6168447585257
2014-02-25 00:00:00+00:00,19.6977113802,0.0,19.722244447874658,-0.12120037008637521,26.223504501876818,57.4839302003646
2014-02-26 00:00:00+00:00,20.0817294753,1.9495569190135065,19.90198696158733,0.9141782744635656,76.64307409038294,82.23467235437231
2014-02-27 00:00:00+00:00,20.0226497683,-0.2941963094994837,19.962318364943663,0.30999098248204093,66.20231258072756,41.01482363993023
2014-02-28 00:00:00+00:00,20.0602459455,0.18776824064277164,20.01128215522183,0.2488796115624063,70.09143370508369,49.21654377555105
2014-03-03 00:00:00+00:00,19.9044903545,-0.7764390896460638,19.957886254860917,-0.2637797390418287,40.867692339254354,34.72650065305006
2014-03-04 00:00:00+00:00,20.1757199181,1.3626551535326437,20.06680308648046,0.5494377072454075,71.69442489377035,67.02919942024546
2014-03-05 00:00:00+00:00,20.0871003577,-0.43923865299348996,20.07695172209023,0.05509952712595878,57.10439914831121,41.240977659104765
2014-03-06 00:00:00+00:00,20.1085838875,0.10695187168598963,20.092767804795116,0.0810256994059742,60.060001626568074,49.98932998346401
2014-03-07 00:00:00+00:00,20.1569218295,0.2403846151993294,20.124844817147558,0.1607051573026518,67.5955054553854,52.57666863134641
2014-03-10 00:00:00+00:00,20.116380957,-0.2011263070964886,20.12061288707378,-0.020210574896918396,54.62898191508954,41.834430821092056
2014-03-11 00:00:00+00:00,20.248814474,0.6583366922861655,20.184713680536888,0.3190630586946236,76.61219782079532,63.56896069145587
2014-03-12 00:00:00+00:00,20.413680689,0.8142018151812813,20.299197184768445,0.5666324369379525,87.72144962962429,66.93040672032099
2014-03-13 00:00:00+00:00,20.2515171988,-0.7943863366462023,20.275357191784224,-0.11387694985412489,51.57589727329256,27.561826436957478
2014-03-14 00:00:00+00:00,20.0758400845,-0.8674763109126848,20.175598638142112,-0.49067663038340487,30.891541152683825,26.499476053469166
2014-03-17 00:00:00+00:00,20.1839490779,0.5385029614948245,20.179773858021058,0.023913165555709798,49.563128735544716,65.20145782349292
2014-03-18 00:00:00+00:00,20.2082736014,0.12051419375920247,20.19402372971053,0.07221367965745613,53.777895351148544,52.80275376905744
2014-03-19 00:00:00+00:00,20.1028673328,-0.52159957193324,20.148445531255263,-0.22469294613789195,34.84889266077544,36.71485221000249
2014-03-20 00:00:00+00:00,20.3731398165,1.3444474324268318,20.26079267387763,0.55987724314447,72.32073833392234,72.8173224562892
2014-03-21 00:00:00+00:00,20.5677360047,0.9551605199430213,20.414264339288813,0.7575188815437457,82.92631523243567,61.7873770549273
2014-03-24 00:00:00+00:00,20.7461158439,0.8672798948763161,20.580190091594407,0.8123993882100309,88.81766664770436,58.772778592162815
2014-03-25 00:00:00+00:00,20.7758458171,0.14330380406479826,20.678017954347204,0.47785159613741457,89.70569100631242,36.666313361610555
2014-03-26 00:00:00+00:00,20.6028714275,-0.8325744767398557,20.6404446909236,-0.17736144030122059,52.98434648669974,20.82708004897158
2014-03-27 00:00:00+00:00,20.578546904,-0.11806375429558313,20.6094957974618,-0.14771259729840186,48.772902994127406,46.30265843079352
2014-03-28 00:00:00+00:00,20.5434114811,-0.1707381141336506,20.5764536392809,-0.15922535571602622,41.607408518297056,44.71173001313452
2014-03-31 00:00:00+00:00,20.6569259243,0.5525588741891019,20.61668978179045,0.1966667592365378,65.8916802040978,67.6242606160202
2014-04-01 00:00:00+00:00,20.7488185687,0.44485149792738987,20.682754175245222,0.32075912858196387,77.3366092604904,61.894793579581524
2014-04-02 00:00:00+00:00,20.859630287,0.5340627849875101,20.771192231122612,0.427410956784737,85.8965939451414,65.52386779926482
2014-04-03 00:00:00+00:00,20.9353065824,0.3627882870347987,20.853249406761307,0.3950996219097679,89.83108231895592,51.42077644862865
2014-04-04 00:00:00+00:00,20.8947657099,-0.19364833440786988,20.874007558330653,0.100725643750949,73.38086716844663,25.096920977171887
2014-04-07 00:00:00+00:00,20.8947657099,0.0,20.884386634115327,0.0503628218754745,73.38086716844664,40.89270744469739
2014-04-08 00:00:00+00:00,21.1299027706,1.125339541800141,21.007144702357664,0.5878511818378078,92.14720744954934,79.17468099135431
2014-04-09 00:00:00+00:00,21.0731455491,-0.2686108976278412,21.040145125728834,0.15962014210498332,73.40906016412113,35.93303732725989
2014-04-10 00:00:00+00:00,20.7812512667,-1.3851481342445737,20.91069819621442,-0.6127639960697953,28.578280778750674,21.696137420170526
2014-04-11 00:00:00+00:00,20.6758449981,-0.5072181036995693,20.793271597157208,-0.5599910498846823,21.47459530951042,46.63419097770561
2014-04-14 00:00:00+00:00,20.9136847837,1.1503267973901554,20.853478190428604,0.29516787375273656,57.35355237208831,71.94133166516474
2014-04-15 00:00:00+00:00,20.7785485419,-0.646161798830025,20.816013366164302,-0.17549696253864422,41.27904000890713,40.62284618052726
2014-04-16 00:00:00+00:00,20.8704411863,0.44224765851519354,20.84322727623215,0.13337534798827466,54.333885063012914,57.45472833180185
2014-04-17 00:00:00+00:00,20.9893610791,0.5698005698033137,20.916294177666074,0.3515879588957942,68.10050673529553,59.47418434387335
2014-04-21 00:00:00+00:00,20.9731447301,-0.07725985054469753,20.94471945388304,0.13716405417554833,64.14513875508457,43.69297096658087
2014-04-22 00:00:00+00:00,20.9623338308,-0.05154639153605034,20.95352664234152,0.042808831319749,60.6240153466123,44.5697013188753
2014-04-23 00:00:00+00:00,21.0920646229,0.6188757089126584,21.02279563262076,0.3308422701162037,80.19391600038831,65.54880108247934
2014-04-24 00:00:00+00:00,21.1650381935,0.345976422435057,21.09391691306038,0.33840934627563035,86.04561217286269,53.24443625830008
2014-04-25 00:00:00+00:00,21.2488226634,0.39586259724175843,21.171369788230187,0.3671359717586944,90.75151487208493,55.533192091847326
2014-04-28 00:00:00+00:00,21.5569332948,1.450012719672733,21.364151541515092,0.9085743457157137,96.76652362346441,82.57296862141983
2014-04-29 00:00:00+00:00,21.5326087712,-0.11283851588420601,21.448380156357544,0.39786791491575385,89.8466750750959,35.10305254892972
2014-04-30 00:00:00+00:00,21.5434196706,0.05020710455883037,21.495899913478773,0.2240375097372921,90.30869677555022,40.45948812479937
2014-05-01 00:00:00+00:00,21.5407169458,-0.012545477186642895,21.518308429639387,0.10574601627532461,88.79350862092564,38.61926962692556
2014-05-02 00:00:00+00:00,21.3839589052,-0.7277289841114754,21.451133667419693,-0.31099148391807535,36.09968751672823,21.726170230025655
2014-05-05 00:00:00+00:00,21.2488226634,-0.6319514660456105,21.349978165409844,-0.47147147498184294,20.42551218297396,28.048571408385648
2014-05-06 00:00:00+00:00,21.0839564484,-0.7758839989001953,21.21696730690492,-0.6236777369410191,11.381839856790847,23.72823512980605
2014-05-07 00:00:00+00:00,21.2001736164,0.5512113833303856,21.20857046165246,-0.03623317680531679,39.64031429858877,75.63437721235486
2014-05-08 00:00:00+00:00,21.3986872995,0.9363776292210746,21.30362888057623,0.4500722262078789,66.7811079940942,81.20332681456416
2014-05-09 00:00:00+00:00,21.5373749412,0.648112848040161,21.420501910888113,0.54909253712402,77.42069415242646,64.62225792955269
2014-05-12 00:00:00+00:00,21.5237781136,-0.0631313130644795,21.472140012244054,0.24298061202977023,73.93812987056513,36.80683881109521
2014-05-13 00:00:00+00:00,21.5210587481,-0.012634238680808707,21.49659938017203,0.11517318667448076,72.9536421341498,39.57663095354044
2014-05-14 00:00:00+00:00,21.4122841272,-0.5054334090770718,21.454441753686012,-0.19513011120129553,40.55455627206678,24.108403294489253
2014-05-15 00:00:00+00:00,20.8928853123,-2.4257048515445856,21.173663532993004,-1.3104174813729406,9.699951696704272,7.340117579828236
2014-05-16 00:00:00+00:00,20.9418338917,0.23428348295764234,21.057748712346502,-0.5380669992076491,18.468654253644715,62.105429949047384
2014-05-19 00:00:00+00:00,20.8330592708,-0.51941306316593,20.94540399157325,-0.5287400311867896,13.952426426162232,49.636641302042136
2014-05-20 00:00:00+00:00,20.5828776427,-1.2008876125584544,20.764140817136628,-0.864813821872622,7.567849107775788,39.01348036325149
2014-05-21 00:00:00+00:00,20.5747195461,-0.03963535488875625,20.669430181618313,-0.45222458838068913,7.402170594919636,60.57859149668579
2014-05-22 00:00:00+00:00,20.501296677,-0.3568596351240072,20.585363429309155,-0.40454211175234817,5.713545676337143,52.91198745594616
2014-05-23 00:00:00+00:00,20.5611227185,0.29181589068518754,20.573243073904578,-0.05636311053358031,26.270751603290265,66.07938463104603
2014-05-27 00:00:00+00:00,20.5556839875,-0.026451527353144044,20.56446353070229,-0.04140731894336218,25.51224048276051,54.801278154621755
2014-05-28 00:00:00+00:00,20.5393677943,-0.07937557908519466,20.551915662501145,-0.06039144901427842,22.578647268960932,52.56355135195706
2014-05-29 00:00:00+00:00,20.6617392428,0.5957897522725242,20.60682745265057,0.2676991516291229,66.24478110890402,73.37101908781366
2014-05-30 00:00:00+00:00,20.8765691192,1.0397473023712633,20.741698285925285,0.6537232270001931,86.41759532735243,81.41268843495908
2014-06-02 00:00:00+00:00,20.8738497536,-0.01302592195333574,20.80777401976264,0.3203486525234287,85.44799750905385,39.25057685647668
2014-06-03 00:00:00+00:00,20.860252926,-0.06513809268773318,20.83401347288132,0.12760527991784776,78.81570788061967,37.79717667561524
2014-06-04 00:00:00+00:00,20.974466278,0.5475166212277616,20.90423987544066,0.33756095057280466,89.28996255078553,62.36952766181878
2014-06-05 00:00:00+00:00,21.0261342229,0.24633735235586318,20.965187049170332,0.2919491514643339,91.98056026943335,48.29988007484849
2014-06-06 00:00:00+00:00,20.9962212022,-0.14226590766942548,20.980704125685165,0.07484162189745422,75.50737772363371,33.62097429154935
2014-06-09 00:00:00+00:00,20.9418338917,-0.2590338041128182,20.961269008692582,-0.09209609110768198,50.72925055924887,29.57042867952395
2014-06-10 00:00:00+00:00,20.8357786363,-0.506427736694226,20.89852382249629,-0.299261913900954,25.884205209757788,21.383256489066163
2014-06-11 00:00:00+00:00,20.7106878223,-0.6003654395812519,20.804605822398145,-0.44981367674110295,13.867817259862894,18.47054096806504
2014-06-12 00:00:00+00:00,20.5937551048,-0.5646008404129099,20.69918046359907,-0.5072072585770064,8.399952073433484,24.355032604992108
2014-06-13 00:00:00+00:00,20.4713836562,-0.5942162950722696,20.585282059899534,-0.550711776824638,5.188566770749508,22.35124193498111
2014-06-16 00:00:00+00:00,20.4876998494,0.07970244451480646,20.536490954649764,-0.23550466615491578,11.923101797725845,79.61066901746112
2014-06-17 00:00:00+00:00,20.3925220561,-0.46456065834441507,20.46450650537488,-0.35003266224966545,7.353041223529217,42.04827391704039
2014-06-18 00:00:00+00:00,20.5855970082,0.9467929055996693,20.52505175678744,0.29838012167500194,57.232839288307055,79.56042760096102
2014-06-19 00:00:00+00:00,20.6318262221,0.2245706737656672,20.57843898944372,0.26147539772033457,64.16251451186359,53.15163526782357
2014-06-20 00:00:00+00:00,20.5801582772,-0.25042836413896596,20.57929863332186,0.005523516790684302,50.45639242113384,40.03995956298327
2014-06-23 00:00:00+00:00,20.6100712979,0.14534883695787038,20.59468496561093,0.07543617687427734,58.20897779431081,54.169933428836714
2014-06-24 00:00:00+00:00,20.6590198773,0.23749835064854619,20.626852421455467,0.15646726376141176,69.80608049082203,57.65502991139153
2014-06-25 00:00:00+00:00,20.563842084,-0.4607081742758812,20.595347252727734,-0.15212045525723472,38.58007725833608,30.926429606484938
2014-06-26 00:00:00+00:00,20.3707671319,-0.9389050514554742,20.483057192313865,-0.5455127533563544,16.339556012675157,20.949035312161854
2014-06-27 00:00:00+00:00,20.4876998494,0.5740221600043949,20.485378520856933,0.014254703324020235,45.093915961930435,68.7675447628844
2014-06-30 00:00:00+00:00,20.4142769803,-0.35837536492486777,20.449827750578464,-0.17206033080042377,34.06604217240241,44.10452151905604
2014-07-01 00:00:00+00:00,20.4713836562,0.2797389099555625,20.460605703389234,0.053839289577569366,48.701997610881484,59.14588503293199
2014-07-02 00:00:00+00:00,20.563842084,0.451647183955739,20.512223893694618,0.25274323676665417,66.66995515200188,63.152754011900186
2014-07-03 00:00:00+00:00,20.5991938358,0.17191219255425771,20.55570886474731,0.21232771466045594,72.24550051151154,50.95460242495474
2014-07-07 00:00:00+00:00,20.6862135326,0.42244224455407764,20.620961198673655,0.3173849796072668,82.84280824323962,61.05904985209988
2014-07-08 00:00:00+00:00,20.8439367329,0.7624556328370113,20.73244896578683,0.539920306222139,91.58169465183292,72.56545234758929
2014-07-09 00:00:00+00:00,20.9962212022,0.7305936073948693,20.864335083993417,0.6352569568085042,95.15540172594419,69.6717212036647
2014-07-10 00:00:00+00:00,20.9554307193,-0.19427535320367673,20.90988290164671,0.22049080180241376,81.29017903715115,25.461959352691114
2014-07-11 00:00:00+00:00,20.8901659468,-0.311445626550122,20.900024424223353,-0.04547741237385411,60.22800774543759,22.722041837304513
2014-07-14 00:00:00+00:00,20.8167430777,-0.35147097101565494,20.85838375096168,-0.19847419169475453,41.90564809312231,21.534654350771223
2014-07-15 00:00:00+00:00,20.8956046778,0.37883736089572295,20.87699421438084,0.09018158460048421,61.01381830316188,67.71286315877303
2014-07-16 00:00:00+00:00,20.9010434089,0.026028110618780964,20.88901881164042,0.05810484760963259,62.29670344600897,47.46897229654734
2014-07-17 00:00:00+00:00,20.8330592708,-0.3252667188426206,20.86103904122021,-0.133580935616494,38.52633079594261,32.81586524381595
2014-07-18 00:00:00+00:00,20.9635888159,0.626550058747033,20.912313928560103,0.2464845615652695,70.71166755637886,70.20082780688045
2014-07-21 00:00:00+00:00,20.8765691192,-0.41509923450702146,20.89444152388005,-0.08430733647087599,46.41204138391375,36.68789471174037
2014-07-22 00:00:00+00:00,20.8412173674,-0.16933698060322966,20.867829445640027,-0.1268221585370528,38.37583648307143,45.83842761578101
2014-07-23 00:00:00+00:00,20.9363951607,0.45668058454626514,20.902112303170014,0.16492921300460617,63.73462336880482,65.10731442607491
2014-07-24 00:00:00+00:00,20.7623557672,-0.8312767893619566,20.832234035185007,-0.3331737881786752,29.940555234570475,31.03418824352062
2014-07-25 00:00:00+00:00,20.6590198773,-0.4977079241809679,20.745626956242504,-0.4154408561798215,20.33677794944697,42.686551538369606
2014-07-28 00:00:00+00:00,20.5883163737,-0.34224035806117437,20.66697166497125,-0.37884060712049794,15.299983716356344,48.74126505532929
2014-07-29 00:00:00+00:00,20.5148935046,-0.35662395976094885,20.590932584785627,-0.3677322834407234,11.040602498784471,48.03700654618807
2014-07-30 00:00:00+00:00,20.3354153801,-0.8748674442777715,20.46317398244281,-0.6212998638592475,5.46356803107109,26.973516384818943
2014-07-31 00:00:00+00:00,20.0090915174,-1.6047071407222613,20.236132749921406,-1.1130035022907543,2.297885042984571,14.002951786899281
2014-08-01 00:00:00+00:00,19.9982140553,-0.05436259857446446,20.117173402610703,-0.5836830504326094,2.2331877211577993,66.03850218826291
2014-08-04 00:00:00+00:00,19.9982140553,0.0,20.05769372895535,-0.2918415252163047,2.233187721157799,67.08601727686253
2014-08-05 00:00:00+00:00,19.9438267448,-0.2719608378508487,20.000760236877674,-0.2819011815335767,1.6959903260594948,54.47693359759926
2014-08-06 00:00:00+00:00,20.3082217249,1.8271066268413794,20.154490980888838,0.7726027226539014,71.23549688036705,85.66662926284644
2014-08-07 00:00:00+00:00,20.2397977972,-0.33692722399275565,20.197144389044418,0.21783774933057287,59.40029096948335,41.59546496474056
2014-08-08 00:00:00+00:00,20.4368587088,0.9736308315652309,20.317001548922207,0.5957342904479019,76.36437005655749,60.196805611680915
2014-08-11 00:00:00+00:00,20.3520130386,-0.4151600371120945,20.334507293761103,0.09028712666790373,60.13636905071414,39.96454547131246
2014-08-12 00:00:00+00:00,20.3136956391,-0.18827326528989552,20.32410146643055,-0.048993069310995896,52.568746307232225,44.53299910518269
2014-08-13 00:00:00+00:00,20.2616934541,-0.2559956884453096,20.292897460265277,-0.15249437887815276,41.84822042076496,43.06573643371142
2014-08-14 00:00:00+00:00,20.3602239099,0.4862893421184511,20.32656068508264,0.16689748162014917,63.185763996404084,63.0703626207484
2014-08-15 00:00:00+00:00,20.2261130117,-0.6586906843140783,20.27633684839132,-0.24589660134696456,36.12378692646326,34.78839599982741
2014-08-18 00:00:00+00:00,20.3875934809,0.7983761838302295,20.33196516464566,0.27623979124163245,63.98394629699614,64.86381602102298
2014-08-19 00:00:00+00:00,20.4943348081,0.5235602097912961,20.41314998637283,0.3999000005164643,74.85724211675804,57.37728601308578
2014-08-20 00:00:00+00:00,20.5162304649,0.10683760661189812,20.464690225636417,0.25336880356418123,76.99430397573323,45.44637371435904
2014-08-21 00:00:00+00:00,20.6777109342,0.7870864463930927,20.57120057991821,0.520227624978637,88.14310862836673,63.85141973832122
2014-08-22 00:00:00+00:00,20.7269761621,0.23825281268692322,20.649088371009107,0.3792402188327801,90.29532397081978,45.33941771373169
2014-08-25 00:00:00+00:00,20.7160283336,-0.05281922656918958,20.682558352304554,0.16321049613179525,85.1436776971868,36.842157542572224
2014-08-26 00:00:00+00:00,20.6695000628,-0.22460034351533542,20.676029207552276,-0.030694923691770085,62.4351061842164,31.599521834688186
2014-08-27 00:00:00+00:00,20.7598196473,0.43697033902891924,20.717924427426137,0.20313770766857459,78.85566045240874,62.45954493115275
2014-08-28 00:00:00+00:00,20.7735044329,0.06591957845734076,20.74571443016307,0.13452864306295767,80.76644826495318,45.27483174917285
2014-08-29 00:00:00+00:00,20.6640261486,-0.5270092229918255,20.704870289381535,-0.19624028996443393,38.7475885879254,27.282483383535272
2014-09-02 00:00:00+00:00,20.7324500763,0.331125828083767,20.718660182840768,0.06744276905966654,58.82843235002619,60.96187801826019
2014-09-03 00:00:00+00:00,20.803610961,0.34323432318954517,20.761135571920384,0.20533854612460584,72.7597979289292,61.3408467372944
2014-09-04 00:00:00+00:00,20.9541436018,0.7235890013622903,20.85763958686019,0.46446377374344805,86.86386695250155,73.47404561326081
2014-09-05 00:00:00+00:00,21.2141545269,1.2408568445511081,21.035897056880096,0.8526603091472781,94.38983158868153,83.8279773441706
2014-09-08 00:00:00+00:00,20.9459327305,-1.2643529868696324,20.990914893690046,-0.20584633886117715,50.03384502447842,21.854902752101232
2014-09-09 00:00:00+00:00,21.0034088297,0.27440219511594144,20.997161861695023,0.034277928127382146,56.59068313888981,53.51635847743037
2014-09-10 00:00:00+00:00,20.9404588163,-0.29971331754007347,20.968810338997514,-0.13271769470634565,46.55428289722554,43.624449437578676
2014-09-11 00:00:00+00:00,20.828243575,-0.5358776628745843,20.898526956998758,-0.33429767879046496,31.578914547979142,39.15838817970086
2014-09-12 00:00:00+00:00,20.7379239905,-0.4336399474817343,20.81822547374938,-0.38396881313609965,22.74541077234119,42.95093795463222
2014-09-15 00:00:00+00:00,20.7488718189,0.052791342108382544,20.78354864632469,-0.16558873551385855,26.484386913541993,60.51610243646619
2014-09-16 00:00:00+00:00,20.8884566313,0.6727344677740499,20.836002638812346,0.25357286613009566,61.82224564478143,75.14558281532486
2014-09-17 00:00:00+00:00,20.8665609745,-0.104821802713706,20.851281806656175,0.07437553170819483,55.54048500846434,44.27944497619977
2014-09-18 00:00:00+00:00,20.8610870602,-0.026232949007221062,20.856184433428087,0.024071291350486884,53.501862640383216,47.545913994960294
2014-09-19 00:00:00+00:00,21.0307784008,0.8134347942190701,20.943481417114043,0.4187530427847785,82.82166730571137,72.95496460607303
2014-09-22 00:00:00+00:00,20.8857196742,-0.6897449244887666,20.914600545657024,-0.13549594085199404,45.794792810203276,31.708798044909027
2014-09-23 00:00:00+00:00,20.6913957197,-0.9304154107748874,20.80299813267851,-0.5329556758134407,24.12343898135386,27.918110802011967
2014-09-24 00:00:00+00:00,21.0964653713,1.957671957403706,20.949731751989255,0.7123581407951327,69.40052823959452,77.13046922618747
2014-09-25 00:00:00+00:00,20.8337174892,-1.2454592628462047,20.89172462059463,-0.266550561025536,43.907911478929535,36.113071316108446
2014-09-26 00:00:00+00:00,20.9349849021,0.48607461895600057,20.913354761347314,0.1097620289652323,53.73315412757969,55.36162279296801
2014-09-29 00:00:00+00:00,20.8227696608,-0.5360177799256127,20.868062211073656,-0.21312787548019022,41.616545220662175,43.7029901428513
2014-09-30 00:00:00+00:00,20.9295109879,0.5126182964072523,20.898786599486826,0.14974521046353106,55.8284776145284,57.48246770527432
2014-10-01 00:00:00+00:00,20.8337174892,-0.45769582841843626,20.866252044343412,-0.1539753089774526,42.0494550616001,42.90620104698575
2014-10-02 00:00:00+00:00,20.8638240173,0.14450867021502667,20.865038030821708,-0.004733319381212964,48.08941985562466,53.81007980151862
2014-10-03 00:00:00+00:00,21.1621523419,1.4298832484046509,21.013595186360853,0.712574964511719,79.63636355602654,71.33662626607551
2014-10-06 00:00:00+00:00,21.1703632132,0.038799792985821924,21.091979199780425,0.37568737874877045,80.13476705784728,44.14460427271967
2014-10-07 00:00:00+00:00,21.1566784277,-0.0646412409753494,21.124328813740213,0.15552306888671052,75.51420895146717,42.344264575904845
2014-10-08 00:00:00+00:00,21.4139523956,1.2160413969479977,21.269140604670106,0.6857822329173542,90.6756586644053,67.1923157930065
2014-10-09 00:00:00+00:00,21.3099480256,-0.48568507148343265,21.289544315135053,0.10004858071696077,65.92346812181343,36.14448166460522
2014-10-10 00:00:00+00:00,21.4276371811,0.552273310843443,21.35859074811753,0.3261609457802019,76.7131694237408,55.118536638539375
2014-10-13 00:00:00+00:00,21.2278393124,-0.9324307062480441,21.293215030258764,-0.3031348802339211,42.46965061562698,33.65918735713858
2014-10-14 00:00:00+00:00,21.3427915109,0.541516245757756,21.318003270579382,0.11919068276191747,58.46889934402181,58.00590165891161
2014-10-15 00:00:00+00:00,20.5819174354,-3.5650166713731557,20.94996035298969,-1.7229129943056192,15.545501859639492,22.893629420140574
2014-10-16 00:00:00+00:00,20.2042173549,-1.8351063825101877,20.577088853944844,-1.7790096884079034,10.051199021929458,44.22667359763136
2014-10-17 00:00:00+00:00,20.2808521538,0.3793010021317045,20.42897050387242,-0.6998543431380995,18.787015845058818,63.5762780613103
2014-10-20 00:00:00+00:00,20.5654956928,1.4035087719263428,20.49723309833621,0.3518272143941217,47.30181706874034,70.64248878001523
2014-10-21 00:00:00+00:00,20.8063479181,1.1711471918681937,20.651790508218106,0.7614872031311577,63.546848398468086,66.26756218508152
2014-10-22 00:00:00+00:00,20.8090848752,0.013154433016193678,20.730437691709053,0.3873208180736757,63.73739119872294,45.2971014112385
2014-10-23 00:00:00+00:00,20.8692979316,0.28935946372039556,20.799867811654526,0.3383401408970356,69.0722164720402,50.86066727072212
2014-10-24 00:00:00+00:00,20.9048783739,0.17049180291841548,20.852373092777263,0.2544159719077256,72.63993227638149,47.727152072481935
2014-10-27 00:00:00+00:00,20.9623544732,0.2749410844301359,20.907363782988632,0.2646785281689307,78.61688294807243,51.653157263172275
2014-10-28 00:00:00+00:00,20.8966675026,-0.31335683538784576,20.902015642794318,-0.024339153609457514,57.19693301876069,31.601069310502485
2014-10-29 00:00:00+00:00,20.907615331,0.052390307682492754,20.904815486897157,0.01402557703651762,59.926536230664325,49.78141351409582
2014-10-30 00:00:00+00:00,20.9240370737,0.07854431239535664,20.914426280298578,0.04628494471593713,64.95497865021414,51.17347095427306
2014-10-31 00:00:00+00:00,20.8747718458,-0.2354480052127239,20.89459906304929,-0.09458153024839339,41.513725664217354,34.13410905607245
2014-11-03 00:00:00+00:00,20.8775088029,0.013111315037184212,20.886053932974647,-0.04073510760560459,43.221273114892625,52.79704385961302
2014-11-04 00:00:00+00:00,21.1457305992,1.2847404296759013,21.015892266087324,0.6220026610351483,89.27036575956654,85.13015462246409
2014-11-05 00:00:00+00:00,21.2661567119,0.5695055658401005,21.14102448899366,0.5957541134376244,93.06065169221614,53.95132178324922
2014-11-06 00:00:00+00:00,21.2962632401,0.14157014174147609,21.21864386454683,0.36866212758955025,93.872379104566,40.60464898499154
2014-11-07 00:00:00+00:00,21.5590111222,1.2337745788437493,21.388827493373416,0.8012183532166498,97.57926285459622,69.49520814870345
2014-11-10 00:00:00+00:00,21.7423872483,0.8505776311380497,21.56560737083671,0.8258979921773497,98.5178889869662,55.3312836375781
2014-11-11 00:00:00+00:00,21.6246980928,-0.5412890229392842,21.595152731818352,0.14230448461903278,71.73932856249776,26.217874239536602
2014-11-12 00:00:00+00:00,21.6767002778,0.2404758890821812,21.635926504809177,0.191390186850607,76.05344259900811,48.87936097304819
2014-11-13 00:00:00+00:00,22.7003222353,4.722222221932615,22.16812437005459,2.456806204391611,95.65186754859818,85.9604570224211
2014-11-14 00:00:00+00:00,22.7057961495,0.02411381716638239,22.436960259777294,1.2404600107789967,95.68022640541814,40.15767438429052
2014-11-17 00:00:00+00:00,22.872750533,0.7352941178575545,22.654855396388648,0.9878770643182756,96.67296415107995,46.61642804890084
2014-11-18 00:00:00+00:00,22.9329635893,0.2632523631695527,22.793909492844325,0.6255647137439142,97.04085870329862,42.09324068974745
2014-11-19 00:00:00+00:00,23.261398442,1.4321518081214846,23.02765396742216,1.0288582609326995,98.44641920585265,57.43424834752281
2014-11-20 00:00:00+00:00,23.1491832007,-0.4824096950997947,23.08841858406108,0.2732242829164524,79.17314115141487,34.78985553244546
2014-11-21 00:00:00+00:00,23.1683419004,0.08276188206683965,23.12838024223054,0.17799308249164603,80.16749002435274,44.48211251074671
2014-11-24 00:00:00+00:00,23.3736136833,0.8860011811913759,23.25099696276527,0.531997131841511,88.77812212067695,57.840665082050236
2014-11-25 00:00:00+00:00,23.2504506136,-0.5269320840533775,23.250723788182636,0.0025325238940667183,63.834673286439475,35.379062069526285
2014-11-26 00:00:00+00:00,23.2586614849,0.03531489103782981,23.254692636541318,0.018923707465948264,64.823019503692,47.53921395185153
2014-11-28 00:00:00+00:00,23.959322504,3.012473523271675,23.60700757027066,1.5156986153688115,92.17951371466933,78.97046069945407
2014-12-01 00:00:00+00:00,23.598044166,-1.5078821111894292,23.60252586813533,0.003908252089691144,57.558659515032616,33.39770342575233
2014-12-02 00:00:00+00:00,23.6473093939,0.2087682672065716,23.624917631017667,0.10633825964813137,60.58653373479963,49.875273250072084
2014-12-03 00:00:00+00:00,23.3790875976,-1.1342592589801637,23.502002614308836,-0.5139604996660161,38.28216103998326,38.65298712441953
2014-12-04 00:00:00+00:00,23.3295439695,-0.21191429260518646,23.41577329190442,-0.3629373961356013,34.738812491183495,50.196880846046184
2014-12-05 00:00:00+00:00,23.1533888475,-0.7550731477233286,23.28458106970221,-0.5590052719294649,23.25771860918238,43.042371831345925
2014-12-08 00:00:00+00:00,23.1836655091,0.1307655730200752,23.234123289401104,-0.21411984945469487,29.28323989889122,57.7677480172876
2014-12-09 00:00:00+00:00,22.9992531157,-0.795441054511481,23.116688202550552,-0.5047804519830879,17.051374570517872,41.102078367548806
2014-12-10 00:00:00+00:00,22.8396125364,-0.6941120152768043,22.978150369475276,-0.5994462336299461,11.055107344169588,43.76443185919781
2014-12-11 00:00:00+00:00,23.0735685578,1.024343215223733,23.025859463637637,0.21244849079689349,49.83489875353489,73.84274482404209
2014-12-12 00:00:00+00:00,23.0680637103,-0.023857807197069647,23.04696158696882,0.09429534179991192,49.079653053129874,49.57975264623694
2014-12-15 00:00:00+00:00,23.1038452194,0.15511275479971331,23.07540340318441,0.12470404829981262,55.63505398588206,53.49338095450392
2014-12-16 00:00:00+00:00,22.8341076889,-1.167500595413895,22.954755546042207,-0.5213982735570413,22.65516723716483,28.753185380022984
2014-12-17 00:00:00+00:00,23.1836655091,1.5308582448786634,23.0692105275711,0.5047299856608111,64.06427893291496,70.5023806424311
2014-12-18 00:00:00+00:00,23.6543299757,2.0301555265937576,23.36177025163555,1.2674427561272843,82.73404471815799,74.6288086643156
2014-12-19 00:00:00+00:00,23.4396409207,-0.9076099607156496,23.400705586167774,0.17991639770581735,61.03718969857253,33.396508881765875
2014-12-22 00:00:00+00:00,23.775436622,1.432597463570584,23.588071104083888,0.8062569306382007,75.87852290776146,59.881661350696504
2014-12-23 00:00:00+00:00,23.8525044879,0.32414910870106617,23.720287795991943,0.5652030196696334,78.6749423645616,46.690420779230834
2014-12-24 00:00:00+00:00,23.789198741,-0.2654050308726008,23.75474326849597,0.14989899439851628,68.84141623767513,39.711236045075644
2014-12-26 00:00:00+00:00,23.9213150825,0.5553627212853574,23.838029175497987,0.3526308578419368,77.60422884760129,54.053486915825204
2014-12-29 00:00:00+00:00,23.8469996404,-0.31066620645103793,23.842514407948993,0.020982325695449444,62.72112698942011,39.268310166778726
2014-12-30 00:00:00+00:00,23.8882859971,0.17313019382971806,23.865400202524498,0.09705625976258375,67.85800904801151,50.592712911292246
2014-12-31 00:00:00+00:00,23.637815433,-1.0485078926567026,23.75160781776225,-0.47572581644705947,30.106339330691796,29.651048756883178
2015-01-02 00:00:00+00:00,23.6433202806,0.02328830942777138,23.697464049181125,-0.22621875350964404,31.36514769588846,54.458844476717324
2015-01-05 00:00:00+00:00,23.574509686,-0.2910360887699137,23.63598686759056,-0.2586274211397789,23.447180074484187,47.14532646844344
2015-01-06 00:00:00+00:00,23.7561696556,0.7705779336224516,23.696078261595282,0.2559752562413364,61.71748980015616,68.5455943269311
2015-01-07 00:00:00+00:00,24.3864747015,2.653226740832859,24.04127648154764,1.4546009985370978,89.37145488134276,84.85610087494817
2015-01-08 00:00:00+00:00,24.9011779486,2.11060948087074,24.47122721507382,1.7826052397039187,94.36097273462364,69.31655025620724
2015-01-09 00:00:00+00:00,24.5929064851,-1.2379794407169187,24.53206685008691,0.2723128994935,66.36971612147869,25.718744261279653
2015-01-12 00:00:00+00:00,24.7773188784,0.7498601005608174,24.654692864243454,0.5110865000271587,73.4396045775367,52.385794692569284
2015-01-13 00:00:00+00:00,24.5818967899,-0.7887136193349797,24.61829482707173,-0.1388135596539105,55.04549988977898,36.97482124170529
2015-01-14 00:00:00+00:00,23.838742369,-3.0231776955688128,24.228518598035862,-1.5809956276113617,22.664472804237416,22.533812358401462
2015-01-15 00:00:00+00:00,24.0506790002,0.8890428358989455,24.13959879911793,-0.3459763958562081,38.212853304655184,61.75886057922931
2015-01-16 00:00:00+00:00,23.8827811495,-0.6981002519662827,24.011189974308966,-0.5220383239112454,30.84390054066492,47.21152787937748
2015-01-20 00:00:00+00:00,23.8607617593,-0.09219776399643775,23.935975866804483,-0.30711804395384157,29.716582197243614,53.485599056813
2015-01-21 00:00:00+00:00,23.8469996404,-0.05767677930331727,23.89148775360224,-0.18239741162857942,28.732082336051675,53.95331312721509
2015-01-22 00:00:00+00:00,24.303901988,1.915974145552246,24.09769487080112,0.8667883669618334,73.10498868289838,75.27463537761611
2015-01-23 00:00:00+00:00,24.3617028874,0.23782559454255114,24.22969887910056,0.5523069807521923,75.94682279017775,47.325746838663356
2015-01-26 00:00:00+00:00,24.3947319728,0.13557790090725774,24.312215425950278,0.343942440829725,77.9443810374802,45.7725193240939
2015-01-27 00:00:00+00:00,24.0919653569,-1.24111474656734,24.202090391425138,-0.4485861528688075,36.390226191638234,27.52662141940083
2015-01-28 00:00:00+00:00,23.8965432684,-0.8111504628410593,24.04931682991257,-0.6298683078549334,24.00153210464893,38.9309171041478
2015-01-29 00:00:00+00:00,24.1442614087,1.036627505148724,24.096789119306287,0.20337959864689525,53.86527048942802,69.68336244307184
2015-01-30 00:00:00+00:00,23.3900972927,-3.1235750111960336,23.743443206003143,-1.4600977062745693,19.27559634454999,25.80246871701517
2015-02-02 00:00:00+00:00,23.5910242287,0.8590256529745544,23.66723371735157,-0.30053602665000745,35.761011120664215,61.035883963658065
2015-02-03 00:00:00+00:00,23.7231405702,0.5600280014094183,23.695187143775787,0.12974598737970544,46.53082406593398,57.93762137849514
2015-02-04 00:00:00+00:00,23.8497520641,0.5337046059535666,23.772469603937893,0.331725296666636,56.91444853210906,57.551825593733085
2015-02-05 00:00:00+00:00,24.0231547624,0.7270628970647453,23.897812183168945,0.5293940968656906,69.20152724623978,60.453302938959155
2015-02-06 00:00:00+00:00,24.0369168813,0.057286892733765526,23.967364532234473,0.29334049479972807,70.21279791233032,44.60987326275515
2015-02-09 00:00:00+00:00,23.6460727043,-1.6260162604467276,23.806718618267237,-0.6663378828234998,29.27027381543361,22.439670791628778
2015-02-10 00:00:00+00:00,24.0259071861,1.6063322081003584,23.91631290218362,0.4699971626384293,61.76858152038776,68.10161772095341
2015-02-11 00:00:00+00:00,23.7644269269,-1.088326268700801,23.84036991454181,-0.3091645530311859,41.892498244523864,39.22468501805589
2015-02-12 00:00:00+00:00,23.6405678568,-0.5211952742685266,23.740468885670907,-0.4151799136498563,34.09677152582755,46.399830437552694
2015-02-13 00:00:00+00:00,23.6185484665,-0.09314239164381899,23.679508676085455,-0.25416115264683764,32.48475787975345,52.71945483393935
2015-02-17 00:00:00+00:00,23.6598348232,0.174804801228845,23.669671749642728,-0.039678175708996316,40.40853170500555,57.43195963528037
2015-02-18 00:00:00+00:00,23.750664808,0.38389948822015185,23.710168278821364,0.17211065625557775,57.044910756988834,61.87943640432319
2015-02-19 00:00:00+00:00,22.9882434206,-3.210105458366752,23.349205849710682,-1.5189974010555871,12.634384977727724,16.7524792384324
2015-02-20 00:00:00+00:00,23.2029324756,0.9339080462651417,23.27606916265534,-0.2925446773952227,34.253868199387874,63.18622908154891
2015-02-23 00:00:00+00:00,23.285505189,0.35587188596455377,23.28078717582767,0.031663604284665525,42.46751152760852,56.58276636692099
2015-02-24 00:00:00+00:00,23.2772479177,-0.035460992720481865,23.279017546763832,-0.00189869421790817,41.686332493062345,51.15388327267645
2015-02-25 00:00:00+00:00,23.0020055395,-1.1824524066296638,23.140511543131915,-0.592175550423786,21.714603213345416,35.97764507224599
2015-02-26 00:00:00+00:00,23.0653112865,0.275218379942066,23.102911414815956,-0.15847858524086,32.81883696782194,59.10569105839633
2015-02-27 00:00:00+00:00,23.1010927957,0.1551312651086878,23.10200210525798,-0.0016736600660861023,40.03064253851674,56.579898489758754
2015-03-02 00:00:00+00:00,23.109350067,0.03574407225244158,23.10567608612899,0.01703520609317774,42.17921322945737,53.19026219018678
2015-03-03 00:00:00+00:00,22.9469570639,-0.7027155788855155,23.026316575014498,-0.34284018639616887,20.506001963492828,34.187448330462736
2015-03-04 00:00:00+00:00,22.7295155852,-0.9475830633861149,22.877916080107248,-0.6452116248911419,10.091401496451839,29.029056662002702
2015-03-05 00:00:00+00:00,23.0020055395,1.198837490744542,22.939960809803623,0.27681293292670006,54.00358151598725,76.21547695414691
2015-03-06 00:00:00+00:00,22.732268009,-1.1726696180330842,22.83611440940181,-0.4479283425531921,31.302548888799027,36.26048997548596
2015-03-09 00:00:00+00:00,22.8120882986,0.3511320980748467,22.824101354000902,-0.0483981222391727,42.10510438273971,57.65574948720232
2015-03-10 00:00:00+00:00,22.5891419723,-0.9773166024159341,22.70662166315045,-0.5128573623275534,25.38262437043064,40.067892463513516
2015-03-11 00:00:00+00:00,22.3441762558,-1.0844401119811775,22.525398959475226,-0.7986487371543655,15.340833950611476,38.642081088349066
2015-03-12 00:00:00+00:00,22.6792419798,1.4995662411722455,22.60232046963761,0.35045875200894,53.27063014434198,73.1775050386077
2015-03-13 00:00:00+00:00,22.6792419798,0.0,22.640781224718808,0.17522937600447,53.27063014434199,49.11385395401355
2015-03-16 00:00:00+00:00,23.0641521917,1.6971916973364198,22.852466708209406,0.936210536670445,78.34624765100402,67.34435735732848
2015-03-17 00:00:00+00:00,22.8786199313,-0.8044182975291192,22.865543319754703,0.06589611957066288,56.44610466927557,37.578495816365965
2015-03-18 00:00:00+00:00,22.8536976874,-0.10893246172556381,22.859620503577354,-0.021518171077450465,53.436393278471,47.2934693116021
2015-03-19 00:00:00+00:00,22.5740147277,-1.2237974069911672,22.716817615638675,-0.6226577890343088,28.160658022556365,34.41465157792949
2015-03-20 00:00:00+00:00,23.0503065006,2.109911677853016,22.883562058119338,0.7436269444093535,67.46808520725509,70.47617774661
2015-03-23 00:00:00+00:00,23.0696904681,0.08409418546990732,22.97662626310967,0.4138605649396304,68.5195952679273,46.94691899075282
2015-03-24 00:00:00+00:00,22.9976928745,-0.31208738452540574,22.987159568804834,0.05088659020711234,58.06341731323686,42.75917229791822
2015-03-25 00:00:00+00:00,22.5186319634,-2.0830824801177594,22.75289576610242,-1.0160979449553236,23.012928495944454,26.755936280014847
2015-03-26 00:00:00+00:00,22.6764728416,0.7009345792255095,22.714684303851207,-0.15758168286490704,40.70345903988367,61.092533972961135
2015-03-27 00:00:00+00:00,22.526939378,-0.6594211747325995,22.620811840925604,-0.4085014287987533,30.68398398183368,45.469192243728294
2015-03-30 00:00:00+00:00,22.8536976874,1.4505224341266443,22.737254764162802,0.5210105026639456,61.637108344182415,65.81077256610936
2015-03-31 00:00:00+00:00,22.7761618173,-0.3392705686430242,22.756708290731403,0.09086996701046068,53.1839538974589,44.62831101929862
2015-04-01 00:00:00+00:00,22.3497145323,-1.872340425137331,22.5532114115157,-0.8907352290634352,24.952154883471962,31.57175664033119
2015-04-02 00:00:00+00:00,22.3552528087,0.024780076685093633,22.454232110107853,-0.43297757618917077,25.720274320770486,55.65399549354334
2015-04-06 00:00:00+00:00,22.4272504023,0.3220611916854743,22.44074125620393,-0.055458192251848226,38.078748809059014,59.042143338510016
2015-04-07 00:00:00+00:00,22.2915626297,-0.6050129648799252,22.366151942951966,-0.3302355785658867,25.897984649652294,43.49671408817334
2015-04-08 00:00:00+00:00,22.4383269551,0.6583850932211366,22.402239449025984,0.16407475732762494,51.216409170536906,63.26703083663082
2015-04-09 00:00:00+00:00,22.385713329,-0.23448105647662087,22.39397638901299,-0.035203149574497966,43.26703741262959,46.1494075309547
2015-04-10 00:00:00+00:00,22.333099703,-0.2350321619273288,22.363538046006497,-0.1351176557509134,35.096070785746626,46.137850055701534
2015-04-13 00:00:00+00:00,22.2334107272,-0.44637321789509077,22.298474386603246,-0.2907454368230021,22.838139935779292,40.32824521855879
2015-04-14 00:00:00+00:00,22.1946427922,-0.17436791626653791,22.246558589401623,-0.23255667654477,18.97265804821073,51.99738606697168
2015-04-15 00:00:00+00:00,22.0811081254,-0.5115408608418748,22.16383335740081,-0.3720487686933224,10.881841126632331,38.13213347449379
2015-04-16 00:00:00+00:00,21.9426512147,-0.6270378728897796,22.053242286050406,-0.499543320791551,6.113103982810826,33.53717081901642
2015-04-17 00:00:00+00:00,21.5660484174,-1.7163048968654282,21.8096453517252,-1.1079241088284897,2.1926690402811144,12.399629735223723
2015-04-20 00:00:00+00:00,21.638046011,0.3338469440785863,21.7238456813626,-0.3870385823749517,17.385965100154078,68.48215160474399
2015-04-21 00:00:00+00:00,21.6075854907,-0.14077297129563293,21.6657155860313,-0.2639057768352923,15.825844791079422,56.02650417074773
2015-04-22 00:00:00+00:00,21.7183510193,0.512623350016006,21.69203330266565,0.12435878659035685,43.48682476171544,68.0329297229329
2015-04-23 00:00:00+00:00,21.9260363854,0.9562667345943687,21.809034844032823,0.5403127605923628,70.63079977750641,74.98822831549818
2015-04-24 00:00:00+00:00,22.1087995076,0.8335438242805138,21.95891717581641,0.6869282924364383,82.02632832096981,68.77881554222873
2015-04-27 00:00:00+00:00,21.9786500115,-0.5886773547123636,21.968783593658205,0.049125468862037336,57.99107537681294,28.19463929088399
2015-04-28 00:00:00+00:00,21.9038832797,-0.34017890889967983,21.936333436679103,-0.14552672001882125,46.300448746247646,37.81201001302528
2015-04-29 00:00:00+00:00,21.5660484174,-1.5423514542423522,21.751190927039552,-0.8439390871305867,19.56613606590816,19.17515209875729
2015-04-30 00:00:00+00:00,21.6131237671,0.21828454053740565,21.682157347069776,-0.31282727329659055,28.228139959103423,61.193614383002945
2015-05-01 00:00:00+00:00,21.7654263689,0.7046764893459567,21.723791857984885,0.1959246080246831,52.862862481412066,68.07185033083911
2015-05-04 00:00:00+00:00,21.9260363854,0.7379134861768222,21.824914121692444,0.4669190471007526,69.44974766227999,68.6415617922057
2015-05-05 00:00:00+00:00,21.6352768728,-1.326092447760463,21.73009549724622,-0.4295867003298552,35.514145221861575,25.784575921464256
2015-05-06 00:00:00+00:00,21.638046011,0.012799180783695796,21.684070754123113,-0.2083937597730797,35.96116861111694,53.83233310440979
2015-05-07 00:00:00+00:00,21.7439372858,0.4893754026873198,21.714004019961557,0.14049082145712005,54.180214894922216,61.583988256039945
2015-05-08 00:00:00+00:00,21.8832679104,0.640779187175955,21.79863596518078,0.3906350043165375,70.65680425634766,64.42999583407014
2015-05-11 00:00:00+00:00,21.7634435732,-0.5475614414200636,21.78103976919039,-0.07846321855176303,48.266859473759155,34.41393914883829
2015-05-12 00:00:00+00:00,22.0030922477,1.1011523690814595,21.892066008445195,0.5113445752648482,73.47901378132927,66.69963369663976
2015-05-13 00:00:00+00:00,21.7801632482,-1.0131712260730175,21.836114628322598,-0.2509133254040846,43.73689695860579,34.25894711164542
2015-05-14 00:00:00+00:00,21.9362135478,0.7164790172676794,21.8861640880613,0.23278284593179738,60.517362678359135,58.83006319298163
2015-05-15 00:00:00+00:00,22.0811173975,0.6605691058953589,21.98364074278065,0.4466759759135781,72.10534642225858,57.782911925069946
2015-05-18 00:00:00+00:00,22.270607047,0.8581524480343994,22.127123894890325,0.6524142119739887,82.29701141942168,61.42284260986501
2015-05-19 00:00:00+00:00,21.2980792868,-4.366866866931696,21.71260159084516,-1.8572263274788536,21.584656355227107,13.896383431413367
2015-05-20 00:00:00+00:00,21.1503888247,-0.6934449821094257,21.431495207772578,-1.2753356547941397,18.479246201705937,52.585601944511325
2015-05-21 00:00:00+00:00,21.208907687,0.27667984160963943,21.32020144738629,-0.4993279065922501,24.900850387840354,59.750039338399745
2015-05-22 00:00:00+00:00,21.1392423747,-0.3284719483347187,21.229721911043143,-0.4138999274634844,21.830109116619255,52.34876869639526
2015-05-26 00:00:00+00:00,20.8717275754,-1.2654890584923084,21.050724743221572,-0.8396944929778964,12.763787808507589,40.652866630275085
2015-05-27 00:00:00+00:00,20.9525393377,0.3871829105092539,21.001632040460784,-0.22625579123432127,26.580498264147735,62.70045796886287
2015-05-28 00:00:00+00:00,20.8550079004,-0.4654874319911628,20.928319970430394,-0.34587161161274205,20.657443631966395,48.699151686253494
2015-05-29 00:00:00+00:00,20.6961709883,-0.7616247994658099,20.812245479365195,-0.553748205539276,13.376114434790667,43.62423433935147
2015-06-01 00:00:00+00:00,20.824355163,0.6193617880933866,20.818300321182598,0.032806791277055325,39.28314314736177,67.39297784935668
2015-06-02 00:00:00+00:00,20.7686229131,-0.26763013530917146,20.793461617141297,-0.11741167201605807,32.871579695184295,47.9257487041988
2015-06-03 00:00:00+00:00,20.8689409629,0.4830269691916911,20.831201290020648,0.1828076485878165,53.404983534518145,61.89762505639906
2015-06-04 00:00:00+00:00,20.6627316383,-0.9881159037566478,20.746966464160323,-0.40265412758441566,27.483893626786752,34.60395456709581
2015-06-05 00:00:00+00:00,20.3589908766,-1.4699932565401475,20.552978670380163,-0.9363236920622815,13.261856086573388,28.441970598753525
2015-06-08 00:00:00+00:00,20.2335933144,-0.6159321105847493,20.393285992390084,-0.7761279013235154,10.043433625679311,51.43376890578738
2015-06-09 00:00:00+00:00,20.1945807395,-0.19281090755260966,20.293933365945044,-0.4844694044380625,9.021707997790944,60.79482849516744
2015-06-10 00:00:00+00:00,20.3227649142,0.6347454119177476,20.308349140072522,0.07513800373984253,39.40383933015492,74.95639888497837
2015-06-11 00:00:00+00:00,20.3255515267,0.01371177845024274,20.31695033338626,0.044424891095042635,40.056601901688346,53.28872795252632
2015-06-12 00:00:00+00:00,20.1834342895,-0.6992048260698547,20.25019231144313,-0.327389967487406,21.959842981071887,35.57899364862631
2015-06-15 00:00:00+00:00,20.0441036648,-0.690321690062834,20.147147988121567,-0.5088558287751199,13.193993007578069,35.97667366407049
2015-06-16 00:00:00+00:00,20.1611413895,0.5839010147683954,20.15414468881078,0.03752259299663774,42.243386475342376,72.50140585538082
2015-06-17 00:00:00+00:00,20.2670326643,0.5252246028845775,20.21058867655539,0.2813735979406076,60.28191638603766,69.75275462117114
2015-06-18 00:00:00+00:00,20.3366979766,0.34373710968904625,20.273643326577695,0.3125553538148269,69.63937307505168,59.31898316064669
2015-06-19 00:00:00+00:00,20.2698192768,-0.3288572209556917,20.271731301688845,-0.008150933570432395,51.99841591224514,32.38767366804634
2015-06-22 00:00:00+00:00,20.2837523393,0.06873797101856205,20.277741820494423,0.030293518724064827,55.51957948246778,51.79402294035579
2015-06-23 00:00:00+00:00,20.2224468644,-0.30223931881293575,20.250094342447213,-0.13597290004443546,37.408485305787984,36.950530349838786
2015-06-24 00:00:00+00:00,20.169501227,-0.2618161776120398,20.209797784723605,-0.19889453882823763,26.296014545442883,39.7717114837039
2015-06-25 00:00:00+00:00,20.0245973774,-0.71843050539111,20.117197581061802,-0.4586625221096738,11.847724435216971,22.621226253527652
2015-06-26 00:00:00+00:00,20.0970493022,0.36181463943825154,20.1071234416309,-0.048423941335711124,37.57300901093762,69.41868776684633
2015-06-29 00:00:00+00:00,19.9019864277,-0.9706045477962055,20.00455493466545,-0.5095142445659583,17.24691276020546,32.76090643620491
2015-06-30 00:00:00+00:00,19.7654424155,-0.6860823300027685,19.884998675082727,-0.5977982872843635,10.99913261484374,42.488607686143354
2015-07-01 00:00:00+00:00,20.0301706024,1.33934865375136,19.957584638741363,0.37077518323349823,56.658868833368544,77.4007002317242
2015-07-02 00:00:00+00:00,20.0245973774,-0.027824151429500787,19.991091008070683,0.17147551590199872,55.75558305802342,47.93688304301898
2015-07-06 00:00:00+00:00,20.2113004144,0.9323684940138577,20.10119571123534,0.5519220049579282,75.43494660521776,62.83923927139767
2015-07-07 00:00:00+00:00,20.5624135886,1.7372121882362368,20.33180464991767,1.1445670965970824,89.10495250379479,72.67369144975888
2015-07-08 00:00:00+00:00,20.3589908766,-0.9892939421896396,20.345397763258838,0.07763657720372141,60.0595843416463,30.99379935900554
2015-07-09 00:00:00+00:00,20.2809657268,-0.38324664652057416,20.313181745029418,-0.15280503465842638,50.57464944913502,42.07114287781674
2015-07-10 00:00:00+00:00,20.3757105515,0.46716130768269526,20.34444614826471,0.15717813651213444,61.61584616471757,56.7009331218638
2015-07-13 00:00:00+00:00,20.587493101,1.0393873085540628,20.465969624632354,0.5982827225330987,78.05388440348663,65.49608021845067
2015-07-14 00:00:00+00:00,20.5624135886,-0.12181916601969878,20.514191606616176,0.23823177825669994,72.53600949993826,40.47220532429962
2015-07-15 00:00:00+00:00,20.5234010137,-0.18972760533144672,20.518796310158088,0.02425208646262661,62.26530498228658,39.159749437794034
2015-07-16 00:00:00+00:00,20.5735600386,0.24439918542993322,20.546178174379044,0.13432563594627991,70.35941458687674,53.591258190403465
2015-07-17 00:00:00+00:00,20.4509490889,-0.5959637003511209,20.49856363163952,-0.2308190322024205,39.38390570427275,31.734255903374365
2015-07-20 00:00:00+00:00,20.3701373265,-0.3951492033387405,20.43435047906976,-0.3129841177705805,27.4405642076321,40.4411350083084
2015-07-21 00:00:00+00:00,20.2698192768,-0.4924760598913336,20.352084877934878,-0.40273008883095707,17.537486626258033,37.009494879460185
2015-07-22 00:00:00+00:00,20.3868570015,0.5773989550758252,20.369470939717438,0.08733443312243405,49.45789861858246,73.74485954942651
2015-07-23 00:00:00+00:00,20.2057271894,-0.8884636414856595,20.28759906455872,-0.4005646041816127,26.049643835824426,33.54230520214963
2015-07-24 00:00:00+00:00,19.9465722276,-1.2825817124560324,20.11708564607936,-0.8415731583188225,12.922941983907332,27.496847989290885
2015-07-27 00:00:00+00:00,19.8908399777,-0.27940765593239547,20.00396281188968,-0.5604904071256089,11.116012642989416,57.05148381818158
2015-07-28 00:00:00+00:00,20.0914760772,1.0086859063012765,20.04771944454484,0.2240977495878338,49.35518701023,75.94070369948655
2015-07-29 00:00:00+00:00,20.1277020396,0.1803051316926929,20.087710742072417,0.20220144064026335,54.640332586310386,53.3191314994883
2015-07-30 00:00:00+00:00,20.1081957522,-0.09691263991100652,20.09795324713621,0.05264440036462842,50.39280271795174,46.38338899497739
2015-07-31 00:00:00+00:00,20.0580367273,-0.24944567637060766,20.077994987218105,-0.09840063800298962,38.76848106522551,41.886444769369895
2015-08-03 00:00:00+00:00,20.1137689772,0.27785495987324715,20.09588198220905,0.08972716093512877,55.77217948026865,61.32818744523154
2015-08-04 00:00:00+00:00,20.1332752646,0.09697977252356438,20.114578623404526,0.09335346672934658,61.39971419722412,52.321768974755784
2015-08-05 00:00:00+00:00,20.6209324509,2.422145328522074,20.367755537152263,1.2577493976257104,93.31190151983049,87.5571295067392
2015-08-06 00:00:00+00:00,20.4189589594,-0.9794585767685993,20.393357248276132,0.13914541042855555,61.6484035755453,33.396644767734294
2015-08-07 00:00:00+00:00,19.9869601024,-2.1156752303531423,20.19015867533807,-0.9882649099622933,29.515446557859864,25.49503874326403
2015-08-10 00:00:00+00:00,20.0514794122,0.32280701752265273,20.120819043769032,-0.3327289462198203,36.8852833344888,57.70757117211075
2015-08-11 00:00:00+00:00,20.1777128445,0.6295467267277921,20.149265944134516,0.1484088902539859,51.7050554546671,60.89753306690648
2015-08-12 00:00:00+00:00,20.3600500243,0.9036563321382696,20.25465798421726,0.5260326111961278,67.99005915971573,64.48794429519387
2015-08-13 00:00:00+00:00,20.2282062174,-0.647561311208189,20.24143210080863,-0.06076435000603064,49.7829014271784,36.24069020536054
2015-08-14 00:00:00+00:00,20.3039462767,0.37442795711093435,20.272689188754313,0.15683180355245185,59.198184621639044,55.50253355303289
2015-08-17 00:00:00+00:00,20.1721024697,-0.6493506493922219,20.222395829227157,-0.246259422919885,39.74202513837873,38.173696185513286
2015-08-18 00:00:00+00:00,19.4904419357,-3.3792240299388876,19.85641888246358,-1.8127417264293864,11.198487960423062,16.975326391915445
2015-08-19 00:00:00+00:00,19.2351698838,-1.3097294188718522,19.545794383131792,-1.5612355726506193,7.979286088794775,49.11044737784117
2015-08-20 00:00:00+00:00,19.1958972605,-0.20417091992036562,19.370845821815898,-0.8827032462854925,7.482881707951707,61.157665490292544
2015-08-21 00:00:00+00:00,18.6657168451,-2.761946514951241,19.01828133345795,-1.8223248806183667,3.3113239223294464,33.574654820360415
2015-08-24 00:00:00+00:00,17.939173313,-3.892395551316463,18.478727323228973,-2.857360215967415,1.543070757375507,25.846547895020617
2015-08-25 00:00:00+00:00,17.7007323855,-1.329163408701839,18.089729854364485,-2.093261812334627,1.2218690399325671,58.40782411198352
2015-08-26 00:00:00+00:00,18.1860298027,2.7416798730742986,18.137879828532242,0.3242090303698357,39.60343519168715,79.67209195799526
2015-08-27 00:00:00+00:00,18.5366782255,1.9281196973951031,18.337279027016123,1.1261643638824694,57.50105289703996,69.08410313833889
2015-08-28 00:00:00+00:00,18.2168868639,-1.7251815978554297,18.277082945458062,-0.2995086169864801,40.91476639888373,36.453164868110925
2015-08-31 00:00:00+00:00,18.1579779289,-0.3233754232548902,18.21753043717903,-0.31144202012068517,37.89443560192822,50.036293737986455
2015-09-01 00:00:00+00:00,17.902705877,-1.4058396419444508,18.060118157089512,-0.8586408310325679,25.60728221371164,40.106550005989014
2015-09-02 00:00:00+00:00,18.0766274948,0.971482294324244,18.068372825944756,0.05642073164583805,44.123317713952396,63.78347806714825
2015-09-03 00:00:00+00:00,18.1944453648,0.6517690870926574,18.131409095372376,0.3540949093692477,55.40248627576134,59.07265941489047
2015-09-04 00:00:00+00:00,17.9223421887,-1.4955288311586878,18.026875642036188,-0.57071696089472,32.60322611002251,33.87066546441756
2015-09-08 00:00:00+00:00,18.620833847,3.8973235247143023,18.323854744518094,1.663303281909791,73.92337041077043,74.63573359350457
2015-09-09 00:00:00+00:00,18.2673802368,-1.898162096843714,18.295617490659048,-0.11742940746696151,50.44738477376083,37.43573404344757
2015-09-10 00:00:00+00:00,17.9868614985,-1.5356265357354792,18.141239494579523,-0.8265279716012204,36.60749106775734,40.23100628693061
2015-09-11 00:00:00+00:00,18.1355364298,0.8265751716184377,18.13838796218976,2.3600008608681833e-05,47.957997207132514,58.39760773295187
2015-09-14 00:00:00+00:00,18.0317444966,-0.5723124518635769,18.08506622939488,-0.2861444259274841,40.385782744059235,45.98256889718848
2015-09-15 00:00:00+00:00,18.0429652462,0.06222775395978708,18.06401573779744,-0.11195833598384852,41.87405178332876,52.808808732001815
2015-09-16 00:00:00+00:00,18.1467571793,0.5752487558654318,18.105386458548722,0.23164520994079163,56.82827840370364,59.080005670524514
2015-09-17 00:00:00+00:00,18.0850430569,-0.34008347491638613,18.09521475772436,-0.05421913248779725,46.2221622158129,43.58053344064392
2015-09-18 00:00:00+00:00,17.7680568826,-1.752753218793468,17.931635820162178,-0.9034861756406326,18.95956385314672,27.113506010831994
2015-09-21 00:00:00+00:00,17.8746540032,0.5999368490562818,17.90314491168109,-0.15177466329217543,37.54196124199689,62.50552249165427
2015-09-22 00:00:00+00:00,17.8381865672,-0.20401757703097934,17.870665739440547,-0.17789612016157738,33.58960660566398,50.04865996154929
2015-09-23 00:00:00+00:00,17.8746540032,0.20443465967023844,17.872659871320273,0.013269269754330529,42.64669591839641,56.63482346165702
2015-09-24 00:00:00+00:00,17.9055110644,0.172630257315598,17.889085467860134,0.09294976353496426,51.10955616075172,55.775871358209386
2015-09-25 00:00:00+00:00,17.8914851275,-0.07833307214494267,17.890285297680066,0.007308345695010793,46.4376164997952,47.287140959095716
2015-09-28 00:00:00+00:00,17.8578228789,-0.18814675450424811,17.87405408829003,-0.09041920440461866,34.939747045919404,42.992503042196404
2015-09-29 00:00:00+00:00,17.8914851275,0.18850141379651575,17.882769607895014,0.049041104695948544,52.559149572649034,61.146843297707875
2015-09-30 00:00:00+00:00,18.1888349901,1.661962997934463,18.035802298997506,0.8555020513152057,89.66052100588428,86.45624347843936
2015-10-01 00:00:00+00:00,18.0289393092,-0.8790869837844495,18.032370804098754,-0.011792466234621879,54.97917393714107,32.19872778590209
2015-10-02 00:00:00+00:00,18.2281076134,1.104714485884184,18.130239208749376,0.5464610098247811,73.86641293835851,60.91964489615455
2015-10-05 00:00:00+00:00,18.4777692905,1.3696522008486811,18.30400424962469,0.9580566053367311,85.3906002147003,63.976554181733235
2015-10-06 00:00:00+00:00,18.4244707302,-0.28844694108938196,18.364237489912345,0.33480483212367457,74.8246015997051,36.88867249708473
2015-10-07 00:00:00+00:00,18.6152234722,1.0353227769378082,18.48973048105617,0.6850638045307413,84.87304191423226,58.122495711743035
2015-10-08 00:00:00+00:00,18.7610932162,0.7836045815825976,18.625411848628083,0.7343341930566695,89.62367554390417,53.03315236252835
2015-10-09 00:00:00+00:00,18.7077946559,-0.28409090923324776,18.66660325226404,0.22512164191171086,76.4626224652368,34.0586895554639
2015-10-12 00:00:00+00:00,18.7751191531,0.3598740441528747,18.72086120268202,0.29249784303229276,81.58607908303347,50.18368857306207
2015-10-13 00:00:00+00:00,18.7190154054,-0.29881966256781745,18.71993830404101,-0.0031609097677623432,64.13538487443944,36.49210733240629
2015-10-14 00:00:00+00:00,16.8395398589,-10.040461561657853,17.779739081470503,-5.021811235712808,5.4592017366144585,5.174390070299971
2015-10-15 00:00:00+00:00,16.6431767421,-1.1660836248813533,17.211457911785253,-3.0939474302970806,4.774630821385228,56.35593373144858
2015-10-16 00:00:00+00:00,16.5197484973,-0.7416146971976789,16.865603204542627,-1.9177810637473798,4.269803257125635,57.98302444527028
2015-10-19 00:00:00+00:00,16.5085277478,-0.06792324654237847,16.687065476171313,-0.9928521551448791,4.209116658290288,61.40823730942951
2015-10-20 00:00:00+00:00,16.4804758739,-0.16992353484540645,16.58377067503566,-0.5813878449951428,3.996128411110851,60.29200616547654
2015-10-21 00:00:00+00:00,16.4496188127,-0.18723404248823794,16.51669474386783,-0.3843109437416904,3.688191281899338,60.01430229702899
2015-10-22 00:00:00+00:00,16.5225536847,0.44338335635893955,16.519624214283915,0.02953620630862458,24.355050493995524,68.05468578089892
2015-10-23 00:00:00+00:00,16.3542424417,-1.0186757217551579,16.43693332799196,-0.4945697577232666,13.974774345815145,40.04870471873732
2015-10-26 00:00:00+00:00,16.275697195,-0.48027444242678685,16.35631526149598,-0.48742210007502673,10.76353406731696,51.15241820510809
2015-10-27 00:00:00+00:00,16.1242170763,-0.930713547230011,16.24026616889799,-0.7090678236525189,6.465575802118129,41.50535594258484
2015-10-28 00:00:00+00:00,16.1691000744,0.27835768947797046,16.204683121648994,-0.2153550670872742,20.563216469493316,66.7519287151859
2015-10-29 00:00:00+00:00,16.2588660707,0.5551700211326338,16.231774596174496,0.1699074770226798,45.29765902854695,71.04385172718379
2015-10-30 00:00:00+00:00,16.0568925791,-1.2422360250815778,16.14433358763725,-0.536164274029449,22.086908460718263,31.472990578370457
2015-11-02 00:00:00+00:00,16.1606845123,0.6464011183278329,16.152509049968625,0.05511842214919194,44.147477298471955,63.50860491592034
2015-11-03 00:00:00+00:00,16.3009438814,0.867904877378467,16.22672646568431,0.46151164976382947,64.51417790990097,66.28167651919681
2015-11-04 00:00:00+00:00,16.3738787534,0.44742729335582876,16.300302609542157,0.4544694715598291,72.3722781383484,54.49078402348735
2015-11-05 00:00:00+00:00,16.4412032506,0.4111701217160979,16.370752930071077,0.4328197966379635,78.85548151091034,53.26521103604574
2015-11-06 00:00:00+00:00,16.4888914361,0.29005289195156436,16.42982218308554,0.3614363442947639,83.07530557893159,47.87028603582262
2015-11-09 00:00:00+00:00,16.407541002,-0.49336509015941443,16.418681592542768,-0.06596437293232527,54.99250637881378,24.14399762693569
2015-11-10 00:00:00+00:00,16.4608395623,0.3248418534715469,16.43976057742138,0.12943874026961083,66.21596729191647,57.2995865675701
2015-11-11 00:00:00+00:00,16.1522689502,-1.8745739604115519,16.29601476381069,-0.8725676100709705,20.917546691449008,20.742751139087197
2015-11-12 00:00:00+00:00,15.975542145,-1.0941299067324661,16.135778454405344,-0.9833487584017183,13.174705275053759,40.83427880183925
2015-11-13 00:00:00+00:00,15.8268672137,-0.9306409131569437,15.981322834052673,-0.956994835779331,8.980058718365001,45.19940909427458
2015-11-16 00:00:00+00:00,16.2336193843,2.5700106351300267,16.107471109176338,0.8065078996753479,60.53910045681266,83.73686229175415
2015-11-17 00:00:00+00:00,16.8086827977,3.542422671041323,16.45807695343817,2.1744652853583357,82.07368341903747,87.42231723876306
2015-11-18 00:00:00+00:00,17.0920067234,1.6855807745909113,16.775041838419085,1.9300230299746235,87.2255995348906,53.0125698239361
2015-11-19 00:00:00+00:00,17.0274874136,-0.377482356777159,16.901264626009542,0.7762703365987322,79.4281938626492,32.012883275394884
2015-11-20 00:00:00+00:00,16.8507606085,-1.0378912684372077,16.876012617254773,-0.13081046591923773,58.091657971249326,26.89691253757037
2015-11-23 00:00:00+00:00,16.9040591687,0.31629765230369866,16.890035892977387,0.09274359319223047,62.63260425939157,50.98825555712314
2015-11-24 00:00:00+00:00,16.8086827977,-0.5642217058527632,16.849359345338694,-0.23573905633026637,48.52060189476686,38.58588574644724
2015-11-25 00:00:00+00:00,16.898448794,0.5340453941595102,16.873904069669347,0.14915316891462194,60.943953360113106,57.7935231608708
2015-11-27 00:00:00+00:00,16.8002672356,-0.5810092961601399,16.837085652634673,-0.21592806362275896,43.65842381677446,39.14741206525948
2015-11-30 00:00:00+00:00,16.5057225604,-1.7532142261157402,16.671404106517336,-0.9845711448692496,19.179263776229263,25.946851034315067
2015-12-01 00:00:00+00:00,16.5478003711,0.25492861973186454,16.60960223880867,-0.3648212625686925,27.84825417188143,60.325258544980755
2015-12-02 00:00:00+00:00,16.5057225604,-0.25428038625294747,16.557662399604332,-0.30955082441082,23.988649851017172,51.27181763966297
2015-12-03 00:00:00+00:00,16.700905912,1.1825192801209417,16.629284155802168,0.4364842278550608,61.304186242482125,70.20035272137082
2015-12-04 00:00:00+00:00,16.876288054,1.050135501176519,16.752786104901084,0.7433098645157898,76.71277446112627,66.62355476826926
2015-12-07 00:00:00+00:00,17.113902569,1.4079785450431537,16.93334433695054,1.0756442047794716,87.12873005141859,72.33814919255802
2015-12-08 00:00:00+00:00,16.8621443329,-1.4710743799373538,16.89774433492527,-0.19771508757894107,50.92689681829134,23.591337165588875
2015-12-09 00:00:00+00:00,16.72636461,-0.805234021363932,16.812054472462634,-0.5014745544714365,38.11512891545151,38.06900503134714
2015-12-10 00:00:00+00:00,16.8480006118,0.7272112299123057,16.83002754213132,0.11286833772043459,53.749939692974976,62.559711308058915
2015-12-11 00:00:00+00:00,16.7914257272,-0.3357958365717062,16.81072663466566,-0.1114637494256358,45.695515167630724,44.32245496098167
2015-12-14 00:00:00+00:00,17.0827863825,1.735175202115391,16.94675650858283,0.8118557263448776,74.83096063023592,69.93507556664882
2015-12-15 00:00:00+00:00,16.8706305656,-1.2419274710204098,16.908693537091416,-0.2150358723377661,47.18204823819392,35.109044025039786
2015-12-16 00:00:00+00:00,17.0573276845,1.106639838825485,16.98301061079571,0.44580198324385945,64.49738670559091,59.16915988458892
2015-12-17 00:00:00+00:00,16.6839334466,-2.189054726546069,16.833472028697855,-0.8716263716511048,32.51709487092429,33.23257675216123
2015-12-18 00:00:00+00:00,16.6471597717,-0.2204136993095851,16.74031590019893,-0.546020035480345,30.29781395618765,52.06109998303013
2015-12-21 00:00:00+00:00,16.8451718675,1.189464740625712,16.792743883849464,0.3217223525726835,55.067006174103845,63.20715948640959
2015-12-22 00:00:00+00:00,17.1252175459,1.6624685138434403,16.958980714874734,0.9920954332080619,74.38059287373444,67.06119193673004
2015-12-23 00:00:00+00:00,17.2807984784,0.9084902546960594,17.119889596637368,0.9502928439520606,81.13712926405267,53.6292390213338
2015-12-24 00:00:00+00:00,17.2072511285,-0.42560157154734046,17.163570362568684,0.26234563620236007,68.35440378923096,35.01514283023886
2015-12-28 00:00:00+00:00,17.1846211747,-0.13151405550489992,17.17409576863434,0.06541579034873007,63.72105812901982,41.70550998247159
2015-12-29 00:00:00+00:00,17.4278931782,1.4156378603105813,17.30099447341717,0.7405268253296556,82.66669697980137,67.83626264377764
2015-12-30 00:00:00+00:00,17.4476943877,0.11361791868662596,17.374344430558587,0.4270723720081408,83.70561990872943,43.32236009479533
2015-12-31 00:00:00+00:00,17.3402021071,-0.616083009086732,17.357273268829296,-0.09450531853929559,56.25127055751805,33.22809854039412
2016-01-04 00:00:00+00:00,17.3854620148,0.2610114197081348,17.37136764181465,0.0832530505844196,63.75865264332131,52.98092473220992
2016-01-05 00:00:00+00:00,17.7984586718,2.3755287989954965,17.584913156807325,1.2293909247899582,89.17783116802832,77.28298054944992
2016-01-06 00:00:00+00:00,17.9766695581,1.001271456063546,17.780791357453662,1.115331190426752,92.55686224380761,51.38946203606495
2016-01-07 00:00:00+00:00,18.3953237035,2.3288749011429744,18.08805753047683,1.7221030457848632,96.45606600347085,67.27688375739903
2016-01-08 00:00:00+00:00,17.9738408138,-2.291250192133387,18.030949172138413,-0.284573573174262,53.852740804711026,24.86137200107498
2016-01-11 00:00:00+00:00,18.1661954212,1.0701920051073177,18.098572296669207,0.39280921596652785,64.56650051594397,55.48799754844587
2016-01-12 00:00:00+00:00,17.9964707676,-0.9342883838072691,18.047521532134603,-0.2707395839203706,49.390080957336096,40.66279743995899
2016-01-13 00:00:00+00:00,17.5155842492,-2.672115686514309,17.7815528906673,-1.4714276352173399,24.70780592823405,30.17749858126343
2016-01-14 00:00:00+00:00,17.838061091,1.8410852713333314,17.80980699083365,0.18482881805799578,49.89476520136177,65.16724118862427
2016-01-15 00:00:00+00:00,17.5184129934,-1.7919441803082359,17.664109992116824,-0.80355768112512,33.32131901048187,40.600335009024754
2016-01-19 00:00:00+00:00,17.6966238797,1.0172775717020688,17.68036693590841,0.10685994528847437,47.817042440409544,58.67129695039468
2016-01-20 00:00:00+00:00,17.2100798727,-2.7493606142475535,17.445223404304205,-1.3212503344795397,25.296125802935904,36.39960891744493
2016-01-21 00:00:00+00:00,17.5042692723,1.7094017097890823,17.474746338302104,0.19407568765477134,47.655893766498664,62.00761204944984
2016-01-22 00:00:00+00:00,17.7333975546,1.3089851323447643,17.60407194645105,0.7515304099997678,61.217309738905065,58.817461418278214
2016-01-25 00:00:00+00:00,17.9483821158,1.2123145637381594,17.776227031125526,0.9819224868689636,71.58015102912898,57.741667736212015
2016-01-26 00:00:00+00:00,18.1039630482,0.8668242708240514,17.940095039662765,0.9243733788465075,77.97005902185836,52.58555925674523
2016-01-27 00:00:00+00:00,18.0898193271,-0.07812499982653431,18.014957183381384,0.4231241895099866,75.65061510554409,38.486145782624234
2016-01-28 00:00:00+00:00,18.1661954212,0.42220484748338727,18.090576302290692,0.42266451849668696,80.37855564232206,49.28566581200004
2016-01-29 00:00:00+00:00,18.7715466856,3.3322952349921,18.431061493945347,1.8774798767443934,94.06933977507225,79.96824436301215
2016-02-01 00:00:00+00:00,19.0940235274,1.7179023508349323,18.762542510672674,1.797691113789663,96.19230173651725,53.18987565840086
2016-02-02 00:00:00+00:00,18.912983897,-0.9481481477186193,18.83776320383634,0.4247714830355218,73.91202220330683,29.07343236956456
2016-02-03 00:00:00+00:00,18.7460879876,-0.8824409215854812,18.79192559571817,-0.22883471927497967,55.98164983444082,30.242689514218306
2016-02-04 00:00:00+00:00,18.788519151,0.226346763271712,18.790222373359086,-0.0012439780016338386,59.70909884863468,50.780855811604745
2016-02-05 00:00:00+00:00,18.9525863161,0.8732309544005057,18.87140434472954,0.43599348819943595,72.979812998044,60.86440243686168
2016-02-08 00:00:00+00:00,18.9242988739,-0.14925373101174477,18.89785160931477,0.1433698785938456,67.25118623737717,40.965810755498545
2016-02-09 00:00:00+00:00,18.6159657532,-1.6292974590738751,18.756908681257386,-0.7429637902400148,29.45208077503879,23.958684393618064
2016-02-10 00:00:00+00:00,18.6103082647,-0.030390518413103695,18.68360847297869,-0.38667715432655925,29.003412428139608,54.540949318878475
2016-02-11 00:00:00+00:00,18.4773572861,-0.7143942846566498,18.580482879539346,-0.5505357194916045,18.87023154080698,43.35268764705336
2016-02-12 00:00:00+00:00,18.7206292896,1.3165952237282896,18.650556084569672,0.38302975211834256,58.58472832940002,70.39830658123466
2016-02-16 00:00:00+00:00,18.6414244512,-0.4230885467295886,18.645990267884834,-0.02002939730562303,47.28132329466492,43.63245155276996
2016-02-17 00:00:00+00:00,18.70082808,0.318664643656974,18.673409173942417,0.14931762317567548,56.68354164346874,54.65799488899045
2016-02-18 00:00:00+00:00,18.137907979,-3.0101346239422733,18.40565857647121,-1.430408500383299,16.034606343138904,23.592932741706402
2016-02-19 00:00:00+00:00,18.2906601672,0.8421709293974455,18.348159371835607,-0.2941187854929267,35.00593812107647,61.53885527349869
2016-02-22 00:00:00+00:00,18.5650483571,1.500154654844299,18.4566038644678,0.6030179346756861,59.60062756360907,65.88019533347324
2016-02-23 00:00:00+00:00,18.8054916164,1.2951394183039922,18.6310477404339,0.9490786764898391,73.02032714219574,62.5788466224996
2016-02-24 00:00:00+00:00,18.9865312468,0.9626955470928289,18.80878949361695,0.955887111791334,80.38075144976686,55.77995480101498
2016-02-25 00:00:00+00:00,19.2467757157,1.3706793806470774,19.027782604658476,1.1632832462192058,87.64728945424773,63.14991232213155
2016-02-26 00:00:00+00:00,18.813977849,-2.248677249077924,18.92088022682924,-0.5426970014293591,45.55633265451984,19.625085784932008
2016-02-29 00:00:00+00:00,18.7658891972,-0.2556006613059547,18.84338471201462,-0.3991488313676569,42.1802850074617,48.78325020152501
2016-03-01 00:00:00+00:00,18.7998341279,0.18088634299868733,18.82160941995731,-0.10913124418448478,46.387093552845094,54.23697222232185
2016-03-02 00:00:00+00:00,18.7291155222,-0.3761661151842177,18.775362471078655,-0.24264867968435125,37.793997714956205,45.05317261841048
2016-03-03 00:00:00+00:00,18.7093143127,-0.10572421039600766,18.742338391889326,-0.17418644504017944,35.065743508386355,51.08486727334482
2016-03-04 00:00:00+00:00,18.8903539431,0.9676443902442156,18.816346167494665,0.39672897260201806,67.36972039675912,70.41768195858394
2016-03-07 00:00:00+00:00,19.2043445523,1.662174304122499,19.010345359897332,1.0294516383622585,85.77733224172609,78.61940318713737
2016-03-08 00:00:00+00:00,19.2467757157,0.2209456473999616,19.128560537798666,0.62519864288111,87.23680380422657,42.20064726228341
2016-03-09 00:00:00+00:00,19.2439469714,-0.014697237302419008,19.186253754599335,0.3052507027893455,86.35070839154923,37.895431507302014
2016-03-10 00:00:00+00:00,19.2097507085,-0.17769880030755747,19.198002231549665,0.06377595124089402,72.91987732408207,34.2680449899381
2016-03-11 00:00:00+00:00,19.1413581826,-0.35603026264019455,19.169680207074833,-0.14612715569965026,49.719866369289555,29.615843229088952
2016-03-14 00:00:00+00:00,19.1955022656,0.2828643740088177,19.182591236337416,0.06836860915458372,63.507264075646,59.30519499443897
2016-03-15 00:00:00+00:00,19.4035295318,1.083729215946616,19.29306038406871,0.5760489125505999,85.8573100049823,77.30521808780725
2016-03-16 00:00:00+00:00,19.375032646,-0.14686444418937628,19.334046515034355,0.2145922341806118,76.26024196778972,38.279671408687236
2016-03-17 00:00:00+00:00,19.2211494628,-0.7942344460089013,19.27759798891718,-0.2898211059141447,40.02296419146608,27.37480451299102
2016-03-18 00:00:00+00:00,19.0786650339,-0.7412898441675475,19.178131511408587,-0.5155554750408461,24.110639779766913,29.827150022924187
2016-03-21 00:00:00+00:00,19.3693332689,1.523525018566696,19.273732390154294,0.5039847717629249,65.76308168175999,77.84031044769114
2016-03-22 00:00:00+00:00,19.3408363831,-0.14712373112890642,19.307284386627146,0.17843052031700923,60.8514939257557,44.30125133590845
2016-03-23 00:00:00+00:00,19.2239991514,-0.6040960658872607,19.265641769013573,-0.21283277278512575,41.69854143284544,37.64604284495218
2016-03-24 00:00:00+00:00,19.3778823346,0.8004743549356208,19.321762051806786,0.2938207910752475,64.0518620841769,63.16112252453655
2016-03-28 00:00:00+00:00,19.4120785976,0.17647058852732211,19.366920324703393,0.2351456898012848,68.12551938575365,49.62808275079736
2016-03-29 00:00:00+00:00,19.3864314004,-0.1321197885690184,19.376675862551696,0.0515129506161332,60.422526540044004,42.82197745054979
2016-03-30 00:00:00+00:00,19.6058574209,1.1318535937226315,19.49126664172585,0.5916832721693823,83.85299832209813,68.96872241349604
2016-03-31 00:00:00+00:00,19.517517075,-0.4505813951591331,19.504391858362926,0.07055093850512462,61.76944725909794,37.10485660572464
2016-04-01 00:00:00+00:00,19.679949324,0.8322382830552755,19.592170591181464,0.45139461078020005,77.85488050580301,59.728918212973376
2016-04-04 00:00:00+00:00,19.6913480783,0.05792064863754387,19.641759334740733,0.25465762970887196,78.79407554426952,45.0551233871384
2016-04-05 00:00:00+00:00,19.5602624037,-0.6657018812462834,19.601010869220367,-0.2055221257687057,45.50392671460411,33.51360141767138
2016-04-06 00:00:00+00:00,19.6742499468,0.5827505825199752,19.637630408010182,0.18861422837563477,64.86575074843718,60.018611047527266
2016-04-07 00:00:00+00:00,19.4405754834,-1.1877172651148848,19.53910294570509,-0.499551518369625,30.99898765236219,32.47737697297511
2016-04-08 00:00:00+00:00,19.3949804661,-0.2345353270994055,19.467041705902545,-0.3670434227345153,26.88990482270756,50.73410210801541
2016-04-11 00:00:00+00:00,19.2069010199,-0.9697325889486796,19.336971362901274,-0.6683880058415974,14.773159450641733,38.64516593988174
2016-04-12 00:00:00+00:00,19.6058574209,2.0771513352760618,19.471414391900637,0.7043816647172322,64.98120298570089,75.27271394811886
2016-04-13 00:00:00+00:00,19.7055965212,0.5087209304790452,19.58850545655032,0.6065512975981386,71.31761535473119,51.52290933660557
2016-04-14 00:00:00+00:00,19.6058574209,-0.5061460595354061,19.59718143872516,0.05020261903136625,56.093115584216136,39.44376944540652
2016-04-15 00:00:00+00:00,19.679949324,0.37790697702930753,19.63856538136258,0.2140547980303369,64.53034323710473,53.64416629400282
2016-04-18 00:00:00+00:00,19.9079244102,1.1584129737670645,19.77324489578129,0.6862338858987007,81.20216130536966,64.62870437278832
2016-04-19 00:00:00+00:00,19.882277213,-0.12882908670710513,19.827761054390642,0.2787023995957978,75.23472113275264,40.74412370434361
2016-04-20 00:00:00+00:00,19.7226946526,-0.802637236622239,19.775227853495323,-0.2619674185132206,44.625998408143126,31.580316453836943
2016-04-21 00:00:00+00:00,19.5118176978,-1.0692096516953353,19.64352277564766,-0.665588535104278,24.70409596194509,27.86164413541909
2016-04-22 00:00:00+00:00,19.5830599123,0.36512341189018915,19.61329134397383,-0.1502325616070444,38.59540786706151,63.01318763623839
2016-04-25 00:00:00+00:00,19.7967865557,1.0913853317976896,19.705038949836915,0.4705763850953226,66.44930422619234,73.00418972457068
2016-04-26 00:00:00+00:00,19.7483418498,-0.24470994705981797,19.72669039981846,0.11293321901775233,57.57033096580595,41.82628798181447
2016-04-27 00:00:00+00:00,19.7825381128,0.17316017344690682,19.75461425630923,0.14304669623232957,62.82925778163762,51.53613324309383
2016-04-28 00:00:00+00:00,19.6372039953,-0.7346585997777821,19.695909125804615,-0.2958059517727263,35.097269719299966,33.380064890783274
2016-04-29 00:00:00+00:00,19.0558675252,-2.9603831087110843,19.37588832550231,-1.6280945302419054,9.620120388229486,14.540840913060924
2016-05-02 00:00:00+00:00,19.2610451029,1.0767160163590805,19.318466714201154,-0.27568925694141244,34.7108004093118,66.29566606883913
2016-05-03 00:00:00+00:00,19.0929134768,-0.8729101936150174,19.20569009550058,-0.5742997252782149,25.879762728552336,46.080328500100165
2016-05-04 00:00:00+00:00,19.1470575598,0.28358208958414455,19.176373827650288,-0.1453588178470352,33.991931588964206,57.58757899123836
2016-05-05 00:00:00+00:00,19.1527569369,0.02976633397691053,19.164565382275143,-0.05779624193506233,35.11323705547114,53.807228640745706
2016-05-06 00:00:00+00:00,19.4491245491,1.5473887815545373,19.30684496568757,0.7447962698097375,72.09192155681868,70.92530155951263
2016-05-09 00:00:00+00:00,19.6486027496,1.02564102562257,19.477723857643785,0.8852186477161538,82.28480779269421,59.54586918065703
2016-05-10 00:00:00+00:00,19.6030077323,-0.23205221196161974,19.54036579497189,0.326583217877267,73.127624447813,37.68417497978153
2016-05-11 00:00:00+00:00,19.0672662796,-2.7329553710130794,19.303816037285944,-1.203186076567906,24.693403112703784,17.986991854747057
2016-05-12 00:00:00+00:00,19.1935966088,0.6625508205922559,19.248706323042974,-0.2703176279878251,38.98687580210225,60.274561275081396
2016-05-13 00:00:00+00:00,18.6452081342,-2.8571428574703406,18.946957228621486,-1.563730242729083,17.436918332886528,33.45393922712669
2016-05-16 00:00:00+00:00,18.9552916696,1.6630736067313245,18.951124449110743,0.04967168200112082,43.789661555588644,64.16854158755031
2016-05-17 00:00:00+00:00,18.6911464358,-1.3935171159810245,18.821135442455372,-0.6719227169899518,31.104033419992724,43.706855297877524
2016-05-18 00:00:00+00:00,18.1312733858,-2.9953917054956536,18.476204414127686,-1.8336572112428027,16.19124823228546,34.94676289470514
2016-05-19 00:00:00+00:00,19.8683154125,9.580364212369163,19.172259913313844,3.8733535005631805,74.06329642577158,80.64029432583918
2016-05-20 00:00:00+00:00,20.0578109063,0.953757225339702,19.61503540980692,2.413555362951441,76.6964783084986,46.80928335387878
2016-05-23 00:00:00+00:00,19.9544497279,-0.5153163467481625,19.78474256885346,0.9491195081016393,70.81431644372329,42.27846288915934
2016-05-24 00:00:00+00:00,20.1669143725,1.0647482015148535,19.97582847067673,1.0069338548082465,76.39602516822052,50.07474731673076
2016-05-25 00:00:00+00:00,20.2358218248,0.34168564921346345,20.105825147738365,0.674309752010855,78.40519804516617,45.82606146657568
2016-05-26 00:00:00+00:00,20.3420541471,0.5249716231925383,20.223939647419183,0.5996406876016966,81.95682174223346,47.51915629488192
2016-05-27 00:00:00+00:00,20.3133427086,-0.1411432606185148,20.26864117800959,0.22924871349159093,76.83387333198922,40.60170229188564
2016-05-31 00:00:00+00:00,20.3219561401,0.04240282667191675,20.295298659054794,0.13582577008175384,77.46767502035799,43.97274427990904
2016-06-01 00:00:00+00:00,20.2415641125,-0.39559197473792995,20.268431385777397,-0.12988310232808806,56.013182335330455,36.54817956404685
2016-06-02 00:00:00+00:00,20.3707655855,0.6382978720513632,20.3195984856387,0.2542073848616376,73.62334064044583,60.28896923801534
2016-06-03 00:00:00+00:00,20.3477964348,-0.11275546126920943,20.333697460219348,0.07072596179621407,66.52149174053058,42.828048915148386
2016-06-06 00:00:00+00:00,20.399477024,0.2539861717488545,20.366587242109674,0.16235606677253428,74.74385627254141,52.833631997367874
2016-06-07 00:00:00+00:00,20.3937347363,-0.028149190752502218,20.38016098920484,0.06710343801001603,71.80463775807283,43.956527476150555
2016-06-08 00:00:00+00:00,20.4655133324,0.35196395867715946,20.42283716080242,0.20953369834358776,83.77079794610518,58.16255495987627
2016-06-09 00:00:00+00:00,20.4109615994,-0.26655443288410297,20.41689938010121,-0.028510367270257603,56.45625021156901,35.93169377806233
2016-06-10 00:00:00+00:00,20.4253173186,0.07033338008153311,20.421108349350604,0.020911506405637756,61.42163431292229,51.17767043748481
2016-06-13 00:00:00+00:00,20.250177544,-0.8574641552349993,20.3356429466753,-0.41827632441468077,19.898242124191306,25.80768464039903
2016-06-14 00:00:00+00:00,20.3707655855,0.5954912802022871,20.35320426608765,0.08860747789380319,52.83147956388204,65.7227150363703
2016-06-15 00:00:00+00:00,20.4195750309,0.2396053559947875,20.386389648493825,0.16410641694429534,62.25377631136413,54.87575949128837
2016-06-16 00:00:00+00:00,20.4712556201,0.25309336321541753,20.428822634296914,0.20859989007985644,71.3449592494487,55.29520419711931
2016-06-17 00:00:00+00:00,20.3707655855,-0.49088359045906804,20.39979410989846,-0.1411418501896058,41.906499981618175,31.25659211794112
2016-06-20 00:00:00+00:00,20.4138327432,0.21141649055476108,20.406813426549228,0.03513732018257765,54.08559938977113,57.449401824467564
2016-06-21 00:00:00+00:00,20.5171939217,0.5063291141857107,20.462003674124613,0.27073321718414417,73.83388447338397,65.6850273367078
2016-06-22 00:00:00+00:00,20.6004570932,0.40582143843723717,20.531230383662304,0.33827732781069064,82.7822487286444,59.77105897058823
2016-06-23 00:00:00+00:00,20.7009471278,0.48780487804405137,20.616088755731152,0.413041102927371,89.36589650486879,63.762990853142306
2016-06-24 00:00:00+00:00,20.6607511139,-0.19417475756950964,20.638419934815577,0.10943317267893068,72.68916022564358,28.488867212461173
2016-06-27 00:00:00+00:00,20.528678497,-0.6392440244398778,20.583549215907787,-0.26490542588047356,37.86426452384302,18.480716800341238
2016-06-28 00:00:00+00:00,20.5315496409,0.013986014250355616,20.557549428403895,-0.12545970581505897,38.820054982647335,54.032404862581
2016-06-29 00:00:00+00:00,20.8043083062,1.328485526278289,20.680928867301947,0.601512910231615,80.83321580925092,80.15552451533635
2016-06-30 00:00:00+00:00,20.9650923616,0.7728401878762892,20.823010614450972,0.6871765490539521,88.07442696319399,58.92353990243261
2016-07-01 00:00:00+00:00,20.9047983408,-0.287592440615414,20.863904477625486,0.19979205421926904,72.63795364750231,33.511894831970594
2016-07-05 00:00:00+00:00,20.9995460877,0.45323444577354266,20.931725282662743,0.32651324999640585,80.63724238511469,54.207010566053484
2016-07-06 00:00:00+00:00,21.1947838692,0.9297238172893296,21.06325457593137,0.6281185336428677,89.82848994287649,64.78268150835012
2016-07-07 00:00:00+00:00,21.1115206977,-0.392847466687285,21.087387636815684,0.11763553347779138,68.9048443683129,33.02648733240026
2016-07-08 00:00:00+00:00,21.2005261569,0.42159662714251755,21.143956896857844,0.2696160803101545,77.36046817016059,53.90027665084568
2016-07-11 00:00:00+00:00,21.2636913215,0.2979414950955883,21.203824109178925,0.2837787877028714,82.44277643231642,50.32796212287837
2016-07-12 00:00:00+00:00,21.0368709577,-1.0667026734472063,21.120347533439464,-0.3914619428721674,37.318351417845115,23.998518991574716
2016-07-13 00:00:00+00:00,21.1373609923,0.4776852736419812,21.12885426286973,0.043111665384906905,54.0369571541237,59.747053530472485
2016-07-14 00:00:00+00:00,21.1603301431,0.10866612349749172,21.144592202984867,0.07588889444119931,57.88800296845306,51.127674355781494
2016-07-15 00:00:00+00:00,21.1517167116,-0.04070556291774219,21.148154457292435,0.01759166576172856,55.2825656594285,47.009926892550155
2016-07-18 00:00:00+00:00,21.2005261569,0.23075878882792278,21.174340307096216,0.12417522729482566,67.65629793338151,56.54959526778119
2016-07-19 00:00:00+00:00,21.1488455677,-0.24377031408335803,21.161592937398108,-0.059797543394266184,47.00052702612681,38.415764893816004
2016-07-20 00:00:00+00:00,21.1861704377,0.1764865598952836,21.173881687549056,0.058344508250508714,60.17312678342828,56.81311164205989
2016-07-21 00:00:00+00:00,21.1086495539,-0.3659032387564154,21.14126562072453,-0.15377936525295333,33.91364723735443,35.995776479851
2016-07-22 00:00:00+00:00,21.1172629854,0.0408052228921818,21.129264303062264,-0.05648707118038576,38.39441436214043,54.67556368086554
2016-07-25 00:00:00+00:00,21.1746858623,0.2719238612489683,21.151975082681133,0.10771839503429126,63.28667397313861,63.7048746945535
2016-07-26 00:00:00+00:00,21.1689435746,-0.027118644108070633,21.160459328640567,0.04029987546311031,59.670140009500834,45.941762330836674
2016-07-27 00:00:00+00:00,21.051226677,-0.5560830052060095,21.105843002820283,-0.2578915648714496,21.6414377574545,26.405912039501636
2016-07-28 00:00:00+00:00,21.0282575262,-0.10911074757032901,21.067050264510144,-0.1835011562208893,18.239246453303945,52.17985917889137
2016-07-29 00:00:00+00:00,20.9507366424,-0.36865101021049673,21.008893453455073,-0.276076083215693,10.156263990029096,39.983413095315505
2016-08-01 00:00:00+00:00,21.1832992939,1.1100452240392356,21.096096373677536,0.4169845704117713,69.99446984052307,79.97806529443461
2016-08-02 00:00:00+00:00,20.9966749439,-0.8809975604401665,21.04638565878877,-0.23200649501419762,38.84918649124512,34.092217251132624
2016-08-03 00:00:00+00:00,20.9421232108,-0.2598112951015197,20.994254434794385,-0.24590889505785865,32.50702511769772,48.042642211173145
2016-08-04 00:00:00+00:00,21.0454843893,0.49355634793848413,21.019869412047193,0.12382372644031274,53.89748547613853,62.48725629944264
2016-08-05 00:00:00+00:00,21.1775570062,0.6275579808804554,21.098713209123595,0.37569085366038407,71.31941258099555,65.07759979017564
2016-08-08 00:00:00+00:00,21.0569689647,-0.5694143166026899,21.077841086911796,-0.09686173147115293,46.99634376494232,33.80272770692166
2016-08-09 00:00:00+00:00,21.1143918416,0.27270248152173604,21.0961164642559,0.08792037502529156,57.378956468817975,56.07808819681199
2016-08-10 00:00:00+00:00,21.3756659315,1.2374218109622914,21.235891197877947,0.6626710929937915,81.76182650747273,72.17023755363618
2016-08-11 00:00:00+00:00,21.3323075828,-0.20283975637973573,21.284099390338973,0.22991566830702787,71.56984820532399,39.64366643896869
2016-08-12 00:00:00+00:00,21.358322592,0.12195121929039487,21.321210991169487,0.17593344379871137,74.43766222771406,47.62791188606518
2016-08-15 00:00:00+00:00,21.1935608668,-0.7714169710205332,21.257385928984743,-0.2977417636109109,38.0116284071766,30.81129146578923
2016-08-16 00:00:00+00:00,21.0692669337,-0.586470267460848,21.16332643134237,-0.44210601553587947,24.464638180852248,37.647827954808
2016-08-17 00:00:00+00:00,21.0808291601,0.05487721255981182,21.122077795721182,-0.19361440148803383,28.042983807307348,58.81548931717544
2016-08-18 00:00:00+00:00,21.4768354119,1.8785136428576932,21.29945660381059,0.8424496206848296,79.04445707497266,83.1760066314076
2016-08-19 00:00:00+00:00,21.0461424811,-2.005383579749198,21.172799542455294,-0.5814669795321843,36.65762950520829,28.784459871554507
2016-08-22 00:00:00+00:00,21.0143463587,-0.15107814854220525,21.093572950577645,-0.36627256403719477,34.60283297149941,51.49846173145288
2016-08-23 00:00:00+00:00,20.8033357281,-1.0041265476365413,20.948454339338824,-0.685199555836868,22.20992960661052,42.208700933933
2016-08-24 00:00:00+00:00,20.8784901992,0.36126163651000187,20.913472269269413,-0.16196895966343305,34.70365667312374,59.673806958890694
2016-08-25 00:00:00+00:00,20.5865439844,-1.3983109507180291,20.750008126834707,-0.7801399551907311,17.92681369194402,37.66843695247499
2016-08-26 00:00:00+00:00,20.5634195317,-0.11232799792680881,20.656713829267353,-0.44623397655876995,16.953073026260608,55.61262099799835
2016-08-29 00:00:00+00:00,20.6385740029,0.3654765253616743,20.647643916083677,-0.04037872559854783,34.339774329201276,61.74964073926491
2016-08-30 00:00:00+00:00,20.6125589936,-0.12605042042316272,20.63010145484184,-0.08321457301085528,30.972836986264966,50.89199169228472
2016-08-31 00:00:00+00:00,20.6501362292,0.1823026224529789,20.640118842020918,0.04954402472106181,43.067412289077076,57.86384766195209
2016-09-01 00:00:00+00:00,21.0548141508,1.959686450047582,20.84746649641046,1.0046152373843218,85.13661465723526,81.08362967476383
2016-09-02 00:00:00+00:00,20.956535227,-0.4667764963209864,20.90200086170523,0.2689193705316677,67.07992733066992,38.0949377888915
2016-09-06 00:00:00+00:00,21.1010630561,0.6896551721669697,21.001531958902614,0.4792872713493187,77.5725481712685,55.1092807837262
2016-09-07 00:00:00+00:00,20.8293507373,-1.2876712328550255,20.915441348101307,-0.4041919807528534,40.85304772455987,32.323711307607425
2016-09-08 00:00:00+00:00,20.7628679359,-0.319178462346148,20.839154642000654,-0.36168522154950067,34.80611070891797,48.09183719428282
2016-09-09 00:00:00+00:00,20.3206127787,-2.1300292356785655,20.579883710350327,-1.245857228614033,14.05200290066065,29.085521516338787
2016-09-12 00:00:00+00:00,20.7946640583,2.3328591748812855,20.687273884325165,0.5435009731336262,56.12034770945277,71.18472829601711
2016-09-13 00:00:00+00:00,20.6559173424,-0.6672226851610175,20.671595613362584,-0.06186085601369562,46.193917247455865,44.52901055649539
2016-09-14 00:00:00+00:00,20.6732606819,0.08396305626379164,20.672428147631294,0.011051100125048008,47.9210905068849,51.3685417069038
2016-09-15 00:00:00+00:00,20.9276296612,1.2304250558921703,20.800028904415647,0.6207380780086091,69.476653136732,62.0739189470558
2016-09-16 00:00:00+00:00,21.0634858206,0.6491712707047625,20.931757362507824,0.6349546743566858,77.0775515850184,53.17232600672193
2016-09-19 00:00:00+00:00,20.8380224071,-1.0703993414019841,20.88488988480391,-0.21772233352264914,47.581708503480044,32.49423733652242
2016-09-20 00:00:00+00:00,20.8033357281,-0.16645859344206482,20.844112806451953,-0.19209046348235698,43.72072324394154,48.33657142044891
2016-09-21 00:00:00+00:00,20.8669279729,0.3056829233117009,20.855520389675977,0.05679622991467195,53.98812848681405,56.36041442811163
2016-09-22 00:00:00+00:00,20.8900524256,0.11081867311772964,20.87278640763799,0.0838074515162008,58.15241988045709,51.41668690347431
2016-09-23 00:00:00+00:00,20.9131768782,0.11069600079922637,20.892981642918997,0.09725172615771357,63.154462284703165,51.412428428216394
2016-09-26 00:00:00+00:00,20.7021662477,-1.0089841047534076,20.797573945309498,-0.455866189297847,23.95783420919521,24.092765395107797
2016-09-27 00:00:00+00:00,20.9073957651,0.991343200245054,20.85248485520475,0.26773850547360345,60.09258270706459,68.68494750684046
2016-09-28 00:00:00+00:00,20.7513057096,-0.7465781834031904,20.801895282402377,-0.23941983896479346,38.96745726133616,38.90199489779371
2016-09-29 00:00:00+00:00,20.4449067118,-1.4765287644442182,20.62340099710119,-0.8579743017045058,19.14769833201879,30.554805102794376
2016-09-30 00:00:00+00:00,20.8466940768,1.9652198499301665,20.735047536950596,0.5536227741128303,59.582994455632736,72.41565488390285
2016-10-03 00:00:00+00:00,20.8148979544,-0.1525235717608764,20.7749727456753,0.20054960117597698,56.244015344284335,46.52903529590864
2016-10-04 00:00:00+00:00,20.7397434833,-0.36106096347262584,20.75735811448765,-0.08025568114832443,46.92146277708694,44.19545706997369
2016-10-05 00:00:00+00:00,20.7166190306,-0.11149825801182178,20.736988572543826,-0.09587696958007311,43.58701764007658,48.804561903459415
2016-10-06 00:00:00+00:00,20.0489004599,-3.2231059021442188,20.392944516221913,-1.659491435862146,10.688393809545115,19.178925010406324
2016-10-07 00:00:00+00:00,19.8581237254,-0.9515570935252793,20.125534120810954,-1.3055242646937126,8.075993380939924,51.45051693575148
2016-10-10 00:00:00+00:00,19.6500036515,-1.0480349341050688,19.887768886155477,-1.1767795993993908,5.768767346730872,50.17415858201277
2016-10-11 00:00:00+00:00,19.4794608131,-0.8679023242165185,19.683614849627737,-1.0223409618079546,4.2694925926704554,53.41100609713044
2016-10-12 00:00:00+00:00,19.4996947091,0.10387297776945914,19.59165477936387,-0.45923399201924775,8.50152835775158,69.46372090972976
2016-10-13 00:00:00+00:00,19.722267566,1.1414171361161296,19.656961172681935,0.3410915720484409,47.09324203268279,80.32227560719309
2016-10-14 00:00:00+00:00,19.7858598109,0.32243881027975707,19.72141049179097,0.33176519116409897,55.19264090200278,56.52398523391544
2016-10-17 00:00:00+00:00,19.7193770095,-0.33601168731305364,19.720393750645485,-0.002123248074477335,44.50767859539442,41.643957749988516
2016-10-18 00:00:00+00:00,19.9072631873,0.9527997649696696,19.813828468972744,0.47533825844759614,69.52093512849369,67.08458482615667
2016-10-19 00:00:00+00:00,19.9130443005,0.029040220876219713,19.863436384736374,0.2521892396619079,70.14209666105322,45.67590276414254
2016-10-20 00:00:00+00:00,19.8667953952,-0.23225431833564514,19.865115889968187,0.009967460663131394,56.35898381950722,40.228784980342716
2016-10-21 00:00:00+00:00,19.7540636884,-0.5674378003975411,19.809589789184095,-0.27873516986720487,32.79615644434058,32.720467043669515
2016-10-24 00:00:00+00:00,19.999760998,1.2437810947439676,19.904675393592047,0.48252296243838133,71.60579275853483,73.22541496331993
2016-10-25 00:00:00+00:00,20.0489004599,0.2457002456425217,19.976787926746024,0.3641116040404515,75.79861899456172,48.89402416035324
2016-10-26 00:00:00+00:00,20.1153832613,0.33160322947871634,20.046085594023012,0.3478574167595839,81.37886592526345,50.99619812900917
2016-10-27 00:00:00+00:00,20.1847566193,0.3448771375560433,20.115421106661508,0.3463672771578136,86.3170533308509,51.4589919746972
2016-10-28 00:00:00+00:00,20.2310055246,0.22912788185802668,20.173213315630754,0.2877475795079202,89.18508817348662,45.801219230969686
2016-10-31 00:00:00+00:00,20.2396771944,0.04286326643256899,20.206445255015375,0.1653054229702446,89.78715416863022,36.195284504230465
2016-11-01 00:00:00+00:00,20.0315571204,-1.028277635068131,20.11900118770769,-0.4314861060489432,29.888010153772985,12.884867339359946
2016-11-02 00:00:00+00:00,20.0749154692,0.21645021672251907,20.096958328453844,-0.10751794466321207,41.98314269058754,58.95789444456736
2016-11-03 00:00:00+00:00,20.1269454877,0.25917926568519434,20.11195190807692,0.07583066051099113,55.72992610318449,60.0459572227563
2016-11-04 00:00:00+00:00,19.9910893283,-0.6749964095795091,20.051520618188462,-0.299582874534259,28.905065946176652,32.12039982999094
2016-11-07 00:00:00+00:00,20.1703038364,0.8964719488612216,20.11091222729423,0.2984445371634813,63.58647821969095,68.76957937763967
2016-11-08 00:00:00+00:00,20.173194393,0.01433075388177496,20.142053310147112,0.15638764552262813,64.0112198378246,47.27665727038121
2016-11-09 00:00:00+00:00,20.5518573054,1.877059750791843,20.346955307773555,1.0167236981572356,89.06798327105362,73.50484829170159
2016-11-10 00:00:00+00:00,20.6356834463,0.4078762306216177,20.491319377036778,0.7122999643894267,91.1207979560483,46.27167483982795
2016-11-11 00:00:00+00:00,20.5894345409,-0.22412102569974168,20.540376958968388,0.2440894693448425,78.86486767707638,37.34408062152551
2016-11-14 00:00:00+00:00,20.3755333538,-1.03888810872923,20.457955156384195,-0.3973993196921938,40.79693469285767,27.19685273871458
2016-11-15 00:00:00+00:00,20.644355116,1.3193360759307993,20.551155136192097,0.46096837811930275,69.0028422621512,66.59933692242282
2016-11-16 00:00:00+00:00,20.6356834463,-0.042005040367087965,20.59341929124605,0.2094816688761074,67.44797134803767,45.34738485592326
2016-11-17 00:00:00+00:00,19.999760998,-3.0816640987678223,20.296590144623025,-1.4360912149458576,19.388968602349586,21.920134767035663
2016-11-18 00:00:00+00:00,19.8118748201,-0.9394421159272137,20.054232482361513,-1.1877666654365355,14.735696361661375,49.4999655851412
2016-11-21 00:00:00+00:00,20.0517910165,1.2109716954025629,20.05301174943076,0.011602514983013679,41.58716455773462,67.03362497637536
2016-11-22 00:00:00+00:00,20.2685827602,1.081159002313603,20.160797254815378,0.5463807586483084,59.06168260223563,64.99039867254555
2016-11-23 00:00:00+00:00,20.4738122776,1.0125499144567396,20.31730476620769,0.7794653365525239,71.26733844605187,63.45698633484368
2016-11-25 00:00:00+00:00,20.5894345409,0.5647324578945234,20.453369653553846,0.6720988972235237,77.04977610976026,51.54894872775153
2016-11-28 00:00:00+00:00,20.5778723146,-0.056156113840977184,20.515620984076925,0.30797139169127324,74.79199680179472,37.07838451632836
2016-11-29 00:00:00+00:00,20.6299023331,0.25284450065852226,20.572761658588462,0.2804079461748977,78.95464843268525,47.97962803081853
2016-11-30 00:00:00+00:00,20.3581900143,-1.3170800055802734,20.46547583644423,-0.5183360297026878,34.42486984149695,20.67781449240278
2016-12-01 00:00:00+00:00,20.4275633723,0.3407638790642542,20.446519604372114,-0.08878607531921678,46.07294540680442,58.28099973270839
2016-12-02 00:00:00+00:00,20.4882650605,0.2971557943240333,20.467392332436056,0.10418485950240824,56.26845905715348,57.21090211098216
2016-12-05 00:00:00+00:00,20.2165527417,-1.3261851015576975,20.341972537068028,-0.6110001210276447,24.794301768670014,28.248789949166735
2016-12-06 00:00:00+00:00,20.3379561182,0.6005147269721567,20.339964327634014,-0.005242697027743992,45.3004996566378,62.261105408207484
2016-12-07 00:00:00+00:00,20.5518573054,1.0517339400127002,20.445910816517006,0.5232456214924781,68.20947868067825,67.64836589229868
2016-12-08 00:00:00+00:00,20.4761705787,-0.3682719550612723,20.461040697608503,0.0774868332156029,55.80465512852792,40.41447983893676
2016-12-09 00:00:00+00:00,20.4004838521,-0.369633210023812,20.430762274854253,-0.14607318840410455,43.844166170115805,40.39109800601686
2016-12-12 00:00:00+00:00,20.8633372957,2.2688356166236545,20.647049785277126,1.061381214109775,81.06710237631222,77.77507862904052
2016-12-13 00:00:00+00:00,20.901180659,0.18138691218783087,20.774115222138562,0.6213840631488029,82.49050225141275,44.588942200964645
2016-12-14 00:00:00+00:00,20.7672733734,-0.6406685238728005,20.770694297769282,-0.009642230361998794,58.962251715699644,35.61264838604167
2016-12-15 00:00:00+00:00,20.6915866468,-0.36445192028405904,20.731140472284643,-0.18704707532302892,47.48050860896067,41.543817095812734
2016-12-16 00:00:00+00:00,20.6624763673,-0.14068655051402423,20.69680841979232,-0.16386681291852656,42.68507655850463,47.42851671952571
2016-12-19 00:00:00+00:00,20.8371380442,0.8453085380241143,20.76697323199616,0.3407208625527939,69.97617145738076,68.43265993038021
2016-12-20 00:00:00+00:00,20.9070027149,0.3352891867961949,20.836987973448082,0.3380050246744944,76.64780521511729,52.23877963283965
2016-12-21 00:00:00+00:00,20.738163094,-0.8075744916781868,20.78757553372404,-0.23478473350184623,42.452023628668194,29.095872169995406
2016-12-22 00:00:00+00:00,20.2578434827,-2.316114542656711,20.52270950821202,-1.2754496380792786,14.619501014831215,15.499946714259861
2016-12-23 00:00:00+00:00,20.243288343,-0.07184940347885194,20.38299892560601,-0.6736495207790653,14.196432493069704,58.63444874272419
2016-12-27 00:00:00+00:00,20.2898647901,0.23008340498251734,20.336431857853007,-0.22178305789827396,24.661380165471098,62.497701266749665
2016-12-28 00:00:00+00:00,20.1763347002,-0.5595408893774079,20.256383279026505,-0.39066197363784094,17.05571102571008,45.74007198295396
2016-12-29 00:00:00+00:00,20.1617795605,-0.07213966221454315,20.20908141976325,-0.23140081792619205,16.100797397659324,56.531532768325285
2016-12-30 00:00:00+00:00,20.1210251692,-0.20213687575398875,20.165053294481623,-0.2167688468400904,13.035507819543604,52.364946555867235
2017-01-03 00:00:00+00:00,19.9871178837,-0.6655092589664569,20.076085589090813,-0.4411390529032736,6.7252012192590405,37.56254984508003
2017-01-04 00:00:00+00:00,20.1035590015,0.5825808327020399,20.089822295295406,0.07072088989938313,42.82588234962781,70.8520200970828
2017-01-05 00:00:00+00:00,20.1472244207,0.21720243264757855,20.118523357997702,0.14396166127348084,53.04774531566,57.410679006225564
2017-01-06 00:00:00+00:00,19.8706767658,-1.3726340121365088,19.99460006189885,-0.614336175431514,19.658558046673633,25.65036616282986
2017-01-09 00:00:00+00:00,20.0016730234,0.6592440667419153,19.998136542649426,0.022453945655200647,44.485590437234585,63.91746702492514
2017-01-10 00:00:00+00:00,19.8619436819,-0.6985882697738699,19.930040112274714,-0.3380671620593346,29.767589196258992,42.16400630652297
2017-01-11 00:00:00+00:00,19.9492745203,0.4396892861980195,19.93965731628736,0.05081106206934244,46.394457234773746,59.49743880058559
2017-01-12 00:00:00+00:00,19.7862569553,-0.8171603675818706,19.86295713579368,-0.38317465275626406,27.900166002516105,39.76096069731095
2017-01-13 00:00:00+00:00,19.5417306078,-1.2358393406717516,19.70234387179684,-0.8095069967140078,14.708134100021981,34.1075449329273
2017-01-17 00:00:00+00:00,19.9172532129,1.9216445699548723,19.80979854234842,0.5560687866204322,59.17481678766398,74.73876596725047
2017-01-18 00:00:00+00:00,19.8270113466,-0.4530838933229697,19.81840494447421,0.05149244664873126,49.813491408412396,44.07687016249407
2017-01-19 00:00:00+00:00,19.6843709772,-0.7194244604316502,19.751387960837107,-0.3339660068914595,36.22583698997577,41.231144119771564
2017-01-20 00:00:00+00:00,19.5562857475,-0.6506950608092033,19.653836854168553,-0.4923305338503314,26.492392658606228,42.66401194297943
2017-01-23 00:00:00+00:00,19.4020012663,-0.7889252754435749,19.527919060234275,-0.6406279046469532,17.8343481604167,39.740882217091716
2017-01-24 00:00:00+00:00,19.6203283623,1.1252813202276224,19.574123711267138,0.2423267077903346,51.487646117210595,75.13233836380432
2017-01-25 00:00:00+00:00,19.4718659371,-0.7566765573876366,19.52299482418357,-0.257174924798651,36.315930994420135,40.26082988507267
2017-01-26 00:00:00+00:00,19.4252894899,-0.23919868465844818,19.474142157041783,-0.2481868047285496,31.89337636516382,49.859399226328875
2017-01-27 00:00:00+00:00,19.1138094996,-1.6034766970240089,19.29397582832089,-0.9258317508762792,14.356001728682072,30.487519411025684
2017-01-30 00:00:00+00:00,19.3350476235,1.1574779161874105,19.314511725910442,0.11582308265556562,45.99483466186019,68.10520954181419
2017-01-31 00:00:00+00:00,19.4282005178,0.4817825955948596,19.37135612185522,0.2988028391252126,56.211539430338156,56.817748575238625
2017-02-01 00:00:00+00:00,19.2797380926,-0.7641594241524441,19.32554710722761,-0.23267829251361574,38.7062832517918,38.958693045930445
2017-02-02 00:00:00+00:00,19.4165564061,0.7096481956490708,19.371051756663803,0.23848495156772753,57.151909522786525,60.81344158230896
2017-02-03 00:00:00+00:00,19.3583358471,-0.29985007527755236,19.364693801881902,-0.030682561854912416,47.942682566570106,44.45894490633354
2017-02-06 00:00:00+00:00,19.3292255677,-0.1503759394915205,19.346959684790953,-0.09052925067321646,42.77342980604586,47.58940670048154
2017-02-07 00:00:00+00:00,19.4718659371,0.7379518072278879,19.409412810945476,0.3237112782773357,68.07422679519125,65.11657714387631
2017-02-08 00:00:00+00:00,19.7396805082,1.3753924352454039,19.57454665957274,0.8495518567613698,85.78007608350116,74.34961152517118
2017-02-09 00:00:00+00:00,20.1093810574,1.8728801058681022,19.84196385848637,1.361215981314736,93.38106914334193,80.41739062681572
2017-02-10 00:00:00+00:00,19.8008120951,-1.534452807966713,19.821387976793183,-0.08661841332598852,55.94306317493341,23.44327462112691
2017-02-13 00:00:00+00:00,19.7280363964,-0.3675389592632361,19.77471218659659,-0.2270786862946123,48.99405734375587,43.87135855582266
2017-02-14 00:00:00+00:00,19.9871178837,1.3132654568058122,19.8809150351483,0.5430933852555999,69.33470670188929,64.39711351696953
2017-02-15 00:00:00+00:00,19.9958509675,0.04369356227753585,19.938383001324148,0.2933934737665679,69.94080612355192,45.53189889457644
2017-02-16 00:00:00+00:00,20.0482494705,0.26204687705047025,19.993316235912076,0.27772017540851907,74.48036556123468,49.35917562278664
2017-02-17 00:00:00+00:00,20.1938008679,0.726005517909023,20.093558551906035,0.501862846658771,84.33660208701377,58.62521457532643
2017-02-21 00:00:00+00:00,20.7992946809,2.9984143003137786,20.446426616403016,1.7501385734862749,95.40665968484852,82.35079749310975
2017-02-22 00:00:00+00:00,20.8749814075,0.3638908326516699,20.66070401195151,1.0570147030689725,95.94412422488742,41.23285308103177
2017-02-23 00:00:00+00:00,20.7585402896,-0.5578022592066523,20.709622150775754,0.2496062219311601,75.54524783519577,32.67203463890981
2017-02-24 00:00:00+00:00,21.0729313079,1.514514093543995,20.891276729337875,0.8820601577375775,86.85990489142173,60.40037791745465
2017-02-27 00:00:00+00:00,20.8837144913,-0.8979140767618965,20.887495610318936,-0.007926959512159493,61.26841231961506,35.13391076008403
2017-02-28 00:00:00+00:00,20.6479212276,-1.1290772232987023,20.76770841895947,-0.5685020914054308,39.50938565477241,33.14126797383505
2017-03-01 00:00:00+00:00,20.5081918862,-0.6767235299853125,20.637950152579734,-0.6226128106953717,30.029577684875623,42.683188264671344
2017-03-02 00:00:00+00:00,20.5984337525,0.44002838865928595,20.618191952539867,-0.09129221101804286,43.22610519486918,62.50134219825621
2017-03-03 00:00:00+00:00,20.3859287124,-1.0316563028691994,20.50206033246993,-0.5614742569436211,25.943095055054904,37.126112811572085
2017-03-06 00:00:00+00:00,20.3422632932,-0.21419391687286238,20.422161812834965,-0.3878340869082417,23.09677180524411,53.018572177280845
2017-03-07 00:00:00+00:00,20.3393522652,-0.014310246397075677,20.38075703901748,-0.2010721666526587,22.846117683277544,57.004627402666635
2017-03-08 00:00:00+00:00,20.4674374949,0.6297409476463622,20.42409726695874,0.21433439049685177,55.04520305000722,69.50820766653491
2017-03-09 00:00:00+00:00,20.4850312807,0.08595988532704713,20.45456427382937,0.15014713791194945,58.604697496485144,50.79876748686166
2017-03-10 00:00:00+00:00,20.555406424,0.3435442315692594,20.504985348914687,0.24684568474060442,71.93684323806099,58.69796236079607
2017-03-13 00:00:00+00:00,20.5114219594,-0.21398002886795497,20.50820365415734,0.016432827936324723,55.253589192534136,38.58546053573006
2017-03-14 00:00:00+00:00,20.7372088774,1.1007862762850928,20.62270626577867,0.5586095521107088,83.93737882431971,72.23631981112744
2017-03-15 00:00:00+00:00,20.6961567105,-0.19796380092762522,20.659431488139333,0.1803228755915418,71.44662593081577,39.86810151726844
2017-03-16 00:00:00+00:00,20.6551045436,-0.19835647494479414,20.65726801586967,-0.009016799676626164,58.40885943881227,39.860001269026874
2017-03-17 00:00:00+00:00,20.4938281736,-0.7808063602852688,20.575548094734835,-0.3949115799809475,28.144183059414342,27.450768359960087
2017-03-20 00:00:00+00:00,20.5202188523,0.12877378729072575,20.547883473517416,-0.13306889634511088,36.25185121312403,58.04603763508981
2017-03-21 00:00:00+00:00,20.4967604713,-0.11431837627488006,20.522321972408708,-0.12369363630999547,31.511202779261794,49.6518587681988
2017-03-22 00:00:00+00:00,20.5993908885,0.5007153073955495,20.560856430454354,0.188510835542777,63.14194143792008,67.49244570870692
2017-03-23 00:00:00+00:00,20.4850312807,-0.5551601424479191,20.522943855577175,-0.18332465345257104,35.63456831056534,35.29025015318438
2017-03-24 00:00:00+00:00,20.4117238398,-0.35785857436823054,20.467333847688586,-0.27059161391040076,25.114434706139786,42.92330275914283
2017-03-27 00:00:00+00:00,20.426385328,0.07182876034903529,20.446859587844294,-0.09938142678068274,31.207194156796874,58.79944221775676
2017-03-28 00:00:00+00:00,20.6199169719,0.9474590868248978,20.53338827987215,0.4240388300221075,73.65215768018503,77.73241216119952
2017-03-29 00:00:00+00:00,20.7430734726,0.5972696246441256,20.638230876236072,0.5106542273331165,83.41809847493981,60.93458691049686
2017-03-30 00:00:00+00:00,20.9923187716,1.2015832626212974,20.81527482391804,0.856118744977207,92.1974885008777,74.94799946204084
2017-03-31 00:00:00+00:00,21.1360013558,0.684453136231844,20.975638089859018,0.7702859406045255,94.64783661441844,51.318514114849265
2017-04-03 00:00:00+00:00,21.0626939149,-0.34683684802038206,21.019166002379507,0.2117245462920717,76.30789218974671,26.410383183017466
2017-04-04 00:00:00+00:00,21.1154752723,0.25059167461320975,21.067320637339755,0.23115811045264073,80.40795764257881,48.240411312187746
2017-04-05 00:00:00+00:00,21.0099125574,-0.49993056532561253,21.038616597369877,-0.1343862274364859,52.92892590932222,30.94330834027672
2017-04-06 00:00:00+00:00,20.9454020095,-0.3070481503611888,20.99200930343494,-0.22071718889883735,40.3032662881782,39.32942344019701
2017-04-07 00:00:00+00:00,21.3764497619,2.0579588408209615,21.18422953266747,0.9186208259610621,82.3946034074655,81.23687570072049
2017-04-10 00:00:00+00:00,21.423366524,0.21947873768835002,21.303798028333734,0.569049781824706,84.21205053995796,44.9957168496435
2017-04-11 00:00:00+00:00,21.5318615365,0.5064330686703977,21.417829782416867,0.5377414252475519,88.37486447303851,50.1974227122191
2017-04-12 00:00:00+00:00,21.5347938342,0.013618412393312518,21.47631180830843,0.2756799188204322,88.49781521586132,40.36398432558086
2017-04-13 00:00:00+00:00,21.4497572028,-0.39488017417166343,21.463034505554216,-0.05960012767561562,60.61210339441031,32.45817580530237
2017-04-17 00:00:00+00:00,21.5494553224,0.4647983595216898,21.506244913977106,0.2025991159230371,74.65618519640879,58.263344062577396
2017-04-18 00:00:00+00:00,21.6667472278,0.5442917403024827,21.58649607088855,0.37344542811275994,84.44420868464596,60.36379305918267
2017-04-19 00:00:00+00:00,21.7195285852,0.24360535914813575,21.653012328044277,0.30852539363044784,87.66090520795649,46.95594388401671
2017-04-20 00:00:00+00:00,21.9335863126,0.985554205563477,21.793299320322138,0.6470397995969623,94.53524006995511,70.88878902796127
2017-04-21 00:00:00+00:00,21.9746384795,0.18716577542277069,21.883968899911068,0.4171027875098665,95.29008371874544,41.01732657831246
2017-04-24 00:00:00+00:00,21.9277217173,-0.21350413679738223,21.905845308605535,0.10179932535624214,77.04609634169594,31.139622236448126
2017-04-25 00:00:00+00:00,22.0068937535,0.36105910691826004,21.95636953105277,0.2314292161372511,84.53893639372141,54.637477934821
2017-04-26 00:00:00+00:00,22.1183210636,0.5063291137227255,22.037345297326382,0.3688791649299883,90.84672825569412,59.83542003314738
2017-04-27 00:00:00+00:00,22.1212533613,0.013257324964066619,22.07929932931319,0.19106824494702745,90.99180027835625,37.789416001660925
2017-04-28 00:00:00+00:00,22.0450136227,-0.34464475115761894,22.062156476006596,-0.07678825310529575,56.233079951404676,26.970106908342473
2017-05-01 00:00:00+00:00,22.0596751109,0.0665070498523157,22.060915793453297,-0.005140601626490021,60.57715572135927,51.09672800799445
2017-05-02 00:00:00+00:00,22.1447117423,0.3854845140397467,22.102813767876647,0.19017195620662836,78.84491843881493,64.67686482650247
2017-05-03 00:00:00+00:00,22.2150868856,0.31779661040054474,22.158950326738324,0.2539842833035866,86.57016768950645,59.4242866325287
2017-05-04 00:00:00+00:00,22.3851601484,0.7655755013510346,22.272055237569163,0.5097798923273106,94.22061958608764,77.53126541152226
2017-05-05 00:00:00+00:00,22.4320769106,0.20958868236353734,22.352066074084583,0.35968428734542396,95.3230731890816,42.340533791647864
2017-05-08 00:00:00+00:00,22.3206496005,-0.4967320259469332,22.33635783729229,-0.06852386930075463,56.75446610694325,22.70357145963855
2017-05-09 00:00:00+00:00,22.4965874586,0.7882291118268325,22.416472647946144,0.35985262126303896,77.9166326733586,65.88261540694883
2017-05-10 00:00:00+00:00,22.6402700427,0.6386861312384084,22.528371345323073,0.4992693762507237,86.19317301938753,60.02878119768799
2017-05-11 00:00:00+00:00,22.4720177099,-0.7431551500166278,22.500194527611537,-0.12194288688295205,51.976451759432315,26.900006919199722
2017-05-12 00:00:00+00:00,22.3480423068,-0.5516879022633758,22.42411841720577,-0.33681539457316395,36.12576028318965,34.421979348657075
2017-05-15 00:00:00+00:00,22.5192464349,0.766081098960103,22.471682426052887,0.21463285219346953,60.85420016672197,68.2016359454799
2017-05-16 00:00:00+00:00,22.1709345881,-1.5467295844331264,22.321308507076445,-0.6660483661198284,27.89618459074605,28.946939006682488
2017-05-17 00:00:00+00:00,22.1738863834,0.013313806363335345,22.24759744523822,-0.32636727987824654,28.389197494863442,55.09651826541546
2017-05-18 00:00:00+00:00,22.8882208489,3.2215122471032975,22.56790914706911,1.4475724836125254,79.43416779016341,78.97054653531606
2017-05-19 00:00:00+00:00,23.2512916723,1.5862780501676443,22.909600409684554,1.5169252668900848,86.67536894504236,56.147033262371096
2017-05-22 00:00:00+00:00,23.1863521754,-0.2792941476768118,23.047976292542277,0.6188155596066365,79.19424617745017,37.5669788060017
2017-05-23 00:00:00+00:00,23.1686414036,-0.0763844681820669,23.10830884807114,0.2712155457122848,76.49330975160026,40.764994320617575
2017-05-24 00:00:00+00:00,23.0682803629,-0.43317620119237565,23.088294605485572,-0.08098032774004543,59.30199890780114,35.91299120214828
2017-05-25 00:00:00+00:00,23.1155090879,0.2047344850028665,23.101901846692787,0.06187707863141054,64.87439166711167,51.41998689445915
2017-05-26 00:00:00+00:00,23.0623767723,-0.22985570163287505,23.08213930949639,-0.08398931150073226,52.698274540144816,41.22607359194143
2017-05-30 00:00:00+00:00,23.0682803629,0.02559836160118678,23.075209836198198,-0.02919547494977274,54.133050604183154,49.970979357900546
2017-05-31 00:00:00+00:00,23.201111152,0.5758157392331098,23.138160494099097,0.27331013214166855,77.33532120349085,66.21281687668454
2017-06-01 00:00:00+00:00,23.5582783847,1.5394402033594545,23.34821943939955,0.9063751677505616,92.54525747978823,81.76485195852376
2017-06-02 00:00:00+00:00,23.5021942738,-0.23806540522257613,23.425206856599775,0.33415488126399273,79.91365851629872,35.962882292456115
2017-06-05 00:00:00+00:00,23.6911091738,0.8038181362946206,23.558158015199886,0.5689865087793067,88.11205123428184,57.09440803560089
2017-06-06 00:00:00+00:00,23.2985203973,-1.6571143783093323,23.428339206249944,-0.5440639347650128,38.77652880148091,26.321076614486635
2017-06-07 00:00:00+00:00,23.3634598941,0.27872798655286246,23.395899550174974,-0.13266797410607517,46.244605531850226,54.96339342215128
2017-06-08 00:00:00+00:00,23.2985203973,-0.27795325304708074,23.347209973737485,-0.20531061357657795,39.09192068353065,47.07041749929724
2017-06-09 00:00:00+00:00,23.4431583676,0.6208032434401378,23.395184170668742,0.20774631493177992,59.84278704069556,60.72807332324751
2017-06-12 00:00:00+00:00,23.390026052,-0.226643162865936,23.39260511133437,-0.00944842396707804,50.38425289673621,44.49090221385682
2017-06-13 00:00:00+00:00,23.4726763207,0.3533568903097972,23.432640716017183,0.1719542331713596,63.75232917111982,56.44606109666394
2017-06-14 00:00:00+00:00,23.5848445425,0.47786720298734764,23.50874262925859,0.3249107180793536,76.59155368414534,59.27072276456584
2017-06-15 00:00:00+00:00,23.2926168067,-1.2390488106606146,23.400679717979294,-0.4570690462906305,32.12451858899697,25.313699716723573
2017-06-16 00:00:00+00:00,22.2093079272,-4.650868077597837,22.804993822589648,-2.5539685619442336,7.597428260335707,9.348701090540748
2017-06-19 00:00:00+00:00,22.2860546053,0.3455608718270886,22.545524213944823,-1.1042038450585725,14.531879499951703,61.99759752103099
2017-06-20 00:00:00+00:00,22.2978617865,0.05298013223566933,22.42169300022241,-0.5256118564114516,15.986846777122834,58.98834436647153
2017-06-21 00:00:00+00:00,22.5044874584,0.9266613717423766,22.463090229311206,0.20052475766546252,41.9344366911871,66.31241159637
2017-06-22 00:00:00+00:00,22.2919581959,-0.9443861491751915,22.377524212605604,-0.3719306957548645,28.400979064467396,42.1384918908095
2017-06-23 00:00:00+00:00,22.0912361147,-0.9004237287548844,22.2343801636528,-0.6361772122548744,19.49011200994767,42.87247438690504
2017-06-26 00:00:00+00:00,22.2860546053,0.8818813469218423,22.260217384476398,0.12285206733348392,44.73458745030234,67.75032980410667
2017-06-27 00:00:00+00:00,22.4365961662,0.6754966886969749,22.348406775338198,0.39917437801522937,59.4662413022343,62.98603709259142
2017-06-28 00:00:00+00:00,22.5841859318,0.6578081831429383,22.4662963535691,0.5284912805790838,70.88097919238498,62.42171415398511
2017-06-29 00:00:00+00:00,22.4129818037,-0.7580708404412051,22.43963907863455,-0.11478977993106065,47.571046501421634,30.07194441976504
2017-06-30 00:00:00+00:00,22.3391869209,-0.32925062558082363,22.389412999767274,-0.22202020275594214,39.22980438059804,43.39814955114925
2017-07-03 00:00:00+00:00,22.2447294709,-0.42283298105012523,22.317071235333636,-0.3224265919030337,29.349165818499387,40.849822321907865
2017-07-05 00:00:00+00:00,22.2329222897,-0.05307855604829159,22.274996762516817,-0.18775257397566264,28.025659608174937,56.12044807510917
2017-07-06 00:00:00+00:00,22.2771992193,0.19915029172983267,22.27609799090841,0.005698858877085017,42.58864854325009,65.28966454921327
2017-07-07 00:00:00+00:00,22.235874085,-0.18550417354170623,22.255986037954205,-0.0899026573323106,33.18759302280233,44.17402315538848
2017-07-10 00:00:00+00:00,21.6159970695,-2.7877339704768245,21.935991553727103,-1.4388183139045676,5.562163616742039,10.316442373607758
2017-07-11 00:00:00+00:00,21.686840157,0.32773453508632144,21.81141585536355,-0.5555418894091231,17.355351668331327,62.26141693031306
2017-07-12 00:00:00+00:00,21.8255745366,0.6397168909608064,21.818495195981775,0.04208750077584167,39.535465991938715,65.28195234479254
2017-07-13 00:00:00+00:00,22.1532238162,1.5012172030136162,21.98585950609089,0.7716523518947289,69.00443637770327,73.92608244571097
2017-07-14 00:00:00+00:00,22.5340054115,1.7188540975311417,22.259932458795447,1.2452532247129353,83.24215510941957,76.17402411577066
2017-07-17 00:00:00+00:00,22.5428607974,0.03929787775536209,22.40139662809772,0.6422755512341487,83.50644343955648,38.125071728679316
2017-07-18 00:00:00+00:00,22.4926802771,-0.22260049756323008,22.44703845259886,0.2098375268354593,73.63535319567502,34.13677212365088
2017-07-19 00:00:00+00:00,22.3952710318,-0.43307086616606316,22.42115474219943,-0.11161666966530193,54.78036275970154,30.314067547309453
2017-07-20 00:00:00+00:00,22.4395479615,0.1977066034928976,22.430351351849716,0.04304496691379783,61.50162603698682,53.64818923069022
2017-07-21 00:00:00+00:00,22.4779213006,0.17100762976971495,22.454136326224855,0.10702629834175639,67.73591031904978,52.53139054526003
2017-07-24 00:00:00+00:00,22.6963541536,0.9717662504413749,22.575245239912427,0.5393962743915657,86.45894683559607,75.48770362505941
2017-07-25 00:00:00+00:00,23.1774967895,2.119911562199883,22.876371014706216,1.3296539182957243,95.3584590150643,87.98485652793374
2017-07-26 00:00:00+00:00,23.2896650113,0.48395313272489027,23.083018013003105,0.9068035255103073,96.22585854599066,42.104728463232995
2017-07-27 00:00:00+00:00,23.5494229988,1.1153358683947179,23.316220505901555,1.0110696969525126,97.71146730132678,55.529345614162516
2017-07-28 00:00:00+00:00,23.5582783847,0.03760340922345229,23.43724944530078,0.5243365530879824,97.7566235925154,34.842997062930884
2017-07-31 00:00:00+00:00,23.6114107003,0.22553564709764107,23.52433007280039,0.37493610009281175,98.09493288990095,40.62825439687112
2017-08-01 00:00:00+00:00,23.7619522613,0.6375796978453696,23.643141167050196,0.5062578989690907,98.83902174614775,54.046931924914155
2017-08-02 00:00:00+00:00,23.7708076472,0.037267080594327595,23.7069744071251,0.27176248978170914,98.87769991049248,36.17797408737037
2017-08-03 00:00:00+00:00,23.8711686878,0.4222029057217247,23.789071547462548,0.3469826977517169,99.28349686740233,51.57669709748586
2017-08-04 00:00:00+00:00,23.7560486706,-0.4822554718857841,23.772560109031275,-0.0676363870670336,61.20587328151819,27.87378871505261
2017-08-07 00:00:00+00:00,23.9921922956,0.9940357854723914,23.882376202315637,0.4631996992026789,82.20513680921118,66.06116259011905
2017-08-08 00:00:00+00:00,24.0836979503,0.3813976379173134,23.983037076307816,0.42229866855999615,86.46398288832813,49.68604722668229
2017-08-09 00:00:00+00:00,24.2401431018,0.6495894103258015,24.11159008905391,0.5359440394428988,91.61215547248668,56.729181106100626
2017-08-10 00:00:00+00:00,23.9579701335,-1.1640730300764845,24.034780111276955,-0.31406449531679287,45.15183688358659,23.442081825672105
2017-08-11 00:00:00+00:00,23.8807438474,-0.32234068942266214,23.95776197933848,-0.3182025923697275,37.37131892489869,45.6452792049519
2017-08-14 00:00:00+00:00,23.9698511005,0.3731343280988453,23.96380653991924,0.0274658678645589,51.75894261133348,60.016775793192735
2017-08-15 00:00:00+00:00,23.9906427929,0.08674101609069673,23.97722466640962,0.05710344197762782,55.34910442278907,51.590977132253684
2017-08-16 00:00:00+00:00,24.0530178702,0.2599975241949659,24.01512126830481,0.15855048308629688,66.5510258460959,57.061213890766815
2017-08-17 00:00:00+00:00,23.6728269233,-1.580637194682466,23.843974095802405,-0.7110433557980845,20.205303366621447,20.373677606649323
2017-08-18 00:00:00+00:00,23.5569874942,-0.4893350062302182,23.700480795001205,-0.6001891810141513,15.327092432826339,49.34076563458956
2017-08-21 00:00:00+00:00,23.6757971651,0.504350018988009,23.688138980050603,-0.047919581013071144,38.25958986098498,66.15656702452993
2017-08-22 00:00:00+00:00,23.76787466,0.3889097978746481,23.7280068200253,0.17049510843078847,53.04366170718291,62.539055452532814
2017-08-23 00:00:00+00:00,23.7500532094,-0.07498125455025484,23.73903001471265,0.047756926940266814,49.59579679940661,47.035995853494214
2017-08-24 00:00:00+00:00,23.2688740423,-2.0260130066132143,23.503952028506326,-0.9891280398364737,13.653273597906777,18.345572194069984
2017-08-25 00:00:00+00:00,23.3550110537,0.37018126121364237,23.429481541103165,-0.30947338931141566,27.718997805162758,61.551107917323634
2017-08-28 00:00:00+00:00,23.1767965474,-0.7630675313757496,23.30313904425158,-0.5362704603435826,18.41125854497387,44.75255170893228
2017-08-29 00:00:00+00:00,23.3965944385,0.9483531973475401,23.34986674137579,0.20604136850197874,49.674167281012494,65.85959896435544
2017-08-30 00:00:00+00:00,23.3282788778,-0.29198933579660524,23.339072809587897,-0.04297398364731325,42.14521127880948,46.53309483824493
2017-08-31 00:00:00+00:00,23.1886775145,-0.5984211867119282,23.26387516204395,-0.32069758517962077,28.776208435425676,41.96907857477807
2017-09-01 00:00:00+00:00,23.2777847676,0.384270526183661,23.270829964821974,0.0317864705020201,45.36856418108513,60.57151950990267
2017-09-05 00:00:00+00:00,23.7025293411,1.8246778107992245,23.486679652960987,0.9282321406506223,79.50555293315576,76.87216324443816
2017-09-06 00:00:00+00:00,23.7856961107,0.35087719290696207,23.636187881830494,0.6395546667787921,82.68355753218573,47.03066940538678
2017-09-07 00:00:00+00:00,23.7975770778,0.049950049999414325,23.716882479815247,0.34475235838910323,83.24045315822481,42.033121283785974
2017-09-08 00:00:00+00:00,23.429267098,-1.547678482544279,23.573074788907626,-0.6014630620775879,33.35706626425723,22.767167060341333
2017-09-11 00:00:00+00:00,23.4886719335,0.2535496959914285,23.530873361203813,-0.1739566830430797,41.79576787903318,56.492104086921096
2017-09-12 00:00:00+00:00,23.6460947474,0.6702073848435797,23.588484054301908,0.24812535090024998,61.28330434199511,62.216770510290225
2017-09-13 00:00:00+00:00,23.7203507917,0.31403090063388817,23.654417423000954,0.2810781257670691,68.6985042789274,53.235097153236914
2017-09-14 00:00:00+00:00,23.6668864398,-0.22539444028251143,23.660651931400476,0.027841842742278827,56.923974963147415,40.08818987184392
2017-09-15 00:00:00+00:00,23.8748033638,0.8785140560371829,23.76772764760024,0.4531779493897309,78.4598318571484,65.92214124942485
2017-09-18 00:00:00+00:00,23.7619341765,-0.4727544163615649,23.76483091205012,-0.009788233485917008,55.759870866539224,36.7924106706766
2017-09-19 00:00:00+00:00,23.7767853854,0.06250000016703172,23.77080814872506,0.026355883340557357,58.14963300716334,49.93663767812393
2017-09-20 00:00:00+00:00,23.9104462651,0.5621486569083123,23.84062720691253,0.29425227012443483,75.79844152912845,61.22665920535976
2017-09-21 00:00:00+00:00,23.7649044183,-0.6086956520440778,23.802765812606264,-0.1572216909598215,44.88311085038505,34.15361408652129
2017-09-22 00:00:00+00:00,23.6223328132,-0.5999250095456432,23.712549312903132,-0.37857335025273237,28.06408292966182,34.4791505058477
2017-09-25 00:00:00+00:00,23.5094636259,-0.47780711664907605,23.611006469401566,-0.42819023345090423,19.421627072531805,40.61127282038183
2017-09-26 00:00:00+00:00,23.5807494284,0.3032217307649132,23.595877948900785,-0.06248425134299551,37.62058485939717,68.70758782203664
2017-09-27 00:00:00+00:00,23.5510470107,-0.12596044833176334,23.57346247980039,-0.09422234983737943,32.96700158239549,49.43162442600627
2017-09-28 00:00:00+00:00,23.4500587904,-0.42880565035651186,23.511760635100195,-0.26151400009694564,20.21450465659385,38.11378059636078
2017-09-29 00:00:00+00:00,23.2094692069,-1.025965800983375,23.3606149210001,-0.6437399005401603,8.48516649234587,22.724580010502503
2017-10-02 00:00:00+00:00,23.3015467018,0.3967238288785424,23.33108081140005,-0.12350803583080894,31.35200777844291,68.36770362053535
2017-10-03 00:00:00+00:00,23.5302553183,0.9815168899596438,23.430668064850025,0.42900442706441744,64.44893162786603,76.81224389725733
2017-10-04 00:00:00+00:00,23.4916421752,-0.16409997502224716,23.461155120025012,0.13245222602108514,57.436168948558034,43.04496364418184
2017-10-05 00:00:00+00:00,23.5866899119,0.4046023517263464,23.523922515962504,0.2685272888737158,69.63552848123338,57.09092936272507
2017-10-06 00:00:00+00:00,23.4649099993,-0.5163077695720109,23.49441625763125,-0.12389024034914753,44.90196086205437,35.70364861360266
2017-10-09 00:00:00+00:00,23.9193569904,1.9367088606500271,23.706886624015624,0.9064093101504398,81.56131097517645,74.2484686791466
2017-10-10 00:00:00+00:00,24.9886440284,4.4703837081789155,24.347765326207814,2.6883965091646775,94.49309579328445,86.64892365459889
2017-10-11 00:00:00+00:00,25.4638827119,1.901818613926709,24.905824019053906,2.2951075615456933,96.24757765831926,50.020728079281106
2017-10-12 00:00:00+00:00,25.5737816575,0.43158754241607866,25.23980283827695,1.363347551980886,96.62100174674745,36.700523597495625
2017-10-13 00:00:00+00:00,25.7282342296,0.6039488964460826,25.484018533938475,0.9836482242134843,97.20695328012225,39.53211896030056
2017-10-16 00:00:00+00:00,25.4668529537,-1.0159316553457365,25.475435743819236,-0.01614171556612609,67.49572614307691,24.243662138633454
2017-10-17 00:00:00+00:00,25.5381387562,0.27991602507619895,25.506787250009616,0.13188715475503643,71.10829592212811,48.256050367095135
2017-10-18 00:00:00+00:00,25.6094245587,0.2791346823687091,25.558105904354807,0.20551091856187276,75.23664586615348,48.242220355678036
2017-10-19 00:00:00+00:00,25.6628889106,0.20876826723479347,25.610497407477403,0.2071395928983331,78.66610764973625,46.444109241268336
2017-10-20 00:00:00+00:00,25.9717940549,1.2037037037260667,25.7911457311887,0.7054216483121999,90.30384001107623,70.08910918102407
2017-10-23 00:00:00+00:00,26.3311933093,1.3838060383518203,26.06116952024435,1.04461384333201,95.03273062582255,73.2909926375632
2017-10-24 00:00:00+00:00,26.1321871106,-0.7557811617664667,26.096678315422174,0.14441634078277166,67.63513065836105,25.20704875192363
2017-10-25 00:00:00+00:00,26.283669441,0.5796771994585725,26.190173878211088,0.3620467701206721,75.65039521080416,53.66689310012065
2017-10-26 00:00:00+00:00,26.322282584,0.14690925514291298,26.256228231105545,0.25447801263179254,77.756639933454,45.28988296891961
2017-10-27 00:00:00+00:00,26.1886217043,-0.5077860526474409,26.22242496770277,-0.1266540200078242,53.65726163289107,33.44382341785582
2017-10-30 00:00:00+00:00,25.8262522081,-1.3836905977396285,26.024338587901386,-0.7551723088737263,23.737994396908423,21.93172810067418
2017-10-31 00:00:00+00:00,25.9331809119,0.4140310523509161,25.978759749900693,-0.17057062826140512,38.834122922799516,62.09781978044562
2017-11-01 00:00:00+00:00,26.1203061435,0.7215668306780332,26.049532946700346,0.27549810120831403,59.749254411878645,66.51818776180804
2017-11-02 00:00:00+00:00,26.3757469359,0.9779395042181394,26.212639941300175,0.6267188027132267,76.32539214504351,70.77955018890253
2017-11-03 00:00:00+00:00,26.6371282119,0.9909909912133363,26.424884076600087,0.8088548969632815,85.49437736076383,71.06080854264148
2017-11-06 00:00:00+00:00,26.3460445182,-1.0927743087933872,26.38546429740004,-0.14195970591505286,51.910616555772414,21.500045710421094
2017-11-07 00:00:00+00:00,26.4203005625,0.2818489289680759,26.40288242995002,0.06994461152651152,58.19452851907588,53.55402973788937
2017-11-08 00:00:00+00:00,26.8094022346,1.4727374928212411,26.60614233227501,0.7713410521738763,79.37648607003831,69.65563967416848
2017-11-09 00:00:00+00:00,26.8212832017,0.044316419277201646,26.713712766987506,0.40782873572553896,79.84423437510657,42.89849749704265
2017-11-10 00:00:00+00:00,27.0054381916,0.6866002216043388,26.859575479293753,0.5472144786649389,86.80316284704293,54.648481054212304
2017-11-13 00:00:00+00:00,27.026229884,0.07699076109222158,26.942902681646878,0.31210261987858023,87.53216962688742,42.26623844060093
2017-11-14 00:00:00+00:00,27.0559323017,0.10990218697719545,26.99941749167344,0.21100240342788784,88.85182004332114,43.306495747442064
2017-11-15 00:00:00+00:00,26.6816818384,-1.3832473378730503,26.84054966503672,-0.5861224672225812,29.612735150178803,19.453164455149107
2017-11-16 00:00:00+00:00,29.5895485333,10.898363575848613,28.21504909916836,5.1561205543130155,91.97448559589657,89.66789225571131
2017-11-17 00:00:00+00:00,28.9509465523,-2.1582011644460164,28.582997825734182,1.4989596949334996,71.19552084910153,37.51645011785026
2017-11-20 00:00:00+00:00,28.9539167941,0.010259567142778536,28.76845730991709,0.754609631038139,71.24085081325626,45.42404798901383
2017-11-21 00:00:00+00:00,28.6687735839,-0.9848173987227371,28.718615446908544,-0.11510388384229903,58.07924698583145,41.78416842182737
2017-11-22 00:00:00+00:00,28.6361009244,-0.11396601743141055,28.67735818565427,-0.11453495063685479,56.29178247229988,47.32510858482307
2017-11-24 00:00:00+00:00,28.6984760017,0.2178197285470862,28.687917093677136,0.051642388955115706,59.831884492656776,50.04247502234311
2017-11-27 00:00:00+00:00,28.6984760017,0.0,28.69319654768857,0.025821194477557853,59.83188449265677,47.62315420745412
2017-11-28 00:00:00+00:00,28.7430296282,0.15524736051266697,28.718113087944282,0.0905342774951124,64.45830683265993,50.19725885983464
2017-11-29 00:00:00+00:00,28.9776787282,0.8163687093367011,28.84789590807214,0.4534514934159068,81.39075316412107,62.09639829734727
2017-11-30 00:00:00+00:00,28.8796607498,-0.3382533822649303,28.86377832893607,0.05759905557548825,62.68008559960928,38.19176870885336
2017-12-01 00:00:00+00:00,28.915303651,0.12341869770837732,28.889540989968033,0.09050887664193279,66.83832287017262,49.78564155979971
2017-12-04 00:00:00+00:00,28.8143154308,-0.3492552643364899,28.851928210384017,-0.12937319384727855,45.35898511293167,38.65127789942732
2017-12-05 00:00:00+00:00,29.0578752561,0.8452736830931507,28.95490173324201,0.35795024462293606,74.73337242552661,66.79884083524912
2017-12-06 00:00:00+00:00,28.8945119586,-0.5621997343584373,28.924706845921005,-0.10212474486775061,48.50087144031985,36.88699033039012
2017-12-07 00:00:00+00:00,28.8974822004,0.010279605359864163,28.9110945231605,-0.045922569753943224,48.98920412173566,50.42972964538114
2017-12-08 00:00:00+00:00,28.8288066382,-0.2376524076517894,28.86995058068025,-0.1417874887028663,36.86544986653534,44.26003801253224
2017-12-11 00:00:00+00:00,28.9422706105,0.39357845686769366,28.906110595590125,0.1258954840824137,60.86657563800874,62.00987639943328
2017-12-12 00:00:00+00:00,28.8735950483,-0.23728463852826787,28.889852821945063,-0.05569457722292709,45.24912327213251,41.97281628798759
2017-12-13 00:00:00+00:00,29.1900998131,1.0961737333731625,29.03997631752253,0.5202395780751177,80.26130126859505,71.3374156563154
2017-12-14 00:00:00+00:00,29.0019884906,-0.64443535206955,29.020982404061265,-0.06209788699721619,51.11846581483817,35.83273595764994
2017-12-15 00:00:00+00:00,28.9960167026,-0.020590960519606405,29.00849955333063,-0.0413444237584113,50.24962711893051,49.37766387535391
2017-12-18 00:00:00+00:00,29.2319023292,0.8135104522092984,29.120200941265317,0.38608301422544355,75.21215238162242,64.43431029398808
2017-12-19 00:00:00+00:00,29.5006327898,0.9193054135637313,29.31041686553266,0.6526942138945875,86.65476336401255,66.33910889769878
2017-12-20 00:00:00+00:00,29.4857033198,-0.050607287329662576,29.398060092666327,0.30104346328246245,83.44476960137,38.20262011091189
2017-12-21 00:00:00+00:00,29.2796766333,-0.6987341772568434,29.338868362983163,-0.19884535698719047,47.229324438918454,26.80646289548222
2017-12-22 00:00:00+00:00,29.3244650434,0.15296757085445645,29.33166670319158,-0.02293889306636701,53.771707752151116,53.90861577543025
2017-12-26 00:00:00+00:00,29.6081249741,0.9673149374769041,29.46989583864579,0.47218802220526856,78.77281760964962,69.89578998623398
2017-12-27 00:00:00+00:00,29.6379839141,0.10084711553373094,29.553939876372894,0.28651756886949975,80.44284916152093,44.98993985025337
2017-12-28 00:00:00+00:00,29.6797864302,0.14104372355809858,29.616863153286445,0.21378064621379916,83.21585532555635,46.32095608184991
2017-12-29 00:00:00+00:00,29.4857033198,-0.6539235410485178,29.55128323654322,-0.22007144741735932,41.870344421483395,26.96556751359628
2018-01-02 00:00:00+00:00,29.4379290157,-0.16202531641128504,29.49460612612161,-0.19104838191432216,35.37987054791849,47.37509577408519
2018-01-03 00:00:00+00:00,29.6947159003,0.872299421820899,29.594661013210803,0.34062551995328844,71.27735554850774,72.02901545989045
2018-01-04 00:00:00+00:00,29.7215889463,0.09049773734230993,29.6581249797554,0.21556162864779918,73.58115827676185,47.04211274938843
2018-01-05 00:00:00+00:00,29.8977566928,0.5927265423739447,29.7779408362777,0.40414408551087194,85.2302906072298,60.30955464389678
2018-01-08 00:00:00+00:00,30.3396690058,1.4780784977971972,30.05880492103885,0.9411112916540346,94.4456638368396,76.12552770858638
2018-01-09 00:00:00+00:00,29.9753899369,-1.2006692255949192,30.017097428969425,-0.12977896697044228,53.31424896225451,27.105462289697726
2018-01-10 00:00:00+00:00,29.7604055684,-0.7172029086279008,29.888751498684712,-0.4234909377991716,38.47938242629695,37.926639183207385
2018-01-11 00:00:00+00:00,29.8649118587,0.351158824296971,29.876831678692355,-0.036166056751100295,48.85611987716525,58.39769570506769
2018-01-12 00:00:00+00:00,30.1187128493,0.8498300339904175,29.997772263996175,0.4068319886196586,68.32105587646257,66.20169393949165
2018-01-16 00:00:00+00:00,30.0649667572,-0.17844750660136466,30.03136951059809,0.11419224100914696,60.952298877105534,41.89417146764505
2018-01-17 00:00:00+00:00,30.6651314526,1.9962260402508925,30.348250481599045,1.0552091406300197,86.08703168833863,73.15864135780915
2018-01-18 00:00:00+00:00,31.1428744937,1.5579357350496315,30.745562487649522,1.3065724378398256,92.1332933835512,62.92330846143479
2018-01-19 00:00:00+00:00,31.2294654199,0.27804410353167164,30.98751395377476,0.7923082706857486,92.96453833349383,39.01425943430829
2018-01-22 00:00:00+00:00,31.4862523045,0.8222583420732343,31.23688312913738,0.8072833063794915,95.21407708122935,50.91088770474738
2018-01-23 00:00:00+00:00,31.6206175348,0.426742531948765,31.42875033196869,0.6170129191641283,96.17420287135556,41.98290596988055
2018-01-24 00:00:00+00:00,31.5877727008,-0.10387157671368774,31.508261516384344,0.25657067122522026,89.58448718565336,31.03184075180144
2018-01-25 00:00:00+00:00,31.8296301153,0.7656678322681243,31.66894581584217,0.5111192517466723,94.07137762046459,57.97669390736964
2018-01-26 00:00:00+00:00,32.3641051426,1.6791744841643252,32.01652547922109,1.0951468679554988,97.55821436129058,73.99000540051395
2018-01-29 00:00:00+00:00,32.7104688474,1.0702094288529862,32.36349716331054,1.0826781484042425,98.44641237148272,53.5758327949686
2018-01-30 00:00:00+00:00,32.1670361381,-1.661341853078313,32.26526665070527,-0.2893318523370353,53.040380504388345,18.756547003534987
2018-01-31 00:00:00+00:00,31.8296301153,-1.0489185927837652,32.04744838300263,-0.6691252225604003,37.102895906614634,33.32869193321457
2018-02-01 00:00:00+00:00,31.5071535626,-1.0131332080575817,31.777300972801314,-0.841129215308991,25.932040880384196,34.360609301275574
2018-02-02 00:00:00+00:00,31.1966205858,-0.98559514804476,31.48696077930066,-0.9133621816768756,18.072493606064175,35.51273226595776
2018-02-05 00:00:00+00:00,29.8858131167,-4.2017611026004875,30.68638694800033,-2.5575616421386815,6.191252686419696,8.714999890912361
2018-02-06 00:00:00+00:00,30.1276705313,0.8092716556032276,30.407028739650166,-0.874144993267727,20.632316441994654,66.96851360318084
2018-02-07 00:00:00+00:00,30.7099198627,1.9326065412030191,30.55847430117508,0.5292307739676461,48.98921405876004,72.80426485841822
2018-02-08 00:00:00+00:00,29.8649118587,-2.7515799708300093,30.21169307993754,-1.1111745984311816,27.55636176745959,34.585405601556396
2018-02-09 00:00:00+00:00,29.6708287482,-0.6498700261305501,29.94126091406877,-0.8805223122808659,23.94686725473811,51.66310915082071
2018-02-12 00:00:00+00:00,29.7245748403,0.18114118940226742,29.832917877184386,-0.3496905614392992,27.871352530555,58.14404132048817
2018-02-13 00:00:00+00:00,30.1515576834,1.4364640887011282,29.992237780292193,0.5433867636309144,55.33615560840944,67.89713475728247
2018-02-14 00:00:00+00:00,30.3665420519,0.7130124776882241,30.1793899160961,0.6281996206595692,65.31175048164216,56.51346423853132
2018-02-15 00:00:00+00:00,30.8233838349,1.504424778492064,30.50138687549805,1.0663121995758167,79.73725815966445,65.89600894848994
2018-02-16 00:00:00+00:00,31.286197406,1.5015015015190425,30.893792140749024,1.2839068505474296,87.58369651963974,65.81732891933024
2018-02-20 00:00:00+00:00,28.1002485005,-10.18324107642754,29.497020320624515,-4.449667112940055,17.52195601089864,8.066943973236892
2018-02-21 00:00:00+00:00,27.3269019527,-2.7520986079046295,28.411961136662256,-3.6008828604223426,13.569633521315053,49.95567287689583
2018-02-22 00:00:00+00:00,27.7001387036,1.3658216783813737,28.05604992013113,-1.1175305910204845,25.702069612968096,63.70280614221942
2018-02-23 00:00:00+00:00,27.7359694316,0.1293521609526893,27.896009675865564,-0.4940892150338976,27.174143968662037,56.6890134466635
2018-02-26 00:00:00+00:00,27.8046449938,0.2476046938592269,27.850327334832784,-0.12324226058733534,31.098937371833298,57.36246253984649
2018-02-27 00:00:00+00:00,27.3269019527,-1.7182130583092592,27.58861464376639,-0.9207276594482973,19.90510034963889,41.33542741927452
2018-02-28 00:00:00+00:00,26.8760319576,-1.6499125875315435,27.232323300683195,-1.2853201234899203,13.186168105347136,42.17739383226755
2018-03-01 00:00:00+00:00,26.5983438149,-1.0332185314338105,26.915333557791598,-1.1592693274618653,10.051651508626257,51.58784773275361
2018-03-02 00:00:00+00:00,26.5057811007,-0.34800179606728765,26.7105573292458,-0.7536355617645765,8.983863335019818,61.91753959224642
2018-03-05 00:00:00+00:00,26.8670742756,1.3630731104561145,26.7888158024229,0.304718774345769,43.88509983173069,78.83388289974967
2018-03-06 00:00:00+00:00,26.5923720269,-1.0224494333924472,26.69059391466145,-0.3588653295233391,30.53222909242721,40.869036270521335
2018-03-07 00:00:00+00:00,26.198234018,-1.4821468671591398,26.444413966330725,-0.9205060983412394,18.450265257901393,35.875113429200226
2018-03-08 00:00:00+00:00,26.4072465985,0.7978117164553655,26.42583028241536,-0.06134719094293695,37.974179963919816,66.4102674438493
2018-03-09 00:00:00+00:00,26.647530917,0.9099181075305607,26.53668059970768,0.42428545829381187,56.09868451022309,67.54994910588594
2018-03-12 00:00:00+00:00,26.4522999082,-0.7326420200359007,26.494490253953842,-0.15417828087104443,41.36675301182038,38.695239163596945
2018-03-13 00:00:00+00:00,26.5213816498,0.2611558988811602,26.50793595187692,0.05348880900505788,48.539518000473144,55.82173202151684
2018-03-14 00:00:00+00:00,26.332157749,-0.7134767837460143,26.42004685043846,-0.3299939873704782,32.30308489651429,39.562710124027646
2018-03-15 00:00:00+00:00,26.2841008853,-0.1825025664743518,26.35207386786923,-0.25624827692241503,28.652008415647664,51.18232906587303
2018-03-16 00:00:00+00:00,26.7826908461,1.8969260655929299,26.567382356984616,0.8203388943352574,74.13954651427647,77.07447481437515
2018-03-19 00:00:00+00:00,26.2660795614,-1.928899854269961,26.416730959192307,-0.5542804799673517,37.23953305345385,31.283547972581463
2018-03-20 00:00:00+00:00,26.4162572604,0.5717552885992738,26.416494109796155,0.00873740431596104,48.431235228732376,56.57701607021126
2018-03-21 00:00:00+00:00,26.485339002,0.2615122230186673,26.450916555898075,0.13512481366731416,54.081244711449976,52.949971262966294
2018-03-22 00:00:00+00:00,26.172969388,-1.179405760962371,26.311942971949037,-0.5221404736475284,31.025535192829974,36.6024613186991
2018-03-23 00:00:00+00:00,25.6563581033,-1.9738352077730226,25.98415053762452,-1.2479878407102754,15.07856482394604,29.15775876105008
2018-03-26 00:00:00+00:00,26.2810973313,2.4350269258193835,26.13262393446226,0.5935195425545541,56.0530639906978,73.69555208389251
2018-03-27 00:00:00+00:00,25.8455820041,-1.6571428571261149,25.989102969281127,-0.5318116572857804,37.256044299919715,39.29809717584199
2018-03-28 00:00:00+00:00,26.3621932888,1.9988378850128052,26.175648129040564,0.7335131138635125,60.70348275525333,62.65644783488817
2018-03-29 00:00:00+00:00,26.7226197665,1.3672097528134142,26.44913394777028,1.0503614333384634,71.75110894921231,56.974833413944275
2018-04-02 00:00:00+00:00,25.6954043051,-3.843992356946002,26.07226912643514,-1.3968154618037694,32.586706791157106,26.84694900398713
2018-04-03 00:00:00+00:00,26.0708485527,1.4611338398963447,26.07155883956757,0.03215918904628767,48.11379325962865,59.52772045387904
2018-04-04 00:00:00+00:00,26.1969978198,0.4838709673948616,26.134278329683784,0.2580150782205746,53.51051136396555,52.98685871944377
2018-04-05 00:00:00+00:00,26.3742075047,0.6764503555673151,26.254242917191892,0.46723271689394485,61.86777242365325,54.465774136113474
2018-04-06 00:00:00+00:00,26.0378094589,-1.2754811523343457,26.146026188045944,-0.4041242177202004,40.92114058292105,36.84435023744738
2018-04-09 00:00:00+00:00,25.9146637457,-0.4729495904576053,26.030344966872974,-0.4385369040889029,34.50605912321873,47.34962856565637
2018-04-10 00:00:00+00:00,25.9657241633,0.1970329158080375,25.998034565086485,-0.1207519941404327,40.32450255475399,56.42605405345383
2018-04-11 00:00:00+00:00,25.8035322484,-0.6246385191491899,25.900783406743244,-0.3726952566448113,28.331821421535484,42.84010648690656
2018-04-12 00:00:00+00:00,25.6593616573,-0.5587242464021203,25.78007253202162,-0.4657097515234658,20.28716678149905,44.449530662789456
2018-04-13 00:00:00+00:00,25.8365713422,0.6906239027562933,25.80832193711081,0.11245707561641374,47.67858101936104,69.14761041089508
2018-04-16 00:00:00+00:00,26.0828627686,0.9532666820915248,25.945592352855407,0.5328618788539693,69.51629167880681,72.94125279013885
2018-04-17 00:00:00+00:00,26.4012394905,1.2206356515561678,26.1734159216777,0.8767487652050685,83.15167926083265,77.21868525536897
2018-04-18 00:00:00+00:00,26.3021222092,-0.3754266209193169,26.23776906543885,0.2506610721428758,68.78400474787739,31.968178105147523
2018-04-19 00:00:00+00:00,26.3982359366,0.3654219482197574,26.318002501019425,0.3080415101813166,75.05372842039337,51.682323762560664
2018-04-20 00:00:00+00:00,26.1249125243,-1.0353851407208903,26.22145751265971,-0.36367181526978687,40.42210658848348,28.36764940796635
2018-04-23 00:00:00+00:00,25.860599774,-1.0117268337421215,26.041028643329856,-0.6876993245059542,24.214729879258,29.177039694457488
2018-04-24 00:00:00+00:00,25.9897525952,0.4994192800193531,26.015390619264927,-0.09414002224330054,41.42792329400909,65.99279764767742
2018-04-25 00:00:00+00:00,26.1819800499,0.7396278744704388,26.098685334582463,0.3227439261135691,61.135478386804415,69.7430320850586
2018-04-26 00:00:00+00:00,26.4132537065,0.8833314216847521,26.255969520541232,0.6030376738991606,75.81875109324942,72.46762369083274
2018-04-27 00:00:00+00:00,26.2180226977,-0.7391403231475246,26.236996109120618,-0.06805132462418201,51.2846242257082,28.69976645738809
2018-04-30 00:00:00+00:00,26.5694385135,1.3403597206849138,26.403217311310307,0.6361541980303659,74.00031172607434,67.00803397720286
2018-05-01 00:00:00+00:00,26.2540653455,-1.1869771649098193,26.328641328405155,-0.2754114834397267,45.463017920771534,33.851275817893544
2018-05-02 00:00:00+00:00,25.9326850695,-1.2241162340790979,26.130663198952575,-0.7497638587594123,28.602547428189308,33.48604436414304
2018-05-03 00:00:00+00:00,25.8996459758,-0.1274032889824417,26.015154587376287,-0.438583573870927,27.055285921749896,54.99459073217159
2018-05-04 00:00:00+00:00,26.2901079932,1.5075959639171854,26.15263129028814,0.5345061950231292,62.76356956252664,73.88153707702142
2018-05-07 00:00:00+00:00,25.6713758732,-2.353478807162135,25.91200358174407,-0.9094863060695029,29.009342688152906,29.7124915343172
2018-05-08 00:00:00+00:00,25.7524718307,0.31590031598058843,25.832237706222035,-0.2967929950444572,35.79761837344809,56.612026242088014
2018-05-09 00:00:00+00:00,24.9475193639,-3.1257289478534678,25.389878535061015,-1.7112609714489624,14.76978081580219,32.53309885059487
2018-05-10 00:00:00+00:00,24.9925726736,0.1805923428410905,25.19122560433051,-0.765334314303936,18.775453850569573,58.17084181877738
2018-05-11 00:00:00+00:00,25.2011211697,0.8344418912915152,25.196173387015254,0.03455378849378965,38.75980587290868,62.40829649895092
2018-05-14 00:00:00+00:00,25.506387809,1.211321660034037,25.351280598007627,0.6229377242639134,60.239180957547944,65.43569778717088
2018-05-15 00:00:00+00:00,25.5456795546,0.15404668781102693,25.448480076303813,0.38849220603747014,62.76090434305945,48.87321956237717
2018-05-16 00:00:00+00:00,26.0322927122,1.9048745857785487,25.740386394251907,1.1466833959080094,82.90366359694167,68.60922861823596
2018-05-17 00:00:00+00:00,25.5366122287,-1.9040984556373708,25.638499311475954,-0.3787075298646807,45.390010848033334,30.362117129905084
2018-05-18 00:00:00+00:00,25.279704661,-1.0060362173306192,25.459101986237975,-0.69237187359765,33.57773932989645,41.83047901042828
2018-05-21 00:00:00+00:00,25.5426571126,1.0401721662740337,25.50087954941899,0.1739001463381919,52.54007306281954,62.77977727585298
2018-05-22 00:00:00+00:00,25.1980987277,-1.3489527866309303,25.349489138559495,-0.5875263201463692,33.655392285291626,38.497590177091965
2018-05-23 00:00:00+00:00,25.0892908167,-0.4318100035078709,25.219389977629746,-0.50966816182712,28.758947399169553,49.70029338148906
2018-05-24 00:00:00+00:00,25.0409317451,-0.19274786183997028,25.13016086136487,-0.35120801183354516,26.21619211370485,53.044422198985906
2018-05-25 00:00:00+00:00,24.9230565082,-0.4707302352000786,25.026608684782435,-0.4109691235168119,19.811649738700602,47.53246774549278
2018-05-29 00:00:00+00:00,24.9049218564,-0.07276255139103682,24.96576527059122,-0.24186583745392437,18.754349340792945,57.10441506035151
2018-05-30 00:00:00+00:00,25.4247818757,2.0873786406456984,25.19527357314561,0.922756401595887,75.341303811967,82.74077931065102
2018-05-31 00:00:00+00:00,24.947236044,-1.8782691392779216,25.071254808572803,-0.4777563688410173,38.44529902844431,31.27294567236233
2018-06-01 00:00:00+00:00,25.0832459328,0.545190210891966,25.0772503706864,0.03371692102547433,49.09532294125808,56.23045248814121
2018-06-04 00:00:00+00:00,25.8176993322,2.9280636220992307,25.4474748514432,1.4808902715623524,78.8024326373857,71.49653526327077
2018-06-05 00:00:00+00:00,25.5759039743,-0.9365488178818104,25.5116894128716,0.272170726840271,61.17302743192157,38.678138735833485
2018-06-06 00:00:00+00:00,25.5577693225,-0.07090522320627457,25.5347293676858,0.10063275181699821,59.67121586760218,46.871863576879605
2018-06-07 00:00:00+00:00,25.6756445594,0.4612109742935466,25.6051869635429,0.28092186305527245,67.46011529763423,52.69947548565961
2018-06-08 00:00:00+00:00,25.497320483,-0.6945261918837153,25.55125372327145,-0.20680216441422145,46.903721334615355,38.824887265427044
2018-06-11 00:00:00+00:00,25.4791858312,-0.07112375518867342,25.515219777235725,-0.13896295980144743,44.82035499948378,49.56780715321566
2018-06-12 00:00:00+00:00,25.4187369917,-0.2372479242487291,25.466978384467865,-0.18810544202508828,36.67517721931669,46.316633761990545
2018-06-13 00:00:00+00:00,25.4157145498,-0.011890606134312698,25.441346467133933,-0.09999802407970049,36.182026785812205,52.63786656966825
2018-06-14 00:00:00+00:00,25.3250412906,-0.3567606136838375,25.38319387886697,-0.228379318881769,22.542059783394635,41.437533013811546
2018-06-15 00:00:00+00:00,25.2978393128,-0.10741138578161946,25.340516595833485,-0.16789535233169423,19.27261769047489,52.417967544291706
2018-06-18 00:00:00+00:00,25.0862683747,-0.8363201911593676,25.213392485266745,-0.5021077717455309,7.158944664680112,28.766932677362647
2018-06-19 00:00:00+00:00,25.2706373351,0.734939759258646,25.24201491018337,0.11641599375655753,49.03311873211979,71.03093226265845
2018-06-20 00:00:00+00:00,25.2706373351,0.0,25.25632612264169,0.05820799687827877,49.03311873211979,50.153226036306094
2018-06-21 00:00:00+00:00,25.4519838535,0.7176175099791182,25.354154988070846,0.38791275342869846,74.49338513568703,65.15417086065257
2018-06-22 00:00:00+00:00,25.6363528138,0.7243795271960618,25.495253900935424,0.5561461403123802,85.522466004943,65.30176308211384
2018-06-25 00:00:00+00:00,26.1350557393,1.9452959206878617,25.815154820117712,1.250721030500121,94.74387704458198,83.83973175808771
2018-06-26 00:00:00+00:00,25.9869560826,-0.5666705216828771,25.901055451358857,0.34202525440862197,73.80355095771388,31.651698822664134
2018-06-27 00:00:00+00:00,26.2619983022,1.0583856713567208,26.081526876779428,0.7002054628826714,83.78631193091522,57.389945031030464
2018-06-28 00:00:00+00:00,25.950686779,-1.185406836211389,26.016106827889715,-0.2426006866643588,50.87248919459439,32.242772062016925
2018-06-29 00:00:00+00:00,25.8872154975,-0.2445842071176374,25.951661162694858,-0.2435924468909981,45.41628979397004,46.88182089352905
2018-07-02 00:00:00+00:00,25.388512572,-1.9264448335440387,25.67008686734743,-1.0850186402175184,20.059784013483913,29.684508011278417
2018-07-03 00:00:00+00:00,25.5215000188,0.5238095237870111,25.595793443073717,-0.28060455821525365,34.65334030601849,60.97096403624069
2018-07-05 00:00:00+00:00,25.5607917645,0.1539554715477287,25.578292603786856,-0.06332454333376247,39.54451803225583,55.390724202438875
2018-07-06 00:00:00+00:00,25.5426571126,-0.07094714462321239,25.56047485819343,-0.06713584397848743,37.5963138329033,51.122953077607484
2018-07-09 00:00:00+00:00,25.9718438728,1.6802745239385741,25.766159365496716,0.8065693399800433,77.29905446804248,74.27410048759688
2018-07-10 00:00:00+00:00,26.3587164453,1.4895845454591106,26.062437905398358,1.148076942719577,87.79681058616617,68.94050552646182
2018-07-11 00:00:00+00:00,26.1531903912,-0.7797270953102453,26.107814148299177,0.18417492370466582,64.15529792906685,30.212433838759512
2018-07-12 00:00:00+00:00,26.1501679492,-0.011556685646341158,26.12899104874959,0.08630911902916233,63.77647228991937,45.70063144985631
2018-07-13 00:00:00+00:00,26.506816102,1.3638465094864216,26.317903575374793,0.7250778142577919,82.28811344269269,65.97901771702537
2018-07-16 00:00:00+00:00,26.4886814501,-0.06841505154830951,26.403292512737394,0.3283313813547412,79.20104953353653,41.670768201657744
2018-07-17 00:00:00+00:00,26.6549157586,0.6275673208315791,26.529104135668696,0.47794935109316017,86.27888664487655,54.01874541396596
2018-07-18 00:00:00+00:00,26.618646455,-0.13606984891070262,26.573875295334346,0.17093975109122878,77.63289629164086,40.061091663198965
2018-07-19 00:00:00+00:00,26.5128609859,-0.39741115040854424,26.543368140617176,-0.11323569965865773,53.971030634336394,35.36960595360934
2018-07-20 00:00:00+00:00,26.615624013,0.387596899311049,26.57949607680859,0.13718059982619563,68.12674394922811,57.69289713713842
2018-07-23 00:00:00+00:00,26.4856590082,-0.48830342935609616,26.532577542504292,-0.17556141476495027,43.02506245411046,36.558754007254414
2018-07-24 00:00:00+00:00,26.5853995933,0.3765833618454506,26.558988567902148,0.10051097354025017,59.99379162168357,58.87309809368756
2018-07-25 00:00:00+00:00,26.5672649414,-0.06821282424721575,26.563126754651073,0.016149074646517207,55.4868291798855,46.30809985590124
2018-07-26 00:00:00+00:00,26.6670055265,0.3754266211444701,26.615066140575536,0.19578784789549367,72.51885723862678,59.30289451989194
2018-07-27 00:00:00+00:00,26.6367811068,-0.11334013363428763,26.62592362368777,0.04122385713060302,61.77483823372401,42.36022974612973
2018-07-30 00:00:00+00:00,26.8634642548,0.8510155453510526,26.744693939243884,0.44611970124082784,85.66596844289349,68.7680241456018
2018-07-31 00:00:00+00:00,26.9692497238,0.3937893787510971,26.856971831521943,0.41995453999596244,90.02855111708945,51.86778986507151
2018-08-01 00:00:00+00:00,26.6700279685,-1.1094923231621867,26.76349990001097,-0.34476889158311214,39.29113746828882,23.448246268977325
2018-08-02 00:00:00+00:00,26.8271949511,0.5893019039411307,26.795347425555484,0.12226650617900928,57.958580771096734,60.310709663920846
2018-08-03 00:00:00+00:00,27.0810800768,0.9463722396723773,26.93821375117774,0.5343193729256933,75.90853053008155,65.54215380491299
2018-08-06 00:00:00+00:00,27.1022371706,0.07812499996306954,27.02022546088887,0.30622218644438143,77.12914438145103,44.26248216733984
2018-08-07 00:00:00+00:00,27.1324615904,0.11152001810679213,27.076343525644432,0.20887110227558678,79.36903944287864,45.28733525111224
2018-08-08 00:00:00+00:00,27.2170899656,0.3119082097215342,27.146716745622214,0.2603896559985605,85.38194262733882,53.056451263907604
2018-08-09 00:00:00+00:00,27.059922983,-0.5774569683924535,27.103319864311107,-0.1585336561969465,47.122936691819234,27.273767327521824
2018-08-10 00:00:00+00:00,27.4156145895,1.3144590497299546,27.259467226905553,0.577962696766504,79.02658534417536,71.48674306674292
2018-08-13 00:00:00+00:00,27.2514492326,-0.5988023954891508,27.255458229752776,-0.010419849361323397,55.74252102781657,37.190177559362205
2018-08-14 00:00:00+00:00,27.6193012359,1.3498438199020635,27.437379732826386,0.66971198527037,77.76345545077783,63.75557339240442
2018-08-15 00:00:00+00:00,27.4277749863,-0.6934507428850156,27.432577359563194,-0.011869378807322806,56.00159913410829,38.28613065457363
2018-08-16 00:00:00+00:00,29.987538513,9.332742185534858,28.710057936281597,4.660436403363768,93.34392541240933,84.33793486562
2018-08-17 00:00:00+00:00,29.7473706762,-0.8008921328967578,29.228714306240796,1.929772135233505,83.38405378718566,39.57080805790992
2018-08-20 00:00:00+00:00,29.1849523241,-1.8906489525475134,29.2068333151704,0.019561591342995843,60.651618205919114,36.44985199396771
2018-08-21 00:00:00+00:00,29.2092731177,0.0833333333216224,29.2080532164352,0.051447462332309124,61.33535122140028,47.665103562728234
2018-08-22 00:00:00+00:00,29.0846290505,-0.4267277268343639,29.1463411334676,-0.18764013225102738,54.10760178599602,44.6134946534728
2018-08-23 00:00:00+00:00,28.9356641897,-0.5121772759808962,29.0410026615838,-0.3499087041159618,44.670896665902035,43.90710872635093
2018-08-24 00:00:00+00:00,28.8657419081,-0.24164740488276104,28.953372284841898,-0.29577805449936145,39.78539877928034,47.82989136841679
2018-08-27 00:00:00+00:00,28.7410978408,-0.4318062140818313,28.84723506282095,-0.36379213429059637,30.783254443691845,44.54530392794751
2018-08-28 00:00:00+00:00,29.2062330185,1.6183625979648841,29.026734040660475,0.6272852318371439,69.46157954888778,73.7252491554154
2018-08-29 00:00:00+00:00,29.0755087529,-0.4475902986776692,29.05112139678024,0.08984746657973736,56.218128975403204,41.06414009656524
2018-08-30 00:00:00+00:00,29.2153533161,0.4809703052437664,29.13323735644012,0.28540888591175184,66.47483773486461,54.61839449459307
2018-08-31 00:00:00+00:00,29.1423909353,-0.24973985428337064,29.13781414587006,0.0178345158141906,56.175579710608865,42.95688141241012
2018-09-04 00:00:00+00:00,28.9903859753,-0.5215939911638379,29.06410006058503,-0.25187973767482363,37.84980564040403,38.38345121652535
2018-09-05 00:00:00+00:00,29.3734384745,1.3213087246453314,29.218769267542513,0.5347144934852539,72.16893956210936,70.41360713142807
2018-09-06 00:00:00+00:00,29.3217567881,-0.17594700887628711,29.270263027821258,0.1793837423044834,64.91448027117777,43.10597706995461
2018-09-07 00:00:00+00:00,29.1332706377,-0.6428201139588419,29.20176683276063,-0.23171818582717923,41.88283982025916,36.48740211484892
2018-09-10 00:00:00+00:00,29.4585612522,1.1165605762061492,29.330164042480313,0.442421195189485,69.7065610347566,65.9982064944388
2018-09-11 00:00:00+00:00,29.3795186729,-0.2683178537583708,29.354841357690155,0.08705167071555708,59.35006472123597,42.61768777013765
2018-09-12 00:00:00+00:00,29.1758320265,-0.6932947018900126,29.265336692095076,-0.3031215155872278,37.6995547093805,36.64249495112289
2018-09-13 00:00:00+00:00,28.9174235945,-0.8856934457440402,29.09138014329754,-0.594407480665634,22.252175813913823,33.45699774599801
2018-09-14 00:00:00+00:00,28.7562983369,-0.5571909166577571,28.92383924009877,-0.5757991986616955,16.08703717842783,45.574711191460366
2018-09-17 00:00:00+00:00,28.8262206185,0.24315466747775183,28.875029929299384,-0.16632226559197183,28.908342183433284,67.32196175883408
2018-09-18 00:00:00+00:00,29.0116666697,0.6433241931166789,28.94334829949969,0.23850096376235352,55.78464595492116,74.85690614197658
2018-09-19 00:00:00+00:00,28.9539047849,-0.1990988158578455,28.948626542199847,0.01970107395225401,47.410501086497,43.31702035417666
2018-09-20 00:00:00+00:00,29.1089498441,0.5354892901383579,29.02878819314992,0.277595182045306,67.22196413838887,63.45635257038554
2018-09-21 00:00:00+00:00,29.1545513321,0.1566579634244114,29.09166976262496,0.2171265727348587,71.89328729769757,49.775793684234465
2018-09-24 00:00:00+00:00,28.8566216105,-1.0218978100752674,28.97414568656248,-0.40238561867020434,29.997589833811478,24.81270383337526
2018-09-25 00:00:00+00:00,28.9113433961,0.1896333754471513,28.94274454133124,-0.10637612161152651,39.68185645551049,57.60068612642178
2018-09-26 00:00:00+00:00,28.7562983369,-0.5362776024476212,28.84952143911562,-0.3213268620295739,24.98931283600819,41.38183747950466
2018-09-27 00:00:00+00:00,28.6164537736,-0.4863093353032477,28.73298760635781,-0.40381809866641083,16.649131345727987,43.0379141229384
2018-09-28 00:00:00+00:00,28.5495715912,-0.23371932430601428,28.641279598778905,-0.31876871148621255,13.432901214374338,53.08753402260891
2018-10-01 00:00:00+00:00,28.698536452,0.5217761685990308,28.669908025389454,0.1015037285564091,47.38800039149362,73.81438953420513
2018-10-02 00:00:00+00:00,28.9265438921,0.7944915256614449,28.798225958744727,0.447997627108927,72.3175099788139,78.8694366602356
2018-10-03 00:00:00+00:00,28.5982131784,-1.135049921361908,28.698219568572362,-0.34352614712649054,35.73903896081216,25.86906103985777
2018-10-04 00:00:00+00:00,28.6407745672,0.14882534280900028,28.669497067886184,-0.09735040215874513,41.49322359561019,55.62889205198405
2018-10-05 00:00:00+00:00,28.3671656392,-0.9553125993783107,28.51833135354309,-0.5263315007685279,22.2667617164741,36.64925589411613
2018-10-08 00:00:00+00:00,28.7866993289,1.4789411640063754,28.652515341221545,0.4763048316189238,62.37021486045617,70.23398842038567
2018-10-09 00:00:00+00:00,29.5132830378,2.5240257682844547,29.082899189510773,1.5001652999516892,83.92059757805205,77.80978809154277
2018-10-10 00:00:00+00:00,29.1119899433,-1.359703337598983,29.097444566405386,0.07023098117635307,56.91653983634934,32.1698255047835
2018-10-11 00:00:00+00:00,28.5526116904,-1.9214703425958657,28.825028128402693,-0.9256196807097563,34.02440956744992,28.537939438687186
2018-10-12 00:00:00+00:00,28.8231805193,0.9476149916995968,28.824104323851344,0.010997655494920267,48.92808287443414,61.68032743371878
2018-10-15 00:00:00+00:00,28.5222106984,-1.0441936506572214,28.673157511125673,-0.5165979975811505,35.53450171895011,41.59294523709226
2018-10-16 00:00:00+00:00,29.1271904393,2.121082924802664,28.900173975212837,0.8022424636107568,64.68356166910067,67.1187784135037
2018-10-17 00:00:00+00:00,29.3551978793,0.7827992901517922,29.12768592725642,0.7925208768812745,71.87333100978651,52.55283728821143
2018-10-18 00:00:00+00:00,29.2366340105,-0.403893951890566,29.18215996887821,0.19431346249535425,62.02427986711515,40.781216898908696
2018-10-19 00:00:00+00:00,29.5345637322,1.0190288033602002,29.358361850539104,0.6066711329277772,74.95848898681449,57.787663683497094
2018-10-22 00:00:00+00:00,29.531523633,-0.010293360780833094,29.44494274176955,0.29818888607347205,74.56974676574866,44.058476164119824
2018-10-23 00:00:00+00:00,29.7321701802,0.6794317478959533,29.588556460984776,0.48881031698471267,83.19687352320413,54.84199334104036
2018-10-24 00:00:00+00:00,29.6592077994,-0.2453987729714724,29.62388213019239,0.12170577200662014,70.20574923016879,39.51986817132013
2018-10-25 00:00:00+00:00,30.1517038698,1.660516604930895,29.887792999996194,0.8911111884687576,88.45636219881483,67.54750859873891
2018-10-26 00:00:00+00:00,30.078741489,-0.24198427098867104,29.983267244498094,0.3245634587400433,77.85806532386997,39.877313890276916
2018-10-29 00:00:00+00:00,30.3401900203,0.869213665058477,30.161728632399047,0.5968885618992601,86.53166513242947,55.75601398125254
2018-10-30 00:00:00+00:00,31.1366960108,2.6252505009595417,30.649212321599524,1.611069531429401,95.17281728298903,72.79053745019291
2018-10-31 00:00:00+00:00,30.4861147819,-2.089435657124128,30.56766355174976,-0.23918306284736346,53.28614874232002,28.53913760374298
2018-11-01 00:00:00+00:00,30.5773177579,0.29916234539060227,30.572490654824882,0.029989641271619405,57.243159581820834,51.120864092565355
2018-11-02 00:00:00+00:00,30.8083652971,0.7556174188637188,30.690427975962443,0.3928035300676691,67.6547246124043,55.180628955925876
2018-11-05 00:00:00+00:00,31.2856608716,1.549240181675371,30.988044423781222,0.97102185587152,81.56491136118544,63.16053852762442
2018-11-06 00:00:00+00:00,31.413345038,0.40812360309097073,31.20069473089061,0.6895727294812454,84.27803630147372,45.63598975524364
2018-11-07 00:00:00+00:00,31.7143148589,0.9580954226171112,31.457504794895307,0.8238340760491782,89.65903425132647,54.718806750568405
2018-11-08 00:00:00+00:00,31.8845604141,0.5368098158747614,31.671032604497654,0.6803219459619698,91.98624697448578,45.90614082944191
2018-11-09 00:00:00+00:00,32.0912871597,0.648360030419548,31.881159882098828,0.6643409881907589,94.31611914299734,49.158328198062705
2018-11-12 00:00:00+00:00,31.5775103948,-1.6009852217619969,31.729335138449414,-0.46832211678561897,45.26072892425439,17.441535114584273
2018-11-13 00:00:00+00:00,31.2947811692,-0.8953499565518608,31.512058153824707,-0.6818360366687399,31.665759739483097,36.669064483730644
2018-11-14 00:00:00+00:00,30.8661271819,-1.3697299398977014,31.189092667862354,-1.0257829882832206,18.813953432916637,29.695044438494072
2018-11-15 00:00:00+00:00,30.2611474411,-1.9600118188937032,30.725120054481177,-1.492897403588462,10.119325008754517,21.915434780916485
2018-11-16 00:00:00+00:00,29.698729089,-1.8585493269701159,30.21192457174059,-1.675723365279289,6.15366919121105,26.856140981680902
2018-11-19 00:00:00+00:00,29.4220800617,-0.9315180675608992,29.817002316720295,-1.303620716420094,4.773428519454298,60.82634019563593
2018-11-20 00:00:00+00:00,28.6255740712,-2.707170903041789,29.22128819396015,-2.0053958097309414,2.424708175112242,26.056892748758735
2018-11-21 00:00:00+00:00,28.6286141704,0.010620220899104638,28.924951182180074,-0.9973877944159184,2.6988081613396093,68.02276635731828
2018-11-23 00:00:00+00:00,28.9113433961,0.9875756612498732,28.918147289140038,-0.004906066583022617,30.093250841311693,75.51549281251212
2018-11-26 00:00:00+00:00,28.9265438921,0.0525762355340742,28.92234559062002,0.023835084475525792,31.64524944769237,56.50760907183493
2018-11-27 00:00:00+00:00,28.8931028009,-0.11560693639980357,28.90772419576001,-0.04588592596213889,29.485076982371126,52.91400060387775
2018-11-28 00:00:00+00:00,29.6288068074,2.54629629628107,29.268265501580004,1.2502051851594655,78.32078176831115,81.23928283349258
2018-11-29 00:00:00+00:00,29.577125121,-0.17443053557961719,29.422695311290003,0.5378873247899242,72.99396002968258,42.261772470265605
2018-11-30 00:00:00+00:00,29.6865686922,0.3700277520288564,29.554632001745002,0.4539575384093903,77.79183261269411,49.530347263214516
2018-12-03 00:00:00+00:00,30.0209796042,1.1264720940546535,29.7878058029725,0.7902148162320219,87.75918208121438,60.019447438285965
2018-12-04 00:00:00+00:00,29.1271904393,-2.9772151897899946,29.45749812113625,-1.0935001867789862,31.349971685666564,22.302065412467087
2018-12-06 00:00:00+00:00,28.9691052809,-0.5427408411719181,29.213301701018125,-0.8181205139754522,26.78267991031364,50.16826566526764
2018-12-07 00:00:00+00:00,28.4861340205,-1.6671942599429612,28.849717860759064,-1.2426573869592068,16.060218346538093,40.183395229820405
2018-12-10 00:00:00+00:00,28.7153925302,0.8048073829007851,28.78255519547953,-0.21892500202921084,34.680250055551404,63.885716950308996
2018-12-11 00:00:00+00:00,28.687881509,-0.09580583365198514,28.735218352239766,-0.157365417840598,33.34868084021284,52.51402133712538
2018-12-12 00:00:00+00:00,28.4616797795,-0.7884922747921852,28.598449065869882,-0.4729288463163916,22.631587498612124,43.56716636911159
2018-12-13 00:00:00+00:00,28.4158280776,-0.16109977434650702,28.50713857173494,-0.31701431033144933,20.617048645991524,54.17430166308981
2018-12-14 00:00:00+00:00,28.0765254833,-1.194061962133952,28.291832027517472,-0.7555381362327007,10.37043238226306,36.99931808172404
2018-12-17 00:00:00+00:00,27.7463932294,-1.1758301578176589,28.019112628458736,-0.9656841470251798,6.010634639823985,37.52370848744332
2018-12-18 00:00:00+00:00,27.8411534133,0.3415225291321544,27.930133020879367,-0.3120808089465127,20.41600452004003,69.36086000033967
2018-12-19 00:00:00+00:00,27.6791440665,-0.5819060165898282,27.804638543689684,-0.44699341276817045,14.655583312496233,47.33927477022356
2018-12-20 00:00:00+00:00,26.6795769644,-3.611264494662525,27.24210775404484,-2.0291289537153476,4.058325456624132,18.47508979524331
2018-12-21 00:00:00+00:00,26.6337252625,-0.17186067815535555,26.937916508272423,-1.1004948159353516,3.8659788064432035,60.00528931999731
2018-12-24 00:00:00+00:00,26.2332870656,-1.5035005165567772,26.58560178693621,-1.3019976662460644,2.3851081505288354,46.30581042790364
2018-12-26 00:00:00+00:00,27.6363491447,5.348403635394394,27.110975465818104,2.023202984574165,67.6044127845116,80.560366545294
2018-12-27 00:00:00+00:00,27.9970491999,1.3051653578098454,27.554012332859052,1.6641841711920051,74.24105905837276,51.486887388772914
2018-12-28 00:00:00+00:00,28.1621153269,0.5895840158776089,27.858063829879526,1.126884093534807,77.4168399957614,46.985367894152695
2018-12-31 00:00:00+00:00,28.4739069,1.1071312274691936,28.165985364939765,1.1170076605020003,83.263270603976,51.578249082173706
2019-01-02 00:00:00+00:00,28.5319857225,0.20397208821385515,28.348985543719884,0.6604898743579277,84.39226226772536,42.04377523847544
2019-01-03 00:00:00+00:00,28.3852602763,-0.5142489822721807,28.36712291000994,0.07312044604287349,67.21149384471008,34.44789734375696
2019-01-04 00:00:00+00:00,28.5625535237,0.6245961660179988,28.46483821685497,0.34885830603043616,76.04917676226945,54.1500261634043
2019-01-07 00:00:00+00:00,28.8987993379,1.1772260275013435,28.681818777377487,0.7630421667658899,86.44382642823582,62.380121214424804
2019-01-08 00:00:00+00:00,29.1005468264,0.6981171990609658,28.891182801888743,0.7305796829134279,90.25156309277489,50.574508899297754
2019-01-09 00:00:00+00:00,29.0057866424,-0.32563025212306584,28.94848472214437,0.20247471539518103,75.34168389222887,31.479495004415757
2019-01-10 00:00:00+00:00,29.0271841033,0.07376962798424369,28.987834412722187,0.13812217168971236,76.64834984004364,43.87936744754503
2019-01-11 00:00:00+00:00,28.9905027418,-0.1263689973145965,28.989168577261093,0.00587658718755793,67.45656509768958,38.62543709997742
2019-01-14 00:00:00+00:00,29.0241273232,0.11598481647410175,29.006647950230544,0.06093070183082984,72.06313261253031,49.58916085728021
2019-01-15 00:00:00+00:00,29.4215087399,1.3691416533387457,29.21407834506527,0.7150361775847878,92.03923533424073,78.86809182515891
2019-01-16 00:00:00+00:00,29.4520765412,0.1038961039361963,29.333077443132638,0.40946614076049204,92.64597974581125,41.959736604716035
2019-01-17 00:00:00+00:00,29.5712909663,0.4047742607664162,29.452184204716318,0.4071202007634541,94.91376991365476,50.26236482892207
2019-01-18 00:00:00+00:00,29.873912199,1.0233615875778757,29.66304820185816,0.7152408941706649,97.66063660382021,65.48757533129765
2019-01-22 00:00:00+00:00,29.8005494759,-0.24557454213330887,29.73179883887908,0.23483317601867804,81.6297558300625,33.723326687563656
2019-01-23 00:00:00+00:00,30.1734766516,1.2514104010115323,29.952637745239542,0.7431217885151051,91.84137544989304,64.33514271624603
2019-01-24 00:00:00+00:00,30.0664893471,-0.3545740046310808,30.009563546169773,0.19427389194201217,74.11284762309259,36.904975126289166
2019-01-25 00:00:00+00:00,29.6324265688,-1.4436762911991474,29.820995057484886,-0.6247011996285676,34.07877263645771,25.740904044519787
2019-01-28 00:00:00+00:00,29.6691079304,0.12378791023013314,29.74505149394244,-0.25045664469921725,38.30333884759155,55.07799421319747
2019-01-29 00:00:00+00:00,29.5621206259,-0.36060168964627826,29.65358605992122,-0.30552916717274775,29.915785375294508,46.55284409920476
2019-01-30 00:00:00+00:00,28.9782756213,-1.9749767345461744,29.315930840610612,-1.140252950859461,10.712966298904908,26.2448007053616
2019-01-31 00:00:00+00:00,29.2931239745,1.0864978900558597,29.304527407555305,-0.02687753040180063,41.22875451487723,67.0869035174627
2019-02-01 00:00:00+00:00,28.6909382892,-2.055723677079324,28.99773284837765,-1.0413006037405623,20.817136137036044,36.21354431107776
2019-02-04 00:00:00+00:00,28.9691052809,0.9695290857905103,28.983419064638824,-0.035885758975025994,41.04202724423078,61.68067825797459
2019-02-05 00:00:00+00:00,29.2228180316,0.8758045795334901,29.10311854811941,0.41995941027923206,56.30957313109395,60.55710991127206
2019-02-06 00:00:00+00:00,29.2350451521,0.041841004131693005,29.169081850109706,0.23090020720546253,57.11241759109629,48.713483001607926
2019-02-07 00:00:00+00:00,29.5682341861,1.13969050592031,29.368658018104853,0.6852953565628862,75.50832901346561,63.001944357623096
2019-02-08 00:00:00+00:00,29.2167044713,-1.1888762534397523,29.29268124470243,-0.25179044843843307,44.97712057332324,33.39835111990789
2019-02-11 00:00:00+00:00,29.4062248393,0.6486712701843755,29.349453042001215,0.19844041087297123,58.53556804903796,57.2024071422065
2019-02-12 00:00:00+00:00,29.6415969092,0.8004158003493078,29.49552497560061,0.49942810561113954,71.58114971596127,59.016824983210036
2019-02-13 00:00:00+00:00,29.9381045817,1.0003093740471591,29.716814778650303,0.7498687398291494,82.17707635112923,62.184663131245316
2019-02-14 00:00:00+00:00,30.1153978292,0.5921993057916408,29.91610630392515,0.671034022810395,86.64359796601005,50.2820992619111
2019-02-15 00:00:00+00:00,30.5647445081,1.4920828256975938,30.240425406012577,1.0815584242539944,93.16014849179169,69.55571678426368
2019-02-19 00:00:00+00:00,31.2402929166,2.210221022200831,30.740359161306287,1.6458897232274128,96.74332774997914,79.20541449630316
2019-02-20 00:00:00+00:00,30.5311199267,-2.270058708454592,30.635739544003144,-0.3120844926135896,53.01253200702193,19.970242399948393
2019-02-21 00:00:00+00:00,30.3813377004,-0.4905887064071135,30.50853862220157,-0.40133659951035155,46.371750350588215,44.63735884005014
2019-02-22 00:00:00+00:00,30.4302461825,0.16098199026752802,30.469392402350785,-0.12017730462141177,49.47194119507248,52.652735053240605
2019-02-25 00:00:00+00:00,30.2988046369,-0.43194374705909366,30.384098519625393,-0.2760605258402527,40.12185625148268,43.964371305283244
2019-02-26 00:00:00+00:00,30.1673630914,-0.43381759470445536,30.275730805512694,-0.354939060272354,31.259807056937824,43.930007316475
2019-02-27 00:00:00+00:00,29.9900698439,-0.5876988550933104,30.13290032470635,-0.4713189576828322,21.60477555512739,40.07181046012447
2019-02-28 00:00:00+00:00,30.2590664952,0.8969524002449658,30.195983409953172,0.2128167212810668,53.964560783381266,73.6117974663795
2019-03-01 00:00:00+00:00,29.9350478016,-1.0708152336801224,30.065515605776586,-0.42899925619952783,30.910832303066584,34.842764847039035
2019-03-04 00:00:00+00:00,29.9105935606,-0.08169100367594329,29.988054583188294,-0.25534512993773556,29.484872880803866,53.36269287565551
2019-03-05 00:00:00+00:00,30.0603757869,0.5007664792627375,30.02421518504415,0.12271067466250099,50.47510985493556,62.72183118653431
2019-03-06 00:00:00+00:00,30.0359215458,-0.08135041715165992,30.030068365422075,0.020680128755420538,47.045547209696174,48.216303129139135
2019-03-07 00:00:00+00:00,29.7883223554,-0.824343578146769,29.909195360411037,-0.4018317246956742,23.15320100459434,33.41919922058573
2019-03-08 00:00:00+00:00,29.8311172772,0.1436634171250839,29.87015631880552,-0.12908415378529514,32.0941158539188,58.3804065245665
2019-03-11 00:00:00+00:00,30.1031707087,0.9119786864568047,29.98666351375276,0.3914472663357548,67.80879062840795,71.22425916146491
2019-03-12 00:00:00+00:00,30.0695461273,-0.11169780660440498,30.02810482052638,0.1398747298656749,61.78441342192545,44.0538617761077
2019-03-13 00:00:00+00:00,30.2712936158,0.6709362610459735,30.149699218163192,0.40540549545582416,78.76431008043596,61.08032737503165
2019-03-14 00:00:00+00:00,30.1857037722,-0.2827426032276592,30.167701495181596,0.06133144611408248,61.402782972724005,39.24778824483873
2019-03-15 00:00:00+00:00,30.2471692655,0.2036245163069772,30.207435380340797,0.13247798121052984,68.80888577888854,52.29269745847397
2019-03-18 00:00:00+00:00,30.6282553241,1.2599065230036954,30.417845352220397,0.6961922521071127,88.79830930568158,71.92857621441655
2019-03-19 00:00:00+00:00,30.6866475428,0.19064820402634464,30.5522464475102,0.44342022806672865,90.23644692615598,44.26454367198464
2019-03-20 00:00:00+00:00,30.3147813081,-1.2118177268512054,30.433513877805098,-0.38419874939223836,40.529805568153044,25.197773489061156
2019-03-21 00:00:00+00:00,30.4438588441,0.42579075431268265,30.43868636095255,0.020796002460222146,53.784631575571325,57.36427423929714
2019-03-22 00:00:00+00:00,30.2041434202,-0.7874015745755414,30.321414890576275,-0.3833027860576596,33.1822602842946,38.81578614082717
2019-03-25 00:00:00+00:00,30.1703373988,-0.1119251121599163,30.24587614468814,-0.24761394910878795,30.69502777839595,51.82522421383185
2019-03-26 00:00:00+00:00,30.2164365188,0.15279616992891487,30.231156331744067,-0.04740888958993654,39.908315423036136,57.17774742098186
2019-03-27 00:00:00+00:00,29.8753030309,-1.1289666393578646,30.053229681322033,-0.5881877644739005,16.120562766552673,31.643162380658787
2019-03-28 00:00:00+00:00,29.8507168335,-0.08229606030963899,29.95197325741102,-0.33524191239176976,15.14465732909802,55.813581232716274
2019-03-29 00:00:00+00:00,29.9736478202,0.41181921153075063,29.96281053880551,0.038288649569490435,41.64144942816592,64.6618049781346
2019-04-01 00:00:00+00:00,30.0627727855,0.2973444067756681,30.012791662152758,0.16781652817257925,56.43522045564099,60.45481858176318
2019-04-02 00:00:00+00:00,29.7923246149,-0.8996115312771336,29.90255813852638,-0.3658975015522772,26.201988351424127,29.92177323428082
2019-04-03 00:00:00+00:00,29.8691564815,0.25789147907435694,29.88585731001319,-0.05400301123896012,39.91798671466579,59.55343742768471
2019-04-04 00:00:00+00:00,30.1518977508,0.946599444397167,30.018877530406595,0.44629821657910346,70.3436322181276,70.63511443359741
2019-04-05 00:00:00+00:00,30.3731735268,0.7338701458488694,30.196025528603297,0.5900841812139864,81.40050647062553,62.67853882049023
2019-04-08 00:00:00+00:00,30.4961045134,0.4047354040615181,30.34606502100165,0.49740979263775226,85.80943340286618,49.68876897554753
2019-04-09 00:00:00+00:00,30.3301476815,-0.5441902647830843,30.338106351250826,-0.02339023607266602,57.97867259928183,26.203611641348115
2019-04-10 00:00:00+00:00,30.6098156761,0.9220792379147635,30.473961013675414,0.4493445009210488,76.90932460623984,64.78321713561566
2019-04-11 00:00:00+00:00,30.9786086361,1.2048192772619482,30.726284824887706,0.8270818890914985,87.78982416992311,69.40896185470402
2019-04-12 00:00:00+00:00,31.2121775107,0.7539682538479697,30.96923116779385,0.790525071469734,91.5655026888962,52.815692433390645
2019-04-15 00:00:00+00:00,31.4795524067,0.8566364711604768,31.224391787246926,0.8235807713151054,94.49074956961844,56.37788470987076
2019-04-16 00:00:00+00:00,31.63321614,0.4881382407053936,31.428803963623462,0.6558595060102494,95.758794511969,40.08515151687688
2019-04-17 00:00:00+00:00,31.7039014573,0.22345283194464827,31.56635271046173,0.43965616897744886,96.34004920138013,30.567480896655063
2019-04-18 00:00:00+00:00,31.7100480066,0.01938735933897373,31.638200358530867,0.2295217641582113,96.40432551191049,23.982287498343307
2019-04-22 00:00:00+00:00,31.4611127587,-0.7850358594480467,31.549656558615432,-0.2777570476449177,46.64208457423242,10.54703817981792
2019-04-23 00:00:00+00:00,31.6762419853,0.6837940801712739,31.612949271957717,0.20301851626317807,68.03241572854652,64.70422146879994
2019-04-24 00:00:00+00:00,31.8176126199,0.4462986318440443,31.71528094592886,0.3246585740536112,77.08674811959291,56.41970462272358
2019-04-25 00:00:00+00:00,31.8145393453,-0.009659035819931105,31.76491014561443,0.15749976911684005,76.38129678307006,41.220820770503195
2019-04-26 00:00:00+00:00,31.2029576867,-1.922333848565838,31.483933916157213,-0.882417039724499,20.468276408533356,15.294873090518328
2019-04-29 00:00:00+00:00,31.2121775107,0.02954791687561631,31.348055713428607,-0.42643456142444136,21.763353407958657,56.84404457933674
2019-04-30 00:00:00+00:00,31.605556668,1.260338716083309,31.476806190714303,0.41695207732943385,61.6893016067685,70.52095653759116
2019-05-01 00:00:00+00:00,31.1507120174,-1.4391287436506972,31.31375910405715,-0.5110883331606317,32.724836883502974,34.52449689246095
2019-05-02 00:00:00+00:00,31.0861732494,-0.20718232046814666,31.199966176728577,-0.3591353268143892,29.75169145204002,51.47874698804554
2019-05-03 00:00:00+00:00,31.3719877933,0.9194265939617141,31.285976985014287,0.28014563357366246,56.19125901493577,64.1962290252768
2019-05-06 00:00:00+00:00,31.4887722307,0.3722570535519054,31.387374607857144,0.32620134356278396,64.40282392607052,53.903588749524374
2019-05-07 00:00:00+00:00,31.1322723694,-1.1321491314051024,31.25982348862857,-0.40297389392115923,34.657155801920275,32.44802290099576
2019-05-08 00:00:00+00:00,30.8249449027,-0.987166831426256,31.042384195664283,-0.6950703626737076,21.698091894678516,36.123426511894024
2019-05-09 00:00:00+00:00,30.7542595854,-0.22931206372994728,30.89832189053214,-0.46219121320182743,19.21880801757858,55.224866975651665
2019-05-10 00:00:00+00:00,31.4865038613,2.3809523811381794,31.19241287591607,0.9593805839681759,70.894993364453,82.40627837084594
2019-05-13 00:00:00+00:00,30.8623969257,-1.9821411051199278,31.027404900808037,-0.5113802605758759,38.99933082622879,32.67398467245072
2019-05-14 00:00:00+00:00,30.9859824575,0.4004404845726173,31.00669367915402,-0.05546988800162933,46.19014059604224,54.94588156158385
2019-05-15 00:00:00+00:00,30.8593072874,-0.40881443818586716,30.93300048327701,-0.23214216309374824,39.10303654679407,47.020965586723484
2019-05-16 00:00:00+00:00,31.3011255636,1.431718061864573,31.117063023438504,0.5997879493854124,66.21936111472196,64.49244521323445
2019-05-17 00:00:00+00:00,31.1620918403,-0.44418122606325605,31.139577431869252,0.07780336166107815,54.718352381381216,42.875572460354135
2019-05-20 00:00:00+00:00,31.3660079678,0.6543723975432458,31.25279269983463,0.366087879602162,67.23699738569432,55.86916327071432
2019-05-21 00:00:00+00:00,31.242422436,-0.394011032347108,31.247607567917314,-0.013961576372473,53.73247414469651,42.1460094449862
2019-05-22 00:00:00+00:00,31.5853722867,1.0977056961653187,31.416489927308657,0.5418720598964228,74.80032227184543,62.04431420181934
2019-05-23 00:00:00+00:00,31.4710556698,-0.3619289836521489,31.443772798554328,0.08997153812213698,60.9284771716264,41.23053955059462
2019-05-24 00:00:00+00:00,31.7213163717,0.7952091106373516,31.582544585127163,0.44259032437974427,75.71663724953294,57.98927687058288
2019-05-28 00:00:00+00:00,31.6440754143,-0.24349858781052003,31.613309999713582,0.09954586828461212,64.42726597931201,41.90089655355964
2019-05-29 00:00:00+00:00,31.5513862654,-0.29291154090130833,31.582348132556792,-0.0966828363083481,50.79490454994058,41.08748027807819
2019-05-30 00:00:00+00:00,31.5730137335,0.06854680779500022,31.577680933028397,-0.014068014256673943,54.18765529374715,51.43274896095326
2019-05-31 00:00:00+00:00,31.3412908614,-0.7339269987208574,31.4594858972142,-0.3739975064887657,25.7039580421187,32.454036088424566
2019-06-03 00:00:00+00:00,31.5019520527,0.5126182964527048,31.4807189749571,0.06931039498196959,51.96402976484608,63.680984410490225
2019-06-04 00:00:00+00:00,31.6873303504,0.5884660651818585,31.58402466267855,0.32888823008191403,70.1962695243333,65.15140449106552
2019-06-05 00:00:00+00:00,32.2620030732,1.8135725428593652,31.923013867939275,1.0712303864706396,89.22078402836893,82.40779418069982
2019-06-06 00:00:00+00:00,32.4751881156,0.6607929517466582,32.19910099176964,0.8660116691086489,92.04602061690625,48.50594755026991
2019-06-07 00:00:00+00:00,32.7687037536,0.9038150509096177,32.483902372684824,0.8849133600091332,94.83941542623425,54.433694198307066
2019-06-10 00:00:00+00:00,33.2197909446,1.3765792946583755,32.851846658642415,1.1307463273337544,97.14821181885131,65.89118086178858
2019-06-11 00:00:00+00:00,33.349555753,0.3906250000681899,33.10070120582121,0.7606856637009721,97.6096699477331,36.88095470968214
2019-06-12 00:00:00+00:00,33.6214439229,0.8152677412368359,33.361072564360605,0.787976702468904,98.41548580676353,50.85848759584271
2019-06-13 00:00:00+00:00,33.5689200719,-0.1562212828230769,33.464996318130304,0.3158777098229135,89.65717234345436,28.89796086278615
2019-06-14 00:00:00+00:00,33.6986848803,0.3865623562570919,33.581840599215155,0.3512200330400027,92.22225947872235,47.791094914359675
2019-06-17 00:00:00+00:00,33.7264916249,0.08251581537608299,33.65416611205758,0.21686792420804285,92.79649637145623,39.068375861066635
2019-06-18 00:00:00+00:00,33.8778839014,0.4488823746737536,33.76602500672879,0.33287514944089824,95.50610042909878,54.18303191336162
2019-06-19 00:00:00+00:00,33.8686149865,-0.027359781168667663,33.817319996614394,0.1527576841361153,92.31705695396388,36.51933391529739
2019-06-20 00:00:00+00:00,34.0848896671,0.6385696040012601,33.951104831857194,0.3956636440686877,96.45732598601114,62.29848926412323
2019-06-21 00:00:00+00:00,34.335150369,0.7342277013193899,34.1431276004286,0.5649456726940387,98.16950207436388,65.33196967336515
2019-06-24 00:00:00+00:00,34.3691363902,0.09898317273917545,34.2561319953143,0.3319644227166071,98.33356296656238,36.26571258297984
2019-06-25 00:00:00+00:00,34.2084751989,-0.4674577489407361,34.23230359710715,-0.06774666311206451,60.123271533675116,22.736121184179233
2019-06-26 00:00:00+00:00,34.0354554544,-0.5057803468117128,34.13387952575357,-0.2867635049618886,36.93748480629178,21.906733336704146
2019-06-27 00:00:00+00:00,34.0169176246,-0.054466231030281254,34.075398575176784,-0.17061486799608494,34.781797623164714,52.50961045295716
2019-06-28 00:00:00+00:00,34.1374135181,0.35422343326270145,34.10640604663839,0.09180428263330825,58.43364185921739,69.00707565897493
2019-07-01 00:00:00+00:00,34.1775788159,0.11765770648881624,34.141992431269195,0.10473099456106225,64.81388846439955,53.016277276737654
2019-07-02 00:00:00+00:00,34.4803633688,0.8859157476630353,34.31117790003459,0.49532337111204877,87.13807129438342,77.9296437391624
2019-07-03 00:00:00+00:00,34.702817326,0.6451612902701909,34.5069976130173,0.5702423306911198,92.4306014987102,62.38090565358357
2019-07-05 00:00:00+00:00,34.597769624,-0.3027065526501116,34.55238361850865,0.13376788902050413,71.57003282994594,28.637380196130025
2019-07-08 00:00:00+00:00,34.8264028578,0.6608322914590348,34.689393238154324,0.3973000902397694,83.6309110850051,60.89302384893748
2019-07-09 00:00:00+00:00,34.8758370705,0.14194464154637654,34.78261515432716,0.269622365893073,85.61071152597098,44.60649885437285
2019-07-10 00:00:00+00:00,34.9067334535,0.08858965288072174,34.84467430391358,0.17910600938689736,87.07612728694417,42.83925783099534
2019-07-11 00:00:00+00:00,35.1971594532,0.8320056647147522,35.02091687855679,0.5055558370508249,94.69453423377175,68.7309512127772
2019-07-12 00:00:00+00:00,35.4072548572,0.5969101122474285,35.214085867878396,0.5512329746491267,96.76427344224537,56.57495456416186
2019-07-15 00:00:00+00:00,35.5246611124,0.3315881326397818,35.369373490139196,0.44141055364445425,97.56163704150585,43.53914081904557
2019-07-16 00:00:00+00:00,35.4566890699,-0.19133762398163556,35.413031280019595,0.12503646483140934,80.3637487806052,25.897720781215355
2019-07-17 00:00:00+00:00,35.4072548572,-0.13942140114251433,35.4101430686098,-0.007192468155552495,67.4021554937646,30.114630151544432
2019-07-18 00:00:00+00:00,35.4443305168,0.10471204206461415,35.4272367927049,0.04875978695453083,72.40855176573999,50.13177260493602
2019-07-19 00:00:00+00:00,35.1909801766,-0.7147838215759705,35.309108484652455,-0.33301201731071983,28.128553206276514,20.527270377332535
2019-07-22 00:00:00+00:00,34.8572992408,-0.9482001755150793,35.08320386272623,-0.6406060964128996,12.738547037524418,16.391631126338197
2019-07-23 00:00:00+00:00,34.6317556453,-0.6470483956370621,34.85747975401311,-0.6438272460249808,8.19341357753955,39.845907468618215
2019-07-24 00:00:00+00:00,34.6039489006,-0.08029262213787858,34.73071432730656,-0.36205993408142967,7.686245504605618,66.43012181617992
2019-07-25 00:00:00+00:00,34.6719209431,0.19642857147674775,34.70131763520328,-0.08281568130234096,24.76250629446466,74.63869930310075
2019-07-26 00:00:00+00:00,34.9190920067,0.7128854037410592,34.81020482095164,0.31503486121935914,62.54950902753979,84.94470348190701
2019-07-29 00:00:00+00:00,34.6873691346,-0.6635993629374393,34.74878697777582,-0.17428225085904006,36.65862666466135,32.36477345775919
2019-07-30 00:00:00+00:00,34.6224867304,-0.18704907814781624,34.68563685408791,-0.18066566450342814,31.229422324029883,48.81738239591605
2019-07-31 00:00:00+00:00,34.1034274969,-1.4991968587982574,34.39453217549395,-0.8399312616508428,11.24484916376479,24.351726607218556
2019-08-01 00:00:00+00:00,33.7944636674,-0.9059612249474935,34.09449792144697,-0.8729462432991681,7.15610697456982,43.540761335348606
2019-08-02 00:00:00+00:00,33.800642944,0.018284878436936047,33.94757043272349,-0.42733068243111605,8.15794826248829,64.55339265642455
2019-08-05 00:00:00+00:00,32.6945524345,-3.272394881164087,33.321061433611746,-1.8498627817976014,2.0932436424433685,21.606918732929472
2019-08-06 00:00:00+00:00,33.1425499872,1.3702513701556729,33.23180571040587,-0.23980570582096428,32.554988415670664,67.44372637704129
2019-08-07 00:00:00+00:00,33.4298863486,0.8669711941627023,33.330846029502936,0.313582744170869,48.09241643115024,61.588154599306726
2019-08-08 00:00:00+00:00,33.6925056037,0.7855822552355063,33.51167581660147,0.5495824997031876,60.551520223101235,60.317814033231365
2019-08-09 00:00:00+00:00,33.307519362,-1.1426465167901356,33.40959758930073,-0.296532008543474,39.63325589472483,34.80531587543825
2019-08-12 00:00:00+00:00,32.6679454443,-1.9202087995471628,33.03877151680037,-1.1083704040453184,21.29824418566116,27.714680474791514
2019-08-13 00:00:00+00:00,33.3478808228,2.081353354955584,33.19332616980019,0.4864914754551328,54.709673081600606,71.90211729562331
2019-08-14 00:00:00+00:00,32.9722087644,-1.1265245320870587,33.0827674671001,-0.32001652831596294,40.470574134380115,41.44048972528003
2019-08-15 00:00:00+00:00,34.9871770778,6.111111111171752,34.03497227245005,2.8955472914278944,80.75948916812061,75.93883366149248
2019-08-16 00:00:00+00:00,35.0803189104,0.26621705544545016,34.55764559142503,1.5808821734366723,81.62191536867323,44.31465008263598
2019-08-19 00:00:00+00:00,35.3349065864,0.7257279406445827,34.94627608891251,1.1533050570406274,84.47503415922823,46.92131938835001
2019-08-20 00:00:00+00:00,34.7884745014,-1.5464370442408781,34.86737529515626,-0.1965659936001254,56.323618919899964,34.82875820344559
2019-08-21 00:00:00+00:00,34.7791603181,-0.026773761809051333,34.823267806628124,-0.11166987770458836,55.84776081661669,48.21725730207009
2019-08-22 00:00:00+00:00,34.7450083128,-0.09819675054725252,34.78413805971407,-0.10493331412592044,53.36788683372599,47.52889742971023
2019-08-23 00:00:00+00:00,34.4096977152,-0.9650612098903388,34.59691788745703,-0.5349972620081296,32.26688080408827,37.72414047294458
2019-08-26 00:00:00+00:00,34.7698461349,1.0466480196392736,34.683382011178516,0.255825378815572,58.62397072381619,63.75304503725095
2019-08-27 00:00:00+00:00,34.9033494284,0.38396285385340345,34.79336571978926,0.3198941163344877,65.98402519994575,52.840284871072896
2019-08-28 00:00:00+00:00,34.996491261,0.2668564310456034,34.89492849039463,0.29337527369004557,71.3225038095828,50.54681924777644
2019-08-29 00:00:00+00:00,35.4187342358,1.206529453627092,35.15683136309732,0.7499523636585688,86.12733397859246,67.51659065980128
2019-08-30 00:00:00+00:00,35.4746193354,0.15778401121830932,35.31572534924866,0.45386818743843904,87.41698382215415,42.88214297570871
2019-09-03 00:00:00+00:00,35.5925989901,0.3325748293013131,35.45416216967433,0.39322150836987607,90.27876117299037,47.65670129028372
2019-09-04 00:00:00+00:00,35.9868994151,1.1078157712216319,35.720530792387166,0.750518639795754,95.45768609040773,66.3630008788906
2019-09-05 00:00:00+00:00,35.8409772105,-0.4054870160299817,35.78075400144358,0.17251581188288612,73.67065979221951,32.428783233205046
2019-09-06 00:00:00+00:00,35.6205415399,-0.6150381149078066,35.70064777067179,-0.22126115151246023,48.55773770816841,29.31520274798092
2019-09-09 00:00:00+00:00,36.1172979808,1.3945785758017193,35.9089728757359,0.5866587121446295,76.09864093297594,70.31497353816862
2019-09-10 00:00:00+00:00,36.0303656036,-0.24069457589602772,35.96966923966795,0.1729820681243009,66.72182587874241,41.168390938748814
2019-09-11 00:00:00+00:00,36.0210514204,-0.025850926139570074,35.995360330033975,0.07356557099236541,65.42618533936007,45.611343055296835
2019-09-12 00:00:00+00:00,36.3004769184,0.7757283226934142,36.147918624216985,0.4246469468428898,81.54916186185189,61.769350021746924
2019-09-13 00:00:00+00:00,36.4588180339,0.4361956892630747,36.30336832905849,0.4304213180529822,86.78670815950632,51.96124096381097
2019-09-16 00:00:00+00:00,35.8813386714,-1.5839223366019395,36.09235350022925,-0.5767505092744787,33.995231683794415,21.497399599145748
2019-09-17 00:00:00+00:00,36.1731830804,0.8133598684059606,36.13276829031463,0.11830467956574098,54.82600065908129,61.586337200412395
2019-09-18 00:00:00+00:00,36.3749903845,0.5578920263982656,36.25387933740731,0.3380983529820033,65.96666833677942,56.93846086586956
2019-09-19 00:00:00+00:00,36.3594667457,-0.04267668152186932,36.30667304155365,0.147710835730067,64.14147232788231,44.970598721552044
2019-09-20 00:00:00+00:00,36.3191052849,-0.111006745732245,36.31288916322683,0.018352044998910994,57.89427549633521,43.41329267890859
2019-09-23 00:00:00+00:00,36.5178078613,0.5471020688458728,36.415348512263414,0.28272705692239186,75.5091134545286,62.28283824849838
2019-09-24 00:00:00+00:00,36.7599766262,0.6631525249812142,36.58766256923171,0.47293979095180305,86.1225089964295,65.33998422601387
2019-09-25 00:00:00+00:00,36.7817097205,0.059121621651159195,36.68468614486585,0.2660307063014811,86.887456251085,40.016629291129995
2019-09-26 00:00:00+00:00,36.7289293486,-0.14349624392414606,36.70680774673292,0.06126723118866753,72.3580036440979,33.486499609437615
2019-09-27 00:00:00+00:00,36.775500265,0.1267962808226386,36.74115400586646,0.09403175600565307,77.36716219102463,49.85919443435196
2019-09-30 00:00:00+00:00,36.8469090034,0.19417475733964906,36.79403150463323,0.14410325667265106,84.02533396905272,54.085301638646506
2019-10-01 00:00:00+00:00,36.5892165996,-0.6993596227467092,36.691624052116616,-0.2776281830370291,32.411935051236085,20.20668661001347
2019-10-02 00:00:00+00:00,36.0520986979,-1.4679677555760273,36.37186137500831,-0.8727979693065282,11.098124947255132,11.174884630572459
2019-10-03 00:00:00+00:00,36.1110885253,0.16362383753107945,36.241474950154156,-0.3545870658877244,19.787651621593167,63.34442845587385
2019-10-04 00:00:00+00:00,36.6854631601,1.590576906585306,36.46346905512708,0.6179949203487908,66.95763442317282,79.29644670183542
2019-10-07 00:00:00+00:00,36.3967234788,-0.7870683819362068,36.43009626696354,-0.08453673079370799,46.38780177348738,37.98290383423934
2019-10-08 00:00:00+00:00,36.5053889502,0.29855838936516665,36.46774260858177,0.10701082928572933,54.31128207583304,54.29271345349868
2019-10-09 00:00:00+00:00,36.9245271972,1.1481544480234973,36.69613490289089,0.6275826386546133,75.37109358480133,65.07473846532338
2019-10-10 00:00:00+00:00,37.1356486846,0.571764903779215,36.915891793745445,0.5996737712169141,81.73291160575567,52.477323489838675
2019-10-11 00:00:00+00:00,37.3312465332,0.526711813387859,37.12356916347272,0.5631927923023865,86.5581441065347,51.31267881869618
2019-10-14 00:00:00+00:00,36.9990406634,-0.8898868927523118,37.06130491343636,-0.16334705022496265,51.73979837779314,25.07054765872206
2019-10-15 00:00:00+00:00,37.1108108626,0.30208945203966664,37.086057888018175,0.069371200907352,59.88367710151938,54.4636195043604
2019-10-16 00:00:00+00:00,37.0766588573,-0.09202710613476217,37.08135837265909,-0.011327952613705089,55.58457372413684,45.59325750129657
2019-10-17 00:00:00+00:00,37.207057423,0.35169988267247376,37.144207897829546,0.17018596502938432,68.5257274054961,57.32983749151656
2019-10-18 00:00:00+00:00,36.9897264801,-0.5841121495559376,37.066967188964774,-0.20696309226327664,39.64655955281774,34.07578184457981
2019-10-21 00:00:00+00:00,37.1760101454,0.5036091991656555,37.12148866718239,0.14832305345118943,60.856363678514974,61.38444956434139
2019-10-22 00:00:00+00:00,37.1263345014,-0.13362284926680124,37.12391158429119,0.007350102092194097,53.35606725650224,45.002560904679186
2019-10-23 00:00:00+00:00,37.054925763,-0.19233985622068017,37.089418673645596,-0.09249487706424303,42.153752243328576,43.40164203439563
2019-10-24 00:00:00+00:00,36.9773075691,-0.20946795143090835,37.0333631213728,-0.1509814142475757,31.403743401724046,42.736419960931876
2019-10-25 00:00:00+00:00,36.9586792026,-0.05037783366240722,36.996021161986405,-0.10067962395499146,28.763094337317668,52.812906184646494
2019-10-28 00:00:00+00:00,37.0145643022,0.15120967741744096,37.0052927320932,0.02526502673122475,48.31882874676999,64.63952069503745
2019-10-29 00:00:00+00:00,36.3718856567,-1.73628585832577,36.6885891943966,-0.8555104157972727,8.424641650909402,14.300570780804001
2019-10-30 00:00:00+00:00,36.6668347935,0.8109261630917519,36.6777119939483,-0.0222921263527604,41.61144724693387,66.73722269485822
2019-10-31 00:00:00+00:00,36.4060376621,-0.7112616424863494,36.54187482802415,-0.3667768844195549,28.103398781585238,43.09886641660974
2019-11-01 00:00:00+00:00,36.5178078613,0.3070100631037853,36.529841344662074,-0.0298834106578848,40.51674784895439,58.019403258648296
2019-11-04 00:00:00+00:00,36.5022842225,-0.04250977730908545,36.516062783581035,-0.036196593983485126,39.109965833834316,51.118008455446564
2019-11-05 00:00:00+00:00,36.902794103,1.097218678312517,36.70942844329052,0.530511042164516,74.01972789073157,69.09751678077701
2019-11-06 00:00:00+00:00,37.1014966793,0.5384485948283446,36.90546256129526,0.5344798184964303,81.78944711631861,54.38649057958624
2019-11-07 00:00:00+00:00,37.3281418055,0.6108786612009087,37.11680218339763,0.5726792398486695,87.95340896337494,56.19964645356145
2019-11-08 00:00:00+00:00,37.0828683128,-0.6570739416336568,37.09983524809881,-0.04219735089249366,56.76408588456932,27.49763309755411
2019-11-11 00:00:00+00:00,36.9586792026,-0.3348961821195817,37.02925722534941,-0.1885467665060377,44.71988240319478,39.31097413741012
2019-11-12 00:00:00+00:00,36.9835170246,0.06720430095414898,37.00638712497471,-0.060671232775944356,48.028101549947856,53.49627610999708
2019-11-13 00:00:00+00:00,37.5609963871,1.5614506379041382,37.283691756037356,0.7503897025640969,83.16471766387049,79.80635104741414
2019-11-14 00:00:00+00:00,37.4585403712,-0.2727723589760367,37.37111606361868,0.2388086717940301,70.48324975681342,39.08759523239957
2019-11-15 00:00:00+00:00,36.9058988307,-1.475341898065241,37.13850744715934,-0.6182666131356055,31.55375448011321,26.027650571551476
2019-11-18 00:00:00+00:00,37.334351261,1.1609321107865611,37.236429354079675,0.2713327488254778,58.32313194285555,64.7530342290896
2019-11-19 00:00:00+00:00,37.2225810618,-0.29937629937274446,37.22950520793984,-0.014021775273633325,50.58207974242809,45.12462134816052
2019-11-20 00:00:00+00:00,36.9866217524,-0.6339144214858261,37.10806348016992,-0.32396809837972973,35.61360748109597,40.86768296417314
2019-11-21 00:00:00+00:00,37.2132668785,0.6127759588784087,37.160665179334956,0.1444039302493395,54.85979922426557,61.28403466844278
2019-11-22 00:00:00+00:00,37.0580304907,-0.4171533456249432,37.10934783501747,-0.13637470768780185,41.97041017788407,42.9204466621115
2019-11-25 00:00:00+00:00,36.9214224695,-0.36863270765099543,37.01538515225874,-0.25250370766939867,32.03515756413125,44.1040358497161
2019-11-26 00:00:00+00:00,37.0052501189,0.22704339051196065,37.01031763557937,-0.012730158578719009,44.194614059059504,59.54997058687739
2019-11-27 00:00:00+00:00,36.8717468254,-0.36076852087486566,36.94103223048968,-0.18674933972679233,30.961804477822565,42.2631514233818
2019-11-29 00:00:00+00:00,36.9742028413,0.2778713370569674,36.95761753589484,0.045560998665087546,48.65837378077918,60.80558177492339
2019-12-02 00:00:00+00:00,37.0331926687,0.15954320273841027,36.995405102297426,0.10255210070174892,57.964111391756816,55.82304660980417
2019-12-03 00:00:00+00:00,36.8438042756,-0.511401743820139,36.91960468894871,-0.20442482155919506,30.949380841763713,32.8962478881717
2019-12-04 00:00:00+00:00,36.8500137311,0.016853459142152083,36.88480921002436,-0.09378568120852149,32.496623300560984,54.81352173877061
2019-12-05 00:00:00+00:00,37.0052501189,0.4212654815620498,36.94502966446218,0.16373990017676415,63.31888851029519,67.13875766971096
2019-12-06 00:00:00+00:00,37.3545327763,0.9438732511676928,37.14978122038109,0.5538065756722285,85.56452602375276,78.50415001354962
2019-12-09 00:00:00+00:00,37.2235517798,-0.35064284509831456,37.18666650009054,0.10158186528695695,63.80013598096496,34.355404275350566
2019-12-10 00:00:00+00:00,37.1549426864,-0.18431635381240818,37.170804593245265,-0.041367244262725616,53.173156484158135,40.774578251136205
2019-12-11 00:00:00+00:00,37.1112823542,-0.11750881321095363,37.14104347372263,-0.07943802873683962,45.8786562602789,44.069780026929074
2019-12-12 00:00:00+00:00,37.348295586,0.6386554620718243,37.24466952986131,0.2796087166674924,74.43571783415933,71.23844002448752
2019-12-13 00:00:00+00:00,37.5135811293,0.4425517703194881,37.37912532958066,0.3610802434934902,83.52762110998714,59.9163212777272
2019-12-16 00:00:00+00:00,37.5915460082,0.20783107491464392,37.48533566889033,0.28445565920406707,86.83934491432349,46.61497420585004
2019-12-17 00:00:00+00:00,37.8223220497,0.6139040981439248,37.65382885929516,0.4491798786739959,93.0464367125251,66.12830564730547
2019-12-18 00:00:00+00:00,37.3794815376,-1.1708443271094993,37.51665519844758,-0.3608322242177517,39.467286926680046,19.393757347230686
2019-12-19 00:00:00+00:00,37.448090631,0.18354747197599774,37.48237291472379,-0.08864237612087697,46.61171744975964,55.32965638636962
2019-12-20 00:00:00+00:00,37.5135811293,0.17488341113387484,37.497977022011895,0.04312051750649894,54.32963042339122,55.09397116484346
2019-12-23 00:00:00+00:00,37.1206381397,-1.0474686174205106,37.30930758085594,-0.5021740499570058,23.610724316755448,28.974752655305313
2019-12-24 00:00:00+00:00,37.2703307071,0.40325968221950337,37.28981914397797,-0.0494571838687512,42.264731404498974,61.4828394071909
2019-12-26 00:00:00+00:00,37.2734493023,0.008367500746131462,37.28163422313899,-0.020544841561309868,42.70198096413823,51.80207741163004
2019-12-27 00:00:00+00:00,37.2952794684,0.058567603773251875,37.28845684576949,0.019011381105971004,46.92269876446918,53.207004566238965
2019-12-30 00:00:00+00:00,37.2360261604,-0.1588761603199651,37.262241503084745,-0.06993238960699705,36.09683316979297,44.73466613899757
2019-12-31 00:00:00+00:00,37.0613848317,-0.46901172522466616,37.161813167392374,-0.2694720574158316,17.86961215546855,33.36746445366535
2020-01-02 00:00:00+00:00,37.0925707832,0.08414675177847997,37.127191975296185,-0.0926626528186758,27.65470360727662,60.33369973847282
2020-01-03 00:00:00+00:00,36.7651182919,-0.8827980492749021,36.9461551335981,-0.48773035104678897,9.614112347443099,29.271842855891105
2020-01-06 00:00:00+00:00,36.6902720081,-0.20357960827366295,36.81821357084905,-0.34565497966022596,7.856827451308345,54.14582751076058
2020-01-07 00:00:00+00:00,36.3503451362,-0.9264768378521748,36.58427935352452,-0.6360659087562004,3.4993869480985658,34.676624144109034
2020-01-08 00:00:00+00:00,36.2256013299,-0.34317089929296607,36.40494034171226,-0.48961840402458323,2.6809319665268005,54.48499878885722
2020-01-09 00:00:00+00:00,36.5998327486,1.0330578512470767,36.50238654515613,0.27171972361124674,52.584728344726905,78.04562387748545
2020-01-10 00:00:00+00:00,36.2942104234,-0.8350374912893255,36.398298484278065,-0.28165888383903936,32.29698579212787,37.997285922185974
2020-01-13 00:00:00+00:00,36.1382806656,-0.429627083716555,36.26828957493903,-0.3556429837777972,24.934690136589882,46.871862595970455
2020-01-14 00:00:00+00:00,36.2318385202,0.2588885051442391,36.250064047569516,-0.048377239316779036,37.71343383257868,61.06760738399213
2020-01-15 00:00:00+00:00,35.9511649562,-0.7746600102656043,36.10061450188476,-0.41151862479119167,21.354589508797705,38.12800046770903
2020-01-16 00:00:00+00:00,36.1445178559,0.5378209577785897,36.122566178892384,0.06315116649369903,45.695344494417924,63.93419972922325
2020-01-17 00:00:00+00:00,35.8513699112,-0.8110440035988598,35.9869680450462,-0.3739464185525804,26.81867424203256,38.91358920108554
2020-01-21 00:00:00+00:00,36.0478414061,0.548016701695464,36.0174047255731,0.08703514157144182,48.292552558243514,61.616149894158895
2020-01-22 00:00:00+00:00,36.206889759,0.44121463781485737,36.112147242286554,0.2641248896931496,61.87645094280868,59.03010624865706
2020-01-23 00:00:00+00:00,36.1164504995,-0.2497846683379379,36.11429887089328,0.007170110677605868,50.54962250388015,41.945194768161436
2020-01-24 00:00:00+00:00,35.667372797,-1.2434159400747768,35.89083583394664,-0.6181229146985855,21.388080350887048,25.823900468127142
2020-01-27 00:00:00+00:00,36.1320434753,1.3027891932065438,36.01143965462332,0.3423331392539792,58.5244641478048,70.05802891564605
2020-01-28 00:00:00+00:00,36.3628195168,0.6387018814968393,36.18712958571166,0.49051751037540925,69.32108621164002,56.80529808384829
2020-01-29 00:00:00+00:00,36.1413992607,-0.6089193826064654,36.16426442320583,-0.05920093611552807,50.42855002715272,37.05293908713886
2020-01-30 00:00:00+00:00,36.3565823265,0.5953921823773856,36.26042337485292,0.2680956231309287,64.52313146368849,58.132272197458555
2020-01-31 00:00:00+00:00,35.7047959389,-1.792760336344712,35.98260965687646,-0.7623323566068916,28.153408343573446,29.123162346274814
2020-02-03 00:00:00+00:00,35.6361868455,-0.19215652014201723,35.80939825118823,-0.4772444383744544,25.85252218618559,52.801759203547746
2020-02-04 00:00:00+00:00,35.9480463611,0.8751203290971121,35.87872230614411,0.19893794536132886,52.38494935818358,64.62287899668834
2020-02-05 00:00:00+00:00,36.4283100151,1.3359937538071742,36.15351616062206,0.7674658495842516,73.93233838598911,69.56097354554828
2020-02-06 00:00:00+00:00,36.2723802573,-0.4280455440709874,36.21294820896103,0.1697101527566321,60.580935020622746,38.61473687928199
2020-02-07 00:00:00+00:00,36.3160405895,0.12036798216794597,36.264494399230514,0.14503906746228903,63.359991246311665,49.161638540820185
2020-02-10 00:00:00+00:00,35.9418091708,-1.0304851867805165,36.10315178501526,-0.44272305965911374,33.23484580530852,31.90586797069017
2020-02-11 00:00:00+00:00,35.9885880981,0.13015184371412136,36.045869941557626,-0.1562856079724962,38.6996923304529,55.522435277681225
2020-02-12 00:00:00+00:00,36.1289248801,0.3899480069000205,36.087397410828814,0.11683119946376216,55.20073858011754,60.16156888571082
2020-02-13 00:00:00+00:00,36.6247815099,1.3724643936833925,36.3560894603644,0.7446477965735773,81.53882044549931,74.97098566963936
2020-02-14 00:00:00+00:00,36.7651182919,0.38317438688901806,36.560603876132205,0.5639110917312977,85.22616133697922,48.01370711358447
2020-02-18 00:00:00+00:00,37.307753849,1.4759521587600855,36.9341788625661,1.0199316252456916,93.15538663468669,67.42254320796192
2020-02-19 00:00:00+00:00,36.6996277936,-1.6300259132762007,36.81690332808305,-0.30504714401525457,48.97184663364844,26.014529045707153
2020-02-20 00:00:00+00:00,36.7027463888,0.008497620786607207,36.759824858441526,-0.14827476161432368,49.157343860315244,50.21123264396229
2020-02-21 00:00:00+00:00,36.9803013576,0.7562239780636526,36.87006310802076,0.3039746082246645,65.76939870528041,59.31849826754274
2020-02-24 00:00:00+00:00,36.2754988524,-1.9058863214351573,36.57278098021038,-0.8009558566052464,29.302101172821388,30.0064604160371
2020-02-25 00:00:00+00:00,35.6736099874,-1.6592159557860309,36.12319548380519,-1.2300859061956386,17.133085997056327,34.504754360721726
2020-02-26 00:00:00+00:00,35.4833756828,-0.5332633974167167,35.803285583302596,-0.8816746518061777,14.314687893526912,54.51820085324262
2020-02-27 00:00:00+00:00,34.4292905202,-2.970645104408587,35.1162880517513,-1.9261598781073823,6.046993869876809,27.365588619246132
2020-02-28 00:00:00+00:00,33.5810326378,-2.4637681159950686,34.34866034477565,-2.1949639970512256,3.5629619932228387,37.13268165761904
2020-03-02 00:00:00+00:00,36.1382806656,7.615156017928615,35.24347050518783,2.7100960104386944,66.25251921810602,87.45351523909687
2020-03-03 00:00:00+00:00,35.2120579043,-2.562996203030954,35.22776420474392,0.07354990370387027,48.960931639713124,39.52765254609604
2020-03-04 00:00:00+00:00,36.4158356344,3.4186520236097584,35.82179991957196,1.7461009636568143,66.1726061924911,59.2256752081918
2020-03-05 00:00:00+00:00,36.1507550462,-0.7279266933794992,35.98627748288598,0.5090871351386576,59.54044128448316,44.24090437404238
2020-03-06 00:00:00+00:00,36.5592910116,1.130089717013938,36.272784247242996,0.8195884260762978,67.1513744521395,52.34491853847461
2020-03-09 00:00:00+00:00,36.5374608455,-0.05971167792361287,36.4051225463715,0.37993837407634246,66.153926152291,45.9325145071944
2020-03-10 00:00:00+00:00,37.3576513715,2.2447934449200124,36.88138695893575,1.3123659094981774,81.5764948927487,60.12459149977133
2020-03-11 00:00:00+00:00,35.686084368,-4.4744970364363645,36.28373566346788,-1.5810655634690935,34.0897439328661,27.990795745778417
2020-03-12 00:00:00+00:00,32.4489825962,-9.071047802326948,34.36635912983394,-5.326056682898021,12.668284676380953,18.077056242714157
2020-03-13 00:00:00+00:00,35.5831707278,9.658817876055824,34.97476492881697,2.1663805965789016,54.338987123962326,74.11427009503934
2020-03-16 00:00:00+00:00,33.2941218835,-6.432953549335174,34.13444340615848,-2.133286476378136,35.68516595209325,39.39066754064306
2020-03-17 00:00:00+00:00,37.1923658282,11.708505057861007,35.66340461717924,4.787609290741436,65.73389927321132,66.18324441945978
2020-03-18 00:00:00+00:00,38.22773942,2.7838336409752085,36.945572018589615,3.7857214658583223,71.11119501969961,49.90435638927643
2020-03-19 00:00:00+00:00,37.4200232746,-2.1129058575130366,37.18279764659481,0.8364078041726428,60.078722281199795,41.50279424259668
2020-03-20 00:00:00+00:00,35.7033072634,-4.587693595490827,36.4430524549974,-1.8756428956590923,40.19683222739402,36.805416017383365
2020-03-23 00:00:00+00:00,35.8004207603,0.2720014036334151,36.1217366076487,-0.8018207460128386,41.830284003743465,52.60574721138202
2020-03-24 00:00:00+00:00,36.0353727692,0.656282814308562,36.07855468842435,-0.07276896585213832,47.07622906986631,53.970805902656174
2020-03-25 00:00:00+00:00,34.2716663562,-4.89437538025822,35.175110522312174,-2.483572173055179,23.357496514538123,33.23244859383421
2020-03-26 00:00:00+00:00,34.4032394811,0.383912248481022,34.789175001706084,-1.0498299622870786,27.447951737791545,56.87113382371854
2020-03-27 00:00:00+00:00,34.3280548383,-0.2185394280713182,34.55861492000304,-0.6341846951791984,26.24723984870447,53.6209156243232
2020-03-30 00:00:00+00:00,36.0854958644,5.119547362582333,35.32205539220152,2.2426813337015674,70.89255259665144,73.64200422154173
2020-03-31 00:00:00+00:00,35.5936629926,-1.3629655350952619,35.45785919240076,0.4398578993031528,56.52807495699818,41.22490298541302
2020-04-01 00:00:00+00:00,35.756563052,0.4576659037139885,35.60721112220038,0.44876190150857065,60.50399251184669,50.41944084456643
2020-04-02 00:00:00+00:00,37.1694077985,3.9512878920866523,36.38830946035019,2.2000248967976113,81.96407475567402,65.81308874760998
2020-04-03 00:00:00+00:00,37.429421355,0.6995364518842084,36.908865407675094,1.4497806743409098,84.31649129621015,45.91161025852928
2020-04-06 00:00:00+00:00,39.4938663393,5.51556745887074,38.201365873487546,3.482674066605825,93.85771727368896,67.6465026385873
2020-04-07 00:00:00+00:00,38.2157274112,-3.2362972951780478,38.20854664234378,0.12318838571388868,59.974053532127336,32.28398562211822
2020-04-08 00:00:00+00:00,38.1687370094,-0.12296089851799863,38.18864182587188,0.00011374359794502631,58.80335562775639,47.05311635527678
2020-04-09 00:00:00+00:00,38.1562062356,-0.03282994089353064,38.17242403073594,-0.016358098647792807,58.34777450067223,47.549879346434174
2020-04-13 00:00:00+00:00,39.2526489436,2.87356321860166,38.71253648716797,1.4286025599769336,79.34802601898761,63.92246634652728
2020-04-14 00:00:00+00:00,40.4117455205,2.952913008662006,39.562141003833986,2.19075778431947,88.52340815372631,64.37784604996357
2020-04-15 00:00:00+00:00,40.3365608777,-0.18604651155653684,39.94935094076699,1.0023556363814665,84.8552983081821,36.80887469497325
2020-04-16 00:00:00+00:00,41.4549324398,2.7726001864434746,40.7021416902835,1.8874779114124705,92.13080067512294,60.639771388789754
2020-04-17 00:00:00+00:00,41.3891458773,-0.15869417371631167,41.045643783791746,0.8643918688480794,88.38435038059016,38.86027773749855
2020-04-20 00:00:00+00:00,40.6780244639,-1.718135028705725,40.861834123845874,-0.42687157992882285,53.26459023220757,30.203624514868658
2020-04-21 00:00:00+00:00,40.477532083,-0.49287639589756793,40.66968310342294,-0.4598739879131954,45.601549368101566,44.71746093422925
2020-04-22 00:00:00+00:00,41.2231131244,1.8419626964192748,40.94639811391147,0.6910443542530397,69.82073239752371,65.32678982153797
2020-04-23 00:00:00+00:00,40.2645089283,-2.325404666084274,40.60545352110574,-0.8171801559156173,37.56559247492953,32.694533543419155
2020-04-24 00:00:00+00:00,40.5495840324,0.70800591311726,40.57751877675287,-0.05458712139917865,48.233404591644295,56.447913713693126
2020-04-27 00:00:00+00:00,40.1924569789,-0.8807169346414234,40.38498787782643,-0.46765202802030104,36.51073228342537,44.19462342968197
2020-04-28 00:00:00+00:00,40.0984761754,-0.23382696795404279,40.24173202661322,-0.3507394979871719,33.31462533924206,50.72721452227783
2020-04-29 00:00:00+00:00,38.7200910569,-3.437499999926741,39.48091154175661,-1.8941197489569563,11.386289708655674,27.132687570937033
2020-04-30 00:00:00+00:00,38.0778888994,-1.6585760517873527,38.77940022057831,-1.7763479003721545,7.7987983079367575,47.479607548711215
2020-05-01 00:00:00+00:00,38.5070679022,1.1271081858919896,38.64323406138915,-0.32461985724008247,29.929757010495017,68.2827000120134
2020-05-04 00:00:00+00:00,38.7514179914,0.634559062820883,38.69732602639458,0.15496960279040028,41.849853119001,61.7913294942749
2020-05-05 00:00:00+00:00,39.0740854168,0.832659660277768,38.88570572159729,0.49381463153408417,56.5057363752868,63.86383308201072
2020-05-06 00:00:00+00:00,38.6261102533,-1.1464763889454832,38.755907987448644,-0.32633087870569955,37.05611538501405,35.228267214300196
2020-05-07 00:00:00+00:00,38.3535659231,-0.7055961069150518,38.55473695527432,-0.5159634928103757,28.198464824370106,43.668228980601825
2020-05-08 00:00:00+00:00,38.6839559815,0.8614324390656236,38.619346468387164,0.17273447312762397,49.95188177424208,66.76019539053418
2020-05-11 00:00:00+00:00,38.9136557364,0.593785586484108,38.76650110239358,0.38326002980586593,61.968074556083515,60.415214408985904
2020-05-12 00:00:00+00:00,38.9482680282,0.08894638950001088,38.85738456529679,0.2361032096529384,63.92573646931681,47.61217848052485
2020-05-13 00:00:00+00:00,38.9262420243,-0.05655194701866817,38.891813294798396,0.08977563131713512,60.93188265802015,43.616304956351726
2020-05-14 00:00:00+00:00,38.8349914367,-0.234419206310843,38.863402365749195,-0.07232178749685395,47.196130149507034,37.799215862292606
2020-05-15 00:00:00+00:00,39.6279275769,2.0418084589833407,39.2456649713246,0.9847433357432434,86.59234479034656,82.52867453266204
2020-05-18 00:00:00+00:00,40.1691379583,1.3657297125865497,39.7074014648123,1.1752365241648965,92.39864073097199,62.50354697659429
2020-05-19 00:00:00+00:00,39.3164169504,-2.1228262572754786,39.51190920760615,-0.473794866555291,45.66328308509976,21.7172289378969
2020-05-20 00:00:00+00:00,39.4737455497,0.4001600641749148,39.492827378653075,-0.036817401190188115,52.33545748855513,54.16424164658705
2020-05-21 00:00:00+00:00,39.3290032384,-0.366679952166582,39.41091530852654,-0.20174867667838506,44.752025768857855,45.555653340383145
2020-05-22 00:00:00+00:00,39.1213294874,-0.5280422433824428,39.26612239796327,-0.3648954600304139,34.113650340450185,43.37948634073897
2020-05-26 00:00:00+00:00,38.9734406041,-0.3780262205752227,39.11978150103164,-0.37146084030281834,27.205465412965726,46.915733533856084
2020-05-27 00:00:00+00:00,38.5392136702,-1.114161149668469,38.82949758561582,-0.7428109949856436,14.380093644687703,32.14054376118002
2020-05-28 00:00:00+00:00,38.9199488803,0.9879163943461444,38.874723232957905,0.1225526996802504,47.14912144958092,71.11077621884195
2020-05-29 00:00:00+00:00,39.0363720438,0.299134934267431,38.95554763837895,0.2108438169738407,55.04150505267802,55.45745404087835
2020-06-01 00:00:00+00:00,39.0049063239,-0.08060615844293073,38.98022698113948,0.06511882926545498,51.89948768794969,46.91670410756853
2020-06-02 00:00:00+00:00,38.99861318,-0.016134236672027402,38.989420080569744,0.02449229629671379,51.02565533408384,48.9200716656026
2020-06-03 00:00:00+00:00,38.8507242967,-0.37921574958937887,38.920072188634876,-0.17736172664633254,32.02102557324216,37.09419207423914
2020-06-04 00:00:00+00:00,38.4227905067,-1.10148214157324,38.671431347667436,-0.6394219341097863,12.237636700917502,21.5497916851551
2020-06-05 00:00:00+00:00,38.2497290476,-0.45041356137269783,38.46058019763372,-0.5449177477412421,8.901500846091595,49.923771672593816
2020-06-08 00:00:00+00:00,38.1490387441,-0.263244488280423,38.30480947086686,-0.4040811180108326,7.190711349629037,56.68011975036077
2020-06-09 00:00:00+00:00,38.1836510359,0.09072913221268575,38.24423025338343,-0.1566759928990734,15.558719837658284,68.6710786529604
2020-06-10 00:00:00+00:00,38.1238661682,-0.1565718994335774,38.184048210791715,-0.1566239461663254,12.612396209616584,53.230226338588835
2020-06-11 00:00:00+00:00,37.7871829658,-0.8831297458515297,37.98561558829586,-0.5198768460089276,4.851553725779902,26.736670469678934
2020-06-12 00:00:00+00:00,37.0477385494,-1.9568656839787368,37.516677068847926,-1.238371264993832,1.6026785354138129,12.711666694702867
2020-06-15 00:00:00+00:00,37.1547219968,0.28877186999509696,37.335699532823966,-0.47479969749936757,14.08821578469366,67.00645180677942
2020-06-16 00:00:00+00:00,37.6487337985,1.3296070462929244,37.492216665661985,0.4274036743967784,54.27531580301699,76.96704390158521
2020-06-17 00:00:00+00:00,37.4536463354,-0.5181780193302732,37.47293150053099,-0.045387172466747394,42.49928678352065,42.666373271193436
2020-06-18 00:00:00+00:00,37.126402849,-0.8737293118793121,37.299667174765496,-0.45955824217302976,27.491249583336227,37.80370901892229
2020-06-19 00:00:00+00:00,37.7116652382,1.5764047801247294,37.50566620648274,0.5584232689758498,62.76553554949221,71.44417909613007
2020-06-22 00:00:00+00:00,38.2874879114,1.5269086357308836,37.896577058941375,1.0426659523533668,78.32628632258603,70.29211418150055
2020-06-23 00:00:00+00:00,38.0955470203,-0.5013149244582515,37.99606203962069,0.2706755139475576,64.7883527762856,35.30200957208565
2020-06-24 00:00:00+00:00,37.8532609775,-0.6359957048809317,37.92466150856035,-0.18266009546668704,48.81349791854731,33.63436707161278
2020-06-25 00:00:00+00:00,37.6676132304,-0.49044056524046864,37.79613736948018,-0.33655033035357784,38.03465757973538,38.355144703585886
2020-06-26 00:00:00+00:00,37.2302397245,-1.1611394202885483,37.513188546990094,-0.748844875321063,21.36365512645291,25.713125386157
2020-06-29 00:00:00+00:00,37.4630860514,0.6254225828870252,37.488137299195046,-0.0617111462170189,41.75163244502521,67.93786791987388
2020-06-30 00:00:00+00:00,37.6896392343,0.6047371073199193,37.588888266747524,0.2715129805514502,57.74182239532242,67.273759029548
2020-07-01 00:00:00+00:00,37.6613200864,-0.07513775264323952,37.625104176573764,0.09818761395410533,54.915225310195765,45.39610656707944
2020-07-02 00:00:00+00:00,37.5102846311,-0.40103600976680864,37.56769440383688,-0.15142419790635164,39.461402634002,36.79285170805725
2020-07-06 00:00:00+00:00,37.4095943276,-0.26843385618172677,37.48864436571844,-0.2099290270440392,30.79524135780919,43.34579121665745
2020-07-07 00:00:00+00:00,39.9457313474,6.7793758937634285,38.71718785655922,3.284723433359695,92.55637191681149,93.88541245952673
2020-07-08 00:00:00+00:00,39.1559417792,-1.9771563607919873,38.93656481787961,0.6537835362838538,65.32415409035191,35.26175214042768
2020-07-09 00:00:00+00:00,40.1974571062,2.6599164256426056,39.5670109620398,1.6568499809632296,78.08099346531006,56.72564316889922
2020-07-10 00:00:00+00:00,41.1194026977,2.293542074226873,40.3432068298699,1.9751960275950513,85.27423645429427,54.580969745655516
2020-07-13 00:00:00+00:00,40.7544003475,-0.8876645239314529,40.54880358868495,0.5437657518317992,71.36587180826317,36.57200958776809
2020-07-14 00:00:00+00:00,41.5378967717,1.9224830141515215,41.043350180192476,1.2331243829916603,81.22548046660253,55.86683860598467
2020-07-15 00:00:00+00:00,41.5347501997,-0.007575183734731539,41.28905018994624,0.6127745996284644,81.05734474202855,42.53619394829417
2020-07-16 00:00:00+00:00,41.5976816394,0.15151515152354023,41.44336591467312,0.3821448755760023,82.16489786065455,44.18294749136184
2020-07-17 00:00:00+00:00,41.4529393281,-0.34795763993468176,41.44815262138656,0.017093617820660267,68.37290995253146,38.92920213719593
2020-07-20 00:00:00+00:00,41.3679818845,-0.20494914227328076,41.40806725294328,-0.09392776222631025,59.569309826468285,41.89647888974778
2020-07-21 00:00:00+00:00,41.6385870752,0.6541416292811686,41.523327164071645,0.28010693352742916,74.96830644473035,59.58907944181738
2020-07-22 00:00:00+00:00,41.7424239507,0.2493765586052854,41.63287555738582,0.26474174606635725,79.46915874413928,49.036394258939964
2020-07-23 00:00:00+00:00,41.4214736083,-0.7688828583099605,41.52717458284291,-0.2520705561218016,43.339406727171614,29.39380376650604
2020-07-24 00:00:00+00:00,41.2956107289,-0.30385900943604716,41.41139265587145,-0.2779647827789244,34.194592683045755,44.59663371646454
2020-07-27 00:00:00+00:00,41.2861710129,-0.02285888459665486,41.348781834385726,-0.15041183368778963,33.4017024928036,53.64378994764089
2020-07-28 00:00:00+00:00,41.4592324721,0.4191753678148613,41.40400715324286,0.13438176706353583,59.33322567302496,66.53743765485606
2020-07-29 00:00:00+00:00,41.1225492697,-0.8120825744339699,41.26327821147143,-0.338850403685217,27.774362624880908,30.774116147807195
2020-07-30 00:00:00+00:00,40.9431946666,-0.4361466063879327,41.10323643903571,-0.38749850503657485,19.490555971874183,44.44890153362992
2020-07-31 00:00:00+00:00,40.7166414837,-0.5533353827047893,40.90993896136786,-0.4704169438706821,12.453135854089886,40.69045833819015
2020-08-03 00:00:00+00:00,40.6851757638,-0.07727975283178257,40.79755736258393,-0.27384834835123234,11.581914767160818,60.85799856202985
2020-08-04 00:00:00+00:00,41.4214736083,1.8097447797070343,41.10951548544196,0.767948215677901,74.41306600032546,87.04681820130298
2020-08-05 00:00:00+00:00,40.8456509351,-1.390154968037205,40.97758321027098,-0.311103376179652,40.58292753015931,32.21740781918559
2020-08-06 00:00:00+00:00,40.7009086238,-0.3543640705591433,40.839245917035484,-0.33273372336939766,34.64432006664612,48.09254222503528
2020-08-07 00:00:00+00:00,40.8959960868,0.4793196751532003,40.86762100191774,0.07329297589190131,49.56525915787239,59.534588540430526
2020-08-10 00:00:00+00:00,41.4969913359,1.4695699007414298,41.182306168908866,0.7714314383166656,75.4573525871354,70.9455356068471
2020-08-11 00:00:00+00:00,40.9683672425,-1.2738853501956693,41.07533670570443,-0.25122695593950184,44.98641026984662,32.66554476842137
2020-08-12 00:00:00+00:00,41.5001379079,1.2980030721076563,41.287737306802214,0.5233880580840773,65.81585596250802,61.71435019864994
2020-08-13 00:00:00+00:00,41.6574665071,0.3791037985202639,41.472601906951105,0.4512459283021706,70.73346108588025,50.125145865359954
2020-08-14 00:00:00+00:00,41.8944259298,0.5688282139280298,41.68351391837555,0.5100370711151002,77.9120853756826,52.86637223775144
2020-08-17 00:00:00+00:00,42.8422636205,2.2624434388675896,42.26288876943778,1.3862402549913448,91.06369723824052,72.84845079964508
2020-08-18 00:00:00+00:00,42.5610717723,-0.6563421827819882,42.41198027086889,0.3649490361046783,71.9892511493265,34.75686306075262
2020-08-19 00:00:00+00:00,41.8343962094,-1.7073713904285248,42.12318824013444,-0.6712111771619232,39.72999884776202,27.1023227621388
2020-08-20 00:00:00+00:00,41.2530557591,-1.3896231402268255,41.68812199961722,-1.0304171586943744,25.836709316598977,33.72159483359223
2020-08-21 00:00:00+00:00,41.5879584098,0.811825074621586,41.638040204708616,-0.1092960420363942,43.046824559737836,65.900113233901
2020-08-24 00:00:00+00:00,41.4931746407,-0.22791157037819199,41.5656074227043,-0.1686038062072931,39.18638597715097,49.03450737820866
2020-08-25 00:00:00+00:00,41.2720125129,-0.53300845190829,41.41880996780215,-0.35080612905779157,29.824936480421773,44.07011965888005
2020-08-26 00:00:00+00:00,41.2941287257,0.05358646562991787,41.35646934675107,-0.14860983171393685,32.25261773638074,56.7100064309226
2020-08-27 00:00:00+00:00,43.1676878944,4.537107880748104,42.26207862057554,2.194249024517083,87.44486669797891,87.9449459037089
2020-08-28 00:00:00+00:00,44.327209336,2.6860865109025855,43.294643978287766,2.440167767709834,92.85133136097443,60.78482229935588
2020-08-31 00:00:00+00:00,43.8690877855,-1.033499643587854,43.58186588189388,0.70333406206099,73.9731778312235,31.480316738359164
2020-09-01 00:00:00+00:00,46.6304549244,6.294562477345855,45.106160403146944,3.4989482697034227,90.82999587436156,71.74102577019339
2020-09-02 00:00:00+00:00,46.6588900552,0.06097974134307016,45.88252522917347,1.7799640055232464,90.92082459516959,41.00115618607771
2020-09-03 00:00:00+00:00,45.6668199389,-2.126218851597894,45.774672584036736,-0.17312742303732387,59.88091295483204,33.456255612815596
2020-09-04 00:00:00+00:00,45.1265524552,-1.1830635118075916,45.45061251961837,-0.6780954674224577,46.82299298101867,40.53425543868201
2020-09-08 00:00:00+00:00,43.7427094267,-3.0665826508103566,44.59666097315919,-1.872339059116407,25.477353721782077,30.73976366582445
2020-09-09 00:00:00+00:00,44.1976715183,1.0400866740145176,44.39716624572959,-0.41612619255094474,39.156109906011956,61.312775922416236
2020-09-10 00:00:00+00:00,43.2245581558,-2.2017299307206417,43.810862200764795,-1.3089280616357932,24.643611659471894,40.266091010610815
2020-09-11 00:00:00+00:00,43.1898041071,-0.08040347937097181,43.5003331539324,-0.6946657705033825,24.16383216747955,55.320179481505164
2020-09-14 00:00:00+00:00,43.3856905632,0.45354791518443793,43.4430118585662,-0.12055892765947229,34.88217137424428,59.20218304760281
2020-09-15 00:00:00+00:00,43.3983283991,0.029129041709241577,43.4206701288331,-0.04571494297511536,35.76081088757509,53.64496197155449
2020-09-16 00:00:00+00:00,43.0507879125,-0.8008153756613567,43.235729020666554,-0.42326515931823605,22.97382699788367,42.063342077028395
2020-09-17 00:00:00+00:00,43.1866446482,0.31557316901174026,43.21118683443328,-0.053845995153247894,36.32442362402671,59.643181669713684
2020-09-18 00:00:00+00:00,42.7443203925,-1.024215377932669,42.97775361346664,-0.5390306865429585,19.672326890673812,38.57335285079027
2020-09-21 00:00:00+00:00,43.306704089,1.3156922167340879,43.14222885123332,0.3883307650955647,57.14224926936002,68.09754468510889
2020-09-22 00:00:00+00:00,43.6984770012,0.9046472606062617,43.42035292621666,0.6464890128509132,71.18667371089954,60.442534855627265
2020-09-23 00:00:00+00:00,42.9654825203,-1.6773913673922003,43.19291772325833,-0.5154511772706436,37.082761645340206,29.352400644790386
2020-09-24 00:00:00+00:00,43.1898041071,0.5220972130221435,43.19136091517917,0.0033230178757499562,48.42516247410455,57.370567364229984
2020-09-25 00:00:00+00:00,43.3698932684,0.4169714705198002,43.28062709178958,0.21014724419777508,57.62452414355264,55.78445438205684
2020-09-28 00:00:00+00:00,43.3635743504,-0.014569826033217215,43.32210072109479,0.09778870908227894,57.08858496484553,47.6694355925137
2020-09-29 00:00:00+00:00,43.3288203018,-0.08014571935230919,43.325460511447396,0.008821494864984875,53.02036165703924,46.139536864713946
2020-09-30 00:00:00+00:00,44.2039904362,2.01983374646284,43.7647254738237,1.0143276206639125,87.27440720954147,78.80882890296593
2020-10-01 00:00:00+00:00,45.2055389294,2.2657422628971524,44.48513220161185,1.6400349417805324,94.348253567514,80.84918801944569
2020-10-02 00:00:00+00:00,44.3903985154,-1.803187028193709,44.43776535850593,-0.08157604320658829,56.20570524470364,23.851192433768716
2020-10-05 00:00:00+00:00,44.8011281814,0.925266903962374,44.619446769952965,0.42184543037789285,66.45544393823852,55.445261427700345
2020-10-06 00:00:00+00:00,44.431471482,-0.8251057828348896,44.52545912597648,-0.20163017622849835,50.49967863637834,39.62491575409845
2020-10-07 00:00:00+00:00,44.5136174152,0.18488231530500165,44.51953827058824,-0.00837393046174835,54.16774392378364,51.58222250073396
2020-10-08 00:00:00+00:00,44.6621119867,0.3335935835430126,44.59082512864412,0.16260982654063214,61.836030687219356,53.61133611651059
2020-10-09 00:00:00+00:00,45.1107551603,1.0045274476352617,44.85079014447206,0.5835686370879469,78.29426738767067,63.860910207155314
2020-10-12 00:00:00+00:00,45.5751956288,1.0295559603239246,45.21299288663603,0.8065622987059358,86.99985645588167,64.30225833294945
2020-10-13 00:00:00+00:00,46.2007685047,1.3726169844560987,45.70688069566802,1.0895896415810173,92.81891625688004,71.46671746363306
2020-10-14 00:00:00+00:00,45.4772524007,-1.5660261234104689,45.59206654818401,-0.23821824091472577,52.24689157299607,19.969737925343075
2020-10-15 00:00:00+00:00,45.6636604799,0.409893011032314,45.627863514042005,0.08583738505879412,59.14789734452129,53.65295447396982
2020-10-16 00:00:00+00:00,45.7205307414,0.1245416177816594,45.674197127721,0.10518950142022676,61.68200616222474,49.17002565843241
2020-10-19 00:00:00+00:00,45.1644659628,-1.2162255546532386,45.419331545260505,-0.5555180266165058,32.29775587867192,30.946183982014883
2020-10-20 00:00:00+00:00,45.4646145649,0.6645680308657198,45.441973055080254,0.05452500212460698,51.14247859720753,61.2027434244684
2020-10-21 00:00:00+00:00,45.6225875133,0.34746351621322,45.53228028419012,0.2009942591689135,59.944567828490364,55.097331469314824
2020-10-22 00:00:00+00:00,45.3540335009,-0.5886426593443517,45.44315689254506,-0.19382420008771908,41.074698257973075,38.21609280299344
2020-10-23 00:00:00+00:00,45.44881727,0.20898641594493395,45.445987081272534,0.007581107928607431,49.4919988169379,55.60219906658627
2020-10-26 00:00:00+00:00,44.9148687042,-1.1748348975242684,45.18042789273627,-0.5836268947978305,22.424433058278186,32.09706977744296
2020-10-27 00:00:00+00:00,45.139190291,0.49943725379077986,45.159809091868134,-0.04209482050352531,42.30794582433926,61.575954980810224
2020-10-28 00:00:00+00:00,44.2450634028,-1.9808217259454808,44.70243624733406,-1.011458273224503,16.706302542149523,31.341414606954103
2020-10-29 00:00:00+00:00,44.2071498952,-0.08568980284838768,44.454793071267034,-0.5485740380364453,16.0871315728862,56.06591324467009
2020-10-30 00:00:00+00:00,43.8374931958,-0.8361921098200775,44.14614313353351,-0.6923830739282615,10.432413888298946,46.18611795096963
2020-11-02 00:00:00+00:00,44.3588039257,1.1891891891983253,44.25247352961676,0.2484030576350319,48.62976302112524,68.59119621207148
2020-11-03 00:00:00+00:00,45.1107551603,1.6951566950711872,44.681614344958376,0.9717798763531096,73.2824203468169,72.83004692096576
2020-11-04 00:00:00+00:00,44.8516795249,-0.5743101273285811,44.766646934929184,0.19873487451226424,58.719118490439605,38.17074414881465
2020-11-05 00:00:00+00:00,45.3287578292,1.0636799097682559,45.04770238206459,0.6312073921402601,73.3487194795305,59.19438205550403
2020-11-06 00:00:00+00:00,46.0554333921,1.603122604061058,45.5515678870823,1.117164998100659,85.27311787079815,65.06287204263644
2020-11-09 00:00:00+00:00,45.350874042,-1.5298072305641397,45.45122096454115,-0.20632111623174032,51.658486133271126,28.880104538845316
2020-11-10 00:00:00+00:00,45.9890847537,1.4072732338277438,45.720152859120574,0.6004760587980018,68.51980128414957,60.09058072748618
2020-11-11 00:00:00+00:00,46.7536738242,1.6625446550955436,46.23691334166028,1.1315103569467726,80.64896148166932,62.25031456747251
2020-11-12 00:00:00+00:00,46.8326602985,0.16894174904200643,46.53478682008014,0.6502260529943895,81.73921764244632,42.20499793379123
2020-11-13 00:00:00+00:00,47.5624953203,1.5583889899659864,47.04864107019007,1.1043075214801878,89.74623595034053,60.12306934912633
2020-11-16 00:00:00+00:00,48.1627925244,1.262123023734163,47.60571679729503,1.1832152726071754,93.34596279157303,54.69915798909119
2020-11-17 00:00:00+00:00,47.1928386209,-2.013907110989477,47.39927770909752,-0.4153459191911507,50.43361056244066,21.911786237646627
2020-11-18 00:00:00+00:00,47.1043737698,-0.18745397328319147,47.25182573944876,-0.3013999462371711,47.44940673550394,47.98547613281013
2020-11-19 00:00:00+00:00,48.0616898374,2.032329465366489,47.656757788424386,0.8654647595646591,73.19491492288087,67.66693297088463
2020-11-20 00:00:00+00:00,47.4677115513,-1.2358664210715964,47.56223466986219,-0.18520083075346866,50.27248410513553,36.86277385977617
2020-11-23 00:00:00+00:00,47.6857142201,0.45926517558025903,47.6239744449811,0.1370321724133952,57.58521412136161,53.3759176288669
2020-11-24 00:00:00+00:00,47.8215709558,0.2849002849635962,47.72277270039055,0.21096622868849568,62.711141901427915,51.305513227021876
2020-11-25 00:00:00+00:00,47.9700655273,0.3105179703051908,47.84641911384527,0.26074209949684324,68.87775596574535,51.718242245798294
2020-11-27 00:00:00+00:00,47.897397971,-0.15148521374991342,47.87190854242263,0.05462844287346491,61.421675572102586,42.07170102446896
2020-11-30 00:00:00+00:00,48.2733735884,0.7849604223336692,48.07264106541132,0.4197944326035671,79.03490102429504,63.03462456734571
2020-12-01 00:00:00+00:00,48.2259817038,-0.09817396439718573,48.14931138460566,0.16081023410319067,72.75445240902874,41.69195245210151
2020-12-02 00:00:00+00:00,47.5561764024,-1.3888888888024975,47.85274389350283,-0.6140393273496534,27.10024410416681,23.929614713322295
2020-12-03 00:00:00+00:00,47.1707224082,-0.8105235184142079,47.51173315085141,-0.7122814228819306,17.578474740794455,40.863806227748114
2020-12-04 00:00:00+00:00,47.0475035084,-0.26121902211652115,47.279618329625706,-0.4867502224992259,15.04392084773803,55.10257446818386
2020-12-07 00:00:00+00:00,46.7947467908,-0.5372372575621842,47.037182560212855,-0.5119937400307051,10.42077939082479,46.63849947844901
2020-12-08 00:00:00+00:00,47.2181142927,0.9047329688366634,47.12764842645643,0.19636961440297918,49.450684310567794,75.78547035239636
2020-12-09 00:00:00+00:00,46.8452981343,-0.7895617264360721,46.98647328037822,-0.2965960560165465,31.386943122234616,38.61293756027018
2020-12-10 00:00:00+00:00,46.6272954655,-0.465367235309333,46.80688437293911,-0.38098164566293974,23.770767593426974,46.18856663405231
2020-12-11 00:00:00+00:00,46.6146112175,-0.02720348215217161,46.710747795219554,-0.20409256390755567,23.277793709147844,56.9572763761342
2020-12-14 00:00:00+00:00,46.1865178492,-0.9183673468873277,46.448632822209774,-0.5612299553974417,11.355604639532801,35.365718587142155
2020-12-15 00:00:00+00:00,46.1643204153,-0.04806041878385736,46.306476618754886,-0.3046451870906495,10.920578488603063,58.443014932508504
2020-12-16 00:00:00+00:00,46.1167544855,-0.10303613130678846,46.21161555212744,-0.203840659198719,9.723280153877592,56.53054396139314
2020-12-17 00:00:00+00:00,46.3292156386,0.4607027434395894,46.270415595363716,0.1284310421204352,47.95432574391272,71.08472880211328
2020-12-18 00:00:00+00:00,46.2816497088,-0.10266940448774298,46.27603265208186,0.012880818816346118,41.98359189933372,47.33004531533153
2020-12-21 00:00:00+00:00,46.2879918328,0.013703323109481858,46.28201224244093,0.013292070962913988,43.39320043892072,52.27194343829657
2020-12-22 00:00:00+00:00,45.726713861,-1.2125779269652304,46.00436305172046,-0.5996429280011581,10.269632422814407,21.051356517207243
2020-12-23 00:00:00+00:00,45.4159497862,-0.6796116505215277,45.71015641896023,-0.6396272892613429,6.2851318652631045,43.177057405754326
2020-12-24 00:00:00+00:00,45.5047395219,0.1955034214146778,45.607447970430115,-0.22206193392333257,19.646396485516984,66.38201366031848
2020-12-28 00:00:00+00:00,46.0501621837,1.198606271633551,45.828805077065056,0.48827216885510927,65.27072375994196,80.2496677408504
2020-12-29 00:00:00+00:00,45.7584244809,-0.6335215533796124,45.79361477898253,-0.07262469226225154,44.84246877829173,37.673395527001574
2020-12-30 00:00:00+00:00,45.720371737,-0.08316008326703095,45.75699325799127,-0.07789238776464125,42.2549971484301,49.698499538807745
2020-12-31 00:00:00+00:00,45.7108585511,-0.020807324040850173,45.733925904545636,-0.04934985590274571,41.360047956548975,51.29542286544446
2021-01-04 00:00:00+00:00,46.4655713041,1.6510579256705737,46.09974860432282,0.800854034883914,83.34275507694713,78.60879240589216
2021-01-05 00:00:00+00:00,46.2182284691,-0.5323142018016647,46.158988536711405,0.1342699165411247,61.646153247038995,37.45846792555059
2021-01-06 00:00:00+00:00,46.50679511,0.6243567753639212,46.3328918233557,0.379313345952523,73.65041951562873,55.83171787830827
2021-01-07 00:00:00+00:00,46.503624048,-0.0068184917763058905,46.41825793567785,0.18624742708810854,73.27239761400004,45.00876119716592
2021-01-08 00:00:00+00:00,46.497281924,-0.013637913452624328,46.457769929838925,0.0863047568177421,72.16126188840417,44.86780357286767
2021-01-11 00:00:00+00:00,46.7065720152,0.450112528173352,46.582170972519464,0.26820864249554704,84.09796843307868,58.216162713402845
2021-01-12 00:00:00+00:00,47.2393104291,1.1406069658176365,46.91074070080973,0.7044078041565918,93.97002028747677,72.88069576247472
2021-01-13 00:00:00+00:00,46.757309007,-1.020339665676151,46.834024853904864,-0.1579659307597796,51.00080551379469,27.527740222581635
2021-01-14 00:00:00+00:00,46.6050980316,-0.3255340793397954,46.719561442752436,-0.2417500050497875,41.920792181182925,44.257510105258376
2021-01-15 00:00:00+00:00,45.8662405885,-1.5853575559459765,46.292901015626214,-0.9135537804978819,18.25556513792415,27.18770971130957
2021-01-19 00:00:00+00:00,45.46985784,-0.8642146018816743,45.88137942781311,-0.8888841911897781,12.552965512345022,45.30182816245362
2021-01-20 00:00:00+00:00,46.1421229814,1.4784852500871581,46.011751204606554,0.29480052944869,51.27442304717431,75.275082758608
2021-01-21 00:00:00+00:00,45.9328328902,-0.45357707378216316,45.97229204740327,-0.07938827216673658,42.48866850939902,44.863042572073034
2021-01-22 00:00:00+00:00,46.4021500644,1.0217466345302073,46.18722105590163,0.47117918118173535,63.516172245476234,62.30610621718776
2021-01-25 00:00:00+00:00,46.3609262585,-0.0888402926217502,46.274073657200816,0.19116944427999258,60.597009005760185,45.90713363395796
2021-01-26 00:00:00+00:00,46.7763353789,0.8960328317940691,46.52520451805041,0.5436011380370308,76.74919395435883,59.93448669863201
2021-01-27 00:00:00+00:00,45.6125556295,-2.487966917401918,46.068880073775205,-0.9721828896824436,28.189518527610076,25.65112350615147
2021-01-28 00:00:00+00:00,45.5840160716,-0.06256952171639352,45.8264480726876,-0.5173762056994186,27.548360023943946,53.96254923776798
2021-01-29 00:00:00+00:00,44.5502498636,-2.26782608705699,45.1883489681438,-1.3926011463782042,12.321541965785801,35.517014254262996
2021-02-01 00:00:00+00:00,44.1633803011,-0.8683892092288703,44.6758646346219,-1.1304951778035373,9.4037825656981,51.34736710013462
2021-02-02 00:00:00+00:00,44.6390395993,1.0770445897868797,44.657452116960954,-0.026725294008328793,36.94250628837402,67.82057395946289
2021-02-03 00:00:00+00:00,44.7753952647,0.30546281152998844,44.71642369083048,0.13936875876082983,44.23185011863297,56.44977928170957
2021-02-04 00:00:00+00:00,45.1971465091,0.9419263457234095,44.956785099965245,0.5406475522421197,63.7002369073705,63.93205314653688
2021-02-05 00:00:00+00:00,45.7774508528,1.2839402230474084,45.36711797638262,0.912293887644764,78.90162901323572,68.31936564946183
2021-02-08 00:00:00+00:00,45.989912006,0.46411748413683895,45.67851499119131,0.6882056858908014,82.84660697405955,47.53095857247002
2021-02-09 00:00:00+00:00,46.243596965,0.5516100117062717,45.96105597809566,0.6199078487985366,87.1499570653312,49.96802462226782
2021-02-10 00:00:00+00:00,45.7045164271,-1.1657409312428868,45.83278620259783,-0.2729165412221751,48.42571751381712,21.10536392977561
2021-02-11 00:00:00+00:00,45.6696347452,-0.07631998897885683,45.751210473898915,-0.17461826510051598,46.42360002346753,49.08815144988103
2021-02-12 00:00:00+00:00,45.8123325347,0.3124566033780196,45.781771504299456,0.06891916913875182,57.265456459669515,57.2119892252473
2021-02-16 00:00:00+00:00,46.1896889112,0.8237004221825606,45.985730207749725,0.4463097956606562,76.2942081080642,67.45532727210933
2021-02-17 00:00:00+00:00,46.6780324573,1.0572566250421023,46.33188133252486,0.7517832103513793,87.28477775218933,72.04183987797437
2021-02-18 00:00:00+00:00,43.6528393211,-6.48097826095686,44.99236032681243,-2.8645975253027403,16.443729712067128,9.209037255798725
2021-02-19 00:00:00+00:00,43.8684715363,0.49397065243308447,44.43041593155621,-1.185313436434828,23.115443086902232,58.9273812206961
2021-02-22 00:00:00+00:00,43.6623525071,-0.46985687438286794,44.046384219328104,-0.8275851554088479,20.740892247570578,52.92051886529225
2021-02-23 00:00:00+00:00,42.9583767458,-1.6123175250017163,43.50238048256405,-1.2199513402052822,13.589251794222198,44.800665462219705
2021-02-24 00:00:00+00:00,42.2417167366,-1.6682660367749458,42.87204860958202,-1.444108688490114,8.902040534824431,44.30134478416026
2021-02-25 00:00:00+00:00,41.8421629262,-0.9458749342301509,42.357105767891014,-1.1949918113601323,6.909101832045771,54.1898736332661
2021-02-26 00:00:00+00:00,41.1984373427,-1.5384615385093392,41.7777715552955,-1.3667266749347358,4.483431906014563,44.47433030455609
2021-03-01 00:00:00+00:00,41.6582413309,1.1160714285719742,41.71800644309775,-0.1253276231813808,30.591991692797365,74.81478768897612
2021-03-02 00:00:00+00:00,41.2586875205,-0.9591230873772671,41.48834698179887,-0.5422253552793239,22.55571875312039,45.597852611930676
2021-03-03 00:00:00+00:00,40.4595798996,-1.9368226885621342,40.973963440699436,-1.239524021920729,12.614518034120705,35.73542114441698
2021-03-04 00:00:00+00:00,40.4405535277,-0.047025628904739936,40.70725848419971,-0.6432748254127345,12.419033706129513,60.50374144008983
2021-03-05 00:00:00+00:00,40.9447523837,1.246765466883759,40.82600543394986,0.3017453207355123,45.80374832464072,71.70330042319313
2021-03-08 00:00:00+00:00,40.5515406973,-0.9603469639165252,40.68877306562493,-0.32930082159050644,31.67799897263925,41.55270783214485
2021-03-09 00:00:00+00:00,40.871817958,0.7898029401416151,40.78029551181247,0.23025105927555434,50.37593785397395,61.03898930182861
2021-03-10 00:00:00+00:00,41.9150973519,2.5525642019938566,41.347696431856235,1.3914076306347054,78.76780168783394,74.08994707872571
2021-03-11 00:00:00+00:00,41.899242042,-0.03782720523559657,41.623469236928116,0.6767902126995544,77.75368498306368,42.62030200652004
2021-03-12 00:00:00+00:00,42.5302833775,1.5060924846025614,42.07687630721406,1.091441348651058,87.42167704287026,58.41258876204497
2021-03-15 00:00:00+00:00,42.3114801004,-0.5144646584126833,42.19417820380703,0.2884883451191873,71.30469862666259,37.92318691384741
2021-03-16 00:00:00+00:00,42.2987958524,-0.0299782658746528,42.246487028103516,0.12925503962226725,70.17963328340606,44.87748861172725
2021-03-17 00:00:00+00:00,41.9468079718,-0.8321463377545024,42.09664749995176,-0.3514456490661176,42.35928882157821,35.109171613983996
2021-03-18 00:00:00+00:00,41.4013853099,-1.3002721500684267,41.74901640492588,-0.8258588995672721,22.046056105054845,29.490193971154817
2021-03-19 00:00:00+00:00,41.9522998287,1.3306668718359616,41.85065811681294,0.2524039861343447,54.850191466772,69.98560327829227
2021-03-22 00:00:00+00:00,42.1529218789,0.4782146652726693,42.00178999785647,0.36530932570350705,63.2888623873604,54.713433088470346
2021-03-23 00:00:00+00:00,42.6528847659,1.1860693511029252,42.32733738187824,0.7756893384032162,78.38823160824984,64.39189311208578
2021-03-24 00:00:00+00:00,42.388573176,-0.6196804538559753,42.357955278939116,0.07800444227362047,59.109182348419175,35.42318259863177
2021-03-25 00:00:00+00:00,42.6751761048,0.6761325218709535,42.51656569186956,0.377068482072287,70.79285784644492,56.49209602602261
2021-03-26 00:00:00+00:00,43.0318375274,0.8357585255749811,42.77420160963478,0.606413503823634,80.9521954130516,58.965887678331356
2021-03-29 00:00:00+00:00,43.5222469834,1.1396433063955103,43.14822429651739,0.8730284051095721,88.90902450156122,64.69772913718852
2021-03-30 00:00:00+00:00,43.2260906236,-0.6804712080076158,43.1871574600587,0.09627859855097815,64.50171732101387,28.691288178086655
2021-03-31 00:00:00+00:00,43.2547509165,0.06630322679319622,43.22095418827935,0.08129091267208718,65.86210165740472,46.88403333793885
2021-04-01 00:00:00+00:00,43.1878768997,-0.1546050211434502,43.204415543989676,-0.03665705423568151,58.07285429142009,42.116224587796005
2021-04-05 00:00:00+00:00,44.4011626318,2.809320159260764,43.80278908789484,1.3863315525125413,90.06118290852831,81.00075232616943
2021-04-06 00:00:00+00:00,44.61452259,0.480527863581659,44.20865583894742,0.9334297080471001,91.72627551407476,45.20823199944979
2021-04-07 00:00:00+00:00,44.5189882804,-0.2141327622799949,44.36382205967371,0.3596484728835526,82.44887820379341,37.74544617764226
2021-04-08 00:00:00+00:00,44.4903279875,-0.06437768243852116,44.42707502358685,0.14763539522251573,78.85966040357589,40.90022847715993
2021-04-09 00:00:00+00:00,44.5126193264,0.05010378639209723,44.469847174993426,0.09886959080730648,79.88144339769649,44.14585516930397
2021-04-12 00:00:00+00:00,44.5189882804,0.014308198655532678,44.494417727696714,0.05658889473141958,80.2897275794411,43.0373347525438
2021-04-13 00:00:00+00:00,44.3820557699,-0.3075822604897138,44.43823674879836,-0.12549668287914711,48.52871922851289,32.14844502708622
2021-04-14 00:00:00+00:00,44.366133385,-0.035875726402923025,44.40218506689918,-0.08068620464103507,45.39651805641438,48.610839147216474
2021-04-15 00:00:00+00:00,44.6336294519,0.6029285098584802,44.51790725939959,0.2611211526087226,79.21047296219764,72.30653455745912
2021-04-16 00:00:00+00:00,44.7769309163,0.3210616437868463,44.6474190878498,0.29109139819778446,86.11831399743008,55.39938559012557
2021-04-19 00:00:00+00:00,44.4903279875,-0.6400682738523011,44.568873537674904,-0.17448843782725834,43.12761917302509,25.22769227073851
2021-04-20 00:00:00+00:00,44.8342515021,0.7730298475134401,44.70156251988745,0.2992707048430909,70.0446074683489,66.02944676258082
2021-04-21 00:00:00+00:00,44.9648150586,0.2912138646808504,44.83318878924373,0.2952422847619707,76.40399044607445,51.622363123004654
2021-04-22 00:00:00+00:00,44.4775900795,-1.083569405245044,44.65538943437186,-0.39416356024153665,34.91421517859213,26.693922590509803
2021-04-23 00:00:00+00:00,44.5508330502,0.16467387412197887,44.603111242285934,-0.11474484305977889,42.01444670490572,55.777861628551456
2021-04-26 00:00:00+00:00,43.9171221298,-1.422444603192785,44.26011668604296,-0.768594723126282,17.391502817442404,31.75178808051012
2021-04-27 00:00:00+00:00,44.0667925482,0.3408019723096567,44.16345461712148,-0.21389637540831263,31.59418554416066,60.270465412454335
2021-04-28 00:00:00+00:00,43.9107531758,-0.35409741298808584,44.037103896460735,-0.28399689419819923,24.89955359020092,48.331459890405995
2021-04-29 00:00:00+00:00,44.4648521716,1.2618754080159444,44.25097803403037,0.48893925690887263,64.71941511176247,69.44466138841534
2021-04-30 00:00:00+00:00,44.5540175272,0.20052997197852473,44.402497780615185,0.3447346144436987,68.72245507101627,49.512423892353716
2021-05-03 00:00:00+00:00,45.2577869414,1.579586877368233,44.83014236100759,0.9621607459059659,86.65246832843248,67.62402204708292
2021-05-04 00:00:00+00:00,44.8119601632,-0.9850830284239498,44.82105126210379,-0.011461141258991947,56.09583093380122,33.799834476258695
2021-05-05 00:00:00+00:00,44.7737464393,-0.08527572496456193,44.797398850701896,-0.04836843311177694,53.66282791556597,47.59453439420202
2021-05-06 00:00:00+00:00,45.092194138,0.7112375533097959,44.94479649435095,0.33143456009900946,69.95293966643099,58.951969659704474
2021-05-07 00:00:00+00:00,44.8204581223,-0.6026231832240825,44.88262730832548,-0.1355943115625365,48.2440143862308,38.3744377162944
2021-05-10 00:00:00+00:00,45.0186655691,0.4422253923847874,44.95064643871274,0.15331554041112544,61.36298915601803,56.490810170207226
2021-05-11 00:00:00+00:00,44.6126599927,-0.9018605311097327,44.78165321570637,-0.3742724953493036,34.49626629378649,36.04451972298174
2021-05-12 00:00:00+00:00,43.4585811494,-2.586886420780221,44.12011718255319,-1.4805794580647624,12.03292892111133,21.447099840153346
2021-05-13 00:00:00+00:00,44.193866839,1.6919229071751696,44.15699201077659,0.10567172455520357,45.77700699857073,69.1049036942162
2021-05-14 00:00:00+00:00,44.6030693097,0.9259259258546759,44.38003066023829,0.5157988252049397,58.92887466510389,59.423747601369016
2021-05-17 00:00:00+00:00,44.4016649687,-0.45154816499635153,44.39084781446914,0.03212533010429408,49.97906306208194,43.12661040318529
2021-05-18 00:00:00+00:00,45.3671270481,2.1743826049779535,44.87898743128457,1.1032539675411237,76.09001490429084,68.12437214624158
2021-05-19 00:00:00+00:00,45.3703239424,0.0070467197462287245,45.12465568684229,0.5551503436436762,76.15184642915055,44.11744503596656
2021-05-20 00:00:00+00:00,45.5301686575,0.35231116115224115,45.327412172171144,0.4537307523979587,80.02585153566007,48.457695421142766
2021-05-21 00:00:00+00:00,45.3159767392,-0.47043954506571506,45.321694455685574,-0.008354396333878189,60.3279468423169,37.92818344108158
2021-05-24 00:00:00+00:00,45.3191736335,0.007054673715622961,45.32043404459279,-0.000649861309127614,60.54536918340288,47.80210341211373
2021-05-25 00:00:00+00:00,45.5045935031,0.4091422122995958,45.41251377384639,0.2042461754952341,73.28375028316589,56.53533939206425
2021-05-26 00:00:00+00:00,45.4502462999,-0.11943234521212265,45.43138003687319,0.04240691514155573,64.17434755090618,42.51056290460682
2021-05-27 00:00:00+00:00,45.2967953734,-0.3376239712486129,45.3640877051366,-0.1476085280535286,42.04127626113884,36.85026099683696
2021-05-28 00:00:00+00:00,45.4054897797,0.23996047712422364,45.384788742418294,0.046175974535347525,57.58430754649196,58.690630389149945
2021-06-01 00:00:00+00:00,45.2872046905,-0.26050834331685646,45.33599671645915,-0.10716618439075447,40.05154791143535,40.48992599593187
2021-06-02 00:00:00+00:00,45.1881009671,-0.21883382751770597,45.262048841779574,-0.16300000595423023,28.9673157745428,42.70909265152059
2021-06-03 00:00:00+00:00,45.2680233247,0.17686593569885556,45.26503608323979,0.006932964872312666,46.78311565872045,62.58215175051022
2021-06-04 00:00:00+00:00,45.3479456822,0.1765536721732408,45.3064908827199,0.09174331852277673,61.33103552429088,62.55646566317363
2021-06-07 00:00:00+00:00,45.0442407235,-0.6697215367337028,45.175365803109955,-0.28898910910546305,23.974188053686365,23.442460951068227
2021-06-08 00:00:00+00:00,44.7021730331,-0.7594038325559826,44.93876941810498,-0.5241964708307228,11.815406981350757,21.32313616220187
2021-06-09 00:00:00+00:00,44.4624059604,-0.5363655867970163,44.70058768925249,-0.5302810288138695,7.706217682089166,41.16539261976386
2021-06-10 00:00:00+00:00,44.7181575046,0.5752085130700912,44.709372596926244,0.022463742128110864,40.70244233197851,79.6092683608383
2021-06-11 00:00:00+00:00,44.996287309,0.6219616816086182,44.85282995296312,0.32221271186836453,62.54559224764197,80.41658985264579
2021-06-14 00:00:00+00:00,44.9355463172,-0.13499111911807748,44.89418813508156,0.09361079637514352,55.810826118957614,40.99687543460882
2021-06-15 00:00:00+00:00,44.7565202363,-0.39840637440180515,44.825354185690784,-0.15239778901333081,37.81096214662266,32.64402194292029
2021-06-16 00:00:00+00:00,43.84540536,-2.035714285850654,44.33537977284539,-1.0940560374319923,10.921517187153745,11.258067277929744
2021-06-17 00:00:00+00:00,44.0276283353,0.41560335411163774,44.1815040540727,-0.3392263416601773,26.58445997664807,64.0902154399776
2021-06-18 00:00:00+00:00,43.2124202881,-1.8515829219590163,43.69696217108635,-1.095404631809597,12.195084461988829,35.099856227394
2021-06-21 00:00:00+00:00,43.6056382873,0.9099652289281446,43.651300229193176,-0.09271970144072617,36.904753769640166,64.46658189877365
2021-06-22 00:00:00+00:00,43.8070426284,0.4618768329293088,43.72917142879659,0.18457856574429132,48.121400552464586,58.07111350094498
2021-06-23 00:00:00+00:00,43.464974938,-0.7808509086122073,43.597073183398294,-0.298136171433958,33.12096490499382,41.10628434620453
2021-06-24 00:00:00+00:00,43.7686798968,0.6987349221602379,43.682876540099144,0.20029937536313996,52.740407758169965,61.298151332962675
2021-06-25 00:00:00+00:00,44.2865767738,1.1832590752591132,43.984726656949576,0.6917792253111266,73.00033057896187,66.8765507074977
2021-06-28 00:00:00+00:00,44.1491103188,-0.31040207894624805,44.06691848787479,0.19068857318243926,62.35699627104702,40.12973448409088
2021-06-29 00:00:00+00:00,43.8933587746,-0.5792903692808715,43.980138631237395,-0.19430089804921613,44.32291618602778,36.21828949651
2021-06-30 00:00:00+00:00,45.0826034551,2.7093954841937995,44.5313710431687,1.2575472930722917,81.54688589116688,77.12429887057598
2021-07-01 00:00:00+00:00,44.5391314237,-1.2055027654764294,44.53525123343435,0.026022263797931156,55.91940217836255,35.95207787611506
2021-07-02 00:00:00+00:00,44.7916860736,0.5670399081146194,44.66346865351717,0.29653108595627525,63.84057561939901,52.99443964662604
2021-07-06 00:00:00+00:00,44.7373388705,-0.12133323807167473,44.700403762008584,0.08759892394230026,60.340601973927896,45.882468443424905
2021-07-07 00:00:00+00:00,44.6638103015,-0.16435615272700765,44.68210703175429,-0.0383786143923537,54.29927695788074,45.3123780687012
2021-07-08 00:00:00+00:00,44.6254475699,-0.08589220521275642,44.653777300827144,-0.06213540980255506,50.353800252018836,47.110135017159784
2021-07-09 00:00:00+00:00,44.8524270653,0.5086324233375406,44.753102183063575,0.22324850676749275,69.81759840928156,61.49606659801165
2021-07-12 00:00:00+00:00,44.7725047078,-0.17818959358349984,44.762803445431786,0.022529456591996455,57.84061603235866,41.796056244236304
2021-07-13 00:00:00+00:00,44.9419401058,0.37843627267624136,44.85237177561589,0.2004828646341189,72.72153059717978,58.10948498672152
2021-07-14 00:00:00+00:00,45.2520388532,0.6899985774311945,45.05220531440794,0.4452407210326567,86.14600855202016,66.08944207539862
2021-07-15 00:00:00+00:00,45.2872046905,0.07771105610088203,45.169705002453966,0.2614758885667694,87.21617296108151,42.32303892723497
2021-07-16 00:00:00+00:00,45.2552357475,-0.07059155719253418,45.21247037497699,0.09544216568711761,78.90471664528309,37.432418908830556
2021-07-19 00:00:00+00:00,45.1497382355,-0.2331166996645817,45.18110430523849,-0.06883726698873205,53.613906055813786,31.457011179279753
2021-07-20 00:00:00+00:00,45.3543394709,0.4531615096698971,45.26772188806925,0.19216212134058253,75.9959995054475,65.91752268434654
2021-07-21 00:00:00+00:00,45.1305568697,-0.4934094594048366,45.199139378884624,-0.15062366903212704,42.417240649344116,32.30987219433115
2021-07-22 00:00:00+00:00,45.1625258127,0.07083657995246018,45.18083259579231,-0.03989354453983343,47.39772578158366,53.50547215293091
2021-07-23 00:00:00+00:00,45.5333655518,0.8211226728947141,45.35709907379616,0.39061456417744034,79.00085354137823,71.38012837211905
2021-07-26 00:00:00+00:00,45.5973034379,0.14041985547337266,45.47720125584808,0.2655172098254065,81.82486501421151,46.86232349865856
2021-07-27 00:00:00+00:00,45.6005003322,0.0070111477191936444,45.53885079402404,0.13626417877230007,82.0063519211911,42.56431026554847
2021-07-28 00:00:00+00:00,45.4150804626,-0.4066180595590163,45.47696562831202,-0.13517694039335812,43.883369263204216,29.837395802622087
2021-07-29 00:00:00+00:00,45.4726245601,0.12670702531814015,45.474795094206016,-0.004234957537608983,53.86696858721163,55.545322822224
2021-07-30 00:00:00+00:00,45.5717282834,0.21794150713472238,45.523261688803004,0.10685327479855669,68.39328185369435,59.365749502727894
2021-08-02 00:00:00+00:00,45.4662307714,-0.23149772013020264,45.4947462301015,-0.06232222266582298,45.51086096586452,36.308550610683
2021-08-03 00:00:00+00:00,45.9777338599,1.125017578588805,45.73624004500075,0.5313476779614911,84.1289683342181,76.9099310702667
2021-08-04 00:00:00+00:00,45.6644382182,-0.681407314798621,45.70033913160037,-0.07502981841856499,50.95186445951475,33.8311720425477
2021-08-05 00:00:00+00:00,46.5116152084,1.8552226267449345,46.10597717000019,0.8900964041631848,81.13223118841185,69.64457327783254
2021-08-06 00:00:00+00:00,46.4284959565,-0.17870644037533134,46.267236563250094,0.35569498189392673,74.39524124445924,42.18399108985866
2021-08-09 00:00:00+00:00,46.5403872571,0.24099703919944204,46.40381191017505,0.2983460105466844,78.07194433303738,48.47265325939193
2021-08-10 00:00:00+00:00,47.5314244909,2.129413380952938,46.96761820053753,1.2138796957498112,92.45876983573748,70.28586710150859
2021-08-11 00:00:00+00:00,47.9566114332,0.8945386065200012,47.46211481686876,1.054209151134906,94.69759055566506,49.66359682550629
2021-08-12 00:00:00+00:00,47.8287356611,-0.2666488900662345,47.64542523898438,0.3937801305343358,83.51275639713639,35.12658631948687
2021-08-13 00:00:00+00:00,47.979544099,0.31530927133134323,47.81248466899219,0.3545447009328395,86.36221901113369,46.82716678423519
2021-08-16 00:00:00+00:00,48.3710042996,0.8158897879318561,48.0917444842961,0.5852172444323478,91.84795353635495,56.86507352385462
2021-08-17 00:00:00+00:00,48.3549608488,-0.033167495759722776,48.22335266654805,0.2760248743363125,89.63152719626899,38.41470152442583
2021-08-18 00:00:00+00:00,47.8415704217,-1.061712010697946,48.032461544124025,-0.3928435681808168,41.52855676701171,24.166694232250187
2021-08-19 00:00:00+00:00,48.1656481288,0.6773977196889991,48.09905483646202,0.14227707575409115,61.23004538332208,60.92479579669441
2021-08-20 00:00:00+00:00,48.5956126115,0.8926787023611382,48.34733372398101,0.5174778890576147,76.79207472111167,64.15132864189403
2021-08-23 00:00:00+00:00,48.2747435946,-0.6602839220594015,48.3110386592905,-0.07140301650089337,52.98483730828044,33.88024486020413
2021-08-24 00:00:00+00:00,47.7773966184,-1.030242605484566,48.044217638845254,-0.5508228109927297,30.790793469232657,28.991701228461842
2021-08-25 00:00:00+00:00,47.7966487594,0.0402955003048211,47.92043319912263,-0.2552636553439543,32.434117104130415,56.33715560008575
2021-08-26 00:00:00+00:00,47.2800496421,-1.0808270678148713,47.60024142061131,-0.6680453615794127,16.58433719958601,35.10216226473455
2021-08-27 00:00:00+00:00,47.0137283581,-0.5632846962217553,47.30698488935566,-0.615665028900584,12.036044423383059,48.534644272138756
2021-08-30 00:00:00+00:00,47.3923537981,0.805350805441396,47.349669343727825,0.09484288827040599,44.4970294718665,71.73833103225128
2021-08-31 00:00:00+00:00,47.5207014048,0.2708192280273414,47.43518537426391,0.18283105814887368,53.26617903589251,56.74914193713948
2021-09-01 00:00:00+00:00,47.4180233194,-0.2160702227969047,47.42660434683195,-0.016619582324015503,44.776806161358856,44.146278590925654
2021-09-02 00:00:00+00:00,47.6683011526,0.5278116118720755,47.54745274971597,0.25559601477403,65.10867828432049,62.98503177920998
2021-09-03 00:00:00+00:00,47.8897007743,0.46445880458638733,47.718576762007984,0.36002740968020863,76.56006354932249,60.38325673208357
2021-09-07 00:00:00+00:00,47.2543801208,-1.3266331658537855,47.48647844140399,-0.48330287808678846,31.732195509928577,21.943469710630442
2021-09-08 00:00:00+00:00,47.315345234,0.12901473481219394,47.400911837702,-0.17714407163729726,37.03859429574421,56.05068493401973
2021-09-09 00:00:00+00:00,46.9816414564,-0.7052760070747732,47.191276647051,-0.44121003935603526,22.609361419264715,40.74472031214959
2021-09-10 00:00:00+00:00,46.8115808774,-0.3619724082178366,47.0014287622255,-0.4015912237869359,17.421318530029577,49.291672233900776
2021-09-13 00:00:00+00:00,46.5452595934,-0.568921790309751,46.773344177812746,-0.48525650704834344,11.31971270770084,43.60454430325867
2021-09-14 00:00:00+00:00,46.3013991406,-0.5239211359658658,46.53737165920637,-0.5045888215071046,7.643034018230897,45.649885940449245
2021-09-15 00:00:00+00:00,46.3816163948,0.17325017318896574,46.45949402700319,-0.16566932415906943,20.400091618857928,70.50705998340139
2021-09-16 00:00:00+00:00,46.5356335229,0.33206502936209414,46.497563774951594,0.08319785260151236,43.05375485851891,74.49318094148025
2021-09-17 00:00:00+00:00,46.4393728178,-0.20685375445169685,46.4684682963758,-0.061827950925092245,33.986042337782955,44.13238063515616
2021-09-20 00:00:00+00:00,45.8008434742,-1.3749740895623197,46.1346558852879,-0.718401020243706,10.978798347979343,18.980763932571605
2021-09-21 00:00:00+00:00,45.8906867989,0.19616085182057041,46.01267134209395,-0.2611200842115678,22.107754738018897,62.31328682104739
2021-09-22 00:00:00+00:00,45.7848000233,-0.2307369599065079,45.89873568269698,-0.24592852205903784,18.106149385207097,51.16094463632559
2021-09-23 00:00:00+00:00,45.8104695447,0.05606559685078505,45.85460261369849,-0.0949314626041264,23.163515678053507,58.62352854884416
2021-09-24 00:00:00+00:00,45.9388171514,0.2801709041090783,45.896709882549246,0.09261972075247596,47.48605924493886,64.90826653407956
2021-09-27 00:00:00+00:00,45.6436176559,-0.64259272180891,45.770163769224624,-0.27498650052821705,22.69784541810347,33.49014046119362
2021-09-28 00:00:00+00:00,45.0820968763,-1.2302284710060007,45.42613032276231,-0.7526074857671089,9.117681632246665,22.90128334654113
2021-09-29 00:00:00+00:00,45.0628447353,-0.04270462630171501,45.244487529031154,-0.39765605603441195,8.845507048610925,60.63225756636997
2021-09-30 00:00:00+00:00,44.7227235773,-0.7547707207520404,44.983605553165575,-0.5762133883932262,4.938701500498237,42.100774339978265
2021-10-01 00:00:00+00:00,43.9750987679,-1.671688908006208,44.479352160532784,-1.123951148199717,2.010655092498916,26.472683013211537
2021-10-04 00:00:00+00:00,43.5515516656,-0.9631521342009397,44.01545191306639,-1.0435516412003283,1.337032740570368,48.59192593120761
2021-10-05 00:00:00+00:00,43.8371250907,0.6557135490664168,43.92628850188319,-0.19391904606695576,26.306764220823208,74.68836998143395
2021-10-06 00:00:00+00:00,44.1579941076,0.7319572536659491,44.04214130474159,0.2690191037994967,48.34131847215938,75.56466964830348
2021-10-07 00:00:00+00:00,44.677801915,1.1771544833612424,44.3599716098708,0.7230867935803695,70.08032776800597,81.25017902839157
2021-10-08 00:00:00+00:00,44.8125669021,0.301637460491877,44.5862692559854,0.5123621270361233,74.28813257726163,48.180685629903905
2021-10-11 00:00:00+00:00,44.7708539299,-0.09308320206501408,44.6785615929427,0.2096394624855546,69.73475805144669,37.7815073877315
2021-10-12 00:00:00+00:00,44.7227235773,-0.10750376277244289,44.70064258512135,0.05106784985655585,63.04648525007575,37.33985335602373
2021-10-13 00:00:00+00:00,44.3986458703,-0.7246376809763255,44.54964422771067,-0.3367849155598848,32.02454265948795,21.33221217334037
2021-10-14 00:00:00+00:00,44.8799493956,1.084050010682791,44.71479681165533,0.37363254756145314,67.57125327683052,72.728804909123
2021-10-15 00:00:00+00:00,45.0981403271,0.48616572531472446,44.906468569377665,0.4298991364380888,76.0778580623255,54.933065393706464
2021-10-18 00:00:00+00:00,45.4607223162,0.8039843471818742,45.18359544278883,0.6169417418099815,85.53559795482735,62.29032157186481
2021-10-19 00:00:00+00:00,46.4265380572,2.1245059290574186,45.80506674999441,1.3707238354337001,94.39292736165197,81.30829421306278
2021-10-20 00:00:00+00:00,46.8468764693,0.9053839241300432,46.325971609647205,1.1380538797818716,95.99425887381668,47.87346190923651
2021-10-21 00:00:00+00:00,47.106780373,0.554794520548918,46.7163759913236,0.8464242001653948,96.8331071549279,40.66097607163114
2021-10-22 00:00:00+00:00,47.5977099689,1.0421633404209096,47.1570429801118,0.9442937702931522,98.01240943326131,54.84616179742139
2021-10-25 00:00:00+00:00,48.149604678,1.1594984495275185,47.6533238290559,1.0518961099103352,98.77907833145308,58.43446781093254
2021-10-26 00:00:00+00:00,47.7292662658,-0.8729841397681515,47.69129504742795,0.08945598507109187,68.56460614578624,19.066118663892986
2021-10-27 00:00:00+00:00,47.3378060652,-0.8201680671561018,47.51455055631398,-0.36535604104250496,48.038079315078825,21.13712415262498
2021-10-28 00:00:00+00:00,47.6330055607,0.6236019791314718,47.57377805850699,0.1291229690444834,61.182971485957836,61.516002083458595
2021-10-29 00:00:00+00:00,47.9442485071,0.6534186594700175,47.759013282803494,0.39127081425725047,72.27513819872046,62.116871356728474
2021-11-01 00:00:00+00:00,48.0629700434,0.24762414678878297,47.91099166310175,0.31944748052301675,76.17113589361762,47.103161712481786
2021-11-02 00:00:00+00:00,48.0405092122,-0.04673209162837644,47.97575043765087,0.13635769444732015,73.25004693146639,37.29500417683746
2021-11-03 00:00:00+00:00,48.18810896,0.30724018171421896,48.081929698825434,0.22179893808076956,80.58800925695235,54.41623052146229
2021-11-04 00:00:00+00:00,48.5410648786,0.7324543880586232,48.311497288712715,0.47712666306969637,90.2155457406427,69.4478154277865
2021-11-05 00:00:00+00:00,48.2041524108,-0.694077207911703,48.25782484975636,-0.10847527242100333,52.75386521123488,26.113778720849723
2021-11-08 00:00:00+00:00,47.8961181546,-0.6390201689989272,48.07697150217818,-0.37374772070996526,33.61230415596201,28.68977412691257
2021-11-09 00:00:00+00:00,48.0629700434,0.34836202854984233,48.06997077278909,-0.012692846080061465,48.72796106088909,63.201859517827245
2021-11-10 00:00:00+00:00,47.6297968706,-0.9012617664053035,47.84988382169455,-0.4569773062426825,25.82752073694025,32.93881509865996
2021-11-11 00:00:00+00:00,47.6490490116,0.04042037183635827,47.74946641664727,-0.20827846720316212,28.080820938371065,56.48913397886929
2021-11-12 00:00:00+00:00,47.4116059391,-0.4983164982835131,47.58053617787364,-0.3532974827433376,17.977304342383235,43.4076857508894
2021-11-15 00:00:00+00:00,47.1388672747,-0.5752571738454337,47.359701726286815,-0.46427732829438567,11.097594948788716,41.35604883473004
2021-11-16 00:00:00+00:00,45.9388171514,-2.5457763257372035,46.64925943884341,-1.5050268270157945,3.147588877620072,14.687537248845237
2021-11-17 00:00:00+00:00,45.5441482606,-0.8591185304125282,46.096703849721706,-1.1820726787141613,2.3256944784611,53.32855527249536
2021-11-18 00:00:00+00:00,45.9356084613,0.859518106387891,46.016156155510856,-0.1612772861631352,29.65448495542997,72.42103637371126
2021-11-19 00:00:00+00:00,45.6885393183,-0.537859737306301,45.85234773690543,-0.3495685117347181,23.444356888705144,48.315431499745245
2021-11-22 00:00:00+00:00,46.4554162687,1.6784886578609326,46.15388200280272,0.6644600730631073,61.23782486569167,71.15650810261559
2021-11-23 00:00:00+00:00,46.7859113561,0.7114242298215778,46.46989667945136,0.6879421514423425,70.61538935309774,55.192430418722275
2021-11-24 00:00:00+00:00,47.0201457384,0.5006515327171446,46.74502120892568,0.5942968420797435,76.62680653375915,51.42088813103674
2021-11-26 00:00:00+00:00,46.4939205507,-1.1191483553192105,46.61947087981284,-0.2624257566197335,45.35749855104888,28.763219265256197
2021-11-29 00:00:00+00:00,45.7655478823,-1.5665976535700676,46.19250938105642,-0.9145117050949005,24.5540859274894,24.322463069417626
2021-11-30 00:00:00+00:00,45.1238098485,-1.4022295449197308,45.658159614778214,-1.1583706250073158,15.287531908467514,30.25571828858079
2021-12-01 00:00:00+00:00,44.0039769795,-2.4816895398676597,44.83106829713911,-1.8200300824374878,7.690572099084843,17.07109589220724
2021-12-02 00:00:00+00:00,43.4681257212,-1.2177337029097068,44.149597009169554,-1.5188818926735972,5.668650069520875,53.02488597094959
2021-12-03 00:00:00+00:00,44.1226985157,1.505868457955506,44.136147762434774,-0.006506717359045622,36.33735274051445,80.4379122949989
2021-12-06 00:00:00+00:00,44.6007933509,1.0835575594495328,44.36847055666739,0.5385254210452436,53.05786429504322,70.82498788410209
2021-12-07 00:00:00+00:00,44.4564022933,-0.32374100716996423,44.412436424983696,0.10739220693763968,47.41617821044984,44.338630799231254
2021-12-08 00:00:00+00:00,44.0071856696,-1.0104655359565728,44.20981104729185,-0.4515366645094666,31.690847505389062,34.81005480933121
2021-12-09 00:00:00+00:00,44.6168368018,1.3853445134555553,44.41332392454592,0.46690392447304435,59.22168192421846,69.31692937068206
2021-12-10 00:00:00+00:00,45.4318591636,1.8267148014561307,44.92259154407296,1.1468093629645875,77.44813912218234,73.23234056591464
2021-12-13 00:00:00+00:00,46.2501029576,1.801035240608373,45.58634725083648,1.4739223017864802,86.52088546582868,72.42576069184044
2021-12-14 00:00:00+00:00,46.6914391772,0.9542383505710239,46.13889321401824,1.214080326178752,89.83082589604534,46.883953816086425
2021-12-15 00:00:00+00:00,46.9588180548,0.5726507520688262,46.54885563440912,0.8933655391237891,91.68611506082345,37.85918528434728
2021-12-16 00:00:00+00:00,46.1760100156,-1.6670096727870787,46.36243282500456,-0.3868220668316448,50.902564690537034,14.04953581977402
2021-12-17 00:00:00+00:00,44.6973726083,-3.2021766428075082,45.52990271665228,-1.7944993548195765,22.520119128417715,8.532369370732553
2021-12-20 00:00:00+00:00,44.84233706,0.32432432431852565,45.18611988832614,-0.7350875152505254,28.39181936768334,61.129079713601
2021-12-21 00:00:00+00:00,44.9776372149,0.30172413788105423,45.08187855161307,-0.21668168868473558,35.26048547822882,60.79302947173769
2021-12-22 00:00:00+00:00,45.0356229956,0.12892135801387816,45.05875077360653,-0.04388016533542871,39.02065149483284,57.187356470251274
2021-12-23 00:00:00+00:00,44.9357585955,-0.2217453505856004,44.99725468455327,-0.13281275796051456,33.92970927520364,48.441792368350036
2021-12-27 00:00:00+00:00,45.3448804925,0.9104595310893027,45.17106758852664,0.3888233865643941,63.329858080584465,70.37981028598813
2021-12-28 00:00:00+00:00,45.9956098091,1.4350667804883255,45.58333869881332,0.9119450835263598,82.21322495316647,77.14020953300258
2021-12-29 00:00:00+00:00,45.9730597832,-0.049026474469182624,45.77819924100666,0.4314593045285886,80.06996711178869,39.18716957140613
2021-12-30 00:00:00+00:00,46.1212456672,0.3223320020438347,45.94972245410333,0.37689565328621166,84.14439476373043,48.66672804120594
2021-12-31 00:00:00+00:00,46.6109033707,1.0616749318378194,46.28031291240167,0.7192852925620155,92.12454679952401,64.97261558140367
2022-01-03 00:00:00+00:00,46.5980176417,-0.027645310577917304,46.43916527705083,0.3458199909920491,90.32994642198776,38.17393782165821
2022-01-04 00:00:00+00:00,45.7443380928,-1.8320082958551698,46.09175168492541,-0.7430941524315604,30.768003798110847,18.853112597228375
2022-01-05 00:00:00+00:00,46.3628530867,1.352112675988959,46.227302385812706,0.3045092617786993,59.6693835042713,65.31776513718042
2022-01-06 00:00:00+00:00,46.2339957963,-0.2779321845422955,46.23064909105635,0.013288538618201895,52.78349639917778,45.36915077883345
2022-01-07 00:00:00+00:00,46.6753320159,0.9545707914679458,46.45299055347817,0.48392966504307383,70.35760923041816,59.42409945696818
2022-01-10 00:00:00+00:00,46.5851319127,-0.19325005158885578,46.51906123308909,0.14533980672710903,63.151631973087376,43.713725505227764
2022-01-11 00:00:00+00:00,46.45305319,-0.2835211950188654,46.48605721154455,-0.06909069414587819,51.554175655378856,42.391608458715005
2022-01-12 00:00:00+00:00,46.2082243382,-0.5270457698412501,46.34714077487227,-0.29806823199356414,34.12778982463335,37.769136843409285
2022-01-13 00:00:00+00:00,46.862175087,1.4152258784360772,46.604657930936135,0.5585788232212565,72.02055426304956,72.99624359379345
2022-01-14 00:00:00+00:00,46.7300963644,-0.28184505383028746,46.66737714766806,0.13836688469548453,61.33197290044488,41.90581433294187
2022-01-18 00:00:00+00:00,45.9118525703,-1.7509995864749661,46.28961485898403,-0.8063163508897409,25.779176447772585,26.982459088045566
2022-01-19 00:00:00+00:00,46.3692959512,0.9963513892182085,46.32945540509202,0.09501751916423384,50.056909479914864,63.471479289790196
2022-01-20 00:00:00+00:00,45.4930663765,-1.8896762539206136,45.911260890796015,-0.8973293673781899,25.804651499531833,35.509887293119206
2022-01-21 00:00:00+00:00,45.1612588537,-0.7293584478433979,45.53625987224801,-0.8133439076107939,20.235775185108945,49.046869922697184
2022-01-24 00:00:00+00:00,45.164480286,0.007133176491902482,45.350370079124005,-0.4031053655594457,20.485676752933134,57.53385906902153
2022-01-25 00:00:00+00:00,44.1819434467,-2.1754636233566216,44.766156762912004,-1.2892844944580337,8.418717326497136,33.05740510300138
2022-01-26 00:00:00+00:00,43.7309429302,-1.0207801679074424,44.248549846556,-1.155032331182738,5.989535053135851,49.95329794158759
2022-01-27 00:00:00+00:00,43.7599358206,0.06629834267757317,44.004242833578004,-0.5443669942525824,8.53447387184639,63.10395930555985
2022-01-28 00:00:00+00:00,44.3011364403,1.2367491166320077,44.152689636939,0.34619106118971266,47.971310074533996,74.09678430250452
2022-01-31 00:00:00+00:00,45.0388444278,1.6652123326319934,44.5957670323695,1.005701696910853,72.34841479246407,77.73871320624833
2022-02-01 00:00:00+00:00,45.3932019764,0.7867820613560728,44.99448450438475,0.8962418791334629,79.3272860839357,54.27251486958197
2022-02-02 00:00:00+00:00,45.3738733829,-0.04258037031634743,45.18417894364238,0.4268307544085577,77.72233855771391,38.019337919269375
2022-02-03 00:00:00+00:00,45.4189734345,0.09939652103185814,45.30157618907119,0.2631136377202079,79.19554189685356,42.44526201460569
2022-02-04 00:00:00+00:00,44.8842156793,-1.1773884673355606,45.09289593418559,-0.45713741480767633,36.392424673620944,21.619894243063413
2022-02-07 00:00:00+00:00,44.4428794597,-0.9832771118322925,44.76788769694279,-0.7202072633199844,21.803875665439126,29.50726498770105
2022-02-08 00:00:00+00:00,44.4525437565,0.02174543350361713,44.61021572672139,-0.34923091490818364,22.820117727317037,60.431226332428515
2022-02-09 00:00:00+00:00,44.3559007887,-0.21740705847878017,44.483058257710695,-0.2833189866934819,19.097275658733608,52.249853189465945
2022-02-10 00:00:00+00:00,43.8372501948,-1.1692933401819872,44.160154226255344,-0.7263061634377346,8.255547721574063,28.894650061201677
2022-02-11 00:00:00+00:00,43.5956427753,-0.5511463844706688,43.877898500777675,-0.6387262739542017,5.910785015369569,50.46332110633542
2022-02-14 00:00:00+00:00,43.1510851234,-1.0197295500179449,43.514491812088835,-0.8292279119860733,3.3134012570494167,37.52167471845536
2022-02-15 00:00:00+00:00,43.2863852784,0.3135498322071717,43.40043854524441,-0.2578390398894508,19.46876620079856,70.17114083645876
2022-02-16 00:00:00+00:00,43.0157849685,-0.6251395402032456,43.208111756872206,-0.4414892900463482,12.968197417204454,45.217080563502975
2022-02-17 00:00:00+00:00,44.7392512276,4.006590279270905,43.9736814922361,1.7825504946122785,79.2282497797508,84.91683298762791
2022-02-18 00:00:00+00:00,44.4525437565,-0.6408410137251686,44.21311262436805,0.570854740443555,66.57964176498709,40.61654142306813
2022-02-22 00:00:00+00:00,43.9564431884,-1.1160229003260524,44.084777906384026,-0.2725840799412487,47.07382520985845,37.60751762670377
2022-02-23 00:00:00+00:00,43.505442672,-1.026016855974865,43.79511028919201,-0.6493004679580568,33.636074920503766,38.89372660986348
2022-02-24 00:00:00+00:00,43.3379281945,-0.3850425767712329,43.56651924184601,-0.5171715223646449,29.02056667210067,49.921561150173794
2022-02-25 00:00:00+00:00,43.9338931626,1.3751579573100914,43.750206202223005,0.42899321747272323,59.025295031886614,71.27526677630377
2022-02-28 00:00:00+00:00,43.5408784269,-0.8945593194881418,43.6455423145615,-0.2327830510077093,41.621208922510355,39.06024997619995
2022-03-01 00:00:00+00:00,43.8082573045,0.6140870080260319,43.72689980953075,0.1906519785091613,55.12431474009908,57.991029114855415
2022-03-02 00:00:00+00:00,43.8630216529,0.12500919180451486,43.794960731215376,0.15783058515683807,58.10171299192471,50.38054224056217
2022-03-03 00:00:00+00:00,44.8713299503,2.2987661574686236,44.33314534075769,1.228298371312731,85.20732520465526,73.53537507689894
2022-03-04 00:00:00+00:00,46.0084955381,2.5342809964838064,45.170820439428844,1.8812896838982687,92.93710676919477,75.40092534060611
2022-03-07 00:00:00+00:00,45.6380308282,-0.8052093544185013,45.40442563381443,0.5380401647398837,74.03285809233277,30.1685737584922
2022-03-08 00:00:00+00:00,44.694151176,-2.068186630911284,45.049288404907216,-0.7650732330857002,41.65288851801492,22.508596109801694
2022-03-09 00:00:00+00:00,44.9260942987,0.5189563211227322,44.987691351803605,-0.12305845598148402,49.75343683994239,56.469644374129764
2022-03-10 00:00:00+00:00,45.9472883252,2.2730532053607533,45.467489838501805,1.0749973746896346,73.78733620552876,69.88997219515561
2022-03-11 00:00:00+00:00,45.7668881186,-0.39262427267346967,45.6171889785509,0.3411865510080825,65.48704558730624,41.044753117596485
2022-03-14 00:00:00+00:00,46.4047317061,1.393679172258988,46.01096034232545,0.8674328616335353,78.38340586297608,58.33128787966973
2022-03-15 00:00:00+00:00,46.9620394871,1.2009718847846296,46.486499914712724,1.0342023732090824,85.48959459473042,55.68894813029949
2022-03-16 00:00:00+00:00,46.8235178999,-0.2949650158146411,46.65500890730636,0.36961867869722065,76.15565016689953,36.458416496605444
2022-03-17 00:00:00+00:00,46.8943894096,0.15135878908438816,46.77469915845318,0.2604887338908044,77.99912569674534,44.963882271908275
2022-03-18 00:00:00+00:00,47.0334459398,0.29653127367841314,46.904072549126596,0.2785100037846088,82.07730387967173,48.33782912604128
2022-03-21 00:00:00+00:00,46.6421473316,-0.831958195665361,46.7731099403633,-0.2767240959403761,46.04849652803545,28.188330037556995
2022-03-22 00:00:00+00:00,46.5030908013,-0.29813492357327886,46.63810037083165,-0.28742950975682746,37.3166874090555,44.58034032084846
2022-03-23 00:00:00+00:00,45.9048243342,-1.2865090401330326,46.271462352515826,-0.78696927494493,16.78117219173355,27.28385057685181
2022-03-24 00:00:00+00:00,46.1894051402,0.619936597356685,46.23043374635792,-0.08351633879412246,40.24422837063828,65.74127149900897
2022-03-25 00:00:00+00:00,46.3899052535,0.4340824756054129,46.31016949992896,0.17528306840564523,53.96190613181091,61.02200214665217
2022-03-28 00:00:00+00:00,47.2145428164,1.7776228651335435,46.76235615816448,0.9764529667695944,80.94648370111727,78.08262744230078
2022-03-29 00:00:00+00:00,47.6123091703,0.8424657535005098,47.187332664232244,0.909459360135052,86.62053472180435,53.59197741497285
2022-03-30 00:00:00+00:00,48.4660515883,1.7931128165750598,47.826692126266124,1.351286088355056,93.16940748824693,68.60650215236556
2022-03-31 00:00:00+00:00,48.1588336727,-0.633882698367294,47.99276289948306,0.35870169499388094,73.69810319305932,30.6420450134349
2022-04-01 00:00:00+00:00,48.834713087,1.4034380875862729,48.413737993241526,0.881069891290077,84.43362471195114,59.123699013450384
2022-04-04 00:00:00+00:00,48.8444147054,0.01986623405101362,48.62907634932076,0.4504680626705453,84.56923410989853,41.68589992265395
2022-04-05 00:00:00+00:00,48.9834712356,0.2846927965842294,48.80627379246038,0.36758042962738735,87.00349597815652,46.238432661794555
2022-04-06 00:00:00+00:00,50.1217944597,2.323892520039883,49.46403412608019,1.3457364748336351,95.57501023111753,71.7299459507208
2022-04-07 00:00:00+00:00,50.623044743,1.000064520241839,50.043539434540094,1.172900497537737,96.91772266928751,49.07200083723535
2022-04-08 00:00:00+00:00,50.9043916762,0.5557684936343232,50.47396555537004,0.8643344955860301,97.5449326553496,42.339213072115555
2022-04-11 00:00:00+00:00,49.895423364,-1.9820850008737678,50.18469445968502,-0.5588752526438688,46.56902328724657,19.46125211204504
2022-04-12 00:00:00+00:00,49.5526328476,-0.6870179533286169,49.868663653642514,-0.6229466029862429,36.775100650196144,43.02620769111324
2022-04-13 00:00:00+00:00,50.8429480931,2.6039287346615536,50.35580587337125,0.9904910658376553,71.09661844285141,73.06552700416437
2022-04-14 00:00:00+00:00,50.797673874,-0.08904719493664226,50.576739873685625,0.45072193545050654,69.12174428750268,44.35824007502089
2022-04-18 00:00:00+00:00,50.4096091385,-0.7639419404568804,50.493174506092814,-0.1566100025031869,50.9320281496864,38.64975112098046
2022-04-19 00:00:00+00:00,50.9820046233,1.1354888375098238,50.73758956469641,0.48943941750331843,68.98808982028986,60.24690387156929
2022-04-20 00:00:00+00:00,51.6223114368,1.2559467173390848,51.179950500748205,0.8726930674212017,80.82677166244935,61.53500182517585
2022-04-21 00:00:00+00:00,51.6999243839,0.15034767901669355,51.4399374423241,0.5115203732189476,82.07118251123451,42.55240152925164
2022-04-22 00:00:00+00:00,50.7265286725,-1.8827797583841788,51.08323305741205,-0.6856296925826155,36.95238431095019,22.98979324192673
2022-04-25 00:00:00+00:00,50.7523996548,0.051000892387143004,50.91781635610603,-0.31731440009773626,38.304564643284884,53.49339781510324
2022-04-26 00:00:00+00:00,50.2220445163,-1.0449853447468294,50.569930436203016,-0.6811498724222829,23.082070156131117,40.017865208094996
2022-04-27 00:00:00+00:00,49.879254,-0.6825499033372595,50.224592218101506,-0.6818498878797712,16.662256878974446,46.68053590052584
2022-04-28 00:00:00+00:00,50.5163269407,1.2772302903728106,50.37045957940075,0.2976902012465197,53.058484221014055,71.95095587404687
2022-04-29 00:00:00+00:00,49.4750199005,-2.0613276998986185,49.92273973995037,-0.8818187493260494,25.622606897075347,32.54122780918746
2022-05-02 00:00:00+00:00,49.1483987482,-0.6601738674524515,49.53556924407519,-0.7709963083892505,20.60874544022254,49.83784606971754
2022-05-03 00:00:00+00:00,49.3197940064,0.34873009612805816,49.4276816252376,-0.21113310613059616,31.204984410649544,60.71675599658381
2022-05-04 00:00:00+00:00,50.0021411662,1.38351583486227,49.7149113957188,0.586191364365837,61.71746875369163,70.5447313401729
2022-05-05 00:00:00+00:00,49.5752699572,-0.8537058594773717,49.645090676459404,-0.13375724755576734,43.57959068494032,38.94600911237347
2022-05-06 00:00:00+00:00,48.5431280267,-2.0819693597051048,49.094109351579704,-1.107863303630436,21.09483127998737,28.45111587204476
2022-05-09 00:00:00+00:00,49.1111306614,1.1700989569266573,49.10262000648985,0.03111782664811069,44.6628880345896,65.43905136530697
2022-05-10 00:00:00+00:00,48.4197903117,-1.4077060340282,48.76120515909493,-0.6882941036900446,28.902038766939167,40.527928922399525
2022-05-11 00:00:00+00:00,47.9134565345,-1.045716583943257,48.337330846797464,-0.8670053438166507,20.827654260843026,44.942701269813924
2022-05-12 00:00:00+00:00,47.8680163237,-0.09483809786773323,48.10267358524873,-0.480921720842192,20.072765674498516,57.40224922833775
2022-05-13 00:00:00+00:00,48.0530228962,0.3864930839183378,48.077848240724364,-0.047214318461927085,34.5583172389051,63.64850664194269
2022-05-16 00:00:00+00:00,48.1049545657,0.10807159751879958,48.09140140321218,0.030428639528436247,39.19806169446889,56.464617679548894
2022-05-17 00:00:00+00:00,42.6326548964,-11.375750624244185,45.36202814980609,-5.672660992357875,3.2112554613810422,7.073045982737334
2022-05-18 00:00:00+00:00,39.7374643241,-6.791016368404657,42.54974623695305,-6.231838680381266,1.857741861417829,39.017749803578525
2022-05-19 00:00:00+00:00,38.6468992654,-2.744425386092375,40.598322751176525,-4.488132033236821,1.5004155431872814,58.09118582824105
2022-05-20 00:00:00+00:00,38.6890937469,0.10917947442623532,39.64370824903826,-2.1894762794052927,2.5878128827412867,68.5095609959304
2022-05-23 00:00:00+00:00,39.7926417229,2.8523489932829493,39.71817498596913,0.33143635693882834,32.026589195004064,76.81907256493099
2022-05-24 00:00:00+00:00,40.2892383121,1.2479608482847127,40.00370664903456,0.7896986026117705,43.54323964926219,62.3786254812433
2022-05-25 00:00:00+00:00,40.0425628822,-0.6122613388446996,40.023134765617286,0.08871863188353546,38.662451758713594,47.009641611360465
2022-05-26 00:00:00+00:00,40.8961896989,2.1317986543749834,40.459662232258644,1.1102586431292594,61.22389227493765,65.70573572083207
2022-05-27 00:00:00+00:00,41.7011305755,1.9682539682215117,41.08039640387932,1.5392563056753854,74.49390977814615,63.696621977808626
2022-05-31 00:00:00+00:00,41.7498165156,0.11674968862500634,41.41510645973966,0.8280029971501959,75.2619836502976,41.92621854251423
2022-06-01 00:00:00+00:00,40.7176745851,-2.4722071056631822,41.06639052241983,-0.8221020542564932,38.44595784215273,24.420123692563543
2022-06-02 00:00:00+00:00,41.3862948294,1.642088481508397,41.22634267590992,0.40999321362595187,58.277699341807214,62.121547745839045
2022-06-03 00:00:00+00:00,40.6754801037,-1.7175123519273194,40.95091138980496,-0.6537595691506838,38.49827345338955,38.561069629844056
2022-06-06 00:00:00+00:00,40.5294222833,-0.35908075338663137,40.740166836552476,-0.5064201612686576,34.85238449103374,50.05084055166176
2022-06-07 00:00:00+00:00,40.0425628822,-1.2012492990816859,40.39136485937624,-0.8538347301751718,23.65257531729381,42.63607473128267
2022-06-08 00:00:00+00:00,39.6952698427,-0.8673097187152923,40.04331735103812,-0.8605722244452321,17.60068057919383,47.28134045772531
2022-06-09 00:00:00+00:00,39.279816487,-1.0466067048953587,39.66156691901906,-0.9535894646702954,12.062494785848656,44.386535543299914
2022-06-10 00:00:00+00:00,39.5005260822,0.5618905965944165,39.58104650060953,-0.19584943403793942,29.691768995969845,69.50828812938198
2022-06-13 00:00:00+00:00,38.757254063,-1.881676253256126,39.16915028180476,-1.0387628436470326,14.752253932937185,34.25142076743771
2022-06-14 00:00:00+00:00,38.7734827098,0.04187254023111375,38.971316495802384,-0.49844515170795944,16.13426264456923,58.87968497016685
2022-06-15 00:00:00+00:00,38.747516875,-0.06696802295098614,38.85941668540119,-0.2827065873294728,15.530020323486857,57.06542580526769
2022-06-16 00:00:00+00:00,39.1499873133,1.0386999497241867,39.0047019993506,0.37799668119735697,54.84658556672715,70.78337312434687
2022-06-17 00:00:00+00:00,38.3937323768,-1.9316862875280782,38.6992171880753,-0.7768448031653606,23.723661470473573,30.94298219348569
2022-06-21 00:00:00+00:00,39.6530753612,3.2800743934991328,39.17614627463765,1.2516147951668861,68.44718330605136,72.16948056062675
2022-06-22 00:00:00+00:00,39.1727074187,-1.2114267005127077,39.17442684666882,0.020094047327089193,51.25284745740739,40.733841148988986
2022-06-23 00:00:00+00:00,40.1237061157,2.427707349495134,39.64906648118441,1.2239006984111116,72.08034345902578,61.248214006826856
2022-06-24 00:00:00+00:00,40.1561634091,0.08089305934602109,39.902614945142204,0.6523968788785663,72.67796263829423,45.88468066444222
2022-06-27 00:00:00+00:00,40.2859925827,0.3233107014664949,40.094303763921104,0.4878537901725306,75.78756066038804,47.90926073174175
2022-06-28 00:00:00+00:00,39.717989948,-1.409925878167173,39.90614685596056,-0.46103604399732123,43.38411347092926,34.19072128476526
2022-06-29 00:00:00+00:00,39.5719321277,-0.3677371903543558,39.73903949183028,-0.4143866171758385,37.24231358358257,47.69846000171862
2022-06-30 00:00:00+00:00,39.4615773301,-0.2788713910755858,39.60030841096514,-0.3466290041257122,32.09316783793579,49.03639560851646
2022-07-01 00:00:00+00:00,39.8023789109,0.8636288862686969,39.70134366093257,0.2584999410714924,58.60530954699457,65.87240972355963
2022-07-05 00:00:00+00:00,40.3281870642,1.321047052180102,40.01476536256629,0.7897734966257972,78.25385950292896,71.5222174473681
2022-07-06 00:00:00+00:00,40.6138112462,0.7082494969220976,40.31428830438314,0.7490114967739474,84.31877514865937,53.66807680951208
2022-07-07 00:00:00+00:00,40.6754801037,0.15184208427561074,40.49488420404157,0.4504267905247791,85.61783464190155,40.051126358031894
2022-07-08 00:00:00+00:00,40.7014459384,0.06383657828696876,40.598165071220784,0.2571316844058739,86.33291147917217,37.77707460341523
2022-07-11 00:00:00+00:00,40.7176745851,0.039872408278962546,40.65791982816039,0.14850204634241823,86.94159272280744,36.92082417064939
2022-07-12 00:00:00+00:00,40.5943368702,-0.3029095255482228,40.62612834918019,-0.07720373960290229,57.664529253580405,24.840480975289815
2022-07-13 00:00:00+00:00,40.6917087504,0.23986567513429868,40.658918549790094,0.0813309677656982,69.73391339116804,57.70768134019861
2022-07-14 00:00:00+00:00,41.486912439,1.9542155220802604,41.07291549439505,1.0177732449229793,93.26273811879081,86.23210719427091
2022-07-15 00:00:00+00:00,41.8926286066,0.9779377248102961,41.48277205049752,0.9978554848666377,95.77587416330778,54.71128442882755
2022-07-18 00:00:00+00:00,41.7952567264,-0.2324320135515645,41.63901438844876,0.3827117356575366,84.43704765072339,32.57062529128536
2022-07-19 00:00:00+00:00,42.0516693443,0.613496932387636,41.84534186637438,0.4981043340225863,89.39591337361941,52.65618615816854
2022-07-20 00:00:00+00:00,42.4022081132,0.8335906145126915,42.123774989787194,0.6658474742676389,93.58649159985619,57.5867982734368
2022-07-21 00:00:00+00:00,43.0221424174,1.4620330680538585,42.5729587035936,1.0639402711607486,96.86892169194941,70.66968380760898
2022-07-22 00:00:00+00:00,42.9117876198,-0.25650697849803894,42.742373161696804,0.40371664633135484,85.22253809044611,31.196837058284512
2022-07-25 00:00:00+00:00,42.8501187623,-0.14371076322056142,42.7962459619984,0.1300029415553967,77.42016585761395,34.78317399282377
2022-07-26 00:00:00+00:00,39.5914065037,-7.604908347341732,41.193826232849204,-3.737452702893168,9.376564004176455,5.635755450319535
2022-07-27 00:00:00+00:00,41.08768773,3.7793080833341097,41.1407569814246,0.020927690220470918,43.54838094361372,67.65976908525403
2022-07-28 00:00:00+00:00,42.1133382018,2.4962477288570373,41.627047591612296,1.258587709538754,59.32025197536911,60.89336998880235
2022-07-29 00:00:00+00:00,42.8598559503,1.7726396917832066,42.24345177095615,1.5156137006609804,68.82843334763265,56.14357649203983
2022-08-01 00:00:00+00:00,43.018896688,0.3710715637598394,42.63117422947808,0.9433426322104099,70.99490494308174,45.7707943088377
2022-08-02 00:00:00+00:00,43.0643368988,0.10562848956718884,42.847755564139035,0.5244855608887994,71.83387167145314,43.488268262816696
2022-08-03 00:00:00+00:00,42.3567679024,-1.6430509497052492,42.602261733269515,-0.559282694408225,42.87051619842083,29.13230794742927
2022-08-04 00:00:00+00:00,40.7566233372,-3.7777777777735944,41.679442535234756,-2.1685302360909096,18.106145635534475,18.156828670680973
2022-08-05 00:00:00+00:00,41.0844420007,0.8043322450630885,41.381942267967375,-0.6820989955139105,30.451946661792338,63.017199567007935
2022-08-08 00:00:00+00:00,41.4187521228,0.8137146467616763,41.40034719538369,0.06580782562388288,43.48482029180205,63.07935648062069
2022-08-09 00:00:00+00:00,41.8277140198,0.9873834339274357,41.61403060759184,0.5265956297756593,57.94558801278381,64.7254341826293
2022-08-10 00:00:00+00:00,41.915348712,0.20951346315152275,41.76468965979592,0.36805454646359104,61.141513169346,49.80634695204478
2022-08-11 00:00:00+00:00,42.3178191503,0.9601982344590976,42.04125440504796,0.6641263904613444,74.49429085403173,62.36408931373128
2022-08-12 00:00:00+00:00,43.1001544296,1.8487136034146534,42.57070441732398,1.256419996937999,87.25941863661431,73.93964206452948
2022-08-15 00:00:00+00:00,43.2240241822,0.2873997883286572,42.89736429976199,0.7719098926333281,88.61293407225192,40.835021478143204
2022-08-16 00:00:00+00:00,45.4308616159,5.105580693730949,44.164112957830994,2.9387452931821385,97.03387058918364,80.74372768071211
2022-08-17 00:00:00+00:00,45.4797575709,0.10762717954460044,44.82193526436549,1.5231862363633695,97.10502266518303,39.39582402534748
2022-08-18 00:00:00+00:00,45.333069706,-0.3225344037318556,45.07750248518275,0.6003259163157569,87.64411597575605,36.952826475885814
2022-08-19 00:00:00+00:00,44.6648249883,-1.4740778024382561,44.87116373674137,-0.4368759430612496,52.61480297926831,29.585747357414995
2022-08-22 00:00:00+00:00,43.8661910573,-1.7880601372762595,44.36867739702069,-1.1124680401687546,30.652489392935387,27.355236655736597
2022-08-23 00:00:00+00:00,43.6803864285,-0.4235713754068393,44.024531912760345,-0.7680197077877969,26.755076894568568,51.292467329759965
2022-08-24 00:00:00+00:00,43.9965802705,0.7238805968843076,44.01055609163017,-0.02206955545174466,44.70256727731243,65.59346515204176
2022-08-25 00:00:00+00:00,44.2899560003,0.6668148478728764,44.15025604596509,0.3223726462105658,58.76484975375915,64.18756849390054
2022-08-26 00:00:00+00:00,42.8980511492,-3.1427099432895678,43.52415359758254,-1.4101686485395009,20.914342964027828,20.40132332935508
2022-08-29 00:00:00+00:00,43.3152966315,0.9726443768944382,43.419725114541265,-0.21876213582253135,38.675188721567416,62.19285783687064
2022-08-30 00:00:00+00:00,43.1849074182,-0.30102348001739276,43.30231626637063,-0.25989280791996205,34.99160104946065,50.004802851049114
2022-08-31 00:00:00+00:00,43.2077255305,0.052838164220281314,43.25502089843532,-0.10352732184984037,36.57727101995998,53.77962036113374
2022-09-01 00:00:00+00:00,43.8368534843,1.4560543191654673,43.545937191367656,0.6762634986578135,68.42714487057313,68.10423716285314
2022-09-02 00:00:00+00:00,43.3544133954,-1.1005353955725439,43.45017529338383,-0.21213594845736516,43.37306089164907,36.87313587343701
2022-09-06 00:00:00+00:00,43.1392711936,-0.4962406014766385,43.294723243491916,-0.35418827496700184,34.84004908095547,45.7014971254753
2022-09-07 00:00:00+00:00,44.247579506,2.5691400937817077,43.771151374745955,1.107475909407353,74.14520825481311,73.6941807550092
2022-09-08 00:00:00+00:00,44.4725008988,0.5083247384628065,44.12182613677298,0.8079003239350797,78.15625202149042,48.48686092820047
2022-09-09 00:00:00+00:00,44.6061498423,0.30052041328667567,44.36398798953649,0.5542103686108777,80.80977282970555,46.101702661831226
2022-09-12 00:00:00+00:00,45.007096673,0.8988599825752841,44.685542331268245,0.7265351755930809,87.59237670665486,55.546335901784474
2022-09-13 00:00:00+00:00,44.0780735288,-2.0641703484004736,44.38180793003412,-0.6688175864036964,39.306919160922014,24.133410476273063
2022-09-14 00:00:00+00:00,43.9802816189,-0.22186067146536814,44.18104477446706,-0.44533912893453226,36.15959649245805,50.33079644019593
2022-09-15 00:00:00+00:00,43.507620721,-1.0747109397700627,43.84433274773353,-0.7600250343522975,22.878424813393433,40.59662947436616
2022-09-16 00:00:00+00:00,43.4163482717,-0.20978497051195033,43.63034050971677,-0.4849050024321239,20.678475745520938,54.100790309353094
2022-09-19 00:00:00+00:00,43.7879575294,0.8559201141801864,43.70914901955838,0.18550755587403125,50.02588197059489,67.68006014463012
2022-09-20 00:00:00+00:00,43.5336985636,-0.5806595697670835,43.62142379157919,-0.19757600694652616,36.25808286997719,42.34735961782765
2022-09-21 00:00:00+00:00,43.9313856639,0.9135155372085091,43.776404727739596,0.35796976513099144,61.267437448113014,63.60223321474611
2022-09-22 00:00:00+00:00,43.4815428783,-1.0239667581659173,43.6289738030198,-0.33299849651746294,36.78148043411384,37.04095379189198
2022-09-23 00:00:00+00:00,42.3960526783,-2.496439013303098,43.0125132406599,-1.4147187549102804,15.033808218539864,25.094186880869774
2022-09-26 00:00:00+00:00,42.8035189696,0.9610948792611484,42.908016105129946,-0.226811937824566,36.25562200870363,64.93175615580184
2022-09-27 00:00:00+00:00,42.6861686777,-0.2741603838304574,42.79709239141498,-0.2504861608275117,32.72464392011608,50.530188903414356
2022-09-28 00:00:00+00:00,43.3902704291,1.6494845361182175,43.09368141025749,0.6994991876453529,64.1488865748686,67.41329917896152
2022-09-29 00:00:00+00:00,43.1099336206,-0.6460821878445544,43.101807515428746,0.026708499900399252,50.15699872875029,41.84828128165522
2022-09-30 00:00:00+00:00,42.2787023864,-1.928166351438787,42.69025495091437,-0.9507289257691939,25.459006991893784,31.75855953596166
2022-10-03 00:00:00+00:00,43.2012060699,2.18195836539381,42.94573051040719,0.6156147198123081,59.037196924394955,68.39788368380299
2022-10-04 00:00:00+00:00,43.7618796867,1.2978193615539757,43.35380509855359,0.9567170406831419,70.96221144029012,58.298131596970045
2022-10-05 00:00:00+00:00,43.3283355528,-0.9906890129122159,43.341070325676796,-0.016985986114537,53.04938693285954,37.05439241288695
2022-10-06 00:00:00+00:00,42.9241289918,-0.9328919651377499,43.1325996587384,-0.4749389756261434,39.208157506844636,37.91149330642604
2022-10-07 00:00:00+00:00,41.9070931287,-2.3693803158924776,42.5198463937192,-1.4221596457593104,19.754878201620365,25.14628193817606
2022-10-10 00:00:00+00:00,42.1548326338,0.5911636589518876,42.3373395137596,-0.4154979934037114,32.069749119284566,63.32355995989439
2022-10-11 00:00:00+00:00,43.2468422945,2.5904732446367706,42.7920909041298,1.0874876256165296,66.28254177415663,75.81737013572223
2022-10-12 00:00:00+00:00,42.7578827449,-1.1306248587360623,42.7749868245149,-0.021568616559766385,49.528540377518965,38.860357827163874
2022-10-13 00:00:00+00:00,43.1197128116,0.8462300831374892,42.94734981805745,0.4123307332888614,60.58674605674458,55.9652010566216
2022-10-14 00:00:00+00:00,42.5166627005,-1.3985485333236514,42.73200625927872,-0.493108900017395,39.14516087636627,37.903307253697996
2022-10-17 00:00:00+00:00,42.8230773516,0.7206930921612509,42.777541805439355,0.11379209607192795,52.07255344207937,57.38128253785143
2022-10-18 00:00:00+00:00,43.7260226531,2.108548374714747,43.25178222926968,1.1111702353933375,75.28220771558074,67.4200557488182
2022-10-19 00:00:00+00:00,43.6021529005,-0.2832861190754099,43.42696756488484,0.4139420581589638,68.46012252152121,41.90398515191472
2022-10-20 00:00:00+00:00,43.7097240014,0.246710526302385,43.56834578314242,0.3303262922306744,71.79014556786281,48.39549286352189
2022-10-21 00:00:00+00:00,44.593110921,2.0210306511468934,44.080728352071205,1.1756784716887838,87.7378866123686,66.94374529445092
2022-10-24 00:00:00+00:00,45.4439005373,1.9078947369409738,44.7623144446856,1.5417866043148787,93.25032443355218,64.7188680850543
2022-10-25 00:00:00+00:00,45.6590427391,0.4734237141977182,45.2106785918928,1.0076051592562985,94.23360499187933,39.653994048358285
2022-10-26 00:00:00+00:00,46.0078338844,0.7639037622690026,45.6092562381464,0.8857544607626505,95.742041614073,46.00580379000565
2022-10-27 00:00:00+00:00,45.8741849409,-0.2904917102504956,45.7417205895232,0.29763137525607747,83.22835366844062,29.245387198595868
2022-10-28 00:00:00+00:00,46.4544169397,1.2648333688053848,46.0980687646116,0.7812323720307311,90.93991496694127,60.82432733620208
2022-10-31 00:00:00+00:00,46.3957417938,-0.1263069257249949,46.2469052792058,0.3274627231528681,85.0108687555205,38.04367131204226
2022-11-01 00:00:00+00:00,46.1871190526,-0.44965924271066493,46.2170121659029,-0.061098259778898406,63.077569254782965,33.649617691950695
2022-11-02 00:00:00+00:00,45.8807044015,-0.66342014263987,46.04885828370145,-0.3622592012093842,40.217292528680005,30.191704298841273
2022-11-03 00:00:00+00:00,45.8709252106,-0.021314387012061342,45.95989174715072,-0.19178679411072277,39.53143521794281,52.28492882036394
2022-11-04 00:00:00+00:00,45.9524184688,0.17765775995546296,45.95615510797536,-0.007064517077629909,50.1566593761004,58.40394003066973
2022-11-07 00:00:00+00:00,46.4348585577,1.0498687663796469,46.19550683283768,0.5214021246510084,80.53258971879868,77.43306424436709
2022-11-08 00:00:00+00:00,46.545689389,0.2386802388173237,46.37059811091884,0.38004118173416607,83.91130583388133,47.267106474650475
2022-11-09 00:00:00+00:00,45.4634589192,-2.3250927937824573,45.91702851505942,-0.9725258060241456,23.689653967682485,16.6031001796073
2022-11-10 00:00:00+00:00,46.4055209848,2.0721302074139913,46.16127474992971,0.5498022006949228,60.605761934662446,68.7536704663935
2022-11-11 00:00:00+00:00,46.477235052,0.15453779136211931,46.31925490096485,0.35216999602852106,62.6679596789365,48.7942843544709
2022-11-14 00:00:00+00:00,45.1114080435,-2.9387010801565028,45.71533147223242,-1.293265542063991,25.11260147407049,28.661642145273152
2022-11-15 00:00:00+00:00,48.0614639926,6.539489847568758,46.88839773241621,2.6231121527523835,74.54165660808698,75.37018151692466
2022-11-16 00:00:00+00:00,48.4069954077,0.7189365166928807,47.6476965700581,1.6710243347226321,77.18712256393597,47.01470406414258
2022-11-17 00:00:00+00:00,48.2440088911,-0.3367003368568433,47.94585273057905,0.6671619989328944,71.90071498199403,42.64960644075592
2022-11-18 00:00:00+00:00,48.9709287548,1.506756756763017,48.458390742689524,1.0869593778479556,80.7299733513028,53.86886472318708
2022-11-21 00:00:00+00:00,49.2708239452,0.6123943286875155,48.86460734394476,0.8496768532677356,83.86700063718727,47.15561329762714
2022-11-22 00:00:00+00:00,49.4468493831,0.3572609991174147,49.155728363522385,0.6034689261925752,85.88944779187491,44.76829381454332
2022-11-23 00:00:00+00:00,49.6848096972,0.48124464363008546,49.4202690303612,0.5423567849113303,88.74939650045553,46.7339872796748
2022-11-25 00:00:00+00:00,49.8966921687,0.4264532213996475,49.6584805995306,0.4844050031554889,91.14617075956524,45.65684598574511
2022-11-28 00:00:00+00:00,50.0401203032,0.2874501861066747,49.849300451365295,0.38592759463108184,92.72076193840705,41.97525021582962
2022-11-29 00:00:00+00:00,49.8640948654,-0.3517686143307386,49.85669765838264,0.017079490150171628,69.85179345429259,26.97256584287277
2022-11-30 00:00:00+00:00,49.6848096972,-0.3595476237640449,49.77075367779132,-0.17123406680693665,50.73428415654704,26.797726307520957
2022-12-01 00:00:00+00:00,49.9944840786,0.6232777850761373,49.88261887819566,0.22602185913460032,71.17442552024475,67.15117089084332
2022-12-02 00:00:00+00:00,49.9455881237,-0.09780269924004603,49.91410350094783,0.06410957994727715,64.80625164707179,41.79516984292484
2022-12-05 00:00:00+00:00,49.4338104618,-1.0246704085904113,49.67395698137392,-0.48028041432156704,26.949573904644737,24.186525412477774
2022-12-06 00:00:00+00:00,48.8600979236,-1.1605670953553804,49.26702745248696,-0.8204237548384737,13.595325044972764,22.13549783999484
2022-12-07 00:00:00+00:00,48.6058389578,-0.5203816132287931,48.93643320514348,-0.6704026840336335,10.226562306416099,51.310947179958
2022-12-08 00:00:00+00:00,48.6808127554,0.15424854134311605,48.808622980271736,-0.2580770713452587,19.09377746209309,69.42185880041887
2022-12-09 00:00:00+00:00,47.5454288311,-2.332302728807778,48.177025905685866,-1.2951899000765184,5.886427550728627,22.712748140841576
2022-12-12 00:00:00+00:00,48.432140772,1.8649783222062233,48.30458333884293,0.28489421106485247,48.01265354754435,71.41319188395073
2022-12-13 00:00:00+00:00,48.2587247836,-0.3580597215728565,48.28165406122147,-0.03658275525400201,42.43986997877348,47.58960107963442
2022-12-14 00:00:00+00:00,47.9904208014,-0.5559698964345272,48.13603743131073,-0.2962763258442646,33.43386317986376,45.559936051920545
2022-12-15 00:00:00+00:00,47.56178883,-0.8931615189910924,47.84891313065536,-0.5947189224176785,22.16337336950975,41.08213101753765
2022-12-16 00:00:00+00:00,46.7077968869,-1.7955421024058227,47.27835500877768,-1.1951305124117506,11.040647359274484,29.45936143518188
2022-12-19 00:00:00+00:00,46.7241568858,0.03502626968172606,47.00125594728884,-0.5800521213650123,12.305294901277279,62.09292136093771
2022-12-20 00:00:00+00:00,47.1331568586,0.875350140184783,47.06720640294442,0.14764900940988535,42.79911833288434,71.25092715771616
2022-12-21 00:00:00+00:00,47.5028928339,0.7844498436826663,47.28504961842221,0.46604942654627585,61.12797468576248,68.56322170311965
2022-12-22 00:00:00+00:00,46.946652871,-1.1709601872984199,47.1158512447111,-0.35245538037607205,35.47571804343949,30.923609860848003
2022-12-23 00:00:00+00:00,47.0415408647,0.20211876224858205,47.07869605470555,-0.075168309063745,41.732516516030145,56.231816499358814
2022-12-27 00:00:00+00:00,47.0546288638,0.027822215980632947,47.066662459252775,-0.023673046541556025,42.87850900955717,52.56481245622666
2022-12-28 00:00:00+00:00,46.2300849188,-1.7523120783433321,46.648373689026386,-0.8879925624424441,14.999797076810339,26.294978121683553
2022-12-29 00:00:00+00:00,46.5114769,0.6086771886623987,46.57992529451319,-0.13965768689002267,36.22576326036357,63.041195267331894
2022-12-30 00:00:00+00:00,46.3936849079,-0.25325360524081075,46.4868051012066,-0.1964556460654167,31.31552553815814,49.521204372497344
